row_id,ligand,fold,reference_group,y_true,y_pred,y_std
reaction:1,XPhos,1,XPhos,10.65781182,37.39902114868164,20.433700561523438
reaction:2,XPhos,1,XPhos,14.7478961,37.39902114868164,20.433700561523438
reaction:3,XPhos,1,XPhos,18.27868619,37.39902114868164,20.433700561523438
reaction:4,XPhos,1,XPhos,2.475057616,37.39902114868164,20.433700561523438
reaction:5,XPhos,1,XPhos,6.119058475,37.39902114868164,20.433700561523438
reaction:6,XPhos,1,XPhos,5.449924218,37.39902114868164,20.433700561523438
reaction:7,XPhos,1,XPhos,7.802080337,37.39902114868164,20.433700561523438
reaction:8,XPhos,1,XPhos,14.23417841,37.39902114868164,20.433700561523438
reaction:9,XPhos,1,XPhos,15.41389344,37.39902114868164,20.433700561523438
reaction:10,XPhos,1,XPhos,9.46569581,37.39902114868164,20.433700561523438
reaction:11,XPhos,1,XPhos,15.23875818,37.39902114868164,20.433700561523438
reaction:12,XPhos,1,XPhos,19.59428889,37.39902114868164,20.433700561523438
reaction:13,XPhos,1,XPhos,7.787908452000001,37.39902114868164,20.433700561523438
reaction:14,XPhos,1,XPhos,9.677591971,37.39902114868164,20.433700561523438
reaction:15,XPhos,1,XPhos,13.17521743,37.39902114868164,20.433700561523438
reaction:16,XPhos,1,XPhos,14.01864146,37.39902114868164,20.433700561523438
reaction:17,XPhos,1,XPhos,30.5912617,37.39902114868164,20.433700561523438
reaction:18,XPhos,1,XPhos,38.15573638,37.39902114868164,20.433700561523438
reaction:19,XPhos,1,XPhos,0.456472494,37.39902114868164,20.433700561523438
reaction:20,XPhos,1,XPhos,3.867385769,37.39902114868164,20.433700561523438
reaction:21,XPhos,1,XPhos,7.024622197,37.39902114868164,20.433700561523438
reaction:22,XPhos,1,XPhos,2.84616447,37.39902114868164,20.433700561523438
reaction:23,XPhos,1,XPhos,18.8690087,37.39902114868164,20.433700561523438
reaction:24,XPhos,1,XPhos,25.0736586,37.39902114868164,20.433700561523438
reaction:25,XPhos,1,XPhos,21.66658644,37.39902114868164,20.433700561523438
reaction:26,XPhos,1,XPhos,48.48749388,37.39902114868164,20.433700561523438
reaction:27,XPhos,1,XPhos,58.61075678,37.39902114868164,20.433700561523438
reaction:28,XPhos,1,XPhos,4.169292721000001,37.39902114868164,20.433700561523438
reaction:29,XPhos,1,XPhos,11.38334579,37.39902114868164,20.433700561523438
reaction:30,XPhos,1,XPhos,24.41818234,37.39902114868164,20.433700561523438
reaction:31,XPhos,1,XPhos,14.96739578,37.39902114868164,20.433700561523438
reaction:32,XPhos,1,XPhos,30.28625472,37.39902114868164,20.433700561523438
reaction:33,XPhos,1,XPhos,39.57783871,37.39902114868164,20.433700561523438
reaction:34,XPhos,1,XPhos,0.339837285,37.39902114868164,20.433700561523438
reaction:35,XPhos,1,XPhos,3.12306153,37.39902114868164,20.433700561523438
reaction:36,XPhos,1,XPhos,5.140109821,37.39902114868164,20.433700561523438
reaction:37,XPhos,1,XPhos,3.920306162,37.39902114868164,20.433700561523438
reaction:38,XPhos,1,XPhos,15.39753007,37.39902114868164,20.433700561523438
reaction:39,XPhos,1,XPhos,22.45064906,37.39902114868164,20.433700561523438
reaction:40,XPhos,1,XPhos,23.68617418,37.39902114868164,20.433700561523438
reaction:41,XPhos,1,XPhos,42.69485888,37.39902114868164,20.433700561523438
reaction:42,XPhos,1,XPhos,54.83360857,37.39902114868164,20.433700561523438
reaction:43,XPhos,1,XPhos,6.351542297000001,37.39902114868164,20.433700561523438
reaction:44,XPhos,1,XPhos,14.16472216,37.39902114868164,20.433700561523438
reaction:45,XPhos,1,XPhos,17.378304,37.39902114868164,20.433700561523438
reaction:46,XPhos,1,XPhos,3.606676847,37.39902114868164,20.433700561523438
reaction:47,XPhos,1,XPhos,35.07866175,37.39902114868164,20.433700561523438
reaction:48,XPhos,1,XPhos,43.31814591,37.39902114868164,20.433700561523438
reaction:49,XPhos,1,XPhos,0.0,37.39902114868164,20.433700561523438
reaction:50,XPhos,1,XPhos,29.29817829,37.39902114868164,20.433700561523438
reaction:51,XPhos,1,XPhos,37.56535564,37.39902114868164,20.433700561523438
reaction:52,XPhos,1,XPhos,0.960810012,37.39902114868164,20.433700561523438
reaction:53,XPhos,1,XPhos,59.0196812,37.39902114868164,20.433700561523438
reaction:54,XPhos,1,XPhos,70.96873006,37.39902114868164,20.433700561523438
reaction:55,XPhos,1,XPhos,35.13952712,37.39902114868164,20.433700561523438
reaction:56,XPhos,1,XPhos,37.65445791,37.39902114868164,20.433700561523438
reaction:57,XPhos,1,XPhos,51.10248957,37.39902114868164,20.433700561523438
reaction:58,XPhos,1,XPhos,3.963450153,37.39902114868164,20.433700561523438
reaction:59,XPhos,1,XPhos,31.93031022,37.39902114868164,20.433700561523438
reaction:60,XPhos,1,XPhos,48.70823186,37.39902114868164,20.433700561523438
reaction:61,XPhos,1,XPhos,5.008760546,37.39902114868164,20.433700561523438
reaction:62,XPhos,1,XPhos,35.08872433,37.39902114868164,20.433700561523438
reaction:63,XPhos,1,XPhos,41.2456065,37.39902114868164,20.433700561523438
reaction:64,XPhos,1,XPhos,0.0,37.39902114868164,20.433700561523438
reaction:65,XPhos,1,XPhos,13.9769471,37.39902114868164,20.433700561523438
reaction:66,XPhos,1,XPhos,18.89524916,37.39902114868164,20.433700561523438
reaction:67,XPhos,1,XPhos,0.705195152,37.39902114868164,20.433700561523438
reaction:68,XPhos,1,XPhos,32.63234102,37.39902114868164,20.433700561523438
reaction:69,XPhos,1,XPhos,31.81837229,37.39902114868164,20.433700561523438
reaction:70,XPhos,1,XPhos,30.4254394,37.39902114868164,20.433700561523438
reaction:71,XPhos,1,XPhos,53.63578043,37.39902114868164,20.433700561523438
reaction:72,XPhos,1,XPhos,59.4767437,37.39902114868164,20.433700561523438
reaction:73,XPhos,1,XPhos,2.014671714,37.39902114868164,20.433700561523438
reaction:74,XPhos,1,XPhos,26.51352578,37.39902114868164,20.433700561523438
reaction:75,XPhos,1,XPhos,36.85037948,37.39902114868164,20.433700561523438
reaction:76,XPhos,1,XPhos,4.820162197,37.39902114868164,20.433700561523438
reaction:77,XPhos,1,XPhos,34.80628557,37.39902114868164,20.433700561523438
reaction:78,XPhos,1,XPhos,46.63249784,37.39902114868164,20.433700561523438
reaction:79,XPhos,1,XPhos,0.0,37.39902114868164,20.433700561523438
reaction:80,XPhos,1,XPhos,11.74218494,37.39902114868164,20.433700561523438
reaction:81,XPhos,1,XPhos,26.65189435,37.39902114868164,20.433700561523438
reaction:82,XPhos,1,XPhos,0.5468298979999999,37.39902114868164,20.433700561523438
reaction:83,XPhos,1,XPhos,35.87055638,37.39902114868164,20.433700561523438
reaction:84,XPhos,1,XPhos,68.84449525,37.39902114868164,20.433700561523438
reaction:85,XPhos,1,XPhos,33.8754215,37.39902114868164,20.433700561523438
reaction:86,XPhos,1,XPhos,63.0697188,37.39902114868164,20.433700561523438
reaction:87,XPhos,1,XPhos,70.62989218,37.39902114868164,20.433700561523438
reaction:88,XPhos,1,XPhos,2.481415648,37.39902114868164,20.433700561523438
reaction:89,XPhos,1,XPhos,31.6780045,37.39902114868164,20.433700561523438
reaction:90,XPhos,1,XPhos,46.01420049,37.39902114868164,20.433700561523438
reaction:91,XPhos,1,XPhos,22.16644806,37.39902114868164,20.433700561523438
reaction:92,XPhos,1,XPhos,23.21156884,37.39902114868164,20.433700561523438
reaction:93,XPhos,1,XPhos,34.74876407,37.39902114868164,20.433700561523438
reaction:94,XPhos,1,XPhos,0.948128865,37.39902114868164,20.433700561523438
reaction:95,XPhos,1,XPhos,16.64966496,37.39902114868164,20.433700561523438
reaction:96,XPhos,1,XPhos,19.99982627,37.39902114868164,20.433700561523438
reaction:97,XPhos,1,XPhos,4.9923792360000006,37.39902114868164,20.433700561523438
reaction:98,XPhos,1,XPhos,53.99699311,37.39902114868164,20.433700561523438
reaction:99,XPhos,1,XPhos,57.37548977,37.39902114868164,20.433700561523438
reaction:100,XPhos,1,XPhos,22.61165831,37.39902114868164,20.433700561523438
reaction:101,XPhos,1,XPhos,28.75149591,37.39902114868164,20.433700561523438
reaction:102,XPhos,1,XPhos,26.98890626,37.39902114868164,20.433700561523438
reaction:103,XPhos,1,XPhos,20.85782482,37.39902114868164,20.433700561523438
reaction:104,XPhos,1,XPhos,20.73475671,37.39902114868164,20.433700561523438
reaction:105,XPhos,1,XPhos,30.87112941,37.39902114868164,20.433700561523438
reaction:106,XPhos,1,XPhos,20.36096013,37.39902114868164,20.433700561523438
reaction:107,XPhos,1,XPhos,38.91690391,37.39902114868164,20.433700561523438
reaction:108,XPhos,1,XPhos,41.70005044,37.39902114868164,20.433700561523438
reaction:109,XPhos,1,XPhos,0.940121626,37.39902114868164,20.433700561523438
reaction:110,XPhos,1,XPhos,14.90450687,37.39902114868164,20.433700561523438
reaction:111,XPhos,1,XPhos,19.596159,37.39902114868164,20.433700561523438
reaction:112,XPhos,1,XPhos,4.179760101,37.39902114868164,20.433700561523438
reaction:113,XPhos,1,XPhos,39.00815943,37.39902114868164,20.433700561523438
reaction:114,XPhos,1,XPhos,37.1696242,37.39902114868164,20.433700561523438
reaction:115,XPhos,1,XPhos,31.61725517,37.39902114868164,20.433700561523438
reaction:116,XPhos,1,XPhos,51.21654271,37.39902114868164,20.433700561523438
reaction:117,XPhos,1,XPhos,57.55128922,37.39902114868164,20.433700561523438
reaction:118,XPhos,1,XPhos,16.17382734,37.39902114868164,20.433700561523438
reaction:119,XPhos,1,XPhos,26.58751317,37.39902114868164,20.433700561523438
reaction:120,XPhos,1,XPhos,40.41327646,37.39902114868164,20.433700561523438
reaction:121,XPhos,1,XPhos,16.96531636,37.39902114868164,20.433700561523438
reaction:122,XPhos,1,XPhos,34.37725511,37.39902114868164,20.433700561523438
reaction:123,XPhos,1,XPhos,43.5835106,37.39902114868164,20.433700561523438
reaction:124,XPhos,1,XPhos,0.828206999,37.39902114868164,20.433700561523438
reaction:125,XPhos,1,XPhos,13.33632103,37.39902114868164,20.433700561523438
reaction:126,XPhos,1,XPhos,26.96354436,37.39902114868164,20.433700561523438
reaction:127,XPhos,1,XPhos,4.206951598,37.39902114868164,20.433700561523438
reaction:128,XPhos,1,XPhos,39.80435813,37.39902114868164,20.433700561523438
reaction:129,XPhos,1,XPhos,66.76359549,37.39902114868164,20.433700561523438
reaction:130,XPhos,1,XPhos,38.14302674,37.39902114868164,20.433700561523438
reaction:131,XPhos,1,XPhos,56.51667394,37.39902114868164,20.433700561523438
reaction:132,XPhos,1,XPhos,67.97172842,37.39902114868164,20.433700561523438
reaction:133,XPhos,1,XPhos,13.29271578,37.39902114868164,20.433700561523438
reaction:134,XPhos,1,XPhos,32.5166032,37.39902114868164,20.433700561523438
reaction:135,XPhos,1,XPhos,47.33481015,37.39902114868164,20.433700561523438
reaction:136,t-BuXPhos,3,t-BuXPhos,15.4176361,30.424705505371094,18.47719383239746
reaction:137,t-BuXPhos,3,t-BuXPhos,18.97417112,30.424705505371094,18.47719383239746
reaction:138,t-BuXPhos,3,t-BuXPhos,16.81589184,30.424705505371094,18.47719383239746
reaction:139,t-BuXPhos,3,t-BuXPhos,2.663355036,30.424705505371094,18.47719383239746
reaction:140,t-BuXPhos,3,t-BuXPhos,16.04854773,30.424705505371094,18.47719383239746
reaction:141,t-BuXPhos,3,t-BuXPhos,21.9766332,30.424705505371094,18.47719383239746
reaction:142,t-BuXPhos,3,t-BuXPhos,7.641917877999999,30.424705505371094,18.47719383239746
reaction:143,t-BuXPhos,3,t-BuXPhos,28.39231834,30.424705505371094,18.47719383239746
reaction:144,t-BuXPhos,3,t-BuXPhos,26.6748995,30.424705505371094,18.47719383239746
reaction:145,t-BuXPhos,3,t-BuXPhos,29.97543001,30.424705505371094,18.47719383239746
reaction:146,t-BuXPhos,3,t-BuXPhos,36.30636065,30.424705505371094,18.47719383239746
reaction:147,t-BuXPhos,3,t-BuXPhos,36.58798902,30.424705505371094,18.47719383239746
reaction:148,t-BuXPhos,3,t-BuXPhos,10.54082024,30.424705505371094,18.47719383239746
reaction:149,t-BuXPhos,3,t-BuXPhos,26.25688388,30.424705505371094,18.47719383239746
reaction:150,t-BuXPhos,3,t-BuXPhos,28.58964812,30.424705505371094,18.47719383239746
reaction:151,t-BuXPhos,3,t-BuXPhos,16.88486051,30.424705505371094,18.47719383239746
reaction:152,t-BuXPhos,3,t-BuXPhos,41.29698409,30.424705505371094,18.47719383239746
reaction:153,t-BuXPhos,3,t-BuXPhos,43.73298112,30.424705505371094,18.47719383239746
reaction:154,t-BuXPhos,3,t-BuXPhos,0.655700656,30.424705505371094,18.47719383239746
reaction:155,t-BuXPhos,3,t-BuXPhos,33.62905648,30.424705505371094,18.47719383239746
reaction:156,t-BuXPhos,3,t-BuXPhos,41.48980841,30.424705505371094,18.47719383239746
reaction:157,t-BuXPhos,3,t-BuXPhos,2.599454304,30.424705505371094,18.47719383239746
reaction:158,t-BuXPhos,3,t-BuXPhos,66.02401389,30.424705505371094,18.47719383239746
reaction:159,t-BuXPhos,3,t-BuXPhos,72.39052533,30.424705505371094,18.47719383239746
reaction:160,t-BuXPhos,3,t-BuXPhos,68.84655406,30.424705505371094,18.47719383239746
reaction:161,t-BuXPhos,3,t-BuXPhos,82.1847816,30.424705505371094,18.47719383239746
reaction:162,t-BuXPhos,3,t-BuXPhos,80.58917239,30.424705505371094,18.47719383239746
reaction:163,t-BuXPhos,3,t-BuXPhos,15.19452071,30.424705505371094,18.47719383239746
reaction:164,t-BuXPhos,3,t-BuXPhos,83.87445444,30.424705505371094,18.47719383239746
reaction:165,t-BuXPhos,3,t-BuXPhos,86.003404,30.424705505371094,18.47719383239746
reaction:166,t-BuXPhos,3,t-BuXPhos,30.01215681,30.424705505371094,18.47719383239746
reaction:167,t-BuXPhos,3,t-BuXPhos,51.39708789,30.424705505371094,18.47719383239746
reaction:168,t-BuXPhos,3,t-BuXPhos,50.13634297,30.424705505371094,18.47719383239746
reaction:169,t-BuXPhos,3,t-BuXPhos,2.942173839,30.424705505371094,18.47719383239746
reaction:170,t-BuXPhos,3,t-BuXPhos,34.96324083,30.424705505371094,18.47719383239746
reaction:171,t-BuXPhos,3,t-BuXPhos,51.01008234,30.424705505371094,18.47719383239746
reaction:172,t-BuXPhos,3,t-BuXPhos,15.31942872,30.424705505371094,18.47719383239746
reaction:173,t-BuXPhos,3,t-BuXPhos,81.56943098,30.424705505371094,18.47719383239746
reaction:174,t-BuXPhos,3,t-BuXPhos,77.57371189,30.424705505371094,18.47719383239746
reaction:175,t-BuXPhos,3,t-BuXPhos,86.68959994,30.424705505371094,18.47719383239746
reaction:176,t-BuXPhos,3,t-BuXPhos,92.91423383,30.424705505371094,18.47719383239746
reaction:177,t-BuXPhos,3,t-BuXPhos,97.56849953,30.424705505371094,18.47719383239746
reaction:178,t-BuXPhos,3,t-BuXPhos,35.55504656,30.424705505371094,18.47719383239746
reaction:179,t-BuXPhos,3,t-BuXPhos,98.73132029,30.424705505371094,18.47719383239746
reaction:180,t-BuXPhos,3,t-BuXPhos,98.28722602,30.424705505371094,18.47719383239746
reaction:181,t-BuXPhos,3,t-BuXPhos,5.980979595,30.424705505371094,18.47719383239746
reaction:182,t-BuXPhos,3,t-BuXPhos,50.58289676,30.424705505371094,18.47719383239746
reaction:183,t-BuXPhos,3,t-BuXPhos,45.08048043,30.424705505371094,18.47719383239746
reaction:184,t-BuXPhos,3,t-BuXPhos,0.0,30.424705505371094,18.47719383239746
reaction:185,t-BuXPhos,3,t-BuXPhos,42.11946098,30.424705505371094,18.47719383239746
reaction:186,t-BuXPhos,3,t-BuXPhos,49.11143206,30.424705505371094,18.47719383239746
reaction:187,t-BuXPhos,3,t-BuXPhos,0.705225291,30.424705505371094,18.47719383239746
reaction:188,t-BuXPhos,3,t-BuXPhos,70.86219062,30.424705505371094,18.47719383239746
reaction:189,t-BuXPhos,3,t-BuXPhos,66.44951759,30.424705505371094,18.47719383239746
reaction:190,t-BuXPhos,3,t-BuXPhos,65.93988128,30.424705505371094,18.47719383239746
reaction:191,t-BuXPhos,3,t-BuXPhos,66.07082051,30.424705505371094,18.47719383239746
reaction:192,t-BuXPhos,3,t-BuXPhos,66.20793624,30.424705505371094,18.47719383239746
reaction:193,t-BuXPhos,3,t-BuXPhos,6.110691586000001,30.424705505371094,18.47719383239746
reaction:194,t-BuXPhos,3,t-BuXPhos,67.81850094,30.424705505371094,18.47719383239746
reaction:195,t-BuXPhos,3,t-BuXPhos,72.63064909,30.424705505371094,18.47719383239746
reaction:196,t-BuXPhos,3,t-BuXPhos,7.837919121,30.424705505371094,18.47719383239746
reaction:197,t-BuXPhos,3,t-BuXPhos,46.74711139,30.424705505371094,18.47719383239746
reaction:198,t-BuXPhos,3,t-BuXPhos,46.25838016,30.424705505371094,18.47719383239746
reaction:199,t-BuXPhos,3,t-BuXPhos,0.0,30.424705505371094,18.47719383239746
reaction:200,t-BuXPhos,3,t-BuXPhos,37.03037628,30.424705505371094,18.47719383239746
reaction:201,t-BuXPhos,3,t-BuXPhos,43.69560153,30.424705505371094,18.47719383239746
reaction:202,t-BuXPhos,3,t-BuXPhos,0.595872872,30.424705505371094,18.47719383239746
reaction:203,t-BuXPhos,3,t-BuXPhos,70.54955286,30.424705505371094,18.47719383239746
reaction:204,t-BuXPhos,3,t-BuXPhos,80.90409924,30.424705505371094,18.47719383239746
reaction:205,t-BuXPhos,3,t-BuXPhos,70.2055639,30.424705505371094,18.47719383239746
reaction:206,t-BuXPhos,3,t-BuXPhos,83.08846167,30.424705505371094,18.47719383239746
reaction:207,t-BuXPhos,3,t-BuXPhos,85.14465222,30.424705505371094,18.47719383239746
reaction:208,t-BuXPhos,3,t-BuXPhos,3.149733367,30.424705505371094,18.47719383239746
reaction:209,t-BuXPhos,3,t-BuXPhos,78.08461533,30.424705505371094,18.47719383239746
reaction:210,t-BuXPhos,3,t-BuXPhos,82.13737482,30.424705505371094,18.47719383239746
reaction:211,t-BuXPhos,3,t-BuXPhos,7.782359233999999,30.424705505371094,18.47719383239746
reaction:212,t-BuXPhos,3,t-BuXPhos,53.59986981,30.424705505371094,18.47719383239746
reaction:213,t-BuXPhos,3,t-BuXPhos,51.75674767,30.424705505371094,18.47719383239746
reaction:214,t-BuXPhos,3,t-BuXPhos,0.0,30.424705505371094,18.47719383239746
reaction:215,t-BuXPhos,3,t-BuXPhos,49.61438009,30.424705505371094,18.47719383239746
reaction:216,t-BuXPhos,3,t-BuXPhos,53.675534,30.424705505371094,18.47719383239746
reaction:217,t-BuXPhos,3,t-BuXPhos,0.6467788210000001,30.424705505371094,18.47719383239746
reaction:218,t-BuXPhos,3,t-BuXPhos,86.59757822,30.424705505371094,18.47719383239746
reaction:219,t-BuXPhos,3,t-BuXPhos,84.89551287,30.424705505371094,18.47719383239746
reaction:220,t-BuXPhos,3,t-BuXPhos,91.39064225,30.424705505371094,18.47719383239746
reaction:221,t-BuXPhos,3,t-BuXPhos,97.29293259,30.424705505371094,18.47719383239746
reaction:222,t-BuXPhos,3,t-BuXPhos,99.61910732,30.424705505371094,18.47719383239746
reaction:223,t-BuXPhos,3,t-BuXPhos,4.166287009,30.424705505371094,18.47719383239746
reaction:224,t-BuXPhos,3,t-BuXPhos,92.57247896,30.424705505371094,18.47719383239746
reaction:225,t-BuXPhos,3,t-BuXPhos,94.69105416,30.424705505371094,18.47719383239746
reaction:226,t-BuXPhos,3,t-BuXPhos,45.04873884,30.424705505371094,18.47719383239746
reaction:227,t-BuXPhos,3,t-BuXPhos,45.78100103,30.424705505371094,18.47719383239746
reaction:228,t-BuXPhos,3,t-BuXPhos,44.65371267,30.424705505371094,18.47719383239746
reaction:229,t-BuXPhos,3,t-BuXPhos,0.924541619,30.424705505371094,18.47719383239746
reaction:230,t-BuXPhos,3,t-BuXPhos,44.55887608,30.424705505371094,18.47719383239746
reaction:231,t-BuXPhos,3,t-BuXPhos,43.35721014,30.424705505371094,18.47719383239746
reaction:232,t-BuXPhos,3,t-BuXPhos,3.4201663410000003,30.424705505371094,18.47719383239746
reaction:233,t-BuXPhos,3,t-BuXPhos,72.84831426,30.424705505371094,18.47719383239746
reaction:234,t-BuXPhos,3,t-BuXPhos,65.31185167,30.424705505371094,18.47719383239746
reaction:235,t-BuXPhos,3,t-BuXPhos,56.83280355,30.424705505371094,18.47719383239746
reaction:236,t-BuXPhos,3,t-BuXPhos,76.33726193,30.424705505371094,18.47719383239746
reaction:237,t-BuXPhos,3,t-BuXPhos,73.22050209,30.424705505371094,18.47719383239746
reaction:238,t-BuXPhos,3,t-BuXPhos,36.47724246,30.424705505371094,18.47719383239746
reaction:239,t-BuXPhos,3,t-BuXPhos,68.55764886,30.424705505371094,18.47719383239746
reaction:240,t-BuXPhos,3,t-BuXPhos,69.0890435,30.424705505371094,18.47719383239746
reaction:241,t-BuXPhos,3,t-BuXPhos,31.88044847,30.424705505371094,18.47719383239746
reaction:242,t-BuXPhos,3,t-BuXPhos,44.81754321,30.424705505371094,18.47719383239746
reaction:243,t-BuXPhos,3,t-BuXPhos,46.6498955,30.424705505371094,18.47719383239746
reaction:244,t-BuXPhos,3,t-BuXPhos,0.668792684,30.424705505371094,18.47719383239746
reaction:245,t-BuXPhos,3,t-BuXPhos,39.52986412,30.424705505371094,18.47719383239746
reaction:246,t-BuXPhos,3,t-BuXPhos,43.87183311,30.424705505371094,18.47719383239746
reaction:247,t-BuXPhos,3,t-BuXPhos,2.74612364,30.424705505371094,18.47719383239746
reaction:248,t-BuXPhos,3,t-BuXPhos,72.63770939,30.424705505371094,18.47719383239746
reaction:249,t-BuXPhos,3,t-BuXPhos,82.32885806,30.424705505371094,18.47719383239746
reaction:250,t-BuXPhos,3,t-BuXPhos,73.64322424,30.424705505371094,18.47719383239746
reaction:251,t-BuXPhos,3,t-BuXPhos,87.90201497,30.424705505371094,18.47719383239746
reaction:252,t-BuXPhos,3,t-BuXPhos,86.21979782,30.424705505371094,18.47719383239746
reaction:253,t-BuXPhos,3,t-BuXPhos,34.20844443,30.424705505371094,18.47719383239746
reaction:254,t-BuXPhos,3,t-BuXPhos,77.33294235,30.424705505371094,18.47719383239746
reaction:255,t-BuXPhos,3,t-BuXPhos,80.60055876,30.424705505371094,18.47719383239746
reaction:256,t-BuXPhos,3,t-BuXPhos,42.28229272,30.424705505371094,18.47719383239746
reaction:257,t-BuXPhos,3,t-BuXPhos,50.28665363,30.424705505371094,18.47719383239746
reaction:258,t-BuXPhos,3,t-BuXPhos,49.58296909,30.424705505371094,18.47719383239746
reaction:259,t-BuXPhos,3,t-BuXPhos,1.18600639,30.424705505371094,18.47719383239746
reaction:260,t-BuXPhos,3,t-BuXPhos,48.46327508,30.424705505371094,18.47719383239746
reaction:261,t-BuXPhos,3,t-BuXPhos,49.9274003,30.424705505371094,18.47719383239746
reaction:262,t-BuXPhos,3,t-BuXPhos,4.582095156,30.424705505371094,18.47719383239746
reaction:263,t-BuXPhos,3,t-BuXPhos,78.80108905,30.424705505371094,18.47719383239746
reaction:264,t-BuXPhos,3,t-BuXPhos,79.44483195,30.424705505371094,18.47719383239746
reaction:265,t-BuXPhos,3,t-BuXPhos,84.85609846,30.424705505371094,18.47719383239746
reaction:266,t-BuXPhos,3,t-BuXPhos,93.31083413,30.424705505371094,18.47719383239746
reaction:267,t-BuXPhos,3,t-BuXPhos,93.87454124,30.424705505371094,18.47719383239746
reaction:268,t-BuXPhos,3,t-BuXPhos,44.02752342,30.424705505371094,18.47719383239746
reaction:269,t-BuXPhos,3,t-BuXPhos,89.48065113,30.424705505371094,18.47719383239746
reaction:270,t-BuXPhos,3,t-BuXPhos,91.48509414,30.424705505371094,18.47719383239746
reaction:271,t-BuBrettPhos,2,t-BuBrettPhos,7.372693174,31.564804077148438,19.021404266357422
reaction:272,t-BuBrettPhos,2,t-BuBrettPhos,9.714563227,31.566364288330078,19.021404266357422
reaction:273,t-BuBrettPhos,2,t-BuBrettPhos,9.546870881,31.5697021484375,19.021404266357422
reaction:274,t-BuBrettPhos,2,t-BuBrettPhos,1.0224022940000002,31.561649322509766,19.021406173706055
reaction:275,t-BuBrettPhos,2,t-BuBrettPhos,12.592787,31.570894241333008,19.021404266357422
reaction:276,t-BuBrettPhos,2,t-BuBrettPhos,14.01241706,31.57790184020996,19.021404266357422
reaction:277,t-BuBrettPhos,2,t-BuBrettPhos,4.337310253,31.56326675415039,19.021404266357422
reaction:278,t-BuBrettPhos,2,t-BuBrettPhos,19.47378974,31.581470489501953,19.021404266357422
reaction:279,t-BuBrettPhos,2,t-BuBrettPhos,23.2960789,31.589107513427734,19.021404266357422
reaction:280,t-BuBrettPhos,2,t-BuBrettPhos,24.90011385,31.58135986328125,19.021404266357422
reaction:281,t-BuBrettPhos,2,t-BuBrettPhos,28.47849533,31.586618423461914,19.021404266357422
reaction:282,t-BuBrettPhos,2,t-BuBrettPhos,33.33065232,31.59202766418457,19.021404266357422
reaction:283,t-BuBrettPhos,2,t-BuBrettPhos,6.753074014,31.565929412841797,19.021404266357422
reaction:284,t-BuBrettPhos,2,t-BuBrettPhos,15.06136862,31.575267791748047,19.021404266357422
reaction:285,t-BuBrettPhos,2,t-BuBrettPhos,15.12671706,31.581396102905273,19.021404266357422
reaction:286,t-BuBrettPhos,2,t-BuBrettPhos,3.88663609,31.566360473632812,19.021404266357422
reaction:287,t-BuBrettPhos,2,t-BuBrettPhos,25.83457198,31.58694076538086,19.021404266357422
reaction:288,t-BuBrettPhos,2,t-BuBrettPhos,44.5879911,31.598896026611328,19.021404266357422
reaction:289,t-BuBrettPhos,2,t-BuBrettPhos,0.0,31.561674118041992,19.021404266357422
reaction:290,t-BuBrettPhos,2,t-BuBrettPhos,15.16664871,31.58070945739746,19.021404266357422
reaction:291,t-BuBrettPhos,2,t-BuBrettPhos,40.37403082,31.599990844726562,19.021404266357422
reaction:292,t-BuBrettPhos,2,t-BuBrettPhos,0.0,31.56222915649414,19.021404266357422
reaction:293,t-BuBrettPhos,2,t-BuBrettPhos,27.79577337,31.598045349121094,19.021404266357422
reaction:294,t-BuBrettPhos,2,t-BuBrettPhos,72.31351298,31.624942779541016,19.021404266357422
reaction:295,t-BuBrettPhos,2,t-BuBrettPhos,32.00160024,31.590675354003906,19.021404266357422
reaction:296,t-BuBrettPhos,2,t-BuBrettPhos,51.8134607,31.602445602416992,19.021404266357422
reaction:297,t-BuBrettPhos,2,t-BuBrettPhos,83.36436834,31.61760139465332,19.021404266357422
reaction:298,t-BuBrettPhos,2,t-BuBrettPhos,2.641901391,31.567218780517578,19.021404266357422
reaction:299,t-BuBrettPhos,2,t-BuBrettPhos,57.97752811,31.613500595092773,19.021404266357422
reaction:300,t-BuBrettPhos,2,t-BuBrettPhos,80.28994263,31.62771987915039,19.021404266357422
reaction:301,t-BuBrettPhos,2,t-BuBrettPhos,9.564949769,31.571197509765625,19.021404266357422
reaction:302,t-BuBrettPhos,2,t-BuBrettPhos,37.21381762,31.59807586669922,19.021404266357422
reaction:303,t-BuBrettPhos,2,t-BuBrettPhos,47.09764929,31.61328125,19.021404266357422
reaction:304,t-BuBrettPhos,2,t-BuBrettPhos,1.1000305259999998,31.56253433227539,19.021404266357422
reaction:305,t-BuBrettPhos,2,t-BuBrettPhos,35.70389569,31.596471786499023,19.021404266357422
reaction:306,t-BuBrettPhos,2,t-BuBrettPhos,54.89240735,31.61456871032715,19.021404266357422
reaction:307,t-BuBrettPhos,2,t-BuBrettPhos,0.0,31.56346321105957,19.021404266357422
reaction:308,t-BuBrettPhos,2,t-BuBrettPhos,57.45048731,31.62041473388672,19.021404266357422
reaction:309,t-BuBrettPhos,2,t-BuBrettPhos,77.02732986,31.6438045501709,19.021404266357422
reaction:310,t-BuBrettPhos,2,t-BuBrettPhos,69.39855223,31.625436782836914,19.021404266357422
reaction:311,t-BuBrettPhos,2,t-BuBrettPhos,85.4419715,31.639118194580078,19.021404266357422
reaction:312,t-BuBrettPhos,2,t-BuBrettPhos,92.00324978,31.656126022338867,19.021404266357422
reaction:313,t-BuBrettPhos,2,t-BuBrettPhos,21.86178566,31.573253631591797,19.021404266357422
reaction:314,t-BuBrettPhos,2,t-BuBrettPhos,83.65433196,31.63773536682129,19.021404266357422
reaction:315,t-BuBrettPhos,2,t-BuBrettPhos,92.95670274,31.65149688720703,19.021404266357422
reaction:316,t-BuBrettPhos,2,t-BuBrettPhos,1.297818598,31.56521224975586,19.021404266357422
reaction:317,t-BuBrettPhos,2,t-BuBrettPhos,28.35051675,31.587982177734375,19.021404266357422
reaction:318,t-BuBrettPhos,2,t-BuBrettPhos,40.1812432,31.60134506225586,19.021404266357422
reaction:319,t-BuBrettPhos,2,t-BuBrettPhos,0.0,31.561365127563477,19.021406173706055
reaction:320,t-BuBrettPhos,2,t-BuBrettPhos,40.45135336,31.602027893066406,19.021404266357422
reaction:321,t-BuBrettPhos,2,t-BuBrettPhos,42.27311559,31.611858367919922,19.021404266357422
reaction:322,t-BuBrettPhos,2,t-BuBrettPhos,0.910655456,31.562456130981445,19.021404266357422
reaction:323,t-BuBrettPhos,2,t-BuBrettPhos,62.16368477,31.622730255126953,19.021404266357422
reaction:324,t-BuBrettPhos,2,t-BuBrettPhos,66.88608561,31.630062103271484,19.021404266357422
reaction:325,t-BuBrettPhos,2,t-BuBrettPhos,76.83418769,31.62067222595215,19.021404266357422
reaction:326,t-BuBrettPhos,2,t-BuBrettPhos,91.6524383,31.62775993347168,19.021404266357422
reaction:327,t-BuBrettPhos,2,t-BuBrettPhos,66.37274183,31.63113784790039,19.021404266357422
reaction:328,t-BuBrettPhos,2,t-BuBrettPhos,2.534585496,31.56781578063965,19.021404266357422
reaction:329,t-BuBrettPhos,2,t-BuBrettPhos,47.17441756,31.608938217163086,19.021404266357422
reaction:330,t-BuBrettPhos,2,t-BuBrettPhos,52.43589363,31.62043571472168,19.021404266357422
reaction:331,t-BuBrettPhos,2,t-BuBrettPhos,3.542495517,31.563663482666016,19.021404266357422
reaction:332,t-BuBrettPhos,2,t-BuBrettPhos,39.19686382,31.593238830566406,19.021404266357422
reaction:333,t-BuBrettPhos,2,t-BuBrettPhos,45.87563784,31.603958129882812,19.02140235900879
reaction:334,t-BuBrettPhos,2,t-BuBrettPhos,0.0,31.56124496459961,19.021404266357422
reaction:335,t-BuBrettPhos,2,t-BuBrettPhos,24.02819715,31.586515426635742,19.021404266357422
reaction:336,t-BuBrettPhos,2,t-BuBrettPhos,39.3913488,31.606176376342773,19.02140235900879
reaction:337,t-BuBrettPhos,2,t-BuBrettPhos,0.0,31.561222076416016,19.021404266357422
reaction:338,t-BuBrettPhos,2,t-BuBrettPhos,50.04747607,31.606569290161133,19.021404266357422
reaction:339,t-BuBrettPhos,2,t-BuBrettPhos,74.62438876,31.632625579833984,19.021404266357422
reaction:340,t-BuBrettPhos,2,t-BuBrettPhos,54.58472012,31.59809112548828,19.021404266357422
reaction:341,t-BuBrettPhos,2,t-BuBrettPhos,74.81544975,31.612194061279297,19.021404266357422
reaction:342,t-BuBrettPhos,2,t-BuBrettPhos,84.20189779,31.623727798461914,19.021404266357422
reaction:343,t-BuBrettPhos,2,t-BuBrettPhos,2.234092607,31.563764572143555,19.021404266357422
reaction:344,t-BuBrettPhos,2,t-BuBrettPhos,71.60789091,31.623586654663086,19.021404266357422
reaction:345,t-BuBrettPhos,2,t-BuBrettPhos,72.77189285,31.634170532226562,19.021404266357422
reaction:346,t-BuBrettPhos,2,t-BuBrettPhos,4.275083316,31.565872192382812,19.021404266357422
reaction:347,t-BuBrettPhos,2,t-BuBrettPhos,40.44190447,31.5996036529541,19.021404266357422
reaction:348,t-BuBrettPhos,2,t-BuBrettPhos,46.6599306,31.614341735839844,19.021404266357422
reaction:349,t-BuBrettPhos,2,t-BuBrettPhos,0.0,31.56148910522461,19.021404266357422
reaction:350,t-BuBrettPhos,2,t-BuBrettPhos,46.64994849,31.597736358642578,19.02140235900879
reaction:351,t-BuBrettPhos,2,t-BuBrettPhos,45.97105208,31.61699676513672,19.02140235900879
reaction:352,t-BuBrettPhos,2,t-BuBrettPhos,0.0,31.561691284179688,19.021404266357422
reaction:353,t-BuBrettPhos,2,t-BuBrettPhos,72.38342011,31.623594284057617,19.021404266357422
reaction:354,t-BuBrettPhos,2,t-BuBrettPhos,82.71053034,31.647321701049805,19.021404266357422
reaction:355,t-BuBrettPhos,2,t-BuBrettPhos,77.8707536,31.62838363647461,19.021404266357422
reaction:356,t-BuBrettPhos,2,t-BuBrettPhos,96.59121826,31.644901275634766,19.021404266357422
reaction:357,t-BuBrettPhos,2,t-BuBrettPhos,97.94800557,31.659679412841797,19.021404266357422
reaction:358,t-BuBrettPhos,2,t-BuBrettPhos,3.498335753,31.565383911132812,19.021404266357422
reaction:359,t-BuBrettPhos,2,t-BuBrettPhos,89.32288292,31.641952514648438,19.021404266357422
reaction:360,t-BuBrettPhos,2,t-BuBrettPhos,89.21674959,31.655054092407227,19.021404266357422
reaction:361,t-BuBrettPhos,2,t-BuBrettPhos,9.910073167,31.570087432861328,19.021404266357422
reaction:362,t-BuBrettPhos,2,t-BuBrettPhos,33.09515946,31.59160804748535,19.021404266357422
reaction:363,t-BuBrettPhos,2,t-BuBrettPhos,39.91592357,31.600431442260742,19.021404266357422
reaction:364,t-BuBrettPhos,2,t-BuBrettPhos,0.297246729,31.56149673461914,19.021406173706055
reaction:365,t-BuBrettPhos,2,t-BuBrettPhos,43.42467948,31.60686492919922,19.021404266357422
reaction:366,t-BuBrettPhos,2,t-BuBrettPhos,45.27500965,31.614070892333984,19.021404266357422
reaction:367,t-BuBrettPhos,2,t-BuBrettPhos,0.8589748359999999,31.562482833862305,19.021404266357422
reaction:368,t-BuBrettPhos,2,t-BuBrettPhos,68.84924903,31.629114151000977,19.021404266357422
reaction:369,t-BuBrettPhos,2,t-BuBrettPhos,64.60847653,31.63162612915039,19.021404266357422
reaction:370,t-BuBrettPhos,2,t-BuBrettPhos,63.8547365,31.62653350830078,19.021404266357422
reaction:371,t-BuBrettPhos,2,t-BuBrettPhos,76.33612431,31.63255500793457,19.021404266357422
reaction:372,t-BuBrettPhos,2,t-BuBrettPhos,73.13965753,31.63589096069336,19.021404266357422
reaction:373,t-BuBrettPhos,2,t-BuBrettPhos,4.497312078999999,31.569204330444336,19.021404266357422
reaction:374,t-BuBrettPhos,2,t-BuBrettPhos,40.87667176,31.609769821166992,19.021404266357422
reaction:375,t-BuBrettPhos,2,t-BuBrettPhos,40.31664678,31.617902755737305,19.021404266357422
reaction:376,t-BuBrettPhos,2,t-BuBrettPhos,24.27358667,31.57272720336914,19.021404266357422
reaction:377,t-BuBrettPhos,2,t-BuBrettPhos,42.64405348,31.60274887084961,19.021404266357422
reaction:378,t-BuBrettPhos,2,t-BuBrettPhos,47.5989822,31.605077743530273,19.021404266357422
reaction:379,t-BuBrettPhos,2,t-BuBrettPhos,0.345789289,31.561735153198242,19.021404266357422
reaction:380,t-BuBrettPhos,2,t-BuBrettPhos,40.97949244,31.600696563720703,19.021404266357422
reaction:381,t-BuBrettPhos,2,t-BuBrettPhos,43.26194293,31.608980178833008,19.021404266357422
reaction:382,t-BuBrettPhos,2,t-BuBrettPhos,1.497954505,31.562021255493164,19.021404266357422
reaction:383,t-BuBrettPhos,2,t-BuBrettPhos,68.06627781,31.62029457092285,19.021404266357422
reaction:384,t-BuBrettPhos,2,t-BuBrettPhos,74.75498754,31.635723114013672,19.021404266357422
reaction:385,t-BuBrettPhos,2,t-BuBrettPhos,70.28309787,31.608482360839844,19.021404266357422
reaction:386,t-BuBrettPhos,2,t-BuBrettPhos,80.52782377,31.616554260253906,19.021404266357422
reaction:387,t-BuBrettPhos,2,t-BuBrettPhos,85.26909551,31.626636505126953,19.021404266357422
reaction:388,t-BuBrettPhos,2,t-BuBrettPhos,21.94834142,31.57280731201172,19.021404266357422
reaction:389,t-BuBrettPhos,2,t-BuBrettPhos,72.58738213,31.62837028503418,19.021404266357422
reaction:390,t-BuBrettPhos,2,t-BuBrettPhos,77.03264152,31.63404655456543,19.021404266357422
reaction:391,t-BuBrettPhos,2,t-BuBrettPhos,23.09132333,31.574951171875,19.021404266357422
reaction:392,t-BuBrettPhos,2,t-BuBrettPhos,47.555818,31.609460830688477,19.021404266357422
reaction:393,t-BuBrettPhos,2,t-BuBrettPhos,46.76206263,31.61428451538086,19.021404266357422
reaction:394,t-BuBrettPhos,2,t-BuBrettPhos,0.605197064,31.56191062927246,19.021404266357422
reaction:395,t-BuBrettPhos,2,t-BuBrettPhos,47.14534203,31.611536026000977,19.021404266357422
reaction:396,t-BuBrettPhos,2,t-BuBrettPhos,45.98211557,31.61857795715332,19.021404266357422
reaction:397,t-BuBrettPhos,2,t-BuBrettPhos,0.0,31.562347412109375,19.021404266357422
reaction:398,t-BuBrettPhos,2,t-BuBrettPhos,79.73976585,31.636150360107422,19.021404266357422
reaction:399,t-BuBrettPhos,2,t-BuBrettPhos,80.78664078,31.6490535736084,19.021404266357422
reaction:400,t-BuBrettPhos,2,t-BuBrettPhos,84.69021766,31.638032913208008,19.021404266357422
reaction:401,t-BuBrettPhos,2,t-BuBrettPhos,91.05627032,31.6472225189209,19.021404266357422
reaction:402,t-BuBrettPhos,2,t-BuBrettPhos,98.17713445,31.661211013793945,19.021404266357422
reaction:403,t-BuBrettPhos,2,t-BuBrettPhos,23.84150703,31.574419021606445,19.021404266357422
reaction:404,t-BuBrettPhos,2,t-BuBrettPhos,86.41285544,31.646188735961914,19.021404266357422
reaction:405,t-BuBrettPhos,2,t-BuBrettPhos,87.55418753,31.65435218811035,19.021404266357422
reaction:406,AdBrettPhos,0,AdBrettPhos,6.575127297000001,32.92903518676758,18.66130828857422
reaction:407,AdBrettPhos,0,AdBrettPhos,8.742546332,32.92903518676758,18.66130828857422
reaction:408,AdBrettPhos,0,AdBrettPhos,9.935132826,32.92903518676758,18.66130828857422
reaction:409,AdBrettPhos,0,AdBrettPhos,1.705289038,32.92903518676758,18.66130828857422
reaction:410,AdBrettPhos,0,AdBrettPhos,12.29594301,32.92903518676758,18.66130828857422
reaction:411,AdBrettPhos,0,AdBrettPhos,16.85702349,32.92903518676758,18.66130828857422
reaction:412,AdBrettPhos,0,AdBrettPhos,3.595206135,32.92903518676758,18.66130828857422
reaction:413,AdBrettPhos,0,AdBrettPhos,19.90273024,32.92903518676758,18.66130828857422
reaction:414,AdBrettPhos,0,AdBrettPhos,25.2527032,32.92903518676758,18.66130828857422
reaction:415,AdBrettPhos,0,AdBrettPhos,16.1585109,32.92903518676758,18.66130828857422
reaction:416,AdBrettPhos,0,AdBrettPhos,20.64357371,32.92903518676758,18.66130828857422
reaction:417,AdBrettPhos,0,AdBrettPhos,24.16256349,32.92903518676758,18.66130828857422
reaction:418,AdBrettPhos,0,AdBrettPhos,7.938107707999999,32.92903518676758,18.66130828857422
reaction:419,AdBrettPhos,0,AdBrettPhos,13.6465536,32.92903518676758,18.66130828857422
reaction:420,AdBrettPhos,0,AdBrettPhos,14.36737015,32.92903518676758,18.66130828857422
reaction:421,AdBrettPhos,0,AdBrettPhos,3.956885702,32.92903518676758,18.66130828857422
reaction:422,AdBrettPhos,0,AdBrettPhos,22.516172,32.92903518676758,18.66130828857422
reaction:423,AdBrettPhos,0,AdBrettPhos,39.74593472,32.92903518676758,18.66130828857422
reaction:424,AdBrettPhos,0,AdBrettPhos,0.0,32.92903518676758,18.66130828857422
reaction:425,AdBrettPhos,0,AdBrettPhos,15.82179421,32.92903518676758,18.66130828857422
reaction:426,AdBrettPhos,0,AdBrettPhos,40.1396941,32.92903518676758,18.66130828857422
reaction:427,AdBrettPhos,0,AdBrettPhos,0.57693322,32.92903518676758,18.66130828857422
reaction:428,AdBrettPhos,0,AdBrettPhos,29.29795514,32.92903518676758,18.66130828857422
reaction:429,AdBrettPhos,0,AdBrettPhos,73.73993868,32.92903518676758,18.66130828857422
reaction:430,AdBrettPhos,0,AdBrettPhos,24.60602271,32.92903518676758,18.66130828857422
reaction:431,AdBrettPhos,0,AdBrettPhos,39.09372544,32.92903518676758,18.66130828857422
reaction:432,AdBrettPhos,0,AdBrettPhos,65.38933316,32.92903518676758,18.66130828857422
reaction:433,AdBrettPhos,0,AdBrettPhos,2.344713425,32.92903518676758,18.66130828857422
reaction:434,AdBrettPhos,0,AdBrettPhos,48.30710262,32.92903518676758,18.66130828857422
reaction:435,AdBrettPhos,0,AdBrettPhos,72.94185386,32.92903518676758,18.66130828857422
reaction:436,AdBrettPhos,0,AdBrettPhos,10.00188169,32.92903518676758,18.66130828857422
reaction:437,AdBrettPhos,0,AdBrettPhos,37.52076416,32.92903518676758,18.66130828857422
reaction:438,AdBrettPhos,0,AdBrettPhos,52.58811564,32.92903518676758,18.66130828857422
reaction:439,AdBrettPhos,0,AdBrettPhos,0.862838268,32.92903518676758,18.66130828857422
reaction:440,AdBrettPhos,0,AdBrettPhos,34.28507945,32.92903518676758,18.66130828857422
reaction:441,AdBrettPhos,0,AdBrettPhos,53.14523882,32.92903518676758,18.66130828857422
reaction:442,AdBrettPhos,0,AdBrettPhos,2.173414859,32.92903518676758,18.66130828857422
reaction:443,AdBrettPhos,0,AdBrettPhos,59.96800012,32.92903518676758,18.66130828857422
reaction:444,AdBrettPhos,0,AdBrettPhos,80.9780499,32.92903518676758,18.66130828857422
reaction:445,AdBrettPhos,0,AdBrettPhos,68.00656479999999,32.92903518676758,18.66130828857422
reaction:446,AdBrettPhos,0,AdBrettPhos,84.91024962,32.92903518676758,18.66130828857422
reaction:447,AdBrettPhos,0,AdBrettPhos,95.07020116,32.92903518676758,18.66130828857422
reaction:448,AdBrettPhos,0,AdBrettPhos,15.22347574,32.92903518676758,18.66130828857422
reaction:449,AdBrettPhos,0,AdBrettPhos,86.41541039,32.92903518676758,18.66130828857422
reaction:450,AdBrettPhos,0,AdBrettPhos,92.13068227,32.92903518676758,18.66130828857422
reaction:451,AdBrettPhos,0,AdBrettPhos,2.038853369,32.92903518676758,18.66130828857422
reaction:452,AdBrettPhos,0,AdBrettPhos,28.76096277,32.92903518676758,18.66130828857422
reaction:453,AdBrettPhos,0,AdBrettPhos,44.56045142,32.92903518676758,18.66130828857422
reaction:454,AdBrettPhos,0,AdBrettPhos,0.3809182129999999,32.92903518676758,18.66130828857422
reaction:455,AdBrettPhos,0,AdBrettPhos,44.68712072,32.92903518676758,18.66130828857422
reaction:456,AdBrettPhos,0,AdBrettPhos,52.78848387,32.92903518676758,18.66130828857422
reaction:457,AdBrettPhos,0,AdBrettPhos,1.112658983,32.92903518676758,18.66130828857422
reaction:458,AdBrettPhos,0,AdBrettPhos,67.02083729,32.92903518676758,18.66130828857422
reaction:459,AdBrettPhos,0,AdBrettPhos,72.46627889,32.92903518676758,18.66130828857422
reaction:460,AdBrettPhos,0,AdBrettPhos,55.08984272,32.92903518676758,18.66130828857422
reaction:461,AdBrettPhos,0,AdBrettPhos,63.25759385,32.92903518676758,18.66130828857422
reaction:462,AdBrettPhos,0,AdBrettPhos,66.28326385,32.92903518676758,18.66130828857422
reaction:463,AdBrettPhos,0,AdBrettPhos,6.141106311000001,32.92903518676758,18.66130828857422
reaction:464,AdBrettPhos,0,AdBrettPhos,54.56358173,32.92903518676758,18.66130828857422
reaction:465,AdBrettPhos,0,AdBrettPhos,63.22469221,32.92903518676758,18.66130828857422
reaction:466,AdBrettPhos,0,AdBrettPhos,2.256359852,32.92903518676758,18.66130828857422
reaction:467,AdBrettPhos,0,AdBrettPhos,32.38635793,32.92903518676758,18.66130828857422
reaction:468,AdBrettPhos,0,AdBrettPhos,44.44197306,32.92903518676758,18.66130828857422
reaction:469,AdBrettPhos,0,AdBrettPhos,0.0,32.92903518676758,18.66130828857422
reaction:470,AdBrettPhos,0,AdBrettPhos,21.71222946,32.92903518676758,18.66130828857422
reaction:471,AdBrettPhos,0,AdBrettPhos,43.86426544,32.92903518676758,18.66130828857422
reaction:472,AdBrettPhos,0,AdBrettPhos,0.0,32.92903518676758,18.66130828857422
reaction:473,AdBrettPhos,0,AdBrettPhos,39.83155733,32.92903518676758,18.66130828857422
reaction:474,AdBrettPhos,0,AdBrettPhos,78.71189796,32.92903518676758,18.66130828857422
reaction:475,AdBrettPhos,0,AdBrettPhos,34.68494953,32.92903518676758,18.66130828857422
reaction:476,AdBrettPhos,0,AdBrettPhos,51.68395023,32.92903518676758,18.66130828857422
reaction:477,AdBrettPhos,0,AdBrettPhos,69.94718927,32.92903518676758,18.66130828857422
reaction:478,AdBrettPhos,0,AdBrettPhos,1.517636561,32.92903518676758,18.66130828857422
reaction:479,AdBrettPhos,0,AdBrettPhos,65.78374618,32.92903518676758,18.66130828857422
reaction:480,AdBrettPhos,0,AdBrettPhos,79.37053051,32.92903518676758,18.66130828857422
reaction:481,AdBrettPhos,0,AdBrettPhos,2.510510682,32.92903518676758,18.66130828857422
reaction:482,AdBrettPhos,0,AdBrettPhos,36.61548208,32.92903518676758,18.66130828857422
reaction:483,AdBrettPhos,0,AdBrettPhos,52.67302388,32.92903518676758,18.66130828857422
reaction:484,AdBrettPhos,0,AdBrettPhos,0.0,32.92903518676758,18.66130828857422
reaction:485,AdBrettPhos,0,AdBrettPhos,32.99753143,32.92903518676758,18.66130828857422
reaction:486,AdBrettPhos,0,AdBrettPhos,57.53990104,32.92903518676758,18.66130828857422
reaction:487,AdBrettPhos,0,AdBrettPhos,0.544984175,32.92903518676758,18.66130828857422
reaction:488,AdBrettPhos,0,AdBrettPhos,57.85208433,32.92903518676758,18.66130828857422
reaction:489,AdBrettPhos,0,AdBrettPhos,85.89473594,32.92903518676758,18.66130828857422
reaction:490,AdBrettPhos,0,AdBrettPhos,67.67136056,32.92903518676758,18.66130828857422
reaction:491,AdBrettPhos,0,AdBrettPhos,95.55515456,32.92903518676758,18.66130828857422
reaction:492,AdBrettPhos,0,AdBrettPhos,99.03446213,32.92903518676758,18.66130828857422
reaction:493,AdBrettPhos,0,AdBrettPhos,2.310618854,32.92903518676758,18.66130828857422
reaction:494,AdBrettPhos,0,AdBrettPhos,86.53541708,32.92903518676758,18.66130828857422
reaction:495,AdBrettPhos,0,AdBrettPhos,94.50096737,32.92903518676758,18.66130828857422
reaction:496,AdBrettPhos,0,AdBrettPhos,7.7649642,32.92903518676758,18.66130828857422
reaction:497,AdBrettPhos,0,AdBrettPhos,31.45776364,32.92903518676758,18.66130828857422
reaction:498,AdBrettPhos,0,AdBrettPhos,39.80414391,32.92903518676758,18.66130828857422
reaction:499,AdBrettPhos,0,AdBrettPhos,0.230274449,32.92903518676758,18.66130828857422
reaction:500,AdBrettPhos,0,AdBrettPhos,47.71300168,32.92903518676758,18.66130828857422
reaction:501,AdBrettPhos,0,AdBrettPhos,54.76985941,32.92903518676758,18.66130828857422
reaction:502,AdBrettPhos,0,AdBrettPhos,0.7376310779999999,32.92903518676758,18.66130828857422
reaction:503,AdBrettPhos,0,AdBrettPhos,74.13888356,32.92903518676758,18.66130828857422
reaction:504,AdBrettPhos,0,AdBrettPhos,71.26504827,32.92903518676758,18.66130828857422
reaction:505,AdBrettPhos,0,AdBrettPhos,64.02888238,32.92903518676758,18.66130828857422
reaction:506,AdBrettPhos,0,AdBrettPhos,74.63930208,32.92903518676758,18.66130828857422
reaction:507,AdBrettPhos,0,AdBrettPhos,76.16070518,32.92903518676758,18.66130828857422
reaction:508,AdBrettPhos,0,AdBrettPhos,5.908085833,32.92903518676758,18.66130828857422
reaction:509,AdBrettPhos,0,AdBrettPhos,52.86647451,32.92903518676758,18.66130828857422
reaction:510,AdBrettPhos,0,AdBrettPhos,56.03413013,32.92903518676758,18.66130828857422
reaction:511,AdBrettPhos,0,AdBrettPhos,12.72121896,32.92903518676758,18.66130828857422
reaction:512,AdBrettPhos,0,AdBrettPhos,41.67771463,32.92903518676758,18.66130828857422
reaction:513,AdBrettPhos,0,AdBrettPhos,43.87448476,32.92903518676758,18.66130828857422
reaction:514,AdBrettPhos,0,AdBrettPhos,0.316193405,32.92903518676758,18.66130828857422
reaction:515,AdBrettPhos,0,AdBrettPhos,40.29418927,32.92903518676758,18.66130828857422
reaction:516,AdBrettPhos,0,AdBrettPhos,45.40015878,32.92903518676758,18.66130828857422
reaction:517,AdBrettPhos,0,AdBrettPhos,0.778234105,32.92903518676758,18.66130828857422
reaction:518,AdBrettPhos,0,AdBrettPhos,65.05218409,32.92903518676758,18.66130828857422
reaction:519,AdBrettPhos,0,AdBrettPhos,78.61961971,32.92903518676758,18.66130828857422
reaction:520,AdBrettPhos,0,AdBrettPhos,45.30738516,32.92903518676758,18.66130828857422
reaction:521,AdBrettPhos,0,AdBrettPhos,56.65401799,32.92903518676758,18.66130828857422
reaction:522,AdBrettPhos,0,AdBrettPhos,68.60611463,32.92903518676758,18.66130828857422
reaction:523,AdBrettPhos,0,AdBrettPhos,12.48635948,32.92903518676758,18.66130828857422
reaction:524,AdBrettPhos,0,AdBrettPhos,69.81626316,32.92903518676758,18.66130828857422
reaction:525,AdBrettPhos,0,AdBrettPhos,75.30179851,32.92903518676758,18.66130828857422
reaction:526,AdBrettPhos,0,AdBrettPhos,14.49254361,32.92903518676758,18.66130828857422
reaction:527,AdBrettPhos,0,AdBrettPhos,52.13571621,32.92903518676758,18.66130828857422
reaction:528,AdBrettPhos,0,AdBrettPhos,48.86581696,32.92903518676758,18.66130828857422
reaction:529,AdBrettPhos,0,AdBrettPhos,0.364667905,32.92903518676758,18.66130828857422
reaction:530,AdBrettPhos,0,AdBrettPhos,55.18037009,32.92903518676758,18.66130828857422
reaction:531,AdBrettPhos,0,AdBrettPhos,55.01223205,32.92903518676758,18.66130828857422
reaction:532,AdBrettPhos,0,AdBrettPhos,1.087256852,32.92903518676758,18.66130828857422
reaction:533,AdBrettPhos,0,AdBrettPhos,81.22830675,32.92903518676758,18.66130828857422
reaction:534,AdBrettPhos,0,AdBrettPhos,80.71099803,32.92903518676758,18.66130828857422
reaction:535,AdBrettPhos,0,AdBrettPhos,86.20017514,32.92903518676758,18.66130828857422
reaction:536,AdBrettPhos,0,AdBrettPhos,84.17796028,32.92903518676758,18.66130828857422
reaction:537,AdBrettPhos,0,AdBrettPhos,95.67591323,32.92903518676758,18.66130828857422
reaction:538,AdBrettPhos,0,AdBrettPhos,14.50083816,32.92903518676758,18.66130828857422
reaction:539,AdBrettPhos,0,AdBrettPhos,91.52862329,32.92903518676758,18.66130828857422
reaction:540,AdBrettPhos,0,AdBrettPhos,92.65898323,32.92903518676758,18.66130828857422
reaction:541,XPhos,1,XPhos,12.6512469,37.39902114868164,20.433700561523438
reaction:542,XPhos,1,XPhos,13.83708642,37.39902114868164,20.433700561523438
reaction:543,XPhos,1,XPhos,15.0343232,37.39902114868164,20.433700561523438
reaction:544,XPhos,1,XPhos,1.856863727,37.39902114868164,20.433700561523438
reaction:545,XPhos,1,XPhos,4.344676685,37.39902114868164,20.433700561523438
reaction:546,XPhos,1,XPhos,5.971176669,37.39902114868164,20.433700561523438
reaction:547,XPhos,1,XPhos,8.323184663,37.39902114868164,20.433700561523438
reaction:548,XPhos,1,XPhos,13.24692026,37.39902114868164,20.433700561523438
reaction:549,XPhos,1,XPhos,15.01178808,37.39902114868164,20.433700561523438
reaction:550,XPhos,1,XPhos,12.98584411,37.39902114868164,20.433700561523438
reaction:551,XPhos,1,XPhos,17.08756486,37.39902114868164,20.433700561523438
reaction:552,XPhos,1,XPhos,19.42152909,37.39902114868164,20.433700561523438
reaction:553,XPhos,1,XPhos,61.68885211,37.39902114868164,20.433700561523438
reaction:554,XPhos,1,XPhos,64.52902546,37.39902114868164,20.433700561523438
reaction:555,XPhos,1,XPhos,64.66756982,37.39902114868164,20.433700561523438
reaction:556,XPhos,1,XPhos,14.26895253,37.39902114868164,20.433700561523438
reaction:557,XPhos,1,XPhos,24.93013825,37.39902114868164,20.433700561523438
reaction:558,XPhos,1,XPhos,38.55067304,37.39902114868164,20.433700561523438
reaction:559,XPhos,1,XPhos,0.0,37.39902114868164,20.433700561523438
reaction:560,XPhos,1,XPhos,1.224185961,37.39902114868164,20.433700561523438
reaction:561,XPhos,1,XPhos,2.633257106,37.39902114868164,20.433700561523438
reaction:562,XPhos,1,XPhos,1.932595354,37.39902114868164,20.433700561523438
reaction:563,XPhos,1,XPhos,8.432863834,37.39902114868164,20.433700561523438
reaction:564,XPhos,1,XPhos,11.40684881,37.39902114868164,20.433700561523438
reaction:565,XPhos,1,XPhos,16.82928554,37.39902114868164,20.433700561523438
reaction:566,XPhos,1,XPhos,35.53815083,37.39902114868164,20.433700561523438
reaction:567,XPhos,1,XPhos,41.96438983,37.39902114868164,20.433700561523438
reaction:568,XPhos,1,XPhos,2.917168593,37.39902114868164,20.433700561523438
reaction:569,XPhos,1,XPhos,7.768371677,37.39902114868164,20.433700561523438
reaction:570,XPhos,1,XPhos,14.74148388,37.39902114868164,20.433700561523438
reaction:571,XPhos,1,XPhos,21.50977994,37.39902114868164,20.433700561523438
reaction:572,XPhos,1,XPhos,20.96272395,37.39902114868164,20.433700561523438
reaction:573,XPhos,1,XPhos,26.67806508,37.39902114868164,20.433700561523438
reaction:574,XPhos,1,XPhos,0.0,37.39902114868164,20.433700561523438
reaction:575,XPhos,1,XPhos,3.941726457,37.39902114868164,20.433700561523438
reaction:576,XPhos,1,XPhos,7.774794319,37.39902114868164,20.433700561523438
reaction:577,XPhos,1,XPhos,2.331533569,37.39902114868164,20.433700561523438
reaction:578,XPhos,1,XPhos,15.28777504,37.39902114868164,20.433700561523438
reaction:579,XPhos,1,XPhos,23.43579167,37.39902114868164,20.433700561523438
reaction:580,XPhos,1,XPhos,15.69796379,37.39902114868164,20.433700561523438
reaction:581,XPhos,1,XPhos,27.33482675,37.39902114868164,20.433700561523438
reaction:582,XPhos,1,XPhos,34.44632451,37.39902114868164,20.433700561523438
reaction:583,XPhos,1,XPhos,9.061926079,37.39902114868164,20.433700561523438
reaction:584,XPhos,1,XPhos,20.11332693,37.39902114868164,20.433700561523438
reaction:585,XPhos,1,XPhos,25.93974836,37.39902114868164,20.433700561523438
reaction:586,XPhos,1,XPhos,2.968869757,37.39902114868164,20.433700561523438
reaction:587,XPhos,1,XPhos,2.391870808,37.39902114868164,20.433700561523438
reaction:588,XPhos,1,XPhos,20.86747592,37.39902114868164,20.433700561523438
reaction:589,XPhos,1,XPhos,2.064063489,37.39902114868164,20.433700561523438
reaction:590,XPhos,1,XPhos,11.1309805,37.39902114868164,20.433700561523438
reaction:591,XPhos,1,XPhos,14.36693621,37.39902114868164,20.433700561523438
reaction:592,XPhos,1,XPhos,9.085602443,37.39902114868164,20.433700561523438
reaction:593,XPhos,1,XPhos,51.71538404,37.39902114868164,20.433700561523438
reaction:594,XPhos,1,XPhos,53.23936389,37.39902114868164,20.433700561523438
reaction:595,XPhos,1,XPhos,10.59565991,37.39902114868164,20.433700561523438
reaction:596,XPhos,1,XPhos,12.24156469,37.39902114868164,20.433700561523438
reaction:597,XPhos,1,XPhos,12.7214048,37.39902114868164,20.433700561523438
reaction:598,XPhos,1,XPhos,20.53476821,37.39902114868164,20.433700561523438
reaction:599,XPhos,1,XPhos,16.03639807,37.39902114868164,20.433700561523438
reaction:600,XPhos,1,XPhos,19.29401032,37.39902114868164,20.433700561523438
reaction:601,XPhos,1,XPhos,24.42152468,37.39902114868164,20.433700561523438
reaction:602,XPhos,1,XPhos,35.72058232,37.39902114868164,20.433700561523438
reaction:603,XPhos,1,XPhos,34.68866542,37.39902114868164,20.433700561523438
reaction:604,XPhos,1,XPhos,1.299881507,37.39902114868164,20.433700561523438
reaction:605,XPhos,1,XPhos,17.26980964,37.39902114868164,20.433700561523438
reaction:606,XPhos,1,XPhos,28.37187434,37.39902114868164,20.433700561523438
reaction:607,XPhos,1,XPhos,5.370036774,37.39902114868164,20.433700561523438
reaction:608,XPhos,1,XPhos,37.71186321,37.39902114868164,20.433700561523438
reaction:609,XPhos,1,XPhos,36.02889558,37.39902114868164,20.433700561523438
reaction:610,XPhos,1,XPhos,32.92776022,37.39902114868164,20.433700561523438
reaction:611,XPhos,1,XPhos,59.55262648,37.39902114868164,20.433700561523438
reaction:612,XPhos,1,XPhos,57.6053748,37.39902114868164,20.433700561523438
reaction:613,XPhos,1,XPhos,18.46342998,37.39902114868164,20.433700561523438
reaction:614,XPhos,1,XPhos,36.80966237,37.39902114868164,20.433700561523438
reaction:615,XPhos,1,XPhos,44.33084711,37.39902114868164,20.433700561523438
reaction:616,XPhos,1,XPhos,26.52646529,37.39902114868164,20.433700561523438
reaction:617,XPhos,1,XPhos,40.07198822,37.39902114868164,20.433700561523438
reaction:618,XPhos,1,XPhos,44.04700483,37.39902114868164,20.433700561523438
reaction:619,XPhos,1,XPhos,0.844427684,37.39902114868164,20.433700561523438
reaction:620,XPhos,1,XPhos,10.60791195,37.39902114868164,20.433700561523438
reaction:621,XPhos,1,XPhos,19.44976087,37.39902114868164,20.433700561523438
reaction:622,XPhos,1,XPhos,4.67315366,37.39902114868164,20.433700561523438
reaction:623,XPhos,1,XPhos,33.71090461,37.39902114868164,20.433700561523438
reaction:624,XPhos,1,XPhos,58.95423439,37.39902114868164,20.433700561523438
reaction:625,XPhos,1,XPhos,32.36907857,37.39902114868164,20.433700561523438
reaction:626,XPhos,1,XPhos,58.30938102,37.39902114868164,20.433700561523438
reaction:627,XPhos,1,XPhos,63.62909921,37.39902114868164,20.433700561523438
reaction:628,XPhos,1,XPhos,15.1458408,37.39902114868164,20.433700561523438
reaction:629,XPhos,1,XPhos,31.9937252,37.39902114868164,20.433700561523438
reaction:630,XPhos,1,XPhos,53.36463944,37.39902114868164,20.433700561523438
reaction:631,XPhos,1,XPhos,5.928429551,37.39902114868164,20.433700561523438
reaction:632,XPhos,1,XPhos,9.302544665,37.39902114868164,20.433700561523438
reaction:633,XPhos,1,XPhos,34.88077285,37.39902114868164,20.433700561523438
reaction:634,XPhos,1,XPhos,0.47110416,37.39902114868164,20.433700561523438
reaction:635,XPhos,1,XPhos,28.77482765,37.39902114868164,20.433700561523438
reaction:636,XPhos,1,XPhos,35.21497708,37.39902114868164,20.433700561523438
reaction:637,XPhos,1,XPhos,4.111488109,37.39902114868164,20.433700561523438
reaction:638,XPhos,1,XPhos,64.27233548,37.39902114868164,20.433700561523438
reaction:639,XPhos,1,XPhos,65.69456697,37.39902114868164,20.433700561523438
reaction:640,XPhos,1,XPhos,14.11480355,37.39902114868164,20.433700561523438
reaction:641,XPhos,1,XPhos,17.56349703,37.39902114868164,20.433700561523438
reaction:642,XPhos,1,XPhos,15.1215994,37.39902114868164,20.433700561523438
reaction:643,XPhos,1,XPhos,12.74466628,37.39902114868164,20.433700561523438
reaction:644,XPhos,1,XPhos,14.21418921,37.39902114868164,20.433700561523438
reaction:645,XPhos,1,XPhos,16.84841979,37.39902114868164,20.433700561523438
reaction:646,XPhos,1,XPhos,19.58685815,37.39902114868164,20.433700561523438
reaction:647,XPhos,1,XPhos,43.74297776,37.39902114868164,20.433700561523438
reaction:648,XPhos,1,XPhos,41.13226409,37.39902114868164,20.433700561523438
reaction:649,XPhos,1,XPhos,0.43718104,37.39902114868164,20.433700561523438
reaction:650,XPhos,1,XPhos,23.41191123,37.39902114868164,20.433700561523438
reaction:651,XPhos,1,XPhos,34.22871308,37.39902114868164,20.433700561523438
reaction:652,XPhos,1,XPhos,2.005732083,37.39902114868164,20.433700561523438
reaction:653,XPhos,1,XPhos,50.97511306,37.39902114868164,20.433700561523438
reaction:654,XPhos,1,XPhos,50.54514481,37.39902114868164,20.433700561523438
reaction:655,XPhos,1,XPhos,39.19022489,37.39902114868164,20.433700561523438
reaction:656,XPhos,1,XPhos,59.13712916,37.39902114868164,20.433700561523438
reaction:657,XPhos,1,XPhos,63.46127974,37.39902114868164,20.433700561523438
reaction:658,XPhos,1,XPhos,14.56258268,37.39902114868164,20.433700561523438
reaction:659,XPhos,1,XPhos,42.70687587,37.39902114868164,20.433700561523438
reaction:660,XPhos,1,XPhos,51.1783537,37.39902114868164,20.433700561523438
reaction:661,XPhos,1,XPhos,20.79893886,37.39902114868164,20.433700561523438
reaction:662,XPhos,1,XPhos,44.03844861,37.39902114868164,20.433700561523438
reaction:663,XPhos,1,XPhos,47.42870408,37.39902114868164,20.433700561523438
reaction:664,XPhos,1,XPhos,0.389738186,37.39902114868164,20.433700561523438
reaction:665,XPhos,1,XPhos,14.82994008,37.39902114868164,20.433700561523438
reaction:666,XPhos,1,XPhos,27.38026406,37.39902114868164,20.433700561523438
reaction:667,XPhos,1,XPhos,1.922791563,37.39902114868164,20.433700561523438
reaction:668,XPhos,1,XPhos,42.32124218,37.39902114868164,20.433700561523438
reaction:669,XPhos,1,XPhos,66.26745697,37.39902114868164,20.433700561523438
reaction:670,XPhos,1,XPhos,38.26811211,37.39902114868164,20.433700561523438
reaction:671,XPhos,1,XPhos,65.27849508,37.39902114868164,20.433700561523438
reaction:672,XPhos,1,XPhos,69.51698512,37.39902114868164,20.433700561523438
reaction:673,XPhos,1,XPhos,11.65114169,37.39902114868164,20.433700561523438
reaction:674,XPhos,1,XPhos,35.81675951,37.39902114868164,20.433700561523438
reaction:675,XPhos,1,XPhos,49.09682213,37.39902114868164,20.433700561523438
reaction:676,t-BuXPhos,3,t-BuXPhos,14.56538038,30.424705505371094,18.47719383239746
reaction:677,t-BuXPhos,3,t-BuXPhos,18.74350865,30.424705505371094,18.47719383239746
reaction:678,t-BuXPhos,3,t-BuXPhos,19.60839775,30.424705505371094,18.47719383239746
reaction:679,t-BuXPhos,3,t-BuXPhos,2.060581853,30.424705505371094,18.47719383239746
reaction:680,t-BuXPhos,3,t-BuXPhos,16.39030586,30.424705505371094,18.47719383239746
reaction:681,t-BuXPhos,3,t-BuXPhos,19.65840226,30.424705505371094,18.47719383239746
reaction:682,t-BuXPhos,3,t-BuXPhos,6.853480142,30.424705505371094,18.47719383239746
reaction:683,t-BuXPhos,3,t-BuXPhos,26.75645727,30.424705505371094,18.47719383239746
reaction:684,t-BuXPhos,3,t-BuXPhos,27.04861196,30.424705505371094,18.47719383239746
reaction:685,t-BuXPhos,3,t-BuXPhos,31.29909936,30.424705505371094,18.47719383239746
reaction:686,t-BuXPhos,3,t-BuXPhos,35.2030282,30.424705505371094,18.47719383239746
reaction:687,t-BuXPhos,3,t-BuXPhos,40.08669181,30.424705505371094,18.47719383239746
reaction:688,t-BuXPhos,3,t-BuXPhos,68.76495224,30.424705505371094,18.47719383239746
reaction:689,t-BuXPhos,3,t-BuXPhos,74.00970333,30.424705505371094,18.47719383239746
reaction:690,t-BuXPhos,3,t-BuXPhos,70.58038327,30.424705505371094,18.47719383239746
reaction:691,t-BuXPhos,3,t-BuXPhos,12.56300254,30.424705505371094,18.47719383239746
reaction:692,t-BuXPhos,3,t-BuXPhos,47.02427089,30.424705505371094,18.47719383239746
reaction:693,t-BuXPhos,3,t-BuXPhos,48.56121582,30.424705505371094,18.47719383239746
reaction:694,t-BuXPhos,3,t-BuXPhos,0.529819216,30.424705505371094,18.47719383239746
reaction:695,t-BuXPhos,3,t-BuXPhos,47.2768797,30.424705505371094,18.47719383239746
reaction:696,t-BuXPhos,3,t-BuXPhos,55.19349187,30.424705505371094,18.47719383239746
reaction:697,t-BuXPhos,3,t-BuXPhos,73.2728017,30.424705505371094,18.47719383239746
reaction:698,t-BuXPhos,3,t-BuXPhos,77.78682066,30.424705505371094,18.47719383239746
reaction:699,t-BuXPhos,3,t-BuXPhos,69.39495874,30.424705505371094,18.47719383239746
reaction:700,t-BuXPhos,3,t-BuXPhos,84.60201966,30.424705505371094,18.47719383239746
reaction:701,t-BuXPhos,3,t-BuXPhos,85.14015258,30.424705505371094,18.47719383239746
reaction:702,t-BuXPhos,3,t-BuXPhos,12.48383732,30.424705505371094,18.47719383239746
reaction:703,t-BuXPhos,3,t-BuXPhos,78.00495066,30.424705505371094,18.47719383239746
reaction:704,t-BuXPhos,3,t-BuXPhos,83.73721982,30.424705505371094,18.47719383239746
reaction:705,t-BuXPhos,3,t-BuXPhos,26.05284451,30.424705505371094,18.47719383239746
reaction:706,t-BuXPhos,3,t-BuXPhos,53.83922891,30.424705505371094,18.47719383239746
reaction:707,t-BuXPhos,3,t-BuXPhos,52.3137348,30.424705505371094,18.47719383239746
reaction:708,t-BuXPhos,3,t-BuXPhos,3.500057239,30.424705505371094,18.47719383239746
reaction:709,t-BuXPhos,3,t-BuXPhos,49.39865649,30.424705505371094,18.47719383239746
reaction:710,t-BuXPhos,3,t-BuXPhos,56.13504943,30.424705505371094,18.47719383239746
reaction:711,t-BuXPhos,3,t-BuXPhos,16.2490011,30.424705505371094,18.47719383239746
reaction:712,t-BuXPhos,3,t-BuXPhos,79.87241595,30.424705505371094,18.47719383239746
reaction:713,t-BuXPhos,3,t-BuXPhos,81.15116736,30.424705505371094,18.47719383239746
reaction:714,t-BuXPhos,3,t-BuXPhos,88.44637346,30.424705505371094,18.47719383239746
reaction:715,t-BuXPhos,3,t-BuXPhos,93.09950718,30.424705505371094,18.47719383239746
reaction:716,t-BuXPhos,3,t-BuXPhos,99.99999,30.424705505371094,18.47719383239746
reaction:717,t-BuXPhos,3,t-BuXPhos,36.89391539,30.424705505371094,18.47719383239746
reaction:718,t-BuXPhos,3,t-BuXPhos,94.34623373,30.424705505371094,18.47719383239746
reaction:719,t-BuXPhos,3,t-BuXPhos,93.02887198,30.424705505371094,18.47719383239746
reaction:720,t-BuXPhos,3,t-BuXPhos,34.28672739,30.424705505371094,18.47719383239746
reaction:721,t-BuXPhos,3,t-BuXPhos,51.07128287,30.424705505371094,18.47719383239746
reaction:722,t-BuXPhos,3,t-BuXPhos,44.71241275,30.424705505371094,18.47719383239746
reaction:723,t-BuXPhos,3,t-BuXPhos,1.112505085,30.424705505371094,18.47719383239746
reaction:724,t-BuXPhos,3,t-BuXPhos,50.90618574,30.424705505371094,18.47719383239746
reaction:725,t-BuXPhos,3,t-BuXPhos,54.23706048,30.424705505371094,18.47719383239746
reaction:726,t-BuXPhos,3,t-BuXPhos,4.695061055,30.424705505371094,18.47719383239746
reaction:727,t-BuXPhos,3,t-BuXPhos,83.3036144,30.424705505371094,18.47719383239746
reaction:728,t-BuXPhos,3,t-BuXPhos,70.00785114,30.424705505371094,18.47719383239746
reaction:729,t-BuXPhos,3,t-BuXPhos,52.85443039,30.424705505371094,18.47719383239746
reaction:730,t-BuXPhos,3,t-BuXPhos,72.15476775,30.424705505371094,18.47719383239746
reaction:731,t-BuXPhos,3,t-BuXPhos,73.13874552,30.424705505371094,18.47719383239746
reaction:732,t-BuXPhos,3,t-BuXPhos,18.412337,30.424705505371094,18.47719383239746
reaction:733,t-BuXPhos,3,t-BuXPhos,1.57607478,30.424705505371094,18.47719383239746
reaction:734,t-BuXPhos,3,t-BuXPhos,1.834161249,30.424705505371094,18.47719383239746
reaction:735,t-BuXPhos,3,t-BuXPhos,39.94694428,30.424705505371094,18.47719383239746
reaction:736,t-BuXPhos,3,t-BuXPhos,54.22375463,30.424705505371094,18.47719383239746
reaction:737,t-BuXPhos,3,t-BuXPhos,50.12467654,30.424705505371094,18.47719383239746
reaction:738,t-BuXPhos,3,t-BuXPhos,1.102452884,30.424705505371094,18.47719383239746
reaction:739,t-BuXPhos,3,t-BuXPhos,45.39654665,30.424705505371094,18.47719383239746
reaction:740,t-BuXPhos,3,t-BuXPhos,51.57354724,30.424705505371094,18.47719383239746
reaction:741,t-BuXPhos,3,t-BuXPhos,77.85802389,30.424705505371094,18.47719383239746
reaction:742,t-BuXPhos,3,t-BuXPhos,80.13587028,30.424705505371094,18.47719383239746
reaction:743,t-BuXPhos,3,t-BuXPhos,80.58863006,30.424705505371094,18.47719383239746
reaction:744,t-BuXPhos,3,t-BuXPhos,86.25411640000002,30.424705505371094,18.47719383239746
reaction:745,t-BuXPhos,3,t-BuXPhos,91.93340238,30.424705505371094,18.47719383239746
reaction:746,t-BuXPhos,3,t-BuXPhos,49.30997149,30.424705505371094,18.47719383239746
reaction:747,t-BuXPhos,3,t-BuXPhos,86.10507439,30.424705505371094,18.47719383239746
reaction:748,t-BuXPhos,3,t-BuXPhos,88.16754027,30.424705505371094,18.47719383239746
reaction:749,t-BuXPhos,3,t-BuXPhos,45.04099086,30.424705505371094,18.47719383239746
reaction:750,t-BuXPhos,3,t-BuXPhos,52.01896484,30.424705505371094,18.47719383239746
reaction:751,t-BuXPhos,3,t-BuXPhos,50.27132659,30.424705505371094,18.47719383239746
reaction:752,t-BuXPhos,3,t-BuXPhos,1.402918235,30.424705505371094,18.47719383239746
reaction:753,t-BuXPhos,3,t-BuXPhos,50.57898439,30.424705505371094,18.47719383239746
reaction:754,t-BuXPhos,3,t-BuXPhos,51.23480839,30.424705505371094,18.47719383239746
reaction:755,t-BuXPhos,3,t-BuXPhos,6.591475121,30.424705505371094,18.47719383239746
reaction:756,t-BuXPhos,3,t-BuXPhos,83.09647392,30.424705505371094,18.47719383239746
reaction:757,t-BuXPhos,3,t-BuXPhos,79.26160687,30.424705505371094,18.47719383239746
reaction:758,t-BuXPhos,3,t-BuXPhos,86.19439925,30.424705505371094,18.47719383239746
reaction:759,t-BuXPhos,3,t-BuXPhos,91.26694463,30.424705505371094,18.47719383239746
reaction:760,t-BuXPhos,3,t-BuXPhos,95.38648822,30.424705505371094,18.47719383239746
reaction:761,t-BuXPhos,3,t-BuXPhos,63.26443611,30.424705505371094,18.47719383239746
reaction:762,t-BuXPhos,3,t-BuXPhos,94.87994774,30.424705505371094,18.47719383239746
reaction:763,t-BuXPhos,3,t-BuXPhos,93.42111456,30.424705505371094,18.47719383239746
reaction:764,t-BuXPhos,3,t-BuXPhos,31.76101887,30.424705505371094,18.47719383239746
reaction:765,t-BuXPhos,3,t-BuXPhos,47.94242943,30.424705505371094,18.47719383239746
reaction:766,t-BuXPhos,3,t-BuXPhos,42.81292825,30.424705505371094,18.47719383239746
reaction:767,t-BuXPhos,3,t-BuXPhos,0.39886034,30.424705505371094,18.47719383239746
reaction:768,t-BuXPhos,3,t-BuXPhos,45.57576479,30.424705505371094,18.47719383239746
reaction:769,t-BuXPhos,3,t-BuXPhos,49.32093179,30.424705505371094,18.47719383239746
reaction:770,t-BuXPhos,3,t-BuXPhos,3.622466468,30.424705505371094,18.47719383239746
reaction:771,t-BuXPhos,3,t-BuXPhos,75.31115449,30.424705505371094,18.47719383239746
reaction:772,t-BuXPhos,3,t-BuXPhos,67.19184926,30.424705505371094,18.47719383239746
reaction:773,t-BuXPhos,3,t-BuXPhos,54.63079808,30.424705505371094,18.47719383239746
reaction:774,t-BuXPhos,3,t-BuXPhos,63.14714159,30.424705505371094,18.47719383239746
reaction:775,t-BuXPhos,3,t-BuXPhos,63.83709974,30.424705505371094,18.47719383239746
reaction:776,t-BuXPhos,3,t-BuXPhos,20.39347896,30.424705505371094,18.47719383239746
reaction:777,t-BuXPhos,3,t-BuXPhos,0.0,30.424705505371094,18.47719383239746
reaction:778,t-BuXPhos,3,t-BuXPhos,0.0,30.424705505371094,18.47719383239746
reaction:779,t-BuXPhos,3,t-BuXPhos,34.30918762,30.424705505371094,18.47719383239746
reaction:780,t-BuXPhos,3,t-BuXPhos,52.55061961,30.424705505371094,18.47719383239746
reaction:781,t-BuXPhos,3,t-BuXPhos,52.37811419,30.424705505371094,18.47719383239746
reaction:782,t-BuXPhos,3,t-BuXPhos,0.695297498,30.424705505371094,18.47719383239746
reaction:783,t-BuXPhos,3,t-BuXPhos,43.182647,30.424705505371094,18.47719383239746
reaction:784,t-BuXPhos,3,t-BuXPhos,52.5635645,30.424705505371094,18.47719383239746
reaction:785,t-BuXPhos,3,t-BuXPhos,3.012114112,30.424705505371094,18.47719383239746
reaction:786,t-BuXPhos,3,t-BuXPhos,80.58281911,30.424705505371094,18.47719383239746
reaction:787,t-BuXPhos,3,t-BuXPhos,81.02094948,30.424705505371094,18.47719383239746
reaction:788,t-BuXPhos,3,t-BuXPhos,76.63515592,30.424705505371094,18.47719383239746
reaction:789,t-BuXPhos,3,t-BuXPhos,88.44485055,30.424705505371094,18.47719383239746
reaction:790,t-BuXPhos,3,t-BuXPhos,90.22793001,30.424705505371094,18.47719383239746
reaction:791,t-BuXPhos,3,t-BuXPhos,30.758172,30.424705505371094,18.47719383239746
reaction:792,t-BuXPhos,3,t-BuXPhos,85.68357471,30.424705505371094,18.47719383239746
reaction:793,t-BuXPhos,3,t-BuXPhos,86.971127,30.424705505371094,18.47719383239746
reaction:794,t-BuXPhos,3,t-BuXPhos,34.96627405,30.424705505371094,18.47719383239746
reaction:795,t-BuXPhos,3,t-BuXPhos,0.97555089,30.424705505371094,18.47719383239746
reaction:796,t-BuXPhos,3,t-BuXPhos,44.07099157,30.424705505371094,18.47719383239746
reaction:797,t-BuXPhos,3,t-BuXPhos,48.93807733,30.424705505371094,18.47719383239746
reaction:798,t-BuXPhos,3,t-BuXPhos,3.893641215,30.424705505371094,18.47719383239746
reaction:799,t-BuXPhos,3,t-BuXPhos,79.05542624,30.424705505371094,18.47719383239746
reaction:800,t-BuXPhos,3,t-BuXPhos,79.63886176,30.424705505371094,18.47719383239746
reaction:801,t-BuXPhos,3,t-BuXPhos,86.00345438,30.424705505371094,18.47719383239746
reaction:802,t-BuXPhos,3,t-BuXPhos,92.13719474,30.424705505371094,18.47719383239746
reaction:803,t-BuXPhos,3,t-BuXPhos,91.51096876,30.424705505371094,18.47719383239746
reaction:804,t-BuXPhos,3,t-BuXPhos,30.83522639,30.424705505371094,18.47719383239746
reaction:805,t-BuXPhos,3,t-BuXPhos,92.72370704,30.424705505371094,18.47719383239746
reaction:806,t-BuXPhos,3,t-BuXPhos,92.25602815,30.424705505371094,18.47719383239746
reaction:807,t-BuBrettPhos,2,t-BuBrettPhos,9.322132163,31.570100784301758,19.021406173706055
reaction:808,t-BuBrettPhos,2,t-BuBrettPhos,13.23389373,31.574005126953125,19.021406173706055
reaction:809,t-BuBrettPhos,2,t-BuBrettPhos,12.65611523,31.575950622558594,19.021404266357422
reaction:810,t-BuBrettPhos,2,t-BuBrettPhos,0.862512473,31.56362533569336,19.021408081054688
reaction:811,t-BuBrettPhos,2,t-BuBrettPhos,11.12595571,31.57553482055664,19.021404266357422
reaction:812,t-BuBrettPhos,2,t-BuBrettPhos,11.33541199,31.58072853088379,19.021404266357422
reaction:813,t-BuBrettPhos,2,t-BuBrettPhos,3.848767902,31.567808151245117,19.021406173706055
reaction:814,t-BuBrettPhos,2,t-BuBrettPhos,26.55673667,31.586000442504883,19.021404266357422
reaction:815,t-BuBrettPhos,2,t-BuBrettPhos,25.42117806,31.591440200805664,19.021404266357422
reaction:816,t-BuBrettPhos,2,t-BuBrettPhos,23.70056273,31.583473205566406,19.021404266357422
reaction:817,t-BuBrettPhos,2,t-BuBrettPhos,25.95507424,31.585575103759766,19.021404266357422
reaction:818,t-BuBrettPhos,2,t-BuBrettPhos,35.80276164,31.592302322387695,19.021404266357422
reaction:819,t-BuBrettPhos,2,t-BuBrettPhos,66.85191048,31.619243621826172,19.021406173706055
reaction:820,t-BuBrettPhos,2,t-BuBrettPhos,70.56509529,31.620542526245117,19.021404266357422
reaction:821,t-BuBrettPhos,2,t-BuBrettPhos,66.6354412,31.619935989379883,19.021404266357422
reaction:822,t-BuBrettPhos,2,t-BuBrettPhos,3.468901589,31.56801414489746,19.021406173706055
reaction:823,t-BuBrettPhos,2,t-BuBrettPhos,31.17955703,31.5827579498291,19.021404266357422
reaction:824,t-BuBrettPhos,2,t-BuBrettPhos,44.26289513,31.595203399658203,19.021404266357422
reaction:825,t-BuBrettPhos,2,t-BuBrettPhos,0.0,31.562170028686523,19.021406173706055
reaction:826,t-BuBrettPhos,2,t-BuBrettPhos,11.31352123,31.577259063720703,19.021404266357422
reaction:827,t-BuBrettPhos,2,t-BuBrettPhos,33.79435982,31.601808547973633,19.021404266357422
reaction:828,t-BuBrettPhos,2,t-BuBrettPhos,0.0,31.564374923706055,19.021406173706055
reaction:829,t-BuBrettPhos,2,t-BuBrettPhos,36.54381967,31.590639114379883,19.021404266357422
reaction:830,t-BuBrettPhos,2,t-BuBrettPhos,78.50560016,31.618459701538086,19.021404266357422
reaction:831,t-BuBrettPhos,2,t-BuBrettPhos,32.19059222,31.580827713012695,19.021404266357422
reaction:832,t-BuBrettPhos,2,t-BuBrettPhos,55.46040564,31.58588981628418,19.021404266357422
reaction:833,t-BuBrettPhos,2,t-BuBrettPhos,81.63511603,31.608577728271484,19.021404266357422
reaction:834,t-BuBrettPhos,2,t-BuBrettPhos,4.546243303,31.57255744934082,19.021406173706055
reaction:835,t-BuBrettPhos,2,t-BuBrettPhos,60.54913452,31.60816764831543,19.021404266357422
reaction:836,t-BuBrettPhos,2,t-BuBrettPhos,71.15077458,31.620250701904297,19.021404266357422
reaction:837,t-BuBrettPhos,2,t-BuBrettPhos,22.42347536,31.57823944091797,19.021406173706055
reaction:838,t-BuBrettPhos,2,t-BuBrettPhos,41.46468331,31.593717575073242,19.021404266357422
reaction:839,t-BuBrettPhos,2,t-BuBrettPhos,54.24578847,31.608224868774414,19.021404266357422
reaction:840,t-BuBrettPhos,2,t-BuBrettPhos,1.581660756,31.56365394592285,19.021406173706055
reaction:841,t-BuBrettPhos,2,t-BuBrettPhos,20.76458994,31.590818405151367,19.021404266357422
reaction:842,t-BuBrettPhos,2,t-BuBrettPhos,36.05750203,31.612089157104492,19.021404266357422
reaction:843,t-BuBrettPhos,2,t-BuBrettPhos,7.805738503,31.56798553466797,19.021406173706055
reaction:844,t-BuBrettPhos,2,t-BuBrettPhos,52.90774845,31.609935760498047,19.021404266357422
reaction:845,t-BuBrettPhos,2,t-BuBrettPhos,83.29437838,31.634008407592773,19.021404266357422
reaction:846,t-BuBrettPhos,2,t-BuBrettPhos,50.80872036,31.607885360717773,19.021404266357422
reaction:847,t-BuBrettPhos,2,t-BuBrettPhos,71.49385038,31.61648941040039,19.021404266357422
reaction:848,t-BuBrettPhos,2,t-BuBrettPhos,99.99999,31.639144897460938,19.021404266357422
reaction:849,t-BuBrettPhos,2,t-BuBrettPhos,29.94942755,31.5853328704834,19.021406173706055
reaction:850,t-BuBrettPhos,2,t-BuBrettPhos,80.02767877,31.627445220947266,19.021404266357422
reaction:851,t-BuBrettPhos,2,t-BuBrettPhos,88.40427326,31.641862869262695,19.021404266357422
reaction:852,t-BuBrettPhos,2,t-BuBrettPhos,7.021683633,31.56952476501465,19.021406173706055
reaction:853,t-BuBrettPhos,2,t-BuBrettPhos,32.41068171,31.601318359375,19.021406173706055
reaction:854,t-BuBrettPhos,2,t-BuBrettPhos,34.60429695,31.605497360229492,19.021406173706055
reaction:855,t-BuBrettPhos,2,t-BuBrettPhos,0.51807887,31.56338882446289,19.021408081054688
reaction:856,t-BuBrettPhos,2,t-BuBrettPhos,38.44240466,31.612445831298828,19.021406173706055
reaction:857,t-BuBrettPhos,2,t-BuBrettPhos,50.89816476,31.614931106567383,19.021406173706055
reaction:858,t-BuBrettPhos,2,t-BuBrettPhos,5.429390182,31.56621551513672,19.021406173706055
reaction:859,t-BuBrettPhos,2,t-BuBrettPhos,70.22907456,31.635400772094727,19.021404266357422
reaction:860,t-BuBrettPhos,2,t-BuBrettPhos,73.4448659,31.63530731201172,19.021404266357422
reaction:861,t-BuBrettPhos,2,t-BuBrettPhos,68.99091328,31.63222312927246,19.021404266357422
reaction:862,t-BuBrettPhos,2,t-BuBrettPhos,87.93113193,31.637916564941406,19.021404266357422
reaction:863,t-BuBrettPhos,2,t-BuBrettPhos,89.46707858,31.644153594970703,19.021406173706055
reaction:864,t-BuBrettPhos,2,t-BuBrettPhos,6.160292213,31.57301902770996,19.021406173706055
reaction:865,t-BuBrettPhos,2,t-BuBrettPhos,4.80921591,31.575885772705078,19.021406173706055
reaction:866,t-BuBrettPhos,2,t-BuBrettPhos,4.592618792,31.58058738708496,19.021406173706055
reaction:867,t-BuBrettPhos,2,t-BuBrettPhos,25.85124884,31.586034774780273,19.021404266357422
reaction:868,t-BuBrettPhos,2,t-BuBrettPhos,48.4805474,31.609228134155273,19.021404266357422
reaction:869,t-BuBrettPhos,2,t-BuBrettPhos,47.29404915,31.610132217407227,19.021404266357422
reaction:870,t-BuBrettPhos,2,t-BuBrettPhos,0.682447226,31.56281089782715,19.021406173706055
reaction:871,t-BuBrettPhos,2,t-BuBrettPhos,40.82349272,31.607471466064453,19.021404266357422
reaction:872,t-BuBrettPhos,2,t-BuBrettPhos,45.50089871,31.611587524414062,19.021404266357422
reaction:873,t-BuBrettPhos,2,t-BuBrettPhos,2.461539411,31.564523696899414,19.021406173706055
reaction:874,t-BuBrettPhos,2,t-BuBrettPhos,73.58359974,31.63072967529297,19.021404266357422
reaction:875,t-BuBrettPhos,2,t-BuBrettPhos,79.18190676,31.638275146484375,19.021404266357422
reaction:876,t-BuBrettPhos,2,t-BuBrettPhos,78.17281005,31.62335968017578,19.021404266357422
reaction:877,t-BuBrettPhos,2,t-BuBrettPhos,84.44355873,31.628427505493164,19.021404266357422
reaction:878,t-BuBrettPhos,2,t-BuBrettPhos,91.20970452,31.631481170654297,19.021404266357422
reaction:879,t-BuBrettPhos,2,t-BuBrettPhos,40.48243437,31.59554672241211,19.021406173706055
reaction:880,t-BuBrettPhos,2,t-BuBrettPhos,78.37132703,31.637441635131836,19.021404266357422
reaction:881,t-BuBrettPhos,2,t-BuBrettPhos,23.89038147,31.588090896606445,19.021404266357422
reaction:882,t-BuBrettPhos,2,t-BuBrettPhos,46.79588748,31.613750457763672,19.021404266357422
reaction:883,t-BuBrettPhos,2,t-BuBrettPhos,46.14092963,31.616788864135742,19.021404266357422
reaction:884,t-BuBrettPhos,2,t-BuBrettPhos,0.81239337,31.562965393066406,19.021406173706055
reaction:885,t-BuBrettPhos,2,t-BuBrettPhos,34.83452753,31.614641189575195,19.021404266357422
reaction:886,t-BuBrettPhos,2,t-BuBrettPhos,44.26066466,31.616012573242188,19.021404266357422
reaction:887,t-BuBrettPhos,2,t-BuBrettPhos,9.034825048,31.564823150634766,19.021406173706055
reaction:888,t-BuBrettPhos,2,t-BuBrettPhos,74.23566846,31.64089584350586,19.021404266357422
reaction:889,t-BuBrettPhos,2,t-BuBrettPhos,78.10978605,31.64687728881836,19.021404266357422
reaction:890,t-BuBrettPhos,2,t-BuBrettPhos,86.12188158,31.644567489624023,19.021404266357422
reaction:891,t-BuBrettPhos,2,t-BuBrettPhos,87.95919128,31.65056037902832,19.021404266357422
reaction:892,t-BuBrettPhos,2,t-BuBrettPhos,92.35381549,31.656070709228516,19.021404266357422
reaction:893,t-BuBrettPhos,2,t-BuBrettPhos,42.37662469,31.598466873168945,19.021406173706055
reaction:894,t-BuBrettPhos,2,t-BuBrettPhos,89.5866498,31.64987564086914,19.021404266357422
reaction:895,t-BuBrettPhos,2,t-BuBrettPhos,88.35188783,31.651386260986328,19.021404266357422
reaction:896,t-BuBrettPhos,2,t-BuBrettPhos,1.039364305,31.56549644470215,19.021406173706055
reaction:897,t-BuBrettPhos,2,t-BuBrettPhos,23.78240992,31.580087661743164,19.021406173706055
reaction:898,t-BuBrettPhos,2,t-BuBrettPhos,28.58196621,31.60036849975586,19.021406173706055
reaction:899,t-BuBrettPhos,2,t-BuBrettPhos,0.0,31.562274932861328,19.021408081054688
reaction:900,t-BuBrettPhos,2,t-BuBrettPhos,44.72607544,31.611587524414062,19.021406173706055
reaction:901,t-BuBrettPhos,2,t-BuBrettPhos,37.40734019,31.616893768310547,19.021404266357422
reaction:902,t-BuBrettPhos,2,t-BuBrettPhos,7.259312325,31.563526153564453,19.021406173706055
reaction:903,t-BuBrettPhos,2,t-BuBrettPhos,68.29340203,31.635753631591797,19.021404266357422
reaction:904,t-BuBrettPhos,2,t-BuBrettPhos,71.5462211,31.63776969909668,19.021404266357422
reaction:905,t-BuBrettPhos,2,t-BuBrettPhos,69.08248124,31.63361358642578,19.021404266357422
reaction:906,t-BuBrettPhos,2,t-BuBrettPhos,88.30829539,31.640615463256836,19.021404266357422
reaction:907,t-BuBrettPhos,2,t-BuBrettPhos,92.90401218,31.64639663696289,19.021404266357422
reaction:908,t-BuBrettPhos,2,t-BuBrettPhos,1.691952122,31.566152572631836,19.021406173706055
reaction:909,t-BuBrettPhos,2,t-BuBrettPhos,0.955483806,31.576753616333008,19.021406173706055
reaction:910,t-BuBrettPhos,2,t-BuBrettPhos,0.597977578,31.58089256286621,19.021406173706055
reaction:911,t-BuBrettPhos,2,t-BuBrettPhos,13.50296194,31.571470260620117,19.021404266357422
reaction:912,t-BuBrettPhos,2,t-BuBrettPhos,48.49744103,31.605680465698242,19.021404266357422
reaction:913,t-BuBrettPhos,2,t-BuBrettPhos,50.86308576,31.611879348754883,19.021404266357422
reaction:914,t-BuBrettPhos,2,t-BuBrettPhos,0.0,31.56227684020996,19.021406173706055
reaction:915,t-BuBrettPhos,2,t-BuBrettPhos,47.57684436,31.604488372802734,19.021404266357422
reaction:916,t-BuBrettPhos,2,t-BuBrettPhos,54.42113597,31.613304138183594,19.021404266357422
reaction:917,t-BuBrettPhos,2,t-BuBrettPhos,0.0,31.562767028808594,19.021404266357422
reaction:918,t-BuBrettPhos,2,t-BuBrettPhos,77.66498135,31.629060745239258,19.021404266357422
reaction:919,t-BuBrettPhos,2,t-BuBrettPhos,81.47790375,31.64029312133789,19.021404266357422
reaction:920,t-BuBrettPhos,2,t-BuBrettPhos,63.40623793,31.61148452758789,19.021404266357422
reaction:921,t-BuBrettPhos,2,t-BuBrettPhos,77.4707991,31.62417984008789,19.021404266357422
reaction:922,t-BuBrettPhos,2,t-BuBrettPhos,90.37135809,31.634998321533203,19.021404266357422
reaction:923,t-BuBrettPhos,2,t-BuBrettPhos,13.89042777,31.57258415222168,19.021404266357422
reaction:924,t-BuBrettPhos,2,t-BuBrettPhos,81.62368897,31.635957717895508,19.021404266357422
reaction:925,t-BuBrettPhos,2,t-BuBrettPhos,83.33821324,31.642234802246094,19.021404266357422
reaction:926,t-BuBrettPhos,2,t-BuBrettPhos,18.21528105,31.573585510253906,19.021404266357422
reaction:927,t-BuBrettPhos,2,t-BuBrettPhos,49.51819322,31.609058380126953,19.021404266357422
reaction:928,t-BuBrettPhos,2,t-BuBrettPhos,47.67937659,31.617225646972656,19.021404266357422
reaction:929,t-BuBrettPhos,2,t-BuBrettPhos,0.354218547,31.56229019165039,19.021406173706055
reaction:930,t-BuBrettPhos,2,t-BuBrettPhos,48.43208177,31.611000061035156,19.021404266357422
reaction:931,t-BuBrettPhos,2,t-BuBrettPhos,43.57558027,31.61777687072754,19.021404266357422
reaction:932,t-BuBrettPhos,2,t-BuBrettPhos,4.2283815680000005,31.562829971313477,19.021404266357422
reaction:933,t-BuBrettPhos,2,t-BuBrettPhos,79.45834404,31.639158248901367,19.021404266357422
reaction:934,t-BuBrettPhos,2,t-BuBrettPhos,79.06108402,31.64788055419922,19.021404266357422
reaction:935,t-BuBrettPhos,2,t-BuBrettPhos,87.76406197,31.63479232788086,19.021404266357422
reaction:936,t-BuBrettPhos,2,t-BuBrettPhos,93.03255731,31.647018432617188,19.021404266357422
reaction:937,t-BuBrettPhos,2,t-BuBrettPhos,98.84920594,31.658916473388672,19.021404266357422
reaction:938,t-BuBrettPhos,2,t-BuBrettPhos,14.59032311,31.572208404541016,19.021404266357422
reaction:939,t-BuBrettPhos,2,t-BuBrettPhos,93.74857618,31.64484977722168,19.021404266357422
reaction:940,t-BuBrettPhos,2,t-BuBrettPhos,93.10117477,31.653770446777344,19.021404266357422
reaction:941,AdBrettPhos,0,AdBrettPhos,9.062775444,32.92903518676758,18.66130828857422
reaction:942,AdBrettPhos,0,AdBrettPhos,13.5242012,32.92903518676758,18.66130828857422
reaction:943,AdBrettPhos,0,AdBrettPhos,13.8481868,32.92903518676758,18.66130828857422
reaction:944,AdBrettPhos,0,AdBrettPhos,1.858564029,32.92903518676758,18.66130828857422
reaction:945,AdBrettPhos,0,AdBrettPhos,13.88581248,32.92903518676758,18.66130828857422
reaction:946,AdBrettPhos,0,AdBrettPhos,16.72117045,32.92903518676758,18.66130828857422
reaction:947,AdBrettPhos,0,AdBrettPhos,6.264897465,32.92903518676758,18.66130828857422
reaction:948,AdBrettPhos,0,AdBrettPhos,23.31600153,32.92903518676758,18.66130828857422
reaction:949,AdBrettPhos,0,AdBrettPhos,26.3918508,32.92903518676758,18.66130828857422
reaction:950,AdBrettPhos,0,AdBrettPhos,19.27582448,32.92903518676758,18.66130828857422
reaction:951,AdBrettPhos,0,AdBrettPhos,20.15990301,32.92903518676758,18.66130828857422
reaction:952,AdBrettPhos,0,AdBrettPhos,27.24737039,32.92903518676758,18.66130828857422
reaction:953,AdBrettPhos,0,AdBrettPhos,68.47251074,32.92903518676758,18.66130828857422
reaction:954,AdBrettPhos,0,AdBrettPhos,71.41375314,32.92903518676758,18.66130828857422
reaction:955,AdBrettPhos,0,AdBrettPhos,68.57486471,32.92903518676758,18.66130828857422
reaction:956,AdBrettPhos,0,AdBrettPhos,3.309805744,32.92903518676758,18.66130828857422
reaction:957,AdBrettPhos,0,AdBrettPhos,19.84794125,32.92903518676758,18.66130828857422
reaction:958,AdBrettPhos,0,AdBrettPhos,35.66483427,32.92903518676758,18.66130828857422
reaction:959,AdBrettPhos,0,AdBrettPhos,0.0,32.92903518676758,18.66130828857422
reaction:960,AdBrettPhos,0,AdBrettPhos,15.1448727,32.92903518676758,18.66130828857422
reaction:961,AdBrettPhos,0,AdBrettPhos,47.46105675,32.92903518676758,18.66130828857422
reaction:962,AdBrettPhos,0,AdBrettPhos,0.620480408,32.92903518676758,18.66130828857422
reaction:963,AdBrettPhos,0,AdBrettPhos,27.30055458,32.92903518676758,18.66130828857422
reaction:964,AdBrettPhos,0,AdBrettPhos,67.48065191,32.92903518676758,18.66130828857422
reaction:965,AdBrettPhos,0,AdBrettPhos,17.316822600000002,32.92903518676758,18.66130828857422
reaction:966,AdBrettPhos,0,AdBrettPhos,16.25514799,32.92903518676758,18.66130828857422
reaction:967,AdBrettPhos,0,AdBrettPhos,50.42857568,32.92903518676758,18.66130828857422
reaction:968,AdBrettPhos,0,AdBrettPhos,4.713893798,32.92903518676758,18.66130828857422
reaction:969,AdBrettPhos,0,AdBrettPhos,45.27091516,32.92903518676758,18.66130828857422
reaction:970,AdBrettPhos,0,AdBrettPhos,58.943816000000005,32.92903518676758,18.66130828857422
reaction:971,AdBrettPhos,0,AdBrettPhos,20.59737033,32.92903518676758,18.66130828857422
reaction:972,AdBrettPhos,0,AdBrettPhos,33.22033214,32.92903518676758,18.66130828857422
reaction:973,AdBrettPhos,0,AdBrettPhos,48.38997285,32.92903518676758,18.66130828857422
reaction:974,AdBrettPhos,0,AdBrettPhos,2.0185504880000003,32.92903518676758,18.66130828857422
reaction:975,AdBrettPhos,0,AdBrettPhos,28.52881836,32.92903518676758,18.66130828857422
reaction:976,AdBrettPhos,0,AdBrettPhos,49.32388819,32.92903518676758,18.66130828857422
reaction:977,AdBrettPhos,0,AdBrettPhos,7.120028255,32.92903518676758,18.66130828857422
reaction:978,AdBrettPhos,0,AdBrettPhos,49.40490981,32.92903518676758,18.66130828857422
reaction:979,AdBrettPhos,0,AdBrettPhos,74.16554821,32.92903518676758,18.66130828857422
reaction:980,AdBrettPhos,0,AdBrettPhos,44.47903411,32.92903518676758,18.66130828857422
reaction:981,AdBrettPhos,0,AdBrettPhos,59.28097568,32.92903518676758,18.66130828857422
reaction:982,AdBrettPhos,0,AdBrettPhos,81.51017538,32.92903518676758,18.66130828857422
reaction:983,AdBrettPhos,0,AdBrettPhos,28.30443344,32.92903518676758,18.66130828857422
reaction:984,AdBrettPhos,0,AdBrettPhos,68.89095082,32.92903518676758,18.66130828857422
reaction:985,AdBrettPhos,0,AdBrettPhos,84.40270662,32.92903518676758,18.66130828857422
reaction:986,AdBrettPhos,0,AdBrettPhos,5.298717423,32.92903518676758,18.66130828857422
reaction:987,AdBrettPhos,0,AdBrettPhos,41.59326244,32.92903518676758,18.66130828857422
reaction:988,AdBrettPhos,0,AdBrettPhos,44.78270058,32.92903518676758,18.66130828857422
reaction:989,AdBrettPhos,0,AdBrettPhos,1.262424529,32.92903518676758,18.66130828857422
reaction:990,AdBrettPhos,0,AdBrettPhos,53.17975334,32.92903518676758,18.66130828857422
reaction:991,AdBrettPhos,0,AdBrettPhos,54.63240731,32.92903518676758,18.66130828857422
reaction:992,AdBrettPhos,0,AdBrettPhos,4.246823607,32.92903518676758,18.66130828857422
reaction:993,AdBrettPhos,0,AdBrettPhos,82.46360414,32.92903518676758,18.66130828857422
reaction:994,AdBrettPhos,0,AdBrettPhos,79.07623711,32.92903518676758,18.66130828857422
reaction:995,AdBrettPhos,0,AdBrettPhos,74.61155282,32.92903518676758,18.66130828857422
reaction:996,AdBrettPhos,0,AdBrettPhos,83.37705512,32.92903518676758,18.66130828857422
reaction:997,AdBrettPhos,0,AdBrettPhos,91.37329051,32.92903518676758,18.66130828857422
reaction:998,AdBrettPhos,0,AdBrettPhos,9.147761663,32.92903518676758,18.66130828857422
reaction:999,AdBrettPhos,0,AdBrettPhos,1.707595349,32.92903518676758,18.66130828857422
reaction:1000,AdBrettPhos,0,AdBrettPhos,2.733728741,32.92903518676758,18.66130828857422
reaction:1001,AdBrettPhos,0,AdBrettPhos,25.8434488,32.92903518676758,18.66130828857422
reaction:1002,AdBrettPhos,0,AdBrettPhos,48.06786456,32.92903518676758,18.66130828857422
reaction:1003,AdBrettPhos,0,AdBrettPhos,48.00212967,32.92903518676758,18.66130828857422
reaction:1004,AdBrettPhos,0,AdBrettPhos,0.85894734,32.92903518676758,18.66130828857422
reaction:1005,AdBrettPhos,0,AdBrettPhos,46.19696168,32.92903518676758,18.66130828857422
reaction:1006,AdBrettPhos,0,AdBrettPhos,51.39664392,32.92903518676758,18.66130828857422
reaction:1007,AdBrettPhos,0,AdBrettPhos,2.615785832,32.92903518676758,18.66130828857422
reaction:1008,AdBrettPhos,0,AdBrettPhos,73.85492194,32.92903518676758,18.66130828857422
reaction:1009,AdBrettPhos,0,AdBrettPhos,78.46972259,32.92903518676758,18.66130828857422
reaction:1010,AdBrettPhos,0,AdBrettPhos,61.91869342,32.92903518676758,18.66130828857422
reaction:1011,AdBrettPhos,0,AdBrettPhos,66.70576357,32.92903518676758,18.66130828857422
reaction:1012,AdBrettPhos,0,AdBrettPhos,69.8410056,32.92903518676758,18.66130828857422
reaction:1013,AdBrettPhos,0,AdBrettPhos,35.857904600000005,32.92903518676758,18.66130828857422
reaction:1014,AdBrettPhos,0,AdBrettPhos,81.6084941,32.92903518676758,18.66130828857422
reaction:1015,AdBrettPhos,0,AdBrettPhos,84.55661490000001,32.92903518676758,18.66130828857422
reaction:1016,AdBrettPhos,0,AdBrettPhos,28.68684159,32.92903518676758,18.66130828857422
reaction:1017,AdBrettPhos,0,AdBrettPhos,53.85457225,32.92903518676758,18.66130828857422
reaction:1018,AdBrettPhos,0,AdBrettPhos,55.16379105,32.92903518676758,18.66130828857422
reaction:1019,AdBrettPhos,0,AdBrettPhos,1.0681254059999998,32.92903518676758,18.66130828857422
reaction:1020,AdBrettPhos,0,AdBrettPhos,54.23706273,32.92903518676758,18.66130828857422
reaction:1021,AdBrettPhos,0,AdBrettPhos,50.10376029,32.92903518676758,18.66130828857422
reaction:1022,AdBrettPhos,0,AdBrettPhos,3.135484875,32.92903518676758,18.66130828857422
reaction:1023,AdBrettPhos,0,AdBrettPhos,80.39591728,32.92903518676758,18.66130828857422
reaction:1024,AdBrettPhos,0,AdBrettPhos,82.63071562,32.92903518676758,18.66130828857422
reaction:1025,AdBrettPhos,0,AdBrettPhos,89.88953077,32.92903518676758,18.66130828857422
reaction:1026,AdBrettPhos,0,AdBrettPhos,92.89765441,32.92903518676758,18.66130828857422
reaction:1027,AdBrettPhos,0,AdBrettPhos,94.14846732,32.92903518676758,18.66130828857422
reaction:1028,AdBrettPhos,0,AdBrettPhos,41.58551371,32.92903518676758,18.66130828857422
reaction:1029,AdBrettPhos,0,AdBrettPhos,95.12897845,32.92903518676758,18.66130828857422
reaction:1030,AdBrettPhos,0,AdBrettPhos,92.39124083,32.92903518676758,18.66130828857422
reaction:1031,AdBrettPhos,0,AdBrettPhos,1.261091862,32.92903518676758,18.66130828857422
reaction:1032,AdBrettPhos,0,AdBrettPhos,12.61696696,32.92903518676758,18.66130828857422
reaction:1033,AdBrettPhos,0,AdBrettPhos,36.64285561,32.92903518676758,18.66130828857422
reaction:1034,AdBrettPhos,0,AdBrettPhos,0.0,32.92903518676758,18.66130828857422
reaction:1035,AdBrettPhos,0,AdBrettPhos,52.34346738,32.92903518676758,18.66130828857422
reaction:1036,AdBrettPhos,0,AdBrettPhos,57.08877056,32.92903518676758,18.66130828857422
reaction:1037,AdBrettPhos,0,AdBrettPhos,1.117675591,32.92903518676758,18.66130828857422
reaction:1038,AdBrettPhos,0,AdBrettPhos,83.14947865,32.92903518676758,18.66130828857422
reaction:1039,AdBrettPhos,0,AdBrettPhos,82.84063003,32.92903518676758,18.66130828857422
reaction:1040,AdBrettPhos,0,AdBrettPhos,80.49152522,32.92903518676758,18.66130828857422
reaction:1041,AdBrettPhos,0,AdBrettPhos,89.89767813,32.92903518676758,18.66130828857422
reaction:1042,AdBrettPhos,0,AdBrettPhos,94.29690562,32.92903518676758,18.66130828857422
reaction:1043,AdBrettPhos,0,AdBrettPhos,2.241763673,32.92903518676758,18.66130828857422
reaction:1044,AdBrettPhos,0,AdBrettPhos,1.826315609,32.92903518676758,18.66130828857422
reaction:1045,AdBrettPhos,0,AdBrettPhos,0.747631534,32.92903518676758,18.66130828857422
reaction:1046,AdBrettPhos,0,AdBrettPhos,9.328786223,32.92903518676758,18.66130828857422
reaction:1047,AdBrettPhos,0,AdBrettPhos,45.92980056,32.92903518676758,18.66130828857422
reaction:1048,AdBrettPhos,0,AdBrettPhos,52.24472601,32.92903518676758,18.66130828857422
reaction:1049,AdBrettPhos,0,AdBrettPhos,0.338169234,32.92903518676758,18.66130828857422
reaction:1050,AdBrettPhos,0,AdBrettPhos,43.34412585,32.92903518676758,18.66130828857422
reaction:1051,AdBrettPhos,0,AdBrettPhos,53.38444046,32.92903518676758,18.66130828857422
reaction:1052,AdBrettPhos,0,AdBrettPhos,0.841459123,32.92903518676758,18.66130828857422
reaction:1053,AdBrettPhos,0,AdBrettPhos,72.1822742,32.92903518676758,18.66130828857422
reaction:1054,AdBrettPhos,0,AdBrettPhos,83.93941968,32.92903518676758,18.66130828857422
reaction:1055,AdBrettPhos,0,AdBrettPhos,38.32865111,32.92903518676758,18.66130828857422
reaction:1056,AdBrettPhos,0,AdBrettPhos,59.55424843,32.92903518676758,18.66130828857422
reaction:1057,AdBrettPhos,0,AdBrettPhos,77.75555198,32.92903518676758,18.66130828857422
reaction:1058,AdBrettPhos,0,AdBrettPhos,11.79076705,32.92903518676758,18.66130828857422
reaction:1059,AdBrettPhos,0,AdBrettPhos,83.93526521,32.92903518676758,18.66130828857422
reaction:1060,AdBrettPhos,0,AdBrettPhos,90.73131654,32.92903518676758,18.66130828857422
reaction:1061,AdBrettPhos,0,AdBrettPhos,12.78013721,32.92903518676758,18.66130828857422
reaction:1062,AdBrettPhos,0,AdBrettPhos,49.15372199,32.92903518676758,18.66130828857422
reaction:1063,AdBrettPhos,0,AdBrettPhos,55.56585889,32.92903518676758,18.66130828857422
reaction:1064,AdBrettPhos,0,AdBrettPhos,0.3553679289999999,32.92903518676758,18.66130828857422
reaction:1065,AdBrettPhos,0,AdBrettPhos,50.10834683,32.92903518676758,18.66130828857422
reaction:1066,AdBrettPhos,0,AdBrettPhos,53.33497035,32.92903518676758,18.66130828857422
reaction:1067,AdBrettPhos,0,AdBrettPhos,0.968826586,32.92903518676758,18.66130828857422
reaction:1068,AdBrettPhos,0,AdBrettPhos,80.68492948,32.92903518676758,18.66130828857422
reaction:1069,AdBrettPhos,0,AdBrettPhos,83.05466982,32.92903518676758,18.66130828857422
reaction:1070,AdBrettPhos,0,AdBrettPhos,81.37846659,32.92903518676758,18.66130828857422
reaction:1071,AdBrettPhos,0,AdBrettPhos,89.47412112,32.92903518676758,18.66130828857422
reaction:1072,AdBrettPhos,0,AdBrettPhos,95.75260589,32.92903518676758,18.66130828857422
reaction:1073,AdBrettPhos,0,AdBrettPhos,9.967076399,32.92903518676758,18.66130828857422
reaction:1074,AdBrettPhos,0,AdBrettPhos,86.08980917,32.92903518676758,18.66130828857422
reaction:1075,AdBrettPhos,0,AdBrettPhos,94.54981251,32.92903518676758,18.66130828857422
reaction:1076,XPhos,1,XPhos,11.59050003,37.39902114868164,20.433700561523438
reaction:1077,XPhos,1,XPhos,12.36887401,37.39902114868164,20.433700561523438
reaction:1078,XPhos,1,XPhos,16.16257939,37.39902114868164,20.433700561523438
reaction:1079,XPhos,1,XPhos,1.729864191,37.39902114868164,20.433700561523438
reaction:1080,XPhos,1,XPhos,4.215754471,37.39902114868164,20.433700561523438
reaction:1081,XPhos,1,XPhos,4.112217946,37.39902114868164,20.433700561523438
reaction:1082,XPhos,1,XPhos,7.911192525,37.39902114868164,20.433700561523438
reaction:1083,XPhos,1,XPhos,13.99630758,37.39902114868164,20.433700561523438
reaction:1084,XPhos,1,XPhos,18.40781284,37.39902114868164,20.433700561523438
reaction:1085,XPhos,1,XPhos,13.98755594,37.39902114868164,20.433700561523438
reaction:1086,XPhos,1,XPhos,20.04239857,37.39902114868164,20.433700561523438
reaction:1087,XPhos,1,XPhos,19.49452071,37.39902114868164,20.433700561523438
reaction:1088,XPhos,1,XPhos,9.474964289,37.39902114868164,20.433700561523438
reaction:1089,XPhos,1,XPhos,10.26328927,37.39902114868164,20.433700561523438
reaction:1090,XPhos,1,XPhos,14.9442896,37.39902114868164,20.433700561523438
reaction:1091,XPhos,1,XPhos,15.11582189,37.39902114868164,20.433700561523438
reaction:1092,XPhos,1,XPhos,28.39895545,37.39902114868164,20.433700561523438
reaction:1093,XPhos,1,XPhos,34.38141407,37.39902114868164,20.433700561523438
reaction:1094,XPhos,1,XPhos,0.377050084,37.39902114868164,20.433700561523438
reaction:1095,XPhos,1,XPhos,9.043513945,37.39902114868164,20.433700561523438
reaction:1096,XPhos,1,XPhos,13.524053,37.39902114868164,20.433700561523438
reaction:1097,XPhos,1,XPhos,3.045865819,37.39902114868164,20.433700561523438
reaction:1098,XPhos,1,XPhos,26.51530021,37.39902114868164,20.433700561523438
reaction:1099,XPhos,1,XPhos,28.15132537,37.39902114868164,20.433700561523438
reaction:1100,XPhos,1,XPhos,22.49487977,37.39902114868164,20.433700561523438
reaction:1101,XPhos,1,XPhos,37.83294904,37.39902114868164,20.433700561523438
reaction:1102,XPhos,1,XPhos,43.37501152,37.39902114868164,20.433700561523438
reaction:1103,XPhos,1,XPhos,10.00638892,37.39902114868164,20.433700561523438
reaction:1104,XPhos,1,XPhos,21.4669222,37.39902114868164,20.433700561523438
reaction:1105,XPhos,1,XPhos,32.75793304,37.39902114868164,20.433700561523438
reaction:1106,XPhos,1,XPhos,11.65330714,37.39902114868164,20.433700561523438
reaction:1107,XPhos,1,XPhos,22.58353247,37.39902114868164,20.433700561523438
reaction:1108,XPhos,1,XPhos,35.26155109,37.39902114868164,20.433700561523438
reaction:1109,XPhos,1,XPhos,0.275668441,37.39902114868164,20.433700561523438
reaction:1110,XPhos,1,XPhos,4.057606054,37.39902114868164,20.433700561523438
reaction:1111,XPhos,1,XPhos,8.039691846,37.39902114868164,20.433700561523438
reaction:1112,XPhos,1,XPhos,2.547971795,37.39902114868164,20.433700561523438
reaction:1113,XPhos,1,XPhos,17.09448081,37.39902114868164,20.433700561523438
reaction:1114,XPhos,1,XPhos,30.59514524,37.39902114868164,20.433700561523438
reaction:1115,XPhos,1,XPhos,26.31222578,37.39902114868164,20.433700561523438
reaction:1116,XPhos,1,XPhos,50.09944792,37.39902114868164,20.433700561523438
reaction:1117,XPhos,1,XPhos,55.00354925,37.39902114868164,20.433700561523438
reaction:1118,XPhos,1,XPhos,6.968929302,37.39902114868164,20.433700561523438
reaction:1119,XPhos,1,XPhos,18.1188647,37.39902114868164,20.433700561523438
reaction:1120,XPhos,1,XPhos,29.06844689,37.39902114868164,20.433700561523438
reaction:1121,XPhos,1,XPhos,1.25144582,37.39902114868164,20.433700561523438
reaction:1122,XPhos,1,XPhos,8.110761371,37.39902114868164,20.433700561523438
reaction:1123,XPhos,1,XPhos,9.109122278,37.39902114868164,20.433700561523438
reaction:1124,XPhos,1,XPhos,0.121773863,37.39902114868164,20.433700561523438
reaction:1125,XPhos,1,XPhos,3.267294839,37.39902114868164,20.433700561523438
reaction:1126,XPhos,1,XPhos,9.105544009,37.39902114868164,20.433700561523438
reaction:1127,XPhos,1,XPhos,0.689951869,37.39902114868164,20.433700561523438
reaction:1128,XPhos,1,XPhos,8.876631997,37.39902114868164,20.433700561523438
reaction:1129,XPhos,1,XPhos,6.083579291,37.39902114868164,20.433700561523438
reaction:1130,XPhos,1,XPhos,7.972544215,37.39902114868164,20.433700561523438
reaction:1131,XPhos,1,XPhos,11.17697809,37.39902114868164,20.433700561523438
reaction:1132,XPhos,1,XPhos,13.03686492,37.39902114868164,20.433700561523438
reaction:1133,XPhos,1,XPhos,3.23775549,37.39902114868164,20.433700561523438
reaction:1134,XPhos,1,XPhos,7.996830791,37.39902114868164,20.433700561523438
reaction:1135,XPhos,1,XPhos,9.676524882,37.39902114868164,20.433700561523438
reaction:1136,XPhos,1,XPhos,0.0,37.39902114868164,20.433700561523438
reaction:1137,XPhos,1,XPhos,3.342369627,37.39902114868164,20.433700561523438
reaction:1138,XPhos,1,XPhos,23.70536277,37.39902114868164,20.433700561523438
reaction:1139,XPhos,1,XPhos,0.0,37.39902114868164,20.433700561523438
reaction:1140,XPhos,1,XPhos,0.0,37.39902114868164,20.433700561523438
reaction:1141,XPhos,1,XPhos,1.742923089,37.39902114868164,20.433700561523438
reaction:1142,XPhos,1,XPhos,0.0,37.39902114868164,20.433700561523438
reaction:1143,XPhos,1,XPhos,1.132043957,37.39902114868164,20.433700561523438
reaction:1144,XPhos,1,XPhos,4.889819476,37.39902114868164,20.433700561523438
reaction:1145,XPhos,1,XPhos,4.510171982,37.39902114868164,20.433700561523438
reaction:1146,XPhos,1,XPhos,34.38173794,37.39902114868164,20.433700561523438
reaction:1147,XPhos,1,XPhos,42.29478749,37.39902114868164,20.433700561523438
reaction:1148,XPhos,1,XPhos,0.0,37.39902114868164,20.433700561523438
reaction:1149,XPhos,1,XPhos,5.948041851,37.39902114868164,20.433700561523438
reaction:1150,XPhos,1,XPhos,8.970807297999999,37.39902114868164,20.433700561523438
reaction:1151,XPhos,1,XPhos,0.0,37.39902114868164,20.433700561523438
reaction:1152,XPhos,1,XPhos,3.074612079,37.39902114868164,20.433700561523438
reaction:1153,XPhos,1,XPhos,14.24693951,37.39902114868164,20.433700561523438
reaction:1154,XPhos,1,XPhos,0.0,37.39902114868164,20.433700561523438
reaction:1155,XPhos,1,XPhos,0.0,37.39902114868164,20.433700561523438
reaction:1156,XPhos,1,XPhos,0.878081853,37.39902114868164,20.433700561523438
reaction:1157,XPhos,1,XPhos,0.0,37.39902114868164,20.433700561523438
reaction:1158,XPhos,1,XPhos,0.830867403,37.39902114868164,20.433700561523438
reaction:1159,XPhos,1,XPhos,2.902396599,37.39902114868164,20.433700561523438
reaction:1160,XPhos,1,XPhos,6.536001371,37.39902114868164,20.433700561523438
reaction:1161,XPhos,1,XPhos,46.544616600000005,37.39902114868164,20.433700561523438
reaction:1162,XPhos,1,XPhos,46.08846314,37.39902114868164,20.433700561523438
reaction:1163,XPhos,1,XPhos,0.0,37.39902114868164,20.433700561523438
reaction:1164,XPhos,1,XPhos,3.074693717,37.39902114868164,20.433700561523438
reaction:1165,XPhos,1,XPhos,5.085670913,37.39902114868164,20.433700561523438
reaction:1166,XPhos,1,XPhos,18.46507819,37.39902114868164,20.433700561523438
reaction:1167,XPhos,1,XPhos,13.47157217,37.39902114868164,20.433700561523438
reaction:1168,XPhos,1,XPhos,37.38354754,37.39902114868164,20.433700561523438
reaction:1169,XPhos,1,XPhos,1.208332351,37.39902114868164,20.433700561523438
reaction:1170,XPhos,1,XPhos,39.67142934,37.39902114868164,20.433700561523438
reaction:1171,XPhos,1,XPhos,41.17834608,37.39902114868164,20.433700561523438
reaction:1172,XPhos,1,XPhos,10.30004263,37.39902114868164,20.433700561523438
reaction:1173,XPhos,1,XPhos,61.72597738,37.39902114868164,20.433700561523438
reaction:1174,XPhos,1,XPhos,62.91956913,37.39902114868164,20.433700561523438
reaction:1175,XPhos,1,XPhos,19.78619625,37.39902114868164,20.433700561523438
reaction:1176,XPhos,1,XPhos,23.5354934,37.39902114868164,20.433700561523438
reaction:1177,XPhos,1,XPhos,21.9180702,37.39902114868164,20.433700561523438
reaction:1178,XPhos,1,XPhos,47.96214472,37.39902114868164,20.433700561523438
reaction:1179,XPhos,1,XPhos,27.15198165,37.39902114868164,20.433700561523438
reaction:1180,XPhos,1,XPhos,76.45126838,37.39902114868164,20.433700561523438
reaction:1181,XPhos,1,XPhos,0.0,37.39902114868164,20.433700561523438
reaction:1182,XPhos,1,XPhos,30.36311877,37.39902114868164,20.433700561523438
reaction:1183,XPhos,1,XPhos,31.86956379,37.39902114868164,20.433700561523438
reaction:1184,XPhos,1,XPhos,0.5424974920000001,37.39902114868164,20.433700561523438
reaction:1185,XPhos,1,XPhos,14.09805788,37.39902114868164,20.433700561523438
reaction:1186,XPhos,1,XPhos,17.10738006,37.39902114868164,20.433700561523438
reaction:1187,XPhos,1,XPhos,3.019148584,37.39902114868164,20.433700561523438
reaction:1188,XPhos,1,XPhos,33.44114491,37.39902114868164,20.433700561523438
reaction:1189,XPhos,1,XPhos,35.15374563,37.39902114868164,20.433700561523438
reaction:1190,XPhos,1,XPhos,24.23900204,37.39902114868164,20.433700561523438
reaction:1191,XPhos,1,XPhos,43.49187499,37.39902114868164,20.433700561523438
reaction:1192,XPhos,1,XPhos,48.23965662,37.39902114868164,20.433700561523438
reaction:1193,XPhos,1,XPhos,14.0670777,37.39902114868164,20.433700561523438
reaction:1194,XPhos,1,XPhos,26.30947521,37.39902114868164,20.433700561523438
reaction:1195,XPhos,1,XPhos,35.92744664,37.39902114868164,20.433700561523438
reaction:1196,XPhos,1,XPhos,12.90070345,37.39902114868164,20.433700561523438
reaction:1197,XPhos,1,XPhos,25.0144043,37.39902114868164,20.433700561523438
reaction:1198,XPhos,1,XPhos,42.53147932,37.39902114868164,20.433700561523438
reaction:1199,XPhos,1,XPhos,0.44794504,37.39902114868164,20.433700561523438
reaction:1200,XPhos,1,XPhos,12.94497014,37.39902114868164,20.433700561523438
reaction:1201,XPhos,1,XPhos,24.71545556,37.39902114868164,20.433700561523438
reaction:1202,XPhos,1,XPhos,2.841459947,37.39902114868164,20.433700561523438
reaction:1203,XPhos,1,XPhos,36.58244249,37.39902114868164,20.433700561523438
reaction:1204,XPhos,1,XPhos,64.13599101,37.39902114868164,20.433700561523438
reaction:1205,XPhos,1,XPhos,32.16531055,37.39902114868164,20.433700561523438
reaction:1206,XPhos,1,XPhos,51.64764803,37.39902114868164,20.433700561523438
reaction:1207,XPhos,1,XPhos,58.39892185,37.39902114868164,20.433700561523438
reaction:1208,XPhos,1,XPhos,13.37572764,37.39902114868164,20.433700561523438
reaction:1209,XPhos,1,XPhos,30.61273502,37.39902114868164,20.433700561523438
reaction:1210,XPhos,1,XPhos,47.66948987,37.39902114868164,20.433700561523438
reaction:1211,XPhos,1,XPhos,9.055172217,37.39902114868164,20.433700561523438
reaction:1212,XPhos,1,XPhos,8.916453721,37.39902114868164,20.433700561523438
reaction:1213,XPhos,1,XPhos,8.674987339,37.39902114868164,20.433700561523438
reaction:1214,XPhos,1,XPhos,1.468935867,37.39902114868164,20.433700561523438
reaction:1215,XPhos,1,XPhos,2.627491811,37.39902114868164,20.433700561523438
reaction:1216,XPhos,1,XPhos,4.471163192,37.39902114868164,20.433700561523438
reaction:1217,XPhos,1,XPhos,6.90640733,37.39902114868164,20.433700561523438
reaction:1218,XPhos,1,XPhos,8.653540466,37.39902114868164,20.433700561523438
reaction:1219,XPhos,1,XPhos,10.22354965,37.39902114868164,20.433700561523438
reaction:1220,XPhos,1,XPhos,7.147436012000001,37.39902114868164,20.433700561523438
reaction:1221,XPhos,1,XPhos,9.80291595,37.39902114868164,20.433700561523438
reaction:1222,XPhos,1,XPhos,10.13794025,37.39902114868164,20.433700561523438
reaction:1223,XPhos,1,XPhos,3.031273928,37.39902114868164,20.433700561523438
reaction:1224,XPhos,1,XPhos,4.546819288,37.39902114868164,20.433700561523438
reaction:1225,XPhos,1,XPhos,8.546147234,37.39902114868164,20.433700561523438
reaction:1226,XPhos,1,XPhos,7.131859569,37.39902114868164,20.433700561523438
reaction:1227,XPhos,1,XPhos,17.58389829,37.39902114868164,20.433700561523438
reaction:1228,XPhos,1,XPhos,26.35991815,37.39902114868164,20.433700561523438
reaction:1229,XPhos,1,XPhos,0.0,37.39902114868164,20.433700561523438
reaction:1230,XPhos,1,XPhos,0.665064231,37.39902114868164,20.433700561523438
reaction:1231,XPhos,1,XPhos,2.871965335,37.39902114868164,20.433700561523438
reaction:1232,XPhos,1,XPhos,0.0,37.39902114868164,20.433700561523438
reaction:1233,XPhos,1,XPhos,4.892554111,37.39902114868164,20.433700561523438
reaction:1234,XPhos,1,XPhos,8.121165956,37.39902114868164,20.433700561523438
reaction:1235,XPhos,1,XPhos,11.68964545,37.39902114868164,20.433700561523438
reaction:1236,XPhos,1,XPhos,24.97534285,37.39902114868164,20.433700561523438
reaction:1237,XPhos,1,XPhos,29.2582978,37.39902114868164,20.433700561523438
reaction:1238,XPhos,1,XPhos,0.894637207,37.39902114868164,20.433700561523438
reaction:1239,XPhos,1,XPhos,2.546576237,37.39902114868164,20.433700561523438
reaction:1240,XPhos,1,XPhos,7.473385241,37.39902114868164,20.433700561523438
reaction:1241,XPhos,1,XPhos,9.967512853,37.39902114868164,20.433700561523438
reaction:1242,XPhos,1,XPhos,17.78386933,37.39902114868164,20.433700561523438
reaction:1243,XPhos,1,XPhos,18.90594075,37.39902114868164,20.433700561523438
reaction:1244,XPhos,1,XPhos,0.0,37.39902114868164,20.433700561523438
reaction:1245,XPhos,1,XPhos,2.7859919960000004,37.39902114868164,20.433700561523438
reaction:1246,XPhos,1,XPhos,3.936030958,37.39902114868164,20.433700561523438
reaction:1247,XPhos,1,XPhos,3.462173057,37.39902114868164,20.433700561523438
reaction:1248,XPhos,1,XPhos,12.57060724,37.39902114868164,20.433700561523438
reaction:1249,XPhos,1,XPhos,12.67179243,37.39902114868164,20.433700561523438
reaction:1250,XPhos,1,XPhos,14.22488447,37.39902114868164,20.433700561523438
reaction:1251,XPhos,1,XPhos,19.78249574,37.39902114868164,20.433700561523438
reaction:1252,XPhos,1,XPhos,23.41994655,37.39902114868164,20.433700561523438
reaction:1253,XPhos,1,XPhos,6.131625875,37.39902114868164,20.433700561523438
reaction:1254,XPhos,1,XPhos,9.894361569,37.39902114868164,20.433700561523438
reaction:1255,XPhos,1,XPhos,12.53742021,37.39902114868164,20.433700561523438
reaction:1256,t-BuXPhos,3,t-BuXPhos,9.616112883,30.424705505371094,18.47719383239746
reaction:1257,t-BuXPhos,3,t-BuXPhos,13.66496862,30.424705505371094,18.47719383239746
reaction:1258,t-BuXPhos,3,t-BuXPhos,11.85429164,30.424705505371094,18.47719383239746
reaction:1259,t-BuXPhos,3,t-BuXPhos,2.579332416,30.424705505371094,18.47719383239746
reaction:1260,t-BuXPhos,3,t-BuXPhos,16.4358293,30.424705505371094,18.47719383239746
reaction:1261,t-BuXPhos,3,t-BuXPhos,18.29616546,30.424705505371094,18.47719383239746
reaction:1262,t-BuXPhos,3,t-BuXPhos,2.8893303610000003,30.424705505371094,18.47719383239746
reaction:1263,t-BuXPhos,3,t-BuXPhos,19.25650723,30.424705505371094,18.47719383239746
reaction:1264,t-BuXPhos,3,t-BuXPhos,19.42489921,30.424705505371094,18.47719383239746
reaction:1265,t-BuXPhos,3,t-BuXPhos,30.38899776,30.424705505371094,18.47719383239746
reaction:1266,t-BuXPhos,3,t-BuXPhos,38.88072897,30.424705505371094,18.47719383239746
reaction:1267,t-BuXPhos,3,t-BuXPhos,40.27887601,30.424705505371094,18.47719383239746
reaction:1268,t-BuXPhos,3,t-BuXPhos,11.94269708,30.424705505371094,18.47719383239746
reaction:1269,t-BuXPhos,3,t-BuXPhos,21.93776353,30.424705505371094,18.47719383239746
reaction:1270,t-BuXPhos,3,t-BuXPhos,23.04134387,30.424705505371094,18.47719383239746
reaction:1271,t-BuXPhos,3,t-BuXPhos,10.309392,30.424705505371094,18.47719383239746
reaction:1272,t-BuXPhos,3,t-BuXPhos,32.25917309,30.424705505371094,18.47719383239746
reaction:1273,t-BuXPhos,3,t-BuXPhos,36.38251036,30.424705505371094,18.47719383239746
reaction:1274,t-BuXPhos,3,t-BuXPhos,0.321740184,30.424705505371094,18.47719383239746
reaction:1275,t-BuXPhos,3,t-BuXPhos,33.60384304,30.424705505371094,18.47719383239746
reaction:1276,t-BuXPhos,3,t-BuXPhos,42.00742206,30.424705505371094,18.47719383239746
reaction:1277,t-BuXPhos,3,t-BuXPhos,1.095223411,30.424705505371094,18.47719383239746
reaction:1278,t-BuXPhos,3,t-BuXPhos,52.43953497,30.424705505371094,18.47719383239746
reaction:1279,t-BuXPhos,3,t-BuXPhos,54.90007838,30.424705505371094,18.47719383239746
reaction:1280,t-BuXPhos,3,t-BuXPhos,54.22895975,30.424705505371094,18.47719383239746
reaction:1281,t-BuXPhos,3,t-BuXPhos,63.56431346,30.424705505371094,18.47719383239746
reaction:1282,t-BuXPhos,3,t-BuXPhos,63.2869505,30.424705505371094,18.47719383239746
reaction:1283,t-BuXPhos,3,t-BuXPhos,12.05436323,30.424705505371094,18.47719383239746
reaction:1284,t-BuXPhos,3,t-BuXPhos,57.02971842,30.424705505371094,18.47719383239746
reaction:1285,t-BuXPhos,3,t-BuXPhos,54.65489395,30.424705505371094,18.47719383239746
reaction:1286,t-BuXPhos,3,t-BuXPhos,23.76547665,30.424705505371094,18.47719383239746
reaction:1287,t-BuXPhos,3,t-BuXPhos,35.88987774,30.424705505371094,18.47719383239746
reaction:1288,t-BuXPhos,3,t-BuXPhos,46.36906778,30.424705505371094,18.47719383239746
reaction:1289,t-BuXPhos,3,t-BuXPhos,0.8572553079999999,30.424705505371094,18.47719383239746
reaction:1290,t-BuXPhos,3,t-BuXPhos,44.39407022,30.424705505371094,18.47719383239746
reaction:1291,t-BuXPhos,3,t-BuXPhos,53.10447809,30.424705505371094,18.47719383239746
reaction:1292,t-BuXPhos,3,t-BuXPhos,5.49871711,30.424705505371094,18.47719383239746
reaction:1293,t-BuXPhos,3,t-BuXPhos,68.26027768,30.424705505371094,18.47719383239746
reaction:1294,t-BuXPhos,3,t-BuXPhos,67.19924832,30.424705505371094,18.47719383239746
reaction:1295,t-BuXPhos,3,t-BuXPhos,73.07610721,30.424705505371094,18.47719383239746
reaction:1296,t-BuXPhos,3,t-BuXPhos,81.15618498,30.424705505371094,18.47719383239746
reaction:1297,t-BuXPhos,3,t-BuXPhos,79.52732954,30.424705505371094,18.47719383239746
reaction:1298,t-BuXPhos,3,t-BuXPhos,39.62688642,30.424705505371094,18.47719383239746
reaction:1299,t-BuXPhos,3,t-BuXPhos,82.02772208,30.424705505371094,18.47719383239746
reaction:1300,t-BuXPhos,3,t-BuXPhos,86.76211847,30.424705505371094,18.47719383239746
reaction:1301,t-BuXPhos,3,t-BuXPhos,10.05139356,30.424705505371094,18.47719383239746
reaction:1302,t-BuXPhos,3,t-BuXPhos,12.33593597,30.424705505371094,18.47719383239746
reaction:1303,t-BuXPhos,3,t-BuXPhos,10.49048013,30.424705505371094,18.47719383239746
reaction:1304,t-BuXPhos,3,t-BuXPhos,0.970983294,30.424705505371094,18.47719383239746
reaction:1305,t-BuXPhos,3,t-BuXPhos,13.33701887,30.424705505371094,18.47719383239746
reaction:1306,t-BuXPhos,3,t-BuXPhos,17.14482537,30.424705505371094,18.47719383239746
reaction:1307,t-BuXPhos,3,t-BuXPhos,4.522238884,30.424705505371094,18.47719383239746
reaction:1308,t-BuXPhos,3,t-BuXPhos,14.62829911,30.424705505371094,18.47719383239746
reaction:1309,t-BuXPhos,3,t-BuXPhos,13.95628888,30.424705505371094,18.47719383239746
reaction:1310,t-BuXPhos,3,t-BuXPhos,19.47556274,30.424705505371094,18.47719383239746
reaction:1311,t-BuXPhos,3,t-BuXPhos,21.66443641,30.424705505371094,18.47719383239746
reaction:1312,t-BuXPhos,3,t-BuXPhos,18.99441923,30.424705505371094,18.47719383239746
reaction:1313,t-BuXPhos,3,t-BuXPhos,12.14875689,30.424705505371094,18.47719383239746
reaction:1314,t-BuXPhos,3,t-BuXPhos,14.44407911,30.424705505371094,18.47719383239746
reaction:1315,t-BuXPhos,3,t-BuXPhos,11.72782605,30.424705505371094,18.47719383239746
reaction:1316,t-BuXPhos,3,t-BuXPhos,0.330501293,30.424705505371094,18.47719383239746
reaction:1317,t-BuXPhos,3,t-BuXPhos,5.800095284,30.424705505371094,18.47719383239746
reaction:1318,t-BuXPhos,3,t-BuXPhos,9.518190042,30.424705505371094,18.47719383239746
reaction:1319,t-BuXPhos,3,t-BuXPhos,0.0,30.424705505371094,18.47719383239746
reaction:1320,t-BuXPhos,3,t-BuXPhos,6.77799041,30.424705505371094,18.47719383239746
reaction:1321,t-BuXPhos,3,t-BuXPhos,14.9053934,30.424705505371094,18.47719383239746
reaction:1322,t-BuXPhos,3,t-BuXPhos,0.0,30.424705505371094,18.47719383239746
reaction:1323,t-BuXPhos,3,t-BuXPhos,12.68915479,30.424705505371094,18.47719383239746
reaction:1324,t-BuXPhos,3,t-BuXPhos,30.40581968,30.424705505371094,18.47719383239746
reaction:1325,t-BuXPhos,3,t-BuXPhos,8.246523526,30.424705505371094,18.47719383239746
reaction:1326,t-BuXPhos,3,t-BuXPhos,36.7072802,30.424705505371094,18.47719383239746
reaction:1327,t-BuXPhos,3,t-BuXPhos,54.29333472,30.424705505371094,18.47719383239746
reaction:1328,t-BuXPhos,3,t-BuXPhos,0.0,30.424705505371094,18.47719383239746
reaction:1329,t-BuXPhos,3,t-BuXPhos,19.13564251,30.424705505371094,18.47719383239746
reaction:1330,t-BuXPhos,3,t-BuXPhos,13.7385945,30.424705505371094,18.47719383239746
reaction:1331,t-BuXPhos,3,t-BuXPhos,0.419612341,30.424705505371094,18.47719383239746
reaction:1332,t-BuXPhos,3,t-BuXPhos,11.85943612,30.424705505371094,18.47719383239746
reaction:1333,t-BuXPhos,3,t-BuXPhos,33.82793233,30.424705505371094,18.47719383239746
reaction:1334,t-BuXPhos,3,t-BuXPhos,0.0,30.424705505371094,18.47719383239746
reaction:1335,t-BuXPhos,3,t-BuXPhos,13.87014343,30.424705505371094,18.47719383239746
reaction:1336,t-BuXPhos,3,t-BuXPhos,33.28584241,30.424705505371094,18.47719383239746
reaction:1337,t-BuXPhos,3,t-BuXPhos,0.0,30.424705505371094,18.47719383239746
reaction:1338,t-BuXPhos,3,t-BuXPhos,24.59821074,30.424705505371094,18.47719383239746
reaction:1339,t-BuXPhos,3,t-BuXPhos,66.86881109,30.424705505371094,18.47719383239746
reaction:1340,t-BuXPhos,3,t-BuXPhos,14.03184959,30.424705505371094,18.47719383239746
reaction:1341,t-BuXPhos,3,t-BuXPhos,60.85990802,30.424705505371094,18.47719383239746
reaction:1342,t-BuXPhos,3,t-BuXPhos,80.53864746,30.424705505371094,18.47719383239746
reaction:1343,t-BuXPhos,3,t-BuXPhos,0.0,30.424705505371094,18.47719383239746
reaction:1344,t-BuXPhos,3,t-BuXPhos,46.74806516,30.424705505371094,18.47719383239746
reaction:1345,t-BuXPhos,3,t-BuXPhos,45.53588257,30.424705505371094,18.47719383239746
reaction:1346,t-BuXPhos,3,t-BuXPhos,21.18588073,30.424705505371094,18.47719383239746
reaction:1347,t-BuXPhos,3,t-BuXPhos,23.00642082,30.424705505371094,18.47719383239746
reaction:1348,t-BuXPhos,3,t-BuXPhos,39.51659226,30.424705505371094,18.47719383239746
reaction:1349,t-BuXPhos,3,t-BuXPhos,2.048615833,30.424705505371094,18.47719383239746
reaction:1350,t-BuXPhos,3,t-BuXPhos,44.92520247,30.424705505371094,18.47719383239746
reaction:1351,t-BuXPhos,3,t-BuXPhos,47.05254638,30.424705505371094,18.47719383239746
reaction:1352,t-BuXPhos,3,t-BuXPhos,13.82100293,30.424705505371094,18.47719383239746
reaction:1353,t-BuXPhos,3,t-BuXPhos,72.6088082,30.424705505371094,18.47719383239746
reaction:1354,t-BuXPhos,3,t-BuXPhos,69.38989345,30.424705505371094,18.47719383239746
reaction:1355,t-BuXPhos,3,t-BuXPhos,62.426823,30.424705505371094,18.47719383239746
reaction:1356,t-BuXPhos,3,t-BuXPhos,76.21686958,30.424705505371094,18.47719383239746
reaction:1357,t-BuXPhos,3,t-BuXPhos,70.35430221,30.424705505371094,18.47719383239746
reaction:1358,t-BuXPhos,3,t-BuXPhos,59.99235473,30.424705505371094,18.47719383239746
reaction:1359,t-BuXPhos,3,t-BuXPhos,75.38356191,30.424705505371094,18.47719383239746
reaction:1360,t-BuXPhos,3,t-BuXPhos,78.29631742,30.424705505371094,18.47719383239746
reaction:1361,t-BuXPhos,3,t-BuXPhos,26.29043032,30.424705505371094,18.47719383239746
reaction:1362,t-BuXPhos,3,t-BuXPhos,34.77458228,30.424705505371094,18.47719383239746
reaction:1363,t-BuXPhos,3,t-BuXPhos,37.39782282,30.424705505371094,18.47719383239746
reaction:1364,t-BuXPhos,3,t-BuXPhos,0.96264489,30.424705505371094,18.47719383239746
reaction:1365,t-BuXPhos,3,t-BuXPhos,39.32908802,30.424705505371094,18.47719383239746
reaction:1366,t-BuXPhos,3,t-BuXPhos,40.32887688,30.424705505371094,18.47719383239746
reaction:1367,t-BuXPhos,3,t-BuXPhos,4.451923676,30.424705505371094,18.47719383239746
reaction:1368,t-BuXPhos,3,t-BuXPhos,61.04819615,30.424705505371094,18.47719383239746
reaction:1369,t-BuXPhos,3,t-BuXPhos,59.7575144,30.424705505371094,18.47719383239746
reaction:1370,t-BuXPhos,3,t-BuXPhos,57.84627264,30.424705505371094,18.47719383239746
reaction:1371,t-BuXPhos,3,t-BuXPhos,65.93366748,30.424705505371094,18.47719383239746
reaction:1372,t-BuXPhos,3,t-BuXPhos,63.71103229,30.424705505371094,18.47719383239746
reaction:1373,t-BuXPhos,3,t-BuXPhos,38.01577432,30.424705505371094,18.47719383239746
reaction:1374,t-BuXPhos,3,t-BuXPhos,66.05788910000001,30.424705505371094,18.47719383239746
reaction:1375,t-BuXPhos,3,t-BuXPhos,62.40731324,30.424705505371094,18.47719383239746
reaction:1376,t-BuXPhos,3,t-BuXPhos,28.72536954,30.424705505371094,18.47719383239746
reaction:1377,t-BuXPhos,3,t-BuXPhos,34.91231211,30.424705505371094,18.47719383239746
reaction:1378,t-BuXPhos,3,t-BuXPhos,45.90687609,30.424705505371094,18.47719383239746
reaction:1379,t-BuXPhos,3,t-BuXPhos,1.413781414,30.424705505371094,18.47719383239746
reaction:1380,t-BuXPhos,3,t-BuXPhos,50.43757677,30.424705505371094,18.47719383239746
reaction:1381,t-BuXPhos,3,t-BuXPhos,52.0133379,30.424705505371094,18.47719383239746
reaction:1382,t-BuXPhos,3,t-BuXPhos,5.620589612000001,30.424705505371094,18.47719383239746
reaction:1383,t-BuXPhos,3,t-BuXPhos,73.06292012,30.424705505371094,18.47719383239746
reaction:1384,t-BuXPhos,3,t-BuXPhos,75.59377488,30.424705505371094,18.47719383239746
reaction:1385,t-BuXPhos,3,t-BuXPhos,76.3025428,30.424705505371094,18.47719383239746
reaction:1386,t-BuXPhos,3,t-BuXPhos,80.02551627,30.424705505371094,18.47719383239746
reaction:1387,t-BuXPhos,3,t-BuXPhos,83.65366275,30.424705505371094,18.47719383239746
reaction:1388,t-BuXPhos,3,t-BuXPhos,45.11238212,30.424705505371094,18.47719383239746
reaction:1389,t-BuXPhos,3,t-BuXPhos,78.61845192,30.424705505371094,18.47719383239746
reaction:1390,t-BuXPhos,3,t-BuXPhos,84.40416295,30.424705505371094,18.47719383239746
reaction:1391,t-BuXPhos,3,t-BuXPhos,8.912186757,30.424705505371094,18.47719383239746
reaction:1392,t-BuXPhos,3,t-BuXPhos,10.72342611,30.424705505371094,18.47719383239746
reaction:1393,t-BuXPhos,3,t-BuXPhos,11.81277895,30.424705505371094,18.47719383239746
reaction:1394,t-BuXPhos,3,t-BuXPhos,1.84960131,30.424705505371094,18.47719383239746
reaction:1395,t-BuXPhos,3,t-BuXPhos,9.065649451,30.424705505371094,18.47719383239746
reaction:1396,t-BuXPhos,3,t-BuXPhos,13.83920399,30.424705505371094,18.47719383239746
reaction:1397,t-BuXPhos,3,t-BuXPhos,4.278834497,30.424705505371094,18.47719383239746
reaction:1398,t-BuXPhos,3,t-BuXPhos,16.48404533,30.424705505371094,18.47719383239746
reaction:1399,t-BuXPhos,3,t-BuXPhos,17.45236147,30.424705505371094,18.47719383239746
reaction:1400,t-BuXPhos,3,t-BuXPhos,18.18990312,30.424705505371094,18.47719383239746
reaction:1401,t-BuXPhos,3,t-BuXPhos,23.65087488,30.424705505371094,18.47719383239746
reaction:1402,t-BuXPhos,3,t-BuXPhos,26.69194458,30.424705505371094,18.47719383239746
reaction:1403,t-BuXPhos,3,t-BuXPhos,8.194090633,30.424705505371094,18.47719383239746
reaction:1404,t-BuXPhos,3,t-BuXPhos,14.81646107,30.424705505371094,18.47719383239746
reaction:1405,t-BuXPhos,3,t-BuXPhos,16.67869351,30.424705505371094,18.47719383239746
reaction:1406,t-BuXPhos,3,t-BuXPhos,4.385154303,30.424705505371094,18.47719383239746
reaction:1407,t-BuXPhos,3,t-BuXPhos,27.07281953,30.424705505371094,18.47719383239746
reaction:1408,t-BuXPhos,3,t-BuXPhos,30.11809644,30.424705505371094,18.47719383239746
reaction:1409,t-BuXPhos,3,t-BuXPhos,0.0,30.424705505371094,18.47719383239746
reaction:1410,t-BuXPhos,3,t-BuXPhos,25.94022732,30.424705505371094,18.47719383239746
reaction:1411,t-BuXPhos,3,t-BuXPhos,35.19969401,30.424705505371094,18.47719383239746
reaction:1412,t-BuXPhos,3,t-BuXPhos,0.478819391,30.424705505371094,18.47719383239746
reaction:1413,t-BuXPhos,3,t-BuXPhos,47.92550874,30.424705505371094,18.47719383239746
reaction:1414,t-BuXPhos,3,t-BuXPhos,50.62222146,30.424705505371094,18.47719383239746
reaction:1415,t-BuXPhos,3,t-BuXPhos,38.10999093,30.424705505371094,18.47719383239746
reaction:1416,t-BuXPhos,3,t-BuXPhos,54.30595244,30.424705505371094,18.47719383239746
reaction:1417,t-BuXPhos,3,t-BuXPhos,57.95225277,30.424705505371094,18.47719383239746
reaction:1418,t-BuXPhos,3,t-BuXPhos,3.496970929,30.424705505371094,18.47719383239746
reaction:1419,t-BuXPhos,3,t-BuXPhos,46.50216111,30.424705505371094,18.47719383239746
reaction:1420,t-BuXPhos,3,t-BuXPhos,49.89638876,30.424705505371094,18.47719383239746
reaction:1421,t-BuXPhos,3,t-BuXPhos,14.03295033,30.424705505371094,18.47719383239746
reaction:1422,t-BuXPhos,3,t-BuXPhos,33.32323005,30.424705505371094,18.47719383239746
reaction:1423,t-BuXPhos,3,t-BuXPhos,44.03901684,30.424705505371094,18.47719383239746
reaction:1424,t-BuXPhos,3,t-BuXPhos,4.510108394,30.424705505371094,18.47719383239746
reaction:1425,t-BuXPhos,3,t-BuXPhos,31.15457228,30.424705505371094,18.47719383239746
reaction:1426,t-BuXPhos,3,t-BuXPhos,42.55967392,30.424705505371094,18.47719383239746
reaction:1427,t-BuXPhos,3,t-BuXPhos,16.12823791,30.424705505371094,18.47719383239746
reaction:1428,t-BuXPhos,3,t-BuXPhos,58.864107,30.424705505371094,18.47719383239746
reaction:1429,t-BuXPhos,3,t-BuXPhos,61.87528527,30.424705505371094,18.47719383239746
reaction:1430,t-BuXPhos,3,t-BuXPhos,63.35366236,30.424705505371094,18.47719383239746
reaction:1431,t-BuXPhos,3,t-BuXPhos,81.85780625,30.424705505371094,18.47719383239746
reaction:1432,t-BuXPhos,3,t-BuXPhos,86.21496371,30.424705505371094,18.47719383239746
reaction:1433,t-BuXPhos,3,t-BuXPhos,26.57993699,30.424705505371094,18.47719383239746
reaction:1434,t-BuXPhos,3,t-BuXPhos,73.72948461,30.424705505371094,18.47719383239746
reaction:1435,t-BuXPhos,3,t-BuXPhos,77.85078652,30.424705505371094,18.47719383239746
reaction:1436,t-BuBrettPhos,2,t-BuBrettPhos,3.167837071,31.561120986938477,19.021404266357422
reaction:1437,t-BuBrettPhos,2,t-BuBrettPhos,1.983204496,31.561756134033203,19.021404266357422
reaction:1438,t-BuBrettPhos,2,t-BuBrettPhos,2.106143629,31.5645751953125,19.021404266357422
reaction:1439,t-BuBrettPhos,2,t-BuBrettPhos,0.295056228,31.560420989990234,19.021406173706055
reaction:1440,t-BuBrettPhos,2,t-BuBrettPhos,9.853260903,31.56790542602539,19.021404266357422
reaction:1441,t-BuBrettPhos,2,t-BuBrettPhos,9.685019183,31.573286056518555,19.021404266357422
reaction:1442,t-BuBrettPhos,2,t-BuBrettPhos,2.658633939,31.561132431030273,19.021404266357422
reaction:1443,t-BuBrettPhos,2,t-BuBrettPhos,14.46737016,31.577075958251953,19.021404266357422
reaction:1444,t-BuBrettPhos,2,t-BuBrettPhos,17.15607423,31.58293342590332,19.021404266357422
reaction:1445,t-BuBrettPhos,2,t-BuBrettPhos,28.40072634,31.57942008972168,19.021404266357422
reaction:1446,t-BuBrettPhos,2,t-BuBrettPhos,32.01759643,31.584144592285156,19.021404266357422
reaction:1447,t-BuBrettPhos,2,t-BuBrettPhos,39.75657581,31.58999252319336,19.021404266357422
reaction:1448,t-BuBrettPhos,2,t-BuBrettPhos,1.859601121,31.561582565307617,19.021404266357422
reaction:1449,t-BuBrettPhos,2,t-BuBrettPhos,3.947187556,31.56792640686035,19.021404266357422
reaction:1450,t-BuBrettPhos,2,t-BuBrettPhos,5.007207988,31.5742244720459,19.021404266357422
reaction:1451,t-BuBrettPhos,2,t-BuBrettPhos,2.874679313,31.56482696533203,19.021404266357422
reaction:1452,t-BuBrettPhos,2,t-BuBrettPhos,28.48464058,31.584423065185547,19.021404266357422
reaction:1453,t-BuBrettPhos,2,t-BuBrettPhos,35.59381518,31.594970703125,19.021404266357422
reaction:1454,t-BuBrettPhos,2,t-BuBrettPhos,0.0,31.561399459838867,19.021404266357422
reaction:1455,t-BuBrettPhos,2,t-BuBrettPhos,19.70724871,31.583314895629883,19.021404266357422
reaction:1456,t-BuBrettPhos,2,t-BuBrettPhos,37.2145199,31.59653663635254,19.021404266357422
reaction:1457,t-BuBrettPhos,2,t-BuBrettPhos,5.4796607260000005,31.56169319152832,19.021404266357422
reaction:1458,t-BuBrettPhos,2,t-BuBrettPhos,38.82629912,31.59805679321289,19.021404266357422
reaction:1459,t-BuBrettPhos,2,t-BuBrettPhos,64.96884309,31.617801666259766,19.021404266357422
reaction:1460,t-BuBrettPhos,2,t-BuBrettPhos,42.31281665,31.590288162231445,19.021404266357422
reaction:1461,t-BuBrettPhos,2,t-BuBrettPhos,57.9744807,31.599668502807617,19.021404266357422
reaction:1462,t-BuBrettPhos,2,t-BuBrettPhos,65.15148191,31.608627319335938,19.021404266357422
reaction:1463,t-BuBrettPhos,2,t-BuBrettPhos,3.551606076,31.565998077392578,19.021404266357422
reaction:1464,t-BuBrettPhos,2,t-BuBrettPhos,53.91867484,31.608306884765625,19.021404266357422
reaction:1465,t-BuBrettPhos,2,t-BuBrettPhos,62.34681732,31.618310928344727,19.021404266357422
reaction:1466,t-BuBrettPhos,2,t-BuBrettPhos,4.68080841,31.56961441040039,19.021404266357422
reaction:1467,t-BuBrettPhos,2,t-BuBrettPhos,29.59583126,31.594778060913086,19.021404266357422
reaction:1468,t-BuBrettPhos,2,t-BuBrettPhos,43.56818344,31.61039161682129,19.021404266357422
reaction:1469,t-BuBrettPhos,2,t-BuBrettPhos,0.0,31.562280654907227,19.021404266357422
reaction:1470,t-BuBrettPhos,2,t-BuBrettPhos,35.46998729,31.60124397277832,19.021404266357422
reaction:1471,t-BuBrettPhos,2,t-BuBrettPhos,49.74093184,31.612716674804688,19.021404266357422
reaction:1472,t-BuBrettPhos,2,t-BuBrettPhos,5.688672061,31.562946319580078,19.021404266357422
reaction:1473,t-BuBrettPhos,2,t-BuBrettPhos,64.99704829,31.622610092163086,19.021404266357422
reaction:1474,t-BuBrettPhos,2,t-BuBrettPhos,75.71719698,31.639310836791992,19.021404266357422
reaction:1475,t-BuBrettPhos,2,t-BuBrettPhos,77.92695821,31.626850128173828,19.021404266357422
reaction:1476,t-BuBrettPhos,2,t-BuBrettPhos,88.82757824,31.63823699951172,19.021404266357422
reaction:1477,t-BuBrettPhos,2,t-BuBrettPhos,84.31065923,31.650402069091797,19.021404266357422
reaction:1478,t-BuBrettPhos,2,t-BuBrettPhos,8.955957809,31.57135581970215,19.021404266357422
reaction:1479,t-BuBrettPhos,2,t-BuBrettPhos,80.64990682,31.63336181640625,19.021404266357422
reaction:1480,t-BuBrettPhos,2,t-BuBrettPhos,92.20931063,31.646528244018555,19.021404266357422
reaction:1481,t-BuBrettPhos,2,t-BuBrettPhos,2.887815395,31.56174659729004,19.021406173706055
reaction:1482,t-BuBrettPhos,2,t-BuBrettPhos,11.65626027,31.56326675415039,19.021406173706055
reaction:1483,t-BuBrettPhos,2,t-BuBrettPhos,12.51034862,31.563112258911133,19.021406173706055
reaction:1484,t-BuBrettPhos,2,t-BuBrettPhos,0.1532427999999999,31.561534881591797,19.021408081054688
reaction:1485,t-BuBrettPhos,2,t-BuBrettPhos,10.4212352,31.562625885009766,19.021406173706055
reaction:1486,t-BuBrettPhos,2,t-BuBrettPhos,15.44371593,31.570377349853516,19.021406173706055
reaction:1487,t-BuBrettPhos,2,t-BuBrettPhos,1.034854608,31.56234359741211,19.021406173706055
reaction:1488,t-BuBrettPhos,2,t-BuBrettPhos,15.70792465,31.566801071166992,19.021404266357422
reaction:1489,t-BuBrettPhos,2,t-BuBrettPhos,11.23128528,31.572040557861328,19.021406173706055
reaction:1490,t-BuBrettPhos,2,t-BuBrettPhos,13.20129952,31.566774368286133,19.021404266357422
reaction:1491,t-BuBrettPhos,2,t-BuBrettPhos,14.46827704,31.568981170654297,19.021404266357422
reaction:1492,t-BuBrettPhos,2,t-BuBrettPhos,13.88482007,31.57296371459961,19.021406173706055
reaction:1493,t-BuBrettPhos,2,t-BuBrettPhos,6.968372781,31.56148338317871,19.021406173706055
reaction:1494,t-BuBrettPhos,2,t-BuBrettPhos,15.40870509,31.565027236938477,19.021406173706055
reaction:1495,t-BuBrettPhos,2,t-BuBrettPhos,14.85665703,31.5682315826416,19.021406173706055
reaction:1496,t-BuBrettPhos,2,t-BuBrettPhos,0.0,31.559988021850586,19.021406173706055
reaction:1497,t-BuBrettPhos,2,t-BuBrettPhos,4.220973073,31.563127517700195,19.021404266357422
reaction:1498,t-BuBrettPhos,2,t-BuBrettPhos,11.98186799,31.57281494140625,19.021404266357422
reaction:1499,t-BuBrettPhos,2,t-BuBrettPhos,0.0,31.56130599975586,19.021406173706055
reaction:1500,t-BuBrettPhos,2,t-BuBrettPhos,3.378377543,31.558591842651367,19.021404266357422
reaction:1501,t-BuBrettPhos,2,t-BuBrettPhos,15.30703648,31.572355270385742,19.021404266357422
reaction:1502,t-BuBrettPhos,2,t-BuBrettPhos,3.549284452,31.561172485351562,19.021406173706055
reaction:1503,t-BuBrettPhos,2,t-BuBrettPhos,7.705318498,31.561338424682617,19.021404266357422
reaction:1504,t-BuBrettPhos,2,t-BuBrettPhos,41.94054392,31.58647918701172,19.021404266357422
reaction:1505,t-BuBrettPhos,2,t-BuBrettPhos,9.609943508,31.556856155395508,19.021404266357422
reaction:1506,t-BuBrettPhos,2,t-BuBrettPhos,15.35251148,31.565906524658203,19.021404266357422
reaction:1507,t-BuBrettPhos,2,t-BuBrettPhos,43.16671419,31.582923889160156,19.021404266357422
reaction:1508,t-BuBrettPhos,2,t-BuBrettPhos,0.0,31.560169219970703,19.021406173706055
reaction:1509,t-BuBrettPhos,2,t-BuBrettPhos,11.61765415,31.56658363342285,19.021404266357422
reaction:1510,t-BuBrettPhos,2,t-BuBrettPhos,12.24697181,31.575441360473633,19.021404266357422
reaction:1511,t-BuBrettPhos,2,t-BuBrettPhos,0.413827697,31.563167572021484,19.021406173706055
reaction:1512,t-BuBrettPhos,2,t-BuBrettPhos,9.508022367,31.5721492767334,19.021404266357422
reaction:1513,t-BuBrettPhos,2,t-BuBrettPhos,32.14841463,31.5931453704834,19.021404266357422
reaction:1514,t-BuBrettPhos,2,t-BuBrettPhos,0.0,31.562007904052734,19.021406173706055
reaction:1515,t-BuBrettPhos,2,t-BuBrettPhos,7.275251821,31.571563720703125,19.021404266357422
reaction:1516,t-BuBrettPhos,2,t-BuBrettPhos,35.33585167,31.592805862426758,19.021404266357422
reaction:1517,t-BuBrettPhos,2,t-BuBrettPhos,3.20619178,31.56201171875,19.021406173706055
reaction:1518,t-BuBrettPhos,2,t-BuBrettPhos,16.32124134,31.58203887939453,19.021404266357422
reaction:1519,t-BuBrettPhos,2,t-BuBrettPhos,73.16269955,31.612680435180664,19.021404266357422
reaction:1520,t-BuBrettPhos,2,t-BuBrettPhos,21.81045338,31.585737228393555,19.021404266357422
reaction:1521,t-BuBrettPhos,2,t-BuBrettPhos,48.23235239,31.598785400390625,19.021404266357422
reaction:1522,t-BuBrettPhos,2,t-BuBrettPhos,78.78970759,31.624414443969727,19.021404266357422
reaction:1523,t-BuBrettPhos,2,t-BuBrettPhos,0.0,31.562822341918945,19.021406173706055
reaction:1524,t-BuBrettPhos,2,t-BuBrettPhos,12.90161423,31.58269500732422,19.021404266357422
reaction:1525,t-BuBrettPhos,2,t-BuBrettPhos,26.6793303,31.604087829589844,19.021404266357422
reaction:1526,t-BuBrettPhos,2,t-BuBrettPhos,8.171441333999999,31.56599998474121,19.021404266357422
reaction:1527,t-BuBrettPhos,2,t-BuBrettPhos,19.65092582,31.577524185180664,19.021404266357422
reaction:1528,t-BuBrettPhos,2,t-BuBrettPhos,39.13544884,31.595497131347656,19.021404266357422
reaction:1529,t-BuBrettPhos,2,t-BuBrettPhos,0.0,31.56165885925293,19.021406173706055
reaction:1530,t-BuBrettPhos,2,t-BuBrettPhos,47.81434881,31.60512351989746,19.021404266357422
reaction:1531,t-BuBrettPhos,2,t-BuBrettPhos,48.36396181,31.609130859375,19.021404266357422
reaction:1532,t-BuBrettPhos,2,t-BuBrettPhos,1.372286353,31.56270980834961,19.021404266357422
reaction:1533,t-BuBrettPhos,2,t-BuBrettPhos,67.28395541,31.623538970947266,19.021404266357422
reaction:1534,t-BuBrettPhos,2,t-BuBrettPhos,74.23518284,31.627960205078125,19.021404266357422
reaction:1535,t-BuBrettPhos,2,t-BuBrettPhos,73.53944548,31.625959396362305,19.021404266357422
reaction:1536,t-BuBrettPhos,2,t-BuBrettPhos,79.65524299,31.63149642944336,19.021404266357422
reaction:1537,t-BuBrettPhos,2,t-BuBrettPhos,84.58893866,31.634666442871094,19.021404266357422
reaction:1538,t-BuBrettPhos,2,t-BuBrettPhos,8.990373152,31.56635093688965,19.021404266357422
reaction:1539,t-BuBrettPhos,2,t-BuBrettPhos,48.47717448,31.596982955932617,19.021404266357422
reaction:1540,t-BuBrettPhos,2,t-BuBrettPhos,70.14574928,31.62422752380371,19.021404266357422
reaction:1541,t-BuBrettPhos,2,t-BuBrettPhos,16.06858475,31.56870460510254,19.021404266357422
reaction:1542,t-BuBrettPhos,2,t-BuBrettPhos,33.41994964,31.589805603027344,19.021404266357422
reaction:1543,t-BuBrettPhos,2,t-BuBrettPhos,36.38014621,31.59529685974121,19.021404266357422
reaction:1544,t-BuBrettPhos,2,t-BuBrettPhos,0.35921569,31.56151008605957,19.021404266357422
reaction:1545,t-BuBrettPhos,2,t-BuBrettPhos,38.49679424,31.59083366394043,19.021404266357422
reaction:1546,t-BuBrettPhos,2,t-BuBrettPhos,40.47969677,31.597612380981445,19.021404266357422
reaction:1547,t-BuBrettPhos,2,t-BuBrettPhos,5.094725505,31.562114715576172,19.021404266357422
reaction:1548,t-BuBrettPhos,2,t-BuBrettPhos,59.16896654,31.606828689575195,19.021404266357422
reaction:1549,t-BuBrettPhos,2,t-BuBrettPhos,65.19833527,31.62047004699707,19.021404266357422
reaction:1550,t-BuBrettPhos,2,t-BuBrettPhos,57.83107149,31.59593391418457,19.021404266357422
reaction:1551,t-BuBrettPhos,2,t-BuBrettPhos,62.53871196,31.605026245117188,19.021404266357422
reaction:1552,t-BuBrettPhos,2,t-BuBrettPhos,65.59087383,31.610755920410156,19.021404266357422
reaction:1553,t-BuBrettPhos,2,t-BuBrettPhos,21.23653704,31.571300506591797,19.021404266357422
reaction:1554,t-BuBrettPhos,2,t-BuBrettPhos,61.27839379,31.614662170410156,19.021404266357422
reaction:1555,t-BuBrettPhos,2,t-BuBrettPhos,63.81281277,31.622526168823242,19.021404266357422
reaction:1556,t-BuBrettPhos,2,t-BuBrettPhos,14.2414228,31.572383880615234,19.021404266357422
reaction:1557,t-BuBrettPhos,2,t-BuBrettPhos,33.56777138,31.598373413085938,19.021404266357422
reaction:1558,t-BuBrettPhos,2,t-BuBrettPhos,45.52244321,31.609962463378906,19.021404266357422
reaction:1559,t-BuBrettPhos,2,t-BuBrettPhos,0.49264217,31.562217712402344,19.021404266357422
reaction:1560,t-BuBrettPhos,2,t-BuBrettPhos,52.14134094,31.60675048828125,19.021404266357422
reaction:1561,t-BuBrettPhos,2,t-BuBrettPhos,49.57379186,31.61284637451172,19.021404266357422
reaction:1562,t-BuBrettPhos,2,t-BuBrettPhos,7.18319285,31.563018798828125,19.021404266357422
reaction:1563,t-BuBrettPhos,2,t-BuBrettPhos,75.03674068,31.6292781829834,19.021404266357422
reaction:1564,t-BuBrettPhos,2,t-BuBrettPhos,79.76639273,31.640792846679688,19.021404266357422
reaction:1565,t-BuBrettPhos,2,t-BuBrettPhos,79.07949659,31.63115119934082,19.021404266357422
reaction:1566,t-BuBrettPhos,2,t-BuBrettPhos,86.78620377,31.64227867126465,19.021404266357422
reaction:1567,t-BuBrettPhos,2,t-BuBrettPhos,89.32312927,31.650964736938477,19.021404266357422
reaction:1568,t-BuBrettPhos,2,t-BuBrettPhos,20.99661905,31.57366180419922,19.021404266357422
reaction:1569,t-BuBrettPhos,2,t-BuBrettPhos,86.07412603,31.637754440307617,19.021404266357422
reaction:1570,t-BuBrettPhos,2,t-BuBrettPhos,93.58777419,31.649370193481445,19.021404266357422
reaction:1571,t-BuBrettPhos,2,t-BuBrettPhos,6.945630992999999,31.56311798095703,19.021404266357422
reaction:1572,t-BuBrettPhos,2,t-BuBrettPhos,8.368171473,31.562225341796875,19.021404266357422
reaction:1573,t-BuBrettPhos,2,t-BuBrettPhos,10.75855339,31.565311431884766,19.021404266357422
reaction:1574,t-BuBrettPhos,2,t-BuBrettPhos,0.5287626999999999,31.56109046936035,19.021408081054688
reaction:1575,t-BuBrettPhos,2,t-BuBrettPhos,9.492103343,31.56461524963379,19.021404266357422
reaction:1576,t-BuBrettPhos,2,t-BuBrettPhos,12.42396719,31.57034683227539,19.021404266357422
reaction:1577,t-BuBrettPhos,2,t-BuBrettPhos,3.257714985,31.561716079711914,19.021406173706055
reaction:1578,t-BuBrettPhos,2,t-BuBrettPhos,15.67304028,31.571369171142578,19.021404266357422
reaction:1579,t-BuBrettPhos,2,t-BuBrettPhos,16.97838607,31.578872680664062,19.021404266357422
reaction:1580,t-BuBrettPhos,2,t-BuBrettPhos,16.31613355,31.57163429260254,19.021404266357422
reaction:1581,t-BuBrettPhos,2,t-BuBrettPhos,19.93006899,31.574726104736328,19.021404266357422
reaction:1582,t-BuBrettPhos,2,t-BuBrettPhos,24.6686189,31.58106803894043,19.021404266357422
reaction:1583,t-BuBrettPhos,2,t-BuBrettPhos,7.371601311,31.56230354309082,19.021404266357422
reaction:1584,t-BuBrettPhos,2,t-BuBrettPhos,10.88559026,31.567975997924805,19.021404266357422
reaction:1585,t-BuBrettPhos,2,t-BuBrettPhos,13.183779800000002,31.57413673400879,19.021404266357422
reaction:1586,t-BuBrettPhos,2,t-BuBrettPhos,0.8718207459999999,31.561912536621094,19.021404266357422
reaction:1587,t-BuBrettPhos,2,t-BuBrettPhos,10.20185762,31.568260192871094,19.021404266357422
reaction:1588,t-BuBrettPhos,2,t-BuBrettPhos,28.77460219,31.58074188232422,19.021404266357422
reaction:1589,t-BuBrettPhos,2,t-BuBrettPhos,0.0,31.56143569946289,19.021404266357422
reaction:1590,t-BuBrettPhos,2,t-BuBrettPhos,4.728362295,31.56351089477539,19.021404266357422
reaction:1591,t-BuBrettPhos,2,t-BuBrettPhos,35.24488191,31.581789016723633,19.021404266357422
reaction:1592,t-BuBrettPhos,2,t-BuBrettPhos,4.103392125,31.56157112121582,19.021404266357422
reaction:1593,t-BuBrettPhos,2,t-BuBrettPhos,10.36729294,31.5695743560791,19.021404266357422
reaction:1594,t-BuBrettPhos,2,t-BuBrettPhos,56.21933491,31.598031997680664,19.021404266357422
reaction:1595,t-BuBrettPhos,2,t-BuBrettPhos,13.57914578,31.562761306762695,19.021404266357422
reaction:1596,t-BuBrettPhos,2,t-BuBrettPhos,24.95867786,31.56841278076172,19.021404266357422
reaction:1597,t-BuBrettPhos,2,t-BuBrettPhos,49.7806525,31.585647583007812,19.021404266357422
reaction:1598,t-BuBrettPhos,2,t-BuBrettPhos,0.0,31.562095642089844,19.021404266357422
reaction:1599,t-BuBrettPhos,2,t-BuBrettPhos,26.20309393,31.57731819152832,19.021404266357422
reaction:1600,t-BuBrettPhos,2,t-BuBrettPhos,40.57039192,31.594112396240234,19.021404266357422
reaction:1601,t-BuBrettPhos,2,t-BuBrettPhos,7.387205125,31.56756591796875,19.021404266357422
reaction:1602,t-BuBrettPhos,2,t-BuBrettPhos,22.3492694,31.58087921142578,19.021404266357422
reaction:1603,t-BuBrettPhos,2,t-BuBrettPhos,47.05511825,31.59899139404297,19.021404266357422
reaction:1604,t-BuBrettPhos,2,t-BuBrettPhos,0.987020024,31.56256103515625,19.021404266357422
reaction:1605,t-BuBrettPhos,2,t-BuBrettPhos,17.55880282,31.58003044128418,19.021404266357422
reaction:1606,t-BuBrettPhos,2,t-BuBrettPhos,43.58283319,31.598146438598633,19.021404266357422
reaction:1607,t-BuBrettPhos,2,t-BuBrettPhos,12.47762059,31.56334114074707,19.021404266357422
reaction:1608,t-BuBrettPhos,2,t-BuBrettPhos,32.02304313,31.593175888061523,19.021404266357422
reaction:1609,t-BuBrettPhos,2,t-BuBrettPhos,72.70979963,31.620573043823242,19.021404266357422
reaction:1610,t-BuBrettPhos,2,t-BuBrettPhos,36.05565123,31.596485137939453,19.021404266357422
reaction:1611,t-BuBrettPhos,2,t-BuBrettPhos,46.16924796,31.60409164428711,19.021404266357422
reaction:1612,t-BuBrettPhos,2,t-BuBrettPhos,87.75322874,31.628215789794922,19.021404266357422
reaction:1613,t-BuBrettPhos,2,t-BuBrettPhos,24.93118771,31.56766128540039,19.021404266357422
reaction:1614,t-BuBrettPhos,2,t-BuBrettPhos,45.52509107,31.599369049072266,19.021404266357422
reaction:1615,t-BuBrettPhos,2,t-BuBrettPhos,70.18702806,31.62160873413086,19.021404266357422
reaction:1616,AdBrettPhos,0,AdBrettPhos,1.918248424,32.92903518676758,18.66130828857422
reaction:1617,AdBrettPhos,0,AdBrettPhos,2.933858815,32.92903518676758,18.66130828857422
reaction:1618,AdBrettPhos,0,AdBrettPhos,3.446957245,32.92903518676758,18.66130828857422
reaction:1619,AdBrettPhos,0,AdBrettPhos,0.0,32.92903518676758,18.66130828857422
reaction:1620,AdBrettPhos,0,AdBrettPhos,7.829216765,32.92903518676758,18.66130828857422
reaction:1621,AdBrettPhos,0,AdBrettPhos,11.24955158,32.92903518676758,18.66130828857422
reaction:1622,AdBrettPhos,0,AdBrettPhos,0.628858286,32.92903518676758,18.66130828857422
reaction:1623,AdBrettPhos,0,AdBrettPhos,12.30029297,32.92903518676758,18.66130828857422
reaction:1624,AdBrettPhos,0,AdBrettPhos,17.30024922,32.92903518676758,18.66130828857422
reaction:1625,AdBrettPhos,0,AdBrettPhos,17.08713871,32.92903518676758,18.66130828857422
reaction:1626,AdBrettPhos,0,AdBrettPhos,21.75875381,32.92903518676758,18.66130828857422
reaction:1627,AdBrettPhos,0,AdBrettPhos,27.05720868,32.92903518676758,18.66130828857422
reaction:1628,AdBrettPhos,0,AdBrettPhos,2.029011587,32.92903518676758,18.66130828857422
reaction:1629,AdBrettPhos,0,AdBrettPhos,3.679918653,32.92903518676758,18.66130828857422
reaction:1630,AdBrettPhos,0,AdBrettPhos,5.39705828,32.92903518676758,18.66130828857422
reaction:1631,AdBrettPhos,0,AdBrettPhos,3.399446884,32.92903518676758,18.66130828857422
reaction:1632,AdBrettPhos,0,AdBrettPhos,24.03126631,32.92903518676758,18.66130828857422
reaction:1633,AdBrettPhos,0,AdBrettPhos,37.04718214,32.92903518676758,18.66130828857422
reaction:1634,AdBrettPhos,0,AdBrettPhos,0.0,32.92903518676758,18.66130828857422
reaction:1635,AdBrettPhos,0,AdBrettPhos,20.36820588,32.92903518676758,18.66130828857422
reaction:1636,AdBrettPhos,0,AdBrettPhos,37.1376218,32.92903518676758,18.66130828857422
reaction:1637,AdBrettPhos,0,AdBrettPhos,0.375286042,32.92903518676758,18.66130828857422
reaction:1638,AdBrettPhos,0,AdBrettPhos,34.22216946,32.92903518676758,18.66130828857422
reaction:1639,AdBrettPhos,0,AdBrettPhos,60.33199916,32.92903518676758,18.66130828857422
reaction:1640,AdBrettPhos,0,AdBrettPhos,28.41978949,32.92903518676758,18.66130828857422
reaction:1641,AdBrettPhos,0,AdBrettPhos,37.45572206,32.92903518676758,18.66130828857422
reaction:1642,AdBrettPhos,0,AdBrettPhos,46.33728613,32.92903518676758,18.66130828857422
reaction:1643,AdBrettPhos,0,AdBrettPhos,3.063860217,32.92903518676758,18.66130828857422
reaction:1644,AdBrettPhos,0,AdBrettPhos,43.8122723,32.92903518676758,18.66130828857422
reaction:1645,AdBrettPhos,0,AdBrettPhos,54.92415457,32.92903518676758,18.66130828857422
reaction:1646,AdBrettPhos,0,AdBrettPhos,7.259820865,32.92903518676758,18.66130828857422
reaction:1647,AdBrettPhos,0,AdBrettPhos,29.47262424,32.92903518676758,18.66130828857422
reaction:1648,AdBrettPhos,0,AdBrettPhos,47.11942721,32.92903518676758,18.66130828857422
reaction:1649,AdBrettPhos,0,AdBrettPhos,0.382305168,32.92903518676758,18.66130828857422
reaction:1650,AdBrettPhos,0,AdBrettPhos,42.90896956,32.92903518676758,18.66130828857422
reaction:1651,AdBrettPhos,0,AdBrettPhos,50.10463357,32.92903518676758,18.66130828857422
reaction:1652,AdBrettPhos,0,AdBrettPhos,1.379250532,32.92903518676758,18.66130828857422
reaction:1653,AdBrettPhos,0,AdBrettPhos,66.71317285,32.92903518676758,18.66130828857422
reaction:1654,AdBrettPhos,0,AdBrettPhos,76.22505116,32.92903518676758,18.66130828857422
reaction:1655,AdBrettPhos,0,AdBrettPhos,70.04834525,32.92903518676758,18.66130828857422
reaction:1656,AdBrettPhos,0,AdBrettPhos,82.57086092,32.92903518676758,18.66130828857422
reaction:1657,AdBrettPhos,0,AdBrettPhos,90.31730943,32.92903518676758,18.66130828857422
reaction:1658,AdBrettPhos,0,AdBrettPhos,11.31144666,32.92903518676758,18.66130828857422
reaction:1659,AdBrettPhos,0,AdBrettPhos,79.68761126,32.92903518676758,18.66130828857422
reaction:1660,AdBrettPhos,0,AdBrettPhos,91.69839995,32.92903518676758,18.66130828857422
reaction:1661,AdBrettPhos,0,AdBrettPhos,1.069060713,32.92903518676758,18.66130828857422
reaction:1662,AdBrettPhos,0,AdBrettPhos,5.105134806000001,32.92903518676758,18.66130828857422
reaction:1663,AdBrettPhos,0,AdBrettPhos,3.280980517,32.92903518676758,18.66130828857422
reaction:1664,AdBrettPhos,0,AdBrettPhos,0.0,32.92903518676758,18.66130828857422
reaction:1665,AdBrettPhos,0,AdBrettPhos,3.302452152,32.92903518676758,18.66130828857422
reaction:1666,AdBrettPhos,0,AdBrettPhos,11.0075153,32.92903518676758,18.66130828857422
reaction:1667,AdBrettPhos,0,AdBrettPhos,0.8366448879999999,32.92903518676758,18.66130828857422
reaction:1668,AdBrettPhos,0,AdBrettPhos,7.242678118,32.92903518676758,18.66130828857422
reaction:1669,AdBrettPhos,0,AdBrettPhos,7.957289224,32.92903518676758,18.66130828857422
reaction:1670,AdBrettPhos,0,AdBrettPhos,5.427048525,32.92903518676758,18.66130828857422
reaction:1671,AdBrettPhos,0,AdBrettPhos,4.952408524,32.92903518676758,18.66130828857422
reaction:1672,AdBrettPhos,0,AdBrettPhos,6.244420827999999,32.92903518676758,18.66130828857422
reaction:1673,AdBrettPhos,0,AdBrettPhos,0.750246803,32.92903518676758,18.66130828857422
reaction:1674,AdBrettPhos,0,AdBrettPhos,5.82300352,32.92903518676758,18.66130828857422
reaction:1675,AdBrettPhos,0,AdBrettPhos,6.214566797000001,32.92903518676758,18.66130828857422
reaction:1676,AdBrettPhos,0,AdBrettPhos,0.0,32.92903518676758,18.66130828857422
reaction:1677,AdBrettPhos,0,AdBrettPhos,3.160193721,32.92903518676758,18.66130828857422
reaction:1678,AdBrettPhos,0,AdBrettPhos,8.104754995,32.92903518676758,18.66130828857422
reaction:1679,AdBrettPhos,0,AdBrettPhos,0.0,32.92903518676758,18.66130828857422
reaction:1680,AdBrettPhos,0,AdBrettPhos,2.004686227,32.92903518676758,18.66130828857422
reaction:1681,AdBrettPhos,0,AdBrettPhos,6.894237827,32.92903518676758,18.66130828857422
reaction:1682,AdBrettPhos,0,AdBrettPhos,0.0,32.92903518676758,18.66130828857422
reaction:1683,AdBrettPhos,0,AdBrettPhos,4.677881799,32.92903518676758,18.66130828857422
reaction:1684,AdBrettPhos,0,AdBrettPhos,16.33859929,32.92903518676758,18.66130828857422
reaction:1685,AdBrettPhos,0,AdBrettPhos,3.547951578,32.92903518676758,18.66130828857422
reaction:1686,AdBrettPhos,0,AdBrettPhos,7.467378263,32.92903518676758,18.66130828857422
reaction:1687,AdBrettPhos,0,AdBrettPhos,15.10235685,32.92903518676758,18.66130828857422
reaction:1688,AdBrettPhos,0,AdBrettPhos,0.0,32.92903518676758,18.66130828857422
reaction:1689,AdBrettPhos,0,AdBrettPhos,6.275458681,32.92903518676758,18.66130828857422
reaction:1690,AdBrettPhos,0,AdBrettPhos,6.702513015,32.92903518676758,18.66130828857422
reaction:1691,AdBrettPhos,0,AdBrettPhos,0.299153601,32.92903518676758,18.66130828857422
reaction:1692,AdBrettPhos,0,AdBrettPhos,6.9479336,32.92903518676758,18.66130828857422
reaction:1693,AdBrettPhos,0,AdBrettPhos,39.56647024,32.92903518676758,18.66130828857422
reaction:1694,AdBrettPhos,0,AdBrettPhos,0.0,32.92903518676758,18.66130828857422
reaction:1695,AdBrettPhos,0,AdBrettPhos,4.988380083,32.92903518676758,18.66130828857422
reaction:1696,AdBrettPhos,0,AdBrettPhos,39.27719826,32.92903518676758,18.66130828857422
reaction:1697,AdBrettPhos,0,AdBrettPhos,0.0,32.92903518676758,18.66130828857422
reaction:1698,AdBrettPhos,0,AdBrettPhos,10.46965924,32.92903518676758,18.66130828857422
reaction:1699,AdBrettPhos,0,AdBrettPhos,70.2716235,32.92903518676758,18.66130828857422
reaction:1700,AdBrettPhos,0,AdBrettPhos,13.55922704,32.92903518676758,18.66130828857422
reaction:1701,AdBrettPhos,0,AdBrettPhos,36.35900481,32.92903518676758,18.66130828857422
reaction:1702,AdBrettPhos,0,AdBrettPhos,79.01720716,32.92903518676758,18.66130828857422
reaction:1703,AdBrettPhos,0,AdBrettPhos,0.0,32.92903518676758,18.66130828857422
reaction:1704,AdBrettPhos,0,AdBrettPhos,14.39054676,32.92903518676758,18.66130828857422
reaction:1705,AdBrettPhos,0,AdBrettPhos,47.30915738,32.92903518676758,18.66130828857422
reaction:1706,AdBrettPhos,0,AdBrettPhos,1.831351486,32.92903518676758,18.66130828857422
reaction:1707,AdBrettPhos,0,AdBrettPhos,9.025273637,32.92903518676758,18.66130828857422
reaction:1708,AdBrettPhos,0,AdBrettPhos,31.74709006,32.92903518676758,18.66130828857422
reaction:1709,AdBrettPhos,0,AdBrettPhos,0.0,32.92903518676758,18.66130828857422
reaction:1710,AdBrettPhos,0,AdBrettPhos,45.98289688,32.92903518676758,18.66130828857422
reaction:1711,AdBrettPhos,0,AdBrettPhos,46.93920076,32.92903518676758,18.66130828857422
reaction:1712,AdBrettPhos,0,AdBrettPhos,0.66547915,32.92903518676758,18.66130828857422
reaction:1713,AdBrettPhos,0,AdBrettPhos,61.80395318,32.92903518676758,18.66130828857422
reaction:1714,AdBrettPhos,0,AdBrettPhos,68.3339655,32.92903518676758,18.66130828857422
reaction:1715,AdBrettPhos,0,AdBrettPhos,70.41045785,32.92903518676758,18.66130828857422
reaction:1716,AdBrettPhos,0,AdBrettPhos,77.6347291,32.92903518676758,18.66130828857422
reaction:1717,AdBrettPhos,0,AdBrettPhos,79.76966371,32.92903518676758,18.66130828857422
reaction:1718,AdBrettPhos,0,AdBrettPhos,1.779970363,32.92903518676758,18.66130828857422
reaction:1719,AdBrettPhos,0,AdBrettPhos,31.49662818,32.92903518676758,18.66130828857422
reaction:1720,AdBrettPhos,0,AdBrettPhos,70.31871872,32.92903518676758,18.66130828857422
reaction:1721,AdBrettPhos,0,AdBrettPhos,9.550418032,32.92903518676758,18.66130828857422
reaction:1722,AdBrettPhos,0,AdBrettPhos,33.30841773,32.92903518676758,18.66130828857422
reaction:1723,AdBrettPhos,0,AdBrettPhos,34.84480888,32.92903518676758,18.66130828857422
reaction:1724,AdBrettPhos,0,AdBrettPhos,0.319224301,32.92903518676758,18.66130828857422
reaction:1725,AdBrettPhos,0,AdBrettPhos,31.39385907,32.92903518676758,18.66130828857422
reaction:1726,AdBrettPhos,0,AdBrettPhos,35.25588385,32.92903518676758,18.66130828857422
reaction:1727,AdBrettPhos,0,AdBrettPhos,1.279456438,32.92903518676758,18.66130828857422
reaction:1728,AdBrettPhos,0,AdBrettPhos,50.41927701,32.92903518676758,18.66130828857422
reaction:1729,AdBrettPhos,0,AdBrettPhos,57.65452227,32.92903518676758,18.66130828857422
reaction:1730,AdBrettPhos,0,AdBrettPhos,33.09635306,32.92903518676758,18.66130828857422
reaction:1731,AdBrettPhos,0,AdBrettPhos,40.91072057,32.92903518676758,18.66130828857422
reaction:1732,AdBrettPhos,0,AdBrettPhos,46.38749412,32.92903518676758,18.66130828857422
reaction:1733,AdBrettPhos,0,AdBrettPhos,13.31813914,32.92903518676758,18.66130828857422
reaction:1734,AdBrettPhos,0,AdBrettPhos,53.12382569,32.92903518676758,18.66130828857422
reaction:1735,AdBrettPhos,0,AdBrettPhos,57.26273694,32.92903518676758,18.66130828857422
reaction:1736,AdBrettPhos,0,AdBrettPhos,10.68115857,32.92903518676758,18.66130828857422
reaction:1737,AdBrettPhos,0,AdBrettPhos,33.95037625,32.92903518676758,18.66130828857422
reaction:1738,AdBrettPhos,0,AdBrettPhos,47.09445645,32.92903518676758,18.66130828857422
reaction:1739,AdBrettPhos,0,AdBrettPhos,0.492662711,32.92903518676758,18.66130828857422
reaction:1740,AdBrettPhos,0,AdBrettPhos,48.41843845,32.92903518676758,18.66130828857422
reaction:1741,AdBrettPhos,0,AdBrettPhos,50.21013597,32.92903518676758,18.66130828857422
reaction:1742,AdBrettPhos,0,AdBrettPhos,1.542228309,32.92903518676758,18.66130828857422
reaction:1743,AdBrettPhos,0,AdBrettPhos,74.39518038,32.92903518676758,18.66130828857422
reaction:1744,AdBrettPhos,0,AdBrettPhos,76.98654081,32.92903518676758,18.66130828857422
reaction:1745,AdBrettPhos,0,AdBrettPhos,75.55480498,32.92903518676758,18.66130828857422
reaction:1746,AdBrettPhos,0,AdBrettPhos,87.36384149,32.92903518676758,18.66130828857422
reaction:1747,AdBrettPhos,0,AdBrettPhos,86.76065944,32.92903518676758,18.66130828857422
reaction:1748,AdBrettPhos,0,AdBrettPhos,11.83956232,32.92903518676758,18.66130828857422
reaction:1749,AdBrettPhos,0,AdBrettPhos,83.80386815,32.92903518676758,18.66130828857422
reaction:1750,AdBrettPhos,0,AdBrettPhos,92.12702212,32.92903518676758,18.66130828857422
reaction:1751,AdBrettPhos,0,AdBrettPhos,3.449624718,32.92903518676758,18.66130828857422
reaction:1752,AdBrettPhos,0,AdBrettPhos,3.932288397,32.92903518676758,18.66130828857422
reaction:1753,AdBrettPhos,0,AdBrettPhos,5.419599738,32.92903518676758,18.66130828857422
reaction:1754,AdBrettPhos,0,AdBrettPhos,0.0,32.92903518676758,18.66130828857422
reaction:1755,AdBrettPhos,0,AdBrettPhos,4.7783658,32.92903518676758,18.66130828857422
reaction:1756,AdBrettPhos,0,AdBrettPhos,8.071196301,32.92903518676758,18.66130828857422
reaction:1757,AdBrettPhos,0,AdBrettPhos,0.526967727,32.92903518676758,18.66130828857422
reaction:1758,AdBrettPhos,0,AdBrettPhos,9.746425367,32.92903518676758,18.66130828857422
reaction:1759,AdBrettPhos,0,AdBrettPhos,14.43785417,32.92903518676758,18.66130828857422
reaction:1760,AdBrettPhos,0,AdBrettPhos,8.586375019,32.92903518676758,18.66130828857422
reaction:1761,AdBrettPhos,0,AdBrettPhos,11.06445724,32.92903518676758,18.66130828857422
reaction:1762,AdBrettPhos,0,AdBrettPhos,15.42196799,32.92903518676758,18.66130828857422
reaction:1763,AdBrettPhos,0,AdBrettPhos,2.238996806,32.92903518676758,18.66130828857422
reaction:1764,AdBrettPhos,0,AdBrettPhos,8.862814973999999,32.92903518676758,18.66130828857422
reaction:1765,AdBrettPhos,0,AdBrettPhos,10.829637599999998,32.92903518676758,18.66130828857422
reaction:1766,AdBrettPhos,0,AdBrettPhos,0.432282788,32.92903518676758,18.66130828857422
reaction:1767,AdBrettPhos,0,AdBrettPhos,4.469322068,32.92903518676758,18.66130828857422
reaction:1768,AdBrettPhos,0,AdBrettPhos,18.53801466,32.92903518676758,18.66130828857422
reaction:1769,AdBrettPhos,0,AdBrettPhos,0.0,32.92903518676758,18.66130828857422
reaction:1770,AdBrettPhos,0,AdBrettPhos,3.046255894,32.92903518676758,18.66130828857422
reaction:1771,AdBrettPhos,0,AdBrettPhos,24.02218457,32.92903518676758,18.66130828857422
reaction:1772,AdBrettPhos,0,AdBrettPhos,0.0,32.92903518676758,18.66130828857422
reaction:1773,AdBrettPhos,0,AdBrettPhos,5.605744575,32.92903518676758,18.66130828857422
reaction:1774,AdBrettPhos,0,AdBrettPhos,39.2434395,32.92903518676758,18.66130828857422
reaction:1775,AdBrettPhos,0,AdBrettPhos,3.747141461000001,32.92903518676758,18.66130828857422
reaction:1776,AdBrettPhos,0,AdBrettPhos,6.703331473,32.92903518676758,18.66130828857422
reaction:1777,AdBrettPhos,0,AdBrettPhos,17.35228888,32.92903518676758,18.66130828857422
reaction:1778,AdBrettPhos,0,AdBrettPhos,0.0,32.92903518676758,18.66130828857422
reaction:1779,AdBrettPhos,0,AdBrettPhos,12.57405954,32.92903518676758,18.66130828857422
reaction:1780,AdBrettPhos,0,AdBrettPhos,29.29764197,32.92903518676758,18.66130828857422
reaction:1781,AdBrettPhos,0,AdBrettPhos,6.92498784,32.92903518676758,18.66130828857422
reaction:1782,AdBrettPhos,0,AdBrettPhos,19.60222309,32.92903518676758,18.66130828857422
reaction:1783,AdBrettPhos,0,AdBrettPhos,43.94123378,32.92903518676758,18.66130828857422
reaction:1784,AdBrettPhos,0,AdBrettPhos,1.061200258,32.92903518676758,18.66130828857422
reaction:1785,AdBrettPhos,0,AdBrettPhos,17.8480573,32.92903518676758,18.66130828857422
reaction:1786,AdBrettPhos,0,AdBrettPhos,39.0058585,32.92903518676758,18.66130828857422
reaction:1787,AdBrettPhos,0,AdBrettPhos,2.373221649,32.92903518676758,18.66130828857422
reaction:1788,AdBrettPhos,0,AdBrettPhos,29.36083658,32.92903518676758,18.66130828857422
reaction:1789,AdBrettPhos,0,AdBrettPhos,68.1907703,32.92903518676758,18.66130828857422
reaction:1790,AdBrettPhos,0,AdBrettPhos,29.35743486,32.92903518676758,18.66130828857422
reaction:1791,AdBrettPhos,0,AdBrettPhos,35.64598437,32.92903518676758,18.66130828857422
reaction:1792,AdBrettPhos,0,AdBrettPhos,77.54677515,32.92903518676758,18.66130828857422
reaction:1793,AdBrettPhos,0,AdBrettPhos,7.732563505,32.92903518676758,18.66130828857422
reaction:1794,AdBrettPhos,0,AdBrettPhos,36.03481726,32.92903518676758,18.66130828857422
reaction:1795,AdBrettPhos,0,AdBrettPhos,63.99072189,32.92903518676758,18.66130828857422
reaction:1796,XPhos,1,XPhos,0.0,37.39902114868164,20.433700561523438
reaction:1797,XPhos,1,XPhos,0.296524645,37.39902114868164,20.433700561523438
reaction:1798,XPhos,1,XPhos,0.0,37.39902114868164,20.433700561523438
reaction:1799,XPhos,1,XPhos,0.0,37.39902114868164,20.433700561523438
reaction:1800,XPhos,1,XPhos,0.0,37.39902114868164,20.433700561523438
reaction:1801,XPhos,1,XPhos,0.0,37.39902114868164,20.433700561523438
reaction:1802,XPhos,1,XPhos,0.0,37.39902114868164,20.433700561523438
reaction:1803,XPhos,1,XPhos,0.0,37.39902114868164,20.433700561523438
reaction:1804,XPhos,1,XPhos,0.0,37.39902114868164,20.433700561523438
reaction:1805,XPhos,1,XPhos,0.0,37.39902114868164,20.433700561523438
reaction:1806,XPhos,1,XPhos,0.0,37.39902114868164,20.433700561523438
reaction:1807,XPhos,1,XPhos,0.0,37.39902114868164,20.433700561523438
reaction:1808,XPhos,1,XPhos,0.0,37.39902114868164,20.433700561523438
reaction:1809,XPhos,1,XPhos,0.0,37.39902114868164,20.433700561523438
reaction:1810,XPhos,1,XPhos,0.0,37.39902114868164,20.433700561523438
reaction:1811,XPhos,1,XPhos,17.36491347,37.39902114868164,20.433700561523438
reaction:1812,XPhos,1,XPhos,27.46647446,37.39902114868164,20.433700561523438
reaction:1813,XPhos,1,XPhos,34.89767991,37.39902114868164,20.433700561523438
reaction:1814,XPhos,1,XPhos,0.426836265,37.39902114868164,20.433700561523438
reaction:1815,XPhos,1,XPhos,9.912732719,37.39902114868164,20.433700561523438
reaction:1816,XPhos,1,XPhos,21.7977125,37.39902114868164,20.433700561523438
reaction:1817,XPhos,1,XPhos,2.86790041,37.39902114868164,20.433700561523438
reaction:1818,XPhos,1,XPhos,34.68012306,37.39902114868164,20.433700561523438
reaction:1819,XPhos,1,XPhos,42.17741181,37.39902114868164,20.433700561523438
reaction:1820,XPhos,1,XPhos,26.14998957,37.39902114868164,20.433700561523438
reaction:1821,XPhos,1,XPhos,49.4018977,37.39902114868164,20.433700561523438
reaction:1822,XPhos,1,XPhos,40.9724255,37.39902114868164,20.433700561523438
reaction:1823,XPhos,1,XPhos,11.67138777,37.39902114868164,20.433700561523438
reaction:1824,XPhos,1,XPhos,26.55730378,37.39902114868164,20.433700561523438
reaction:1825,XPhos,1,XPhos,38.4179882,37.39902114868164,20.433700561523438
reaction:1826,XPhos,1,XPhos,18.14790513,37.39902114868164,20.433700561523438
reaction:1827,XPhos,1,XPhos,31.22142105,37.39902114868164,20.433700561523438
reaction:1828,XPhos,1,XPhos,45.90521481,37.39902114868164,20.433700561523438
reaction:1829,XPhos,1,XPhos,0.344428756,37.39902114868164,20.433700561523438
reaction:1830,XPhos,1,XPhos,6.408110436,37.39902114868164,20.433700561523438
reaction:1831,XPhos,1,XPhos,15.48048004,37.39902114868164,20.433700561523438
reaction:1832,XPhos,1,XPhos,2.68757234,37.39902114868164,20.433700561523438
reaction:1833,XPhos,1,XPhos,23.14452899,37.39902114868164,20.433700561523438
reaction:1834,XPhos,1,XPhos,50.86354716,37.39902114868164,20.433700561523438
reaction:1835,XPhos,1,XPhos,28.88381703,37.39902114868164,20.433700561523438
reaction:1836,XPhos,1,XPhos,51.52656955,37.39902114868164,20.433700561523438
reaction:1837,XPhos,1,XPhos,59.0740653,37.39902114868164,20.433700561523438
reaction:1838,XPhos,1,XPhos,8.431077782000001,37.39902114868164,20.433700561523438
reaction:1839,XPhos,1,XPhos,22.07470925,37.39902114868164,20.433700561523438
reaction:1840,XPhos,1,XPhos,34.74690376,37.39902114868164,20.433700561523438
reaction:1841,XPhos,1,XPhos,11.13292009,37.39902114868164,20.433700561523438
reaction:1842,XPhos,1,XPhos,15.0324858,37.39902114868164,20.433700561523438
reaction:1843,XPhos,1,XPhos,14.02259716,37.39902114868164,20.433700561523438
reaction:1844,XPhos,1,XPhos,3.02090007,37.39902114868164,20.433700561523438
reaction:1845,XPhos,1,XPhos,9.070205476,37.39902114868164,20.433700561523438
reaction:1846,XPhos,1,XPhos,6.9996798810000005,37.39902114868164,20.433700561523438
reaction:1847,XPhos,1,XPhos,14.86219247,37.39902114868164,20.433700561523438
reaction:1848,XPhos,1,XPhos,19.33424545,37.39902114868164,20.433700561523438
reaction:1849,XPhos,1,XPhos,12.44362591,37.39902114868164,20.433700561523438
reaction:1850,XPhos,1,XPhos,12.438351,37.39902114868164,20.433700561523438
reaction:1851,XPhos,1,XPhos,18.58444117,37.39902114868164,20.433700561523438
reaction:1852,XPhos,1,XPhos,17.39978172,37.39902114868164,20.433700561523438
reaction:1853,XPhos,1,XPhos,17.22825534,37.39902114868164,20.433700561523438
reaction:1854,XPhos,1,XPhos,8.798104801000001,37.39902114868164,20.433700561523438
reaction:1855,XPhos,1,XPhos,11.59336493,37.39902114868164,20.433700561523438
reaction:1856,XPhos,1,XPhos,2.550915003,37.39902114868164,20.433700561523438
reaction:1857,XPhos,1,XPhos,9.795326165,37.39902114868164,20.433700561523438
reaction:1858,XPhos,1,XPhos,19.55154349,37.39902114868164,20.433700561523438
reaction:1859,XPhos,1,XPhos,0.0,37.39902114868164,20.433700561523438
reaction:1860,XPhos,1,XPhos,0.602239969,37.39902114868164,20.433700561523438
reaction:1861,XPhos,1,XPhos,2.613234135,37.39902114868164,20.433700561523438
reaction:1862,XPhos,1,XPhos,0.0,37.39902114868164,20.433700561523438
reaction:1863,XPhos,1,XPhos,3.339136515,37.39902114868164,20.433700561523438
reaction:1864,XPhos,1,XPhos,3.546985039,37.39902114868164,20.433700561523438
reaction:1865,XPhos,1,XPhos,10.00194934,37.39902114868164,20.433700561523438
reaction:1866,XPhos,1,XPhos,18.5257144,37.39902114868164,20.433700561523438
reaction:1867,XPhos,1,XPhos,21.49059564,37.39902114868164,20.433700561523438
reaction:1868,XPhos,1,XPhos,1.445871909,37.39902114868164,20.433700561523438
reaction:1869,XPhos,1,XPhos,0.929191796,37.39902114868164,20.433700561523438
reaction:1870,XPhos,1,XPhos,3.66151941,37.39902114868164,20.433700561523438
reaction:1871,XPhos,1,XPhos,10.78337463,37.39902114868164,20.433700561523438
reaction:1872,XPhos,1,XPhos,27.09846988,37.39902114868164,20.433700561523438
reaction:1873,XPhos,1,XPhos,23.3532112,37.39902114868164,20.433700561523438
reaction:1874,XPhos,1,XPhos,0.0,37.39902114868164,20.433700561523438
reaction:1875,XPhos,1,XPhos,5.298016227,37.39902114868164,20.433700561523438
reaction:1876,XPhos,1,XPhos,10.26938874,37.39902114868164,20.433700561523438
reaction:1877,XPhos,1,XPhos,1.52899949,37.39902114868164,20.433700561523438
reaction:1878,XPhos,1,XPhos,19.26994536,37.39902114868164,20.433700561523438
reaction:1879,XPhos,1,XPhos,30.9794262,37.39902114868164,20.433700561523438
reaction:1880,XPhos,1,XPhos,18.83260332,37.39902114868164,20.433700561523438
reaction:1881,XPhos,1,XPhos,28.69582004,37.39902114868164,20.433700561523438
reaction:1882,XPhos,1,XPhos,28.02951353,37.39902114868164,20.433700561523438
reaction:1883,XPhos,1,XPhos,4.247160433,37.39902114868164,20.433700561523438
reaction:1884,XPhos,1,XPhos,18.76658525,37.39902114868164,20.433700561523438
reaction:1885,XPhos,1,XPhos,26.7561311,37.39902114868164,20.433700561523438
reaction:1886,XPhos,1,XPhos,0.522267307,37.39902114868164,20.433700561523438
reaction:1887,XPhos,1,XPhos,0.0,37.39902114868164,20.433700561523438
reaction:1888,XPhos,1,XPhos,0.0,37.39902114868164,20.433700561523438
reaction:1889,XPhos,1,XPhos,0.0,37.39902114868164,20.433700561523438
reaction:1890,XPhos,1,XPhos,0.0,37.39902114868164,20.433700561523438
reaction:1891,XPhos,1,XPhos,0.0,37.39902114868164,20.433700561523438
reaction:1892,XPhos,1,XPhos,0.0,37.39902114868164,20.433700561523438
reaction:1893,XPhos,1,XPhos,0.0,37.39902114868164,20.433700561523438
reaction:1894,XPhos,1,XPhos,0.0,37.39902114868164,20.433700561523438
reaction:1895,XPhos,1,XPhos,0.0,37.39902114868164,20.433700561523438
reaction:1896,XPhos,1,XPhos,0.0,37.39902114868164,20.433700561523438
reaction:1897,XPhos,1,XPhos,0.0,37.39902114868164,20.433700561523438
reaction:1898,XPhos,1,XPhos,0.0,37.39902114868164,20.433700561523438
reaction:1899,XPhos,1,XPhos,0.0,37.39902114868164,20.433700561523438
reaction:1900,XPhos,1,XPhos,0.0,37.39902114868164,20.433700561523438
reaction:1901,XPhos,1,XPhos,0.7575191240000001,37.39902114868164,20.433700561523438
reaction:1902,XPhos,1,XPhos,0.5467913839999999,37.39902114868164,20.433700561523438
reaction:1903,XPhos,1,XPhos,0.70766924,37.39902114868164,20.433700561523438
reaction:1904,XPhos,1,XPhos,0.0,37.39902114868164,20.433700561523438
reaction:1905,XPhos,1,XPhos,0.0,37.39902114868164,20.433700561523438
reaction:1906,XPhos,1,XPhos,1.933202382,37.39902114868164,20.433700561523438
reaction:1907,XPhos,1,XPhos,0.0,37.39902114868164,20.433700561523438
reaction:1908,XPhos,1,XPhos,1.204026973,37.39902114868164,20.433700561523438
reaction:1909,XPhos,1,XPhos,0.602410789,37.39902114868164,20.433700561523438
reaction:1910,XPhos,1,XPhos,0.0,37.39902114868164,20.433700561523438
reaction:1911,XPhos,1,XPhos,1.437346554,37.39902114868164,20.433700561523438
reaction:1912,XPhos,1,XPhos,1.530768374,37.39902114868164,20.433700561523438
reaction:1913,XPhos,1,XPhos,0.0,37.39902114868164,20.433700561523438
reaction:1914,XPhos,1,XPhos,0.0,37.39902114868164,20.433700561523438
reaction:1915,XPhos,1,XPhos,0.027450906,37.39902114868164,20.433700561523438
reaction:1916,XPhos,1,XPhos,16.82018282,37.39902114868164,20.433700561523438
reaction:1917,XPhos,1,XPhos,21.42393699,37.39902114868164,20.433700561523438
reaction:1918,XPhos,1,XPhos,19.15166059,37.39902114868164,20.433700561523438
reaction:1919,XPhos,1,XPhos,0.423167396,37.39902114868164,20.433700561523438
reaction:1920,XPhos,1,XPhos,4.73013199,37.39902114868164,20.433700561523438
reaction:1921,XPhos,1,XPhos,9.35930625,37.39902114868164,20.433700561523438
reaction:1922,XPhos,1,XPhos,3.525705852,37.39902114868164,20.433700561523438
reaction:1923,XPhos,1,XPhos,17.85871647,37.39902114868164,20.433700561523438
reaction:1924,XPhos,1,XPhos,21.48672588,37.39902114868164,20.433700561523438
reaction:1925,XPhos,1,XPhos,7.156167612999999,37.39902114868164,20.433700561523438
reaction:1926,XPhos,1,XPhos,11.85200713,37.39902114868164,20.433700561523438
reaction:1927,XPhos,1,XPhos,13.49999802,37.39902114868164,20.433700561523438
reaction:1928,XPhos,1,XPhos,4.333466821,37.39902114868164,20.433700561523438
reaction:1929,XPhos,1,XPhos,12.51722888,37.39902114868164,20.433700561523438
reaction:1930,XPhos,1,XPhos,18.54827099,37.39902114868164,20.433700561523438
reaction:1931,XPhos,1,XPhos,16.76617673,37.39902114868164,20.433700561523438
reaction:1932,XPhos,1,XPhos,27.47304315,37.39902114868164,20.433700561523438
reaction:1933,XPhos,1,XPhos,35.89724622,37.39902114868164,20.433700561523438
reaction:1934,XPhos,1,XPhos,0.8503584259999999,37.39902114868164,20.433700561523438
reaction:1935,XPhos,1,XPhos,9.607508599,37.39902114868164,20.433700561523438
reaction:1936,XPhos,1,XPhos,11.82938133,37.39902114868164,20.433700561523438
reaction:1937,XPhos,1,XPhos,8.822068949,37.39902114868164,20.433700561523438
reaction:1938,XPhos,1,XPhos,25.87549138,37.39902114868164,20.433700561523438
reaction:1939,XPhos,1,XPhos,34.29689514,37.39902114868164,20.433700561523438
reaction:1940,XPhos,1,XPhos,17.200701000000002,37.39902114868164,20.433700561523438
reaction:1941,XPhos,1,XPhos,24.04057337,37.39902114868164,20.433700561523438
reaction:1942,XPhos,1,XPhos,23.94536549,37.39902114868164,20.433700561523438
reaction:1943,XPhos,1,XPhos,15.22072074,37.39902114868164,20.433700561523438
reaction:1944,XPhos,1,XPhos,20.45508721,37.39902114868164,20.433700561523438
reaction:1945,XPhos,1,XPhos,28.5480245,37.39902114868164,20.433700561523438
reaction:1946,XPhos,1,XPhos,13.87079949,37.39902114868164,20.433700561523438
reaction:1947,XPhos,1,XPhos,22.22290277,37.39902114868164,20.433700561523438
reaction:1948,XPhos,1,XPhos,26.64038865,37.39902114868164,20.433700561523438
reaction:1949,XPhos,1,XPhos,0.0,37.39902114868164,20.433700561523438
reaction:1950,XPhos,1,XPhos,1.629425083,37.39902114868164,20.433700561523438
reaction:1951,XPhos,1,XPhos,2.128691227,37.39902114868164,20.433700561523438
reaction:1952,XPhos,1,XPhos,2.570236026,37.39902114868164,20.433700561523438
reaction:1953,XPhos,1,XPhos,8.384736601,37.39902114868164,20.433700561523438
reaction:1954,XPhos,1,XPhos,11.20904607,37.39902114868164,20.433700561523438
reaction:1955,XPhos,1,XPhos,6.819997972,37.39902114868164,20.433700561523438
reaction:1956,XPhos,1,XPhos,13.1450619,37.39902114868164,20.433700561523438
reaction:1957,XPhos,1,XPhos,12.68763797,37.39902114868164,20.433700561523438
reaction:1958,XPhos,1,XPhos,3.235819119,37.39902114868164,20.433700561523438
reaction:1959,XPhos,1,XPhos,5.972926182,37.39902114868164,20.433700561523438
reaction:1960,XPhos,1,XPhos,8.041639597,37.39902114868164,20.433700561523438
reaction:1961,XPhos,1,XPhos,18.97711675,37.39902114868164,20.433700561523438
reaction:1962,XPhos,1,XPhos,28.60232004,37.39902114868164,20.433700561523438
reaction:1963,XPhos,1,XPhos,40.27113975,37.39902114868164,20.433700561523438
reaction:1964,XPhos,1,XPhos,0.0,37.39902114868164,20.433700561523438
reaction:1965,XPhos,1,XPhos,1.79441071,37.39902114868164,20.433700561523438
reaction:1966,XPhos,1,XPhos,2.066222749,37.39902114868164,20.433700561523438
reaction:1967,XPhos,1,XPhos,5.163801227,37.39902114868164,20.433700561523438
reaction:1968,XPhos,1,XPhos,11.8907701,37.39902114868164,20.433700561523438
reaction:1969,XPhos,1,XPhos,29.83775681,37.39902114868164,20.433700561523438
reaction:1970,XPhos,1,XPhos,16.58042552,37.39902114868164,20.433700561523438
reaction:1971,XPhos,1,XPhos,26.94242513,37.39902114868164,20.433700561523438
reaction:1972,XPhos,1,XPhos,27.31009438,37.39902114868164,20.433700561523438
reaction:1973,XPhos,1,XPhos,5.543745956,37.39902114868164,20.433700561523438
reaction:1974,XPhos,1,XPhos,10.25341715,37.39902114868164,20.433700561523438
reaction:1975,XPhos,1,XPhos,14.86685885,37.39902114868164,20.433700561523438
reaction:1976,t-BuXPhos,3,t-BuXPhos,0.0,30.424705505371094,18.47719383239746
reaction:1977,t-BuXPhos,3,t-BuXPhos,0.0,30.424705505371094,18.47719383239746
reaction:1978,t-BuXPhos,3,t-BuXPhos,0.0,30.424705505371094,18.47719383239746
reaction:1979,t-BuXPhos,3,t-BuXPhos,0.0,30.424705505371094,18.47719383239746
reaction:1980,t-BuXPhos,3,t-BuXPhos,0.8010865229999999,30.424705505371094,18.47719383239746
reaction:1981,t-BuXPhos,3,t-BuXPhos,2.97427716,30.424705505371094,18.47719383239746
reaction:1982,t-BuXPhos,3,t-BuXPhos,0.0,30.424705505371094,18.47719383239746
reaction:1983,t-BuXPhos,3,t-BuXPhos,1.599458738,30.424705505371094,18.47719383239746
reaction:1984,t-BuXPhos,3,t-BuXPhos,2.601590615,30.424705505371094,18.47719383239746
reaction:1985,t-BuXPhos,3,t-BuXPhos,3.510094374,30.424705505371094,18.47719383239746
reaction:1986,t-BuXPhos,3,t-BuXPhos,8.008432112000001,30.424705505371094,18.47719383239746
reaction:1987,t-BuXPhos,3,t-BuXPhos,9.011992674,30.424705505371094,18.47719383239746
reaction:1988,t-BuXPhos,3,t-BuXPhos,0.0,30.424705505371094,18.47719383239746
reaction:1989,t-BuXPhos,3,t-BuXPhos,0.0,30.424705505371094,18.47719383239746
reaction:1990,t-BuXPhos,3,t-BuXPhos,1.171055965,30.424705505371094,18.47719383239746
reaction:1991,t-BuXPhos,3,t-BuXPhos,24.21309665,30.424705505371094,18.47719383239746
reaction:1992,t-BuXPhos,3,t-BuXPhos,35.9238924,30.424705505371094,18.47719383239746
reaction:1993,t-BuXPhos,3,t-BuXPhos,35.32665147,30.424705505371094,18.47719383239746
reaction:1994,t-BuXPhos,3,t-BuXPhos,0.5535074839999999,30.424705505371094,18.47719383239746
reaction:1995,t-BuXPhos,3,t-BuXPhos,36.52871122,30.424705505371094,18.47719383239746
reaction:1996,t-BuXPhos,3,t-BuXPhos,40.65115531,30.424705505371094,18.47719383239746
reaction:1997,t-BuXPhos,3,t-BuXPhos,2.408749938,30.424705505371094,18.47719383239746
reaction:1998,t-BuXPhos,3,t-BuXPhos,56.843372200000005,30.424705505371094,18.47719383239746
reaction:1999,t-BuXPhos,3,t-BuXPhos,58.99233401,30.424705505371094,18.47719383239746
reaction:2000,t-BuXPhos,3,t-BuXPhos,60.26102193,30.424705505371094,18.47719383239746
reaction:2001,t-BuXPhos,3,t-BuXPhos,60.25206697,30.424705505371094,18.47719383239746
reaction:2002,t-BuXPhos,3,t-BuXPhos,63.42879895,30.424705505371094,18.47719383239746
reaction:2003,t-BuXPhos,3,t-BuXPhos,25.82773903,30.424705505371094,18.47719383239746
reaction:2004,t-BuXPhos,3,t-BuXPhos,60.28357539,30.424705505371094,18.47719383239746
reaction:2005,t-BuXPhos,3,t-BuXPhos,61.92858478,30.424705505371094,18.47719383239746
reaction:2006,t-BuXPhos,3,t-BuXPhos,28.132793300000003,30.424705505371094,18.47719383239746
reaction:2007,t-BuXPhos,3,t-BuXPhos,40.09723237,30.424705505371094,18.47719383239746
reaction:2008,t-BuXPhos,3,t-BuXPhos,48.69500261,30.424705505371094,18.47719383239746
reaction:2009,t-BuXPhos,3,t-BuXPhos,0.723968187,30.424705505371094,18.47719383239746
reaction:2010,t-BuXPhos,3,t-BuXPhos,51.38895599,30.424705505371094,18.47719383239746
reaction:2011,t-BuXPhos,3,t-BuXPhos,56.62080434,30.424705505371094,18.47719383239746
reaction:2012,t-BuXPhos,3,t-BuXPhos,2.853941347,30.424705505371094,18.47719383239746
reaction:2013,t-BuXPhos,3,t-BuXPhos,73.31932313,30.424705505371094,18.47719383239746
reaction:2014,t-BuXPhos,3,t-BuXPhos,74.44046437,30.424705505371094,18.47719383239746
reaction:2015,t-BuXPhos,3,t-BuXPhos,81.53694628,30.424705505371094,18.47719383239746
reaction:2016,t-BuXPhos,3,t-BuXPhos,85.40177854,30.424705505371094,18.47719383239746
reaction:2017,t-BuXPhos,3,t-BuXPhos,88.51390693,30.424705505371094,18.47719383239746
reaction:2018,t-BuXPhos,3,t-BuXPhos,31.87466664,30.424705505371094,18.47719383239746
reaction:2019,t-BuXPhos,3,t-BuXPhos,85.8122803,30.424705505371094,18.47719383239746
reaction:2020,t-BuXPhos,3,t-BuXPhos,83.31333267,30.424705505371094,18.47719383239746
reaction:2021,t-BuXPhos,3,t-BuXPhos,13.02655322,30.424705505371094,18.47719383239746
reaction:2022,t-BuXPhos,3,t-BuXPhos,16.09836574,30.424705505371094,18.47719383239746
reaction:2023,t-BuXPhos,3,t-BuXPhos,15.87410565,30.424705505371094,18.47719383239746
reaction:2024,t-BuXPhos,3,t-BuXPhos,1.879419954,30.424705505371094,18.47719383239746
reaction:2025,t-BuXPhos,3,t-BuXPhos,14.85699263,30.424705505371094,18.47719383239746
reaction:2026,t-BuXPhos,3,t-BuXPhos,19.37897224,30.424705505371094,18.47719383239746
reaction:2027,t-BuXPhos,3,t-BuXPhos,4.57865157,30.424705505371094,18.47719383239746
reaction:2028,t-BuXPhos,3,t-BuXPhos,22.0084522,30.424705505371094,18.47719383239746
reaction:2029,t-BuXPhos,3,t-BuXPhos,22.22340072,30.424705505371094,18.47719383239746
reaction:2030,t-BuXPhos,3,t-BuXPhos,21.68221926,30.424705505371094,18.47719383239746
reaction:2031,t-BuXPhos,3,t-BuXPhos,35.06478929,30.424705505371094,18.47719383239746
reaction:2032,t-BuXPhos,3,t-BuXPhos,30.72459608,30.424705505371094,18.47719383239746
reaction:2033,t-BuXPhos,3,t-BuXPhos,10.88472418,30.424705505371094,18.47719383239746
reaction:2034,t-BuXPhos,3,t-BuXPhos,21.37540077,30.424705505371094,18.47719383239746
reaction:2035,t-BuXPhos,3,t-BuXPhos,23.67114189,30.424705505371094,18.47719383239746
reaction:2036,t-BuXPhos,3,t-BuXPhos,0.7474117720000001,30.424705505371094,18.47719383239746
reaction:2037,t-BuXPhos,3,t-BuXPhos,9.794715203,30.424705505371094,18.47719383239746
reaction:2038,t-BuXPhos,3,t-BuXPhos,23.9717282,30.424705505371094,18.47719383239746
reaction:2039,t-BuXPhos,3,t-BuXPhos,0.0,30.424705505371094,18.47719383239746
reaction:2040,t-BuXPhos,3,t-BuXPhos,6.683677134,30.424705505371094,18.47719383239746
reaction:2041,t-BuXPhos,3,t-BuXPhos,25.46788478,30.424705505371094,18.47719383239746
reaction:2042,t-BuXPhos,3,t-BuXPhos,0.0,30.424705505371094,18.47719383239746
reaction:2043,t-BuXPhos,3,t-BuXPhos,14.43583555,30.424705505371094,18.47719383239746
reaction:2044,t-BuXPhos,3,t-BuXPhos,41.96736477,30.424705505371094,18.47719383239746
reaction:2045,t-BuXPhos,3,t-BuXPhos,12.36409536,30.424705505371094,18.47719383239746
reaction:2046,t-BuXPhos,3,t-BuXPhos,33.74087377,30.424705505371094,18.47719383239746
reaction:2047,t-BuXPhos,3,t-BuXPhos,44.53583158,30.424705505371094,18.47719383239746
reaction:2048,t-BuXPhos,3,t-BuXPhos,0.0,30.424705505371094,18.47719383239746
reaction:2049,t-BuXPhos,3,t-BuXPhos,30.43973822,30.424705505371094,18.47719383239746
reaction:2050,t-BuXPhos,3,t-BuXPhos,39.10680932,30.424705505371094,18.47719383239746
reaction:2051,t-BuXPhos,3,t-BuXPhos,22.894141,30.424705505371094,18.47719383239746
reaction:2052,t-BuXPhos,3,t-BuXPhos,27.11496768,30.424705505371094,18.47719383239746
reaction:2053,t-BuXPhos,3,t-BuXPhos,41.66866973,30.424705505371094,18.47719383239746
reaction:2054,t-BuXPhos,3,t-BuXPhos,2.863405084,30.424705505371094,18.47719383239746
reaction:2055,t-BuXPhos,3,t-BuXPhos,21.62255716,30.424705505371094,18.47719383239746
reaction:2056,t-BuXPhos,3,t-BuXPhos,35.07362546,30.424705505371094,18.47719383239746
reaction:2057,t-BuXPhos,3,t-BuXPhos,13.56968075,30.424705505371094,18.47719383239746
reaction:2058,t-BuXPhos,3,t-BuXPhos,44.17785429999999,30.424705505371094,18.47719383239746
reaction:2059,t-BuXPhos,3,t-BuXPhos,61.501693200000005,30.424705505371094,18.47719383239746
reaction:2060,t-BuXPhos,3,t-BuXPhos,48.36115435,30.424705505371094,18.47719383239746
reaction:2061,t-BuXPhos,3,t-BuXPhos,61.11611165,30.424705505371094,18.47719383239746
reaction:2062,t-BuXPhos,3,t-BuXPhos,70.86807008,30.424705505371094,18.47719383239746
reaction:2063,t-BuXPhos,3,t-BuXPhos,39.35843617,30.424705505371094,18.47719383239746
reaction:2064,t-BuXPhos,3,t-BuXPhos,54.8424453,30.424705505371094,18.47719383239746
reaction:2065,t-BuXPhos,3,t-BuXPhos,60.06619639,30.424705505371094,18.47719383239746
reaction:2066,t-BuXPhos,3,t-BuXPhos,1.009269411,30.424705505371094,18.47719383239746
reaction:2067,t-BuXPhos,3,t-BuXPhos,5.034974824,30.424705505371094,18.47719383239746
reaction:2068,t-BuXPhos,3,t-BuXPhos,4.765281768,30.424705505371094,18.47719383239746
reaction:2069,t-BuXPhos,3,t-BuXPhos,0.359225753,30.424705505371094,18.47719383239746
reaction:2070,t-BuXPhos,3,t-BuXPhos,4.621114909,30.424705505371094,18.47719383239746
reaction:2071,t-BuXPhos,3,t-BuXPhos,3.876829723,30.424705505371094,18.47719383239746
reaction:2072,t-BuXPhos,3,t-BuXPhos,0.400015161,30.424705505371094,18.47719383239746
reaction:2073,t-BuXPhos,3,t-BuXPhos,5.425616594,30.424705505371094,18.47719383239746
reaction:2074,t-BuXPhos,3,t-BuXPhos,8.36792795,30.424705505371094,18.47719383239746
reaction:2075,t-BuXPhos,3,t-BuXPhos,3.451949517,30.424705505371094,18.47719383239746
reaction:2076,t-BuXPhos,3,t-BuXPhos,4.84059533,30.424705505371094,18.47719383239746
reaction:2077,t-BuXPhos,3,t-BuXPhos,10.03634536,30.424705505371094,18.47719383239746
reaction:2078,t-BuXPhos,3,t-BuXPhos,1.309393322,30.424705505371094,18.47719383239746
reaction:2079,t-BuXPhos,3,t-BuXPhos,2.689766175,30.424705505371094,18.47719383239746
reaction:2080,t-BuXPhos,3,t-BuXPhos,4.416019864,30.424705505371094,18.47719383239746
reaction:2081,t-BuXPhos,3,t-BuXPhos,0.0,30.424705505371094,18.47719383239746
reaction:2082,t-BuXPhos,3,t-BuXPhos,1.785587557,30.424705505371094,18.47719383239746
reaction:2083,t-BuXPhos,3,t-BuXPhos,3.141934656,30.424705505371094,18.47719383239746
reaction:2084,t-BuXPhos,3,t-BuXPhos,0.0,30.424705505371094,18.47719383239746
reaction:2085,t-BuXPhos,3,t-BuXPhos,0.74784749,30.424705505371094,18.47719383239746
reaction:2086,t-BuXPhos,3,t-BuXPhos,2.732925094,30.424705505371094,18.47719383239746
reaction:2087,t-BuXPhos,3,t-BuXPhos,0.518126221,30.424705505371094,18.47719383239746
reaction:2088,t-BuXPhos,3,t-BuXPhos,2.39251025,30.424705505371094,18.47719383239746
reaction:2089,t-BuXPhos,3,t-BuXPhos,6.363967977000001,30.424705505371094,18.47719383239746
reaction:2090,t-BuXPhos,3,t-BuXPhos,1.986478634,30.424705505371094,18.47719383239746
reaction:2091,t-BuXPhos,3,t-BuXPhos,6.315944702,30.424705505371094,18.47719383239746
reaction:2092,t-BuXPhos,3,t-BuXPhos,8.140819585,30.424705505371094,18.47719383239746
reaction:2093,t-BuXPhos,3,t-BuXPhos,0.0,30.424705505371094,18.47719383239746
reaction:2094,t-BuXPhos,3,t-BuXPhos,2.39840777,30.424705505371094,18.47719383239746
reaction:2095,t-BuXPhos,3,t-BuXPhos,3.973986769,30.424705505371094,18.47719383239746
reaction:2096,t-BuXPhos,3,t-BuXPhos,21.36830036,30.424705505371094,18.47719383239746
reaction:2097,t-BuXPhos,3,t-BuXPhos,21.54675104,30.424705505371094,18.47719383239746
reaction:2098,t-BuXPhos,3,t-BuXPhos,23.06691402,30.424705505371094,18.47719383239746
reaction:2099,t-BuXPhos,3,t-BuXPhos,2.7209239710000004,30.424705505371094,18.47719383239746
reaction:2100,t-BuXPhos,3,t-BuXPhos,15.47495789,30.424705505371094,18.47719383239746
reaction:2101,t-BuXPhos,3,t-BuXPhos,19.40320705,30.424705505371094,18.47719383239746
reaction:2102,t-BuXPhos,3,t-BuXPhos,14.32160153,30.424705505371094,18.47719383239746
reaction:2103,t-BuXPhos,3,t-BuXPhos,28.13311375,30.424705505371094,18.47719383239746
reaction:2104,t-BuXPhos,3,t-BuXPhos,30.76250124,30.424705505371094,18.47719383239746
reaction:2105,t-BuXPhos,3,t-BuXPhos,40.21576406,30.424705505371094,18.47719383239746
reaction:2106,t-BuXPhos,3,t-BuXPhos,46.05681806,30.424705505371094,18.47719383239746
reaction:2107,t-BuXPhos,3,t-BuXPhos,51.15306518,30.424705505371094,18.47719383239746
reaction:2108,t-BuXPhos,3,t-BuXPhos,30.05876834,30.424705505371094,18.47719383239746
reaction:2109,t-BuXPhos,3,t-BuXPhos,30.11566658,30.424705505371094,18.47719383239746
reaction:2110,t-BuXPhos,3,t-BuXPhos,33.8132368,30.424705505371094,18.47719383239746
reaction:2111,t-BuXPhos,3,t-BuXPhos,20.05913492,30.424705505371094,18.47719383239746
reaction:2112,t-BuXPhos,3,t-BuXPhos,34.2208852,30.424705505371094,18.47719383239746
reaction:2113,t-BuXPhos,3,t-BuXPhos,40.30244069,30.424705505371094,18.47719383239746
reaction:2114,t-BuXPhos,3,t-BuXPhos,1.194006928,30.424705505371094,18.47719383239746
reaction:2115,t-BuXPhos,3,t-BuXPhos,27.35092133,30.424705505371094,18.47719383239746
reaction:2116,t-BuXPhos,3,t-BuXPhos,26.91242644,30.424705505371094,18.47719383239746
reaction:2117,t-BuXPhos,3,t-BuXPhos,5.628261366,30.424705505371094,18.47719383239746
reaction:2118,t-BuXPhos,3,t-BuXPhos,51.85571731,30.424705505371094,18.47719383239746
reaction:2119,t-BuXPhos,3,t-BuXPhos,49.62220517,30.424705505371094,18.47719383239746
reaction:2120,t-BuXPhos,3,t-BuXPhos,53.94447324,30.424705505371094,18.47719383239746
reaction:2121,t-BuXPhos,3,t-BuXPhos,65.48767084,30.424705505371094,18.47719383239746
reaction:2122,t-BuXPhos,3,t-BuXPhos,66.1445595,30.424705505371094,18.47719383239746
reaction:2123,t-BuXPhos,3,t-BuXPhos,38.1181996,30.424705505371094,18.47719383239746
reaction:2124,t-BuXPhos,3,t-BuXPhos,64.2716813,30.424705505371094,18.47719383239746
reaction:2125,t-BuXPhos,3,t-BuXPhos,65.73471929,30.424705505371094,18.47719383239746
reaction:2126,t-BuXPhos,3,t-BuXPhos,18.75584418,30.424705505371094,18.47719383239746
reaction:2127,t-BuXPhos,3,t-BuXPhos,28.59018557,30.424705505371094,18.47719383239746
reaction:2128,t-BuXPhos,3,t-BuXPhos,31.83731475,30.424705505371094,18.47719383239746
reaction:2129,t-BuXPhos,3,t-BuXPhos,0.7070455170000001,30.424705505371094,18.47719383239746
reaction:2130,t-BuXPhos,3,t-BuXPhos,13.25145725,30.424705505371094,18.47719383239746
reaction:2131,t-BuXPhos,3,t-BuXPhos,15.92909866,30.424705505371094,18.47719383239746
reaction:2132,t-BuXPhos,3,t-BuXPhos,4.0644436960000005,30.424705505371094,18.47719383239746
reaction:2133,t-BuXPhos,3,t-BuXPhos,32.63137063,30.424705505371094,18.47719383239746
reaction:2134,t-BuXPhos,3,t-BuXPhos,32.03830806,30.424705505371094,18.47719383239746
reaction:2135,t-BuXPhos,3,t-BuXPhos,38.03832948,30.424705505371094,18.47719383239746
reaction:2136,t-BuXPhos,3,t-BuXPhos,50.50908656,30.424705505371094,18.47719383239746
reaction:2137,t-BuXPhos,3,t-BuXPhos,46.64490818,30.424705505371094,18.47719383239746
reaction:2138,t-BuXPhos,3,t-BuXPhos,27.15209242,30.424705505371094,18.47719383239746
reaction:2139,t-BuXPhos,3,t-BuXPhos,46.97084661,30.424705505371094,18.47719383239746
reaction:2140,t-BuXPhos,3,t-BuXPhos,47.28268345,30.424705505371094,18.47719383239746
reaction:2141,t-BuXPhos,3,t-BuXPhos,29.17558441,30.424705505371094,18.47719383239746
reaction:2142,t-BuXPhos,3,t-BuXPhos,36.5598853,30.424705505371094,18.47719383239746
reaction:2143,t-BuXPhos,3,t-BuXPhos,49.46796695,30.424705505371094,18.47719383239746
reaction:2144,t-BuXPhos,3,t-BuXPhos,1.858400826,30.424705505371094,18.47719383239746
reaction:2145,t-BuXPhos,3,t-BuXPhos,31.25713511,30.424705505371094,18.47719383239746
reaction:2146,t-BuXPhos,3,t-BuXPhos,34.0355551,30.424705505371094,18.47719383239746
reaction:2147,t-BuXPhos,3,t-BuXPhos,11.31698923,30.424705505371094,18.47719383239746
reaction:2148,t-BuXPhos,3,t-BuXPhos,62.64758393,30.424705505371094,18.47719383239746
reaction:2149,t-BuXPhos,3,t-BuXPhos,60.28741502,30.424705505371094,18.47719383239746
reaction:2150,t-BuXPhos,3,t-BuXPhos,77.39811795,30.424705505371094,18.47719383239746
reaction:2151,t-BuXPhos,3,t-BuXPhos,83.68183531,30.424705505371094,18.47719383239746
reaction:2152,t-BuXPhos,3,t-BuXPhos,84.53852223,30.424705505371094,18.47719383239746
reaction:2153,t-BuXPhos,3,t-BuXPhos,49.15752148,30.424705505371094,18.47719383239746
reaction:2154,t-BuXPhos,3,t-BuXPhos,76.23035085,30.424705505371094,18.47719383239746
reaction:2155,t-BuXPhos,3,t-BuXPhos,75.20935081,30.424705505371094,18.47719383239746
reaction:2156,t-BuBrettPhos,2,t-BuBrettPhos,0.0,31.560443878173828,19.021404266357422
reaction:2157,t-BuBrettPhos,2,t-BuBrettPhos,0.0,31.55937957763672,19.021406173706055
reaction:2158,t-BuBrettPhos,2,t-BuBrettPhos,10.5253011,31.567346572875977,19.021404266357422
reaction:2159,t-BuBrettPhos,2,t-BuBrettPhos,0.0,31.560956954956055,19.021408081054688
reaction:2160,t-BuBrettPhos,2,t-BuBrettPhos,0.0,31.56114387512207,19.021404266357422
reaction:2161,t-BuBrettPhos,2,t-BuBrettPhos,2.458138496,31.56756019592285,19.021404266357422
reaction:2162,t-BuBrettPhos,2,t-BuBrettPhos,9.08121194,31.561120986938477,19.021406173706055
reaction:2163,t-BuBrettPhos,2,t-BuBrettPhos,9.636653904,31.567201614379883,19.021404266357422
reaction:2164,t-BuBrettPhos,2,t-BuBrettPhos,10.37235966,31.575092315673828,19.021404266357422
reaction:2165,t-BuBrettPhos,2,t-BuBrettPhos,1.660025621,31.567569732666016,19.021404266357422
reaction:2166,t-BuBrettPhos,2,t-BuBrettPhos,2.145304957,31.569812774658203,19.021404266357422
reaction:2167,t-BuBrettPhos,2,t-BuBrettPhos,27.04583578,31.580162048339844,19.021404266357422
reaction:2168,t-BuBrettPhos,2,t-BuBrettPhos,0.0,31.560504913330078,19.021404266357422
reaction:2169,t-BuBrettPhos,2,t-BuBrettPhos,0.0,31.563737869262695,19.021404266357422
reaction:2170,t-BuBrettPhos,2,t-BuBrettPhos,0.0,31.577062606811523,19.021404266357422
reaction:2171,t-BuBrettPhos,2,t-BuBrettPhos,15.09367159,31.572437286376953,19.021404266357422
reaction:2172,t-BuBrettPhos,2,t-BuBrettPhos,34.51239146,31.593379974365234,19.021404266357422
reaction:2173,t-BuBrettPhos,2,t-BuBrettPhos,35.6149447,31.598777770996094,19.021404266357422
reaction:2174,t-BuBrettPhos,2,t-BuBrettPhos,0.438548426,31.562137603759766,19.021404266357422
reaction:2175,t-BuBrettPhos,2,t-BuBrettPhos,31.2588772,31.592565536499023,19.021404266357422
reaction:2176,t-BuBrettPhos,2,t-BuBrettPhos,34.24307349,31.598987579345703,19.021404266357422
reaction:2177,t-BuBrettPhos,2,t-BuBrettPhos,6.866213056,31.562620162963867,19.021404266357422
reaction:2178,t-BuBrettPhos,2,t-BuBrettPhos,62.44858365,31.608680725097656,19.021404266357422
reaction:2179,t-BuBrettPhos,2,t-BuBrettPhos,65.94190973,31.62056541442871,19.021404266357422
reaction:2180,t-BuBrettPhos,2,t-BuBrettPhos,58.32558385,31.602519989013672,19.021404266357422
reaction:2181,t-BuBrettPhos,2,t-BuBrettPhos,60.47798465,31.60869789123535,19.021404266357422
reaction:2182,t-BuBrettPhos,2,t-BuBrettPhos,63.18914382,31.61455535888672,19.021404266357422
reaction:2183,t-BuBrettPhos,2,t-BuBrettPhos,18.36789148,31.573585510253906,19.021404266357422
reaction:2184,t-BuBrettPhos,2,t-BuBrettPhos,59.7949718,31.618255615234375,19.021404266357422
reaction:2185,t-BuBrettPhos,2,t-BuBrettPhos,64.64035682,31.619333267211914,19.021404266357422
reaction:2186,t-BuBrettPhos,2,t-BuBrettPhos,17.38451108,31.576627731323242,19.021404266357422
reaction:2187,t-BuBrettPhos,2,t-BuBrettPhos,38.46400948,31.602914810180664,19.021404266357422
reaction:2188,t-BuBrettPhos,2,t-BuBrettPhos,51.11682644,31.614957809448242,19.021404266357422
reaction:2189,t-BuBrettPhos,2,t-BuBrettPhos,0.578158424,31.563011169433594,19.021404266357422
reaction:2190,t-BuBrettPhos,2,t-BuBrettPhos,45.97256872,31.608928680419922,19.021404266357422
reaction:2191,t-BuBrettPhos,2,t-BuBrettPhos,47.70226953,31.614967346191406,19.021404266357422
reaction:2192,t-BuBrettPhos,2,t-BuBrettPhos,7.228003442999999,31.56353759765625,19.021404266357422
reaction:2193,t-BuBrettPhos,2,t-BuBrettPhos,79.8902752,31.63228988647461,19.021404266357422
reaction:2194,t-BuBrettPhos,2,t-BuBrettPhos,80.5818059,31.642107009887695,19.021404266357422
reaction:2195,t-BuBrettPhos,2,t-BuBrettPhos,84.93002270000001,31.637298583984375,19.021404266357422
reaction:2196,t-BuBrettPhos,2,t-BuBrettPhos,89.419451,31.645822525024414,19.021404266357422
reaction:2197,t-BuBrettPhos,2,t-BuBrettPhos,89.55924552,31.654367446899414,19.021404266357422
reaction:2198,t-BuBrettPhos,2,t-BuBrettPhos,13.66378067,31.575231552124023,19.021404266357422
reaction:2199,t-BuBrettPhos,2,t-BuBrettPhos,86.89971677,31.64311981201172,19.021404266357422
reaction:2200,t-BuBrettPhos,2,t-BuBrettPhos,87.237545,31.645803451538086,19.021404266357422
reaction:2201,t-BuBrettPhos,2,t-BuBrettPhos,11.30133212,31.56686019897461,19.021404266357422
reaction:2202,t-BuBrettPhos,2,t-BuBrettPhos,10.82736056,31.568119049072266,19.021406173706055
reaction:2203,t-BuBrettPhos,2,t-BuBrettPhos,12.11048821,31.57016372680664,19.021404266357422
reaction:2204,t-BuBrettPhos,2,t-BuBrettPhos,1.03540736,31.561899185180664,19.021408081054688
reaction:2205,t-BuBrettPhos,2,t-BuBrettPhos,15.16491224,31.57061004638672,19.021404266357422
reaction:2206,t-BuBrettPhos,2,t-BuBrettPhos,19.46778248,31.575117111206055,19.021404266357422
reaction:2207,t-BuBrettPhos,2,t-BuBrettPhos,8.038113026,31.562883377075195,19.021406173706055
reaction:2208,t-BuBrettPhos,2,t-BuBrettPhos,23.73944169,31.577167510986328,19.021404266357422
reaction:2209,t-BuBrettPhos,2,t-BuBrettPhos,30.46158728,31.584383010864258,19.021404266357422
reaction:2210,t-BuBrettPhos,2,t-BuBrettPhos,24.62070452,31.578826904296875,19.021404266357422
reaction:2211,t-BuBrettPhos,2,t-BuBrettPhos,28.5763008,31.58074951171875,19.021404266357422
reaction:2212,t-BuBrettPhos,2,t-BuBrettPhos,36.14968182,31.586328506469727,19.021404266357422
reaction:2213,t-BuBrettPhos,2,t-BuBrettPhos,13.71916528,31.566984176635742,19.021406173706055
reaction:2214,t-BuBrettPhos,2,t-BuBrettPhos,13.98206369,31.572275161743164,19.021404266357422
reaction:2215,t-BuBrettPhos,2,t-BuBrettPhos,18.13660134,31.576614379882812,19.021404266357422
reaction:2216,t-BuBrettPhos,2,t-BuBrettPhos,0.927604534,31.561004638671875,19.021404266357422
reaction:2217,t-BuBrettPhos,2,t-BuBrettPhos,7.316239252000001,31.5683650970459,19.021404266357422
reaction:2218,t-BuBrettPhos,2,t-BuBrettPhos,21.43045359,31.57444953918457,19.021404266357422
reaction:2219,t-BuBrettPhos,2,t-BuBrettPhos,0.0,31.561124801635742,19.021404266357422
reaction:2220,t-BuBrettPhos,2,t-BuBrettPhos,3.292807267,31.562908172607422,19.021404266357422
reaction:2221,t-BuBrettPhos,2,t-BuBrettPhos,23.04423411,31.572772979736328,19.021404266357422
reaction:2222,t-BuBrettPhos,2,t-BuBrettPhos,0.0,31.561182022094727,19.021404266357422
reaction:2223,t-BuBrettPhos,2,t-BuBrettPhos,7.479579469,31.56917381286621,19.021404266357422
reaction:2224,t-BuBrettPhos,2,t-BuBrettPhos,39.99701682,31.58757209777832,19.021404266357422
reaction:2225,t-BuBrettPhos,2,t-BuBrettPhos,9.836570629,31.565032958984375,19.021404266357422
reaction:2226,t-BuBrettPhos,2,t-BuBrettPhos,16.26033077,31.568689346313477,19.021404266357422
reaction:2227,t-BuBrettPhos,2,t-BuBrettPhos,36.05690183,31.578744888305664,19.021404266357422
reaction:2228,t-BuBrettPhos,2,t-BuBrettPhos,0.0,31.560760498046875,19.021404266357422
reaction:2229,t-BuBrettPhos,2,t-BuBrettPhos,15.39357697,31.57465934753418,19.021404266357422
reaction:2230,t-BuBrettPhos,2,t-BuBrettPhos,27.678997100000004,31.58170509338379,19.021404266357422
reaction:2231,t-BuBrettPhos,2,t-BuBrettPhos,20.24596352,31.567367553710938,19.021404266357422
reaction:2232,t-BuBrettPhos,2,t-BuBrettPhos,29.08430143,31.585464477539062,19.021404266357422
reaction:2233,t-BuBrettPhos,2,t-BuBrettPhos,38.79638342,31.594343185424805,19.021404266357422
reaction:2234,t-BuBrettPhos,2,t-BuBrettPhos,0.851812248,31.562103271484375,19.021404266357422
reaction:2235,t-BuBrettPhos,2,t-BuBrettPhos,26.7810647,31.583818435668945,19.021404266357422
reaction:2236,t-BuBrettPhos,2,t-BuBrettPhos,29.42310745,31.59067153930664,19.021404266357422
reaction:2237,t-BuBrettPhos,2,t-BuBrettPhos,7.689322987000001,31.562747955322266,19.021404266357422
reaction:2238,t-BuBrettPhos,2,t-BuBrettPhos,45.3883139,31.597991943359375,19.021404266357422
reaction:2239,t-BuBrettPhos,2,t-BuBrettPhos,59.85587044,31.612985610961914,19.021404266357422
reaction:2240,t-BuBrettPhos,2,t-BuBrettPhos,49.94868445,31.60373878479004,19.021404266357422
reaction:2241,t-BuBrettPhos,2,t-BuBrettPhos,50.70720641,31.60873031616211,19.021404266357422
reaction:2242,t-BuBrettPhos,2,t-BuBrettPhos,77.95754061,31.621978759765625,19.021404266357422
reaction:2243,t-BuBrettPhos,2,t-BuBrettPhos,15.1222891,31.565797805786133,19.021404266357422
reaction:2244,t-BuBrettPhos,2,t-BuBrettPhos,45.50180654,31.60198974609375,19.021404266357422
reaction:2245,t-BuBrettPhos,2,t-BuBrettPhos,48.17982197,31.610095977783203,19.021404266357422
reaction:2246,t-BuBrettPhos,2,t-BuBrettPhos,1.232632372,31.562618255615234,19.021406173706055
reaction:2247,t-BuBrettPhos,2,t-BuBrettPhos,5.992320527,31.563404083251953,19.021406173706055
reaction:2248,t-BuBrettPhos,2,t-BuBrettPhos,4.022257677,31.5631160736084,19.021404266357422
reaction:2249,t-BuBrettPhos,2,t-BuBrettPhos,0.0,31.56233787536621,19.021408081054688
reaction:2250,t-BuBrettPhos,2,t-BuBrettPhos,3.26158183,31.56169891357422,19.021404266357422
reaction:2251,t-BuBrettPhos,2,t-BuBrettPhos,6.286120839,31.565505981445312,19.021404266357422
reaction:2252,t-BuBrettPhos,2,t-BuBrettPhos,9.606838288,31.56232261657715,19.021408081054688
reaction:2253,t-BuBrettPhos,2,t-BuBrettPhos,13.59760256,31.563873291015625,19.021404266357422
reaction:2254,t-BuBrettPhos,2,t-BuBrettPhos,10.04227922,31.56796646118164,19.021404266357422
reaction:2255,t-BuBrettPhos,2,t-BuBrettPhos,4.444109893,31.563846588134766,19.021404266357422
reaction:2256,t-BuBrettPhos,2,t-BuBrettPhos,2.413308832,31.564550399780273,19.021404266357422
reaction:2257,t-BuBrettPhos,2,t-BuBrettPhos,12.05269157,31.56887435913086,19.021404266357422
reaction:2258,t-BuBrettPhos,2,t-BuBrettPhos,0.0,31.562036514282227,19.021406173706055
reaction:2259,t-BuBrettPhos,2,t-BuBrettPhos,6.360003901000001,31.563478469848633,19.021406173706055
reaction:2260,t-BuBrettPhos,2,t-BuBrettPhos,6.499222361,31.568525314331055,19.021406173706055
reaction:2261,t-BuBrettPhos,2,t-BuBrettPhos,0.7015522279999999,31.563762664794922,19.021406173706055
reaction:2262,t-BuBrettPhos,2,t-BuBrettPhos,2.069098233,31.565345764160156,19.021406173706055
reaction:2263,t-BuBrettPhos,2,t-BuBrettPhos,3.566410027,31.564268112182617,19.021406173706055
reaction:2264,t-BuBrettPhos,2,t-BuBrettPhos,0.0,31.56230926513672,19.021406173706055
reaction:2265,t-BuBrettPhos,2,t-BuBrettPhos,0.64714493,31.560169219970703,19.021406173706055
reaction:2266,t-BuBrettPhos,2,t-BuBrettPhos,2.042704931,31.562185287475586,19.021406173706055
reaction:2267,t-BuBrettPhos,2,t-BuBrettPhos,0.8551124720000001,31.562728881835938,19.021406173706055
reaction:2268,t-BuBrettPhos,2,t-BuBrettPhos,2.370474153,31.562114715576172,19.021406173706055
reaction:2269,t-BuBrettPhos,2,t-BuBrettPhos,6.026719466,31.56791877746582,19.021406173706055
reaction:2270,t-BuBrettPhos,2,t-BuBrettPhos,0.0,31.559589385986328,19.021406173706055
reaction:2271,t-BuBrettPhos,2,t-BuBrettPhos,1.592422994,31.560935974121094,19.021406173706055
reaction:2272,t-BuBrettPhos,2,t-BuBrettPhos,2.633148758,31.562959671020508,19.021406173706055
reaction:2273,t-BuBrettPhos,2,t-BuBrettPhos,0.0,31.564083099365234,19.021406173706055
reaction:2274,t-BuBrettPhos,2,t-BuBrettPhos,1.73070141,31.564617156982422,19.021406173706055
reaction:2275,t-BuBrettPhos,2,t-BuBrettPhos,2.661542727,31.56801414489746,19.021406173706055
reaction:2276,t-BuBrettPhos,2,t-BuBrettPhos,20.0833829,31.576000213623047,19.021406173706055
reaction:2277,t-BuBrettPhos,2,t-BuBrettPhos,22.43503561,31.583498001098633,19.021406173706055
reaction:2278,t-BuBrettPhos,2,t-BuBrettPhos,22.47082227,31.58474349975586,19.021406173706055
reaction:2279,t-BuBrettPhos,2,t-BuBrettPhos,0.788355769,31.56416130065918,19.021406173706055
reaction:2280,t-BuBrettPhos,2,t-BuBrettPhos,15.37805239,31.579694747924805,19.021406173706055
reaction:2281,t-BuBrettPhos,2,t-BuBrettPhos,15.73387398,31.58171844482422,19.021406173706055
reaction:2282,t-BuBrettPhos,2,t-BuBrettPhos,13.65409275,31.56731414794922,19.021406173706055
reaction:2283,t-BuBrettPhos,2,t-BuBrettPhos,30.87951231,31.589048385620117,19.021406173706055
reaction:2284,t-BuBrettPhos,2,t-BuBrettPhos,33.69627508,31.593952178955078,19.021406173706055
reaction:2285,t-BuBrettPhos,2,t-BuBrettPhos,40.01187418,31.593231201171875,19.021406173706055
reaction:2286,t-BuBrettPhos,2,t-BuBrettPhos,40.89777506,31.595733642578125,19.021406173706055
reaction:2287,t-BuBrettPhos,2,t-BuBrettPhos,44.9389876,31.5986328125,19.021406173706055
reaction:2288,t-BuBrettPhos,2,t-BuBrettPhos,28.90716664,31.576271057128906,19.021406173706055
reaction:2289,t-BuBrettPhos,2,t-BuBrettPhos,32.16902238,31.588611602783203,19.021406173706055
reaction:2290,t-BuBrettPhos,2,t-BuBrettPhos,33.39106531,31.596637725830078,19.021406173706055
reaction:2291,t-BuBrettPhos,2,t-BuBrettPhos,16.27214516,31.56879425048828,19.021404266357422
reaction:2292,t-BuBrettPhos,2,t-BuBrettPhos,30.61272696,31.574350357055664,19.021404266357422
reaction:2293,t-BuBrettPhos,2,t-BuBrettPhos,42.70251629,31.585771560668945,19.021404266357422
reaction:2294,t-BuBrettPhos,2,t-BuBrettPhos,0.593797719,31.561803817749023,19.021408081054688
reaction:2295,t-BuBrettPhos,2,t-BuBrettPhos,23.1010236,31.5773868560791,19.021404266357422
reaction:2296,t-BuBrettPhos,2,t-BuBrettPhos,29.85245303,31.588998794555664,19.021404266357422
reaction:2297,t-BuBrettPhos,2,t-BuBrettPhos,9.228754169,31.56324577331543,19.021406173706055
reaction:2298,t-BuBrettPhos,2,t-BuBrettPhos,54.9141799,31.59349822998047,19.021404266357422
reaction:2299,t-BuBrettPhos,2,t-BuBrettPhos,59.29246641,31.605514526367188,19.021404266357422
reaction:2300,t-BuBrettPhos,2,t-BuBrettPhos,56.49708288,31.59071922302246,19.021404266357422
reaction:2301,t-BuBrettPhos,2,t-BuBrettPhos,63.56506276,31.595619201660156,19.021404266357422
reaction:2302,t-BuBrettPhos,2,t-BuBrettPhos,68.44214129,31.603532791137695,19.021404266357422
reaction:2303,t-BuBrettPhos,2,t-BuBrettPhos,36.10795647,31.57211685180664,19.021404266357422
reaction:2304,t-BuBrettPhos,2,t-BuBrettPhos,70.74157393,31.59469223022461,19.021404266357422
reaction:2305,t-BuBrettPhos,2,t-BuBrettPhos,73.24639173,31.620019912719727,19.021404266357422
reaction:2306,t-BuBrettPhos,2,t-BuBrettPhos,16.10027076,31.56725311279297,19.021404266357422
reaction:2307,t-BuBrettPhos,2,t-BuBrettPhos,29.89972719,31.580678939819336,19.021404266357422
reaction:2308,t-BuBrettPhos,2,t-BuBrettPhos,33.0062022,31.589689254760742,19.021404266357422
reaction:2309,t-BuBrettPhos,2,t-BuBrettPhos,0.0,31.561365127563477,19.021404266357422
reaction:2310,t-BuBrettPhos,2,t-BuBrettPhos,11.92095297,31.57319450378418,19.021404266357422
reaction:2311,t-BuBrettPhos,2,t-BuBrettPhos,18.20662132,31.584896087646484,19.021404266357422
reaction:2312,t-BuBrettPhos,2,t-BuBrettPhos,9.58087319,31.562074661254883,19.021404266357422
reaction:2313,t-BuBrettPhos,2,t-BuBrettPhos,38.52322666,31.587297439575195,19.021404266357422
reaction:2314,t-BuBrettPhos,2,t-BuBrettPhos,44.01604328,31.604164123535156,19.021404266357422
reaction:2315,t-BuBrettPhos,2,t-BuBrettPhos,36.66758858,31.57750129699707,19.021404266357422
reaction:2316,t-BuBrettPhos,2,t-BuBrettPhos,43.48269562,31.584575653076172,19.021404266357422
reaction:2317,t-BuBrettPhos,2,t-BuBrettPhos,47.63381676,31.594141006469727,19.021404266357422
reaction:2318,t-BuBrettPhos,2,t-BuBrettPhos,24.80297238,31.567874908447266,19.021404266357422
reaction:2319,t-BuBrettPhos,2,t-BuBrettPhos,53.55291415,31.597341537475586,19.021404266357422
reaction:2320,t-BuBrettPhos,2,t-BuBrettPhos,58.6831586,31.612560272216797,19.021404266357422
reaction:2321,t-BuBrettPhos,2,t-BuBrettPhos,22.90680768,31.574535369873047,19.021404266357422
reaction:2322,t-BuBrettPhos,2,t-BuBrettPhos,36.5499256,31.593576431274414,19.021404266357422
reaction:2323,t-BuBrettPhos,2,t-BuBrettPhos,49.30223849,31.60700798034668,19.021404266357422
reaction:2324,t-BuBrettPhos,2,t-BuBrettPhos,0.710304987,31.56245231628418,19.021404266357422
reaction:2325,t-BuBrettPhos,2,t-BuBrettPhos,29.57593303,31.59193229675293,19.021404266357422
reaction:2326,t-BuBrettPhos,2,t-BuBrettPhos,35.50826326,31.6029052734375,19.021404266357422
reaction:2327,t-BuBrettPhos,2,t-BuBrettPhos,13.45243807,31.563358306884766,19.021404266357422
reaction:2328,t-BuBrettPhos,2,t-BuBrettPhos,65.066599,31.612571716308594,19.021404266357422
reaction:2329,t-BuBrettPhos,2,t-BuBrettPhos,69.13479769,31.627973556518555,19.021404266357422
reaction:2330,t-BuBrettPhos,2,t-BuBrettPhos,80.10225068,31.615041732788086,19.021404266357422
reaction:2331,t-BuBrettPhos,2,t-BuBrettPhos,85.13318487,31.62385368347168,19.021404266357422
reaction:2332,t-BuBrettPhos,2,t-BuBrettPhos,89.59877790000002,31.637298583984375,19.021404266357422
reaction:2333,t-BuBrettPhos,2,t-BuBrettPhos,40.91094026,31.570314407348633,19.021404266357422
reaction:2334,t-BuBrettPhos,2,t-BuBrettPhos,80.00019125,31.616636276245117,19.021404266357422
reaction:2335,t-BuBrettPhos,2,t-BuBrettPhos,83.40919805,31.63817596435547,19.021404266357422
reaction:2336,AdBrettPhos,0,AdBrettPhos,0.0,32.92903518676758,18.66130828857422
reaction:2337,AdBrettPhos,0,AdBrettPhos,0.0,32.92903518676758,18.66130828857422
reaction:2338,AdBrettPhos,0,AdBrettPhos,12.15190247,32.92903518676758,18.66130828857422
reaction:2339,AdBrettPhos,0,AdBrettPhos,0.0,32.92903518676758,18.66130828857422
reaction:2340,AdBrettPhos,0,AdBrettPhos,0.0,32.92903518676758,18.66130828857422
reaction:2341,AdBrettPhos,0,AdBrettPhos,7.843927615,32.92903518676758,18.66130828857422
reaction:2342,AdBrettPhos,0,AdBrettPhos,0.0,32.92903518676758,18.66130828857422
reaction:2343,AdBrettPhos,0,AdBrettPhos,1.023181291,32.92903518676758,18.66130828857422
reaction:2344,AdBrettPhos,0,AdBrettPhos,14.17510686,32.92903518676758,18.66130828857422
reaction:2345,AdBrettPhos,0,AdBrettPhos,0.0,32.92903518676758,18.66130828857422
reaction:2346,AdBrettPhos,0,AdBrettPhos,0.0,32.92903518676758,18.66130828857422
reaction:2347,AdBrettPhos,0,AdBrettPhos,17.5357483,32.92903518676758,18.66130828857422
reaction:2348,AdBrettPhos,0,AdBrettPhos,0.0,32.92903518676758,18.66130828857422
reaction:2349,AdBrettPhos,0,AdBrettPhos,0.0,32.92903518676758,18.66130828857422
reaction:2350,AdBrettPhos,0,AdBrettPhos,16.7720232,32.92903518676758,18.66130828857422
reaction:2351,AdBrettPhos,0,AdBrettPhos,12.19056007,32.92903518676758,18.66130828857422
reaction:2352,AdBrettPhos,0,AdBrettPhos,34.43934364,32.92903518676758,18.66130828857422
reaction:2353,AdBrettPhos,0,AdBrettPhos,36.629676,32.92903518676758,18.66130828857422
reaction:2354,AdBrettPhos,0,AdBrettPhos,0.4065857229999999,32.92903518676758,18.66130828857422
reaction:2355,AdBrettPhos,0,AdBrettPhos,33.21564888,32.92903518676758,18.66130828857422
reaction:2356,AdBrettPhos,0,AdBrettPhos,37.49278178,32.92903518676758,18.66130828857422
reaction:2357,AdBrettPhos,0,AdBrettPhos,1.161532817,32.92903518676758,18.66130828857422
reaction:2358,AdBrettPhos,0,AdBrettPhos,50.13324447,32.92903518676758,18.66130828857422
reaction:2359,AdBrettPhos,0,AdBrettPhos,58.15311301,32.92903518676758,18.66130828857422
reaction:2360,AdBrettPhos,0,AdBrettPhos,43.94688122,32.92903518676758,18.66130828857422
reaction:2361,AdBrettPhos,0,AdBrettPhos,46.59177534,32.92903518676758,18.66130828857422
reaction:2362,AdBrettPhos,0,AdBrettPhos,51.25885662,32.92903518676758,18.66130828857422
reaction:2363,AdBrettPhos,0,AdBrettPhos,14.93339955,32.92903518676758,18.66130828857422
reaction:2364,AdBrettPhos,0,AdBrettPhos,55.59012858,32.92903518676758,18.66130828857422
reaction:2365,AdBrettPhos,0,AdBrettPhos,55.78951841,32.92903518676758,18.66130828857422
reaction:2366,AdBrettPhos,0,AdBrettPhos,14.51047679,32.92903518676758,18.66130828857422
reaction:2367,AdBrettPhos,0,AdBrettPhos,38.37909694,32.92903518676758,18.66130828857422
reaction:2368,AdBrettPhos,0,AdBrettPhos,52.49415636,32.92903518676758,18.66130828857422
reaction:2369,AdBrettPhos,0,AdBrettPhos,0.7862553109999999,32.92903518676758,18.66130828857422
reaction:2370,AdBrettPhos,0,AdBrettPhos,47.61178197,32.92903518676758,18.66130828857422
reaction:2371,AdBrettPhos,0,AdBrettPhos,50.83768511,32.92903518676758,18.66130828857422
reaction:2372,AdBrettPhos,0,AdBrettPhos,1.226267555,32.92903518676758,18.66130828857422
reaction:2373,AdBrettPhos,0,AdBrettPhos,75.29152855,32.92903518676758,18.66130828857422
reaction:2374,AdBrettPhos,0,AdBrettPhos,79.19714754,32.92903518676758,18.66130828857422
reaction:2375,AdBrettPhos,0,AdBrettPhos,83.03295526,32.92903518676758,18.66130828857422
reaction:2376,AdBrettPhos,0,AdBrettPhos,93.56409267,32.92903518676758,18.66130828857422
reaction:2377,AdBrettPhos,0,AdBrettPhos,96.13228316,32.92903518676758,18.66130828857422
reaction:2378,AdBrettPhos,0,AdBrettPhos,11.53765302,32.92903518676758,18.66130828857422
reaction:2379,AdBrettPhos,0,AdBrettPhos,89.97416157,32.92903518676758,18.66130828857422
reaction:2380,AdBrettPhos,0,AdBrettPhos,86.79260178,32.92903518676758,18.66130828857422
reaction:2381,AdBrettPhos,0,AdBrettPhos,7.257395781,32.92903518676758,18.66130828857422
reaction:2382,AdBrettPhos,0,AdBrettPhos,9.576264128,32.92903518676758,18.66130828857422
reaction:2383,AdBrettPhos,0,AdBrettPhos,10.75553549,32.92903518676758,18.66130828857422
reaction:2384,AdBrettPhos,0,AdBrettPhos,0.6131578329999999,32.92903518676758,18.66130828857422
reaction:2385,AdBrettPhos,0,AdBrettPhos,10.63604029,32.92903518676758,18.66130828857422
reaction:2386,AdBrettPhos,0,AdBrettPhos,14.35852859,32.92903518676758,18.66130828857422
reaction:2387,AdBrettPhos,0,AdBrettPhos,1.582170389,32.92903518676758,18.66130828857422
reaction:2388,AdBrettPhos,0,AdBrettPhos,13.89350209,32.92903518676758,18.66130828857422
reaction:2389,AdBrettPhos,0,AdBrettPhos,23.26106265,32.92903518676758,18.66130828857422
reaction:2390,AdBrettPhos,0,AdBrettPhos,15.64688259,32.92903518676758,18.66130828857422
reaction:2391,AdBrettPhos,0,AdBrettPhos,16.4099085,32.92903518676758,18.66130828857422
reaction:2392,AdBrettPhos,0,AdBrettPhos,23.02454867,32.92903518676758,18.66130828857422
reaction:2393,AdBrettPhos,0,AdBrettPhos,7.488530825,32.92903518676758,18.66130828857422
reaction:2394,AdBrettPhos,0,AdBrettPhos,12.60415393,32.92903518676758,18.66130828857422
reaction:2395,AdBrettPhos,0,AdBrettPhos,14.36942688,32.92903518676758,18.66130828857422
reaction:2396,AdBrettPhos,0,AdBrettPhos,0.0,32.92903518676758,18.66130828857422
reaction:2397,AdBrettPhos,0,AdBrettPhos,3.835722246,32.92903518676758,18.66130828857422
reaction:2398,AdBrettPhos,0,AdBrettPhos,13.98397961,32.92903518676758,18.66130828857422
reaction:2399,AdBrettPhos,0,AdBrettPhos,0.0,32.92903518676758,18.66130828857422
reaction:2400,AdBrettPhos,0,AdBrettPhos,1.520182439,32.92903518676758,18.66130828857422
reaction:2401,AdBrettPhos,0,AdBrettPhos,16.00671459,32.92903518676758,18.66130828857422
reaction:2402,AdBrettPhos,0,AdBrettPhos,0.0,32.92903518676758,18.66130828857422
reaction:2403,AdBrettPhos,0,AdBrettPhos,3.744544243,32.92903518676758,18.66130828857422
reaction:2404,AdBrettPhos,0,AdBrettPhos,27.85496925,32.92903518676758,18.66130828857422
reaction:2405,AdBrettPhos,0,AdBrettPhos,3.964447459,32.92903518676758,18.66130828857422
reaction:2406,AdBrettPhos,0,AdBrettPhos,6.168096918,32.92903518676758,18.66130828857422
reaction:2407,AdBrettPhos,0,AdBrettPhos,14.42398425,32.92903518676758,18.66130828857422
reaction:2408,AdBrettPhos,0,AdBrettPhos,0.0,32.92903518676758,18.66130828857422
reaction:2409,AdBrettPhos,0,AdBrettPhos,7.466671245,32.92903518676758,18.66130828857422
reaction:2410,AdBrettPhos,0,AdBrettPhos,17.36013023,32.92903518676758,18.66130828857422
reaction:2411,AdBrettPhos,0,AdBrettPhos,5.889073661,32.92903518676758,18.66130828857422
reaction:2412,AdBrettPhos,0,AdBrettPhos,27.06341711,32.92903518676758,18.66130828857422
reaction:2413,AdBrettPhos,0,AdBrettPhos,34.65614692,32.92903518676758,18.66130828857422
reaction:2414,AdBrettPhos,0,AdBrettPhos,0.0,32.92903518676758,18.66130828857422
reaction:2415,AdBrettPhos,0,AdBrettPhos,24.41645938,32.92903518676758,18.66130828857422
reaction:2416,AdBrettPhos,0,AdBrettPhos,25.12838943,32.92903518676758,18.66130828857422
reaction:2417,AdBrettPhos,0,AdBrettPhos,0.954745242,32.92903518676758,18.66130828857422
reaction:2418,AdBrettPhos,0,AdBrettPhos,43.35191306,32.92903518676758,18.66130828857422
reaction:2419,AdBrettPhos,0,AdBrettPhos,51.5902696,32.92903518676758,18.66130828857422
reaction:2420,AdBrettPhos,0,AdBrettPhos,48.18783868,32.92903518676758,18.66130828857422
reaction:2421,AdBrettPhos,0,AdBrettPhos,49.14544471,32.92903518676758,18.66130828857422
reaction:2422,AdBrettPhos,0,AdBrettPhos,63.351286,32.92903518676758,18.66130828857422
reaction:2423,AdBrettPhos,0,AdBrettPhos,3.647451971,32.92903518676758,18.66130828857422
reaction:2424,AdBrettPhos,0,AdBrettPhos,43.17813797,32.92903518676758,18.66130828857422
reaction:2425,AdBrettPhos,0,AdBrettPhos,47.34357171,32.92903518676758,18.66130828857422
reaction:2426,AdBrettPhos,0,AdBrettPhos,0.698318685,32.92903518676758,18.66130828857422
reaction:2427,AdBrettPhos,0,AdBrettPhos,2.97486192,32.92903518676758,18.66130828857422
reaction:2428,AdBrettPhos,0,AdBrettPhos,3.10979023,32.92903518676758,18.66130828857422
reaction:2429,AdBrettPhos,0,AdBrettPhos,0.0,32.92903518676758,18.66130828857422
reaction:2430,AdBrettPhos,0,AdBrettPhos,0.489044772,32.92903518676758,18.66130828857422
reaction:2431,AdBrettPhos,0,AdBrettPhos,4.88514688,32.92903518676758,18.66130828857422
reaction:2432,AdBrettPhos,0,AdBrettPhos,0.0,32.92903518676758,18.66130828857422
reaction:2433,AdBrettPhos,0,AdBrettPhos,1.305562617,32.92903518676758,18.66130828857422
reaction:2434,AdBrettPhos,0,AdBrettPhos,6.931862367000001,32.92903518676758,18.66130828857422
reaction:2435,AdBrettPhos,0,AdBrettPhos,0.0,32.92903518676758,18.66130828857422
reaction:2436,AdBrettPhos,0,AdBrettPhos,0.0,32.92903518676758,18.66130828857422
reaction:2437,AdBrettPhos,0,AdBrettPhos,6.151237345,32.92903518676758,18.66130828857422
reaction:2438,AdBrettPhos,0,AdBrettPhos,0.0,32.92903518676758,18.66130828857422
reaction:2439,AdBrettPhos,0,AdBrettPhos,2.42482932,32.92903518676758,18.66130828857422
reaction:2440,AdBrettPhos,0,AdBrettPhos,7.121202502999999,32.92903518676758,18.66130828857422
reaction:2441,AdBrettPhos,0,AdBrettPhos,0.0,32.92903518676758,18.66130828857422
reaction:2442,AdBrettPhos,0,AdBrettPhos,1.12036933,32.92903518676758,18.66130828857422
reaction:2443,AdBrettPhos,0,AdBrettPhos,1.896181594,32.92903518676758,18.66130828857422
reaction:2444,AdBrettPhos,0,AdBrettPhos,0.0,32.92903518676758,18.66130828857422
reaction:2445,AdBrettPhos,0,AdBrettPhos,0.0,32.92903518676758,18.66130828857422
reaction:2446,AdBrettPhos,0,AdBrettPhos,0.974444275,32.92903518676758,18.66130828857422
reaction:2447,AdBrettPhos,0,AdBrettPhos,0.0,32.92903518676758,18.66130828857422
reaction:2448,AdBrettPhos,0,AdBrettPhos,0.9560868,32.92903518676758,18.66130828857422
reaction:2449,AdBrettPhos,0,AdBrettPhos,2.600006823,32.92903518676758,18.66130828857422
reaction:2450,AdBrettPhos,0,AdBrettPhos,0.0,32.92903518676758,18.66130828857422
reaction:2451,AdBrettPhos,0,AdBrettPhos,0.0,32.92903518676758,18.66130828857422
reaction:2452,AdBrettPhos,0,AdBrettPhos,0.0,32.92903518676758,18.66130828857422
reaction:2453,AdBrettPhos,0,AdBrettPhos,0.0,32.92903518676758,18.66130828857422
reaction:2454,AdBrettPhos,0,AdBrettPhos,0.0,32.92903518676758,18.66130828857422
reaction:2455,AdBrettPhos,0,AdBrettPhos,1.40959558,32.92903518676758,18.66130828857422
reaction:2456,AdBrettPhos,0,AdBrettPhos,17.87933698,32.92903518676758,18.66130828857422
reaction:2457,AdBrettPhos,0,AdBrettPhos,24.40165539,32.92903518676758,18.66130828857422
reaction:2458,AdBrettPhos,0,AdBrettPhos,24.45376754,32.92903518676758,18.66130828857422
reaction:2459,AdBrettPhos,0,AdBrettPhos,1.682541771,32.92903518676758,18.66130828857422
reaction:2460,AdBrettPhos,0,AdBrettPhos,18.44134196,32.92903518676758,18.66130828857422
reaction:2461,AdBrettPhos,0,AdBrettPhos,18.87491239,32.92903518676758,18.66130828857422
reaction:2462,AdBrettPhos,0,AdBrettPhos,6.9499718360000005,32.92903518676758,18.66130828857422
reaction:2463,AdBrettPhos,0,AdBrettPhos,30.37188127,32.92903518676758,18.66130828857422
reaction:2464,AdBrettPhos,0,AdBrettPhos,33.47151562,32.92903518676758,18.66130828857422
reaction:2465,AdBrettPhos,0,AdBrettPhos,34.48220577,32.92903518676758,18.66130828857422
reaction:2466,AdBrettPhos,0,AdBrettPhos,35.36016156,32.92903518676758,18.66130828857422
reaction:2467,AdBrettPhos,0,AdBrettPhos,35.68280094,32.92903518676758,18.66130828857422
reaction:2468,AdBrettPhos,0,AdBrettPhos,18.37316337,32.92903518676758,18.66130828857422
reaction:2469,AdBrettPhos,0,AdBrettPhos,27.82910373,32.92903518676758,18.66130828857422
reaction:2470,AdBrettPhos,0,AdBrettPhos,37.08543096,32.92903518676758,18.66130828857422
reaction:2471,AdBrettPhos,0,AdBrettPhos,8.62455294,32.92903518676758,18.66130828857422
reaction:2472,AdBrettPhos,0,AdBrettPhos,14.26125924,32.92903518676758,18.66130828857422
reaction:2473,AdBrettPhos,0,AdBrettPhos,28.49871025,32.92903518676758,18.66130828857422
reaction:2474,AdBrettPhos,0,AdBrettPhos,0.538585368,32.92903518676758,18.66130828857422
reaction:2475,AdBrettPhos,0,AdBrettPhos,13.34881918,32.92903518676758,18.66130828857422
reaction:2476,AdBrettPhos,0,AdBrettPhos,28.28230111,32.92903518676758,18.66130828857422
reaction:2477,AdBrettPhos,0,AdBrettPhos,1.999177844,32.92903518676758,18.66130828857422
reaction:2478,AdBrettPhos,0,AdBrettPhos,27.16016891,32.92903518676758,18.66130828857422
reaction:2479,AdBrettPhos,0,AdBrettPhos,50.52138402,32.92903518676758,18.66130828857422
reaction:2480,AdBrettPhos,0,AdBrettPhos,20.00288675,32.92903518676758,18.66130828857422
reaction:2481,AdBrettPhos,0,AdBrettPhos,25.99050807,32.92903518676758,18.66130828857422
reaction:2482,AdBrettPhos,0,AdBrettPhos,40.32898976,32.92903518676758,18.66130828857422
reaction:2483,AdBrettPhos,0,AdBrettPhos,13.34689497,32.92903518676758,18.66130828857422
reaction:2484,AdBrettPhos,0,AdBrettPhos,40.63647217,32.92903518676758,18.66130828857422
reaction:2485,AdBrettPhos,0,AdBrettPhos,74.04736649,32.92903518676758,18.66130828857422
reaction:2486,AdBrettPhos,0,AdBrettPhos,5.195732957,32.92903518676758,18.66130828857422
reaction:2487,AdBrettPhos,0,AdBrettPhos,19.31180946,32.92903518676758,18.66130828857422
reaction:2488,AdBrettPhos,0,AdBrettPhos,30.77223842,32.92903518676758,18.66130828857422
reaction:2489,AdBrettPhos,0,AdBrettPhos,0.0,32.92903518676758,18.66130828857422
reaction:2490,AdBrettPhos,0,AdBrettPhos,11.75749506,32.92903518676758,18.66130828857422
reaction:2491,AdBrettPhos,0,AdBrettPhos,23.34747951,32.92903518676758,18.66130828857422
reaction:2492,AdBrettPhos,0,AdBrettPhos,1.039903259,32.92903518676758,18.66130828857422
reaction:2493,AdBrettPhos,0,AdBrettPhos,28.39783953,32.92903518676758,18.66130828857422
reaction:2494,AdBrettPhos,0,AdBrettPhos,39.89470015,32.92903518676758,18.66130828857422
reaction:2495,AdBrettPhos,0,AdBrettPhos,13.79100096,32.92903518676758,18.66130828857422
reaction:2496,AdBrettPhos,0,AdBrettPhos,19.53099508,32.92903518676758,18.66130828857422
reaction:2497,AdBrettPhos,0,AdBrettPhos,26.870862899999995,32.92903518676758,18.66130828857422
reaction:2498,AdBrettPhos,0,AdBrettPhos,9.396462800000002,32.92903518676758,18.66130828857422
reaction:2499,AdBrettPhos,0,AdBrettPhos,40.58293806,32.92903518676758,18.66130828857422
reaction:2500,AdBrettPhos,0,AdBrettPhos,52.66349061,32.92903518676758,18.66130828857422
reaction:2501,AdBrettPhos,0,AdBrettPhos,15.85078385,32.92903518676758,18.66130828857422
reaction:2502,AdBrettPhos,0,AdBrettPhos,32.88980878,32.92903518676758,18.66130828857422
reaction:2503,AdBrettPhos,0,AdBrettPhos,47.13760632,32.92903518676758,18.66130828857422
reaction:2504,AdBrettPhos,0,AdBrettPhos,0.7072545920000001,32.92903518676758,18.66130828857422
reaction:2505,AdBrettPhos,0,AdBrettPhos,32.71728338,32.92903518676758,18.66130828857422
reaction:2506,AdBrettPhos,0,AdBrettPhos,41.68551837,32.92903518676758,18.66130828857422
reaction:2507,AdBrettPhos,0,AdBrettPhos,1.753987647,32.92903518676758,18.66130828857422
reaction:2508,AdBrettPhos,0,AdBrettPhos,54.56471519,32.92903518676758,18.66130828857422
reaction:2509,AdBrettPhos,0,AdBrettPhos,68.58213231,32.92903518676758,18.66130828857422
reaction:2510,AdBrettPhos,0,AdBrettPhos,60.52865164,32.92903518676758,18.66130828857422
reaction:2511,AdBrettPhos,0,AdBrettPhos,67.75052852,32.92903518676758,18.66130828857422
reaction:2512,AdBrettPhos,0,AdBrettPhos,80.80959568,32.92903518676758,18.66130828857422
reaction:2513,AdBrettPhos,0,AdBrettPhos,6.777260235,32.92903518676758,18.66130828857422
reaction:2514,AdBrettPhos,0,AdBrettPhos,48.77228165,32.92903518676758,18.66130828857422
reaction:2515,AdBrettPhos,0,AdBrettPhos,74.51133845,32.92903518676758,18.66130828857422
reaction:2516,XPhos,1,XPhos,24.10905766,37.39902114868164,20.433700561523438
reaction:2517,XPhos,1,XPhos,32.87780619,37.39902114868164,20.433700561523438
reaction:2518,XPhos,1,XPhos,43.39942952,37.39902114868164,20.433700561523438
reaction:2519,XPhos,1,XPhos,1.221284135,37.39902114868164,20.433700561523438
reaction:2520,XPhos,1,XPhos,25.1779767,37.39902114868164,20.433700561523438
reaction:2521,XPhos,1,XPhos,32.37253744,37.39902114868164,20.433700561523438
reaction:2522,XPhos,1,XPhos,7.676008537,37.39902114868164,20.433700561523438
reaction:2523,XPhos,1,XPhos,60.41732712,37.39902114868164,20.433700561523438
reaction:2524,XPhos,1,XPhos,64.50667156,37.39902114868164,20.433700561523438
reaction:2525,XPhos,1,XPhos,36.55522639,37.39902114868164,20.433700561523438
reaction:2526,XPhos,1,XPhos,46.64960106,37.39902114868164,20.433700561523438
reaction:2527,XPhos,1,XPhos,47.85301388,37.39902114868164,20.433700561523438
reaction:2528,XPhos,1,XPhos,21.44960942,37.39902114868164,20.433700561523438
reaction:2529,XPhos,1,XPhos,27.71714775,37.39902114868164,20.433700561523438
reaction:2530,XPhos,1,XPhos,52.2237426,37.39902114868164,20.433700561523438
reaction:2531,XPhos,1,XPhos,15.42545497,37.39902114868164,20.433700561523438
reaction:2532,XPhos,1,XPhos,30.08596307,37.39902114868164,20.433700561523438
reaction:2533,XPhos,1,XPhos,35.8368136,37.39902114868164,20.433700561523438
reaction:2534,XPhos,1,XPhos,0.0,37.39902114868164,20.433700561523438
reaction:2535,XPhos,1,XPhos,11.6535106,37.39902114868164,20.433700561523438
reaction:2536,XPhos,1,XPhos,17.02843498,37.39902114868164,20.433700561523438
reaction:2537,XPhos,1,XPhos,1.188847918,37.39902114868164,20.433700561523438
reaction:2538,XPhos,1,XPhos,32.40012299,37.39902114868164,20.433700561523438
reaction:2539,XPhos,1,XPhos,27.27757284,37.39902114868164,20.433700561523438
reaction:2540,XPhos,1,XPhos,24.95662893,37.39902114868164,20.433700561523438
reaction:2541,XPhos,1,XPhos,45.54864618,37.39902114868164,20.433700561523438
reaction:2542,XPhos,1,XPhos,42.79858664,37.39902114868164,20.433700561523438
reaction:2543,XPhos,1,XPhos,8.905135224,37.39902114868164,20.433700561523438
reaction:2544,XPhos,1,XPhos,18.1199602,37.39902114868164,20.433700561523438
reaction:2545,XPhos,1,XPhos,27.22195897,37.39902114868164,20.433700561523438
reaction:2546,XPhos,1,XPhos,8.286467695,37.39902114868164,20.433700561523438
reaction:2547,XPhos,1,XPhos,22.46669781,37.39902114868164,20.433700561523438
reaction:2548,XPhos,1,XPhos,37.70168941,37.39902114868164,20.433700561523438
reaction:2549,XPhos,1,XPhos,0.0,37.39902114868164,20.433700561523438
reaction:2550,XPhos,1,XPhos,8.034140762,37.39902114868164,20.433700561523438
reaction:2551,XPhos,1,XPhos,20.18480169,37.39902114868164,20.433700561523438
reaction:2552,XPhos,1,XPhos,0.662349524,37.39902114868164,20.433700561523438
reaction:2553,XPhos,1,XPhos,21.77773542,37.39902114868164,20.433700561523438
reaction:2554,XPhos,1,XPhos,53.28001638,37.39902114868164,20.433700561523438
reaction:2555,XPhos,1,XPhos,23.90935743,37.39902114868164,20.433700561523438
reaction:2556,XPhos,1,XPhos,47.15771685,37.39902114868164,20.433700561523438
reaction:2557,XPhos,1,XPhos,62.53548833,37.39902114868164,20.433700561523438
reaction:2558,XPhos,1,XPhos,4.577603745,37.39902114868164,20.433700561523438
reaction:2559,XPhos,1,XPhos,21.19444726,37.39902114868164,20.433700561523438
reaction:2560,XPhos,1,XPhos,42.00065126,37.39902114868164,20.433700561523438
reaction:2561,XPhos,1,XPhos,18.40035471,37.39902114868164,20.433700561523438
reaction:2562,XPhos,1,XPhos,16.25238798,37.39902114868164,20.433700561523438
reaction:2563,XPhos,1,XPhos,42.71521565,37.39902114868164,20.433700561523438
reaction:2564,XPhos,1,XPhos,0.0,37.39902114868164,20.433700561523438
reaction:2565,XPhos,1,XPhos,39.12148383,37.39902114868164,20.433700561523438
reaction:2566,XPhos,1,XPhos,47.59873076,37.39902114868164,20.433700561523438
reaction:2567,XPhos,1,XPhos,3.5977898880000003,37.39902114868164,20.433700561523438
reaction:2568,XPhos,1,XPhos,69.98737297,37.39902114868164,20.433700561523438
reaction:2569,XPhos,1,XPhos,70.05483344,37.39902114868164,20.433700561523438
reaction:2570,XPhos,1,XPhos,20.97581455,37.39902114868164,20.433700561523438
reaction:2571,XPhos,1,XPhos,23.18775097,37.39902114868164,20.433700561523438
reaction:2572,XPhos,1,XPhos,22.00500964,37.39902114868164,20.433700561523438
reaction:2573,XPhos,1,XPhos,18.04784884,37.39902114868164,20.433700561523438
reaction:2574,XPhos,1,XPhos,23.57347354,37.39902114868164,20.433700561523438
reaction:2575,XPhos,1,XPhos,81.35759178,37.39902114868164,20.433700561523438
reaction:2576,XPhos,1,XPhos,14.75153907,37.39902114868164,20.433700561523438
reaction:2577,XPhos,1,XPhos,31.62416369,37.39902114868164,20.433700561523438
reaction:2578,XPhos,1,XPhos,37.39576088,37.39902114868164,20.433700561523438
reaction:2579,XPhos,1,XPhos,0.448085745,37.39902114868164,20.433700561523438
reaction:2580,XPhos,1,XPhos,13.27473408,37.39902114868164,20.433700561523438
reaction:2581,XPhos,1,XPhos,17.72318391,37.39902114868164,20.433700561523438
reaction:2582,XPhos,1,XPhos,3.418730848,37.39902114868164,20.433700561523438
reaction:2583,XPhos,1,XPhos,25.1224442,37.39902114868164,20.433700561523438
reaction:2584,XPhos,1,XPhos,30.07190595,37.39902114868164,20.433700561523438
reaction:2585,XPhos,1,XPhos,22.54874195,37.39902114868164,20.433700561523438
reaction:2586,XPhos,1,XPhos,36.80117668,37.39902114868164,20.433700561523438
reaction:2587,XPhos,1,XPhos,42.20791273,37.39902114868164,20.433700561523438
reaction:2588,XPhos,1,XPhos,8.748271212999999,37.39902114868164,20.433700561523438
reaction:2589,XPhos,1,XPhos,19.13281286,37.39902114868164,20.433700561523438
reaction:2590,XPhos,1,XPhos,27.47497093,37.39902114868164,20.433700561523438
reaction:2591,XPhos,1,XPhos,9.361658454,37.39902114868164,20.433700561523438
reaction:2592,XPhos,1,XPhos,22.12521071,37.39902114868164,20.433700561523438
reaction:2593,XPhos,1,XPhos,38.83428513,37.39902114868164,20.433700561523438
reaction:2594,XPhos,1,XPhos,0.0,37.39902114868164,20.433700561523438
reaction:2595,XPhos,1,XPhos,9.540244592,37.39902114868164,20.433700561523438
reaction:2596,XPhos,1,XPhos,21.41511712,37.39902114868164,20.433700561523438
reaction:2597,XPhos,1,XPhos,2.217163117,37.39902114868164,20.433700561523438
reaction:2598,XPhos,1,XPhos,25.83582864,37.39902114868164,20.433700561523438
reaction:2599,XPhos,1,XPhos,53.84533811,37.39902114868164,20.433700561523438
reaction:2600,XPhos,1,XPhos,25.36847762,37.39902114868164,20.433700561523438
reaction:2601,XPhos,1,XPhos,50.91041247,37.39902114868164,20.433700561523438
reaction:2602,XPhos,1,XPhos,62.69909879,37.39902114868164,20.433700561523438
reaction:2603,XPhos,1,XPhos,5.005508734,37.39902114868164,20.433700561523438
reaction:2604,XPhos,1,XPhos,24.92895829,37.39902114868164,20.433700561523438
reaction:2605,XPhos,1,XPhos,43.08223061,37.39902114868164,20.433700561523438
reaction:2606,XPhos,1,XPhos,26.47105008,37.39902114868164,20.433700561523438
reaction:2607,XPhos,1,XPhos,15.00790512,37.39902114868164,20.433700561523438
reaction:2608,XPhos,1,XPhos,40.67066673,37.39902114868164,20.433700561523438
reaction:2609,XPhos,1,XPhos,10.03471889,37.39902114868164,20.433700561523438
reaction:2610,XPhos,1,XPhos,44.50757189,37.39902114868164,20.433700561523438
reaction:2611,XPhos,1,XPhos,50.81226991,37.39902114868164,20.433700561523438
reaction:2612,XPhos,1,XPhos,13.26153778,37.39902114868164,20.433700561523438
reaction:2613,XPhos,1,XPhos,66.43295508,37.39902114868164,20.433700561523438
reaction:2614,XPhos,1,XPhos,69.21564786,37.39902114868164,20.433700561523438
reaction:2615,XPhos,1,XPhos,16.47592229,37.39902114868164,20.433700561523438
reaction:2616,XPhos,1,XPhos,19.59466142,37.39902114868164,20.433700561523438
reaction:2617,XPhos,1,XPhos,19.12358264,37.39902114868164,20.433700561523438
reaction:2618,XPhos,1,XPhos,37.0158274,37.39902114868164,20.433700561523438
reaction:2619,XPhos,1,XPhos,10.02539168,37.39902114868164,20.433700561523438
reaction:2620,XPhos,1,XPhos,41.01536377,37.39902114868164,20.433700561523438
reaction:2621,XPhos,1,XPhos,17.88950545,37.39902114868164,20.433700561523438
reaction:2622,XPhos,1,XPhos,30.84474943,37.39902114868164,20.433700561523438
reaction:2623,XPhos,1,XPhos,42.94679968,37.39902114868164,20.433700561523438
reaction:2624,XPhos,1,XPhos,39.22831543,37.39902114868164,20.433700561523438
reaction:2625,XPhos,1,XPhos,47.13740479,37.39902114868164,20.433700561523438
reaction:2626,XPhos,1,XPhos,49.46765787,37.39902114868164,20.433700561523438
reaction:2627,XPhos,1,XPhos,6.2629300720000005,37.39902114868164,20.433700561523438
reaction:2628,XPhos,1,XPhos,24.92429214,37.39902114868164,20.433700561523438
reaction:2629,XPhos,1,XPhos,29.29928272,37.39902114868164,20.433700561523438
reaction:2630,XPhos,1,XPhos,26.0695387,37.39902114868164,20.433700561523438
reaction:2631,XPhos,1,XPhos,40.32928262,37.39902114868164,20.433700561523438
reaction:2632,XPhos,1,XPhos,46.57912629,37.39902114868164,20.433700561523438
reaction:2633,XPhos,1,XPhos,10.87603871,37.39902114868164,20.433700561523438
reaction:2634,XPhos,1,XPhos,19.12422917,37.39902114868164,20.433700561523438
reaction:2635,XPhos,1,XPhos,30.41179661,37.39902114868164,20.433700561523438
reaction:2636,XPhos,1,XPhos,12.69227905,37.39902114868164,20.433700561523438
reaction:2637,XPhos,1,XPhos,24.01338043,37.39902114868164,20.433700561523438
reaction:2638,XPhos,1,XPhos,38.95047983,37.39902114868164,20.433700561523438
reaction:2639,XPhos,1,XPhos,38.99137319,37.39902114868164,20.433700561523438
reaction:2640,XPhos,1,XPhos,45.82883908,37.39902114868164,20.433700561523438
reaction:2641,XPhos,1,XPhos,50.09626002,37.39902114868164,20.433700561523438
reaction:2642,XPhos,1,XPhos,5.967393026,37.39902114868164,20.433700561523438
reaction:2643,XPhos,1,XPhos,28.83921229,37.39902114868164,20.433700561523438
reaction:2644,XPhos,1,XPhos,55.76912496,37.39902114868164,20.433700561523438
reaction:2645,XPhos,1,XPhos,27.19452945,37.39902114868164,20.433700561523438
reaction:2646,XPhos,1,XPhos,55.41075316,37.39902114868164,20.433700561523438
reaction:2647,XPhos,1,XPhos,64.88423444,37.39902114868164,20.433700561523438
reaction:2648,XPhos,1,XPhos,7.65708472,37.39902114868164,20.433700561523438
reaction:2649,XPhos,1,XPhos,24.91728565,37.39902114868164,20.433700561523438
reaction:2650,XPhos,1,XPhos,43.47281583,37.39902114868164,20.433700561523438
reaction:2651,XPhos,1,XPhos,6.618305452,37.39902114868164,20.433700561523438
reaction:2652,XPhos,1,XPhos,19.22189421,37.39902114868164,20.433700561523438
reaction:2653,XPhos,1,XPhos,38.88169758,37.39902114868164,20.433700561523438
reaction:2654,XPhos,1,XPhos,0.0,37.39902114868164,20.433700561523438
reaction:2655,XPhos,1,XPhos,8.123761297,37.39902114868164,20.433700561523438
reaction:2656,XPhos,1,XPhos,9.226197008,37.39902114868164,20.433700561523438
reaction:2657,XPhos,1,XPhos,0.340410651,37.39902114868164,20.433700561523438
reaction:2658,XPhos,1,XPhos,32.95642094,37.39902114868164,20.433700561523438
reaction:2659,XPhos,1,XPhos,47.36333704,37.39902114868164,20.433700561523438
reaction:2660,XPhos,1,XPhos,24.01631717,37.39902114868164,20.433700561523438
reaction:2661,XPhos,1,XPhos,30.07960625,37.39902114868164,20.433700561523438
reaction:2662,XPhos,1,XPhos,29.79340439,37.39902114868164,20.433700561523438
reaction:2663,XPhos,1,XPhos,3.1690993310000004,37.39902114868164,20.433700561523438
reaction:2664,XPhos,1,XPhos,18.20970217,37.39902114868164,20.433700561523438
reaction:2665,XPhos,1,XPhos,28.27747642,37.39902114868164,20.433700561523438
reaction:2666,XPhos,1,XPhos,9.330486935,37.39902114868164,20.433700561523438
reaction:2667,XPhos,1,XPhos,24.08891574,37.39902114868164,20.433700561523438
reaction:2668,XPhos,1,XPhos,26.99117029,37.39902114868164,20.433700561523438
reaction:2669,XPhos,1,XPhos,0.0,37.39902114868164,20.433700561523438
reaction:2670,XPhos,1,XPhos,7.405890222999999,37.39902114868164,20.433700561523438
reaction:2671,XPhos,1,XPhos,8.430071853,37.39902114868164,20.433700561523438
reaction:2672,XPhos,1,XPhos,0.72962294,37.39902114868164,20.433700561523438
reaction:2673,XPhos,1,XPhos,20.3250042,37.39902114868164,20.433700561523438
reaction:2674,XPhos,1,XPhos,20.51920273,37.39902114868164,20.433700561523438
reaction:2675,XPhos,1,XPhos,21.60400316,37.39902114868164,20.433700561523438
reaction:2676,XPhos,1,XPhos,30.2871506,37.39902114868164,20.433700561523438
reaction:2677,XPhos,1,XPhos,38.85520908,37.39902114868164,20.433700561523438
reaction:2678,XPhos,1,XPhos,4.143900161,37.39902114868164,20.433700561523438
reaction:2679,XPhos,1,XPhos,16.01570816,37.39902114868164,20.433700561523438
reaction:2680,XPhos,1,XPhos,19.48013153,37.39902114868164,20.433700561523438
reaction:2681,XPhos,1,XPhos,5.982836529,37.39902114868164,20.433700561523438
reaction:2682,XPhos,1,XPhos,19.02499104,37.39902114868164,20.433700561523438
reaction:2683,XPhos,1,XPhos,34.0336157,37.39902114868164,20.433700561523438
reaction:2684,XPhos,1,XPhos,0.0,37.39902114868164,20.433700561523438
reaction:2685,XPhos,1,XPhos,4.698019536,37.39902114868164,20.433700561523438
reaction:2686,XPhos,1,XPhos,8.109204436,37.39902114868164,20.433700561523438
reaction:2687,XPhos,1,XPhos,0.94272788,37.39902114868164,20.433700561523438
reaction:2688,XPhos,1,XPhos,17.29489164,37.39902114868164,20.433700561523438
reaction:2689,XPhos,1,XPhos,38.16631108,37.39902114868164,20.433700561523438
reaction:2690,XPhos,1,XPhos,25.48313253,37.39902114868164,20.433700561523438
reaction:2691,XPhos,1,XPhos,49.96376516,37.39902114868164,20.433700561523438
reaction:2692,XPhos,1,XPhos,54.07334238,37.39902114868164,20.433700561523438
reaction:2693,XPhos,1,XPhos,3.609434473,37.39902114868164,20.433700561523438
reaction:2694,XPhos,1,XPhos,16.57162393,37.39902114868164,20.433700561523438
reaction:2695,XPhos,1,XPhos,32.51941474,37.39902114868164,20.433700561523438
reaction:2696,t-BuXPhos,3,t-BuXPhos,24.17024028,30.424705505371094,18.47719383239746
reaction:2697,t-BuXPhos,3,t-BuXPhos,35.80552258,30.424705505371094,18.47719383239746
reaction:2698,t-BuXPhos,3,t-BuXPhos,40.2947746,30.424705505371094,18.47719383239746
reaction:2699,t-BuXPhos,3,t-BuXPhos,3.120933892,30.424705505371094,18.47719383239746
reaction:2700,t-BuXPhos,3,t-BuXPhos,42.30149711,30.424705505371094,18.47719383239746
reaction:2701,t-BuXPhos,3,t-BuXPhos,40.31193463,30.424705505371094,18.47719383239746
reaction:2702,t-BuXPhos,3,t-BuXPhos,10.90397812,30.424705505371094,18.47719383239746
reaction:2703,t-BuXPhos,3,t-BuXPhos,61.05645885,30.424705505371094,18.47719383239746
reaction:2704,t-BuXPhos,3,t-BuXPhos,64.44051661,30.424705505371094,18.47719383239746
reaction:2705,t-BuXPhos,3,t-BuXPhos,70.14701034,30.424705505371094,18.47719383239746
reaction:2706,t-BuXPhos,3,t-BuXPhos,70.25926715,30.424705505371094,18.47719383239746
reaction:2707,t-BuXPhos,3,t-BuXPhos,73.95050649,30.424705505371094,18.47719383239746
reaction:2708,t-BuXPhos,3,t-BuXPhos,27.32089436,30.424705505371094,18.47719383239746
reaction:2709,t-BuXPhos,3,t-BuXPhos,72.8784855,30.424705505371094,18.47719383239746
reaction:2710,t-BuXPhos,3,t-BuXPhos,74.62339174,30.424705505371094,18.47719383239746
reaction:2711,t-BuXPhos,3,t-BuXPhos,21.83853262,30.424705505371094,18.47719383239746
reaction:2712,t-BuXPhos,3,t-BuXPhos,34.89766998,30.424705505371094,18.47719383239746
reaction:2713,t-BuXPhos,3,t-BuXPhos,40.40712226,30.424705505371094,18.47719383239746
reaction:2714,t-BuXPhos,3,t-BuXPhos,0.3399420529999999,30.424705505371094,18.47719383239746
reaction:2715,t-BuXPhos,3,t-BuXPhos,37.12675544,30.424705505371094,18.47719383239746
reaction:2716,t-BuXPhos,3,t-BuXPhos,34.27058432,30.424705505371094,18.47719383239746
reaction:2717,t-BuXPhos,3,t-BuXPhos,1.3589469669999998,30.424705505371094,18.47719383239746
reaction:2718,t-BuXPhos,3,t-BuXPhos,57.33300234,30.424705505371094,18.47719383239746
reaction:2719,t-BuXPhos,3,t-BuXPhos,64.45105489,30.424705505371094,18.47719383239746
reaction:2720,t-BuXPhos,3,t-BuXPhos,61.13755675,30.424705505371094,18.47719383239746
reaction:2721,t-BuXPhos,3,t-BuXPhos,70.67829218,30.424705505371094,18.47719383239746
reaction:2722,t-BuXPhos,3,t-BuXPhos,58.46064001,30.424705505371094,18.47719383239746
reaction:2723,t-BuXPhos,3,t-BuXPhos,21.26152094,30.424705505371094,18.47719383239746
reaction:2724,t-BuXPhos,3,t-BuXPhos,61.01774399,30.424705505371094,18.47719383239746
reaction:2725,t-BuXPhos,3,t-BuXPhos,68.67316565,30.424705505371094,18.47719383239746
reaction:2726,t-BuXPhos,3,t-BuXPhos,24.48223218,30.424705505371094,18.47719383239746
reaction:2727,t-BuXPhos,3,t-BuXPhos,38.35488356,30.424705505371094,18.47719383239746
reaction:2728,t-BuXPhos,3,t-BuXPhos,42.68462411,30.424705505371094,18.47719383239746
reaction:2729,t-BuXPhos,3,t-BuXPhos,0.399824711,30.424705505371094,18.47719383239746
reaction:2730,t-BuXPhos,3,t-BuXPhos,47.37471195,30.424705505371094,18.47719383239746
reaction:2731,t-BuXPhos,3,t-BuXPhos,42.52654707,30.424705505371094,18.47719383239746
reaction:2732,t-BuXPhos,3,t-BuXPhos,1.442502721,30.424705505371094,18.47719383239746
reaction:2733,t-BuXPhos,3,t-BuXPhos,67.97015702,30.424705505371094,18.47719383239746
reaction:2734,t-BuXPhos,3,t-BuXPhos,67.99152053,30.424705505371094,18.47719383239746
reaction:2735,t-BuXPhos,3,t-BuXPhos,83.17489955,30.424705505371094,18.47719383239746
reaction:2736,t-BuXPhos,3,t-BuXPhos,81.27460019,30.424705505371094,18.47719383239746
reaction:2737,t-BuXPhos,3,t-BuXPhos,84.68245385,30.424705505371094,18.47719383239746
reaction:2738,t-BuXPhos,3,t-BuXPhos,23.79770547,30.424705505371094,18.47719383239746
reaction:2739,t-BuXPhos,3,t-BuXPhos,79.51166554,30.424705505371094,18.47719383239746
reaction:2740,t-BuXPhos,3,t-BuXPhos,79.64252926,30.424705505371094,18.47719383239746
reaction:2741,t-BuXPhos,3,t-BuXPhos,31.73318055,30.424705505371094,18.47719383239746
reaction:2742,t-BuXPhos,3,t-BuXPhos,33.92093167,30.424705505371094,18.47719383239746
reaction:2743,t-BuXPhos,3,t-BuXPhos,38.41251828,30.424705505371094,18.47719383239746
reaction:2744,t-BuXPhos,3,t-BuXPhos,1.277604509,30.424705505371094,18.47719383239746
reaction:2745,t-BuXPhos,3,t-BuXPhos,46.04956103,30.424705505371094,18.47719383239746
reaction:2746,t-BuXPhos,3,t-BuXPhos,43.335395,30.424705505371094,18.47719383239746
reaction:2747,t-BuXPhos,3,t-BuXPhos,9.850315112,30.424705505371094,18.47719383239746
reaction:2748,t-BuXPhos,3,t-BuXPhos,63.8388463,30.424705505371094,18.47719383239746
reaction:2749,t-BuXPhos,3,t-BuXPhos,64.60187181,30.424705505371094,18.47719383239746
reaction:2750,t-BuXPhos,3,t-BuXPhos,54.53336611,30.424705505371094,18.47719383239746
reaction:2751,t-BuXPhos,3,t-BuXPhos,55.70352222,30.424705505371094,18.47719383239746
reaction:2752,t-BuXPhos,3,t-BuXPhos,57.7580975,30.424705505371094,18.47719383239746
reaction:2753,t-BuXPhos,3,t-BuXPhos,51.955783200000006,30.424705505371094,18.47719383239746
reaction:2754,t-BuXPhos,3,t-BuXPhos,71.32414041,30.424705505371094,18.47719383239746
reaction:2755,t-BuXPhos,3,t-BuXPhos,78.36249844,30.424705505371094,18.47719383239746
reaction:2756,t-BuXPhos,3,t-BuXPhos,31.26129694,30.424705505371094,18.47719383239746
reaction:2757,t-BuXPhos,3,t-BuXPhos,38.72175402,30.424705505371094,18.47719383239746
reaction:2758,t-BuXPhos,3,t-BuXPhos,36.57290373,30.424705505371094,18.47719383239746
reaction:2759,t-BuXPhos,3,t-BuXPhos,0.719285108,30.424705505371094,18.47719383239746
reaction:2760,t-BuXPhos,3,t-BuXPhos,36.22635154,30.424705505371094,18.47719383239746
reaction:2761,t-BuXPhos,3,t-BuXPhos,33.94655387,30.424705505371094,18.47719383239746
reaction:2762,t-BuXPhos,3,t-BuXPhos,3.373624056,30.424705505371094,18.47719383239746
reaction:2763,t-BuXPhos,3,t-BuXPhos,54.46826622,30.424705505371094,18.47719383239746
reaction:2764,t-BuXPhos,3,t-BuXPhos,62.7905956,30.424705505371094,18.47719383239746
reaction:2765,t-BuXPhos,3,t-BuXPhos,66.11270607,30.424705505371094,18.47719383239746
reaction:2766,t-BuXPhos,3,t-BuXPhos,66.35401825,30.424705505371094,18.47719383239746
reaction:2767,t-BuXPhos,3,t-BuXPhos,65.50261834,30.424705505371094,18.47719383239746
reaction:2768,t-BuXPhos,3,t-BuXPhos,33.03335054,30.424705505371094,18.47719383239746
reaction:2769,t-BuXPhos,3,t-BuXPhos,65.91039362,30.424705505371094,18.47719383239746
reaction:2770,t-BuXPhos,3,t-BuXPhos,67.31022474,30.424705505371094,18.47719383239746
reaction:2771,t-BuXPhos,3,t-BuXPhos,33.931236600000005,30.424705505371094,18.47719383239746
reaction:2772,t-BuXPhos,3,t-BuXPhos,40.60161129,30.424705505371094,18.47719383239746
reaction:2773,t-BuXPhos,3,t-BuXPhos,42.25144884,30.424705505371094,18.47719383239746
reaction:2774,t-BuXPhos,3,t-BuXPhos,1.152603634,30.424705505371094,18.47719383239746
reaction:2775,t-BuXPhos,3,t-BuXPhos,46.21141257,30.424705505371094,18.47719383239746
reaction:2776,t-BuXPhos,3,t-BuXPhos,44.40779423,30.424705505371094,18.47719383239746
reaction:2777,t-BuXPhos,3,t-BuXPhos,3.864236463,30.424705505371094,18.47719383239746
reaction:2778,t-BuXPhos,3,t-BuXPhos,69.25619095,30.424705505371094,18.47719383239746
reaction:2779,t-BuXPhos,3,t-BuXPhos,68.71737558,30.424705505371094,18.47719383239746
reaction:2780,t-BuXPhos,3,t-BuXPhos,82.51131881,30.424705505371094,18.47719383239746
reaction:2781,t-BuXPhos,3,t-BuXPhos,84.42429873,30.424705505371094,18.47719383239746
reaction:2782,t-BuXPhos,3,t-BuXPhos,83.82528245,30.424705505371094,18.47719383239746
reaction:2783,t-BuXPhos,3,t-BuXPhos,33.61928283,30.424705505371094,18.47719383239746
reaction:2784,t-BuXPhos,3,t-BuXPhos,76.73725946,30.424705505371094,18.47719383239746
reaction:2785,t-BuXPhos,3,t-BuXPhos,78.2529931,30.424705505371094,18.47719383239746
reaction:2786,t-BuXPhos,3,t-BuXPhos,33.44709826,30.424705505371094,18.47719383239746
reaction:2787,t-BuXPhos,3,t-BuXPhos,36.56526068,30.424705505371094,18.47719383239746
reaction:2788,t-BuXPhos,3,t-BuXPhos,39.55792883,30.424705505371094,18.47719383239746
reaction:2789,t-BuXPhos,3,t-BuXPhos,8.38964842,30.424705505371094,18.47719383239746
reaction:2790,t-BuXPhos,3,t-BuXPhos,65.92742304,30.424705505371094,18.47719383239746
reaction:2791,t-BuXPhos,3,t-BuXPhos,63.53284655,30.424705505371094,18.47719383239746
reaction:2792,t-BuXPhos,3,t-BuXPhos,9.771808987,30.424705505371094,18.47719383239746
reaction:2793,t-BuXPhos,3,t-BuXPhos,64.80559966,30.424705505371094,18.47719383239746
reaction:2794,t-BuXPhos,3,t-BuXPhos,63.41514905,30.424705505371094,18.47719383239746
reaction:2795,t-BuXPhos,3,t-BuXPhos,62.46560879,30.424705505371094,18.47719383239746
reaction:2796,t-BuXPhos,3,t-BuXPhos,64.57811697,30.424705505371094,18.47719383239746
reaction:2797,t-BuXPhos,3,t-BuXPhos,63.222267,30.424705505371094,18.47719383239746
reaction:2798,t-BuXPhos,3,t-BuXPhos,65.33671460000001,30.424705505371094,18.47719383239746
reaction:2799,t-BuXPhos,3,t-BuXPhos,72.70586315,30.424705505371094,18.47719383239746
reaction:2800,t-BuXPhos,3,t-BuXPhos,76.79526891,30.424705505371094,18.47719383239746
reaction:2801,t-BuXPhos,3,t-BuXPhos,33.27025402,30.424705505371094,18.47719383239746
reaction:2802,t-BuXPhos,3,t-BuXPhos,39.35320613,30.424705505371094,18.47719383239746
reaction:2803,t-BuXPhos,3,t-BuXPhos,39.02512557,30.424705505371094,18.47719383239746
reaction:2804,t-BuXPhos,3,t-BuXPhos,41.03794598,30.424705505371094,18.47719383239746
reaction:2805,t-BuXPhos,3,t-BuXPhos,57.95486785,30.424705505371094,18.47719383239746
reaction:2806,t-BuXPhos,3,t-BuXPhos,52.14546944,30.424705505371094,18.47719383239746
reaction:2807,t-BuXPhos,3,t-BuXPhos,5.06261629,30.424705505371094,18.47719383239746
reaction:2808,t-BuXPhos,3,t-BuXPhos,57.19204969,30.424705505371094,18.47719383239746
reaction:2809,t-BuXPhos,3,t-BuXPhos,59.81582481,30.424705505371094,18.47719383239746
reaction:2810,t-BuXPhos,3,t-BuXPhos,62.39976577,30.424705505371094,18.47719383239746
reaction:2811,t-BuXPhos,3,t-BuXPhos,66.50686069,30.424705505371094,18.47719383239746
reaction:2812,t-BuXPhos,3,t-BuXPhos,62.22086343,30.424705505371094,18.47719383239746
reaction:2813,t-BuXPhos,3,t-BuXPhos,37.522573,30.424705505371094,18.47719383239746
reaction:2814,t-BuXPhos,3,t-BuXPhos,60.65973957,30.424705505371094,18.47719383239746
reaction:2815,t-BuXPhos,3,t-BuXPhos,65.9488999,30.424705505371094,18.47719383239746
reaction:2816,t-BuXPhos,3,t-BuXPhos,37.07516302,30.424705505371094,18.47719383239746
reaction:2817,t-BuXPhos,3,t-BuXPhos,39.89366621,30.424705505371094,18.47719383239746
reaction:2818,t-BuXPhos,3,t-BuXPhos,41.55598689,30.424705505371094,18.47719383239746
reaction:2819,t-BuXPhos,3,t-BuXPhos,42.05804129999999,30.424705505371094,18.47719383239746
reaction:2820,t-BuXPhos,3,t-BuXPhos,66.26538653,30.424705505371094,18.47719383239746
reaction:2821,t-BuXPhos,3,t-BuXPhos,56.80622374,30.424705505371094,18.47719383239746
reaction:2822,t-BuXPhos,3,t-BuXPhos,5.460903942000001,30.424705505371094,18.47719383239746
reaction:2823,t-BuXPhos,3,t-BuXPhos,69.07936453,30.424705505371094,18.47719383239746
reaction:2824,t-BuXPhos,3,t-BuXPhos,67.52036403,30.424705505371094,18.47719383239746
reaction:2825,t-BuXPhos,3,t-BuXPhos,84.81458604,30.424705505371094,18.47719383239746
reaction:2826,t-BuXPhos,3,t-BuXPhos,83.82537223,30.424705505371094,18.47719383239746
reaction:2827,t-BuXPhos,3,t-BuXPhos,85.99469652,30.424705505371094,18.47719383239746
reaction:2828,t-BuXPhos,3,t-BuXPhos,45.19876304,30.424705505371094,18.47719383239746
reaction:2829,t-BuXPhos,3,t-BuXPhos,78.63353277,30.424705505371094,18.47719383239746
reaction:2830,t-BuXPhos,3,t-BuXPhos,81.63071985,30.424705505371094,18.47719383239746
reaction:2831,t-BuXPhos,3,t-BuXPhos,17.50108516,30.424705505371094,18.47719383239746
reaction:2832,t-BuXPhos,3,t-BuXPhos,38.94339394,30.424705505371094,18.47719383239746
reaction:2833,t-BuXPhos,3,t-BuXPhos,40.11142329,30.424705505371094,18.47719383239746
reaction:2834,t-BuXPhos,3,t-BuXPhos,0.0,30.424705505371094,18.47719383239746
reaction:2835,t-BuXPhos,3,t-BuXPhos,42.74477554,30.424705505371094,18.47719383239746
reaction:2836,t-BuXPhos,3,t-BuXPhos,44.8781348,30.424705505371094,18.47719383239746
reaction:2837,t-BuXPhos,3,t-BuXPhos,0.6491105420000001,30.424705505371094,18.47719383239746
reaction:2838,t-BuXPhos,3,t-BuXPhos,65.57301901,30.424705505371094,18.47719383239746
reaction:2839,t-BuXPhos,3,t-BuXPhos,66.67600965,30.424705505371094,18.47719383239746
reaction:2840,t-BuXPhos,3,t-BuXPhos,70.24905586,30.424705505371094,18.47719383239746
reaction:2841,t-BuXPhos,3,t-BuXPhos,69.97972982,30.424705505371094,18.47719383239746
reaction:2842,t-BuXPhos,3,t-BuXPhos,75.73582011,30.424705505371094,18.47719383239746
reaction:2843,t-BuXPhos,3,t-BuXPhos,8.776630532999999,30.424705505371094,18.47719383239746
reaction:2844,t-BuXPhos,3,t-BuXPhos,74.07785582,30.424705505371094,18.47719383239746
reaction:2845,t-BuXPhos,3,t-BuXPhos,75.28558302,30.424705505371094,18.47719383239746
reaction:2846,t-BuXPhos,3,t-BuXPhos,12.26279814,30.424705505371094,18.47719383239746
reaction:2847,t-BuXPhos,3,t-BuXPhos,37.31441052,30.424705505371094,18.47719383239746
reaction:2848,t-BuXPhos,3,t-BuXPhos,36.58867026,30.424705505371094,18.47719383239746
reaction:2849,t-BuXPhos,3,t-BuXPhos,0.0,30.424705505371094,18.47719383239746
reaction:2850,t-BuXPhos,3,t-BuXPhos,38.66523027,30.424705505371094,18.47719383239746
reaction:2851,t-BuXPhos,3,t-BuXPhos,31.57364304,30.424705505371094,18.47719383239746
reaction:2852,t-BuXPhos,3,t-BuXPhos,0.638545637,30.424705505371094,18.47719383239746
reaction:2853,t-BuXPhos,3,t-BuXPhos,57.71086681,30.424705505371094,18.47719383239746
reaction:2854,t-BuXPhos,3,t-BuXPhos,59.93143231,30.424705505371094,18.47719383239746
reaction:2855,t-BuXPhos,3,t-BuXPhos,61.82340519,30.424705505371094,18.47719383239746
reaction:2856,t-BuXPhos,3,t-BuXPhos,71.09717455,30.424705505371094,18.47719383239746
reaction:2857,t-BuXPhos,3,t-BuXPhos,59.66718586,30.424705505371094,18.47719383239746
reaction:2858,t-BuXPhos,3,t-BuXPhos,6.7680647810000005,30.424705505371094,18.47719383239746
reaction:2859,t-BuXPhos,3,t-BuXPhos,63.07769687,30.424705505371094,18.47719383239746
reaction:2860,t-BuXPhos,3,t-BuXPhos,68.10761052,30.424705505371094,18.47719383239746
reaction:2861,t-BuXPhos,3,t-BuXPhos,12.21708819,30.424705505371094,18.47719383239746
reaction:2862,t-BuXPhos,3,t-BuXPhos,40.36775448,30.424705505371094,18.47719383239746
reaction:2863,t-BuXPhos,3,t-BuXPhos,42.68363634,30.424705505371094,18.47719383239746
reaction:2864,t-BuXPhos,3,t-BuXPhos,0.0,30.424705505371094,18.47719383239746
reaction:2865,t-BuXPhos,3,t-BuXPhos,47.71503964,30.424705505371094,18.47719383239746
reaction:2866,t-BuXPhos,3,t-BuXPhos,44.37252425,30.424705505371094,18.47719383239746
reaction:2867,t-BuXPhos,3,t-BuXPhos,0.609947969,30.424705505371094,18.47719383239746
reaction:2868,t-BuXPhos,3,t-BuXPhos,70.19925962,30.424705505371094,18.47719383239746
reaction:2869,t-BuXPhos,3,t-BuXPhos,65.42133393,30.424705505371094,18.47719383239746
reaction:2870,t-BuXPhos,3,t-BuXPhos,84.64975432,30.424705505371094,18.47719383239746
reaction:2871,t-BuXPhos,3,t-BuXPhos,83.38501147,30.424705505371094,18.47719383239746
reaction:2872,t-BuXPhos,3,t-BuXPhos,86.49714531,30.424705505371094,18.47719383239746
reaction:2873,t-BuXPhos,3,t-BuXPhos,0.0,30.424705505371094,18.47719383239746
reaction:2874,t-BuXPhos,3,t-BuXPhos,78.00288409,30.424705505371094,18.47719383239746
reaction:2875,t-BuXPhos,3,t-BuXPhos,79.34654649,30.424705505371094,18.47719383239746
reaction:2876,t-BuBrettPhos,2,t-BuBrettPhos,7.147036957999999,31.568769454956055,19.021404266357422
reaction:2877,t-BuBrettPhos,2,t-BuBrettPhos,28.25277351,31.587059020996094,19.021404266357422
reaction:2878,t-BuBrettPhos,2,t-BuBrettPhos,34.79607292,31.59980010986328,19.021404266357422
reaction:2879,t-BuBrettPhos,2,t-BuBrettPhos,0.4713272579999999,31.561649322509766,19.021406173706055
reaction:2880,t-BuBrettPhos,2,t-BuBrettPhos,38.40946204,31.603282928466797,19.021404266357422
reaction:2881,t-BuBrettPhos,2,t-BuBrettPhos,42.82874785,31.611711502075195,19.021404266357422
reaction:2882,t-BuBrettPhos,2,t-BuBrettPhos,6.975926865,31.563343048095703,19.021404266357422
reaction:2883,t-BuBrettPhos,2,t-BuBrettPhos,54.39040243,31.624448776245117,19.021404266357422
reaction:2884,t-BuBrettPhos,2,t-BuBrettPhos,68.43167679,31.630943298339844,19.021404266357422
reaction:2885,t-BuBrettPhos,2,t-BuBrettPhos,70.51359377,31.627086639404297,19.021404266357422
reaction:2886,t-BuBrettPhos,2,t-BuBrettPhos,72.16100406,31.63231658935547,19.021404266357422
reaction:2887,t-BuBrettPhos,2,t-BuBrettPhos,78.28452045,31.636917114257812,19.021404266357422
reaction:2888,t-BuBrettPhos,2,t-BuBrettPhos,6.877576478,31.56978988647461,19.021404266357422
reaction:2889,t-BuBrettPhos,2,t-BuBrettPhos,47.63735715,31.605382919311523,19.021404266357422
reaction:2890,t-BuBrettPhos,2,t-BuBrettPhos,52.16406686,31.61998176574707,19.021404266357422
reaction:2891,t-BuBrettPhos,2,t-BuBrettPhos,3.849200649,31.56379508972168,19.021404266357422
reaction:2892,t-BuBrettPhos,2,t-BuBrettPhos,35.33279168,31.58710289001465,19.021404266357422
reaction:2893,t-BuBrettPhos,2,t-BuBrettPhos,37.62624076,31.596925735473633,19.02140235900879
reaction:2894,t-BuBrettPhos,2,t-BuBrettPhos,0.0,31.560935974121094,19.021404266357422
reaction:2895,t-BuBrettPhos,2,t-BuBrettPhos,25.94389985,31.583345413208008,19.02140235900879
reaction:2896,t-BuBrettPhos,2,t-BuBrettPhos,42.12607272,31.599159240722656,19.02140235900879
reaction:2897,t-BuBrettPhos,2,t-BuBrettPhos,3.554195282,31.56124496459961,19.021404266357422
reaction:2898,t-BuBrettPhos,2,t-BuBrettPhos,50.4472159,31.598730087280273,19.021404266357422
reaction:2899,t-BuBrettPhos,2,t-BuBrettPhos,62.03548199,31.6212215423584,19.021404266357422
reaction:2900,t-BuBrettPhos,2,t-BuBrettPhos,55.58164705,31.58905601501465,19.021404266357422
reaction:2901,t-BuBrettPhos,2,t-BuBrettPhos,56.60877307,31.600217819213867,19.021404266357422
reaction:2902,t-BuBrettPhos,2,t-BuBrettPhos,69.52780108,31.611787796020508,19.021404266357422
reaction:2903,t-BuBrettPhos,2,t-BuBrettPhos,2.7908224180000003,31.56357765197754,19.021404266357422
reaction:2904,t-BuBrettPhos,2,t-BuBrettPhos,55.60412419,31.61048126220703,19.02140235900879
reaction:2905,t-BuBrettPhos,2,t-BuBrettPhos,65.50667277,31.623733520507812,19.02140235900879
reaction:2906,t-BuBrettPhos,2,t-BuBrettPhos,3.638207936,31.565820693969727,19.021404266357422
reaction:2907,t-BuBrettPhos,2,t-BuBrettPhos,35.20060583,31.59329605102539,19.021404266357422
reaction:2908,t-BuBrettPhos,2,t-BuBrettPhos,40.48594286,31.606739044189453,19.02140235900879
reaction:2909,t-BuBrettPhos,2,t-BuBrettPhos,0.0,31.561128616333008,19.021404266357422
reaction:2910,t-BuBrettPhos,2,t-BuBrettPhos,31.9378098,31.593914031982422,19.02140235900879
reaction:2911,t-BuBrettPhos,2,t-BuBrettPhos,49.97942971,31.60916519165039,19.02140235900879
reaction:2912,t-BuBrettPhos,2,t-BuBrettPhos,4.04132523,31.561538696289062,19.021404266357422
reaction:2913,t-BuBrettPhos,2,t-BuBrettPhos,55.23935567,31.614973068237305,19.021404266357422
reaction:2914,t-BuBrettPhos,2,t-BuBrettPhos,71.83207772,31.635772705078125,19.021404266357422
reaction:2915,t-BuBrettPhos,2,t-BuBrettPhos,71.00136701,31.61859893798828,19.021404266357422
reaction:2916,t-BuBrettPhos,2,t-BuBrettPhos,80.78104004,31.63225555419922,19.021404266357422
reaction:2917,t-BuBrettPhos,2,t-BuBrettPhos,91.13914928,31.64879035949707,19.021404266357422
reaction:2918,t-BuBrettPhos,2,t-BuBrettPhos,2.354282195,31.56478500366211,19.021404266357422
reaction:2919,t-BuBrettPhos,2,t-BuBrettPhos,72.70181754,31.6273136138916,19.02140235900879
reaction:2920,t-BuBrettPhos,2,t-BuBrettPhos,81.99763098,31.645023345947266,19.02140235900879
reaction:2921,t-BuBrettPhos,2,t-BuBrettPhos,1.2229069259999998,31.565021514892578,19.021404266357422
reaction:2922,t-BuBrettPhos,2,t-BuBrettPhos,24.60563466,31.581684112548828,19.021404266357422
reaction:2923,t-BuBrettPhos,2,t-BuBrettPhos,33.55651029,31.59466552734375,19.021404266357422
reaction:2924,t-BuBrettPhos,2,t-BuBrettPhos,0.0,31.561368942260742,19.021406173706055
reaction:2925,t-BuBrettPhos,2,t-BuBrettPhos,46.67086698,31.602535247802734,19.021404266357422
reaction:2926,t-BuBrettPhos,2,t-BuBrettPhos,49.72808893,31.610754013061523,19.021404266357422
reaction:2927,t-BuBrettPhos,2,t-BuBrettPhos,7.810317962999999,31.562036514282227,19.021404266357422
reaction:2928,t-BuBrettPhos,2,t-BuBrettPhos,64.56169067,31.62314224243164,19.021404266357422
reaction:2929,t-BuBrettPhos,2,t-BuBrettPhos,69.13688603,31.62786293029785,19.021404266357422
reaction:2930,t-BuBrettPhos,2,t-BuBrettPhos,80.28534176,31.62643051147461,19.021404266357422
reaction:2931,t-BuBrettPhos,2,t-BuBrettPhos,77.62777181,31.630098342895508,19.021404266357422
reaction:2932,t-BuBrettPhos,2,t-BuBrettPhos,82.33244396,31.63584327697754,19.021404266357422
reaction:2933,t-BuBrettPhos,2,t-BuBrettPhos,0.0,31.5647029876709,19.021404266357422
reaction:2934,t-BuBrettPhos,2,t-BuBrettPhos,35.33291059,31.592262268066406,19.021404266357422
reaction:2935,t-BuBrettPhos,2,t-BuBrettPhos,55.96628365,31.619489669799805,19.021404266357422
reaction:2936,t-BuBrettPhos,2,t-BuBrettPhos,13.70204119,31.56736183166504,19.021404266357422
reaction:2937,t-BuBrettPhos,2,t-BuBrettPhos,37.08529427,31.592483520507812,19.021404266357422
reaction:2938,t-BuBrettPhos,2,t-BuBrettPhos,36.0162633,31.59814453125,19.021404266357422
reaction:2939,t-BuBrettPhos,2,t-BuBrettPhos,0.0,31.561243057250977,19.021404266357422
reaction:2940,t-BuBrettPhos,2,t-BuBrettPhos,34.74723042,31.590543746948242,19.021404266357422
reaction:2941,t-BuBrettPhos,2,t-BuBrettPhos,40.08752213,31.601505279541016,19.021404266357422
reaction:2942,t-BuBrettPhos,2,t-BuBrettPhos,4.7108856,31.561655044555664,19.021404266357422
reaction:2943,t-BuBrettPhos,2,t-BuBrettPhos,59.00727735,31.606712341308594,19.021404266357422
reaction:2944,t-BuBrettPhos,2,t-BuBrettPhos,60.61766338,31.623882293701172,19.021404266357422
reaction:2945,t-BuBrettPhos,2,t-BuBrettPhos,56.33395035,31.597402572631836,19.021404266357422
reaction:2946,t-BuBrettPhos,2,t-BuBrettPhos,60.94658978,31.605926513671875,19.021404266357422
reaction:2947,t-BuBrettPhos,2,t-BuBrettPhos,63.37225968,31.614404678344727,19.021404266357422
reaction:2948,t-BuBrettPhos,2,t-BuBrettPhos,8.39178019,31.56598472595215,19.021404266357422
reaction:2949,t-BuBrettPhos,2,t-BuBrettPhos,56.79309437,31.6146240234375,19.021404266357422
reaction:2950,t-BuBrettPhos,2,t-BuBrettPhos,61.57150807,31.624515533447266,19.021404266357422
reaction:2951,t-BuBrettPhos,2,t-BuBrettPhos,11.32681683,31.569311141967773,19.021404266357422
reaction:2952,t-BuBrettPhos,2,t-BuBrettPhos,38.5374711,31.598997116088867,19.021404266357422
reaction:2953,t-BuBrettPhos,2,t-BuBrettPhos,41.728023,31.608400344848633,19.021404266357422
reaction:2954,t-BuBrettPhos,2,t-BuBrettPhos,0.0,31.561513900756836,19.021404266357422
reaction:2955,t-BuBrettPhos,2,t-BuBrettPhos,46.19860459,31.601654052734375,19.021404266357422
reaction:2956,t-BuBrettPhos,2,t-BuBrettPhos,49.53018855,31.612064361572266,19.021404266357422
reaction:2957,t-BuBrettPhos,2,t-BuBrettPhos,4.961974313,31.562028884887695,19.021404266357422
reaction:2958,t-BuBrettPhos,2,t-BuBrettPhos,70.71411309999999,31.623668670654297,19.021404266357422
reaction:2959,t-BuBrettPhos,2,t-BuBrettPhos,71.82751675,31.638837814331055,19.021404266357422
reaction:2960,t-BuBrettPhos,2,t-BuBrettPhos,86.6996801,31.62797737121582,19.021404266357422
reaction:2961,t-BuBrettPhos,2,t-BuBrettPhos,84.33974431,31.638450622558594,19.021404266357422
reaction:2962,t-BuBrettPhos,2,t-BuBrettPhos,89.12987666,31.651254653930664,19.021404266357422
reaction:2963,t-BuBrettPhos,2,t-BuBrettPhos,6.458217991000001,31.56728172302246,19.021404266357422
reaction:2964,t-BuBrettPhos,2,t-BuBrettPhos,76.47373216,31.632387161254883,19.021404266357422
reaction:2965,t-BuBrettPhos,2,t-BuBrettPhos,83.59935968,31.645557403564453,19.021404266357422
reaction:2966,t-BuBrettPhos,2,t-BuBrettPhos,14.29478531,31.568763732910156,19.021406173706055
reaction:2967,t-BuBrettPhos,2,t-BuBrettPhos,28.32846401,31.581789016723633,19.021406173706055
reaction:2968,t-BuBrettPhos,2,t-BuBrettPhos,36.31466019,31.59581756591797,19.021406173706055
reaction:2969,t-BuBrettPhos,2,t-BuBrettPhos,7.206982067,31.570425033569336,19.021408081054688
reaction:2970,t-BuBrettPhos,2,t-BuBrettPhos,57.87284649,31.622066497802734,19.021406173706055
reaction:2971,t-BuBrettPhos,2,t-BuBrettPhos,60.98476598,31.623966217041016,19.021404266357422
reaction:2972,t-BuBrettPhos,2,t-BuBrettPhos,9.444894792,31.564666748046875,19.021406173706055
reaction:2973,t-BuBrettPhos,2,t-BuBrettPhos,65.10791868,31.629716873168945,19.021404266357422
reaction:2974,t-BuBrettPhos,2,t-BuBrettPhos,72.37220718,31.629484176635742,19.021404266357422
reaction:2975,t-BuBrettPhos,2,t-BuBrettPhos,78.76794462,31.632213592529297,19.021404266357422
reaction:2976,t-BuBrettPhos,2,t-BuBrettPhos,77.82985513,31.6334285736084,19.021404266357422
reaction:2977,t-BuBrettPhos,2,t-BuBrettPhos,79.30639259,31.638391494750977,19.021406173706055
reaction:2978,t-BuBrettPhos,2,t-BuBrettPhos,6.010382761,31.569137573242188,19.021406173706055
reaction:2979,t-BuBrettPhos,2,t-BuBrettPhos,37.26514805,31.592926025390625,19.021406173706055
reaction:2980,t-BuBrettPhos,2,t-BuBrettPhos,54.37431586,31.621835708618164,19.021406173706055
reaction:2981,t-BuBrettPhos,2,t-BuBrettPhos,27.94500953,31.578733444213867,19.021404266357422
reaction:2982,t-BuBrettPhos,2,t-BuBrettPhos,36.81475234,31.59455680847168,19.021404266357422
reaction:2983,t-BuBrettPhos,2,t-BuBrettPhos,36.76661903,31.597251892089844,19.021404266357422
reaction:2984,t-BuBrettPhos,2,t-BuBrettPhos,39.97323526,31.5992374420166,19.021406173706055
reaction:2985,t-BuBrettPhos,2,t-BuBrettPhos,57.13220837,31.613452911376953,19.021404266357422
reaction:2986,t-BuBrettPhos,2,t-BuBrettPhos,60.30536067,31.616228103637695,19.021404266357422
reaction:2987,t-BuBrettPhos,2,t-BuBrettPhos,7.74850436,31.563800811767578,19.021406173706055
reaction:2988,t-BuBrettPhos,2,t-BuBrettPhos,57.9781308,31.614906311035156,19.021404266357422
reaction:2989,t-BuBrettPhos,2,t-BuBrettPhos,66.51493362,31.6225528717041,19.021406173706055
reaction:2990,t-BuBrettPhos,2,t-BuBrettPhos,58.92871095,31.604732513427734,19.021406173706055
reaction:2991,t-BuBrettPhos,2,t-BuBrettPhos,59.21092574,31.608930587768555,19.021406173706055
reaction:2992,t-BuBrettPhos,2,t-BuBrettPhos,60.412252,31.614959716796875,19.021406173706055
reaction:2993,t-BuBrettPhos,2,t-BuBrettPhos,32.73462184,31.58052635192871,19.021404266357422
reaction:2994,t-BuBrettPhos,2,t-BuBrettPhos,59.47851607,31.619070053100586,19.021404266357422
reaction:2995,t-BuBrettPhos,2,t-BuBrettPhos,64.00575958,31.624435424804688,19.021404266357422
reaction:2996,t-BuBrettPhos,2,t-BuBrettPhos,29.60669897,31.582365036010742,19.021404266357422
reaction:2997,t-BuBrettPhos,2,t-BuBrettPhos,38.03109863,31.60216522216797,19.021404266357422
reaction:2998,t-BuBrettPhos,2,t-BuBrettPhos,41.71330917,31.609357833862305,19.021404266357422
reaction:2999,t-BuBrettPhos,2,t-BuBrettPhos,41.98383636,31.601041793823242,19.021406173706055
reaction:3000,t-BuBrettPhos,2,t-BuBrettPhos,67.81431274,31.62625503540039,19.021404266357422
reaction:3001,t-BuBrettPhos,2,t-BuBrettPhos,65.94429183,31.62918472290039,19.021404266357422
reaction:3002,t-BuBrettPhos,2,t-BuBrettPhos,12.64243358,31.564546585083008,19.021406173706055
reaction:3003,t-BuBrettPhos,2,t-BuBrettPhos,74.21032846,31.634639739990234,19.021404266357422
reaction:3004,t-BuBrettPhos,2,t-BuBrettPhos,75.06056887,31.639793395996094,19.021406173706055
reaction:3005,t-BuBrettPhos,2,t-BuBrettPhos,90.99050642,31.63805389404297,19.021406173706055
reaction:3006,t-BuBrettPhos,2,t-BuBrettPhos,84.34096533,31.642053604125977,19.021406173706055
reaction:3007,t-BuBrettPhos,2,t-BuBrettPhos,88.72522624,31.65143394470215,19.021406173706055
reaction:3008,t-BuBrettPhos,2,t-BuBrettPhos,36.05104123,31.58463478088379,19.021404266357422
reaction:3009,t-BuBrettPhos,2,t-BuBrettPhos,77.28415340000001,31.63798713684082,19.021404266357422
reaction:3010,t-BuBrettPhos,2,t-BuBrettPhos,85.60572483,31.646400451660156,19.021404266357422
reaction:3011,t-BuBrettPhos,2,t-BuBrettPhos,1.637827855,31.5639591217041,19.021404266357422
reaction:3012,t-BuBrettPhos,2,t-BuBrettPhos,27.00233561,31.578950881958008,19.021404266357422
reaction:3013,t-BuBrettPhos,2,t-BuBrettPhos,31.38632484,31.591135025024414,19.021404266357422
reaction:3014,t-BuBrettPhos,2,t-BuBrettPhos,0.0,31.560976028442383,19.021406173706055
reaction:3015,t-BuBrettPhos,2,t-BuBrettPhos,38.20230031,31.5793514251709,19.021404266357422
reaction:3016,t-BuBrettPhos,2,t-BuBrettPhos,39.32745332,31.60327911376953,19.021404266357422
reaction:3017,t-BuBrettPhos,2,t-BuBrettPhos,4.950264204,31.561588287353516,19.021404266357422
reaction:3018,t-BuBrettPhos,2,t-BuBrettPhos,63.52683766,31.61107635498047,19.021404266357422
reaction:3019,t-BuBrettPhos,2,t-BuBrettPhos,64.23525691,31.620426177978516,19.021404266357422
reaction:3020,t-BuBrettPhos,2,t-BuBrettPhos,75.99606764,31.614065170288086,19.021404266357422
reaction:3021,t-BuBrettPhos,2,t-BuBrettPhos,73.60085469,31.619794845581055,19.021404266357422
reaction:3022,t-BuBrettPhos,2,t-BuBrettPhos,77.54678733,31.62685775756836,19.021404266357422
reaction:3023,t-BuBrettPhos,2,t-BuBrettPhos,0.970209889,31.563932418823242,19.021404266357422
reaction:3024,t-BuBrettPhos,2,t-BuBrettPhos,45.30338681,31.595958709716797,19.021404266357422
reaction:3025,t-BuBrettPhos,2,t-BuBrettPhos,49.87050942,31.610071182250977,19.021404266357422
reaction:3026,t-BuBrettPhos,2,t-BuBrettPhos,5.265059572,31.56258773803711,19.021404266357422
reaction:3027,t-BuBrettPhos,2,t-BuBrettPhos,36.39098731,31.586498260498047,19.021404266357422
reaction:3028,t-BuBrettPhos,2,t-BuBrettPhos,36.44138063,31.592634201049805,19.021404266357422
reaction:3029,t-BuBrettPhos,2,t-BuBrettPhos,0.0,31.56098175048828,19.021404266357422
reaction:3030,t-BuBrettPhos,2,t-BuBrettPhos,35.28694368,31.5771541595459,19.021404266357422
reaction:3031,t-BuBrettPhos,2,t-BuBrettPhos,42.09555031,31.595130920410156,19.021404266357422
reaction:3032,t-BuBrettPhos,2,t-BuBrettPhos,3.678633066,31.56109046936035,19.021404266357422
reaction:3033,t-BuBrettPhos,2,t-BuBrettPhos,50.63065751,31.593303680419922,19.021404266357422
reaction:3034,t-BuBrettPhos,2,t-BuBrettPhos,61.65083258,31.616230010986328,19.021404266357422
reaction:3035,t-BuBrettPhos,2,t-BuBrettPhos,52.72286451,31.584697723388672,19.021404266357422
reaction:3036,t-BuBrettPhos,2,t-BuBrettPhos,62.07451283,31.595552444458008,19.021404266357422
reaction:3037,t-BuBrettPhos,2,t-BuBrettPhos,61.80067802,31.608882904052734,19.021404266357422
reaction:3038,t-BuBrettPhos,2,t-BuBrettPhos,3.0359005960000003,31.56228256225586,19.021404266357422
reaction:3039,t-BuBrettPhos,2,t-BuBrettPhos,58.2347243,31.587934494018555,19.021404266357422
reaction:3040,t-BuBrettPhos,2,t-BuBrettPhos,66.48281999,31.619098663330078,19.021404266357422
reaction:3041,t-BuBrettPhos,2,t-BuBrettPhos,4.477162725,31.564491271972656,19.021404266357422
reaction:3042,t-BuBrettPhos,2,t-BuBrettPhos,37.34827699,31.591983795166016,19.021404266357422
reaction:3043,t-BuBrettPhos,2,t-BuBrettPhos,41.73289196,31.60221290588379,19.021404266357422
reaction:3044,t-BuBrettPhos,2,t-BuBrettPhos,0.0,31.561176300048828,19.021404266357422
reaction:3045,t-BuBrettPhos,2,t-BuBrettPhos,37.72387007,31.58700180053711,19.021404266357422
reaction:3046,t-BuBrettPhos,2,t-BuBrettPhos,49.04564688,31.604938507080078,19.021404266357422
reaction:3047,t-BuBrettPhos,2,t-BuBrettPhos,4.390150349,31.561386108398438,19.021404266357422
reaction:3048,t-BuBrettPhos,2,t-BuBrettPhos,57.96795904,31.608932495117188,19.021404266357422
reaction:3049,t-BuBrettPhos,2,t-BuBrettPhos,73.57415684,31.630651473999023,19.021404266357422
reaction:3050,t-BuBrettPhos,2,t-BuBrettPhos,74.69880742,31.613611221313477,19.021404266357422
reaction:3051,t-BuBrettPhos,2,t-BuBrettPhos,87.52908706,31.626848220825195,19.021404266357422
reaction:3052,t-BuBrettPhos,2,t-BuBrettPhos,89.61417594,31.645112991333008,19.021404266357422
reaction:3053,t-BuBrettPhos,2,t-BuBrettPhos,2.405254053,31.563596725463867,19.021404266357422
reaction:3054,t-BuBrettPhos,2,t-BuBrettPhos,77.09161451,31.61178207397461,19.021404266357422
reaction:3055,t-BuBrettPhos,2,t-BuBrettPhos,83.01646677,31.640968322753906,19.021404266357422
reaction:3056,AdBrettPhos,0,AdBrettPhos,6.891124522,32.92903518676758,18.66130828857422
reaction:3057,AdBrettPhos,0,AdBrettPhos,24.99527669,32.92903518676758,18.66130828857422
reaction:3058,AdBrettPhos,0,AdBrettPhos,37.54624547,32.92903518676758,18.66130828857422
reaction:3059,AdBrettPhos,0,AdBrettPhos,0.7063810420000001,32.92903518676758,18.66130828857422
reaction:3060,AdBrettPhos,0,AdBrettPhos,42.52691913,32.92903518676758,18.66130828857422
reaction:3061,AdBrettPhos,0,AdBrettPhos,47.95299992,32.92903518676758,18.66130828857422
reaction:3062,AdBrettPhos,0,AdBrettPhos,2.294941324,32.92903518676758,18.66130828857422
reaction:3063,AdBrettPhos,0,AdBrettPhos,62.78571552,32.92903518676758,18.66130828857422
reaction:3064,AdBrettPhos,0,AdBrettPhos,69.97034068,32.92903518676758,18.66130828857422
reaction:3065,AdBrettPhos,0,AdBrettPhos,74.06067797,32.92903518676758,18.66130828857422
reaction:3066,AdBrettPhos,0,AdBrettPhos,77.51023369,32.92903518676758,18.66130828857422
reaction:3067,AdBrettPhos,0,AdBrettPhos,80.90631241,32.92903518676758,18.66130828857422
reaction:3068,AdBrettPhos,0,AdBrettPhos,8.332944957,32.92903518676758,18.66130828857422
reaction:3069,AdBrettPhos,0,AdBrettPhos,47.89881593,32.92903518676758,18.66130828857422
reaction:3070,AdBrettPhos,0,AdBrettPhos,61.03423565,32.92903518676758,18.66130828857422
reaction:3071,AdBrettPhos,0,AdBrettPhos,3.42165598,32.92903518676758,18.66130828857422
reaction:3072,AdBrettPhos,0,AdBrettPhos,26.24845362,32.92903518676758,18.66130828857422
reaction:3073,AdBrettPhos,0,AdBrettPhos,39.43512545,32.92903518676758,18.66130828857422
reaction:3074,AdBrettPhos,0,AdBrettPhos,0.0,32.92903518676758,18.66130828857422
reaction:3075,AdBrettPhos,0,AdBrettPhos,23.50114845,32.92903518676758,18.66130828857422
reaction:3076,AdBrettPhos,0,AdBrettPhos,39.99682926,32.92903518676758,18.66130828857422
reaction:3077,AdBrettPhos,0,AdBrettPhos,0.695599064,32.92903518676758,18.66130828857422
reaction:3078,AdBrettPhos,0,AdBrettPhos,39.03126202,32.92903518676758,18.66130828857422
reaction:3079,AdBrettPhos,0,AdBrettPhos,61.69857953,32.92903518676758,18.66130828857422
reaction:3080,AdBrettPhos,0,AdBrettPhos,27.69709095,32.92903518676758,18.66130828857422
reaction:3081,AdBrettPhos,0,AdBrettPhos,36.62142901,32.92903518676758,18.66130828857422
reaction:3082,AdBrettPhos,0,AdBrettPhos,45.52130306,32.92903518676758,18.66130828857422
reaction:3083,AdBrettPhos,0,AdBrettPhos,2.782548169,32.92903518676758,18.66130828857422
reaction:3084,AdBrettPhos,0,AdBrettPhos,53.27735781,32.92903518676758,18.66130828857422
reaction:3085,AdBrettPhos,0,AdBrettPhos,64.8702395,32.92903518676758,18.66130828857422
reaction:3086,AdBrettPhos,0,AdBrettPhos,3.382805594,32.92903518676758,18.66130828857422
reaction:3087,AdBrettPhos,0,AdBrettPhos,31.53029931,32.92903518676758,18.66130828857422
reaction:3088,AdBrettPhos,0,AdBrettPhos,45.77926691,32.92903518676758,18.66130828857422
reaction:3089,AdBrettPhos,0,AdBrettPhos,0.0,32.92903518676758,18.66130828857422
reaction:3090,AdBrettPhos,0,AdBrettPhos,32.33228249,32.92903518676758,18.66130828857422
reaction:3091,AdBrettPhos,0,AdBrettPhos,49.75811265,32.92903518676758,18.66130828857422
reaction:3092,AdBrettPhos,0,AdBrettPhos,0.665471445,32.92903518676758,18.66130828857422
reaction:3093,AdBrettPhos,0,AdBrettPhos,50.28049867,32.92903518676758,18.66130828857422
reaction:3094,AdBrettPhos,0,AdBrettPhos,75.02467082,32.92903518676758,18.66130828857422
reaction:3095,AdBrettPhos,0,AdBrettPhos,52.59936901,32.92903518676758,18.66130828857422
reaction:3096,AdBrettPhos,0,AdBrettPhos,74.31911492,32.92903518676758,18.66130828857422
reaction:3097,AdBrettPhos,0,AdBrettPhos,92.11972779,32.92903518676758,18.66130828857422
reaction:3098,AdBrettPhos,0,AdBrettPhos,2.135901423,32.92903518676758,18.66130828857422
reaction:3099,AdBrettPhos,0,AdBrettPhos,64.185973,32.92903518676758,18.66130828857422
reaction:3100,AdBrettPhos,0,AdBrettPhos,85.22067267,32.92903518676758,18.66130828857422
reaction:3101,AdBrettPhos,0,AdBrettPhos,0.552049908,32.92903518676758,18.66130828857422
reaction:3102,AdBrettPhos,0,AdBrettPhos,15.46929664,32.92903518676758,18.66130828857422
reaction:3103,AdBrettPhos,0,AdBrettPhos,29.68665622,32.92903518676758,18.66130828857422
reaction:3104,AdBrettPhos,0,AdBrettPhos,0.0,32.92903518676758,18.66130828857422
reaction:3105,AdBrettPhos,0,AdBrettPhos,42.07740888,32.92903518676758,18.66130828857422
reaction:3106,AdBrettPhos,0,AdBrettPhos,50.20384511,32.92903518676758,18.66130828857422
reaction:3107,AdBrettPhos,0,AdBrettPhos,0.0,32.92903518676758,18.66130828857422
reaction:3108,AdBrettPhos,0,AdBrettPhos,63.12102891,32.92903518676758,18.66130828857422
reaction:3109,AdBrettPhos,0,AdBrettPhos,67.79255716,32.92903518676758,18.66130828857422
reaction:3110,AdBrettPhos,0,AdBrettPhos,74.22961906,32.92903518676758,18.66130828857422
reaction:3111,AdBrettPhos,0,AdBrettPhos,75.06901133,32.92903518676758,18.66130828857422
reaction:3112,AdBrettPhos,0,AdBrettPhos,83.08232968,32.92903518676758,18.66130828857422
reaction:3113,AdBrettPhos,0,AdBrettPhos,0.0,32.92903518676758,18.66130828857422
reaction:3114,AdBrettPhos,0,AdBrettPhos,22.62644976,32.92903518676758,18.66130828857422
reaction:3115,AdBrettPhos,0,AdBrettPhos,62.72600186,32.92903518676758,18.66130828857422
reaction:3116,AdBrettPhos,0,AdBrettPhos,8.178111662000001,32.92903518676758,18.66130828857422
reaction:3117,AdBrettPhos,0,AdBrettPhos,33.60174029,32.92903518676758,18.66130828857422
reaction:3118,AdBrettPhos,0,AdBrettPhos,39.12761896,32.92903518676758,18.66130828857422
reaction:3119,AdBrettPhos,0,AdBrettPhos,0.0,32.92903518676758,18.66130828857422
reaction:3120,AdBrettPhos,0,AdBrettPhos,32.36655355,32.92903518676758,18.66130828857422
reaction:3121,AdBrettPhos,0,AdBrettPhos,40.59375347,32.92903518676758,18.66130828857422
reaction:3122,AdBrettPhos,0,AdBrettPhos,0.817066768,32.92903518676758,18.66130828857422
reaction:3123,AdBrettPhos,0,AdBrettPhos,50.58160419,32.92903518676758,18.66130828857422
reaction:3124,AdBrettPhos,0,AdBrettPhos,63.72449893,32.92903518676758,18.66130828857422
reaction:3125,AdBrettPhos,0,AdBrettPhos,33.94683682,32.92903518676758,18.66130828857422
reaction:3126,AdBrettPhos,0,AdBrettPhos,41.28086675,32.92903518676758,18.66130828857422
reaction:3127,AdBrettPhos,0,AdBrettPhos,47.58772845,32.92903518676758,18.66130828857422
reaction:3128,AdBrettPhos,0,AdBrettPhos,5.956665819,32.92903518676758,18.66130828857422
reaction:3129,AdBrettPhos,0,AdBrettPhos,57.2826498,32.92903518676758,18.66130828857422
reaction:3130,AdBrettPhos,0,AdBrettPhos,64.80074025,32.92903518676758,18.66130828857422
reaction:3131,AdBrettPhos,0,AdBrettPhos,7.126598877999999,32.92903518676758,18.66130828857422
reaction:3132,AdBrettPhos,0,AdBrettPhos,37.93567028,32.92903518676758,18.66130828857422
reaction:3133,AdBrettPhos,0,AdBrettPhos,45.20399384,32.92903518676758,18.66130828857422
reaction:3134,AdBrettPhos,0,AdBrettPhos,0.0,32.92903518676758,18.66130828857422
reaction:3135,AdBrettPhos,0,AdBrettPhos,41.28466002,32.92903518676758,18.66130828857422
reaction:3136,AdBrettPhos,0,AdBrettPhos,49.61017751,32.92903518676758,18.66130828857422
reaction:3137,AdBrettPhos,0,AdBrettPhos,0.789038452,32.92903518676758,18.66130828857422
reaction:3138,AdBrettPhos,0,AdBrettPhos,63.68559531,32.92903518676758,18.66130828857422
reaction:3139,AdBrettPhos,0,AdBrettPhos,73.08177999,32.92903518676758,18.66130828857422
reaction:3140,AdBrettPhos,0,AdBrettPhos,72.98033012,32.92903518676758,18.66130828857422
reaction:3141,AdBrettPhos,0,AdBrettPhos,82.64502167,32.92903518676758,18.66130828857422
reaction:3142,AdBrettPhos,0,AdBrettPhos,90.64441503,32.92903518676758,18.66130828857422
reaction:3143,AdBrettPhos,0,AdBrettPhos,4.936303419,32.92903518676758,18.66130828857422
reaction:3144,AdBrettPhos,0,AdBrettPhos,73.81395251,32.92903518676758,18.66130828857422
reaction:3145,AdBrettPhos,0,AdBrettPhos,82.20776042,32.92903518676758,18.66130828857422
reaction:3146,AdBrettPhos,0,AdBrettPhos,4.618730656,32.92903518676758,18.66130828857422
reaction:3147,AdBrettPhos,0,AdBrettPhos,15.74680272,32.92903518676758,18.66130828857422
reaction:3148,AdBrettPhos,0,AdBrettPhos,30.87761179,32.92903518676758,18.66130828857422
reaction:3149,AdBrettPhos,0,AdBrettPhos,6.9705672320000005,32.92903518676758,18.66130828857422
reaction:3150,AdBrettPhos,0,AdBrettPhos,65.46891846,32.92903518676758,18.66130828857422
reaction:3151,AdBrettPhos,0,AdBrettPhos,66.01585424,32.92903518676758,18.66130828857422
reaction:3152,AdBrettPhos,0,AdBrettPhos,2.350274713,32.92903518676758,18.66130828857422
reaction:3153,AdBrettPhos,0,AdBrettPhos,70.85918563,32.92903518676758,18.66130828857422
reaction:3154,AdBrettPhos,0,AdBrettPhos,68.53030279,32.92903518676758,18.66130828857422
reaction:3155,AdBrettPhos,0,AdBrettPhos,76.3099624,32.92903518676758,18.66130828857422
reaction:3156,AdBrettPhos,0,AdBrettPhos,75.95426954,32.92903518676758,18.66130828857422
reaction:3157,AdBrettPhos,0,AdBrettPhos,82.34937004,32.92903518676758,18.66130828857422
reaction:3158,AdBrettPhos,0,AdBrettPhos,4.974394565,32.92903518676758,18.66130828857422
reaction:3159,AdBrettPhos,0,AdBrettPhos,25.79072036,32.92903518676758,18.66130828857422
reaction:3160,AdBrettPhos,0,AdBrettPhos,62.08187356,32.92903518676758,18.66130828857422
reaction:3161,AdBrettPhos,0,AdBrettPhos,19.16223306,32.92903518676758,18.66130828857422
reaction:3162,AdBrettPhos,0,AdBrettPhos,35.94447354,32.92903518676758,18.66130828857422
reaction:3163,AdBrettPhos,0,AdBrettPhos,37.90012178,32.92903518676758,18.66130828857422
reaction:3164,AdBrettPhos,0,AdBrettPhos,41.26452613,32.92903518676758,18.66130828857422
reaction:3165,AdBrettPhos,0,AdBrettPhos,59.06928985,32.92903518676758,18.66130828857422
reaction:3166,AdBrettPhos,0,AdBrettPhos,59.60099255,32.92903518676758,18.66130828857422
reaction:3167,AdBrettPhos,0,AdBrettPhos,2.42184546,32.92903518676758,18.66130828857422
reaction:3168,AdBrettPhos,0,AdBrettPhos,58.63301817,32.92903518676758,18.66130828857422
reaction:3169,AdBrettPhos,0,AdBrettPhos,63.99950596,32.92903518676758,18.66130828857422
reaction:3170,AdBrettPhos,0,AdBrettPhos,34.05189508,32.92903518676758,18.66130828857422
reaction:3171,AdBrettPhos,0,AdBrettPhos,41.4297554,32.92903518676758,18.66130828857422
reaction:3172,AdBrettPhos,0,AdBrettPhos,47.77426479,32.92903518676758,18.66130828857422
reaction:3173,AdBrettPhos,0,AdBrettPhos,20.34813867,32.92903518676758,18.66130828857422
reaction:3174,AdBrettPhos,0,AdBrettPhos,60.49224443,32.92903518676758,18.66130828857422
reaction:3175,AdBrettPhos,0,AdBrettPhos,63.88080478,32.92903518676758,18.66130828857422
reaction:3176,AdBrettPhos,0,AdBrettPhos,21.60119174,32.92903518676758,18.66130828857422
reaction:3177,AdBrettPhos,0,AdBrettPhos,38.59563351,32.92903518676758,18.66130828857422
reaction:3178,AdBrettPhos,0,AdBrettPhos,44.68109157,32.92903518676758,18.66130828857422
reaction:3179,AdBrettPhos,0,AdBrettPhos,44.14137034,32.92903518676758,18.66130828857422
reaction:3180,AdBrettPhos,0,AdBrettPhos,66.81498604,32.92903518676758,18.66130828857422
reaction:3181,AdBrettPhos,0,AdBrettPhos,68.24812709999999,32.92903518676758,18.66130828857422
reaction:3182,AdBrettPhos,0,AdBrettPhos,2.579355469,32.92903518676758,18.66130828857422
reaction:3183,AdBrettPhos,0,AdBrettPhos,74.10582409999999,32.92903518676758,18.66130828857422
reaction:3184,AdBrettPhos,0,AdBrettPhos,72.8478499,32.92903518676758,18.66130828857422
reaction:3185,AdBrettPhos,0,AdBrettPhos,89.07661609,32.92903518676758,18.66130828857422
reaction:3186,AdBrettPhos,0,AdBrettPhos,85.65923047,32.92903518676758,18.66130828857422
reaction:3187,AdBrettPhos,0,AdBrettPhos,94.15173815,32.92903518676758,18.66130828857422
reaction:3188,AdBrettPhos,0,AdBrettPhos,24.93961347,32.92903518676758,18.66130828857422
reaction:3189,AdBrettPhos,0,AdBrettPhos,80.06524350000001,32.92903518676758,18.66130828857422
reaction:3190,AdBrettPhos,0,AdBrettPhos,86.19820374,32.92903518676758,18.66130828857422
reaction:3191,AdBrettPhos,0,AdBrettPhos,1.252505333,32.92903518676758,18.66130828857422
reaction:3192,AdBrettPhos,0,AdBrettPhos,16.04849725,32.92903518676758,18.66130828857422
reaction:3193,AdBrettPhos,0,AdBrettPhos,30.7124479,32.92903518676758,18.66130828857422
reaction:3194,AdBrettPhos,0,AdBrettPhos,0.0,32.92903518676758,18.66130828857422
reaction:3195,AdBrettPhos,0,AdBrettPhos,0.0,32.92903518676758,18.66130828857422
reaction:3196,AdBrettPhos,0,AdBrettPhos,43.09475613,32.92903518676758,18.66130828857422
reaction:3197,AdBrettPhos,0,AdBrettPhos,0.0,32.92903518676758,18.66130828857422
reaction:3198,AdBrettPhos,0,AdBrettPhos,47.34816594,32.92903518676758,18.66130828857422
reaction:3199,AdBrettPhos,0,AdBrettPhos,64.24887053,32.92903518676758,18.66130828857422
reaction:3200,AdBrettPhos,0,AdBrettPhos,57.59970402,32.92903518676758,18.66130828857422
reaction:3201,AdBrettPhos,0,AdBrettPhos,64.01092118,32.92903518676758,18.66130828857422
reaction:3202,AdBrettPhos,0,AdBrettPhos,72.26820117,32.92903518676758,18.66130828857422
reaction:3203,AdBrettPhos,0,AdBrettPhos,0.8684296779999999,32.92903518676758,18.66130828857422
reaction:3204,AdBrettPhos,0,AdBrettPhos,42.09636278,32.92903518676758,18.66130828857422
reaction:3205,AdBrettPhos,0,AdBrettPhos,50.25936964,32.92903518676758,18.66130828857422
reaction:3206,AdBrettPhos,0,AdBrettPhos,2.443106533,32.92903518676758,18.66130828857422
reaction:3207,AdBrettPhos,0,AdBrettPhos,28.78693437,32.92903518676758,18.66130828857422
reaction:3208,AdBrettPhos,0,AdBrettPhos,34.85762141,32.92903518676758,18.66130828857422
reaction:3209,AdBrettPhos,0,AdBrettPhos,0.0,32.92903518676758,18.66130828857422
reaction:3210,AdBrettPhos,0,AdBrettPhos,20.89901676,32.92903518676758,18.66130828857422
reaction:3211,AdBrettPhos,0,AdBrettPhos,36.0742325,32.92903518676758,18.66130828857422
reaction:3212,AdBrettPhos,0,AdBrettPhos,0.489724505,32.92903518676758,18.66130828857422
reaction:3213,AdBrettPhos,0,AdBrettPhos,37.99056967,32.92903518676758,18.66130828857422
reaction:3214,AdBrettPhos,0,AdBrettPhos,56.47944581,32.92903518676758,18.66130828857422
reaction:3215,AdBrettPhos,0,AdBrettPhos,26.8260429,32.92903518676758,18.66130828857422
reaction:3216,AdBrettPhos,0,AdBrettPhos,36.10071383,32.92903518676758,18.66130828857422
reaction:3217,AdBrettPhos,0,AdBrettPhos,46.52870973,32.92903518676758,18.66130828857422
reaction:3218,AdBrettPhos,0,AdBrettPhos,1.470956156,32.92903518676758,18.66130828857422
reaction:3219,AdBrettPhos,0,AdBrettPhos,0.0,32.92903518676758,18.66130828857422
reaction:3220,AdBrettPhos,0,AdBrettPhos,57.24624739,32.92903518676758,18.66130828857422
reaction:3221,AdBrettPhos,0,AdBrettPhos,2.103607287,32.92903518676758,18.66130828857422
reaction:3222,AdBrettPhos,0,AdBrettPhos,29.62604669,32.92903518676758,18.66130828857422
reaction:3223,AdBrettPhos,0,AdBrettPhos,40.21154517,32.92903518676758,18.66130828857422
reaction:3224,AdBrettPhos,0,AdBrettPhos,0.0,32.92903518676758,18.66130828857422
reaction:3225,AdBrettPhos,0,AdBrettPhos,23.916357,32.92903518676758,18.66130828857422
reaction:3226,AdBrettPhos,0,AdBrettPhos,44.44845486,32.92903518676758,18.66130828857422
reaction:3227,AdBrettPhos,0,AdBrettPhos,0.490842961,32.92903518676758,18.66130828857422
reaction:3228,AdBrettPhos,0,AdBrettPhos,39.51845686,32.92903518676758,18.66130828857422
reaction:3229,AdBrettPhos,0,AdBrettPhos,69.71995068,32.92903518676758,18.66130828857422
reaction:3230,AdBrettPhos,0,AdBrettPhos,47.18415816,32.92903518676758,18.66130828857422
reaction:3231,AdBrettPhos,0,AdBrettPhos,65.99016493,32.92903518676758,18.66130828857422
reaction:3232,AdBrettPhos,0,AdBrettPhos,87.94083651,32.92903518676758,18.66130828857422
reaction:3233,AdBrettPhos,0,AdBrettPhos,1.573799128,32.92903518676758,18.66130828857422
reaction:3234,AdBrettPhos,0,AdBrettPhos,61.50487524,32.92903518676758,18.66130828857422
reaction:3235,AdBrettPhos,0,AdBrettPhos,83.95560608,32.92903518676758,18.66130828857422
reaction:3236,XPhos,1,XPhos,13.9614152,37.39902114868164,20.433700561523438
reaction:3237,XPhos,1,XPhos,15.08609068,37.39902114868164,20.433700561523438
reaction:3238,XPhos,1,XPhos,15.9216391,37.39902114868164,20.433700561523438
reaction:3239,XPhos,1,XPhos,2.548391087,37.39902114868164,20.433700561523438
reaction:3240,XPhos,1,XPhos,8.641168314,37.39902114868164,20.433700561523438
reaction:3241,XPhos,1,XPhos,6.654637209,37.39902114868164,20.433700561523438
reaction:3242,XPhos,1,XPhos,7.713999512000001,37.39902114868164,20.433700561523438
reaction:3243,XPhos,1,XPhos,14.761892499999998,37.39902114868164,20.433700561523438
reaction:3244,XPhos,1,XPhos,16.70711364,37.39902114868164,20.433700561523438
reaction:3245,XPhos,1,XPhos,12.25099464,37.39902114868164,20.433700561523438
reaction:3246,XPhos,1,XPhos,16.43551115,37.39902114868164,20.433700561523438
reaction:3247,XPhos,1,XPhos,17.06361217,37.39902114868164,20.433700561523438
reaction:3248,XPhos,1,XPhos,12.13886151,37.39902114868164,20.433700561523438
reaction:3249,XPhos,1,XPhos,10.08173564,37.39902114868164,20.433700561523438
reaction:3250,XPhos,1,XPhos,12.79205877,37.39902114868164,20.433700561523438
reaction:3251,XPhos,1,XPhos,11.31960299,37.39902114868164,20.433700561523438
reaction:3252,XPhos,1,XPhos,22.30541273,37.39902114868164,20.433700561523438
reaction:3253,XPhos,1,XPhos,25.45694196,37.39902114868164,20.433700561523438
reaction:3254,XPhos,1,XPhos,0.0,37.39902114868164,20.433700561523438
reaction:3255,XPhos,1,XPhos,2.840028013,37.39902114868164,20.433700561523438
reaction:3256,XPhos,1,XPhos,4.296191189,37.39902114868164,20.433700561523438
reaction:3257,XPhos,1,XPhos,1.896990139,37.39902114868164,20.433700561523438
reaction:3258,XPhos,1,XPhos,9.250516466,37.39902114868164,20.433700561523438
reaction:3259,XPhos,1,XPhos,13.02243467,37.39902114868164,20.433700561523438
reaction:3260,XPhos,1,XPhos,15.10135263,37.39902114868164,20.433700561523438
reaction:3261,XPhos,1,XPhos,24.44251918,37.39902114868164,20.433700561523438
reaction:3262,XPhos,1,XPhos,26.61192771,37.39902114868164,20.433700561523438
reaction:3263,XPhos,1,XPhos,2.419663487,37.39902114868164,20.433700561523438
reaction:3264,XPhos,1,XPhos,6.251282484,37.39902114868164,20.433700561523438
reaction:3265,XPhos,1,XPhos,12.75397423,37.39902114868164,20.433700561523438
reaction:3266,XPhos,1,XPhos,13.18136791,37.39902114868164,20.433700561523438
reaction:3267,XPhos,1,XPhos,22.67787637,37.39902114868164,20.433700561523438
reaction:3268,XPhos,1,XPhos,24.0555231,37.39902114868164,20.433700561523438
reaction:3269,XPhos,1,XPhos,0.0,37.39902114868164,20.433700561523438
reaction:3270,XPhos,1,XPhos,2.373234972,37.39902114868164,20.433700561523438
reaction:3271,XPhos,1,XPhos,5.371995824,37.39902114868164,20.433700561523438
reaction:3272,XPhos,1,XPhos,2.067024275,37.39902114868164,20.433700561523438
reaction:3273,XPhos,1,XPhos,9.241578451,37.39902114868164,20.433700561523438
reaction:3274,XPhos,1,XPhos,20.36311527,37.39902114868164,20.433700561523438
reaction:3275,XPhos,1,XPhos,14.60964787,37.39902114868164,20.433700561523438
reaction:3276,XPhos,1,XPhos,28.761729100000004,37.39902114868164,20.433700561523438
reaction:3277,XPhos,1,XPhos,23.20886991,37.39902114868164,20.433700561523438
reaction:3278,XPhos,1,XPhos,3.338911929,37.39902114868164,20.433700561523438
reaction:3279,XPhos,1,XPhos,11.07544016,37.39902114868164,20.433700561523438
reaction:3280,XPhos,1,XPhos,16.38360507,37.39902114868164,20.433700561523438
reaction:3281,XPhos,1,XPhos,8.599290827999999,37.39902114868164,20.433700561523438
reaction:3282,XPhos,1,XPhos,8.073391293,37.39902114868164,20.433700561523438
reaction:3283,XPhos,1,XPhos,8.373801377000001,37.39902114868164,20.433700561523438
reaction:3284,XPhos,1,XPhos,2.086409943,37.39902114868164,20.433700561523438
reaction:3285,XPhos,1,XPhos,3.898269895,37.39902114868164,20.433700561523438
reaction:3286,XPhos,1,XPhos,2.8197473260000003,37.39902114868164,20.433700561523438
reaction:3287,XPhos,1,XPhos,9.734031055,37.39902114868164,20.433700561523438
reaction:3288,XPhos,1,XPhos,14.02250347,37.39902114868164,20.433700561523438
reaction:3289,XPhos,1,XPhos,13.30215474,37.39902114868164,20.433700561523438
reaction:3290,XPhos,1,XPhos,11.84842444,37.39902114868164,20.433700561523438
reaction:3291,XPhos,1,XPhos,12.48722349,37.39902114868164,20.433700561523438
reaction:3292,XPhos,1,XPhos,13.26217146,37.39902114868164,20.433700561523438
reaction:3293,XPhos,1,XPhos,7.007309831000001,37.39902114868164,20.433700561523438
reaction:3294,XPhos,1,XPhos,3.803167764,37.39902114868164,20.433700561523438
reaction:3295,XPhos,1,XPhos,9.3396983,37.39902114868164,20.433700561523438
reaction:3296,XPhos,1,XPhos,2.8287389710000004,37.39902114868164,20.433700561523438
reaction:3297,XPhos,1,XPhos,11.73173458,37.39902114868164,20.433700561523438
reaction:3298,XPhos,1,XPhos,32.01377764,37.39902114868164,20.433700561523438
reaction:3299,XPhos,1,XPhos,0.0,37.39902114868164,20.433700561523438
reaction:3300,XPhos,1,XPhos,0.597123544,37.39902114868164,20.433700561523438
reaction:3301,XPhos,1,XPhos,1.6246243130000002,37.39902114868164,20.433700561523438
reaction:3302,XPhos,1,XPhos,1.378417368,37.39902114868164,20.433700561523438
reaction:3303,XPhos,1,XPhos,5.748911262999999,37.39902114868164,20.433700561523438
reaction:3304,XPhos,1,XPhos,15.88279637,37.39902114868164,20.433700561523438
reaction:3305,XPhos,1,XPhos,15.03293541,37.39902114868164,20.433700561523438
reaction:3306,XPhos,1,XPhos,36.25474039,37.39902114868164,20.433700561523438
reaction:3307,XPhos,1,XPhos,40.83653695,37.39902114868164,20.433700561523438
reaction:3308,XPhos,1,XPhos,0.0,37.39902114868164,20.433700561523438
reaction:3309,XPhos,1,XPhos,3.383758574,37.39902114868164,20.433700561523438
reaction:3310,XPhos,1,XPhos,9.091321628,37.39902114868164,20.433700561523438
reaction:3311,XPhos,1,XPhos,1.249008464,37.39902114868164,20.433700561523438
reaction:3312,XPhos,1,XPhos,7.593500734,37.39902114868164,20.433700561523438
reaction:3313,XPhos,1,XPhos,23.19251783,37.39902114868164,20.433700561523438
reaction:3314,XPhos,1,XPhos,0.0,37.39902114868164,20.433700561523438
reaction:3315,XPhos,1,XPhos,0.0,37.39902114868164,20.433700561523438
reaction:3316,XPhos,1,XPhos,0.0,37.39902114868164,20.433700561523438
reaction:3317,XPhos,1,XPhos,0.0,37.39902114868164,20.433700561523438
reaction:3318,XPhos,1,XPhos,3.304153664,37.39902114868164,20.433700561523438
reaction:3319,XPhos,1,XPhos,4.972241085,37.39902114868164,20.433700561523438
reaction:3320,XPhos,1,XPhos,11.6539798,37.39902114868164,20.433700561523438
reaction:3321,XPhos,1,XPhos,23.14100825,37.39902114868164,20.433700561523438
reaction:3322,XPhos,1,XPhos,30.73323241,37.39902114868164,20.433700561523438
reaction:3323,XPhos,1,XPhos,0.0,37.39902114868164,20.433700561523438
reaction:3324,XPhos,1,XPhos,0.0,37.39902114868164,20.433700561523438
reaction:3325,XPhos,1,XPhos,0.0,37.39902114868164,20.433700561523438
reaction:3326,XPhos,1,XPhos,25.79234273,37.39902114868164,20.433700561523438
reaction:3327,XPhos,1,XPhos,21.1852936,37.39902114868164,20.433700561523438
reaction:3328,XPhos,1,XPhos,41.0055284,37.39902114868164,20.433700561523438
reaction:3329,XPhos,1,XPhos,1.426630798,37.39902114868164,20.433700561523438
reaction:3330,XPhos,1,XPhos,41.22664286,37.39902114868164,20.433700561523438
reaction:3331,XPhos,1,XPhos,47.37967992,37.39902114868164,20.433700561523438
reaction:3332,XPhos,1,XPhos,11.25218088,37.39902114868164,20.433700561523438
reaction:3333,XPhos,1,XPhos,66.85183325,37.39902114868164,20.433700561523438
reaction:3334,XPhos,1,XPhos,67.69619533,37.39902114868164,20.433700561523438
reaction:3335,XPhos,1,XPhos,18.57739993,37.39902114868164,20.433700561523438
reaction:3336,XPhos,1,XPhos,22.20180478,37.39902114868164,20.433700561523438
reaction:3337,XPhos,1,XPhos,22.35512226,37.39902114868164,20.433700561523438
reaction:3338,XPhos,1,XPhos,38.752824100000005,37.39902114868164,20.433700561523438
reaction:3339,XPhos,1,XPhos,24.97274403,37.39902114868164,20.433700561523438
reaction:3340,XPhos,1,XPhos,75.11548375,37.39902114868164,20.433700561523438
reaction:3341,XPhos,1,XPhos,19.41980511,37.39902114868164,20.433700561523438
reaction:3342,XPhos,1,XPhos,32.07542073,37.39902114868164,20.433700561523438
reaction:3343,XPhos,1,XPhos,34.52065187,37.39902114868164,20.433700561523438
reaction:3344,XPhos,1,XPhos,2.069142775,37.39902114868164,20.433700561523438
reaction:3345,XPhos,1,XPhos,14.42253285,37.39902114868164,20.433700561523438
reaction:3346,XPhos,1,XPhos,22.92734992,37.39902114868164,20.433700561523438
reaction:3347,XPhos,1,XPhos,5.821778043999999,37.39902114868164,20.433700561523438
reaction:3348,XPhos,1,XPhos,33.78601477,37.39902114868164,20.433700561523438
reaction:3349,XPhos,1,XPhos,37.39742705,37.39902114868164,20.433700561523438
reaction:3350,XPhos,1,XPhos,26.66040937,37.39902114868164,20.433700561523438
reaction:3351,XPhos,1,XPhos,44.30153891,37.39902114868164,20.433700561523438
reaction:3352,XPhos,1,XPhos,44.76424476,37.39902114868164,20.433700561523438
reaction:3353,XPhos,1,XPhos,12.63535619,37.39902114868164,20.433700561523438
reaction:3354,XPhos,1,XPhos,32.89151252,37.39902114868164,20.433700561523438
reaction:3355,XPhos,1,XPhos,41.00150742,37.39902114868164,20.433700561523438
reaction:3356,XPhos,1,XPhos,19.39344332,37.39902114868164,20.433700561523438
reaction:3357,XPhos,1,XPhos,31.15934188,37.39902114868164,20.433700561523438
reaction:3358,XPhos,1,XPhos,38.74519603,37.39902114868164,20.433700561523438
reaction:3359,XPhos,1,XPhos,1.798923194,37.39902114868164,20.433700561523438
reaction:3360,XPhos,1,XPhos,9.508784567,37.39902114868164,20.433700561523438
reaction:3361,XPhos,1,XPhos,17.33987768,37.39902114868164,20.433700561523438
reaction:3362,XPhos,1,XPhos,5.235495595,37.39902114868164,20.433700561523438
reaction:3363,XPhos,1,XPhos,28.74353219,37.39902114868164,20.433700561523438
reaction:3364,XPhos,1,XPhos,53.88645108,37.39902114868164,20.433700561523438
reaction:3365,XPhos,1,XPhos,27.32636453,37.39902114868164,20.433700561523438
reaction:3366,XPhos,1,XPhos,52.36462009,37.39902114868164,20.433700561523438
reaction:3367,XPhos,1,XPhos,62.64059826,37.39902114868164,20.433700561523438
reaction:3368,XPhos,1,XPhos,7.71156711,37.39902114868164,20.433700561523438
reaction:3369,XPhos,1,XPhos,25.62052054,37.39902114868164,20.433700561523438
reaction:3370,XPhos,1,XPhos,43.30658798,37.39902114868164,20.433700561523438
reaction:3371,XPhos,1,XPhos,6.70191803,37.39902114868164,20.433700561523438
reaction:3372,XPhos,1,XPhos,15.721696,37.39902114868164,20.433700561523438
reaction:3373,XPhos,1,XPhos,32.03839032,37.39902114868164,20.433700561523438
reaction:3374,XPhos,1,XPhos,0.0,37.39902114868164,20.433700561523438
reaction:3375,XPhos,1,XPhos,5.529906697,37.39902114868164,20.433700561523438
reaction:3376,XPhos,1,XPhos,6.840870887,37.39902114868164,20.433700561523438
reaction:3377,XPhos,1,XPhos,0.566845941,37.39902114868164,20.433700561523438
reaction:3378,XPhos,1,XPhos,22.16483544,37.39902114868164,20.433700561523438
reaction:3379,XPhos,1,XPhos,31.41749034,37.39902114868164,20.433700561523438
reaction:3380,XPhos,1,XPhos,22.29411196,37.39902114868164,20.433700561523438
reaction:3381,XPhos,1,XPhos,31.22952549,37.39902114868164,20.433700561523438
reaction:3382,XPhos,1,XPhos,31.17670784,37.39902114868164,20.433700561523438
reaction:3383,XPhos,1,XPhos,3.037744154,37.39902114868164,20.433700561523438
reaction:3384,XPhos,1,XPhos,13.63572226,37.39902114868164,20.433700561523438
reaction:3385,XPhos,1,XPhos,21.33105034,37.39902114868164,20.433700561523438
reaction:3386,XPhos,1,XPhos,10.4860128,37.39902114868164,20.433700561523438
reaction:3387,XPhos,1,XPhos,26.29886063,37.39902114868164,20.433700561523438
reaction:3388,XPhos,1,XPhos,23.69345333,37.39902114868164,20.433700561523438
reaction:3389,XPhos,1,XPhos,0.0,37.39902114868164,20.433700561523438
reaction:3390,XPhos,1,XPhos,6.730455291,37.39902114868164,20.433700561523438
reaction:3391,XPhos,1,XPhos,13.41857273,37.39902114868164,20.433700561523438
reaction:3392,XPhos,1,XPhos,1.036456102,37.39902114868164,20.433700561523438
reaction:3393,XPhos,1,XPhos,22.99620882,37.39902114868164,20.433700561523438
reaction:3394,XPhos,1,XPhos,37.021541,37.39902114868164,20.433700561523438
reaction:3395,XPhos,1,XPhos,22.69659515,37.39902114868164,20.433700561523438
reaction:3396,XPhos,1,XPhos,37.46429839,37.39902114868164,20.433700561523438
reaction:3397,XPhos,1,XPhos,39.38981845,37.39902114868164,20.433700561523438
reaction:3398,XPhos,1,XPhos,4.58213428,37.39902114868164,20.433700561523438
reaction:3399,XPhos,1,XPhos,22.70660834,37.39902114868164,20.433700561523438
reaction:3400,XPhos,1,XPhos,33.31806917,37.39902114868164,20.433700561523438
reaction:3401,XPhos,1,XPhos,7.343376414,37.39902114868164,20.433700561523438
reaction:3402,XPhos,1,XPhos,26.03173318,37.39902114868164,20.433700561523438
reaction:3403,XPhos,1,XPhos,36.25454831,37.39902114868164,20.433700561523438
reaction:3404,XPhos,1,XPhos,0.0,37.39902114868164,20.433700561523438
reaction:3405,XPhos,1,XPhos,4.191040534,37.39902114868164,20.433700561523438
reaction:3406,XPhos,1,XPhos,6.114675165,37.39902114868164,20.433700561523438
reaction:3407,XPhos,1,XPhos,0.884950948,37.39902114868164,20.433700561523438
reaction:3408,XPhos,1,XPhos,16.69067663,37.39902114868164,20.433700561523438
reaction:3409,XPhos,1,XPhos,31.26628393,37.39902114868164,20.433700561523438
reaction:3410,XPhos,1,XPhos,24.66006055,37.39902114868164,20.433700561523438
reaction:3411,XPhos,1,XPhos,45.98390905,37.39902114868164,20.433700561523438
reaction:3412,XPhos,1,XPhos,52.56128921,37.39902114868164,20.433700561523438
reaction:3413,XPhos,1,XPhos,3.35256921,37.39902114868164,20.433700561523438
reaction:3414,XPhos,1,XPhos,15.35819367,37.39902114868164,20.433700561523438
reaction:3415,XPhos,1,XPhos,29.91552733,37.39902114868164,20.433700561523438
reaction:3416,t-BuXPhos,3,t-BuXPhos,13.16893511,30.424705505371094,18.47719383239746
reaction:3417,t-BuXPhos,3,t-BuXPhos,16.79477369,30.424705505371094,18.47719383239746
reaction:3418,t-BuXPhos,3,t-BuXPhos,16.24533971,30.424705505371094,18.47719383239746
reaction:3419,t-BuXPhos,3,t-BuXPhos,2.118660091,30.424705505371094,18.47719383239746
reaction:3420,t-BuXPhos,3,t-BuXPhos,15.85894672,30.424705505371094,18.47719383239746
reaction:3421,t-BuXPhos,3,t-BuXPhos,15.94900479,30.424705505371094,18.47719383239746
reaction:3422,t-BuXPhos,3,t-BuXPhos,7.108204477,30.424705505371094,18.47719383239746
reaction:3423,t-BuXPhos,3,t-BuXPhos,24.76005147,30.424705505371094,18.47719383239746
reaction:3424,t-BuXPhos,3,t-BuXPhos,28.11243479,30.424705505371094,18.47719383239746
reaction:3425,t-BuXPhos,3,t-BuXPhos,27.24876847,30.424705505371094,18.47719383239746
reaction:3426,t-BuXPhos,3,t-BuXPhos,31.76624566,30.424705505371094,18.47719383239746
reaction:3427,t-BuXPhos,3,t-BuXPhos,37.29673945,30.424705505371094,18.47719383239746
reaction:3428,t-BuXPhos,3,t-BuXPhos,16.87891597,30.424705505371094,18.47719383239746
reaction:3429,t-BuXPhos,3,t-BuXPhos,22.41656552,30.424705505371094,18.47719383239746
reaction:3430,t-BuXPhos,3,t-BuXPhos,23.46293461,30.424705505371094,18.47719383239746
reaction:3431,t-BuXPhos,3,t-BuXPhos,9.295516532,30.424705505371094,18.47719383239746
reaction:3432,t-BuXPhos,3,t-BuXPhos,35.04870846,30.424705505371094,18.47719383239746
reaction:3433,t-BuXPhos,3,t-BuXPhos,35.39709887,30.424705505371094,18.47719383239746
reaction:3434,t-BuXPhos,3,t-BuXPhos,0.0,30.424705505371094,18.47719383239746
reaction:3435,t-BuXPhos,3,t-BuXPhos,34.88973455,30.424705505371094,18.47719383239746
reaction:3436,t-BuXPhos,3,t-BuXPhos,35.68810141,30.424705505371094,18.47719383239746
reaction:3437,t-BuXPhos,3,t-BuXPhos,1.257407502,30.424705505371094,18.47719383239746
reaction:3438,t-BuXPhos,3,t-BuXPhos,55.96431027,30.424705505371094,18.47719383239746
reaction:3439,t-BuXPhos,3,t-BuXPhos,59.93053961,30.424705505371094,18.47719383239746
reaction:3440,t-BuXPhos,3,t-BuXPhos,56.99401844,30.424705505371094,18.47719383239746
reaction:3441,t-BuXPhos,3,t-BuXPhos,63.00725217,30.424705505371094,18.47719383239746
reaction:3442,t-BuXPhos,3,t-BuXPhos,59.18255708,30.424705505371094,18.47719383239746
reaction:3443,t-BuXPhos,3,t-BuXPhos,7.66652575,30.424705505371094,18.47719383239746
reaction:3444,t-BuXPhos,3,t-BuXPhos,54.77135423,30.424705505371094,18.47719383239746
reaction:3445,t-BuXPhos,3,t-BuXPhos,62.18465229,30.424705505371094,18.47719383239746
reaction:3446,t-BuXPhos,3,t-BuXPhos,17.84178388,30.424705505371094,18.47719383239746
reaction:3447,t-BuXPhos,3,t-BuXPhos,40.13524468,30.424705505371094,18.47719383239746
reaction:3448,t-BuXPhos,3,t-BuXPhos,46.24961136,30.424705505371094,18.47719383239746
reaction:3449,t-BuXPhos,3,t-BuXPhos,2.890686767,30.424705505371094,18.47719383239746
reaction:3450,t-BuXPhos,3,t-BuXPhos,45.52184766,30.424705505371094,18.47719383239746
reaction:3451,t-BuXPhos,3,t-BuXPhos,47.90925553,30.424705505371094,18.47719383239746
reaction:3452,t-BuXPhos,3,t-BuXPhos,11.25502625,30.424705505371094,18.47719383239746
reaction:3453,t-BuXPhos,3,t-BuXPhos,71.70514407,30.424705505371094,18.47719383239746
reaction:3454,t-BuXPhos,3,t-BuXPhos,72.13959481,30.424705505371094,18.47719383239746
reaction:3455,t-BuXPhos,3,t-BuXPhos,79.78226496,30.424705505371094,18.47719383239746
reaction:3456,t-BuXPhos,3,t-BuXPhos,79.62575679,30.424705505371094,18.47719383239746
reaction:3457,t-BuXPhos,3,t-BuXPhos,82.21280375,30.424705505371094,18.47719383239746
reaction:3458,t-BuXPhos,3,t-BuXPhos,33.50615076,30.424705505371094,18.47719383239746
reaction:3459,t-BuXPhos,3,t-BuXPhos,78.67116412,30.424705505371094,18.47719383239746
reaction:3460,t-BuXPhos,3,t-BuXPhos,79.16863895,30.424705505371094,18.47719383239746
reaction:3461,t-BuXPhos,3,t-BuXPhos,10.16290719,30.424705505371094,18.47719383239746
reaction:3462,t-BuXPhos,3,t-BuXPhos,10.72653134,30.424705505371094,18.47719383239746
reaction:3463,t-BuXPhos,3,t-BuXPhos,11.56918225,30.424705505371094,18.47719383239746
reaction:3464,t-BuXPhos,3,t-BuXPhos,1.924092177,30.424705505371094,18.47719383239746
reaction:3465,t-BuXPhos,3,t-BuXPhos,9.627089409,30.424705505371094,18.47719383239746
reaction:3466,t-BuXPhos,3,t-BuXPhos,11.09901507,30.424705505371094,18.47719383239746
reaction:3467,t-BuXPhos,3,t-BuXPhos,6.581266652999999,30.424705505371094,18.47719383239746
reaction:3468,t-BuXPhos,3,t-BuXPhos,16.8324099,30.424705505371094,18.47719383239746
reaction:3469,t-BuXPhos,3,t-BuXPhos,21.40006849,30.424705505371094,18.47719383239746
reaction:3470,t-BuXPhos,3,t-BuXPhos,42.78380779,30.424705505371094,18.47719383239746
reaction:3471,t-BuXPhos,3,t-BuXPhos,53.50463767,30.424705505371094,18.47719383239746
reaction:3472,t-BuXPhos,3,t-BuXPhos,60.63710952,30.424705505371094,18.47719383239746
reaction:3473,t-BuXPhos,3,t-BuXPhos,13.25100229,30.424705505371094,18.47719383239746
reaction:3474,t-BuXPhos,3,t-BuXPhos,18.48421566,30.424705505371094,18.47719383239746
reaction:3475,t-BuXPhos,3,t-BuXPhos,20.6070389,30.424705505371094,18.47719383239746
reaction:3476,t-BuXPhos,3,t-BuXPhos,1.71151259,30.424705505371094,18.47719383239746
reaction:3477,t-BuXPhos,3,t-BuXPhos,7.321293774,30.424705505371094,18.47719383239746
reaction:3478,t-BuXPhos,3,t-BuXPhos,34.91039433,30.424705505371094,18.47719383239746
reaction:3479,t-BuXPhos,3,t-BuXPhos,0.0,30.424705505371094,18.47719383239746
reaction:3480,t-BuXPhos,3,t-BuXPhos,5.935933532999999,30.424705505371094,18.47719383239746
reaction:3481,t-BuXPhos,3,t-BuXPhos,58.0174464,30.424705505371094,18.47719383239746
reaction:3482,t-BuXPhos,3,t-BuXPhos,1.7819099669999998,30.424705505371094,18.47719383239746
reaction:3483,t-BuXPhos,3,t-BuXPhos,22.74107385,30.424705505371094,18.47719383239746
reaction:3484,t-BuXPhos,3,t-BuXPhos,57.01120739,30.424705505371094,18.47719383239746
reaction:3485,t-BuXPhos,3,t-BuXPhos,33.66124955,30.424705505371094,18.47719383239746
reaction:3486,t-BuXPhos,3,t-BuXPhos,51.21151631,30.424705505371094,18.47719383239746
reaction:3487,t-BuXPhos,3,t-BuXPhos,60.13886073,30.424705505371094,18.47719383239746
reaction:3488,t-BuXPhos,3,t-BuXPhos,2.249906301,30.424705505371094,18.47719383239746
reaction:3489,t-BuXPhos,3,t-BuXPhos,41.72955132,30.424705505371094,18.47719383239746
reaction:3490,t-BuXPhos,3,t-BuXPhos,60.45904469,30.424705505371094,18.47719383239746
reaction:3491,t-BuXPhos,3,t-BuXPhos,16.47949658,30.424705505371094,18.47719383239746
reaction:3492,t-BuXPhos,3,t-BuXPhos,27.36893381,30.424705505371094,18.47719383239746
reaction:3493,t-BuXPhos,3,t-BuXPhos,39.35756061,30.424705505371094,18.47719383239746
reaction:3494,t-BuXPhos,3,t-BuXPhos,0.712699399,30.424705505371094,18.47719383239746
reaction:3495,t-BuXPhos,3,t-BuXPhos,8.970204017,30.424705505371094,18.47719383239746
reaction:3496,t-BuXPhos,3,t-BuXPhos,44.46296659,30.424705505371094,18.47719383239746
reaction:3497,t-BuXPhos,3,t-BuXPhos,4.28271464,30.424705505371094,18.47719383239746
reaction:3498,t-BuXPhos,3,t-BuXPhos,39.55034963,30.424705505371094,18.47719383239746
reaction:3499,t-BuXPhos,3,t-BuXPhos,63.92666602,30.424705505371094,18.47719383239746
reaction:3500,t-BuXPhos,3,t-BuXPhos,79.04497323,30.424705505371094,18.47719383239746
reaction:3501,t-BuXPhos,3,t-BuXPhos,78.70773698,30.424705505371094,18.47719383239746
reaction:3502,t-BuXPhos,3,t-BuXPhos,84.10193793,30.424705505371094,18.47719383239746
reaction:3503,t-BuXPhos,3,t-BuXPhos,12.67223423,30.424705505371094,18.47719383239746
reaction:3504,t-BuXPhos,3,t-BuXPhos,55.95219042,30.424705505371094,18.47719383239746
reaction:3505,t-BuXPhos,3,t-BuXPhos,80.67857489,30.424705505371094,18.47719383239746
reaction:3506,t-BuXPhos,3,t-BuXPhos,30.59884697,30.424705505371094,18.47719383239746
reaction:3507,t-BuXPhos,3,t-BuXPhos,33.91258635,30.424705505371094,18.47719383239746
reaction:3508,t-BuXPhos,3,t-BuXPhos,36.80129147,30.424705505371094,18.47719383239746
reaction:3509,t-BuXPhos,3,t-BuXPhos,2.495636052,30.424705505371094,18.47719383239746
reaction:3510,t-BuXPhos,3,t-BuXPhos,47.27988184,30.424705505371094,18.47719383239746
reaction:3511,t-BuXPhos,3,t-BuXPhos,44.44212826,30.424705505371094,18.47719383239746
reaction:3512,t-BuXPhos,3,t-BuXPhos,12.51112995,30.424705505371094,18.47719383239746
reaction:3513,t-BuXPhos,3,t-BuXPhos,66.1081674,30.424705505371094,18.47719383239746
reaction:3514,t-BuXPhos,3,t-BuXPhos,63.53604944,30.424705505371094,18.47719383239746
reaction:3515,t-BuXPhos,3,t-BuXPhos,53.37807808,30.424705505371094,18.47719383239746
reaction:3516,t-BuXPhos,3,t-BuXPhos,62.99169098,30.424705505371094,18.47719383239746
reaction:3517,t-BuXPhos,3,t-BuXPhos,63.44404456,30.424705505371094,18.47719383239746
reaction:3518,t-BuXPhos,3,t-BuXPhos,52.55158103,30.424705505371094,18.47719383239746
reaction:3519,t-BuXPhos,3,t-BuXPhos,68.74074216,30.424705505371094,18.47719383239746
reaction:3520,t-BuXPhos,3,t-BuXPhos,77.66689194,30.424705505371094,18.47719383239746
reaction:3521,t-BuXPhos,3,t-BuXPhos,34.08344524,30.424705505371094,18.47719383239746
reaction:3522,t-BuXPhos,3,t-BuXPhos,38.11608188,30.424705505371094,18.47719383239746
reaction:3523,t-BuXPhos,3,t-BuXPhos,39.909465,30.424705505371094,18.47719383239746
reaction:3524,t-BuXPhos,3,t-BuXPhos,1.029883817,30.424705505371094,18.47719383239746
reaction:3525,t-BuXPhos,3,t-BuXPhos,39.21368937,30.424705505371094,18.47719383239746
reaction:3526,t-BuXPhos,3,t-BuXPhos,35.2237201,30.424705505371094,18.47719383239746
reaction:3527,t-BuXPhos,3,t-BuXPhos,3.311093961,30.424705505371094,18.47719383239746
reaction:3528,t-BuXPhos,3,t-BuXPhos,57.74229286,30.424705505371094,18.47719383239746
reaction:3529,t-BuXPhos,3,t-BuXPhos,59.48668549,30.424705505371094,18.47719383239746
reaction:3530,t-BuXPhos,3,t-BuXPhos,64.60204454,30.424705505371094,18.47719383239746
reaction:3531,t-BuXPhos,3,t-BuXPhos,61.25906652,30.424705505371094,18.47719383239746
reaction:3532,t-BuXPhos,3,t-BuXPhos,62.35242374,30.424705505371094,18.47719383239746
reaction:3533,t-BuXPhos,3,t-BuXPhos,36.30128303,30.424705505371094,18.47719383239746
reaction:3534,t-BuXPhos,3,t-BuXPhos,63.06191521,30.424705505371094,18.47719383239746
reaction:3535,t-BuXPhos,3,t-BuXPhos,62.65745672,30.424705505371094,18.47719383239746
reaction:3536,t-BuXPhos,3,t-BuXPhos,33.03637259,30.424705505371094,18.47719383239746
reaction:3537,t-BuXPhos,3,t-BuXPhos,39.20587876,30.424705505371094,18.47719383239746
reaction:3538,t-BuXPhos,3,t-BuXPhos,41.26140824,30.424705505371094,18.47719383239746
reaction:3539,t-BuXPhos,3,t-BuXPhos,1.728296665,30.424705505371094,18.47719383239746
reaction:3540,t-BuXPhos,3,t-BuXPhos,49.69104828,30.424705505371094,18.47719383239746
reaction:3541,t-BuXPhos,3,t-BuXPhos,41.80838188,30.424705505371094,18.47719383239746
reaction:3542,t-BuXPhos,3,t-BuXPhos,3.524318044,30.424705505371094,18.47719383239746
reaction:3543,t-BuXPhos,3,t-BuXPhos,71.55294754,30.424705505371094,18.47719383239746
reaction:3544,t-BuXPhos,3,t-BuXPhos,72.58292155,30.424705505371094,18.47719383239746
reaction:3545,t-BuXPhos,3,t-BuXPhos,83.76441682,30.424705505371094,18.47719383239746
reaction:3546,t-BuXPhos,3,t-BuXPhos,82.77010873,30.424705505371094,18.47719383239746
reaction:3547,t-BuXPhos,3,t-BuXPhos,80.16290148,30.424705505371094,18.47719383239746
reaction:3548,t-BuXPhos,3,t-BuXPhos,44.56568658,30.424705505371094,18.47719383239746
reaction:3549,t-BuXPhos,3,t-BuXPhos,80.07437026,30.424705505371094,18.47719383239746
reaction:3550,t-BuXPhos,3,t-BuXPhos,81.27546311,30.424705505371094,18.47719383239746
reaction:3551,t-BuXPhos,3,t-BuXPhos,15.75654156,30.424705505371094,18.47719383239746
reaction:3552,t-BuXPhos,3,t-BuXPhos,40.52594956,30.424705505371094,18.47719383239746
reaction:3553,t-BuXPhos,3,t-BuXPhos,38.16592165,30.424705505371094,18.47719383239746
reaction:3554,t-BuXPhos,3,t-BuXPhos,0.390715033,30.424705505371094,18.47719383239746
reaction:3555,t-BuXPhos,3,t-BuXPhos,45.77689221,30.424705505371094,18.47719383239746
reaction:3556,t-BuXPhos,3,t-BuXPhos,41.36745101,30.424705505371094,18.47719383239746
reaction:3557,t-BuXPhos,3,t-BuXPhos,0.8602956559999999,30.424705505371094,18.47719383239746
reaction:3558,t-BuXPhos,3,t-BuXPhos,63.69608906,30.424705505371094,18.47719383239746
reaction:3559,t-BuXPhos,3,t-BuXPhos,64.24487271,30.424705505371094,18.47719383239746
reaction:3560,t-BuXPhos,3,t-BuXPhos,63.65319734,30.424705505371094,18.47719383239746
reaction:3561,t-BuXPhos,3,t-BuXPhos,73.26731184,30.424705505371094,18.47719383239746
reaction:3562,t-BuXPhos,3,t-BuXPhos,70.29330199,30.424705505371094,18.47719383239746
reaction:3563,t-BuXPhos,3,t-BuXPhos,8.47025224,30.424705505371094,18.47719383239746
reaction:3564,t-BuXPhos,3,t-BuXPhos,70.27327326,30.424705505371094,18.47719383239746
reaction:3565,t-BuXPhos,3,t-BuXPhos,75.8997955,30.424705505371094,18.47719383239746
reaction:3566,t-BuXPhos,3,t-BuXPhos,12.88972347,30.424705505371094,18.47719383239746
reaction:3567,t-BuXPhos,3,t-BuXPhos,36.29421793,30.424705505371094,18.47719383239746
reaction:3568,t-BuXPhos,3,t-BuXPhos,37.37794419,30.424705505371094,18.47719383239746
reaction:3569,t-BuXPhos,3,t-BuXPhos,0.252253584,30.424705505371094,18.47719383239746
reaction:3570,t-BuXPhos,3,t-BuXPhos,37.13655068,30.424705505371094,18.47719383239746
reaction:3571,t-BuXPhos,3,t-BuXPhos,32.814438300000006,30.424705505371094,18.47719383239746
reaction:3572,t-BuXPhos,3,t-BuXPhos,0.83326199,30.424705505371094,18.47719383239746
reaction:3573,t-BuXPhos,3,t-BuXPhos,55.17541483,30.424705505371094,18.47719383239746
reaction:3574,t-BuXPhos,3,t-BuXPhos,57.50576347,30.424705505371094,18.47719383239746
reaction:3575,t-BuXPhos,3,t-BuXPhos,66.07394644,30.424705505371094,18.47719383239746
reaction:3576,t-BuXPhos,3,t-BuXPhos,64.68492451,30.424705505371094,18.47719383239746
reaction:3577,t-BuXPhos,3,t-BuXPhos,60.93427362,30.424705505371094,18.47719383239746
reaction:3578,t-BuXPhos,3,t-BuXPhos,6.684386034,30.424705505371094,18.47719383239746
reaction:3579,t-BuXPhos,3,t-BuXPhos,63.13467167,30.424705505371094,18.47719383239746
reaction:3580,t-BuXPhos,3,t-BuXPhos,65.07775968,30.424705505371094,18.47719383239746
reaction:3581,t-BuXPhos,3,t-BuXPhos,11.91198349,30.424705505371094,18.47719383239746
reaction:3582,t-BuXPhos,3,t-BuXPhos,39.35316158,30.424705505371094,18.47719383239746
reaction:3583,t-BuXPhos,3,t-BuXPhos,43.82916168,30.424705505371094,18.47719383239746
reaction:3584,t-BuXPhos,3,t-BuXPhos,0.381599662,30.424705505371094,18.47719383239746
reaction:3585,t-BuXPhos,3,t-BuXPhos,49.01650319,30.424705505371094,18.47719383239746
reaction:3586,t-BuXPhos,3,t-BuXPhos,42.67624543,30.424705505371094,18.47719383239746
reaction:3587,t-BuXPhos,3,t-BuXPhos,0.7454308609999999,30.424705505371094,18.47719383239746
reaction:3588,t-BuXPhos,3,t-BuXPhos,69.58481273,30.424705505371094,18.47719383239746
reaction:3589,t-BuXPhos,3,t-BuXPhos,71.48272249,30.424705505371094,18.47719383239746
reaction:3590,t-BuXPhos,3,t-BuXPhos,82.32171897,30.424705505371094,18.47719383239746
reaction:3591,t-BuXPhos,3,t-BuXPhos,81.29892199,30.424705505371094,18.47719383239746
reaction:3592,t-BuXPhos,3,t-BuXPhos,82.34381979999999,30.424705505371094,18.47719383239746
reaction:3593,t-BuXPhos,3,t-BuXPhos,7.182520972000001,30.424705505371094,18.47719383239746
reaction:3594,t-BuXPhos,3,t-BuXPhos,75.98553455,30.424705505371094,18.47719383239746
reaction:3595,t-BuXPhos,3,t-BuXPhos,82.40046293,30.424705505371094,18.47719383239746
reaction:3596,t-BuBrettPhos,2,t-BuBrettPhos,9.973367678,31.56859588623047,19.021404266357422
reaction:3597,t-BuBrettPhos,2,t-BuBrettPhos,12.38761085,31.569921493530273,19.021404266357422
reaction:3598,t-BuBrettPhos,2,t-BuBrettPhos,12.79513925,31.57186508178711,19.021404266357422
reaction:3599,t-BuBrettPhos,2,t-BuBrettPhos,0.746156967,31.561904907226562,19.021408081054688
reaction:3600,t-BuBrettPhos,2,t-BuBrettPhos,12.59161714,31.57415771484375,19.021404266357422
reaction:3601,t-BuBrettPhos,2,t-BuBrettPhos,14.72607829,31.579448699951172,19.021404266357422
reaction:3602,t-BuBrettPhos,2,t-BuBrettPhos,12.28165388,31.564727783203125,19.021406173706055
reaction:3603,t-BuBrettPhos,2,t-BuBrettPhos,24.42477517,31.58295440673828,19.021404266357422
reaction:3604,t-BuBrettPhos,2,t-BuBrettPhos,26.50151753,31.59123992919922,19.021404266357422
reaction:3605,t-BuBrettPhos,2,t-BuBrettPhos,24.72320112,31.583356857299805,19.021404266357422
reaction:3606,t-BuBrettPhos,2,t-BuBrettPhos,27.98543221,31.58793830871582,19.021404266357422
reaction:3607,t-BuBrettPhos,2,t-BuBrettPhos,32.32915323,31.594266891479492,19.021404266357422
reaction:3608,t-BuBrettPhos,2,t-BuBrettPhos,8.50474803,31.57145118713379,19.021404266357422
reaction:3609,t-BuBrettPhos,2,t-BuBrettPhos,15.43456925,31.575998306274414,19.021404266357422
reaction:3610,t-BuBrettPhos,2,t-BuBrettPhos,19.90695412,31.584152221679688,19.021404266357422
reaction:3611,t-BuBrettPhos,2,t-BuBrettPhos,2.74121661,31.56547737121582,19.021404266357422
reaction:3612,t-BuBrettPhos,2,t-BuBrettPhos,20.07939568,31.58162498474121,19.021404266357422
reaction:3613,t-BuBrettPhos,2,t-BuBrettPhos,33.6420654,31.595186233520508,19.021404266357422
reaction:3614,t-BuBrettPhos,2,t-BuBrettPhos,0.328567973,31.5620059967041,19.021404266357422
reaction:3615,t-BuBrettPhos,2,t-BuBrettPhos,12.21281347,31.578256607055664,19.021404266357422
reaction:3616,t-BuBrettPhos,2,t-BuBrettPhos,33.66516566,31.59897232055664,19.021404266357422
reaction:3617,t-BuBrettPhos,2,t-BuBrettPhos,1.993041801,31.562231063842773,19.021404266357422
reaction:3618,t-BuBrettPhos,2,t-BuBrettPhos,24.96800216,31.588390350341797,19.021404266357422
reaction:3619,t-BuBrettPhos,2,t-BuBrettPhos,59.5664451,31.617387771606445,19.021404266357422
reaction:3620,t-BuBrettPhos,2,t-BuBrettPhos,32.57727167,31.57938003540039,19.021404266357422
reaction:3621,t-BuBrettPhos,2,t-BuBrettPhos,44.24461772,31.588722229003906,19.021404266357422
reaction:3622,t-BuBrettPhos,2,t-BuBrettPhos,61.37532466,31.610986709594727,19.021404266357422
reaction:3623,t-BuBrettPhos,2,t-BuBrettPhos,1.607816561,31.563467025756836,19.021404266357422
reaction:3624,t-BuBrettPhos,2,t-BuBrettPhos,42.1300284,31.5927677154541,19.021404266357422
reaction:3625,t-BuBrettPhos,2,t-BuBrettPhos,55.13286563,31.616792678833008,19.021404266357422
reaction:3626,t-BuBrettPhos,2,t-BuBrettPhos,13.51164782,31.567846298217773,19.021404266357422
reaction:3627,t-BuBrettPhos,2,t-BuBrettPhos,36.28377215,31.587656021118164,19.021404266357422
reaction:3628,t-BuBrettPhos,2,t-BuBrettPhos,43.31119655,31.60251235961914,19.021404266357422
reaction:3629,t-BuBrettPhos,2,t-BuBrettPhos,0.568210949,31.56184196472168,19.021404266357422
reaction:3630,t-BuBrettPhos,2,t-BuBrettPhos,31.09780796,31.585712432861328,19.021404266357422
reaction:3631,t-BuBrettPhos,2,t-BuBrettPhos,44.42036094,31.605085372924805,19.021404266357422
reaction:3632,t-BuBrettPhos,2,t-BuBrettPhos,6.604799576,31.562170028686523,19.021404266357422
reaction:3633,t-BuBrettPhos,2,t-BuBrettPhos,53.30648897,31.599140167236328,19.021404266357422
reaction:3634,t-BuBrettPhos,2,t-BuBrettPhos,73.95398123,31.62698745727539,19.021404266357422
reaction:3635,t-BuBrettPhos,2,t-BuBrettPhos,64.98015189,31.600669860839844,19.021404266357422
reaction:3636,t-BuBrettPhos,2,t-BuBrettPhos,71.05445565,31.61178970336914,19.021404266357422
reaction:3637,t-BuBrettPhos,2,t-BuBrettPhos,83.94468409,31.640050888061523,19.021404266357422
reaction:3638,t-BuBrettPhos,2,t-BuBrettPhos,2.019729051,31.563093185424805,19.021404266357422
reaction:3639,t-BuBrettPhos,2,t-BuBrettPhos,55.99062735,31.60045623779297,19.021404266357422
reaction:3640,t-BuBrettPhos,2,t-BuBrettPhos,83.04189522,31.63372039794922,19.021404266357422
reaction:3641,t-BuBrettPhos,2,t-BuBrettPhos,17.35437544,31.574792861938477,19.021404266357422
reaction:3642,t-BuBrettPhos,2,t-BuBrettPhos,28.92940614,31.583417892456055,19.021406173706055
reaction:3643,t-BuBrettPhos,2,t-BuBrettPhos,34.70800352,31.58877182006836,19.021404266357422
reaction:3644,t-BuBrettPhos,2,t-BuBrettPhos,0.572188732,31.562597274780273,19.021408081054688
reaction:3645,t-BuBrettPhos,2,t-BuBrettPhos,38.02062933,31.588645935058594,19.021404266357422
reaction:3646,t-BuBrettPhos,2,t-BuBrettPhos,38.77000873,31.595876693725586,19.021404266357422
reaction:3647,t-BuBrettPhos,2,t-BuBrettPhos,13.95905877,31.56536865234375,19.021406173706055
reaction:3648,t-BuBrettPhos,2,t-BuBrettPhos,60.55316321,31.603946685791016,19.021404266357422
reaction:3649,t-BuBrettPhos,2,t-BuBrettPhos,63.14360639,31.609975814819336,19.021404266357422
reaction:3650,t-BuBrettPhos,2,t-BuBrettPhos,41.14460565,31.597278594970703,19.021404266357422
reaction:3651,t-BuBrettPhos,2,t-BuBrettPhos,47.20893463,31.60232162475586,19.021404266357422
reaction:3652,t-BuBrettPhos,2,t-BuBrettPhos,58.17261114,31.608612060546875,19.021404266357422
reaction:3653,t-BuBrettPhos,2,t-BuBrettPhos,13.53376242,31.57549285888672,19.021406173706055
reaction:3654,t-BuBrettPhos,2,t-BuBrettPhos,53.60304102,31.604618072509766,19.021404266357422
reaction:3655,t-BuBrettPhos,2,t-BuBrettPhos,58.45828833,31.612014770507812,19.021404266357422
reaction:3656,t-BuBrettPhos,2,t-BuBrettPhos,5.492602222,31.565988540649414,19.021404266357422
reaction:3657,t-BuBrettPhos,2,t-BuBrettPhos,30.47937114,31.589052200317383,19.021404266357422
reaction:3658,t-BuBrettPhos,2,t-BuBrettPhos,38.18576353,31.597023010253906,19.021404266357422
reaction:3659,t-BuBrettPhos,2,t-BuBrettPhos,0.0,31.561939239501953,19.021404266357422
reaction:3660,t-BuBrettPhos,2,t-BuBrettPhos,21.09483753,31.57933807373047,19.021404266357422
reaction:3661,t-BuBrettPhos,2,t-BuBrettPhos,57.7087314,31.605268478393555,19.021404266357422
reaction:3662,t-BuBrettPhos,2,t-BuBrettPhos,6.312401384,31.562862396240234,19.021404266357422
reaction:3663,t-BuBrettPhos,2,t-BuBrettPhos,40.61436819,31.59320068359375,19.021404266357422
reaction:3664,t-BuBrettPhos,2,t-BuBrettPhos,62.94407370000001,31.619497299194336,19.021404266357422
reaction:3665,t-BuBrettPhos,2,t-BuBrettPhos,29.74076309,31.582406997680664,19.021404266357422
reaction:3666,t-BuBrettPhos,2,t-BuBrettPhos,38.06656269,31.591148376464844,19.021404266357422
reaction:3667,t-BuBrettPhos,2,t-BuBrettPhos,64.15465798,31.614429473876953,19.021404266357422
reaction:3668,t-BuBrettPhos,2,t-BuBrettPhos,4.069080612,31.56415557861328,19.021404266357422
reaction:3669,t-BuBrettPhos,2,t-BuBrettPhos,49.17268474,31.600852966308594,19.021404266357422
reaction:3670,t-BuBrettPhos,2,t-BuBrettPhos,57.52960259,31.618459701538086,19.021404266357422
reaction:3671,t-BuBrettPhos,2,t-BuBrettPhos,12.78962475,31.56629753112793,19.021404266357422
reaction:3672,t-BuBrettPhos,2,t-BuBrettPhos,31.88542104,31.590656280517578,19.021404266357422
reaction:3673,t-BuBrettPhos,2,t-BuBrettPhos,41.17290032,31.599885940551758,19.021404266357422
reaction:3674,t-BuBrettPhos,2,t-BuBrettPhos,0.0,31.561620712280273,19.021404266357422
reaction:3675,t-BuBrettPhos,2,t-BuBrettPhos,36.44526769,31.582033157348633,19.021404266357422
reaction:3676,t-BuBrettPhos,2,t-BuBrettPhos,47.11829387,31.60573959350586,19.021404266357422
reaction:3677,t-BuBrettPhos,2,t-BuBrettPhos,6.880494812999999,31.562490463256836,19.021404266357422
reaction:3678,t-BuBrettPhos,2,t-BuBrettPhos,62.86856054,31.59857940673828,19.021404266357422
reaction:3679,t-BuBrettPhos,2,t-BuBrettPhos,72.345187,31.624900817871094,19.021404266357422
reaction:3680,t-BuBrettPhos,2,t-BuBrettPhos,72.24358198,31.598024368286133,19.021404266357422
reaction:3681,t-BuBrettPhos,2,t-BuBrettPhos,73.49750543,31.607942581176758,19.021404266357422
reaction:3682,t-BuBrettPhos,2,t-BuBrettPhos,86.32465757,31.637348175048828,19.021404266357422
reaction:3683,t-BuBrettPhos,2,t-BuBrettPhos,2.394294255,31.562702178955078,19.021404266357422
reaction:3684,t-BuBrettPhos,2,t-BuBrettPhos,47.68791361,31.601341247558594,19.021404266357422
reaction:3685,t-BuBrettPhos,2,t-BuBrettPhos,81.55614964,31.6290225982666,19.021404266357422
reaction:3686,t-BuBrettPhos,2,t-BuBrettPhos,11.04036087,31.569496154785156,19.021404266357422
reaction:3687,t-BuBrettPhos,2,t-BuBrettPhos,24.23482722,31.583906173706055,19.021404266357422
reaction:3688,t-BuBrettPhos,2,t-BuBrettPhos,31.2993075,31.594697952270508,19.021404266357422
reaction:3689,t-BuBrettPhos,2,t-BuBrettPhos,0.337596865,31.561805725097656,19.021406173706055
reaction:3690,t-BuBrettPhos,2,t-BuBrettPhos,46.64890669,31.607410430908203,19.021404266357422
reaction:3691,t-BuBrettPhos,2,t-BuBrettPhos,45.17206702,31.61091423034668,19.021404266357422
reaction:3692,t-BuBrettPhos,2,t-BuBrettPhos,9.993569506,31.56354522705078,19.021404266357422
reaction:3693,t-BuBrettPhos,2,t-BuBrettPhos,68.91825786,31.625951766967773,19.021404266357422
reaction:3694,t-BuBrettPhos,2,t-BuBrettPhos,69.27632316,31.628568649291992,19.021404266357422
reaction:3695,t-BuBrettPhos,2,t-BuBrettPhos,78.77070783,31.62865447998047,19.021404266357422
reaction:3696,t-BuBrettPhos,2,t-BuBrettPhos,76.11415284,31.631532669067383,19.021404266357422
reaction:3697,t-BuBrettPhos,2,t-BuBrettPhos,81.78695125,31.637304306030273,19.021404266357422
reaction:3698,t-BuBrettPhos,2,t-BuBrettPhos,3.724806832,31.56713104248047,19.021404266357422
reaction:3699,t-BuBrettPhos,2,t-BuBrettPhos,17.80357266,31.587846755981445,19.021404266357422
reaction:3700,t-BuBrettPhos,2,t-BuBrettPhos,61.99734129,31.621564865112305,19.021404266357422
reaction:3701,t-BuBrettPhos,2,t-BuBrettPhos,27.20831726,31.575571060180664,19.021404266357422
reaction:3702,t-BuBrettPhos,2,t-BuBrettPhos,38.14083048,31.5949764251709,19.021404266357422
reaction:3703,t-BuBrettPhos,2,t-BuBrettPhos,36.4250561,31.598609924316406,19.021404266357422
reaction:3704,t-BuBrettPhos,2,t-BuBrettPhos,1.088494579,31.562408447265625,19.021404266357422
reaction:3705,t-BuBrettPhos,2,t-BuBrettPhos,37.85579692,31.596607208251953,19.021404266357422
reaction:3706,t-BuBrettPhos,2,t-BuBrettPhos,41.07404232,31.60291290283203,19.021404266357422
reaction:3707,t-BuBrettPhos,2,t-BuBrettPhos,8.955312407000001,31.562808990478516,19.021404266357422
reaction:3708,t-BuBrettPhos,2,t-BuBrettPhos,59.10146589,31.613561630249023,19.021404266357422
reaction:3709,t-BuBrettPhos,2,t-BuBrettPhos,65.48133698,31.625967025756836,19.021404266357422
reaction:3710,t-BuBrettPhos,2,t-BuBrettPhos,62.79572595,31.605045318603516,19.021404266357422
reaction:3711,t-BuBrettPhos,2,t-BuBrettPhos,65.86005497,31.61231231689453,19.021404266357422
reaction:3712,t-BuBrettPhos,2,t-BuBrettPhos,64.68104609,31.618946075439453,19.021404266357422
reaction:3713,t-BuBrettPhos,2,t-BuBrettPhos,25.61137798,31.573110580444336,19.021404266357422
reaction:3714,t-BuBrettPhos,2,t-BuBrettPhos,56.47869884,31.613889694213867,19.021404266357422
reaction:3715,t-BuBrettPhos,2,t-BuBrettPhos,60.5253289,31.62323760986328,19.021404266357422
reaction:3716,t-BuBrettPhos,2,t-BuBrettPhos,28.57251929,31.57606315612793,19.021404266357422
reaction:3717,t-BuBrettPhos,2,t-BuBrettPhos,38.20471013,31.59881019592285,19.021404266357422
reaction:3718,t-BuBrettPhos,2,t-BuBrettPhos,41.63261266,31.605897903442383,19.021404266357422
reaction:3719,t-BuBrettPhos,2,t-BuBrettPhos,1.226874544,31.56246566772461,19.021404266357422
reaction:3720,t-BuBrettPhos,2,t-BuBrettPhos,47.15627467,31.604177474975586,19.021404266357422
reaction:3721,t-BuBrettPhos,2,t-BuBrettPhos,49.15467449,31.610382080078125,19.021404266357422
reaction:3722,t-BuBrettPhos,2,t-BuBrettPhos,9.293896224,31.5627498626709,19.021404266357422
reaction:3723,t-BuBrettPhos,2,t-BuBrettPhos,74.97052076,31.626344680786133,19.021404266357422
reaction:3724,t-BuBrettPhos,2,t-BuBrettPhos,75.97219172,31.637359619140625,19.021404266357422
reaction:3725,t-BuBrettPhos,2,t-BuBrettPhos,85.53405964,31.630901336669922,19.021404266357422
reaction:3726,t-BuBrettPhos,2,t-BuBrettPhos,80.79670421,31.639305114746094,19.021404266357422
reaction:3727,t-BuBrettPhos,2,t-BuBrettPhos,85.64532689,31.64967918395996,19.021404266357422
reaction:3728,t-BuBrettPhos,2,t-BuBrettPhos,21.70039266,31.57208251953125,19.021404266357422
reaction:3729,t-BuBrettPhos,2,t-BuBrettPhos,76.95155975,31.626148223876953,19.021404266357422
reaction:3730,t-BuBrettPhos,2,t-BuBrettPhos,80.79774090000001,31.640140533447266,19.021404266357422
reaction:3731,t-BuBrettPhos,2,t-BuBrettPhos,2.008708666,31.564123153686523,19.021404266357422
reaction:3732,t-BuBrettPhos,2,t-BuBrettPhos,25.56755062,31.58106231689453,19.021404266357422
reaction:3733,t-BuBrettPhos,2,t-BuBrettPhos,32.35958784,31.59017562866211,19.021404266357422
reaction:3734,t-BuBrettPhos,2,t-BuBrettPhos,0.0,31.56102180480957,19.021406173706055
reaction:3735,t-BuBrettPhos,2,t-BuBrettPhos,41.6263458,31.59149742126465,19.021404266357422
reaction:3736,t-BuBrettPhos,2,t-BuBrettPhos,41.53702825,31.60468292236328,19.021404266357422
reaction:3737,t-BuBrettPhos,2,t-BuBrettPhos,5.761815995,31.56165313720703,19.021404266357422
reaction:3738,t-BuBrettPhos,2,t-BuBrettPhos,63.22828466,31.612199783325195,19.021404266357422
reaction:3739,t-BuBrettPhos,2,t-BuBrettPhos,66.89026205,31.620729446411133,19.021404266357422
reaction:3740,t-BuBrettPhos,2,t-BuBrettPhos,72.60987428,31.613901138305664,19.021404266357422
reaction:3741,t-BuBrettPhos,2,t-BuBrettPhos,78.22401013,31.6212215423584,19.021404266357422
reaction:3742,t-BuBrettPhos,2,t-BuBrettPhos,70.14060434,31.625837326049805,19.021404266357422
reaction:3743,t-BuBrettPhos,2,t-BuBrettPhos,0.810171959,31.564136505126953,19.021404266357422
reaction:3744,t-BuBrettPhos,2,t-BuBrettPhos,48.96975625,31.5981502532959,19.021404266357422
reaction:3745,t-BuBrettPhos,2,t-BuBrettPhos,50.40479784,31.607677459716797,19.021404266357422
reaction:3746,t-BuBrettPhos,2,t-BuBrettPhos,6.090802245,31.563671112060547,19.021404266357422
reaction:3747,t-BuBrettPhos,2,t-BuBrettPhos,38.90083473,31.58745002746582,19.021404266357422
reaction:3748,t-BuBrettPhos,2,t-BuBrettPhos,37.47062049,31.59427833557129,19.02140235900879
reaction:3749,t-BuBrettPhos,2,t-BuBrettPhos,0.0,31.561222076416016,19.021404266357422
reaction:3750,t-BuBrettPhos,2,t-BuBrettPhos,35.15329281,31.580041885375977,19.02140235900879
reaction:3751,t-BuBrettPhos,2,t-BuBrettPhos,41.08459601,31.597427368164062,19.02140235900879
reaction:3752,t-BuBrettPhos,2,t-BuBrettPhos,4.12761042,31.561412811279297,19.021404266357422
reaction:3753,t-BuBrettPhos,2,t-BuBrettPhos,56.83415199,31.594667434692383,19.021404266357422
reaction:3754,t-BuBrettPhos,2,t-BuBrettPhos,65.44832937,31.619184494018555,19.021404266357422
reaction:3755,t-BuBrettPhos,2,t-BuBrettPhos,58.01064055,31.586172103881836,19.021404266357422
reaction:3756,t-BuBrettPhos,2,t-BuBrettPhos,63.16520406,31.598379135131836,19.021404266357422
reaction:3757,t-BuBrettPhos,2,t-BuBrettPhos,66.65248144,31.613149642944336,19.021404266357422
reaction:3758,t-BuBrettPhos,2,t-BuBrettPhos,2.68455705,31.56317138671875,19.021404266357422
reaction:3759,t-BuBrettPhos,2,t-BuBrettPhos,58.35068095,31.60610008239746,19.021404266357422
reaction:3760,t-BuBrettPhos,2,t-BuBrettPhos,61.04278074,31.616758346557617,19.021404266357422
reaction:3761,t-BuBrettPhos,2,t-BuBrettPhos,6.03417912,31.56377410888672,19.021404266357422
reaction:3762,t-BuBrettPhos,2,t-BuBrettPhos,38.15565558,31.58837890625,19.021404266357422
reaction:3763,t-BuBrettPhos,2,t-BuBrettPhos,45.15638688,31.598981857299805,19.02140235900879
reaction:3764,t-BuBrettPhos,2,t-BuBrettPhos,0.0,31.560876846313477,19.021404266357422
reaction:3765,t-BuBrettPhos,2,t-BuBrettPhos,36.98776703,31.584444046020508,19.02140235900879
reaction:3766,t-BuBrettPhos,2,t-BuBrettPhos,44.33872807,31.602205276489258,19.02140235900879
reaction:3767,t-BuBrettPhos,2,t-BuBrettPhos,4.225486824,31.561063766479492,19.021404266357422
reaction:3768,t-BuBrettPhos,2,t-BuBrettPhos,59.21946541,31.603342056274414,19.021404266357422
reaction:3769,t-BuBrettPhos,2,t-BuBrettPhos,74.59845802,31.62705421447754,19.021404266357422
reaction:3770,t-BuBrettPhos,2,t-BuBrettPhos,78.02488381,31.60796546936035,19.021404266357422
reaction:3771,t-BuBrettPhos,2,t-BuBrettPhos,80.73687357,31.62228775024414,19.021404266357422
reaction:3772,t-BuBrettPhos,2,t-BuBrettPhos,88.24637541,31.64266014099121,19.021404266357422
reaction:3773,t-BuBrettPhos,2,t-BuBrettPhos,1.957264533,31.5626277923584,19.021404266357422
reaction:3774,t-BuBrettPhos,2,t-BuBrettPhos,65.74098646,31.615550994873047,19.021404266357422
reaction:3775,t-BuBrettPhos,2,t-BuBrettPhos,83.83843021,31.632463455200195,19.021404266357422
reaction:3776,AdBrettPhos,0,AdBrettPhos,10.47269891,32.92903518676758,18.66130828857422
reaction:3777,AdBrettPhos,0,AdBrettPhos,12.16304801,32.92903518676758,18.66130828857422
reaction:3778,AdBrettPhos,0,AdBrettPhos,10.78771766,32.92903518676758,18.66130828857422
reaction:3779,AdBrettPhos,0,AdBrettPhos,1.152131483,32.92903518676758,18.66130828857422
reaction:3780,AdBrettPhos,0,AdBrettPhos,14.89842021,32.92903518676758,18.66130828857422
reaction:3781,AdBrettPhos,0,AdBrettPhos,16.26779165,32.92903518676758,18.66130828857422
reaction:3782,AdBrettPhos,0,AdBrettPhos,4.656693452,32.92903518676758,18.66130828857422
reaction:3783,AdBrettPhos,0,AdBrettPhos,21.20587604,32.92903518676758,18.66130828857422
reaction:3784,AdBrettPhos,0,AdBrettPhos,27.685942800000003,32.92903518676758,18.66130828857422
reaction:3785,AdBrettPhos,0,AdBrettPhos,21.50066765,32.92903518676758,18.66130828857422
reaction:3786,AdBrettPhos,0,AdBrettPhos,25.90827653,32.92903518676758,18.66130828857422
reaction:3787,AdBrettPhos,0,AdBrettPhos,28.29509241,32.92903518676758,18.66130828857422
reaction:3788,AdBrettPhos,0,AdBrettPhos,14.747497199999998,32.92903518676758,18.66130828857422
reaction:3789,AdBrettPhos,0,AdBrettPhos,17.65611496,32.92903518676758,18.66130828857422
reaction:3790,AdBrettPhos,0,AdBrettPhos,19.96336659,32.92903518676758,18.66130828857422
reaction:3791,AdBrettPhos,0,AdBrettPhos,2.505489323,32.92903518676758,18.66130828857422
reaction:3792,AdBrettPhos,0,AdBrettPhos,15.19101144,32.92903518676758,18.66130828857422
reaction:3793,AdBrettPhos,0,AdBrettPhos,34.181383399999994,32.92903518676758,18.66130828857422
reaction:3794,AdBrettPhos,0,AdBrettPhos,0.4677335079999999,32.92903518676758,18.66130828857422
reaction:3795,AdBrettPhos,0,AdBrettPhos,14.98944103,32.92903518676758,18.66130828857422
reaction:3796,AdBrettPhos,0,AdBrettPhos,40.85999304,32.92903518676758,18.66130828857422
reaction:3797,AdBrettPhos,0,AdBrettPhos,0.648980669,32.92903518676758,18.66130828857422
reaction:3798,AdBrettPhos,0,AdBrettPhos,24.05265274,32.92903518676758,18.66130828857422
reaction:3799,AdBrettPhos,0,AdBrettPhos,60.8676331,32.92903518676758,18.66130828857422
reaction:3800,AdBrettPhos,0,AdBrettPhos,20.28381752,32.92903518676758,18.66130828857422
reaction:3801,AdBrettPhos,0,AdBrettPhos,30.24326754,32.92903518676758,18.66130828857422
reaction:3802,AdBrettPhos,0,AdBrettPhos,53.5695113,32.92903518676758,18.66130828857422
reaction:3803,AdBrettPhos,0,AdBrettPhos,1.726024029,32.92903518676758,18.66130828857422
reaction:3804,AdBrettPhos,0,AdBrettPhos,36.92601799,32.92903518676758,18.66130828857422
reaction:3805,AdBrettPhos,0,AdBrettPhos,56.57387493,32.92903518676758,18.66130828857422
reaction:3806,AdBrettPhos,0,AdBrettPhos,7.949590253999999,32.92903518676758,18.66130828857422
reaction:3807,AdBrettPhos,0,AdBrettPhos,30.30978378,32.92903518676758,18.66130828857422
reaction:3808,AdBrettPhos,0,AdBrettPhos,47.10591975,32.92903518676758,18.66130828857422
reaction:3809,AdBrettPhos,0,AdBrettPhos,0.256451547,32.92903518676758,18.66130828857422
reaction:3810,AdBrettPhos,0,AdBrettPhos,26.95590806,32.92903518676758,18.66130828857422
reaction:3811,AdBrettPhos,0,AdBrettPhos,49.01475041,32.92903518676758,18.66130828857422
reaction:3812,AdBrettPhos,0,AdBrettPhos,0.727174946,32.92903518676758,18.66130828857422
reaction:3813,AdBrettPhos,0,AdBrettPhos,34.67021781,32.92903518676758,18.66130828857422
reaction:3814,AdBrettPhos,0,AdBrettPhos,73.39202626,32.92903518676758,18.66130828857422
reaction:3815,AdBrettPhos,0,AdBrettPhos,29.55686861,32.92903518676758,18.66130828857422
reaction:3816,AdBrettPhos,0,AdBrettPhos,41.06227561,32.92903518676758,18.66130828857422
reaction:3817,AdBrettPhos,0,AdBrettPhos,86.42573792,32.92903518676758,18.66130828857422
reaction:3818,AdBrettPhos,0,AdBrettPhos,0.0,32.92903518676758,18.66130828857422
reaction:3819,AdBrettPhos,0,AdBrettPhos,27.34305282,32.92903518676758,18.66130828857422
reaction:3820,AdBrettPhos,0,AdBrettPhos,76.73986616,32.92903518676758,18.66130828857422
reaction:3821,AdBrettPhos,0,AdBrettPhos,15.5615648,32.92903518676758,18.66130828857422
reaction:3822,AdBrettPhos,0,AdBrettPhos,24.35604753,32.92903518676758,18.66130828857422
reaction:3823,AdBrettPhos,0,AdBrettPhos,28.85136629,32.92903518676758,18.66130828857422
reaction:3824,AdBrettPhos,0,AdBrettPhos,0.979807222,32.92903518676758,18.66130828857422
reaction:3825,AdBrettPhos,0,AdBrettPhos,29.01476311,32.92903518676758,18.66130828857422
reaction:3826,AdBrettPhos,0,AdBrettPhos,33.20741805,32.92903518676758,18.66130828857422
reaction:3827,AdBrettPhos,0,AdBrettPhos,4.08442672,32.92903518676758,18.66130828857422
reaction:3828,AdBrettPhos,0,AdBrettPhos,46.70548466,32.92903518676758,18.66130828857422
reaction:3829,AdBrettPhos,0,AdBrettPhos,49.28704587,32.92903518676758,18.66130828857422
reaction:3830,AdBrettPhos,0,AdBrettPhos,31.37415917,32.92903518676758,18.66130828857422
reaction:3831,AdBrettPhos,0,AdBrettPhos,37.12306374,32.92903518676758,18.66130828857422
reaction:3832,AdBrettPhos,0,AdBrettPhos,42.69698784,32.92903518676758,18.66130828857422
reaction:3833,AdBrettPhos,0,AdBrettPhos,16.74814495,32.92903518676758,18.66130828857422
reaction:3834,AdBrettPhos,0,AdBrettPhos,52.20286143,32.92903518676758,18.66130828857422
reaction:3835,AdBrettPhos,0,AdBrettPhos,56.41870071,32.92903518676758,18.66130828857422
reaction:3836,AdBrettPhos,0,AdBrettPhos,3.434831672,32.92903518676758,18.66130828857422
reaction:3837,AdBrettPhos,0,AdBrettPhos,26.32369704,32.92903518676758,18.66130828857422
reaction:3838,AdBrettPhos,0,AdBrettPhos,36.14852387,32.92903518676758,18.66130828857422
reaction:3839,AdBrettPhos,0,AdBrettPhos,0.0,32.92903518676758,18.66130828857422
reaction:3840,AdBrettPhos,0,AdBrettPhos,16.7341519,32.92903518676758,18.66130828857422
reaction:3841,AdBrettPhos,0,AdBrettPhos,49.985461,32.92903518676758,18.66130828857422
reaction:3842,AdBrettPhos,0,AdBrettPhos,0.995077613,32.92903518676758,18.66130828857422
reaction:3843,AdBrettPhos,0,AdBrettPhos,30.16614104,32.92903518676758,18.66130828857422
reaction:3844,AdBrettPhos,0,AdBrettPhos,59.31991617,32.92903518676758,18.66130828857422
reaction:3845,AdBrettPhos,0,AdBrettPhos,20.49711258,32.92903518676758,18.66130828857422
reaction:3846,AdBrettPhos,0,AdBrettPhos,31.02334366,32.92903518676758,18.66130828857422
reaction:3847,AdBrettPhos,0,AdBrettPhos,56.03747384,32.92903518676758,18.66130828857422
reaction:3848,AdBrettPhos,0,AdBrettPhos,2.039001868,32.92903518676758,18.66130828857422
reaction:3849,AdBrettPhos,0,AdBrettPhos,47.55321922,32.92903518676758,18.66130828857422
reaction:3850,AdBrettPhos,0,AdBrettPhos,59.16216512,32.92903518676758,18.66130828857422
reaction:3851,AdBrettPhos,0,AdBrettPhos,5.071740985,32.92903518676758,18.66130828857422
reaction:3852,AdBrettPhos,0,AdBrettPhos,31.60555467,32.92903518676758,18.66130828857422
reaction:3853,AdBrettPhos,0,AdBrettPhos,41.60266431,32.92903518676758,18.66130828857422
reaction:3854,AdBrettPhos,0,AdBrettPhos,0.0,32.92903518676758,18.66130828857422
reaction:3855,AdBrettPhos,0,AdBrettPhos,20.44948228,32.92903518676758,18.66130828857422
reaction:3856,AdBrettPhos,0,AdBrettPhos,46.3015164,32.92903518676758,18.66130828857422
reaction:3857,AdBrettPhos,0,AdBrettPhos,1.005881291,32.92903518676758,18.66130828857422
reaction:3858,AdBrettPhos,0,AdBrettPhos,34.47263315,32.92903518676758,18.66130828857422
reaction:3859,AdBrettPhos,0,AdBrettPhos,72.29221067,32.92903518676758,18.66130828857422
reaction:3860,AdBrettPhos,0,AdBrettPhos,31.19527434,32.92903518676758,18.66130828857422
reaction:3861,AdBrettPhos,0,AdBrettPhos,39.71442231,32.92903518676758,18.66130828857422
reaction:3862,AdBrettPhos,0,AdBrettPhos,83.49602396,32.92903518676758,18.66130828857422
reaction:3863,AdBrettPhos,0,AdBrettPhos,0.0,32.92903518676758,18.66130828857422
reaction:3864,AdBrettPhos,0,AdBrettPhos,27.15696835,32.92903518676758,18.66130828857422
reaction:3865,AdBrettPhos,0,AdBrettPhos,67.35182955,32.92903518676758,18.66130828857422
reaction:3866,AdBrettPhos,0,AdBrettPhos,6.112603375,32.92903518676758,18.66130828857422
reaction:3867,AdBrettPhos,0,AdBrettPhos,19.11941212,32.92903518676758,18.66130828857422
reaction:3868,AdBrettPhos,0,AdBrettPhos,29.76126623,32.92903518676758,18.66130828857422
reaction:3869,AdBrettPhos,0,AdBrettPhos,0.0,32.92903518676758,18.66130828857422
reaction:3870,AdBrettPhos,0,AdBrettPhos,49.20462645,32.92903518676758,18.66130828857422
reaction:3871,AdBrettPhos,0,AdBrettPhos,49.50904012,32.92903518676758,18.66130828857422
reaction:3872,AdBrettPhos,0,AdBrettPhos,1.743650282,32.92903518676758,18.66130828857422
reaction:3873,AdBrettPhos,0,AdBrettPhos,67.14890203,32.92903518676758,18.66130828857422
reaction:3874,AdBrettPhos,0,AdBrettPhos,68.20094264,32.92903518676758,18.66130828857422
reaction:3875,AdBrettPhos,0,AdBrettPhos,74.20453315,32.92903518676758,18.66130828857422
reaction:3876,AdBrettPhos,0,AdBrettPhos,74.49984474,32.92903518676758,18.66130828857422
reaction:3877,AdBrettPhos,0,AdBrettPhos,83.44233536,32.92903518676758,18.66130828857422
reaction:3878,AdBrettPhos,0,AdBrettPhos,2.899493403,32.92903518676758,18.66130828857422
reaction:3879,AdBrettPhos,0,AdBrettPhos,16.85617983,32.92903518676758,18.66130828857422
reaction:3880,AdBrettPhos,0,AdBrettPhos,65.67896113,32.92903518676758,18.66130828857422
reaction:3881,AdBrettPhos,0,AdBrettPhos,17.43734901,32.92903518676758,18.66130828857422
reaction:3882,AdBrettPhos,0,AdBrettPhos,35.28597628,32.92903518676758,18.66130828857422
reaction:3883,AdBrettPhos,0,AdBrettPhos,36.96535355,32.92903518676758,18.66130828857422
reaction:3884,AdBrettPhos,0,AdBrettPhos,0.926720681,32.92903518676758,18.66130828857422
reaction:3885,AdBrettPhos,0,AdBrettPhos,38.563334600000005,32.92903518676758,18.66130828857422
reaction:3886,AdBrettPhos,0,AdBrettPhos,39.70763397,32.92903518676758,18.66130828857422
reaction:3887,AdBrettPhos,0,AdBrettPhos,1.666950752,32.92903518676758,18.66130828857422
reaction:3888,AdBrettPhos,0,AdBrettPhos,57.55922845,32.92903518676758,18.66130828857422
reaction:3889,AdBrettPhos,0,AdBrettPhos,61.437310200000006,32.92903518676758,18.66130828857422
reaction:3890,AdBrettPhos,0,AdBrettPhos,44.04139335,32.92903518676758,18.66130828857422
reaction:3891,AdBrettPhos,0,AdBrettPhos,53.66497703,32.92903518676758,18.66130828857422
reaction:3892,AdBrettPhos,0,AdBrettPhos,58.26903703,32.92903518676758,18.66130828857422
reaction:3893,AdBrettPhos,0,AdBrettPhos,15.287626800000002,32.92903518676758,18.66130828857422
reaction:3894,AdBrettPhos,0,AdBrettPhos,59.26239712,32.92903518676758,18.66130828857422
reaction:3895,AdBrettPhos,0,AdBrettPhos,62.55956501,32.92903518676758,18.66130828857422
reaction:3896,AdBrettPhos,0,AdBrettPhos,15.21649465,32.92903518676758,18.66130828857422
reaction:3897,AdBrettPhos,0,AdBrettPhos,37.4061745,32.92903518676758,18.66130828857422
reaction:3898,AdBrettPhos,0,AdBrettPhos,43.02832469,32.92903518676758,18.66130828857422
reaction:3899,AdBrettPhos,0,AdBrettPhos,1.126878627,32.92903518676758,18.66130828857422
reaction:3900,AdBrettPhos,0,AdBrettPhos,43.83894822,32.92903518676758,18.66130828857422
reaction:3901,AdBrettPhos,0,AdBrettPhos,48.45171074,32.92903518676758,18.66130828857422
reaction:3902,AdBrettPhos,0,AdBrettPhos,1.342248202,32.92903518676758,18.66130828857422
reaction:3903,AdBrettPhos,0,AdBrettPhos,69.84952946,32.92903518676758,18.66130828857422
reaction:3904,AdBrettPhos,0,AdBrettPhos,74.90352783,32.92903518676758,18.66130828857422
reaction:3905,AdBrettPhos,0,AdBrettPhos,78.41262052,32.92903518676758,18.66130828857422
reaction:3906,AdBrettPhos,0,AdBrettPhos,80.77035612,32.92903518676758,18.66130828857422
reaction:3907,AdBrettPhos,0,AdBrettPhos,84.70172213,32.92903518676758,18.66130828857422
reaction:3908,AdBrettPhos,0,AdBrettPhos,9.540861126,32.92903518676758,18.66130828857422
reaction:3909,AdBrettPhos,0,AdBrettPhos,61.6695561,32.92903518676758,18.66130828857422
reaction:3910,AdBrettPhos,0,AdBrettPhos,74.59231799,32.92903518676758,18.66130828857422
reaction:3911,AdBrettPhos,0,AdBrettPhos,1.159391266,32.92903518676758,18.66130828857422
reaction:3912,AdBrettPhos,0,AdBrettPhos,19.7798759,32.92903518676758,18.66130828857422
reaction:3913,AdBrettPhos,0,AdBrettPhos,27.25583167,32.92903518676758,18.66130828857422
reaction:3914,AdBrettPhos,0,AdBrettPhos,0.0,32.92903518676758,18.66130828857422
reaction:3915,AdBrettPhos,0,AdBrettPhos,27.61595801,32.92903518676758,18.66130828857422
reaction:3916,AdBrettPhos,0,AdBrettPhos,44.94211074,32.92903518676758,18.66130828857422
reaction:3917,AdBrettPhos,0,AdBrettPhos,0.0,32.92903518676758,18.66130828857422
reaction:3918,AdBrettPhos,0,AdBrettPhos,49.88008869,32.92903518676758,18.66130828857422
reaction:3919,AdBrettPhos,0,AdBrettPhos,61.83593039,32.92903518676758,18.66130828857422
reaction:3920,AdBrettPhos,0,AdBrettPhos,54.69797468,32.92903518676758,18.66130828857422
reaction:3921,AdBrettPhos,0,AdBrettPhos,66.42814295,32.92903518676758,18.66130828857422
reaction:3922,AdBrettPhos,0,AdBrettPhos,66.04767415,32.92903518676758,18.66130828857422
reaction:3923,AdBrettPhos,0,AdBrettPhos,0.899554125,32.92903518676758,18.66130828857422
reaction:3924,AdBrettPhos,0,AdBrettPhos,41.91155944,32.92903518676758,18.66130828857422
reaction:3925,AdBrettPhos,0,AdBrettPhos,45.77046106,32.92903518676758,18.66130828857422
reaction:3926,AdBrettPhos,0,AdBrettPhos,2.749074467,32.92903518676758,18.66130828857422
reaction:3927,AdBrettPhos,0,AdBrettPhos,28.74221631,32.92903518676758,18.66130828857422
reaction:3928,AdBrettPhos,0,AdBrettPhos,33.74215602,32.92903518676758,18.66130828857422
reaction:3929,AdBrettPhos,0,AdBrettPhos,0.0,32.92903518676758,18.66130828857422
reaction:3930,AdBrettPhos,0,AdBrettPhos,20.54633014,32.92903518676758,18.66130828857422
reaction:3931,AdBrettPhos,0,AdBrettPhos,34.2854552,32.92903518676758,18.66130828857422
reaction:3932,AdBrettPhos,0,AdBrettPhos,0.52608193,32.92903518676758,18.66130828857422
reaction:3933,AdBrettPhos,0,AdBrettPhos,35.20097749,32.92903518676758,18.66130828857422
reaction:3934,AdBrettPhos,0,AdBrettPhos,57.87416713,32.92903518676758,18.66130828857422
reaction:3935,AdBrettPhos,0,AdBrettPhos,28.17135486,32.92903518676758,18.66130828857422
reaction:3936,AdBrettPhos,0,AdBrettPhos,42.18931962,32.92903518676758,18.66130828857422
reaction:3937,AdBrettPhos,0,AdBrettPhos,54.86277738,32.92903518676758,18.66130828857422
reaction:3938,AdBrettPhos,0,AdBrettPhos,1.7201850419999998,32.92903518676758,18.66130828857422
reaction:3939,AdBrettPhos,0,AdBrettPhos,52.96278289,32.92903518676758,18.66130828857422
reaction:3940,AdBrettPhos,0,AdBrettPhos,55.26466335,32.92903518676758,18.66130828857422
reaction:3941,AdBrettPhos,0,AdBrettPhos,2.565604497,32.92903518676758,18.66130828857422
reaction:3942,AdBrettPhos,0,AdBrettPhos,25.67305216,32.92903518676758,18.66130828857422
reaction:3943,AdBrettPhos,0,AdBrettPhos,40.24019595,32.92903518676758,18.66130828857422
reaction:3944,AdBrettPhos,0,AdBrettPhos,0.0,32.92903518676758,18.66130828857422
reaction:3945,AdBrettPhos,0,AdBrettPhos,20.84643886,32.92903518676758,18.66130828857422
reaction:3946,AdBrettPhos,0,AdBrettPhos,46.31398784,32.92903518676758,18.66130828857422
reaction:3947,AdBrettPhos,0,AdBrettPhos,0.553317014,32.92903518676758,18.66130828857422
reaction:3948,AdBrettPhos,0,AdBrettPhos,32.70750682,32.92903518676758,18.66130828857422
reaction:3949,AdBrettPhos,0,AdBrettPhos,69.61841713,32.92903518676758,18.66130828857422
reaction:3950,AdBrettPhos,0,AdBrettPhos,38.40380593,32.92903518676758,18.66130828857422
reaction:3951,AdBrettPhos,0,AdBrettPhos,57.42667045,32.92903518676758,18.66130828857422
reaction:3952,AdBrettPhos,0,AdBrettPhos,86.23315653,32.92903518676758,18.66130828857422
reaction:3953,AdBrettPhos,0,AdBrettPhos,1.44008073,32.92903518676758,18.66130828857422
reaction:3954,AdBrettPhos,0,AdBrettPhos,43.53836522,32.92903518676758,18.66130828857422
reaction:3955,AdBrettPhos,0,AdBrettPhos,69.79590237,32.92903518676758,18.66130828857422
