row_id,ligand,fold,reference_group,y_true,y_pred,y_std
reaction:1,P(tBu)3,5,,4.76,0.8026542663574219,19.769710540771484
reaction:2,P(Ph)3,2,,4.12,1.7827835083007812,20.402355194091797
reaction:3,AmPhos,6,,2.58,8.672492980957031,21.026147842407227
reaction:4,P(Cy)3,2,,4.44,10.236686706542969,19.649707794189453
reaction:5,P(o-Tol)3,4,,1.95,7.967090606689453,19.26470184326172
reaction:6,CataCXium A,0,,3.25,9.436386108398438,19.857112884521484
reaction:7,SPhos,7,,86.26,75.83538055419922,18.75835609436035
reaction:9,XPhos,6,,93.67,92.43551635742188,21.040164947509766
reaction:13,P(tBu)3,5,,3.16,11.015632629394531,21.155563354492188
reaction:14,P(Ph)3,5,,4.75,7.664024353027344,21.743106842041016
reaction:15,AmPhos,2,,2.46,5.682086944580078,20.425582885742188
reaction:16,P(Cy)3,5,,5.27,6.254058837890625,20.956422805786133
reaction:17,P(o-Tol)3,6,,1.96,1.6330413818359375,20.257417678833008
reaction:18,CataCXium A,6,,3.35,3.6811599731445312,19.805179595947266
reaction:19,SPhos,2,,69.22,69.82730865478516,20.003358840942383
reaction:21,XPhos,1,,83.19,70.35384368896484,20.595916748046875
reaction:25,P(tBu)3,7,,1.79,2.6721878051757812,20.149625778198242
reaction:26,P(Ph)3,2,,4.36,0.580322265625,20.179162979125977
reaction:27,AmPhos,7,,2.71,4.860321044921875,19.73794937133789
reaction:28,P(Cy)3,6,,6.49,10.11574935913086,21.111682891845703
reaction:29,P(o-Tol)3,6,,2.1,7.671104431152344,21.17639923095703
reaction:30,CataCXium A,2,,3.32,2.8453102111816406,19.19764518737793
reaction:31,SPhos,7,,68.44,71.24345397949219,20.30047607421875
reaction:33,XPhos,5,,73.02,73.51538848876953,20.16146469116211
reaction:37,P(tBu)3,6,,3.0,2.3762245178222656,20.901182174682617
reaction:38,P(Ph)3,4,,4.73,-0.4842987060546875,20.332599639892578
reaction:39,AmPhos,3,,2.58,-1.8171234130859375,19.99924087524414
reaction:40,P(Cy)3,4,,5.83,-7.660858154296875,19.68408203125
reaction:41,P(o-Tol)3,1,,1.88,-0.5358467102050781,20.243661880493164
reaction:42,CataCXium A,4,,3.69,-4.053936004638672,20.07720184326172
reaction:43,SPhos,5,,53.34,52.66816711425781,20.059484481811523
reaction:45,XPhos,4,,60.67,62.35673904418945,21.30508804321289
reaction:49,P(tBu)3,1,,5.6,6.400196075439453,20.297452926635742
reaction:50,P(Ph)3,2,,4.82,2.7456016540527344,21.027421951293945
reaction:51,AmPhos,0,,2.49,4.768062591552734,20.09558868408203
reaction:52,P(Cy)3,3,,6.46,11.292770385742188,18.61252784729004
reaction:53,P(o-Tol)3,2,,2.06,3.9722328186035156,19.680522918701172
reaction:54,CataCXium A,5,,3.22,8.437454223632812,20.109161376953125
reaction:55,SPhos,1,,78.42,71.20404815673828,20.63245391845703
reaction:57,XPhos,2,,92.22,89.68669128417969,20.932588577270508
reaction:61,P(tBu)3,7,,7.08,13.223731994628906,20.243602752685547
reaction:62,P(Ph)3,3,,5.45,5.4335174560546875,19.607664108276367
reaction:63,AmPhos,5,,1.99,9.33548355102539,20.402917861938477
reaction:64,P(Cy)3,0,,6.08,10.927867889404297,20.020715713500977
reaction:65,P(o-Tol)3,6,,2.45,5.937595367431641,20.43922996520996
reaction:66,CataCXium A,5,,3.57,2.9818801879882812,19.7132625579834
reaction:67,SPhos,4,,85.77,75.82672119140625,20.241682052612305
reaction:69,XPhos,7,,92.83,80.0753173828125,20.074478149414062
reaction:73,P(tBu)3,0,,7.82,12.051155090332031,20.992568969726562
reaction:74,P(Ph)3,5,,6.14,4.746158599853516,20.258638381958008
reaction:75,AmPhos,2,,2.13,3.8068885803222656,19.705472946166992
reaction:76,P(Cy)3,7,,5.05,15.03499984741211,18.702653884887695
reaction:77,P(o-Tol)3,6,,1.98,1.8838882446289062,20.672605514526367
reaction:78,CataCXium A,7,,4.47,12.737174987792969,19.353046417236328
reaction:79,SPhos,0,,78.96,79.65211486816406,18.72369384765625
reaction:81,XPhos,0,,90.3,86.0809326171875,19.110197067260742
reaction:85,P(tBu)3,2,,9.76,12.885833740234375,20.329910278320312
reaction:86,P(Ph)3,6,,4.15,6.911609649658203,19.608060836791992
reaction:87,AmPhos,1,,1.53,12.157604217529297,18.19243621826172
reaction:88,P(Cy)3,7,,5.8,7.868843078613281,18.506803512573242
reaction:89,P(o-Tol)3,3,,2.65,0.5487937927246094,19.208251953125
reaction:90,CataCXium A,7,,4.43,16.482698440551758,18.59943199157715
reaction:91,SPhos,2,,66.8,74.22443389892578,20.49894905090332
reaction:93,XPhos,5,,78.23,75.45055389404297,21.21034812927246
reaction:97,P(tBu)3,7,,33.79,53.49216842651367,19.782913208007812
reaction:98,P(Ph)3,3,,8.08,11.1431884765625,19.909805297851562
reaction:99,AmPhos,7,,61.2,46.45862579345703,19.08085060119629
reaction:100,P(Cy)3,1,,69.94,65.43159484863281,19.312055587768555
reaction:101,P(o-Tol)3,2,,7.2,14.45010757446289,20.144535064697266
reaction:102,CataCXium A,3,,79.47,62.75111770629883,18.38875961303711
reaction:103,SPhos,2,,87.06,91.60545349121094,19.642396926879883
reaction:105,XPhos,4,,88.97,87.00718688964844,20.570180892944336
reaction:109,P(tBu)3,4,,66.74,55.36167526245117,20.475833892822266
reaction:110,P(Ph)3,1,,8.11,12.51639175415039,20.29532241821289
reaction:111,AmPhos,5,,57.48,42.27177429199219,21.88083839416504
reaction:112,P(Cy)3,1,,61.89,62.91731262207031,20.36311149597168
reaction:113,P(o-Tol)3,0,,2.23,5.513675689697266,20.833620071411133
reaction:114,CataCXium A,0,,70.45,60.35451889038086,20.377574920654297
reaction:115,SPhos,4,,79.85,63.980125427246094,20.195077896118164
reaction:117,XPhos,1,,80.77,59.63136291503906,21.256147384643555
reaction:121,P(tBu)3,5,,39.17,43.105369567871094,20.728757858276367
reaction:122,P(Ph)3,1,,7.24,8.598907470703125,20.446306228637695
reaction:123,AmPhos,2,,44.98,48.092227935791016,20.791889190673828
reaction:124,P(Cy)3,4,,50.95,72.2210693359375,19.068450927734375
reaction:125,P(o-Tol)3,3,,2.23,2.2665977478027344,18.822166442871094
reaction:126,CataCXium A,7,,61.29,60.574825286865234,18.77497673034668
reaction:127,SPhos,7,,60.83,66.28170776367188,19.803953170776367
reaction:129,XPhos,4,,53.52,66.66059112548828,20.939250946044922
reaction:133,P(tBu)3,2,,41.23,42.99524688720703,20.082294464111328
reaction:134,P(Ph)3,5,,6.66,7.314716339111328,20.692197799682617
reaction:135,AmPhos,3,,33.02,42.12577819824219,20.219369888305664
reaction:136,P(Cy)3,1,,50.06,54.677398681640625,19.83013153076172
reaction:137,P(o-Tol)3,6,,2.68,-2.667694091796875,19.291595458984375
reaction:138,CataCXium A,4,,55.85,60.23471450805664,19.74994468688965
reaction:139,SPhos,0,,47.94,56.481903076171875,19.51360511779785
reaction:141,XPhos,1,,52.33,54.40819549560547,21.10030174255371
reaction:145,P(tBu)3,4,,48.56,46.719017028808594,20.587190628051758
reaction:146,P(Ph)3,6,,7.77,7.228443145751953,19.957721710205078
reaction:147,AmPhos,5,,42.73,39.76864242553711,20.5927734375
reaction:148,P(Cy)3,7,,55.08,58.1663932800293,19.138242721557617
reaction:149,P(o-Tol)3,3,,3.03,2.3402938842773438,18.59598731994629
reaction:150,CataCXium A,7,,62.33,59.21366882324219,19.761985778808594
reaction:151,SPhos,7,,73.31,66.49195098876953,19.970518112182617
reaction:153,XPhos,1,,72.0,79.19815063476562,21.306903839111328
reaction:157,P(tBu)3,5,,66.16,47.05213928222656,20.213157653808594
reaction:158,P(Ph)3,1,,9.92,11.809234619140625,20.28864860534668
reaction:159,AmPhos,6,,58.51,42.883583068847656,20.301576614379883
reaction:160,P(Cy)3,3,,78.15,46.48326873779297,18.34546661376953
reaction:161,P(o-Tol)3,6,,5.12,8.189029693603516,20.049713134765625
reaction:162,CataCXium A,4,,62.02,61.16124725341797,19.521343231201172
reaction:163,SPhos,6,,85.95,83.70555114746094,20.076854705810547
reaction:165,XPhos,0,,85.21,76.63619232177734,20.868366241455078
reaction:169,P(tBu)3,2,,68.72,52.94904327392578,20.173917770385742
reaction:170,P(Ph)3,4,,10.16,17.144235610961914,20.116744995117188
reaction:171,AmPhos,1,,48.8,45.47576904296875,19.252050399780273
reaction:172,P(Cy)3,6,,82.65,59.88564682006836,20.1021671295166
reaction:173,P(o-Tol)3,0,,5.97,9.466239929199219,19.6647891998291
reaction:174,CataCXium A,7,,80.74,69.6023941040039,19.6870059967041
reaction:175,SPhos,4,,87.82,83.82113647460938,20.486446380615234
reaction:177,XPhos,6,,88.93,88.81886291503906,20.614994049072266
reaction:181,P(tBu)3,3,,67.57,58.52479553222656,19.986623764038086
reaction:182,P(Ph)3,4,,9.44,17.34945297241211,20.398569107055664
reaction:183,AmPhos,5,,64.56,53.07183074951172,21.20581817626953
reaction:184,P(Cy)3,2,,73.97,70.1274642944336,19.531448364257812
reaction:185,P(o-Tol)3,7,,4.81,13.150318145751953,18.69350814819336
reaction:186,CataCXium A,2,,83.62,78.88848876953125,19.615488052368164
reaction:187,SPhos,1,,89.17,82.04926300048828,20.173648834228516
reaction:189,XPhos,2,,91.35,82.208984375,21.33767318725586
reaction:193,P(tBu)3,3,,17.33,20.470645904541016,20.971160888671875
reaction:194,P(Ph)3,2,,6.27,1.4350509643554688,19.62821388244629
reaction:195,AmPhos,5,,5.34,13.523468017578125,20.09061050415039
reaction:196,P(Cy)3,4,,12.74,17.029523849487305,19.52355194091797
reaction:197,P(o-Tol)3,0,,5.37,4.067832946777344,20.575634002685547
reaction:198,CataCXium A,4,,8.6,10.05196762084961,18.632343292236328
reaction:199,SPhos,5,,77.85,78.2834701538086,18.980070114135742
reaction:201,XPhos,2,,88.28,67.43101501464844,20.50939178466797
reaction:205,P(tBu)3,7,,3.5,6.192081451416016,20.507184982299805
reaction:206,P(Ph)3,7,,6.84,10.714778900146484,20.41754150390625
reaction:207,AmPhos,7,,2.54,2.5361328125,20.643814086914062
reaction:208,P(Cy)3,4,,10.59,14.843215942382812,19.467981338500977
reaction:209,P(o-Tol)3,4,,1.19,-4.984394073486328,19.262975692749023
reaction:210,CataCXium A,0,,7.85,5.482013702392578,20.159765243530273
reaction:211,SPhos,0,,42.13,58.494258880615234,19.956588745117188
reaction:213,XPhos,0,,37.01,63.89358139038086,20.829912185668945
reaction:217,P(tBu)3,7,,1.22,-0.5717620849609375,20.537025451660156
reaction:218,P(Ph)3,0,,6.24,10.864002227783203,20.809782028198242
reaction:219,AmPhos,3,,4.25,3.8701171875,20.416717529296875
reaction:220,P(Cy)3,3,,42.54,15.145084381103516,18.786863327026367
reaction:221,P(o-Tol)3,7,,1.05,7.34881591796875,19.36121368408203
reaction:222,CataCXium A,3,,12.89,17.681148529052734,18.745704650878906
reaction:223,SPhos,7,,63.88,68.69888305664062,19.4091739654541
reaction:225,XPhos,5,,60.88,61.428043365478516,20.593385696411133
reaction:229,P(tBu)3,5,,3.69,11.438041687011719,21.075748443603516
reaction:230,P(Ph)3,5,,5.3,5.9276275634765625,20.41499900817871
reaction:231,AmPhos,3,,5.08,4.382213592529297,21.132986068725586
reaction:232,P(Cy)3,3,,6.97,4.537479400634766,18.512908935546875
reaction:233,P(o-Tol)3,1,,0.99,3.6663551330566406,19.962949752807617
reaction:234,CataCXium A,5,,11.91,7.886600494384766,20.195648193359375
reaction:235,SPhos,1,,39.83,44.908321380615234,19.64929962158203
reaction:237,XPhos,6,,39.49,42.982154846191406,21.36501693725586
reaction:241,P(tBu)3,0,,13.55,7.843509674072266,21.188766479492188
reaction:242,P(Ph)3,2,,4.36,3.2597389221191406,20.089614868164062
reaction:243,AmPhos,3,,3.3,6.425682067871094,21.384929656982422
reaction:244,P(Cy)3,3,,7.47,19.21502113342285,18.599899291992188
reaction:245,P(o-Tol)3,7,,3.54,3.0604019165039062,19.72864532470703
reaction:246,CataCXium A,1,,10.67,8.957408905029297,19.982030868530273
reaction:247,SPhos,7,,62.77,57.446983337402344,19.680532455444336
reaction:249,XPhos,0,,79.14,58.228607177734375,21.17304039001465
reaction:253,P(tBu)3,0,,23.07,18.385169982910156,20.681758880615234
reaction:254,P(Ph)3,7,,7.07,6.0947113037109375,20.4527587890625
reaction:255,AmPhos,4,,4.12,8.73611831665039,20.627891540527344
reaction:256,P(Cy)3,0,,6.71,17.200439453125,20.38299560546875
reaction:257,P(o-Tol)3,0,,2.67,0.8317146301269531,20.26080894470215
reaction:258,CataCXium A,1,,6.27,8.165645599365234,19.462703704833984
reaction:259,SPhos,6,,71.54,56.386802673339844,20.149322509765625
reaction:261,XPhos,3,,61.47,50.46192932128906,19.815176010131836
reaction:265,P(tBu)3,0,,17.9,20.920188903808594,21.084157943725586
reaction:266,P(Ph)3,4,,4.61,7.0330352783203125,19.783470153808594
reaction:267,AmPhos,3,,4.6,2.36700439453125,20.522775650024414
reaction:268,P(Cy)3,7,,7.56,16.149328231811523,18.551870346069336
reaction:269,P(o-Tol)3,5,,2.56,0.803314208984375,20.61937141418457
reaction:270,CataCXium A,3,,6.26,16.869665145874023,19.21468734741211
reaction:271,SPhos,4,,72.84,49.145931243896484,20.800418853759766
reaction:273,XPhos,2,,67.48,59.10176086425781,20.201404571533203
reaction:277,P(tBu)3,1,,19.08,21.75716209411621,18.684173583984375
reaction:278,P(Ph)3,6,,4.88,3.088848114013672,19.89966583251953
reaction:279,AmPhos,4,,5.43,11.019832611083984,20.41978645324707
reaction:280,P(Cy)3,4,,7.06,13.284713745117188,19.524208068847656
reaction:281,P(o-Tol)3,3,,1.22,1.8137245178222656,19.004362106323242
reaction:282,CataCXium A,5,,8.89,14.71413803100586,20.217369079589844
reaction:283,SPhos,2,,49.12,55.13737869262695,20.15950584411621
reaction:285,XPhos,0,,43.52,59.84088134765625,21.083616256713867
reaction:289,P(tBu)3,0,,33.37,20.697914123535156,21.383560180664062
reaction:290,P(Ph)3,0,,15.35,19.045673370361328,20.645994186401367
reaction:291,AmPhos,7,,30.96,21.553674697875977,18.68791961669922
reaction:292,P(Cy)3,7,,32.72,27.480857849121094,18.657310485839844
reaction:293,P(o-Tol)3,0,,34.24,14.156566619873047,20.1787166595459
reaction:294,CataCXium A,2,,14.91,33.66733932495117,19.28862762451172
reaction:295,SPhos,5,,43.3,45.21676254272461,19.264101028442383
reaction:297,XPhos,3,,37.65,56.998939514160156,20.056556701660156
reaction:301,P(tBu)3,1,,27.3,24.917877197265625,19.411209106445312
reaction:302,P(Ph)3,1,,37.47,17.005613327026367,20.147916793823242
reaction:303,AmPhos,3,,13.08,25.269060134887695,20.365070343017578
reaction:304,P(Cy)3,2,,27.89,28.889728546142578,19.241832733154297
reaction:305,P(o-Tol)3,5,,14.4,22.118610382080078,20.98296356201172
reaction:306,CataCXium A,0,,25.15,17.89596939086914,20.15420913696289
reaction:307,SPhos,5,,16.51,24.827362060546875,20.227489471435547
reaction:309,XPhos,2,,30.98,33.899375915527344,19.915525436401367
reaction:313,P(tBu)3,3,,28.45,22.895671844482422,20.418546676635742
reaction:314,P(Ph)3,1,,13.64,17.8095760345459,20.26799201965332
reaction:315,AmPhos,3,,31.82,22.197351455688477,20.180736541748047
reaction:316,P(Cy)3,6,,30.94,31.46774673461914,20.705652236938477
reaction:317,P(o-Tol)3,7,,31.98,15.572965621948242,18.99595069885254
reaction:318,CataCXium A,2,,28.13,27.07961654663086,19.100971221923828
reaction:319,SPhos,2,,18.42,13.78170394897461,20.234771728515625
reaction:321,XPhos,5,,35.0,12.373245239257812,20.711843490600586
reaction:325,P(tBu)3,7,,26.85,19.012054443359375,20.480443954467773
reaction:326,P(Ph)3,3,,15.5,24.531017303466797,19.202449798583984
reaction:327,AmPhos,2,,12.57,19.299827575683594,19.32489013671875
reaction:328,P(Cy)3,7,,14.4,28.42612075805664,18.657155990600586
reaction:329,P(o-Tol)3,1,,13.04,19.467342376708984,20.764719009399414
reaction:330,CataCXium A,7,,15.23,24.36768913269043,18.832416534423828
reaction:331,SPhos,2,,22.25,24.512182235717773,20.3045597076416
reaction:333,XPhos,1,,22.24,34.456153869628906,20.5037899017334
reaction:337,P(tBu)3,0,,14.91,20.484664916992188,21.076019287109375
reaction:338,P(Ph)3,4,,18.37,21.64916229248047,21.009597778320312
reaction:339,AmPhos,6,,22.52,19.07286834716797,20.949703216552734
reaction:340,P(Cy)3,4,,39.31,21.553972244262695,18.70797348022461
reaction:341,P(o-Tol)3,1,,18.24,20.329147338867188,20.78973960876465
reaction:342,CataCXium A,0,,30.77,23.633544921875,19.413206100463867
reaction:343,SPhos,0,,19.02,38.00584411621094,20.17729949951172
reaction:345,XPhos,6,,40.25,54.98384094238281,20.722949981689453
reaction:349,P(tBu)3,6,,12.85,26.302051544189453,21.126169204711914
reaction:350,P(Ph)3,7,,22.93,18.669858932495117,19.967082977294922
reaction:351,AmPhos,5,,12.79,22.668777465820312,19.995655059814453
reaction:352,P(Cy)3,5,,13.31,27.538692474365234,19.572107315063477
reaction:353,P(o-Tol)3,1,,11.64,17.02811622619629,20.360008239746094
reaction:354,CataCXium A,2,,13.56,21.903789520263672,19.209768295288086
reaction:355,SPhos,6,,16.83,44.026161193847656,19.457948684692383
reaction:357,XPhos,6,,27.33,61.7338981628418,20.90151596069336
reaction:361,P(tBu)3,2,,12.62,16.733352661132812,19.933080673217773
reaction:362,P(Ph)3,4,,17.43,24.102558135986328,20.536170959472656
reaction:363,AmPhos,4,,13.35,18.793930053710938,19.039514541625977
reaction:364,P(Cy)3,5,,27.89,30.741649627685547,19.318115234375
reaction:365,P(o-Tol)3,5,,14.65,18.82404136657715,20.25736427307129
reaction:366,CataCXium A,3,,31.02,26.895183563232422,18.658193588256836
reaction:367,SPhos,4,,18.02,17.736108779907227,20.807104110717773
reaction:369,XPhos,5,,32.86,24.010452270507812,20.799518585205078
reaction:373,P(tBu)3,0,,13.88,16.127004623413086,21.17777442932129
reaction:374,P(Ph)3,0,,14.7,9.977542877197266,20.572851181030273
reaction:375,AmPhos,0,,32.25,18.901287078857422,21.174503326416016
reaction:376,P(Cy)3,5,,17.65,23.495807647705078,19.795820236206055
reaction:377,P(o-Tol)3,1,,16.99,15.643209457397461,20.896381378173828
reaction:378,CataCXium A,3,,41.59,20.790424346923828,18.67506217956543
reaction:379,SPhos,0,,21.47,10.675994873046875,19.746387481689453
reaction:381,XPhos,5,,37.87,12.93927001953125,21.29425811767578
reaction:385,P(tBu)3,6,,79.31,91.38754272460938,21.27276039123535
reaction:386,P(Ph)3,0,,85.43,85.23152160644531,20.099395751953125
reaction:387,AmPhos,1,,86.82,91.69290161132812,21.513822555541992
reaction:388,P(Cy)3,3,,75.98,83.50997924804688,19.27912139892578
reaction:389,P(o-Tol)3,2,,41.8,42.88917541503906,19.660751342773438
reaction:390,CataCXium A,0,,96.38,97.92221069335938,19.36090087890625
reaction:391,SPhos,1,,92.63,77.6693344116211,20.182201385498047
reaction:393,XPhos,1,,90.21,65.19527435302734,20.344350814819336
reaction:397,P(tBu)3,1,,93.3,84.21246337890625,20.68871307373047
reaction:398,P(Ph)3,3,,90.89,79.42235565185547,21.377107620239258
reaction:399,AmPhos,3,,93.44,83.9287109375,20.13410758972168
reaction:400,P(Cy)3,0,,86.13,78.70146179199219,19.38788414001465
reaction:401,P(o-Tol)3,1,,28.22,45.11093521118164,20.30986785888672
reaction:402,CataCXium A,0,,93.94,88.4759521484375,20.016225814819336
reaction:403,SPhos,0,,71.11,67.49374389648438,19.043657302856445
reaction:405,XPhos,7,,56.96,59.886024475097656,20.99332618713379
reaction:409,P(tBu)3,2,,76.51,54.06481170654297,21.569473266601562
reaction:410,P(Ph)3,6,,68.5,75.48502349853516,21.11444854736328
reaction:411,AmPhos,0,,83.6,81.3017578125,22.144947052001953
reaction:412,P(Cy)3,0,,71.0,68.99183654785156,18.8525390625
reaction:413,P(o-Tol)3,7,,39.98,36.41830825805664,20.927082061767578
reaction:414,CataCXium A,5,,84.02,83.53216552734375,19.088674545288086
reaction:415,SPhos,3,,46.81,69.1054916381836,20.30950355529785
reaction:417,XPhos,6,,46.08,47.94013977050781,22.052217483520508
reaction:421,P(tBu)3,6,,67.14,76.35401916503906,20.441822052001953
reaction:422,P(Ph)3,7,,62.56,72.62690734863281,19.281198501586914
reaction:423,AmPhos,1,,77.71,79.782470703125,20.995582580566406
reaction:424,P(Cy)3,6,,48.17,56.5020866394043,20.389039993286133
reaction:425,P(o-Tol)3,2,,30.4,23.13248634338379,20.26923370361328
reaction:426,CataCXium A,5,,82.69,74.58106231689453,19.293447494506836
reaction:427,SPhos,6,,36.08,55.93450164794922,20.80220603942871
reaction:429,XPhos,4,,34.03,62.546199798583984,21.459169387817383
reaction:433,P(tBu)3,3,,78.75,79.46980285644531,20.42743682861328
reaction:434,P(Ph)3,1,,76.72,79.14949035644531,20.394208908081055
reaction:435,AmPhos,5,,87.47,87.67664337158203,20.01088523864746
reaction:436,P(Cy)3,4,,63.2,75.06100463867188,19.072973251342773
reaction:437,P(o-Tol)3,7,,40.06,37.44420623779297,20.35726547241211
reaction:438,CataCXium A,2,,95.57,91.60221862792969,19.837514877319336
reaction:439,SPhos,3,,71.71,76.26821899414062,20.30110740661621
reaction:441,XPhos,7,,74.15,67.60578918457031,21.028545379638672
reaction:445,P(tBu)3,0,,90.99,96.59235382080078,20.704561233520508
reaction:446,P(Ph)3,3,,96.76,79.28702545166016,20.610301971435547
reaction:447,AmPhos,2,,91.93,88.98164367675781,20.59046745300293
reaction:448,P(Cy)3,6,,87.49,87.64060974121094,20.498947143554688
reaction:449,P(o-Tol)3,7,,34.73,48.9938850402832,20.955904006958008
reaction:450,CataCXium A,4,,95.88,95.45561218261719,19.266345977783203
reaction:451,SPhos,4,,92.53,75.11646270751953,20.449054718017578
reaction:453,XPhos,6,,75.54,59.85801696777344,20.703929901123047
reaction:457,P(tBu)3,7,,91.95,92.7501220703125,20.69388198852539
reaction:458,P(Ph)3,4,,88.9,76.39717864990234,20.56576156616211
reaction:459,AmPhos,4,,91.32,88.82585144042969,18.90289878845215
reaction:460,P(Cy)3,7,,90.6,71.45257568359375,19.335660934448242
reaction:461,P(o-Tol)3,0,,25.72,39.1323127746582,19.153104782104492
reaction:462,CataCXium A,5,,96.05,92.29731750488281,19.219707489013672
reaction:463,SPhos,7,,81.16,61.93406677246094,19.734243392944336
reaction:465,XPhos,6,,64.3,57.96162796020508,21.611404418945312
reaction:469,P(tBu)3,6,,91.09,92.53971862792969,21.582151412963867
reaction:470,P(Ph)3,5,,83.34,77.98393249511719,20.14362335205078
reaction:471,AmPhos,3,,90.34,85.37799835205078,20.567289352416992
reaction:472,P(Cy)3,6,,67.73,65.75282287597656,19.910236358642578
reaction:473,P(o-Tol)3,0,,21.43,38.08575439453125,19.687780380249023
reaction:474,CataCXium A,0,,91.81,82.24044799804688,19.697391510009766
reaction:475,SPhos,2,,61.6,52.44731903076172,19.987506866455078
reaction:477,XPhos,3,,42.69,49.576229095458984,20.382648468017578
reaction:481,P(tBu)3,1,,87.82,81.66734313964844,21.325273513793945
reaction:482,P(Ph)3,4,,90.21,91.38868713378906,18.850465774536133
reaction:483,AmPhos,2,,86.25,87.95535278320312,21.365585327148438
reaction:484,P(Cy)3,2,,78.26,70.91608428955078,18.243547439575195
reaction:485,P(o-Tol)3,1,,70.18,52.41250228881836,20.64634895324707
reaction:486,CataCXium A,3,,96.57,97.06025695800781,19.491125106811523
reaction:487,SPhos,2,,72.44,78.3512954711914,19.40826416015625
reaction:489,XPhos,4,,71.64,58.32233428955078,20.932968139648438
reaction:493,P(tBu)3,2,,93.99,82.15509033203125,22.091609954833984
reaction:494,P(Ph)3,6,,95.93,92.72976684570312,20.21466827392578
reaction:495,AmPhos,1,,91.69,75.4571533203125,20.58736228942871
reaction:496,P(Cy)3,4,,74.19,68.49893951416016,19.33643341064453
reaction:497,P(o-Tol)3,3,,56.2,57.75358200073242,20.334095001220703
reaction:498,CataCXium A,3,,96.89,89.8041000366211,19.935075759887695
reaction:499,SPhos,1,,67.2,60.16758728027344,21.1972713470459
reaction:501,XPhos,1,,48.37,42.93138885498047,21.893951416015625
reaction:505,P(tBu)3,2,,72.82,58.54447937011719,22.35127830505371
reaction:506,P(Ph)3,6,,75.08,79.65676879882812,21.189926147460938
reaction:507,AmPhos,2,,74.79,82.3106689453125,21.679140090942383
reaction:508,P(Cy)3,6,,55.51,62.203025817871094,20.525897979736328
reaction:509,P(o-Tol)3,2,,51.71,47.27630615234375,19.878177642822266
reaction:510,CataCXium A,2,,75.62,88.18354797363281,19.112625122070312
reaction:511,SPhos,1,,32.56,39.1622200012207,21.441558837890625
reaction:513,XPhos,2,,19.33,39.1490478515625,21.212459564208984
reaction:517,P(tBu)3,3,,60.2,74.0241928100586,19.518524169921875
reaction:518,P(Ph)3,1,,70.78,77.87457275390625,20.323707580566406
reaction:519,AmPhos,7,,70.16,78.64331817626953,21.87261390686035
reaction:520,P(Cy)3,4,,34.61,51.11578369140625,19.677032470703125
reaction:521,P(o-Tol)3,2,,34.54,42.883270263671875,20.107627868652344
reaction:522,CataCXium A,0,,79.66,85.48234558105469,19.370962142944336
reaction:523,SPhos,4,,34.88,39.20944595336914,20.551607131958008
reaction:525,XPhos,4,,24.48,47.22702407836914,20.742408752441406
reaction:529,P(tBu)3,2,,66.68,79.23857879638672,21.865331649780273
reaction:530,P(Ph)3,3,,73.8,83.73554992675781,19.903106689453125
reaction:531,AmPhos,2,,75.63,81.34060668945312,20.667980194091797
reaction:532,P(Cy)3,5,,44.1,61.4311408996582,18.86418914794922
reaction:533,P(o-Tol)3,2,,52.45,49.450984954833984,20.72641944885254
reaction:534,CataCXium A,1,,87.88,80.27569580078125,20.924354553222656
reaction:535,SPhos,1,,51.15,61.99807357788086,21.61387825012207
reaction:537,XPhos,1,,50.12,52.0131950378418,21.963115692138672
reaction:541,P(tBu)3,0,,92.77,92.67709350585938,20.973468780517578
reaction:542,P(Ph)3,5,,87.78,93.32664489746094,19.235065460205078
reaction:543,AmPhos,3,,89.22,83.61909484863281,20.419174194335938
reaction:544,P(Cy)3,5,,73.6,77.69706726074219,18.67513084411621
reaction:545,P(o-Tol)3,1,,73.33,48.84189224243164,19.96187973022461
reaction:546,CataCXium A,1,,97.29,90.76307678222656,20.084863662719727
reaction:547,SPhos,5,,68.32,72.13308715820312,20.70587921142578
reaction:549,XPhos,2,,45.58,60.16095733642578,20.291316986083984
reaction:553,P(tBu)3,0,,94.67,88.68868255615234,20.897823333740234
reaction:554,P(Ph)3,6,,94.88,87.59646606445312,20.479158401489258
reaction:555,AmPhos,2,,91.88,86.61404418945312,21.5647029876709
reaction:556,P(Cy)3,1,,80.43,70.96747589111328,19.3490047454834
reaction:557,P(o-Tol)3,7,,41.28,59.73942565917969,20.129291534423828
reaction:558,CataCXium A,6,,97.83,99.9355239868164,20.32819366455078
reaction:559,SPhos,0,,70.45,63.944252014160156,18.51474952697754
reaction:561,XPhos,1,,60.95,56.2812385559082,20.053722381591797
reaction:565,P(tBu)3,1,,92.98,84.5581283569336,20.15119743347168
reaction:566,P(Ph)3,2,,95.48,93.14883422851562,20.272666931152344
reaction:567,AmPhos,4,,92.22,89.908447265625,20.41798973083496
reaction:568,P(Cy)3,4,,81.47,66.09361267089844,19.65068817138672
reaction:569,P(o-Tol)3,1,,65.14,49.208621978759766,20.886966705322266
reaction:570,CataCXium A,0,,97.86,96.34625244140625,20.100322723388672
reaction:571,SPhos,4,,61.39,56.53483963012695,19.916351318359375
reaction:573,XPhos,0,,63.04,39.65388870239258,20.053159713745117
reaction:577,P(tBu)3,1,,72.57,64.51839447021484,21.409934997558594
reaction:578,P(Ph)3,0,,75.94,79.48030853271484,19.964345932006836
reaction:579,AmPhos,4,,66.37,59.294193267822266,20.196657180786133
reaction:580,P(Cy)3,7,,55.56,59.189998626708984,18.92560386657715
reaction:581,P(o-Tol)3,0,,17.1,32.40851593017578,20.2388916015625
reaction:582,CataCXium A,5,,81.09,68.45645904541016,18.81855010986328
reaction:583,SPhos,0,,59.55,61.704593658447266,20.23335838317871
reaction:585,XPhos,6,,26.44,52.62757110595703,21.119760513305664
reaction:589,P(tBu)3,1,,13.2,46.96012496948242,20.93939208984375
reaction:590,P(Ph)3,4,,84.39,77.22816467285156,19.218505859375
reaction:591,AmPhos,7,,29.98,55.77870559692383,22.30137062072754
reaction:592,P(Cy)3,6,,37.34,53.59925842285156,20.39952850341797
reaction:593,P(o-Tol)3,3,,11.56,17.792930603027344,20.925857543945312
reaction:594,CataCXium A,0,,50.79,64.70170593261719,19.625446319580078
reaction:595,SPhos,1,,27.28,36.75246047973633,21.4857177734375
reaction:597,XPhos,6,,10.88,28.988723754882812,21.6374454498291
reaction:601,P(tBu)3,0,,9.48,41.779258728027344,21.375314712524414
reaction:602,P(Ph)3,7,,84.61,71.44598388671875,20.060192108154297
reaction:603,AmPhos,2,,57.94,52.394439697265625,21.253446578979492
reaction:604,P(Cy)3,5,,57.56,50.79805374145508,18.41977882385254
reaction:605,P(o-Tol)3,6,,14.51,32.62229919433594,20.712814331054688
reaction:606,CataCXium A,2,,80.36,72.14330291748047,19.17631721496582
reaction:607,SPhos,1,,62.26,38.11589813232422,20.974817276000977
reaction:609,XPhos,7,,44.81,18.600170135498047,21.27843475341797
reaction:613,P(tBu)3,1,,50.79,47.04127502441406,21.146724700927734
reaction:614,P(Ph)3,7,,72.94,68.73358154296875,20.349323272705078
reaction:615,AmPhos,5,,56.65,52.51141357421875,19.619993209838867
reaction:616,P(Cy)3,1,,29.96,31.6153621673584,20.61208724975586
reaction:617,P(o-Tol)3,3,,16.2,16.596357345581055,20.054563522338867
reaction:618,CataCXium A,3,,65.71,64.98035430908203,19.16600799560547
reaction:619,SPhos,7,,22.24,30.726011276245117,20.47437286376953
reaction:621,XPhos,5,,29.35,13.205951690673828,21.074234008789062
reaction:625,P(tBu)3,6,,49.15,47.308448791503906,21.574880599975586
reaction:626,P(Ph)3,5,,80.18,72.4317398071289,20.237638473510742
reaction:627,AmPhos,7,,67.22,58.32078552246094,21.848405838012695
reaction:628,P(Cy)3,0,,60.71,48.40610122680664,18.819353103637695
reaction:629,P(o-Tol)3,0,,20.57,27.969573974609375,19.587675094604492
reaction:630,CataCXium A,1,,84.99,70.12644958496094,21.181259155273438
reaction:631,SPhos,3,,62.66,44.012027740478516,20.302837371826172
reaction:633,XPhos,5,,30.55,36.801002502441406,20.72502899169922
reaction:637,P(tBu)3,4,,82.07,64.40884399414062,21.10009002685547
reaction:638,P(Ph)3,4,,81.23,79.46478271484375,20.418609619140625
reaction:639,AmPhos,7,,59.02,63.499446868896484,21.75958824157715
reaction:640,P(Cy)3,0,,64.13,56.90419006347656,19.108049392700195
reaction:641,P(o-Tol)3,2,,16.87,28.3812255859375,19.30292320251465
reaction:642,CataCXium A,2,,77.38,77.27069091796875,18.854459762573242
reaction:643,SPhos,0,,48.5,51.41496276855469,20.547893524169922
reaction:645,XPhos,4,,18.95,26.322908401489258,21.96708106994629
reaction:649,P(tBu)3,2,,66.97,66.85195922851562,20.027996063232422
reaction:650,P(Ph)3,2,,69.58,75.45897674560547,19.69814109802246
reaction:651,AmPhos,1,,50.06,62.09648895263672,20.639816284179688
reaction:652,P(Cy)3,5,,38.25,51.66762924194336,18.424633026123047
reaction:653,P(o-Tol)3,1,,23.23,9.71365737915039,19.383268356323242
reaction:654,CataCXium A,3,,65.03,70.56483459472656,19.549896240234375
reaction:655,SPhos,5,,22.76,41.62849044799805,19.510221481323242
reaction:657,XPhos,7,,22.27,20.174463272094727,20.437536239624023
reaction:661,P(tBu)3,5,,68.5,61.927955627441406,21.096284866333008
reaction:662,P(Ph)3,1,,72.85,70.61542510986328,20.360153198242188
reaction:663,AmPhos,1,,57.54,55.49345016479492,19.53093719482422
reaction:664,P(Cy)3,4,,28.7,38.48293685913086,19.412567138671875
reaction:665,P(o-Tol)3,4,,17.91,12.818336486816406,19.50954246520996
reaction:666,CataCXium A,1,,62.32,59.116661071777344,20.897159576416016
reaction:667,SPhos,0,,20.77,29.046689987182617,20.319908142089844
reaction:669,XPhos,4,,15.1,10.296142578125,21.242877960205078
reaction:673,P(tBu)3,4,,85.05,82.08050537109375,20.108482360839844
reaction:674,P(Ph)3,6,,92.8,91.71318054199219,20.78349494934082
reaction:675,AmPhos,1,,77.34,80.12628936767578,21.539155960083008
reaction:676,P(Cy)3,5,,91.24,86.4404296875,18.37722396850586
reaction:677,P(o-Tol)3,2,,87.0,83.72325134277344,19.339309692382812
reaction:678,CataCXium A,0,,91.58,89.97994995117188,19.065122604370117
reaction:679,SPhos,4,,92.88,93.9946060180664,20.904335021972656
reaction:681,XPhos,4,,91.27,78.30593872070312,21.627683639526367
reaction:685,P(tBu)3,1,,77.88,80.37664794921875,20.815723419189453
reaction:686,P(Ph)3,0,,92.6,95.21023559570312,19.891563415527344
reaction:687,AmPhos,1,,81.73,68.51316833496094,20.966711044311523
reaction:688,P(Cy)3,4,,92.24,81.99137878417969,18.882076263427734
reaction:689,P(o-Tol)3,2,,93.79,81.10713195800781,19.77998924255371
reaction:690,CataCXium A,6,,86.98,90.54945373535156,20.614988327026367
reaction:691,SPhos,2,,85.69,75.79219055175781,18.83953285217285
reaction:693,XPhos,6,,82.19,69.545654296875,20.895751953125
reaction:697,P(tBu)3,0,,69.56,77.84210205078125,22.07392120361328
reaction:698,P(Ph)3,7,,75.46,78.80303955078125,20.158916473388672
reaction:699,AmPhos,3,,75.58,76.00238037109375,20.382816314697266
reaction:700,P(Cy)3,2,,75.43,75.29102325439453,18.74406623840332
reaction:701,P(o-Tol)3,2,,87.41,75.68734741210938,19.658964157104492
reaction:702,CataCXium A,2,,80.5,80.06932067871094,18.933311462402344
reaction:703,SPhos,7,,56.64,55.73907470703125,20.3919677734375
reaction:705,XPhos,3,,45.64,57.68088912963867,20.704185485839844
reaction:709,P(tBu)3,3,,84.62,75.56863403320312,19.32610511779785
reaction:710,P(Ph)3,1,,94.67,89.65505981445312,20.47665786743164
reaction:711,AmPhos,7,,76.31,74.33714294433594,21.81191062927246
reaction:712,P(Cy)3,1,,88.84,71.87820434570312,20.649065017700195
reaction:713,P(o-Tol)3,4,,90.31,83.53721618652344,20.40540313720703
reaction:714,CataCXium A,2,,89.42,86.25218200683594,18.943710327148438
reaction:715,SPhos,3,,92.54,72.95628356933594,20.214250564575195
reaction:717,XPhos,0,,90.69,68.80497741699219,20.732391357421875
reaction:721,P(tBu)3,0,,81.33,70.00284576416016,21.576162338256836
reaction:722,P(Ph)3,2,,92.61,89.38264465332031,20.31315803527832
reaction:723,AmPhos,0,,71.62,79.07785034179688,20.6020450592041
reaction:724,P(Cy)3,4,,89.74,78.17759704589844,18.699228286743164
reaction:725,P(o-Tol)3,4,,88.24,86.57929992675781,19.364595413208008
reaction:726,CataCXium A,6,,85.46,96.68001556396484,20.339487075805664
reaction:727,SPhos,3,,91.14,80.82813262939453,20.379430770874023
reaction:729,XPhos,1,,90.55,82.14364624023438,21.4019775390625
reaction:733,P(tBu)3,5,,82.44,82.91118621826172,20.158912658691406
reaction:734,P(Ph)3,0,,92.9,98.61557006835938,19.653282165527344
reaction:735,AmPhos,0,,69.6,71.7937240600586,21.01131820678711
reaction:736,P(Cy)3,3,,89.34,92.73439025878906,19.261838912963867
reaction:737,P(o-Tol)3,0,,88.09,87.73240661621094,19.520891189575195
reaction:738,CataCXium A,6,,85.58,89.47645568847656,20.60101318359375
reaction:739,SPhos,4,,92.27,88.06805419921875,20.998090744018555
reaction:741,XPhos,4,,90.62,80.37701416015625,22.030763626098633
reaction:745,P(tBu)3,1,,74.15,74.52531433105469,20.041690826416016
reaction:746,P(Ph)3,5,,82.99,92.78897094726562,20.255226135253906
reaction:747,AmPhos,7,,73.01,71.62903594970703,21.296730041503906
reaction:748,P(Cy)3,3,,75.99,78.14697265625,19.05484962463379
reaction:749,P(o-Tol)3,7,,85.28,79.32166290283203,19.9370059967041
reaction:750,CataCXium A,6,,82.84,89.56109619140625,20.53105354309082
reaction:751,SPhos,1,,58.79,65.41305541992188,20.713533401489258
reaction:753,XPhos,2,,52.37,60.996826171875,19.806081771850586
reaction:757,P(tBu)3,5,,53.8,77.52682495117188,21.395971298217773
reaction:758,P(Ph)3,2,,62.78,71.04134368896484,19.62635040283203
reaction:759,AmPhos,6,,61.57,72.26007080078125,21.260786056518555
reaction:760,P(Cy)3,2,,52.54,60.83457565307617,18.852983474731445
reaction:761,P(o-Tol)3,0,,63.78,74.7531967163086,19.871910095214844
reaction:762,CataCXium A,7,,62.37,77.29196166992188,19.23653221130371
reaction:763,SPhos,5,,36.2,51.926856994628906,19.550701141357422
reaction:765,XPhos,5,,26.69,54.32466125488281,21.229679107666016
reaction:769,P(tBu)3,4,,56.38,65.94247436523438,20.13154411315918
reaction:770,P(Ph)3,3,,96.6,95.95536041259766,20.406551361083984
reaction:771,AmPhos,3,,83.79,81.4094467163086,21.24696922302246
reaction:772,P(Cy)3,6,,87.57,77.56092834472656,19.08066749572754
reaction:773,P(o-Tol)3,0,,69.99,75.15923309326172,19.836624145507812
reaction:774,CataCXium A,3,,91.47,90.12776184082031,19.318065643310547
reaction:775,SPhos,3,,91.47,81.87248229980469,20.880496978759766
reaction:777,XPhos,1,,92.69,78.1939468383789,19.827816009521484
reaction:781,P(tBu)3,4,,66.86,67.96600341796875,20.265331268310547
reaction:782,P(Ph)3,5,,98.53,99.19695281982422,20.88653564453125
reaction:783,AmPhos,7,,94.26,83.64690399169922,20.671749114990234
reaction:784,P(Cy)3,6,,93.05,88.62403869628906,19.052885055541992
reaction:785,P(o-Tol)3,7,,78.44,62.69023513793945,19.260698318481445
reaction:786,CataCXium A,6,,92.77,87.40544128417969,19.283945083618164
reaction:787,SPhos,6,,78.31,79.43290710449219,18.91816520690918
reaction:789,XPhos,6,,78.08,76.17611694335938,20.307214736938477
reaction:793,P(tBu)3,7,,66.13,54.200401306152344,20.276931762695312
reaction:794,P(Ph)3,1,,96.49,87.23396301269531,20.00126075744629
reaction:795,AmPhos,6,,93.69,90.59300994873047,21.090341567993164
reaction:796,P(Cy)3,2,,76.46,87.97481536865234,19.90229606628418
reaction:797,P(o-Tol)3,6,,61.39,67.13378143310547,20.129892349243164
reaction:798,CataCXium A,2,,88.31,97.90116882324219,19.74750518798828
reaction:799,SPhos,7,,45.46,70.10786437988281,19.50861358642578
reaction:801,XPhos,7,,66.46,67.21617126464844,19.791841506958008
reaction:805,P(tBu)3,2,,70.25,50.41633605957031,19.25110626220703
reaction:806,P(Ph)3,6,,87.68,89.09912109375,19.4727725982666
reaction:807,AmPhos,6,,87.91,84.89442443847656,21.052581787109375
reaction:808,P(Cy)3,3,,41.08,73.36429595947266,18.621992111206055
reaction:809,P(o-Tol)3,6,,44.26,55.543209075927734,20.0734806060791
reaction:810,CataCXium A,0,,82.41,72.7574691772461,18.34547233581543
reaction:811,SPhos,0,,44.11,62.65119171142578,19.44284439086914
reaction:813,XPhos,1,,47.08,60.93598175048828,20.710845947265625
reaction:817,P(tBu)3,7,,68.06,63.52357482910156,20.773210525512695
reaction:818,P(Ph)3,0,,96.49,96.4157485961914,19.385969161987305
reaction:819,AmPhos,1,,90.23,84.41934204101562,20.572093963623047
reaction:820,P(Cy)3,7,,81.84,79.4862289428711,18.919509887695312
reaction:821,P(o-Tol)3,5,,64.29,66.6673355102539,20.481050491333008
reaction:822,CataCXium A,1,,92.96,89.56625366210938,20.092227935791016
reaction:823,SPhos,5,,80.73,79.28472900390625,20.788291931152344
reaction:825,XPhos,1,,84.67,82.68870544433594,21.035783767700195
reaction:829,P(tBu)3,0,,68.43,75.47508239746094,19.773061752319336
reaction:830,P(Ph)3,0,,97.42,100.59304809570312,20.419687271118164
reaction:831,AmPhos,7,,84.74,86.30216979980469,20.878543853759766
reaction:832,P(Cy)3,6,,92.09,82.97908020019531,19.205101013183594
reaction:833,P(o-Tol)3,1,,82.77,67.56497955322266,19.990745544433594
reaction:834,CataCXium A,5,,91.17,87.74664306640625,19.443965911865234
reaction:835,SPhos,0,,90.89,90.72642517089844,20.215377807617188
reaction:837,XPhos,3,,91.1,83.59249877929688,21.645702362060547
reaction:841,P(tBu)3,0,,67.59,64.55599212646484,19.99282455444336
reaction:842,P(Ph)3,7,,97.45,93.6651840209961,19.00556182861328
reaction:843,AmPhos,6,,85.04,85.37371826171875,20.499094009399414
reaction:844,P(Cy)3,2,,92.7,73.06629943847656,19.19474220275879
reaction:845,P(o-Tol)3,6,,70.45,68.83618927001953,19.544336318969727
reaction:846,CataCXium A,4,,92.52,84.58309173583984,19.381818771362305
reaction:847,SPhos,7,,91.37,74.84968566894531,19.380876541137695
reaction:849,XPhos,3,,80.59,78.84101867675781,21.2333984375
reaction:853,P(tBu)3,2,,74.74,65.77587890625,20.930452346801758
reaction:854,P(Ph)3,0,,97.46,88.38209533691406,20.056655883789062
reaction:855,AmPhos,1,,90.67,82.17173767089844,18.987775802612305
reaction:856,P(Cy)3,5,,84.05,68.11729431152344,19.553442001342773
reaction:857,P(o-Tol)3,1,,58.44,56.75305938720703,21.01520347595215
reaction:858,CataCXium A,6,,88.7,83.98173522949219,18.299102783203125
reaction:859,SPhos,1,,71.35,61.39646911621094,20.28444480895996
reaction:861,XPhos,5,,66.77,58.26746368408203,21.001344680786133
reaction:865,P(tBu)3,2,,51.22,44.809600830078125,21.105981826782227
reaction:866,P(Ph)3,6,,96.32,87.36155700683594,20.19948959350586
reaction:867,AmPhos,5,,33.57,30.799474716186523,20.1367244720459
reaction:868,P(Cy)3,6,,89.35,74.29270935058594,19.34563446044922
reaction:869,P(o-Tol)3,7,,60.68,46.049949645996094,19.935588836669922
reaction:870,CataCXium A,4,,29.57,36.34466552734375,19.46310806274414
reaction:871,SPhos,0,,93.86,87.72638702392578,20.12088394165039
reaction:873,XPhos,7,,95.8,92.364013671875,19.106121063232422
reaction:877,P(tBu)3,3,,54.85,44.73550796508789,21.14291763305664
reaction:878,P(Ph)3,3,,87.25,89.11888122558594,20.44013023376465
reaction:879,AmPhos,5,,25.72,32.97362518310547,21.59088706970215
reaction:880,P(Cy)3,7,,92.7,83.16080474853516,18.28374671936035
reaction:881,P(o-Tol)3,1,,43.75,33.324581146240234,20.049951553344727
reaction:882,CataCXium A,3,,30.6,35.321632385253906,19.742713928222656
reaction:883,SPhos,3,,86.7,82.14970397949219,21.040372848510742
reaction:885,XPhos,3,,87.65,79.67059326171875,20.394081115722656
reaction:889,P(tBu)3,1,,22.37,40.9297981262207,20.226226806640625
reaction:890,P(Ph)3,3,,67.88,78.70201873779297,19.79969596862793
reaction:891,AmPhos,3,,15.15,37.19252014160156,20.24225616455078
reaction:892,P(Cy)3,0,,83.84,82.72335815429688,18.574628829956055
reaction:893,P(o-Tol)3,2,,11.83,35.56882095336914,20.233251571655273
reaction:894,CataCXium A,3,,29.45,39.77349853515625,18.90873908996582
reaction:895,SPhos,5,,52.91,59.4285774230957,20.654666900634766
reaction:897,XPhos,2,,55.66,78.1484375,21.66558837890625
reaction:901,P(tBu)3,4,,27.63,36.4913215637207,20.633827209472656
reaction:902,P(Ph)3,4,,65.66,74.6751480102539,19.674129486083984
reaction:903,AmPhos,5,,14.99,30.059486389160156,20.446765899658203
reaction:904,P(Cy)3,7,,73.07,58.57973861694336,18.525053024291992
reaction:905,P(o-Tol)3,3,,9.33,30.013996124267578,18.49749183654785
reaction:906,CataCXium A,6,,23.78,31.57806396484375,18.39158821105957
reaction:907,SPhos,3,,54.78,61.48650360107422,20.778093338012695
reaction:909,XPhos,3,,47.9,62.75175094604492,20.261871337890625
reaction:913,P(tBu)3,1,,33.26,45.93826675415039,20.897607803344727
reaction:914,P(Ph)3,4,,84.51,86.21328735351562,19.574642181396484
reaction:915,AmPhos,1,,11.46,24.97151756286621,21.120092391967773
reaction:916,P(Cy)3,2,,65.64,68.59051513671875,20.742536544799805
reaction:917,P(o-Tol)3,4,,26.99,36.62328338623047,19.384159088134766
reaction:918,CataCXium A,5,,24.54,23.095064163208008,19.174007415771484
reaction:919,SPhos,3,,61.35,79.45159912109375,20.733905792236328
reaction:921,XPhos,2,,80.83,81.67591857910156,21.308589935302734
reaction:925,P(tBu)3,3,,53.78,47.14140701293945,20.97638702392578
reaction:926,P(Ph)3,6,,85.88,83.98896789550781,20.292184829711914
reaction:927,AmPhos,4,,23.63,25.2961368560791,19.82769775390625
reaction:928,P(Cy)3,1,,65.74,76.97529602050781,19.33904266357422
reaction:929,P(o-Tol)3,2,,48.33,43.614498138427734,20.115808486938477
reaction:930,CataCXium A,4,,26.71,26.26839828491211,19.39284324645996
reaction:931,SPhos,1,,93.67,93.04460144042969,19.937652587890625
reaction:933,XPhos,5,,95.5,93.13880157470703,21.32424545288086
reaction:937,P(tBu)3,6,,49.02,43.31749725341797,20.946636199951172
reaction:938,P(Ph)3,1,,86.07,79.53199768066406,19.905746459960938
reaction:939,AmPhos,3,,28.08,27.888154983520508,20.9024658203125
reaction:940,P(Cy)3,1,,75.26,76.3021011352539,18.84258270263672
reaction:941,P(o-Tol)3,1,,54.06,34.33119201660156,19.04784393310547
reaction:942,CataCXium A,7,,26.61,35.07634735107422,18.8941650390625
reaction:943,SPhos,0,,93.81,84.4302978515625,19.250152587890625
reaction:945,XPhos,6,,95.85,83.73208618164062,20.1275577545166
reaction:949,P(tBu)3,4,,56.78,48.81418991088867,20.736696243286133
reaction:950,P(Ph)3,7,,82.3,84.62242126464844,19.775081634521484
reaction:951,AmPhos,2,,42.8,28.496212005615234,20.70490264892578
reaction:952,P(Cy)3,3,,75.64,79.6456069946289,18.553918838500977
reaction:953,P(o-Tol)3,1,,55.96,33.3354606628418,20.682979583740234
reaction:954,CataCXium A,4,,25.66,39.44864273071289,19.276342391967773
reaction:955,SPhos,5,,95.21,71.86253356933594,21.20156478881836
reaction:957,XPhos,2,,95.19,73.21495056152344,21.548519134521484
reaction:961,P(tBu)3,1,,40.2,32.05518341064453,20.766857147216797
reaction:962,P(Ph)3,2,,66.32,78.17239379882812,19.5455265045166
reaction:963,AmPhos,4,,43.18,53.758296966552734,19.892852783203125
reaction:964,P(Cy)3,2,,57.08,72.0344467163086,19.6494140625
reaction:965,P(o-Tol)3,0,,33.92,47.15084457397461,19.775304794311523
reaction:966,CataCXium A,4,,54.3,51.53199768066406,18.72365379333496
reaction:967,SPhos,3,,55.27,70.23646545410156,20.81120491027832
reaction:969,XPhos,4,,47.22,72.89090728759766,19.556230545043945
reaction:973,P(tBu)3,4,,9.29,21.564523696899414,20.281625747680664
reaction:974,P(Ph)3,4,,92.28,77.60352325439453,18.4194393157959
reaction:975,AmPhos,7,,54.36,44.25788116455078,21.470666885375977
reaction:976,P(Cy)3,3,,88.55,66.79793548583984,20.273616790771484
reaction:977,P(o-Tol)3,3,,27.55,43.89863586425781,20.080963134765625
reaction:978,CataCXium A,6,,43.2,60.18181610107422,19.62091827392578
reaction:979,SPhos,7,,64.69,50.654170989990234,20.156118392944336
reaction:981,XPhos,4,,52.85,56.84148406982422,19.618913650512695
reaction:985,P(tBu)3,7,,8.71,9.629852294921875,20.719932556152344
reaction:986,P(Ph)3,1,,91.14,78.30443572998047,20.525117874145508
reaction:987,AmPhos,5,,76.44,55.683021545410156,20.375226974487305
reaction:988,P(Cy)3,4,,94.46,77.11181640625,18.481760025024414
reaction:989,P(o-Tol)3,4,,60.0,38.45319366455078,19.14644432067871
reaction:990,CataCXium A,0,,94.8,73.83905792236328,18.36071014404297
reaction:991,SPhos,7,,77.9,57.25087356567383,18.97040557861328
reaction:993,XPhos,7,,87.99,49.18452453613281,21.092960357666016
reaction:997,P(tBu)3,4,,19.62,26.786413192749023,20.536487579345703
reaction:998,P(Ph)3,0,,89.87,69.97381591796875,20.144147872924805
reaction:999,AmPhos,4,,69.93,54.83799743652344,20.428396224975586
reaction:1000,P(Cy)3,0,,55.64,58.312896728515625,19.35392189025879
reaction:1001,P(o-Tol)3,6,,46.83,33.68437194824219,19.58730125427246
reaction:1002,CataCXium A,1,,69.48,53.62175750732422,19.45981216430664
reaction:1003,SPhos,5,,46.44,40.94460678100586,20.387672424316406
reaction:1005,XPhos,1,,43.5,43.68539810180664,20.58973503112793
reaction:1009,P(tBu)3,4,,27.96,27.376876831054688,21.472957611083984
reaction:1010,P(Ph)3,7,,83.95,78.01618194580078,19.769088745117188
reaction:1011,AmPhos,1,,56.65,55.937442779541016,20.932518005371094
reaction:1012,P(Cy)3,7,,74.22,67.9610824584961,18.792028427124023
reaction:1013,P(o-Tol)3,5,,40.11,40.40110397338867,20.57848358154297
reaction:1014,CataCXium A,0,,64.54,56.898345947265625,18.005224227905273
reaction:1015,SPhos,6,,67.16,55.5394172668457,20.055015563964844
reaction:1017,XPhos,3,,64.39,60.75630187988281,20.71157455444336
reaction:1021,P(tBu)3,7,,52.58,37.88855743408203,20.525676727294922
reaction:1022,P(Ph)3,0,,82.96,79.69610595703125,20.05261993408203
reaction:1023,AmPhos,7,,56.07,52.74201583862305,20.760766983032227
reaction:1024,P(Cy)3,5,,75.36,64.33507537841797,19.338977813720703
reaction:1025,P(o-Tol)3,4,,37.35,47.59931945800781,20.132966995239258
reaction:1026,CataCXium A,2,,60.94,58.79526138305664,19.524351119995117
reaction:1027,SPhos,4,,68.7,67.33888244628906,19.6418399810791
reaction:1029,XPhos,7,,66.93,54.188194274902344,20.342308044433594
reaction:1033,P(tBu)3,7,,20.74,39.474769592285156,20.596668243408203
reaction:1034,P(Ph)3,6,,60.18,76.72891235351562,20.036441802978516
reaction:1035,AmPhos,1,,35.88,56.585723876953125,19.619428634643555
reaction:1036,P(Cy)3,0,,34.25,66.58551025390625,18.339214324951172
reaction:1037,P(o-Tol)3,3,,27.1,43.42729949951172,19.529932022094727
reaction:1038,CataCXium A,3,,43.02,58.555213928222656,19.33521842956543
reaction:1039,SPhos,3,,23.33,67.73699951171875,21.085527420043945
reaction:1041,XPhos,3,,27.91,58.19973373413086,21.624454498291016
reaction:1045,P(tBu)3,4,,20.9,35.89573669433594,21.442256927490234
reaction:1046,P(Ph)3,3,,57.19,73.17353057861328,19.370576858520508
reaction:1047,AmPhos,5,,41.02,49.68659591674805,20.51873207092285
reaction:1048,P(Cy)3,2,,33.78,60.93623733520508,19.994823455810547
reaction:1049,P(o-Tol)3,2,,31.67,33.22289276123047,19.841747283935547
reaction:1050,CataCXium A,1,,48.48,43.57857894897461,20.147977828979492
reaction:1051,SPhos,4,,26.47,47.26462936401367,19.383256912231445
reaction:1053,XPhos,7,,26.28,38.043636322021484,20.519071578979492
reaction:1057,P(tBu)3,1,,45.03,43.01334762573242,20.435239791870117
reaction:1058,P(Ph)3,1,,96.7,94.65045166015625,20.113466262817383
reaction:1059,AmPhos,0,,70.76,61.65058517456055,20.40431022644043
reaction:1060,P(Cy)3,2,,93.33,93.36811828613281,19.939096450805664
reaction:1061,P(o-Tol)3,0,,63.28,61.11656188964844,19.637052536010742
reaction:1062,CataCXium A,2,,61.13,67.86278533935547,19.865917205810547
reaction:1063,SPhos,5,,94.82,93.16569519042969,19.95307731628418
reaction:1065,XPhos,0,,88.97,81.27104949951172,20.930448532104492
reaction:1069,P(tBu)3,6,,40.73,40.657936096191406,21.13152503967285
reaction:1070,P(Ph)3,4,,88.59,97.72724914550781,18.79499053955078
reaction:1071,AmPhos,5,,58.43,71.39146423339844,21.507949829101562
reaction:1072,P(Cy)3,2,,89.13,100.44100952148438,20.17620086669922
reaction:1073,P(o-Tol)3,5,,55.72,57.829864501953125,21.42534065246582
reaction:1074,CataCXium A,6,,64.52,69.46988677978516,19.113117218017578
reaction:1075,SPhos,1,,81.73,89.20464324951172,20.432310104370117
reaction:1077,XPhos,6,,75.35,76.57005310058594,20.584590911865234
reaction:1081,P(tBu)3,6,,43.13,36.11336135864258,21.987247467041016
reaction:1082,P(Ph)3,5,,85.73,88.15168762207031,20.243881225585938
reaction:1083,AmPhos,0,,77.72,66.62916564941406,19.9237003326416
reaction:1084,P(Cy)3,7,,89.81,98.11326599121094,19.404396057128906
reaction:1085,P(o-Tol)3,6,,48.91,54.5314826965332,20.364036560058594
reaction:1086,CataCXium A,3,,86.51,72.25926208496094,18.422636032104492
reaction:1087,SPhos,0,,71.88,57.107269287109375,19.875049591064453
reaction:1089,XPhos,6,,60.51,64.68032836914062,21.007118225097656
reaction:1093,P(tBu)3,0,,32.15,39.18021774291992,20.61254119873047
reaction:1094,P(Ph)3,1,,94.15,95.67041778564453,20.221689224243164
reaction:1095,AmPhos,4,,61.84,65.31581115722656,20.30947494506836
reaction:1096,P(Cy)3,6,,83.83,81.70547485351562,18.472518920898438
reaction:1097,P(o-Tol)3,7,,58.94,51.08763122558594,18.677156448364258
reaction:1098,CataCXium A,2,,59.67,65.85926818847656,19.75975799560547
reaction:1099,SPhos,6,,90.1,77.71992492675781,19.932743072509766
reaction:1101,XPhos,3,,83.35,67.19267272949219,20.820343017578125
reaction:1105,P(tBu)3,1,,33.02,38.861907958984375,20.70372772216797
reaction:1106,P(Ph)3,4,,93.94,96.79299926757812,19.8258056640625
reaction:1107,AmPhos,6,,61.96,61.42997360229492,21.076669692993164
reaction:1108,P(Cy)3,0,,82.1,85.72838592529297,18.377918243408203
reaction:1109,P(o-Tol)3,5,,55.13,53.242889404296875,19.925546646118164
reaction:1110,CataCXium A,7,,62.96,67.23198699951172,18.717334747314453
reaction:1111,SPhos,2,,88.13,87.2109375,19.829946517944336
reaction:1113,XPhos,3,,82.32,80.33033752441406,21.678308486938477
reaction:1117,P(tBu)3,6,,33.37,44.0782585144043,20.65945816040039
reaction:1118,P(Ph)3,1,,95.31,94.27481079101562,20.006256103515625
reaction:1119,AmPhos,6,,58.42,59.83951950073242,20.9440975189209
reaction:1120,P(Cy)3,5,,80.68,85.05435180664062,19.201942443847656
reaction:1121,P(o-Tol)3,4,,48.82,62.11653518676758,20.1929931640625
reaction:1122,CataCXium A,6,,57.05,62.90143585205078,19.185739517211914
reaction:1123,SPhos,5,,90.9,96.8019027709961,20.192398071289062
reaction:1125,XPhos,3,,82.88,86.92301940917969,22.19181251525879
reaction:1129,P(tBu)3,0,,40.22,29.9678897857666,19.56978988647461
reaction:1130,P(Ph)3,3,,88.74,83.48158264160156,20.366273880004883
reaction:1131,AmPhos,2,,72.98,55.57692337036133,19.875722885131836
reaction:1132,P(Cy)3,0,,88.05,87.58610534667969,18.338722229003906
reaction:1133,P(o-Tol)3,4,,56.98,56.119319915771484,19.596323013305664
reaction:1134,CataCXium A,4,,80.85,58.24177551269531,20.126131057739258
reaction:1135,SPhos,4,,76.89,64.14762115478516,19.188629150390625
reaction:1137,XPhos,0,,68.57,59.73899841308594,19.53761100769043
reaction:1141,P(tBu)3,0,,30.34,27.598844528198242,20.4637508392334
reaction:1142,P(Ph)3,1,,75.36,68.9330825805664,19.999574661254883
reaction:1143,AmPhos,3,,53.38,61.876708984375,20.627782821655273
reaction:1144,P(Cy)3,0,,75.13,62.504642486572266,19.184370040893555
reaction:1145,P(o-Tol)3,6,,37.06,48.3679084777832,19.404216766357422
reaction:1146,CataCXium A,1,,58.78,58.019351959228516,19.693683624267578
reaction:1147,SPhos,2,,40.21,58.4339599609375,19.914745330810547
reaction:1149,XPhos,0,,29.42,49.560359954833984,20.444896697998047
reaction:1153,P(tBu)3,2,,93.31,91.25935363769531,20.047319412231445
reaction:1154,P(Ph)3,0,,93.7,97.78062438964844,20.837779998779297
reaction:1155,AmPhos,6,,94.33,93.4810791015625,19.757427215576172
reaction:1156,P(Cy)3,1,,87.35,92.17681884765625,18.473257064819336
reaction:1157,P(o-Tol)3,5,,84.09,88.93226623535156,19.273008346557617
reaction:1158,CataCXium A,4,,95.65,97.66718292236328,18.96296501159668
reaction:1159,SPhos,2,,87.6,91.24713897705078,20.187469482421875
reaction:1161,XPhos,7,,86.6,89.66790008544922,19.95963478088379
reaction:1165,P(tBu)3,7,,91.47,75.60711669921875,21.07861328125
reaction:1166,P(Ph)3,7,,93.27,93.33433532714844,20.536561965942383
reaction:1167,AmPhos,5,,94.03,91.56405639648438,20.077350616455078
reaction:1168,P(Cy)3,0,,84.04,91.0986328125,20.847997665405273
reaction:1169,P(o-Tol)3,5,,86.92,80.76689147949219,20.636890411376953
reaction:1170,CataCXium A,3,,92.01,86.9111099243164,21.02022361755371
reaction:1171,SPhos,2,,87.49,83.33773040771484,19.75111961364746
reaction:1173,XPhos,3,,84.94,78.51235961914062,20.30332374572754
reaction:1177,P(tBu)3,6,,87.61,67.876220703125,19.667814254760742
reaction:1178,P(Ph)3,3,,95.85,87.57022857666016,21.26363182067871
reaction:1179,AmPhos,4,,90.3,83.43812561035156,19.054616928100586
reaction:1180,P(Cy)3,7,,88.99,82.77531433105469,20.12952423095703
reaction:1181,P(o-Tol)3,6,,80.55,83.99417114257812,20.422849655151367
reaction:1182,CataCXium A,5,,91.07,86.13833618164062,19.29985809326172
reaction:1183,SPhos,0,,83.98,76.24021911621094,19.677019119262695
reaction:1185,XPhos,6,,79.93,78.0467758178711,20.593473434448242
reaction:1189,P(tBu)3,2,,83.54,67.66995239257812,20.068201065063477
reaction:1190,P(Ph)3,1,,91.18,82.46566009521484,19.80339813232422
reaction:1191,AmPhos,4,,86.92,84.16613006591797,20.373538970947266
reaction:1192,P(Cy)3,4,,81.31,72.57305908203125,19.26618766784668
reaction:1193,P(o-Tol)3,6,,73.72,72.56830596923828,19.916152954101562
reaction:1194,CataCXium A,5,,85.75,80.83783721923828,19.60763931274414
reaction:1195,SPhos,6,,71.78,70.02196502685547,20.564109802246094
reaction:1197,XPhos,4,,65.69,69.41752624511719,21.14815902709961
reaction:1201,P(tBu)3,3,,82.29,87.48387145996094,21.17333984375
reaction:1202,P(Ph)3,7,,91.35,89.34175109863281,20.38262176513672
reaction:1203,AmPhos,2,,89.74,91.35237121582031,20.061323165893555
reaction:1204,P(Cy)3,2,,83.91,88.91059875488281,20.958484649658203
reaction:1205,P(o-Tol)3,7,,81.25,80.21601104736328,20.30154800415039
reaction:1206,CataCXium A,6,,93.12,92.70906066894531,18.70322036743164
reaction:1207,SPhos,0,,86.64,89.81217193603516,20.164098739624023
reaction:1209,XPhos,0,,85.95,85.50723266601562,21.243581771850586
reaction:1213,P(tBu)3,5,,92.92,100.82598114013672,20.23645782470703
reaction:1214,P(Ph)3,3,,98.2,94.92935180664062,21.30461883544922
reaction:1215,AmPhos,7,,90.96,94.09907531738281,21.66896629333496
reaction:1216,P(Cy)3,3,,91.73,92.99446105957031,20.10289764404297
reaction:1217,P(o-Tol)3,2,,90.03,90.91456604003906,20.49125099182129
reaction:1218,CataCXium A,0,,94.64,98.29330444335938,20.678922653198242
reaction:1219,SPhos,4,,93.43,91.84590148925781,19.810232162475586
reaction:1221,XPhos,0,,88.37,86.32438659667969,20.941967010498047
reaction:1225,P(tBu)3,7,,91.89,95.90615844726562,21.124622344970703
reaction:1226,P(Ph)3,2,,94.82,95.15705108642578,20.755218505859375
reaction:1227,AmPhos,5,,91.24,89.41136169433594,19.95070457458496
reaction:1228,P(Cy)3,6,,91.4,82.18592834472656,18.94457244873047
reaction:1229,P(o-Tol)3,6,,85.85,80.03449249267578,20.03302001953125
reaction:1230,CataCXium A,3,,92.03,94.19355773925781,20.686323165893555
reaction:1231,SPhos,2,,85.21,80.83323669433594,20.332687377929688
reaction:1233,XPhos,5,,79.09,74.84957885742188,20.16685676574707
reaction:1237,P(tBu)3,5,,80.43,98.4695053100586,20.951763153076172
reaction:1238,P(Ph)3,3,,81.66,81.10147094726562,21.096128463745117
reaction:1239,AmPhos,5,,80.71,84.80182647705078,20.512115478515625
reaction:1240,P(Cy)3,2,,71.35,75.85787963867188,20.226396560668945
reaction:1241,P(o-Tol)3,7,,68.84,70.10391235351562,19.88456153869629
reaction:1242,CataCXium A,1,,80.77,81.89962768554688,19.626968383789062
reaction:1243,SPhos,6,,67.76,68.31185913085938,18.7578125
reaction:1245,XPhos,4,,63.55,62.22926330566406,20.68276023864746
reaction:1249,P(tBu)3,1,,88.5,72.77718353271484,21.64849090576172
reaction:1250,P(Ph)3,5,,95.95,89.06004333496094,19.57487678527832
reaction:1251,AmPhos,7,,94.08,80.56622314453125,20.49678611755371
reaction:1252,P(Cy)3,3,,88.6,78.93717193603516,20.50882911682129
reaction:1253,P(o-Tol)3,2,,83.3,71.7474365234375,21.14249038696289
reaction:1254,CataCXium A,3,,96.14,81.88362884521484,20.459089279174805
reaction:1255,SPhos,3,,86.88,72.46424102783203,20.66671371459961
reaction:1257,XPhos,0,,83.93,69.69292449951172,21.077213287353516
reaction:1261,P(tBu)3,1,,83.82,64.60322570800781,20.784215927124023
reaction:1262,P(Ph)3,3,,91.34,81.909423828125,21.17555046081543
reaction:1263,AmPhos,7,,83.05,75.60848999023438,20.960634231567383
reaction:1264,P(Cy)3,1,,81.74,71.7000732421875,19.800390243530273
reaction:1265,P(o-Tol)3,5,,64.98,67.31763458251953,20.605743408203125
reaction:1266,CataCXium A,5,,74.43,81.13264465332031,20.23965072631836
reaction:1267,SPhos,0,,60.4,63.69666290283203,19.2355899810791
reaction:1269,XPhos,3,,55.47,59.786712646484375,20.24924659729004
reaction:1273,P(tBu)3,7,,55.62,56.54436111450195,20.428211212158203
reaction:1274,P(Ph)3,0,,70.45,77.79322814941406,21.42184066772461
reaction:1275,AmPhos,5,,63.78,76.98365783691406,19.523273468017578
reaction:1276,P(Cy)3,1,,62.81,70.09174346923828,19.554412841796875
reaction:1277,P(o-Tol)3,5,,48.77,60.39436340332031,19.233325958251953
reaction:1278,CataCXium A,2,,62.9,76.98104095458984,19.51011085510254
reaction:1279,SPhos,7,,39.4,56.314117431640625,20.486915588378906
reaction:1281,XPhos,7,,40.12,57.7320442199707,21.532556533813477
reaction:1285,P(tBu)3,3,,47.62,59.343631744384766,20.12986946105957
reaction:1286,P(Ph)3,5,,61.51,79.43667602539062,20.19125747680664
reaction:1287,AmPhos,4,,59.14,73.92964172363281,20.39141845703125
reaction:1288,P(Cy)3,5,,52.8,69.99345397949219,19.446714401245117
reaction:1289,P(o-Tol)3,5,,45.49,57.90381622314453,20.072750091552734
reaction:1290,CataCXium A,4,,63.2,73.44239807128906,18.779150009155273
reaction:1291,SPhos,3,,39.21,49.07611083984375,20.030139923095703
reaction:1293,XPhos,5,,38.17,52.443912506103516,21.025510787963867
reaction:1297,P(tBu)3,6,,52.95,72.16966247558594,19.161535263061523
reaction:1298,P(Ph)3,0,,65.45,78.01922607421875,20.268997192382812
reaction:1299,AmPhos,7,,68.9,70.40868377685547,20.695438385009766
reaction:1300,P(Cy)3,1,,65.74,68.83656311035156,20.001035690307617
reaction:1301,P(o-Tol)3,2,,48.98,55.84031677246094,21.272300720214844
reaction:1302,CataCXium A,0,,69.93,76.87389373779297,20.720117568969727
reaction:1303,SPhos,0,,59.54,64.71947479248047,20.18325424194336
reaction:1305,XPhos,1,,60.62,61.478797912597656,20.897674560546875
reaction:1309,P(tBu)3,3,,73.2,86.07930755615234,20.610517501831055
reaction:1310,P(Ph)3,7,,81.77,85.65972900390625,20.886810302734375
reaction:1311,AmPhos,3,,77.13,82.3429946899414,20.79436492919922
reaction:1312,P(Cy)3,4,,77.57,76.81563568115234,19.03781509399414
reaction:1313,P(o-Tol)3,6,,67.75,70.74067687988281,19.746875762939453
reaction:1314,CataCXium A,1,,84.72,79.82746887207031,18.69491958618164
reaction:1315,SPhos,1,,73.5,77.83845520019531,20.45745277404785
reaction:1317,XPhos,7,,73.95,75.07344055175781,20.711410522460938
reaction:1321,P(tBu)3,2,,81.91,84.04286193847656,20.378501892089844
reaction:1322,P(Ph)3,2,,87.64,86.2366714477539,21.031091690063477
reaction:1323,AmPhos,7,,84.9,74.5052261352539,20.790102005004883
reaction:1324,P(Cy)3,3,,80.13,77.86028289794922,20.366008758544922
reaction:1325,P(o-Tol)3,3,,70.14,66.24468231201172,20.03843116760254
reaction:1326,CataCXium A,7,,87.87,81.45547485351562,19.317434310913086
reaction:1327,SPhos,1,,74.29,68.66085052490234,19.690338134765625
reaction:1329,XPhos,4,,67.97,66.77015686035156,21.51054573059082
reaction:1333,P(tBu)3,0,,81.08,75.65416717529297,20.865219116210938
reaction:1334,P(Ph)3,1,,88.67,77.34622955322266,19.888731002807617
reaction:1335,AmPhos,2,,84.67,76.33720397949219,20.210336685180664
reaction:1336,P(Cy)3,1,,82.58,75.75614929199219,20.73186683654785
reaction:1337,P(o-Tol)3,3,,69.32,58.442710876464844,20.703386306762695
reaction:1338,CataCXium A,0,,81.6,81.1751708984375,21.45310401916504
reaction:1339,SPhos,0,,70.57,59.88223648071289,20.430322647094727
reaction:1341,XPhos,2,,62.62,55.492332458496094,21.041759490966797
reaction:1345,P(tBu)3,3,,64.95,59.53244400024414,21.784114837646484
reaction:1346,P(Ph)3,7,,93.38,93.30424499511719,20.597806930541992
reaction:1347,AmPhos,5,,89.51,91.07571411132812,19.356863021850586
reaction:1348,P(Cy)3,0,,91.29,87.27014923095703,21.23212242126465
reaction:1349,P(o-Tol)3,3,,74.87,73.1543197631836,21.135351181030273
reaction:1350,CataCXium A,5,,91.79,87.39561462402344,19.113679885864258
reaction:1351,SPhos,0,,83.02,86.602294921875,20.679885864257812
reaction:1353,XPhos,0,,75.62,76.29808044433594,21.427261352539062
reaction:1357,P(tBu)3,0,,9.62,36.946537017822266,20.076833724975586
reaction:1358,P(Ph)3,5,,89.45,92.59017944335938,20.298965454101562
reaction:1359,AmPhos,7,,81.29,78.08460998535156,21.94696044921875
reaction:1360,P(Cy)3,7,,84.98,79.19154357910156,18.79788589477539
reaction:1361,P(o-Tol)3,1,,65.69,66.55722045898438,19.49864387512207
reaction:1362,CataCXium A,3,,73.08,79.65861511230469,21.1983699798584
reaction:1363,SPhos,1,,68.07,72.21670532226562,20.831266403198242
reaction:1365,XPhos,6,,72.44,64.57492065429688,20.564308166503906
reaction:1369,P(tBu)3,4,,8.8,32.75809860229492,19.226886749267578
reaction:1370,P(Ph)3,5,,90.61,94.15409851074219,19.8809814453125
reaction:1371,AmPhos,0,,87.35,79.1252670288086,20.355056762695312
reaction:1372,P(Cy)3,2,,89.78,84.6165542602539,19.442523956298828
reaction:1373,P(o-Tol)3,7,,79.47,71.10662841796875,20.134883880615234
reaction:1374,CataCXium A,5,,90.18,86.23495483398438,19.1462345123291
reaction:1375,SPhos,4,,83.1,72.03211975097656,20.039953231811523
reaction:1377,XPhos,2,,85.48,67.05213928222656,20.83879280090332
reaction:1381,P(tBu)3,7,,12.07,50.328739166259766,21.007293701171875
reaction:1382,P(Ph)3,6,,88.27,82.54373168945312,19.730663299560547
reaction:1383,AmPhos,2,,82.92,80.64643859863281,19.568235397338867
reaction:1384,P(Cy)3,1,,80.35,71.90847778320312,19.61860466003418
reaction:1385,P(o-Tol)3,6,,66.72,61.02937316894531,19.016860961914062
reaction:1386,CataCXium A,6,,83.56,79.97503662109375,19.145530700683594
reaction:1387,SPhos,1,,59.91,64.93726348876953,19.597793579101562
reaction:1389,XPhos,5,,57.98,56.95115661621094,20.60184097290039
reaction:1393,P(tBu)3,2,,49.99,42.271846771240234,20.17789649963379
reaction:1394,P(Ph)3,4,,92.73,83.40399169921875,19.684911727905273
reaction:1395,AmPhos,3,,90.14,84.67884063720703,21.211929321289062
reaction:1396,P(Cy)3,5,,90.79,87.69366455078125,19.85247230529785
reaction:1397,P(o-Tol)3,4,,67.92,71.08956909179688,19.554548263549805
reaction:1398,CataCXium A,4,,92.7,87.70199584960938,18.47334861755371
reaction:1399,SPhos,3,,85.37,71.66912841796875,19.32754135131836
reaction:1401,XPhos,0,,66.05,71.4024658203125,21.60159683227539
reaction:1405,P(tBu)3,2,,76.2,59.91325378417969,20.57860565185547
reaction:1406,P(Ph)3,4,,96.42,90.62001037597656,20.12099838256836
reaction:1407,AmPhos,7,,94.57,87.4464111328125,21.946910858154297
reaction:1408,P(Cy)3,6,,92.8,89.40496826171875,19.550363540649414
reaction:1409,P(o-Tol)3,1,,73.68,74.29204559326172,18.979143142700195
reaction:1410,CataCXium A,7,,94.57,92.51727294921875,19.03300666809082
reaction:1411,SPhos,6,,86.08,75.15445709228516,20.190439224243164
reaction:1413,XPhos,4,,75.29,69.03072357177734,21.616596221923828
reaction:1417,P(tBu)3,5,,82.54,53.936187744140625,19.94976234436035
reaction:1418,P(Ph)3,1,,87.27,87.89018249511719,19.166715621948242
reaction:1419,AmPhos,0,,80.07,84.47502136230469,19.517229080200195
reaction:1420,P(Cy)3,5,,62.34,80.21588134765625,19.157447814941406
reaction:1421,P(o-Tol)3,7,,60.03,66.54080200195312,20.396535873413086
reaction:1422,CataCXium A,6,,79.46,77.8265380859375,18.99633026123047
reaction:1423,SPhos,6,,52.43,65.10952758789062,19.532169342041016
reaction:1425,XPhos,4,,50.85,61.80571746826172,21.182723999023438
reaction:1429,P(tBu)3,3,,71.32,48.56981658935547,20.39942169189453
reaction:1430,P(Ph)3,6,,84.47,76.26348876953125,19.06157112121582
reaction:1431,AmPhos,3,,78.24,79.13641357421875,20.410993576049805
reaction:1432,P(Cy)3,6,,66.87,72.66389465332031,18.645843505859375
reaction:1433,P(o-Tol)3,4,,56.86,61.00302505493164,19.19563865661621
reaction:1434,CataCXium A,1,,72.38,73.73285675048828,19.88682746887207
reaction:1435,SPhos,1,,47.9,59.232460021972656,20.23013687133789
reaction:1437,XPhos,2,,48.25,48.62655258178711,20.873729705810547
reaction:1441,P(tBu)3,4,,86.11,87.45626068115234,20.447641372680664
reaction:1442,P(Ph)3,0,,93.65,99.74797058105469,21.047658920288086
reaction:1443,AmPhos,2,,92.07,98.21554565429688,20.157400131225586
reaction:1444,P(Cy)3,6,,93.78,100.31037902832031,19.364601135253906
reaction:1445,P(o-Tol)3,2,,91.83,91.73025512695312,19.682193756103516
reaction:1446,CataCXium A,2,,94.15,97.10504913330078,19.46738624572754
reaction:1447,SPhos,0,,90.26,95.4578857421875,20.87019157409668
reaction:1449,XPhos,0,,91.45,88.08242797851562,21.440046310424805
reaction:1453,P(tBu)3,5,,71.72,82.89900207519531,20.013620376586914
reaction:1454,P(Ph)3,3,,93.82,93.07601928710938,21.385438919067383
reaction:1455,AmPhos,6,,92.52,93.11862182617188,19.91358757019043
reaction:1456,P(Cy)3,0,,92.43,99.02519226074219,20.50696563720703
reaction:1457,P(o-Tol)3,1,,91.08,94.20977020263672,19.579132080078125
reaction:1458,CataCXium A,2,,93.13,90.86470031738281,19.643951416015625
reaction:1459,SPhos,5,,86.63,84.02230072021484,20.37173843383789
reaction:1461,XPhos,5,,86.36,87.89463806152344,20.95000457763672
reaction:1465,P(tBu)3,7,,75.91,76.48258209228516,20.584945678710938
reaction:1466,P(Ph)3,7,,89.29,85.07717895507812,20.17952537536621
reaction:1467,AmPhos,2,,85.76,91.38145446777344,19.982776641845703
reaction:1468,P(Cy)3,4,,88.01,88.2081298828125,18.56355094909668
reaction:1469,P(o-Tol)3,0,,88.6,88.93081665039062,21.150327682495117
reaction:1470,CataCXium A,7,,90.39,89.31321716308594,19.853809356689453
reaction:1471,SPhos,3,,65.6,69.69795227050781,20.57777976989746
reaction:1473,XPhos,2,,77.72,64.41630554199219,20.92359161376953
reaction:1477,P(tBu)3,4,,91.29,66.81474304199219,20.767881393432617
reaction:1478,P(Ph)3,2,,96.74,92.47578430175781,19.58644676208496
reaction:1479,AmPhos,5,,92.82,85.1609115600586,19.908504486083984
reaction:1480,P(Cy)3,1,,96.3,92.53623962402344,19.10349464416504
reaction:1481,P(o-Tol)3,4,,93.73,88.14441680908203,20.10499382019043
reaction:1482,CataCXium A,2,,95.37,89.31646728515625,19.621023178100586
reaction:1483,SPhos,0,,91.37,87.15321350097656,20.554485321044922
reaction:1485,XPhos,0,,90.79,81.00537109375,20.890213012695312
reaction:1489,P(tBu)3,4,,92.06,71.41512298583984,21.169511795043945
reaction:1490,P(Ph)3,4,,94.47,86.14389038085938,19.739139556884766
reaction:1491,AmPhos,0,,92.08,89.70175170898438,20.286441802978516
reaction:1492,P(Cy)3,0,,92.52,93.25033569335938,20.452896118164062
reaction:1493,P(o-Tol)3,2,,91.99,88.05328369140625,20.968690872192383
reaction:1494,CataCXium A,0,,95.06,92.4166259765625,20.522024154663086
reaction:1495,SPhos,4,,90.53,87.04988098144531,19.81597137451172
reaction:1497,XPhos,4,,90.57,86.23991394042969,20.312763214111328
reaction:1501,P(tBu)3,7,,94.01,83.90972900390625,21.657346725463867
reaction:1502,P(Ph)3,0,,98.69,100.58210754394531,21.056093215942383
reaction:1503,AmPhos,2,,93.28,91.36698150634766,19.006338119506836
reaction:1504,P(Cy)3,0,,92.97,97.41050720214844,20.621625900268555
reaction:1505,P(o-Tol)3,7,,92.65,94.14617919921875,20.387575149536133
reaction:1506,CataCXium A,6,,96.04,93.29008483886719,19.349567413330078
reaction:1507,SPhos,0,,91.75,98.188720703125,20.83827018737793
reaction:1509,XPhos,7,,91.45,98.08859252929688,21.202329635620117
reaction:1513,P(tBu)3,3,,81.58,86.31866455078125,20.74470329284668
reaction:1514,P(Ph)3,0,,89.8,93.61134338378906,20.613298416137695
reaction:1515,AmPhos,5,,86.54,88.20022583007812,20.346097946166992
reaction:1516,P(Cy)3,6,,88.06,87.21065521240234,19.2524471282959
reaction:1517,P(o-Tol)3,4,,87.76,87.18309020996094,19.76835823059082
reaction:1518,CataCXium A,3,,89.09,93.78508758544922,20.201486587524414
reaction:1519,SPhos,2,,72.51,66.33042907714844,19.982507705688477
reaction:1521,XPhos,7,,73.77,69.38390350341797,21.407514572143555
reaction:1525,P(tBu)3,5,,59.54,78.01084899902344,20.62287712097168
reaction:1526,P(Ph)3,0,,46.28,73.25492095947266,21.28548812866211
reaction:1527,AmPhos,5,,72.03,76.91765594482422,20.496355056762695
reaction:1528,P(Cy)3,2,,73.65,67.09788513183594,20.055158615112305
reaction:1529,P(o-Tol)3,7,,68.96,70.25263214111328,19.8858699798584
reaction:1530,CataCXium A,7,,72.18,75.93367004394531,18.430599212646484
reaction:1531,SPhos,5,,48.82,55.06806182861328,19.98544692993164
reaction:1533,XPhos,1,,48.59,55.69623565673828,20.95545196533203
reaction:1537,P(tBu)3,2,,34.3,56.596435546875,20.820833206176758
reaction:1538,P(Ph)3,1,,78.03,83.27002716064453,20.572187423706055
reaction:1539,AmPhos,1,,62.59,78.64405822753906,20.45122718811035
reaction:1540,P(Cy)3,5,,50.25,54.35264205932617,19.517927169799805
reaction:1541,P(o-Tol)3,7,,50.56,56.231536865234375,19.16497230529785
reaction:1542,CataCXium A,5,,95.62,68.86384582519531,19.451683044433594
reaction:1543,SPhos,4,,74.84,78.17366027832031,19.854209899902344
reaction:1545,XPhos,5,,67.97,65.6141357421875,20.947500228881836
reaction:1549,P(tBu)3,3,,44.24,54.382198333740234,21.089065551757812
reaction:1550,P(Ph)3,2,,87.31,86.77587890625,20.770957946777344
reaction:1551,AmPhos,4,,89.54,79.84123229980469,19.81430435180664
reaction:1552,P(Cy)3,3,,60.21,72.248291015625,18.62494468688965
reaction:1553,P(o-Tol)3,7,,52.95,50.4647331237793,19.456584930419922
reaction:1554,CataCXium A,2,,80.64,87.48017883300781,19.544490814208984
reaction:1555,SPhos,0,,60.49,68.80445861816406,19.289987564086914
reaction:1557,XPhos,2,,50.2,61.50604248046875,20.679500579833984
reaction:1561,P(tBu)3,4,,42.57,46.56528854370117,18.85065460205078
reaction:1562,P(Ph)3,0,,83.05,86.22462463378906,19.229576110839844
reaction:1563,AmPhos,3,,88.28,73.43276977539062,20.717784881591797
reaction:1564,P(Cy)3,5,,73.25,74.331787109375,19.61821174621582
reaction:1565,P(o-Tol)3,2,,69.46,56.62757873535156,20.351945877075195
reaction:1566,CataCXium A,3,,98.61,90.65653991699219,18.457414627075195
reaction:1567,SPhos,6,,68.95,55.91755676269531,20.489206314086914
reaction:1569,XPhos,5,,60.14,50.83976745605469,20.267229080200195
reaction:1573,P(tBu)3,7,,42.91,45.061649322509766,21.04791831970215
reaction:1574,P(Ph)3,6,,74.45,83.33688354492188,19.734296798706055
reaction:1575,AmPhos,2,,84.23,86.42947387695312,20.56737518310547
reaction:1576,P(Cy)3,7,,42.55,49.84404373168945,18.755901336669922
reaction:1577,P(o-Tol)3,2,,58.61,47.610897064208984,20.122604370117188
reaction:1578,CataCXium A,1,,70.52,79.05792236328125,19.724592208862305
reaction:1579,SPhos,7,,61.21,54.33757019042969,18.34140968322754
reaction:1581,XPhos,7,,55.94,47.02633285522461,20.13418960571289
reaction:1585,P(tBu)3,3,,65.86,56.89310073852539,21.24211883544922
reaction:1586,P(Ph)3,1,,91.46,90.27174377441406,20.42881202697754
reaction:1587,AmPhos,5,,90.4,86.10639953613281,20.404756546020508
reaction:1588,P(Cy)3,1,,71.78,70.24414825439453,20.092510223388672
reaction:1589,P(o-Tol)3,6,,71.66,64.7562026977539,20.177696228027344
reaction:1590,CataCXium A,4,,96.15,83.86334228515625,19.330551147460938
reaction:1591,SPhos,2,,84.76,82.00614166259766,21.039926528930664
reaction:1593,XPhos,5,,79.44,66.86160278320312,22.387144088745117
reaction:1597,P(tBu)3,7,,72.9,60.17503356933594,20.947656631469727
reaction:1598,P(Ph)3,7,,95.86,89.48456573486328,19.484298706054688
reaction:1599,AmPhos,3,,93.84,83.2158203125,20.936124801635742
reaction:1600,P(Cy)3,5,,71.12,69.3812484741211,20.16310691833496
reaction:1601,P(o-Tol)3,6,,59.47,68.44903564453125,20.184864044189453
reaction:1602,CataCXium A,5,,95.78,76.09326171875,19.736085891723633
reaction:1603,SPhos,0,,86.28,84.1364974975586,19.960956573486328
reaction:1605,XPhos,2,,60.54,75.39219665527344,20.69888687133789
reaction:1609,P(tBu)3,0,,72.09,62.449790954589844,20.008939743041992
reaction:1610,P(Ph)3,4,,92.43,84.68647766113281,21.128990173339844
reaction:1611,AmPhos,3,,92.49,76.37029266357422,20.77562141418457
reaction:1612,P(Cy)3,7,,58.64,68.48406982421875,19.167003631591797
reaction:1613,P(o-Tol)3,3,,49.79,60.813255310058594,19.68896484375
reaction:1614,CataCXium A,1,,95.36,82.80528259277344,18.744535446166992
reaction:1615,SPhos,1,,70.77,78.55583190917969,19.262502670288086
reaction:1617,XPhos,6,,61.61,62.67359161376953,20.691665649414062
reaction:1621,P(tBu)3,7,,80.99,62.7584342956543,20.92743682861328
reaction:1622,P(Ph)3,5,,86.63,85.356689453125,20.493446350097656
reaction:1623,AmPhos,7,,89.02,74.95576477050781,20.67644691467285
reaction:1624,P(Cy)3,5,,44.82,59.389041900634766,20.079072952270508
reaction:1625,P(o-Tol)3,0,,52.39,50.51732635498047,19.789962768554688
reaction:1626,CataCXium A,5,,97.25,73.29595184326172,19.717792510986328
reaction:1627,SPhos,4,,61.68,67.58690643310547,20.785749435424805
reaction:1629,XPhos,7,,49.48,58.42680740356445,19.713106155395508
reaction:1633,P(tBu)3,4,,31.45,29.983797073364258,20.527114868164062
reaction:1634,P(Ph)3,3,,92.89,91.11618041992188,20.038850784301758
reaction:1635,AmPhos,2,,23.2,18.890491485595703,21.118261337280273
reaction:1636,P(Cy)3,6,,66.25,70.82836151123047,19.857257843017578
reaction:1637,P(o-Tol)3,2,,32.29,29.238847732543945,20.737051010131836
reaction:1638,CataCXium A,4,,26.8,25.193153381347656,19.623497009277344
reaction:1639,SPhos,7,,90.94,85.23776245117188,18.68267250061035
reaction:1641,XPhos,1,,90.0,90.55320739746094,18.940593719482422
reaction:1645,P(tBu)3,7,,35.1,36.53874588012695,21.095531463623047
reaction:1646,P(Ph)3,2,,96.16,91.23872375488281,21.057071685791016
reaction:1647,AmPhos,6,,22.19,27.188838958740234,20.467559814453125
reaction:1648,P(Cy)3,1,,95.29,75.2194595336914,19.725980758666992
reaction:1649,P(o-Tol)3,5,,16.72,30.6485595703125,20.6651668548584
reaction:1650,CataCXium A,3,,30.07,38.70209503173828,19.364988327026367
reaction:1651,SPhos,2,,76.37,71.27699279785156,20.234445571899414
reaction:1653,XPhos,7,,80.96,71.49604797363281,20.773038864135742
reaction:1657,P(tBu)3,5,,17.48,18.935779571533203,20.789657592773438
reaction:1658,P(Ph)3,4,,85.82,83.22052001953125,19.80143165588379
reaction:1659,AmPhos,2,,19.11,22.09759521484375,21.564970016479492
reaction:1660,P(Cy)3,1,,95.0,86.23983764648438,19.39402961730957
reaction:1661,P(o-Tol)3,1,,22.65,29.231271743774414,20.04344367980957
reaction:1662,CataCXium A,7,,37.69,37.863712310791016,18.902908325195312
reaction:1663,SPhos,2,,53.23,60.924713134765625,20.585966110229492
reaction:1665,XPhos,0,,70.51,69.44420623779297,20.624778747558594
reaction:1669,P(tBu)3,1,,21.44,17.89250946044922,20.83310317993164
reaction:1670,P(Ph)3,1,,83.61,82.61397552490234,20.294498443603516
reaction:1671,AmPhos,0,,29.86,21.647993087768555,19.81135368347168
reaction:1672,P(Cy)3,1,,77.59,69.37647247314453,19.53072738647461
reaction:1673,P(o-Tol)3,1,,20.35,24.633390426635742,20.38636016845703
reaction:1674,CataCXium A,2,,31.69,27.613740921020508,20.076513290405273
reaction:1675,SPhos,4,,55.07,63.720863342285156,20.369810104370117
reaction:1677,XPhos,0,,65.8,67.48841094970703,20.709625244140625
reaction:1681,P(tBu)3,2,,37.31,28.512678146362305,21.292367935180664
reaction:1682,P(Ph)3,4,,90.75,94.16969299316406,20.26003074645996
reaction:1683,AmPhos,1,,23.77,25.228952407836914,21.875425338745117
reaction:1684,P(Cy)3,5,,75.02,78.72389221191406,19.97885513305664
reaction:1685,P(o-Tol)3,1,,33.92,35.11207580566406,20.424179077148438
reaction:1686,CataCXium A,7,,23.22,34.838069915771484,19.825801849365234
reaction:1687,SPhos,1,,82.31,76.28063201904297,20.13690948486328
reaction:1689,XPhos,3,,84.34,83.91523742675781,19.60173225402832
reaction:1693,P(tBu)3,3,,38.88,44.292747497558594,21.43105125427246
reaction:1694,P(Ph)3,7,,94.45,90.87397766113281,20.238849639892578
reaction:1695,AmPhos,7,,20.51,31.37618637084961,20.657245635986328
reaction:1696,P(Cy)3,0,,79.1,75.91264343261719,18.43939971923828
reaction:1697,P(o-Tol)3,4,,30.29,35.75825500488281,20.89322853088379
reaction:1698,CataCXium A,7,,18.55,31.042186737060547,18.89519691467285
reaction:1699,SPhos,6,,94.27,86.45382690429688,20.167184829711914
reaction:1701,XPhos,0,,93.61,85.17828369140625,21.336076736450195
reaction:1705,P(tBu)3,0,,37.8,41.74312973022461,19.53730010986328
reaction:1706,P(Ph)3,2,,96.02,91.02566528320312,21.15545082092285
reaction:1707,AmPhos,5,,15.05,29.60797119140625,20.185819625854492
reaction:1708,P(Cy)3,7,,73.27,84.78297424316406,19.082334518432617
reaction:1709,P(o-Tol)3,2,,35.32,28.762989044189453,21.274301528930664
reaction:1710,CataCXium A,6,,28.86,36.10560607910156,19.619733810424805
reaction:1711,SPhos,2,,95.06,79.66413879394531,19.98373031616211
reaction:1713,XPhos,0,,91.7,86.03584289550781,20.16820526123047
reaction:1717,P(tBu)3,7,,39.91,45.753204345703125,21.366060256958008
reaction:1718,P(Ph)3,7,,96.15,90.09164428710938,19.939804077148438
reaction:1719,AmPhos,1,,25.97,29.98881721496582,19.446443557739258
reaction:1720,P(Cy)3,4,,94.3,79.5205307006836,20.00540542602539
reaction:1721,P(o-Tol)3,1,,25.48,36.42377471923828,20.97471809387207
reaction:1722,CataCXium A,4,,26.31,39.15131378173828,19.576234817504883
reaction:1723,SPhos,0,,82.24,80.94903564453125,19.633512496948242
reaction:1725,XPhos,6,,81.88,88.29510498046875,20.51017951965332
reaction:1729,P(tBu)3,6,,52.87,38.096370697021484,21.404613494873047
reaction:1730,P(Ph)3,4,,71.41,74.42977142333984,20.519060134887695
reaction:1731,AmPhos,3,,43.54,48.48158645629883,21.100711822509766
reaction:1732,P(Cy)3,1,,54.68,53.36126708984375,18.736677169799805
reaction:1733,P(o-Tol)3,0,,29.2,43.234378814697266,19.281797409057617
reaction:1734,CataCXium A,2,,23.29,54.75068664550781,19.652301788330078
reaction:1735,SPhos,7,,70.63,69.01760864257812,19.205286026000977
reaction:1737,XPhos,2,,68.92,65.17914581298828,20.237897872924805
reaction:1741,P(tBu)3,0,,22.8,25.590974807739258,18.89879608154297
reaction:1742,P(Ph)3,7,,90.99,85.9207763671875,20.379331588745117
reaction:1743,AmPhos,5,,46.17,55.18503189086914,21.1241512298584
reaction:1744,P(Cy)3,3,,60.25,79.90719604492188,19.348342895507812
reaction:1745,P(o-Tol)3,5,,31.45,42.2078857421875,20.91268539428711
reaction:1746,CataCXium A,6,,68.31,45.6680793762207,20.145063400268555
reaction:1747,SPhos,7,,66.35,58.086788177490234,20.28279685974121
reaction:1749,XPhos,6,,52.63,60.28147888183594,21.406845092773438
reaction:1753,P(tBu)3,3,,10.33,25.20644760131836,21.178041458129883
reaction:1754,P(Ph)3,1,,92.04,85.43507385253906,20.204105377197266
reaction:1755,AmPhos,3,,66.56,51.81893539428711,20.400535583496094
reaction:1756,P(Cy)3,7,,93.1,82.23439025878906,19.99102210998535
reaction:1757,P(o-Tol)3,3,,58.79,54.693359375,19.298978805541992
reaction:1758,CataCXium A,7,,91.26,67.93001556396484,19.41446304321289
reaction:1759,SPhos,2,,72.82,79.85400390625,21.441877365112305
reaction:1761,XPhos,0,,67.02,80.839111328125,21.004064559936523
reaction:1765,P(tBu)3,2,,23.79,35.293087005615234,20.40853500366211
reaction:1766,P(Ph)3,3,,83.36,81.71558380126953,19.945980072021484
reaction:1767,AmPhos,0,,66.09,59.86076354980469,19.611244201660156
reaction:1768,P(Cy)3,0,,52.88,63.27340316772461,18.97187614440918
reaction:1769,P(o-Tol)3,2,,43.96,49.91965103149414,20.315467834472656
reaction:1770,CataCXium A,6,,65.1,50.30284118652344,19.722375869750977
reaction:1771,SPhos,2,,47.6,62.81620788574219,20.571245193481445
reaction:1773,XPhos,0,,48.02,66.57100677490234,20.967445373535156
reaction:1777,P(tBu)3,1,,39.79,42.990440368652344,20.487346649169922
reaction:1778,P(Ph)3,7,,83.87,87.27619934082031,20.1768798828125
reaction:1779,AmPhos,1,,61.52,58.8485221862793,20.99216651916504
reaction:1780,P(Cy)3,2,,89.01,72.06144714355469,20.216516494750977
reaction:1781,P(o-Tol)3,2,,54.78,53.73640060424805,21.19051170349121
reaction:1782,CataCXium A,7,,52.04,65.95438385009766,19.02425765991211
reaction:1783,SPhos,1,,74.8,79.02517700195312,20.008955001831055
reaction:1785,XPhos,0,,71.36,76.71013641357422,20.974449157714844
reaction:1789,P(tBu)3,4,,61.88,50.49864196777344,20.450237274169922
reaction:1790,P(Ph)3,6,,89.04,89.08036804199219,20.462491989135742
reaction:1791,AmPhos,4,,67.24,58.55072021484375,19.891124725341797
reaction:1792,P(Cy)3,6,,71.21,72.80342102050781,19.895702362060547
reaction:1793,P(o-Tol)3,5,,57.62,46.70724868774414,20.33635902404785
reaction:1794,CataCXium A,4,,53.67,59.79889678955078,19.910423278808594
reaction:1795,SPhos,4,,77.06,78.99800109863281,20.598054885864258
reaction:1797,XPhos,2,,75.0,69.94982147216797,20.738332748413086
reaction:1801,P(tBu)3,5,,65.32,47.36155700683594,20.92422103881836
reaction:1802,P(Ph)3,5,,85.9,81.53046417236328,19.96782875061035
reaction:1803,AmPhos,2,,57.78,50.06037521362305,21.433551788330078
reaction:1804,P(Cy)3,4,,70.55,59.25704574584961,21.19902229309082
reaction:1805,P(o-Tol)3,6,,45.41,43.56690979003906,20.035690307617188
reaction:1806,CataCXium A,4,,53.78,55.11839294433594,20.90782356262207
reaction:1807,SPhos,2,,75.33,56.137115478515625,20.01131820678711
reaction:1809,XPhos,5,,65.57,55.59449005126953,20.30027198791504
reaction:1813,P(tBu)3,4,,60.05,49.49987030029297,20.71141815185547
reaction:1814,P(Ph)3,6,,79.66,76.70906829833984,20.224571228027344
reaction:1815,AmPhos,2,,45.66,50.33202362060547,20.798837661743164
reaction:1816,P(Cy)3,6,,68.03,57.282691955566406,19.584381103515625
reaction:1817,P(o-Tol)3,0,,52.13,38.652069091796875,20.16082191467285
reaction:1818,CataCXium A,6,,49.82,47.226768493652344,19.442007064819336
reaction:1819,SPhos,7,,71.12,51.805747985839844,18.71772003173828
reaction:1821,XPhos,4,,74.08,45.11511993408203,20.760211944580078
reaction:1825,P(tBu)3,6,,28.74,20.434587478637695,21.587188720703125
reaction:1826,P(Ph)3,4,,91.0,84.52728271484375,20.976869583129883
reaction:1827,AmPhos,6,,46.01,39.262786865234375,20.33403205871582
reaction:1828,P(Cy)3,2,,62.34,70.2093505859375,19.46868324279785
reaction:1829,P(o-Tol)3,4,,54.12,44.911800384521484,20.410390853881836
reaction:1830,CataCXium A,7,,36.3,32.57438659667969,18.557878494262695
reaction:1831,SPhos,5,,72.63,67.18212890625,19.61460304260254
reaction:1833,XPhos,7,,63.61,67.77204895019531,20.031768798828125
reaction:1837,P(tBu)3,3,,26.25,26.139936447143555,21.624595642089844
reaction:1838,P(Ph)3,7,,92.54,94.83452606201172,20.19112777709961
reaction:1839,AmPhos,4,,54.75,43.96207809448242,19.966209411621094
reaction:1840,P(Cy)3,2,,89.22,83.90048217773438,20.108407974243164
reaction:1841,P(o-Tol)3,1,,55.28,46.94384002685547,19.704227447509766
reaction:1842,CataCXium A,5,,46.34,46.710731506347656,20.21367073059082
reaction:1843,SPhos,1,,57.38,61.627891540527344,20.47707748413086
reaction:1845,XPhos,7,,56.03,53.40362548828125,20.934389114379883
reaction:1849,P(tBu)3,6,,30.54,16.057512283325195,21.73012351989746
reaction:1850,P(Ph)3,5,,80.77,87.47354125976562,20.113950729370117
reaction:1851,AmPhos,7,,38.15,59.766990661621094,19.998388290405273
reaction:1852,P(Cy)3,6,,79.56,88.30308532714844,20.406017303466797
reaction:1853,P(o-Tol)3,2,,48.82,51.39847183227539,19.926254272460938
reaction:1854,CataCXium A,1,,41.54,56.70287322998047,19.382429122924805
reaction:1855,SPhos,3,,31.36,44.55209732055664,19.918987274169922
reaction:1857,XPhos,0,,36.08,50.41670608520508,20.801082611083984
reaction:1861,P(tBu)3,1,,25.47,20.050933837890625,20.853702545166016
reaction:1862,P(Ph)3,1,,94.74,94.21834564208984,20.379268646240234
reaction:1863,AmPhos,1,,55.38,51.42347717285156,20.504623413085938
reaction:1864,P(Cy)3,0,,83.07,76.35884857177734,18.7280330657959
reaction:1865,P(o-Tol)3,6,,61.24,57.330169677734375,20.43290138244629
reaction:1866,CataCXium A,5,,40.4,44.715850830078125,18.8853702545166
reaction:1867,SPhos,6,,74.29,62.220115661621094,20.907894134521484
reaction:1869,XPhos,4,,68.52,58.67359924316406,20.50518035888672
reaction:1873,P(tBu)3,5,,19.33,32.26031494140625,20.822256088256836
reaction:1874,P(Ph)3,7,,94.2,94.80375671386719,20.236421585083008
reaction:1875,AmPhos,5,,51.1,47.85613250732422,19.876134872436523
reaction:1876,P(Cy)3,7,,82.87,82.73736572265625,19.042224884033203
reaction:1877,P(o-Tol)3,3,,58.21,61.32899856567383,19.30685043334961
reaction:1878,CataCXium A,7,,35.0,49.84335708618164,19.22170639038086
reaction:1879,SPhos,1,,73.51,70.96517944335938,20.826099395751953
reaction:1881,XPhos,5,,71.6,68.59077453613281,20.891895294189453
reaction:1885,P(tBu)3,3,,22.38,36.00042724609375,21.113529205322266
reaction:1886,P(Ph)3,5,,94.74,99.30096435546875,19.97900390625
reaction:1887,AmPhos,4,,50.15,45.3358039855957,20.68071746826172
reaction:1888,P(Cy)3,6,,86.78,75.01527404785156,19.985280990600586
reaction:1889,P(o-Tol)3,4,,58.07,56.124176025390625,21.355073928833008
reaction:1890,CataCXium A,1,,36.27,43.787899017333984,19.187480926513672
reaction:1891,SPhos,7,,76.49,75.72406005859375,18.745677947998047
reaction:1893,XPhos,7,,76.38,72.49016571044922,20.960994720458984
reaction:1897,P(tBu)3,5,,22.3,28.556045532226562,21.037376403808594
reaction:1898,P(Ph)3,1,,86.35,92.23867797851562,19.34549903869629
reaction:1899,AmPhos,7,,39.96,50.708988189697266,20.370534896850586
reaction:1900,P(Cy)3,4,,74.99,72.51390838623047,21.096948623657227
reaction:1901,P(o-Tol)3,4,,48.59,49.07244873046875,21.071853637695312
reaction:1902,CataCXium A,4,,42.82,40.521728515625,20.709152221679688
reaction:1903,SPhos,6,,38.93,54.00445556640625,19.412813186645508
reaction:1905,XPhos,3,,40.32,49.782676696777344,20.505680084228516
reaction:1909,P(tBu)3,1,,24.85,26.80919647216797,19.50557518005371
reaction:1910,P(Ph)3,5,,67.67,74.7657241821289,20.321151733398438
reaction:1911,AmPhos,4,,31.33,43.99565887451172,19.717914581298828
reaction:1912,P(Cy)3,2,,60.57,61.461708068847656,19.950342178344727
reaction:1913,P(o-Tol)3,4,,39.76,42.03532409667969,20.69733428955078
reaction:1914,CataCXium A,0,,34.18,39.94611358642578,18.60542106628418
reaction:1915,SPhos,1,,29.22,40.01852798461914,20.416168212890625
reaction:1917,XPhos,7,,28.87,42.126338958740234,19.801740646362305
reaction:1921,P(tBu)3,1,,93.45,88.33915710449219,21.423507690429688
reaction:1922,P(Ph)3,2,,91.77,88.48153686523438,19.15237808227539
reaction:1923,AmPhos,2,,94.83,93.61833190917969,19.67854881286621
reaction:1924,P(Cy)3,1,,85.66,83.96751403808594,18.705886840820312
reaction:1925,P(o-Tol)3,4,,84.89,83.81431579589844,20.307846069335938
reaction:1926,CataCXium A,1,,94.39,96.79638671875,19.400632858276367
reaction:1927,SPhos,4,,91.96,89.98980712890625,21.287229537963867
reaction:1929,XPhos,1,,90.64,82.87742614746094,19.613046646118164
reaction:1933,P(tBu)3,2,,90.21,78.89103698730469,20.006437301635742
reaction:1934,P(Ph)3,0,,86.31,90.20537567138672,19.86159896850586
reaction:1935,AmPhos,0,,94.41,97.15912628173828,20.318971633911133
reaction:1936,P(Cy)3,2,,83.44,77.777587890625,19.015981674194336
reaction:1937,P(o-Tol)3,2,,78.9,77.95869445800781,19.979198455810547
reaction:1938,CataCXium A,1,,87.12,89.199462890625,20.00004005432129
reaction:1939,SPhos,2,,73.94,82.95863342285156,19.35082244873047
reaction:1941,XPhos,3,,74.99,72.9351806640625,20.272031784057617
reaction:1945,P(tBu)3,2,,77.29,77.04680633544922,21.265625
reaction:1946,P(Ph)3,1,,82.9,80.45295715332031,19.24159812927246
reaction:1947,AmPhos,0,,91.18,89.97639465332031,21.411033630371094
reaction:1948,P(Cy)3,5,,73.98,76.24787902832031,19.104854583740234
reaction:1949,P(o-Tol)3,4,,77.15,74.5025634765625,20.662412643432617
reaction:1950,CataCXium A,7,,88.58,83.76115417480469,19.602142333984375
reaction:1951,SPhos,7,,76.2,72.64762878417969,20.417404174804688
reaction:1953,XPhos,1,,72.25,64.01536560058594,21.09849739074707
reaction:1957,P(tBu)3,2,,73.51,82.33488464355469,19.92344093322754
reaction:1958,P(Ph)3,3,,76.58,77.02310180664062,19.82225799560547
reaction:1959,AmPhos,6,,85.14,87.685302734375,19.902996063232422
reaction:1960,P(Cy)3,3,,65.61,69.36323547363281,18.639286041259766
reaction:1961,P(o-Tol)3,1,,66.38,65.02486419677734,19.523157119750977
reaction:1962,CataCXium A,5,,83.98,79.0892562866211,18.887815475463867
reaction:1963,SPhos,6,,81.32,67.17256164550781,20.219398498535156
reaction:1965,XPhos,6,,71.22,59.382568359375,20.393003463745117
reaction:1969,P(tBu)3,6,,91.28,87.06951904296875,20.34708595275879
reaction:1970,P(Ph)3,5,,94.13,86.87663269042969,19.78453254699707
reaction:1971,AmPhos,5,,99.05,92.54984283447266,19.810832977294922
reaction:1972,P(Cy)3,1,,91.07,81.1851577758789,19.969764709472656
reaction:1973,P(o-Tol)3,5,,86.97,81.89012145996094,19.875234603881836
reaction:1974,CataCXium A,6,,95.97,94.60182189941406,19.336275100708008
reaction:1975,SPhos,7,,93.95,90.43736267089844,20.003252029418945
reaction:1977,XPhos,5,,93.06,82.60700225830078,21.10033416748047
reaction:1981,P(tBu)3,2,,98.42,100.04692077636719,19.951061248779297
reaction:1982,P(Ph)3,7,,94.7,95.38934326171875,20.844568252563477
reaction:1983,AmPhos,1,,99.15,96.60317993164062,21.575672149658203
reaction:1984,P(Cy)3,5,,92.42,88.46745300292969,19.420541763305664
reaction:1985,P(o-Tol)3,2,,88.64,95.77389526367188,19.581960678100586
reaction:1986,CataCXium A,4,,96.48,96.83756256103516,19.942333221435547
reaction:1987,SPhos,3,,93.44,98.368896484375,20.435781478881836
reaction:1989,XPhos,7,,92.77,85.91828155517578,19.95595359802246
reaction:1993,P(tBu)3,5,,96.3,101.15766906738281,21.244176864624023
reaction:1994,P(Ph)3,5,,94.38,89.84742736816406,19.598066329956055
reaction:1995,AmPhos,1,,97.98,90.557373046875,20.484764099121094
reaction:1996,P(Cy)3,5,,85.57,83.60542297363281,18.919893264770508
reaction:1997,P(o-Tol)3,1,,83.26,78.85061645507812,18.788251876831055
reaction:1998,CataCXium A,4,,94.32,88.58984375,19.80315399169922
reaction:1999,SPhos,4,,84.9,87.31745910644531,21.215984344482422
reaction:2001,XPhos,2,,72.37,82.52546691894531,19.217134475708008
reaction:2005,P(tBu)3,1,,90.88,89.4682388305664,19.826637268066406
reaction:2006,P(Ph)3,2,,79.83,78.25276184082031,19.83909797668457
reaction:2007,AmPhos,1,,86.16,88.35838317871094,20.3154239654541
reaction:2008,P(Cy)3,6,,61.84,68.13818359375,19.063955307006836
reaction:2009,P(o-Tol)3,4,,58.42,64.29074096679688,20.392887115478516
reaction:2010,CataCXium A,1,,71.98,78.01171875,19.916118621826172
reaction:2011,SPhos,4,,63.7,70.0613784790039,21.027103424072266
reaction:2013,XPhos,1,,48.24,61.04917526245117,20.84908676147461
reaction:2017,P(tBu)3,0,,87.52,87.52577209472656,21.15220069885254
reaction:2018,P(Ph)3,4,,86.4,91.74795532226562,19.92888641357422
reaction:2019,AmPhos,6,,91.17,94.18565368652344,20.432064056396484
reaction:2020,P(Cy)3,7,,75.17,83.75750732421875,18.948986053466797
reaction:2021,P(o-Tol)3,7,,73.61,78.07902526855469,20.340669631958008
reaction:2022,CataCXium A,0,,92.59,89.58403015136719,19.45482635498047
reaction:2023,SPhos,3,,81.41,81.21184539794922,20.7185001373291
reaction:2025,XPhos,7,,82.69,80.47622680664062,19.198209762573242
reaction:2029,P(tBu)3,0,,95.58,77.7605972290039,19.981258392333984
reaction:2030,P(Ph)3,3,,94.23,84.70651245117188,20.356504440307617
reaction:2031,AmPhos,3,,91.47,86.49174499511719,20.588302612304688
reaction:2032,P(Cy)3,4,,75.42,78.21482849121094,19.256799697875977
reaction:2033,P(o-Tol)3,5,,63.8,70.92544555664062,21.190170288085938
reaction:2034,CataCXium A,1,,87.5,86.33699035644531,20.095592498779297
reaction:2035,SPhos,5,,68.79,67.29483032226562,20.915542602539062
reaction:2037,XPhos,5,,56.96,66.99430847167969,21.65890121459961
reaction:2041,P(tBu)3,3,,70.1,61.93058776855469,19.668962478637695
reaction:2042,P(Ph)3,3,,73.19,73.71444702148438,20.129552841186523
reaction:2043,AmPhos,5,,79.38,84.50572204589844,19.982425689697266
reaction:2044,P(Cy)3,0,,64.74,66.8790054321289,18.574602127075195
reaction:2045,P(o-Tol)3,5,,51.31,63.296836853027344,19.6489315032959
reaction:2046,CataCXium A,5,,73.74,80.87995147705078,18.404998779296875
reaction:2047,SPhos,4,,50.98,50.92100524902344,20.05808448791504
reaction:2049,XPhos,7,,41.21,51.37770462036133,20.145112991333008
reaction:2053,P(tBu)3,2,,62.64,78.49547576904297,20.01230812072754
reaction:2054,P(Ph)3,0,,63.24,72.6241455078125,20.658105850219727
reaction:2055,AmPhos,2,,72.78,80.50279235839844,19.256790161132812
reaction:2056,P(Cy)3,1,,53.88,61.53960418701172,19.654258728027344
reaction:2057,P(o-Tol)3,5,,46.37,56.341575622558594,20.140071868896484
reaction:2058,CataCXium A,5,,70.7,78.177734375,19.02952766418457
reaction:2059,SPhos,3,,47.47,60.85292053222656,20.472009658813477
reaction:2061,XPhos,5,,43.93,58.389163970947266,21.644624710083008
reaction:2065,P(tBu)3,1,,79.77,80.41129302978516,21.30599021911621
reaction:2066,P(Ph)3,7,,77.32,82.91001892089844,20.168123245239258
reaction:2067,AmPhos,3,,84.23,81.21534729003906,20.419954299926758
reaction:2068,P(Cy)3,1,,68.45,72.88590240478516,20.064802169799805
reaction:2069,P(o-Tol)3,3,,64.85,65.64289093017578,19.199329376220703
reaction:2070,CataCXium A,5,,86.12,82.86735534667969,18.85503387451172
reaction:2071,SPhos,3,,73.7,77.1152572631836,20.09903335571289
reaction:2073,XPhos,2,,72.71,73.1277084350586,20.578929901123047
reaction:2077,P(tBu)3,7,,93.55,92.2591552734375,20.29326057434082
reaction:2078,P(Ph)3,5,,94.71,87.75094604492188,19.202280044555664
reaction:2079,AmPhos,7,,95.53,93.70260620117188,20.39655113220215
reaction:2080,P(Cy)3,7,,82.19,80.0091781616211,18.8049259185791
reaction:2081,P(o-Tol)3,5,,87.04,80.81729125976562,19.18657875061035
reaction:2082,CataCXium A,5,,96.61,88.50105285644531,18.678369522094727
reaction:2083,SPhos,2,,95.34,84.51993560791016,19.35856056213379
reaction:2085,XPhos,0,,93.67,76.08683776855469,20.956647872924805
reaction:2089,P(tBu)3,4,,96.25,97.36558532714844,18.847625732421875
reaction:2090,P(Ph)3,0,,97.09,91.81510162353516,19.760522842407227
reaction:2091,AmPhos,7,,96.0,86.40348815917969,19.878467559814453
reaction:2092,P(Cy)3,7,,90.29,79.73260498046875,19.114843368530273
reaction:2093,P(o-Tol)3,6,,84.87,70.51286315917969,19.282644271850586
reaction:2094,CataCXium A,0,,94.85,92.21292114257812,19.016366958618164
reaction:2095,SPhos,4,,85.37,82.45436096191406,20.86330795288086
reaction:2097,XPhos,4,,80.34,73.25677490234375,21.159631729125977
reaction:2101,P(tBu)3,5,,89.61,87.20046997070312,21.251192092895508
reaction:2102,P(Ph)3,2,,88.95,84.3819580078125,20.132488250732422
reaction:2103,AmPhos,7,,89.95,90.50135803222656,19.831064224243164
reaction:2104,P(Cy)3,2,,77.56,77.42107391357422,19.144506454467773
reaction:2105,P(o-Tol)3,3,,65.8,60.618385314941406,19.81144905090332
reaction:2106,CataCXium A,3,,86.35,82.96733093261719,18.320865631103516
reaction:2107,SPhos,6,,68.0,72.71986389160156,19.05729866027832
reaction:2109,XPhos,1,,61.65,63.24705123901367,20.093517303466797
reaction:2113,P(tBu)3,6,,74.71,68.41215515136719,21.034076690673828
reaction:2114,P(Ph)3,7,,88.53,93.90152740478516,20.2452449798584
reaction:2115,AmPhos,0,,93.09,93.37376403808594,19.974130630493164
reaction:2116,P(Cy)3,6,,93.81,80.16724395751953,19.447147369384766
reaction:2117,P(o-Tol)3,3,,82.45,69.69398498535156,20.161375045776367
reaction:2118,CataCXium A,3,,94.6,90.54536437988281,18.579862594604492
reaction:2119,SPhos,7,,91.09,87.4591064453125,19.307098388671875
reaction:2121,XPhos,2,,90.34,77.09387969970703,19.578353881835938
reaction:2125,P(tBu)3,7,,9.76,54.80140686035156,20.15369415283203
reaction:2126,P(Ph)3,6,,93.09,91.12371826171875,19.379459381103516
reaction:2127,AmPhos,3,,88.64,83.28427124023438,20.156587600708008
reaction:2128,P(Cy)3,4,,70.05,81.24974822998047,19.328550338745117
reaction:2129,P(o-Tol)3,2,,62.61,67.04188537597656,20.507221221923828
reaction:2130,CataCXium A,7,,84.49,80.55769348144531,18.676197052001953
reaction:2131,SPhos,1,,75.87,73.61923217773438,20.668167114257812
reaction:2133,XPhos,6,,72.62,66.76012420654297,20.458297729492188
reaction:2137,P(tBu)3,2,,8.72,45.277103424072266,20.753480911254883
reaction:2138,P(Ph)3,4,,90.92,88.65514373779297,19.42695426940918
reaction:2139,AmPhos,6,,91.83,81.7763671875,21.417001724243164
reaction:2140,P(Cy)3,5,,82.68,80.3317642211914,19.05105209350586
reaction:2141,P(o-Tol)3,5,,77.72,71.66871643066406,19.301599502563477
reaction:2142,CataCXium A,2,,94.69,87.66401672363281,18.887454986572266
reaction:2143,SPhos,4,,82.58,73.69081115722656,20.622467041015625
reaction:2145,XPhos,1,,75.7,67.16622161865234,20.5332088470459
reaction:2149,P(tBu)3,3,,67.21,49.13998794555664,19.365615844726562
reaction:2150,P(Ph)3,3,,82.49,81.656982421875,19.83486557006836
reaction:2151,AmPhos,3,,85.38,89.41427612304688,20.250822067260742
reaction:2152,P(Cy)3,0,,60.87,66.99481201171875,19.503835678100586
reaction:2153,P(o-Tol)3,4,,55.43,64.93548583984375,20.77794075012207
reaction:2154,CataCXium A,2,,80.23,79.83246612548828,19.38739013671875
reaction:2155,SPhos,6,,65.91,67.22867584228516,20.155635833740234
reaction:2157,XPhos,7,,51.28,66.4191665649414,19.20527458190918
reaction:2161,P(tBu)3,4,,56.56,60.47822570800781,20.582584381103516
reaction:2162,P(Ph)3,0,,93.46,92.24005126953125,19.722232818603516
reaction:2163,AmPhos,6,,91.35,91.57136535644531,20.463586807250977
reaction:2164,P(Cy)3,6,,93.62,82.62983703613281,19.540220260620117
reaction:2165,P(o-Tol)3,3,,82.14,74.0341567993164,19.483400344848633
reaction:2166,CataCXium A,6,,94.13,92.60250091552734,19.041963577270508
reaction:2167,SPhos,5,,88.89,86.22007751464844,20.021408081054688
reaction:2169,XPhos,3,,85.96,74.65455627441406,20.438982009887695
reaction:2173,P(tBu)3,1,,88.33,78.15738677978516,20.538360595703125
reaction:2174,P(Ph)3,7,,95.49,98.35379028320312,20.914363861083984
reaction:2175,AmPhos,1,,96.28,96.47806549072266,21.077056884765625
reaction:2176,P(Cy)3,3,,89.03,89.57757568359375,19.292308807373047
reaction:2177,P(o-Tol)3,3,,82.58,79.15763854980469,19.785837173461914
reaction:2178,CataCXium A,5,,96.97,94.82862854003906,18.4908390045166
reaction:2179,SPhos,3,,93.79,88.05020141601562,20.41973304748535
reaction:2181,XPhos,1,,82.14,78.30769348144531,19.635541915893555
reaction:2185,P(tBu)3,6,,92.96,69.53744506835938,20.487348556518555
reaction:2186,P(Ph)3,1,,89.15,91.56744384765625,18.720855712890625
reaction:2187,AmPhos,2,,90.81,86.09178924560547,19.74974822998047
reaction:2188,P(Cy)3,3,,76.98,74.6415786743164,19.30113410949707
reaction:2189,P(o-Tol)3,5,,71.34,68.07737731933594,19.383615493774414
reaction:2190,CataCXium A,4,,86.44,83.13645935058594,20.526599884033203
reaction:2191,SPhos,4,,73.02,70.60069274902344,20.978126525878906
reaction:2193,XPhos,7,,72.75,70.00072479248047,20.089921951293945
reaction:2197,P(tBu)3,4,,90.92,59.458351135253906,20.00951385498047
reaction:2198,P(Ph)3,4,,95.18,76.78926849365234,20.047054290771484
reaction:2199,AmPhos,2,,95.78,82.85717010498047,20.055049896240234
reaction:2200,P(Cy)3,5,,62.9,65.8526382446289,19.169883728027344
reaction:2201,P(o-Tol)3,1,,51.62,66.09103393554688,20.0999698638916
reaction:2202,CataCXium A,7,,74.53,71.36661529541016,19.021310806274414
reaction:2203,SPhos,1,,55.91,64.33394622802734,19.709178924560547
reaction:2205,XPhos,4,,44.36,55.558380126953125,21.351070404052734
reaction:2209,P(tBu)3,6,,80.02,83.76569366455078,21.181602478027344
reaction:2210,P(Ph)3,6,,89.96,83.0091552734375,20.45368003845215
reaction:2211,AmPhos,5,,90.36,85.22251892089844,20.522531509399414
reaction:2212,P(Cy)3,5,,84.38,91.66793823242188,19.09980010986328
reaction:2213,P(o-Tol)3,7,,83.25,91.51177978515625,20.18389129638672
reaction:2214,CataCXium A,0,,84.8,83.64151000976562,19.16997718811035
reaction:2215,SPhos,4,,83.9,93.24250793457031,21.274316787719727
reaction:2217,XPhos,4,,81.05,93.56013488769531,21.180837631225586
reaction:2221,P(tBu)3,4,,77.27,69.08224487304688,19.656734466552734
reaction:2222,P(Ph)3,3,,87.84,87.77799987792969,20.418495178222656
reaction:2223,AmPhos,0,,90.07,90.82890319824219,20.050132751464844
reaction:2224,P(Cy)3,3,,86.58,85.30602264404297,19.327964782714844
reaction:2225,P(o-Tol)3,5,,86.82,86.83909606933594,20.74209976196289
reaction:2226,CataCXium A,1,,83.75,84.35934448242188,19.752382278442383
reaction:2227,SPhos,1,,82.5,83.10064697265625,20.659238815307617
reaction:2229,XPhos,2,,81.52,80.56881713867188,20.00813865661621
reaction:2233,P(tBu)3,5,,67.08,64.32308959960938,20.640323638916016
reaction:2234,P(Ph)3,5,,68.0,78.66827392578125,19.049518585205078
reaction:2235,AmPhos,0,,75.68,86.94093322753906,21.32563018798828
reaction:2236,P(Cy)3,5,,77.41,80.93058776855469,18.973114013671875
reaction:2237,P(o-Tol)3,5,,72.92,82.70777893066406,19.05780792236328
reaction:2238,CataCXium A,4,,76.08,77.73565673828125,19.195802688598633
reaction:2239,SPhos,1,,52.18,66.13491821289062,19.76207733154297
reaction:2241,XPhos,3,,49.61,68.0638427734375,21.258808135986328
reaction:2245,P(tBu)3,6,,83.04,79.737060546875,20.16608238220215
reaction:2246,P(Ph)3,5,,90.36,79.78248596191406,19.300739288330078
reaction:2247,AmPhos,5,,92.58,79.06278991699219,20.784103393554688
reaction:2248,P(Cy)3,0,,88.04,83.01422882080078,18.787424087524414
reaction:2249,P(o-Tol)3,0,,88.19,77.18158721923828,20.058673858642578
reaction:2250,CataCXium A,2,,91.15,78.64610290527344,19.10981559753418
reaction:2251,SPhos,3,,88.96,90.22282409667969,20.888338088989258
reaction:2253,XPhos,4,,85.09,79.27101135253906,21.146116256713867
reaction:2257,P(tBu)3,3,,80.91,75.23552703857422,20.31168556213379
reaction:2258,P(Ph)3,2,,83.21,85.65035247802734,19.94532012939453
reaction:2259,AmPhos,2,,83.8,88.27005004882812,18.936824798583984
reaction:2260,P(Cy)3,5,,78.56,92.51469421386719,19.1084041595459
reaction:2261,P(o-Tol)3,1,,86.4,86.08386993408203,20.202960968017578
reaction:2262,CataCXium A,1,,83.71,84.35853576660156,20.00771141052246
reaction:2263,SPhos,7,,87.81,88.38204956054688,20.12840461730957
reaction:2265,XPhos,2,,82.35,95.05960083007812,21.16360092163086
reaction:2269,P(tBu)3,7,,85.92,79.99960327148438,20.388248443603516
reaction:2270,P(Ph)3,7,,92.33,93.33943176269531,20.791521072387695
reaction:2271,AmPhos,1,,100.0,85.5496597290039,21.020648956298828
reaction:2272,P(Cy)3,5,,89.27,93.63710021972656,19.14087677001953
reaction:2273,P(o-Tol)3,1,,100.0,91.7620849609375,19.491979598999023
reaction:2274,CataCXium A,0,,86.19,88.65744018554688,19.113845825195312
reaction:2275,SPhos,3,,100.0,97.78178405761719,21.56192970275879
reaction:2277,XPhos,4,,91.9,101.99142456054688,21.593935012817383
reaction:2281,P(tBu)3,5,,70.65,81.36970520019531,20.658517837524414
reaction:2282,P(Ph)3,2,,78.77,85.06059265136719,18.944679260253906
reaction:2283,AmPhos,6,,73.96,92.42736053466797,20.23724365234375
reaction:2284,P(Cy)3,3,,84.05,82.8729248046875,19.108516693115234
reaction:2285,P(o-Tol)3,7,,72.18,89.69827270507812,19.788856506347656
reaction:2286,CataCXium A,5,,73.53,87.4493408203125,17.979543685913086
reaction:2287,SPhos,3,,76.43,70.7762451171875,21.0524845123291
reaction:2289,XPhos,5,,78.36,68.20838165283203,20.636934280395508
reaction:2293,P(tBu)3,6,,41.39,69.25965118408203,20.580402374267578
reaction:2294,P(Ph)3,3,,47.4,64.91741180419922,20.4095458984375
reaction:2295,AmPhos,6,,66.14,80.71127319335938,20.633533477783203
reaction:2296,P(Cy)3,6,,72.16,54.75596618652344,18.88785171508789
reaction:2297,P(o-Tol)3,6,,64.73,59.34287643432617,19.243207931518555
reaction:2298,CataCXium A,2,,55.71,65.2859115600586,19.005640029907227
reaction:2299,SPhos,0,,63.75,45.84654235839844,19.66950225830078
reaction:2301,XPhos,1,,66.05,47.58537292480469,20.7933349609375
reaction:2305,P(tBu)3,6,,54.09,71.45634460449219,20.495019912719727
reaction:2306,P(Ph)3,3,,89.89,80.81581115722656,20.826053619384766
reaction:2307,AmPhos,2,,88.23,83.37455749511719,21.323671340942383
reaction:2308,P(Cy)3,4,,71.74,76.59123992919922,19.50819206237793
reaction:2309,P(o-Tol)3,5,,75.74,64.09407806396484,19.502323150634766
reaction:2310,CataCXium A,4,,87.89,76.59473419189453,19.421449661254883
reaction:2311,SPhos,4,,85.64,86.65086364746094,20.072044372558594
reaction:2313,XPhos,6,,73.21,79.31710052490234,20.74774169921875
reaction:2317,P(tBu)3,2,,60.99,59.88718795776367,21.30503273010254
reaction:2318,P(Ph)3,0,,68.23,74.84619140625,19.11035919189453
reaction:2319,AmPhos,6,,66.89,77.46684265136719,21.327274322509766
reaction:2320,P(Cy)3,2,,70.14,61.43111038208008,20.449134826660156
reaction:2321,P(o-Tol)3,1,,59.04,62.17176818847656,18.919965744018555
reaction:2322,CataCXium A,1,,56.68,71.4407958984375,19.282012939453125
reaction:2323,SPhos,0,,73.5,64.69815826416016,19.847909927368164
reaction:2325,XPhos,2,,60.47,57.40678405761719,20.036569595336914
reaction:2329,P(tBu)3,0,,0.0,58.940067291259766,21.05786895751953
reaction:2330,P(Ph)3,3,,53.51,67.68836975097656,20.574281692504883
reaction:2331,AmPhos,0,,68.33,66.72908020019531,21.399648666381836
reaction:2332,P(Cy)3,6,,72.87,43.03609085083008,19.823776245117188
reaction:2333,P(o-Tol)3,6,,70.13,54.82619094848633,20.67121696472168
reaction:2334,CataCXium A,4,,57.5,64.06298828125,18.56197166442871
reaction:2335,SPhos,4,,73.4,60.77682113647461,19.419097900390625
reaction:2337,XPhos,0,,58.39,48.3061637878418,20.898422241210938
reaction:2341,P(tBu)3,0,,38.56,58.27765655517578,20.546401977539062
reaction:2342,P(Ph)3,2,,59.59,57.56180953979492,20.522451400756836
reaction:2343,AmPhos,0,,61.85,69.20718383789062,20.936159133911133
reaction:2344,P(Cy)3,2,,40.11,40.56514358520508,20.936731338500977
reaction:2345,P(o-Tol)3,4,,35.17,47.98719787597656,19.71245002746582
reaction:2346,CataCXium A,1,,48.02,63.51385498046875,19.536035537719727
reaction:2347,SPhos,5,,53.78,54.87712097167969,20.282703399658203
reaction:2349,XPhos,0,,55.03,47.717559814453125,20.717552185058594
reaction:2353,P(tBu)3,5,,54.09,56.93321228027344,19.91398048400879
reaction:2354,P(Ph)3,6,,70.82,69.97735595703125,20.38446044921875
reaction:2355,AmPhos,5,,81.7,76.52542877197266,20.882919311523438
reaction:2356,P(Cy)3,1,,74.2,67.56509399414062,19.929710388183594
reaction:2357,P(o-Tol)3,0,,61.1,63.190773010253906,18.781368255615234
reaction:2358,CataCXium A,0,,78.09,79.24872589111328,18.35990333557129
reaction:2359,SPhos,7,,89.93,81.87838745117188,20.086641311645508
reaction:2361,XPhos,0,,70.65,73.85157775878906,21.151222229003906
reaction:2365,P(tBu)3,3,,92.06,65.96273040771484,19.121030807495117
reaction:2366,P(Ph)3,1,,73.07,87.12155151367188,19.151500701904297
reaction:2367,AmPhos,4,,85.26,82.60823059082031,20.554357528686523
reaction:2368,P(Cy)3,0,,87.12,79.1718521118164,18.593421936035156
reaction:2369,P(o-Tol)3,5,,76.39,60.89080810546875,19.453227996826172
reaction:2370,CataCXium A,0,,70.45,79.2142562866211,18.918209075927734
reaction:2371,SPhos,0,,82.08,89.7413330078125,20.835662841796875
reaction:2373,XPhos,4,,77.21,69.8119125366211,21.19182777404785
reaction:2377,P(tBu)3,4,,91.87,61.90801239013672,18.631641387939453
reaction:2378,P(Ph)3,4,,86.04,67.51155090332031,20.863754272460938
reaction:2379,AmPhos,6,,81.14,82.23912048339844,21.21214485168457
reaction:2380,P(Cy)3,4,,58.71,69.3131103515625,18.710895538330078
reaction:2381,P(o-Tol)3,0,,53.69,56.706756591796875,18.838050842285156
reaction:2382,CataCXium A,5,,82.92,71.76274108886719,18.859024047851562
reaction:2383,SPhos,5,,74.65,76.12620544433594,19.904586791992188
reaction:2385,XPhos,6,,60.58,62.70696258544922,20.407480239868164
reaction:2389,P(tBu)3,2,,90.41,62.329132080078125,21.415647506713867
reaction:2390,P(Ph)3,6,,73.11,66.88529205322266,20.62023162841797
reaction:2391,AmPhos,5,,83.89,72.91731262207031,21.05596351623535
reaction:2392,P(Cy)3,3,,51.13,59.5225944519043,19.799198150634766
reaction:2393,P(o-Tol)3,7,,53.85,52.363914489746094,19.491195678710938
reaction:2394,CataCXium A,2,,75.67,66.76593017578125,20.017574310302734
reaction:2395,SPhos,0,,58.46,62.373836517333984,19.55021095275879
reaction:2397,XPhos,1,,56.14,55.57566452026367,20.849964141845703
reaction:2401,P(tBu)3,3,,91.58,86.1124496459961,19.59989356994629
reaction:2402,P(Ph)3,7,,78.77,87.03205871582031,20.526145935058594
reaction:2403,AmPhos,6,,91.57,91.05668640136719,21.201326370239258
reaction:2404,P(Cy)3,4,,72.23,66.14326477050781,19.014724731445312
reaction:2405,P(o-Tol)3,1,,55.9,59.04932403564453,18.991487503051758
reaction:2406,CataCXium A,4,,95.99,87.59788513183594,18.94506072998047
reaction:2407,SPhos,0,,87.24,78.16728210449219,20.041086196899414
reaction:2409,XPhos,4,,79.27,61.730106353759766,20.753555297851562
reaction:2413,P(tBu)3,7,,94.76,83.00624084472656,22.097074508666992
reaction:2414,P(Ph)3,2,,84.05,78.46878051757812,20.751873016357422
reaction:2415,AmPhos,0,,83.02,79.65226745605469,19.654006958007812
reaction:2416,P(Cy)3,3,,51.05,64.38853454589844,20.174823760986328
reaction:2417,P(o-Tol)3,5,,57.14,49.37085723876953,21.122310638427734
reaction:2418,CataCXium A,0,,87.79,74.66577911376953,19.632089614868164
reaction:2419,SPhos,6,,58.9,64.91856384277344,21.06511688232422
reaction:2421,XPhos,5,,46.82,52.817848205566406,21.655576705932617
reaction:2425,P(tBu)3,5,,62.75,58.74065017700195,21.02455711364746
reaction:2426,P(Ph)3,6,,67.34,68.21481323242188,21.43142318725586
reaction:2427,AmPhos,3,,72.45,73.37492370605469,19.03812599182129
reaction:2428,P(Cy)3,3,,35.86,52.878997802734375,19.362590789794922
reaction:2429,P(o-Tol)3,3,,50.31,44.93804931640625,20.825462341308594
reaction:2430,CataCXium A,7,,77.02,75.92082977294922,19.883665084838867
reaction:2431,SPhos,6,,44.12,56.08962631225586,21.860517501831055
reaction:2433,XPhos,6,,35.27,36.54429244995117,21.469335556030273
reaction:2437,P(tBu)3,2,,63.86,68.76283264160156,21.338106155395508
reaction:2438,P(Ph)3,0,,57.83,70.66448211669922,19.859251022338867
reaction:2439,AmPhos,4,,69.6,74.75515747070312,20.62676239013672
reaction:2440,P(Cy)3,2,,30.49,40.406620025634766,20.923120498657227
reaction:2441,P(o-Tol)3,3,,35.36,35.011905670166016,20.487621307373047
reaction:2442,CataCXium A,7,,76.6,73.2530746459961,20.053424835205078
reaction:2443,SPhos,2,,43.0,48.187110900878906,20.880521774291992
reaction:2445,XPhos,5,,41.3,46.59335708618164,21.88559341430664
reaction:2449,P(tBu)3,7,,84.63,70.6094970703125,21.86406707763672
reaction:2450,P(Ph)3,4,,66.77,75.80873107910156,19.912052154541016
reaction:2451,AmPhos,5,,82.33,76.35296630859375,19.99860382080078
reaction:2452,P(Cy)3,4,,51.68,56.04551696777344,18.52916717529297
reaction:2453,P(o-Tol)3,4,,47.09,50.618873596191406,19.629981994628906
reaction:2454,CataCXium A,6,,87.49,81.96373748779297,20.040529251098633
reaction:2455,SPhos,3,,65.49,76.40090942382812,19.432571411132812
reaction:2457,XPhos,0,,58.58,64.33154296875,20.609180450439453
reaction:2461,P(tBu)3,7,,95.96,93.21455383300781,21.341480255126953
reaction:2462,P(Ph)3,4,,84.07,80.14051818847656,19.868669509887695
reaction:2463,AmPhos,2,,89.16,86.24873352050781,20.073583602905273
reaction:2464,P(Cy)3,5,,69.93,71.58920288085938,18.659927368164062
reaction:2465,P(o-Tol)3,3,,48.16,65.03704833984375,20.57210922241211
reaction:2466,CataCXium A,0,,96.19,85.33564758300781,18.79944610595703
reaction:2467,SPhos,2,,84.96,68.68507385253906,20.397268295288086
reaction:2469,XPhos,3,,62.77,65.79703521728516,21.046899795532227
reaction:2473,P(tBu)3,5,,96.75,97.8485107421875,21.097360610961914
reaction:2474,P(Ph)3,6,,89.53,81.40937805175781,20.458499908447266
reaction:2475,AmPhos,4,,83.51,90.00631713867188,19.84955406188965
reaction:2476,P(Cy)3,0,,73.54,54.865333557128906,18.412317276000977
reaction:2477,P(o-Tol)3,7,,50.25,52.93560791015625,19.849523544311523
reaction:2478,CataCXium A,7,,94.07,98.73278045654297,20.175891876220703
reaction:2479,SPhos,5,,87.02,75.69197845458984,20.149553298950195
reaction:2481,XPhos,4,,78.0,53.3045654296875,20.979961395263672
reaction:2485,P(tBu)3,7,,95.63,92.33599853515625,21.209381103515625
reaction:2486,P(Ph)3,7,,90.28,75.3445816040039,20.266523361206055
reaction:2487,AmPhos,4,,89.01,92.46212768554688,20.469470977783203
reaction:2488,P(Cy)3,4,,68.94,57.43220901489258,19.105485916137695
reaction:2489,P(o-Tol)3,5,,58.19,52.275177001953125,19.388782501220703
reaction:2490,CataCXium A,2,,93.15,95.3856201171875,20.32275390625
reaction:2491,SPhos,0,,74.94,62.602657318115234,19.978601455688477
reaction:2493,XPhos,3,,62.86,65.74992370605469,21.100313186645508
reaction:2497,P(tBu)3,3,,76.5,73.65007019042969,20.40764808654785
reaction:2498,P(Ph)3,6,,73.78,71.79277038574219,20.81524658203125
reaction:2499,AmPhos,4,,79.7,68.57342529296875,20.655284881591797
reaction:2500,P(Cy)3,3,,64.78,58.26205825805664,19.373865127563477
reaction:2501,P(o-Tol)3,0,,24.56,34.734683990478516,19.90304946899414
reaction:2502,CataCXium A,7,,65.95,76.35145568847656,19.68378448486328
reaction:2503,SPhos,3,,66.0,57.09248352050781,20.06121063232422
reaction:2505,XPhos,4,,34.74,39.22904968261719,21.06184196472168
reaction:2509,P(tBu)3,4,,46.47,46.979087829589844,20.10455322265625
reaction:2510,P(Ph)3,2,,69.04,63.931278228759766,21.797449111938477
reaction:2511,AmPhos,3,,48.07,51.356441497802734,19.198959350585938
reaction:2512,P(Cy)3,2,,51.21,39.925113677978516,20.305191040039062
reaction:2513,P(o-Tol)3,2,,14.81,19.054059982299805,20.857805252075195
reaction:2514,CataCXium A,0,,49.06,50.5333137512207,19.335481643676758
reaction:2515,SPhos,2,,26.04,35.83486557006836,19.943115234375
reaction:2517,XPhos,0,,22.13,17.26186752319336,20.820188522338867
reaction:2521,P(tBu)3,2,,36.03,26.519250869750977,21.03693962097168
reaction:2522,P(Ph)3,1,,73.12,54.01472854614258,19.421096801757812
reaction:2523,AmPhos,7,,46.27,57.249210357666016,20.71644401550293
reaction:2524,P(Cy)3,0,,36.75,52.82659149169922,18.418245315551758
reaction:2525,P(o-Tol)3,4,,24.77,25.79632568359375,19.15849494934082
reaction:2526,CataCXium A,1,,71.45,58.34659957885742,19.234317779541016
reaction:2527,SPhos,2,,46.34,49.21828842163086,20.730131149291992
reaction:2529,XPhos,7,,21.87,23.879926681518555,21.573320388793945
reaction:2533,P(tBu)3,3,,48.73,48.602962493896484,19.247732162475586
reaction:2534,P(Ph)3,1,,61.38,53.20000457763672,19.381511688232422
reaction:2535,AmPhos,3,,54.47,61.179996490478516,19.489456176757812
reaction:2536,P(Cy)3,1,,20.64,36.60472106933594,20.043270111083984
reaction:2537,P(o-Tol)3,3,,11.81,13.671699523925781,20.30308723449707
reaction:2538,CataCXium A,1,,54.23,59.113094329833984,19.657705307006836
reaction:2539,SPhos,6,,29.16,27.095611572265625,20.92570686340332
reaction:2541,XPhos,0,,15.46,18.813486099243164,21.340717315673828
reaction:2545,P(tBu)3,4,,48.06,61.06828689575195,21.174640655517578
reaction:2546,P(Ph)3,2,,64.78,62.23601150512695,21.56370735168457
reaction:2547,AmPhos,4,,66.62,65.01667785644531,20.236196517944336
reaction:2548,P(Cy)3,0,,67.83,57.897518157958984,18.781736373901367
reaction:2549,P(o-Tol)3,6,,30.73,25.76287269592285,20.524019241333008
reaction:2550,CataCXium A,5,,64.75,77.7350082397461,19.069896697998047
reaction:2551,SPhos,5,,63.96,53.71356964111328,20.088314056396484
reaction:2553,XPhos,2,,43.51,28.612089157104492,20.611886978149414
reaction:2557,P(tBu)3,4,,78.71,81.30982971191406,21.298870086669922
reaction:2558,P(Ph)3,4,,75.39,70.45018005371094,20.65022087097168
reaction:2559,AmPhos,6,,69.89,70.49557495117188,19.695772171020508
reaction:2560,P(Cy)3,4,,64.27,66.77722930908203,18.66240692138672
reaction:2561,P(o-Tol)3,0,,26.26,29.39105987548828,19.46217155456543
reaction:2562,CataCXium A,0,,82.62,69.42501068115234,19.17998695373535
reaction:2563,SPhos,0,,33.94,54.5494270324707,20.911624908447266
reaction:2565,XPhos,4,,15.32,28.485584259033203,21.759923934936523
reaction:2569,P(tBu)3,7,,80.76,77.01223754882812,20.78632354736328
reaction:2570,P(Ph)3,0,,64.9,62.67448425292969,19.317251205444336
reaction:2571,AmPhos,2,,75.18,57.33527374267578,21.735387802124023
reaction:2572,P(Cy)3,1,,49.02,42.8021240234375,18.881946563720703
reaction:2573,P(o-Tol)3,4,,6.62,22.474628448486328,19.15840721130371
reaction:2574,CataCXium A,0,,72.32,63.15705108642578,17.95000457763672
reaction:2575,SPhos,7,,42.8,40.09491729736328,20.764720916748047
reaction:2577,XPhos,7,,12.06,26.55244255065918,20.775753021240234
reaction:2581,P(tBu)3,0,,80.94,67.45136260986328,21.191665649414062
reaction:2582,P(Ph)3,4,,45.54,61.11652755737305,19.85982322692871
reaction:2583,AmPhos,2,,57.76,57.914512634277344,21.51557159423828
reaction:2584,P(Cy)3,2,,45.11,37.02158737182617,20.75503921508789
reaction:2585,P(o-Tol)3,3,,12.44,17.551271438598633,19.957124710083008
reaction:2586,CataCXium A,7,,64.8,59.82819747924805,19.690670013427734
reaction:2587,SPhos,7,,23.47,29.570650100708008,20.193124771118164
reaction:2589,XPhos,5,,17.57,17.65155792236328,21.34330940246582
reaction:2593,P(tBu)3,4,,59.59,46.45906066894531,20.808208465576172
reaction:2594,P(Ph)3,0,,79.1,72.11163330078125,20.068519592285156
reaction:2595,AmPhos,1,,68.54,70.64736938476562,21.142038345336914
reaction:2596,P(Cy)3,7,,61.92,59.66176986694336,19.96849250793457
reaction:2597,P(o-Tol)3,2,,64.08,66.72666931152344,19.945079803466797
reaction:2598,CataCXium A,7,,64.25,66.70533752441406,19.802257537841797
reaction:2599,SPhos,3,,54.09,61.573646545410156,20.283416748046875
reaction:2601,XPhos,1,,52.82,54.142555236816406,20.245447158813477
reaction:2605,P(tBu)3,2,,31.58,52.22880554199219,21.515901565551758
reaction:2606,P(Ph)3,6,,68.46,67.11304473876953,21.143278121948242
reaction:2607,AmPhos,6,,56.14,58.923553466796875,21.45929527282715
reaction:2608,P(Cy)3,6,,47.07,51.576271057128906,19.886764526367188
reaction:2609,P(o-Tol)3,4,,64.57,63.322059631347656,18.455516815185547
reaction:2610,CataCXium A,0,,58.33,50.2813606262207,19.32062530517578
reaction:2611,SPhos,7,,35.81,42.338844299316406,20.862728118896484
reaction:2613,XPhos,0,,29.62,40.072208404541016,20.478731155395508
reaction:2617,P(tBu)3,6,,43.27,24.4158878326416,21.549345016479492
reaction:2618,P(Ph)3,6,,46.68,54.25969696044922,22.07329559326172
reaction:2619,AmPhos,4,,51.25,56.67491149902344,19.669708251953125
reaction:2620,P(Cy)3,1,,24.51,36.88771057128906,19.579547882080078
reaction:2621,P(o-Tol)3,0,,48.51,62.35261917114258,19.862533569335938
reaction:2622,CataCXium A,7,,42.43,48.80298614501953,20.322580337524414
reaction:2623,SPhos,6,,17.87,28.593639373779297,20.92770767211914
reaction:2625,XPhos,1,,16.19,22.047143936157227,21.17579460144043
reaction:2629,P(tBu)3,4,,42.55,33.061180114746094,20.86969566345215
reaction:2630,P(Ph)3,6,,66.78,65.91153717041016,20.612152099609375
reaction:2631,AmPhos,4,,63.17,56.79358673095703,20.832725524902344
reaction:2632,P(Cy)3,2,,57.3,39.93655014038086,20.203102111816406
reaction:2633,P(o-Tol)3,0,,60.9,57.45394515991211,20.028289794921875
reaction:2634,CataCXium A,7,,65.29,55.474220275878906,20.018455505371094
reaction:2635,SPhos,2,,50.12,49.532127380371094,20.862869262695312
reaction:2637,XPhos,7,,43.98,44.93734359741211,20.071523666381836
reaction:2641,P(tBu)3,0,,39.63,37.7454948425293,21.528249740600586
reaction:2642,P(Ph)3,2,,71.17,65.30640411376953,21.035280227661133
reaction:2643,AmPhos,6,,62.59,63.379207611083984,21.701444625854492
reaction:2644,P(Cy)3,3,,59.71,56.06045150756836,19.28066635131836
reaction:2645,P(o-Tol)3,4,,67.68,66.27951049804688,19.55634880065918
reaction:2646,CataCXium A,6,,69.05,66.67729187011719,20.385257720947266
reaction:2647,SPhos,4,,60.62,59.039180755615234,19.63884925842285
reaction:2649,XPhos,6,,53.64,54.57611846923828,20.5078067779541
reaction:2653,P(tBu)3,2,,44.8,57.83177947998047,20.796663284301758
reaction:2654,P(Ph)3,6,,77.92,73.39627075195312,20.57619857788086
reaction:2655,AmPhos,1,,63.77,55.157798767089844,20.036590576171875
reaction:2656,P(Cy)3,6,,69.81,53.8533821105957,19.8917179107666
reaction:2657,P(o-Tol)3,6,,71.59,63.763580322265625,20.448102951049805
reaction:2658,CataCXium A,3,,58.86,71.04129028320312,19.02730941772461
reaction:2659,SPhos,0,,51.57,64.24750518798828,21.014514923095703
reaction:2661,XPhos,5,,58.45,50.77824401855469,21.56373405456543
reaction:2665,P(tBu)3,6,,29.1,51.695980072021484,20.746334075927734
reaction:2666,P(Ph)3,5,,53.9,72.0877685546875,19.872455596923828
reaction:2667,AmPhos,5,,52.82,64.857421875,20.715923309326172
reaction:2668,P(Cy)3,7,,23.64,49.003684997558594,19.731916427612305
reaction:2669,P(o-Tol)3,3,,56.7,50.92815399169922,20.473302841186523
reaction:2670,CataCXium A,3,,58.18,61.1253662109375,19.25735855102539
reaction:2671,SPhos,7,,24.98,36.9814338684082,20.2213191986084
reaction:2673,XPhos,7,,17.11,32.82190704345703,21.183734893798828
reaction:2677,P(tBu)3,5,,23.95,52.37387466430664,21.1578426361084
reaction:2678,P(Ph)3,0,,34.17,46.741024017333984,20.2325439453125
reaction:2679,AmPhos,4,,42.55,58.68943786621094,20.33368682861328
reaction:2680,P(Cy)3,0,,22.01,30.521425247192383,19.22516632080078
reaction:2681,P(o-Tol)3,2,,45.8,49.48775863647461,20.452125549316406
reaction:2682,CataCXium A,4,,44.01,53.59100341796875,18.13482666015625
reaction:2683,SPhos,0,,21.48,12.349353790283203,19.964570999145508
reaction:2685,XPhos,5,,17.77,21.424922943115234,21.745738983154297
reaction:2689,P(tBu)3,6,,1.2,8.544681549072266,21.04295539855957
reaction:2690,P(Ph)3,3,,18.94,11.439533233642578,20.23647117614746
reaction:2691,AmPhos,4,,4.02,6.175544738769531,19.573673248291016
reaction:2692,P(Cy)3,6,,16.47,10.24148941040039,19.30301856994629
reaction:2693,P(o-Tol)3,7,,2.62,7.578742980957031,19.772306442260742
reaction:2694,CataCXium A,2,,15.97,21.816144943237305,18.711626052856445
reaction:2695,SPhos,6,,41.9,88.70805358886719,19.07567024230957
reaction:2697,XPhos,6,,56.66,96.55606079101562,20.90123176574707
reaction:2701,P(tBu)3,7,,10.73,14.113121032714844,19.98831558227539
reaction:2702,P(Ph)3,2,,14.74,12.227420806884766,19.392982482910156
reaction:2703,AmPhos,0,,11.22,11.622650146484375,20.454952239990234
reaction:2704,P(Cy)3,0,,12.8,21.382843017578125,19.59334373474121
reaction:2705,P(o-Tol)3,7,,6.61,8.174247741699219,20.229568481445312
reaction:2706,CataCXium A,7,,12.93,20.4434757232666,19.561952590942383
reaction:2707,SPhos,5,,76.92,59.73637390136719,20.988298416137695
reaction:2709,XPhos,3,,76.61,68.83638000488281,19.807388305664062
reaction:2713,P(tBu)3,2,,9.98,2.1206321716308594,20.728790283203125
reaction:2714,P(Ph)3,7,,13.89,13.51968002319336,19.743900299072266
reaction:2715,AmPhos,0,,7.66,8.255165100097656,21.590192794799805
reaction:2716,P(Cy)3,2,,13.92,17.727888107299805,19.063135147094727
reaction:2717,P(o-Tol)3,0,,7.8,7.965045928955078,19.173019409179688
reaction:2718,CataCXium A,7,,15.16,15.36968994140625,20.017141342163086
reaction:2719,SPhos,1,,72.09,60.523468017578125,19.99342155456543
reaction:2721,XPhos,3,,77.78,63.526756286621094,20.150835037231445
reaction:2725,P(tBu)3,1,,8.73,7.918914794921875,20.536909103393555
reaction:2726,P(Ph)3,6,,14.02,12.03884506225586,20.308542251586914
reaction:2727,AmPhos,0,,9.68,7.306621551513672,20.951980590820312
reaction:2728,P(Cy)3,0,,12.55,10.209701538085938,19.258649826049805
reaction:2729,P(o-Tol)3,5,,5.79,4.3414154052734375,20.506811141967773
reaction:2730,CataCXium A,4,,15.47,11.731090545654297,19.922155380249023
reaction:2731,SPhos,5,,69.42,58.256710052490234,20.703615188598633
reaction:2733,XPhos,2,,68.05,62.322818756103516,21.217676162719727
reaction:2737,P(tBu)3,6,,10.48,9.865615844726562,21.698749542236328
reaction:2738,P(Ph)3,2,,13.89,13.93218994140625,20.27935218811035
reaction:2739,AmPhos,2,,8.09,12.04897689819336,20.591264724731445
reaction:2740,P(Cy)3,5,,12.11,14.856456756591797,19.609933853149414
reaction:2741,P(o-Tol)3,5,,6.6,8.196704864501953,20.370481491088867
reaction:2742,CataCXium A,0,,12.64,12.996318817138672,18.495969772338867
reaction:2743,SPhos,5,,74.54,63.95978927612305,20.27567481994629
reaction:2745,XPhos,5,,81.17,69.94586181640625,20.39358901977539
reaction:2749,P(tBu)3,0,,12.39,14.307514190673828,21.125158309936523
reaction:2750,P(Ph)3,1,,14.63,15.472274780273438,19.707826614379883
reaction:2751,AmPhos,2,,8.7,8.532218933105469,19.134689331054688
reaction:2752,P(Cy)3,5,,12.0,10.750064849853516,19.894672393798828
reaction:2753,P(o-Tol)3,1,,7.08,9.244369506835938,19.63196563720703
reaction:2754,CataCXium A,1,,14.51,12.188453674316406,19.840669631958008
reaction:2755,SPhos,2,,75.5,70.6549072265625,19.60981559753418
reaction:2757,XPhos,1,,76.56,72.7973861694336,20.73629379272461
reaction:2761,P(tBu)3,1,,9.28,15.660417556762695,19.468795776367188
reaction:2762,P(Ph)3,1,,14.61,16.04366683959961,18.843664169311523
reaction:2763,AmPhos,1,,10.13,3.9489402770996094,19.3786563873291
reaction:2764,P(Cy)3,3,,11.6,12.828739166259766,19.25098419189453
reaction:2765,P(o-Tol)3,6,,5.93,5.700447082519531,19.29166603088379
reaction:2766,CataCXium A,7,,14.44,15.117240905761719,20.180435180664062
reaction:2767,SPhos,3,,72.12,61.055057525634766,19.814903259277344
reaction:2769,XPhos,1,,67.73,64.32941436767578,19.695741653442383
reaction:2773,P(tBu)3,6,,12.16,14.534843444824219,21.392580032348633
reaction:2774,P(Ph)3,6,,14.3,18.50057601928711,19.680644989013672
reaction:2775,AmPhos,3,,8.88,9.517524719238281,19.732126235961914
reaction:2776,P(Cy)3,1,,12.44,15.307502746582031,19.627893447875977
reaction:2777,P(o-Tol)3,5,,7.41,4.978923797607422,20.18568992614746
reaction:2778,CataCXium A,1,,18.06,24.253135681152344,20.251596450805664
reaction:2779,SPhos,4,,64.66,57.41205596923828,19.57854461669922
reaction:2781,XPhos,2,,66.37,53.52552795410156,21.67896842956543
reaction:2785,P(tBu)3,2,,22.09,40.23231887817383,20.255828857421875
reaction:2786,P(Ph)3,0,,16.79,18.2796630859375,19.855453491210938
reaction:2787,AmPhos,7,,16.94,21.437223434448242,18.956254959106445
reaction:2788,P(Cy)3,7,,31.86,41.92839050292969,19.741289138793945
reaction:2789,P(o-Tol)3,2,,10.92,10.044200897216797,20.299203872680664
reaction:2790,CataCXium A,0,,49.91,46.49763488769531,18.93647003173828
reaction:2791,SPhos,4,,78.41,75.84710693359375,19.217796325683594
reaction:2793,XPhos,3,,92.16,89.3609619140625,19.791568756103516
reaction:2797,P(tBu)3,4,,51.13,47.68098449707031,20.180452346801758
reaction:2798,P(Ph)3,0,,15.63,17.971837997436523,18.998065948486328
reaction:2799,AmPhos,6,,30.89,25.29945945739746,20.58086585998535
reaction:2800,P(Cy)3,0,,48.75,42.608070373535156,19.517311096191406
reaction:2801,P(o-Tol)3,0,,7.82,7.923675537109375,19.72315216064453
reaction:2802,CataCXium A,0,,67.8,40.02885818481445,19.289390563964844
reaction:2803,SPhos,6,,50.66,73.40230560302734,20.23047637939453
reaction:2805,XPhos,7,,56.5,81.19227600097656,20.790250778198242
reaction:2809,P(tBu)3,6,,21.19,40.01556396484375,21.285066604614258
reaction:2810,P(Ph)3,6,,15.55,13.865657806396484,20.370756149291992
reaction:2811,AmPhos,1,,25.81,18.527265548706055,20.77240562438965
reaction:2812,P(Cy)3,5,,43.78,34.08554458618164,18.945056915283203
reaction:2813,P(o-Tol)3,2,,5.56,5.230159759521484,19.732521057128906
reaction:2814,CataCXium A,3,,48.33,45.070682525634766,18.539350509643555
reaction:2815,SPhos,6,,46.59,58.24182891845703,21.204132080078125
reaction:2817,XPhos,5,,57.55,66.62178039550781,19.583398818969727
reaction:2821,P(tBu)3,2,,30.6,40.73723602294922,20.428613662719727
reaction:2822,P(Ph)3,6,,16.41,12.857479095458984,20.18073272705078
reaction:2823,AmPhos,3,,23.82,19.83298110961914,18.978878021240234
reaction:2824,P(Cy)3,2,,37.16,33.47728729248047,19.431228637695312
reaction:2825,P(o-Tol)3,1,,6.45,2.1269149780273438,20.34429168701172
reaction:2826,CataCXium A,4,,46.65,43.23213577270508,19.504011154174805
reaction:2827,SPhos,6,,53.72,60.85805130004883,20.67862319946289
reaction:2829,XPhos,5,,68.31,73.51447296142578,20.570180892944336
reaction:2833,P(tBu)3,3,,44.63,36.2177848815918,20.36732292175293
reaction:2834,P(Ph)3,5,,17.78,16.061262130737305,20.229785919189453
reaction:2835,AmPhos,1,,25.22,20.05726432800293,21.478290557861328
reaction:2836,P(Cy)3,2,,46.21,24.638647079467773,20.132099151611328
reaction:2837,P(o-Tol)3,3,,7.62,5.2515106201171875,18.584575653076172
reaction:2838,CataCXium A,1,,33.61,46.0022087097168,19.71556282043457
reaction:2839,SPhos,7,,70.67,51.16545867919922,20.162654876708984
reaction:2841,XPhos,4,,79.94,66.04586029052734,20.09402847290039
reaction:2845,P(tBu)3,5,,52.95,33.747459411621094,19.672101974487305
reaction:2846,P(Ph)3,6,,18.29,13.068794250488281,20.381301879882812
reaction:2847,AmPhos,1,,15.12,26.375761032104492,19.99918556213379
reaction:2848,P(Cy)3,0,,18.51,34.552093505859375,19.237102508544922
reaction:2849,P(o-Tol)3,5,,9.07,9.510570526123047,19.3523006439209
reaction:2850,CataCXium A,6,,30.62,42.060211181640625,19.405588150024414
reaction:2851,SPhos,7,,77.13,64.93805694580078,19.556901931762695
reaction:2853,XPhos,1,,92.53,76.1181869506836,19.98693084716797
reaction:2857,P(tBu)3,0,,58.57,38.72032928466797,20.112688064575195
reaction:2858,P(Ph)3,0,,18.11,17.45296859741211,19.15131950378418
reaction:2859,AmPhos,0,,11.47,25.36384391784668,20.109737396240234
reaction:2860,P(Cy)3,3,,15.75,43.906333923339844,18.961162567138672
reaction:2861,P(o-Tol)3,2,,7.3,8.6937255859375,19.78166389465332
reaction:2862,CataCXium A,2,,33.7,48.527015686035156,18.21504020690918
reaction:2863,SPhos,3,,76.22,65.07231903076172,20.266414642333984
reaction:2865,XPhos,2,,91.76,79.66372680664062,20.729032516479492
reaction:2869,P(tBu)3,7,,51.1,43.26310348510742,19.994169235229492
reaction:2870,P(Ph)3,3,,17.49,25.763290405273438,19.16283416748047
reaction:2871,AmPhos,2,,31.05,29.73906707763672,20.842365264892578
reaction:2872,P(Cy)3,7,,51.23,50.332637786865234,19.247303009033203
reaction:2873,P(o-Tol)3,0,,6.84,17.3813419342041,19.278942108154297
reaction:2874,CataCXium A,4,,77.06,53.88350296020508,19.129520416259766
reaction:2875,SPhos,5,,69.3,65.09294891357422,20.69019889831543
reaction:2877,XPhos,6,,84.83,69.92034912109375,20.274301528930664
reaction:2881,P(tBu)3,1,,25.34,7.128131866455078,21.154081344604492
reaction:2882,P(Ph)3,2,,13.32,14.064807891845703,19.55365753173828
reaction:2883,AmPhos,1,,11.93,4.493915557861328,19.964845657348633
reaction:2884,P(Cy)3,0,,13.92,16.46817970275879,19.81766700744629
reaction:2885,P(o-Tol)3,7,,7.68,4.904163360595703,20.402645111083984
reaction:2886,CataCXium A,2,,12.29,25.88657569885254,18.867795944213867
reaction:2887,SPhos,7,,72.38,37.14751434326172,18.83272361755371
reaction:2889,XPhos,7,,86.53,34.814903259277344,19.343717575073242
reaction:2893,P(tBu)3,5,,11.13,-1.1842842102050781,21.32845115661621
reaction:2894,P(Ph)3,7,,17.02,17.063644409179688,20.416044235229492
reaction:2895,AmPhos,6,,8.53,7.272804260253906,21.01041603088379
reaction:2896,P(Cy)3,4,,32.5,24.99654769897461,19.477296829223633
reaction:2897,P(o-Tol)3,5,,6.25,3.6255531311035156,21.06966781616211
reaction:2898,CataCXium A,0,,21.79,16.636131286621094,19.131793975830078
reaction:2899,SPhos,4,,46.5,28.926809310913086,19.449268341064453
reaction:2901,XPhos,5,,52.93,24.17713737487793,20.555362701416016
reaction:2905,P(tBu)3,1,,4.3,-7.8668212890625,20.332674026489258
reaction:2906,P(Ph)3,0,,16.32,21.120630264282227,20.231075286865234
reaction:2907,AmPhos,0,,9.25,10.96453857421875,20.914581298828125
reaction:2908,P(Cy)3,4,,31.18,26.142919540405273,19.855274200439453
reaction:2909,P(o-Tol)3,2,,5.96,11.59445571899414,19.17607879638672
reaction:2910,CataCXium A,6,,21.02,28.714611053466797,19.229894638061523
reaction:2911,SPhos,4,,56.86,33.12724304199219,19.803430557250977
reaction:2913,XPhos,1,,47.98,38.505706787109375,20.74322509765625
reaction:2917,P(tBu)3,5,,12.78,5.407520294189453,20.460765838623047
reaction:2918,P(Ph)3,4,,15.29,17.912776947021484,20.499662399291992
reaction:2919,AmPhos,3,,9.32,13.765933990478516,19.512924194335938
reaction:2920,P(Cy)3,0,,26.25,15.314033508300781,19.484294891357422
reaction:2921,P(o-Tol)3,2,,7.24,10.865680694580078,19.28826904296875
reaction:2922,CataCXium A,7,,20.58,24.662174224853516,19.696897506713867
reaction:2923,SPhos,0,,40.43,32.97296905517578,19.329153060913086
reaction:2925,XPhos,3,,40.46,32.541526794433594,19.01082420349121
reaction:2929,P(tBu)3,3,,0.0,12.954078674316406,20.22937774658203
reaction:2930,P(Ph)3,7,,16.19,14.52695083618164,20.514373779296875
reaction:2931,AmPhos,3,,10.77,12.94781494140625,20.67805290222168
reaction:2932,P(Cy)3,4,,14.09,25.046098709106445,19.365318298339844
reaction:2933,P(o-Tol)3,4,,7.58,7.42242431640625,19.515281677246094
reaction:2934,CataCXium A,3,,18.47,10.649044036865234,18.41923713684082
reaction:2935,SPhos,1,,13.53,47.603214263916016,20.486366271972656
reaction:2937,XPhos,6,,10.45,47.592041015625,20.475915908813477
reaction:2941,P(tBu)3,1,,9.54,18.854515075683594,20.42816734313965
reaction:2942,P(Ph)3,3,,14.96,15.074089050292969,19.413747787475586
reaction:2943,AmPhos,0,,10.98,8.977195739746094,20.416893005371094
reaction:2944,P(Cy)3,2,,13.1,14.378971099853516,19.260116577148438
reaction:2945,P(o-Tol)3,0,,8.04,4.528713226318359,19.31302833557129
reaction:2946,CataCXium A,6,,17.26,15.801033020019531,19.756811141967773
reaction:2947,SPhos,5,,12.4,46.0625114440918,20.089872360229492
reaction:2949,XPhos,2,,11.13,47.47048568725586,20.836685180664062
reaction:2953,P(tBu)3,3,,5.84,25.446210861206055,19.94722557067871
reaction:2954,P(Ph)3,5,,15.7,12.155387878417969,19.93741798400879
reaction:2955,AmPhos,6,,9.8,5.442012786865234,21.404998779296875
reaction:2956,P(Cy)3,7,,13.13,9.804275512695312,19.444673538208008
reaction:2957,P(o-Tol)3,5,,8.19,1.4275360107421875,20.87388038635254
reaction:2958,CataCXium A,5,,16.12,9.218742370605469,18.26734733581543
reaction:2959,SPhos,3,,10.75,31.670679092407227,20.04391098022461
reaction:2961,XPhos,2,,9.9,37.36881637573242,21.015432357788086
reaction:2965,P(tBu)3,0,,6.69,18.936914443969727,21.243375778198242
reaction:2966,P(Ph)3,6,,15.93,14.98587417602539,19.432491302490234
reaction:2967,AmPhos,4,,8.94,9.487640380859375,19.972272872924805
reaction:2968,P(Cy)3,4,,15.15,18.389822006225586,19.731029510498047
reaction:2969,P(o-Tol)3,5,,10.92,3.0985488891601562,20.337669372558594
reaction:2970,CataCXium A,4,,19.53,16.381101608276367,19.24114227294922
reaction:2971,SPhos,2,,15.42,22.786663055419922,20.14550018310547
reaction:2973,XPhos,5,,8.47,23.821578979492188,20.707876205444336
reaction:2977,P(tBu)3,0,,20.19,17.899580001831055,20.62193489074707
reaction:2978,P(Ph)3,4,,12.85,11.750137329101562,20.55280876159668
reaction:2979,AmPhos,4,,8.82,12.107669830322266,19.588640213012695
reaction:2980,P(Cy)3,6,,21.07,25.398834228515625,19.21161651611328
reaction:2981,P(o-Tol)3,3,,7.45,12.74935531616211,20.047964096069336
reaction:2982,CataCXium A,1,,42.98,16.057537078857422,18.95199966430664
reaction:2983,SPhos,1,,63.06,51.599159240722656,19.7916259765625
reaction:2985,XPhos,4,,58.97,54.067474365234375,21.18320083618164
reaction:2989,P(tBu)3,0,,21.2,25.626358032226562,19.864299774169922
reaction:2990,P(Ph)3,5,,11.91,17.703336715698242,20.848743438720703
reaction:2991,AmPhos,5,,12.2,15.317832946777344,20.97125816345215
reaction:2992,P(Cy)3,0,,30.49,30.0798282623291,19.301151275634766
reaction:2993,P(o-Tol)3,7,,7.67,10.825069427490234,20.456653594970703
reaction:2994,CataCXium A,5,,16.27,30.333925247192383,20.385225296020508
reaction:2995,SPhos,4,,35.94,40.13311767578125,20.14740562438965
reaction:2997,XPhos,3,,34.16,44.0174560546875,20.67989158630371
reaction:3001,P(tBu)3,3,,23.39,19.7506103515625,20.34406089782715
reaction:3002,P(Ph)3,4,,11.68,7.576984405517578,20.09785270690918
reaction:3003,AmPhos,1,,9.8,14.103946685791016,20.245803833007812
reaction:3004,P(Cy)3,0,,18.07,26.19740104675293,18.244287490844727
reaction:3005,P(o-Tol)3,0,,8.15,9.636024475097656,19.767141342163086
reaction:3006,CataCXium A,6,,21.77,22.713768005371094,19.423694610595703
reaction:3007,SPhos,2,,14.38,32.630958557128906,20.373897552490234
reaction:3009,XPhos,3,,16.18,34.17707443237305,21.33277702331543
reaction:3013,P(tBu)3,2,,15.69,26.37968635559082,20.001338958740234
reaction:3014,P(Ph)3,0,,12.04,15.899974822998047,19.866554260253906
reaction:3015,AmPhos,7,,10.09,12.191703796386719,19.980911254882812
reaction:3016,P(Cy)3,0,,19.35,25.200979232788086,19.25879669189453
reaction:3017,P(o-Tol)3,4,,5.87,11.036479949951172,20.449661254882812
reaction:3018,CataCXium A,7,,15.42,26.177467346191406,20.034276962280273
reaction:3019,SPhos,6,,60.45,52.54462432861328,20.312068939208984
reaction:3021,XPhos,3,,51.75,49.273338317871094,19.833358764648438
reaction:3025,P(tBu)3,6,,15.32,15.816829681396484,21.455385208129883
reaction:3026,P(Ph)3,4,,11.81,13.406097412109375,20.5865535736084
reaction:3027,AmPhos,6,,11.2,12.777233123779297,20.727224349975586
reaction:3028,P(Cy)3,5,,21.42,25.43022346496582,19.343082427978516
reaction:3029,P(o-Tol)3,1,,6.28,11.122161865234375,20.246912002563477
reaction:3030,CataCXium A,1,,13.29,21.874916076660156,20.108991622924805
reaction:3031,SPhos,7,,60.4,37.42560958862305,19.94021224975586
reaction:3033,XPhos,4,,60.85,39.51315689086914,20.82016372680664
reaction:3037,P(tBu)3,5,,17.43,12.07147216796875,20.003557205200195
reaction:3038,P(Ph)3,2,,9.21,16.172199249267578,18.661540985107422
reaction:3039,AmPhos,4,,12.79,6.121349334716797,20.52351188659668
reaction:3040,P(Cy)3,2,,23.45,13.756282806396484,19.13323211669922
reaction:3041,P(o-Tol)3,4,,8.07,7.302162170410156,20.237890243530273
reaction:3042,CataCXium A,7,,21.18,17.03464698791504,19.533748626708984
reaction:3043,SPhos,4,,60.02,45.8994140625,20.366836547851562
reaction:3045,XPhos,3,,65.54,50.452335357666016,21.40404510498047
reaction:3049,P(tBu)3,3,,15.05,17.856691360473633,20.278287887573242
reaction:3050,P(Ph)3,3,,11.91,8.867485046386719,20.176191329956055
reaction:3051,AmPhos,1,,10.87,5.838504791259766,19.44406509399414
reaction:3052,P(Cy)3,6,,22.2,14.650470733642578,19.14219856262207
reaction:3053,P(o-Tol)3,3,,6.7,6.348079681396484,19.548294067382812
reaction:3054,CataCXium A,3,,23.44,18.265993118286133,18.931833267211914
reaction:3055,SPhos,5,,18.87,27.728771209716797,19.940317153930664
reaction:3057,XPhos,2,,16.23,32.57011032104492,20.874156951904297
reaction:3061,P(tBu)3,4,,12.23,9.004409790039062,20.259891510009766
reaction:3062,P(Ph)3,4,,11.61,-0.8535041809082031,20.495647430419922
reaction:3063,AmPhos,6,,7.2,12.880168914794922,20.646831512451172
reaction:3064,P(Cy)3,4,,15.05,14.454402923583984,19.09796714782715
reaction:3065,P(o-Tol)3,6,,7.86,4.734676361083984,18.844993591308594
reaction:3066,CataCXium A,5,,19.76,30.642724990844727,18.80745506286621
reaction:3067,SPhos,6,,9.62,18.849306106567383,19.689781188964844
reaction:3069,XPhos,7,,10.31,25.143545150756836,19.22150421142578
reaction:3074,P(tBu)3,4,,7.97,24.059720993041992,20.300384521484375
reaction:3075,P(Ph)3,7,,12.28,16.969026565551758,18.72122573852539
reaction:3076,AmPhos,6,,7.25,24.99961280822754,20.010068893432617
reaction:3077,P(Cy)3,7,,5.75,3.8801307678222656,18.50428581237793
reaction:3078,P(o-Tol)3,1,,9.46,8.21600341796875,20.502500534057617
reaction:3079,CataCXium A,4,,8.71,24.457733154296875,19.359394073486328
reaction:3080,SPhos,4,,9.46,11.750019073486328,20.162260055541992
reaction:3082,XPhos,6,,10.67,8.742568969726562,20.17412567138672
reaction:3086,P(tBu)3,1,,17.9,6.859588623046875,20.65856170654297
reaction:3087,P(Ph)3,3,,16.76,24.391260147094727,20.93560218811035
reaction:3088,AmPhos,0,,15.53,12.785991668701172,20.002513885498047
reaction:3089,P(Cy)3,7,,15.45,10.576160430908203,18.37883186340332
reaction:3090,P(o-Tol)3,2,,16.58,13.583744049072266,17.964649200439453
reaction:3091,CataCXium A,6,,17.09,21.895076751708984,20.232181549072266
reaction:3092,SPhos,5,,15.62,16.311546325683594,19.904630661010742
reaction:3094,XPhos,4,,16.83,20.9471492767334,20.64269256591797
reaction:3098,P(tBu)3,1,,13.59,14.934036254882812,21.154409408569336
reaction:3099,P(Ph)3,5,,13.24,23.381616592407227,20.725433349609375
reaction:3100,AmPhos,2,,12.03,15.923395156860352,20.257097244262695
reaction:3101,P(Cy)3,7,,12.97,7.1443939208984375,19.345598220825195
reaction:3102,P(o-Tol)3,0,,12.55,12.808769226074219,18.96467399597168
reaction:3103,CataCXium A,1,,14.22,15.136337280273438,19.619525909423828
reaction:3104,SPhos,3,,8.83,15.055362701416016,19.456035614013672
reaction:3106,XPhos,5,,10.59,19.587724685668945,21.86346435546875
reaction:3110,P(tBu)3,5,,9.7,15.475757598876953,19.934804916381836
reaction:3111,P(Ph)3,4,,16.66,21.197559356689453,19.65697479248047
reaction:3112,AmPhos,0,,13.76,12.386341094970703,19.475248336791992
reaction:3113,P(Cy)3,1,,9.29,6.064083099365234,18.863296508789062
reaction:3114,P(o-Tol)3,7,,10.11,14.893047332763672,19.507770538330078
reaction:3115,CataCXium A,2,,10.18,11.58681869506836,18.949403762817383
reaction:3116,SPhos,2,,9.43,17.015348434448242,19.599960327148438
reaction:3118,XPhos,3,,12.72,9.845951080322266,21.017765045166016
reaction:3122,P(tBu)3,5,,11.55,12.76336669921875,21.15186882019043
reaction:3123,P(Ph)3,1,,15.61,21.994338989257812,19.326889038085938
reaction:3124,AmPhos,1,,13.45,20.194185256958008,18.921667098999023
reaction:3125,P(Cy)3,6,,11.63,15.34552001953125,20.23625373840332
reaction:3126,P(o-Tol)3,6,,11.83,12.169612884521484,20.179035186767578
reaction:3127,CataCXium A,4,,15.68,14.39828109741211,19.069435119628906
reaction:3128,SPhos,1,,10.54,13.512641906738281,19.933677673339844
reaction:3130,XPhos,2,,12.75,14.047733306884766,20.612913131713867
reaction:3134,P(tBu)3,6,,12.96,19.560436248779297,20.671064376831055
reaction:3135,P(Ph)3,2,,16.54,21.79413414001465,20.077035903930664
reaction:3136,AmPhos,4,,12.97,17.22933578491211,19.17019271850586
reaction:3137,P(Cy)3,6,,10.41,25.70069122314453,19.72316551208496
reaction:3138,P(o-Tol)3,7,,13.93,10.807876586914062,18.829851150512695
reaction:3139,CataCXium A,6,,12.92,22.3452205657959,20.4333438873291
reaction:3140,SPhos,4,,9.89,15.520675659179688,20.1682071685791
reaction:3142,XPhos,7,,12.12,11.251541137695312,19.650243759155273
reaction:3146,P(tBu)3,3,,10.08,12.260120391845703,20.50094223022461
reaction:3147,P(Ph)3,7,,15.56,19.11016845703125,19.444372177124023
reaction:3148,AmPhos,5,,13.25,19.656387329101562,19.631738662719727
reaction:3149,P(Cy)3,7,,10.22,23.13180923461914,19.0733585357666
reaction:3150,P(o-Tol)3,7,,13.25,19.279632568359375,19.442291259765625
reaction:3151,CataCXium A,7,,14.27,17.455699920654297,18.700225830078125
reaction:3152,SPhos,7,,11.93,10.08609390258789,20.173032760620117
reaction:3154,XPhos,0,,12.19,21.39055061340332,20.609617233276367
reaction:3158,P(tBu)3,0,,11.12,12.504756927490234,20.94269561767578
reaction:3159,P(Ph)3,2,,15.95,12.981861114501953,19.639713287353516
reaction:3160,AmPhos,6,,13.51,15.741813659667969,20.188751220703125
reaction:3161,P(Cy)3,1,,11.89,5.199230194091797,19.032485961914062
reaction:3162,P(o-Tol)3,3,,13.55,11.616683959960938,19.08785057067871
reaction:3163,CataCXium A,1,,13.55,12.718864440917969,19.307910919189453
reaction:3164,SPhos,6,,12.05,4.495628356933594,21.087011337280273
reaction:3166,XPhos,3,,13.52,12.88870620727539,19.67324447631836
reaction:3170,P(tBu)3,6,,14.0,23.33448600769043,20.51771354675293
reaction:3171,P(Ph)3,2,,47.59,54.24321365356445,20.453115463256836
reaction:3172,AmPhos,5,,23.86,25.31743812561035,20.114253997802734
reaction:3173,P(Cy)3,1,,60.56,51.98591613769531,19.745084762573242
reaction:3174,P(o-Tol)3,4,,20.06,21.91728401184082,19.780506134033203
reaction:3175,CataCXium A,0,,21.28,36.33185958862305,19.467483520507812
reaction:3176,SPhos,3,,24.09,32.933597564697266,19.007354736328125
reaction:3178,XPhos,4,,30.5,35.99159240722656,20.65765953063965
reaction:3182,P(tBu)3,4,,21.09,17.699222564697266,19.92783546447754
reaction:3183,P(Ph)3,7,,70.55,53.26344680786133,19.422887802124023
reaction:3184,AmPhos,4,,20.06,19.444509506225586,20.581327438354492
reaction:3185,P(Cy)3,4,,40.01,55.82236099243164,19.026758193969727
reaction:3186,P(o-Tol)3,3,,20.03,25.1531982421875,20.110506057739258
reaction:3187,CataCXium A,5,,23.24,17.424209594726562,19.0838623046875
reaction:3188,SPhos,7,,22.4,29.500417709350586,18.461862564086914
reaction:3190,XPhos,0,,30.09,31.275516510009766,20.748682022094727
reaction:3194,P(tBu)3,5,,14.49,16.039430618286133,20.023090362548828
reaction:3195,P(Ph)3,1,,71.09,45.00336837768555,19.574207305908203
reaction:3196,AmPhos,6,,12.55,6.6638031005859375,20.57579231262207
reaction:3197,P(Cy)3,6,,41.57,42.975257873535156,19.898408889770508
reaction:3198,P(o-Tol)3,5,,17.54,13.640251159667969,21.044511795043945
reaction:3199,CataCXium A,2,,17.46,10.402549743652344,20.68658447265625
reaction:3200,SPhos,6,,16.6,11.707893371582031,20.621118545532227
reaction:3202,XPhos,5,,18.41,27.34895896911621,21.407901763916016
reaction:3206,P(tBu)3,6,,13.03,17.50470542907715,20.254051208496094
reaction:3207,P(Ph)3,7,,60.47,45.44327163696289,19.842491149902344
reaction:3208,AmPhos,3,,12.2,11.29343032836914,20.76224708557129
reaction:3209,P(Cy)3,5,,23.17,48.701194763183594,19.718746185302734
reaction:3210,P(o-Tol)3,4,,14.55,15.217681884765625,20.440732955932617
reaction:3211,CataCXium A,2,,13.75,4.781589508056641,19.08930015563965
reaction:3212,SPhos,1,,13.96,24.483003616333008,19.967700958251953
reaction:3214,XPhos,5,,15.29,30.176401138305664,21.23914337158203
reaction:3218,P(tBu)3,0,,16.45,25.950429916381836,19.7777099609375
reaction:3219,P(Ph)3,1,,53.54,55.091033935546875,19.131059646606445
reaction:3220,AmPhos,2,,15.59,16.210691452026367,19.986562728881836
reaction:3221,P(Cy)3,5,,44.32,61.45293045043945,20.397790908813477
reaction:3222,P(o-Tol)3,7,,15.21,15.522933959960938,19.535072326660156
reaction:3223,CataCXium A,2,,24.96,17.910945892333984,19.450490951538086
reaction:3224,SPhos,3,,15.41,23.80951690673828,19.801651000976562
reaction:3226,XPhos,6,,19.47,26.72154998779297,21.092304229736328
reaction:3230,P(tBu)3,5,,16.0,26.3616886138916,21.000131607055664
reaction:3231,P(Ph)3,4,,44.25,62.64360427856445,19.956796646118164
reaction:3232,AmPhos,6,,19.09,10.794681549072266,20.389822006225586
reaction:3233,P(Cy)3,0,,61.14,51.83570098876953,18.11861228942871
reaction:3234,P(o-Tol)3,0,,16.17,21.01296043395996,19.460079193115234
reaction:3235,CataCXium A,3,,23.74,25.741893768310547,18.44535255432129
reaction:3236,SPhos,2,,23.28,27.864782333374023,19.730022430419922
reaction:3238,XPhos,3,,21.02,34.64823913574219,20.1982421875
reaction:3242,P(tBu)3,7,,17.39,9.654438018798828,19.950204849243164
reaction:3243,P(Ph)3,0,,43.13,50.12647247314453,20.226903915405273
reaction:3244,AmPhos,1,,19.07,11.438678741455078,19.613384246826172
reaction:3245,P(Cy)3,2,,84.64,51.78779983520508,19.270620346069336
reaction:3246,P(o-Tol)3,4,,18.36,7.9760589599609375,19.756298065185547
reaction:3247,CataCXium A,1,,29.12,27.815343856811523,18.684585571289062
reaction:3248,SPhos,1,,18.27,8.690128326416016,19.511363983154297
reaction:3250,XPhos,7,,35.39,18.545440673828125,20.824064254760742
reaction:3254,P(tBu)3,2,,20.98,8.416057586669922,21.30858039855957
reaction:3255,P(Ph)3,5,,42.26,52.76137161254883,20.720869064331055
reaction:3256,AmPhos,1,,18.06,8.573471069335938,19.8406925201416
reaction:3257,P(Cy)3,4,,71.96,50.906341552734375,19.577116012573242
reaction:3258,P(o-Tol)3,6,,16.85,12.26668930053711,20.66332244873047
reaction:3259,CataCXium A,6,,30.48,28.820289611816406,20.10401153564453
reaction:3260,SPhos,6,,24.7,9.566802978515625,21.246980667114258
reaction:3262,XPhos,0,,32.07,20.55924415588379,20.739055633544922
reaction:3266,P(tBu)3,4,,11.29,20.794544219970703,20.79298210144043
reaction:3267,P(Ph)3,5,,15.14,13.080551147460938,20.316675186157227
reaction:3268,AmPhos,7,,10.53,5.219081878662109,20.81208038330078
reaction:3269,P(Cy)3,4,,11.98,7.2762298583984375,19.71917152404785
reaction:3270,P(o-Tol)3,5,,12.1,12.464187622070312,20.465648651123047
reaction:3271,CataCXium A,5,,12.05,19.39305877685547,19.57783317565918
reaction:3272,SPhos,7,,12.21,2.084880828857422,19.163076400756836
reaction:3274,XPhos,6,,14.92,14.327762603759766,20.84069061279297
reaction:3278,P(tBu)3,7,,18.78,27.916353225708008,19.63681983947754
reaction:3279,P(Ph)3,1,,19.48,20.793718338012695,19.867752075195312
reaction:3280,AmPhos,4,,17.79,12.679645538330078,21.047428131103516
reaction:3281,P(Cy)3,0,,19.5,17.34231948852539,19.8966064453125
reaction:3282,P(o-Tol)3,3,,17.96,8.147361755371094,19.884521484375
reaction:3283,CataCXium A,5,,18.41,8.545955657958984,19.651844024658203
reaction:3284,SPhos,2,,17.82,19.180511474609375,19.519672393798828
reaction:3286,XPhos,4,,20.84,31.73678970336914,21.464826583862305
reaction:3290,P(tBu)3,4,,18.27,11.909351348876953,21.194414138793945
reaction:3291,P(Ph)3,0,,11.77,32.39562225341797,20.035053253173828
reaction:3292,AmPhos,0,,11.43,13.439693450927734,19.695228576660156
reaction:3293,P(Cy)3,4,,14.02,22.33182716369629,19.33716583251953
reaction:3294,P(o-Tol)3,4,,11.74,12.49560546875,20.089736938476562
reaction:3295,CataCXium A,3,,12.2,17.624855041503906,18.653921127319336
reaction:3296,SPhos,4,,11.94,16.262048721313477,19.537221908569336
reaction:3298,XPhos,4,,23.37,21.379776000976562,19.985363006591797
reaction:3302,P(tBu)3,3,,12.38,26.35258674621582,20.732147216796875
reaction:3303,P(Ph)3,0,,13.1,30.526611328125,20.233285903930664
reaction:3304,AmPhos,3,,10.49,12.95766830444336,20.198993682861328
reaction:3305,P(Cy)3,0,,11.45,16.187772750854492,19.854799270629883
reaction:3306,P(o-Tol)3,5,,11.47,6.888858795166016,20.42609405517578
reaction:3307,CataCXium A,1,,15.88,13.422626495361328,19.028532028198242
reaction:3308,SPhos,7,,11.18,11.305870056152344,19.76280975341797
reaction:3310,XPhos,5,,11.72,17.441869735717773,21.072608947753906
reaction:3314,P(tBu)3,2,,11.78,-4.1823577880859375,20.0609130859375
reaction:3315,P(Ph)3,0,,14.49,34.23008728027344,20.219602584838867
reaction:3316,AmPhos,0,,11.21,6.895622253417969,19.66864776611328
reaction:3317,P(Cy)3,1,,20.77,17.88894271850586,18.784658432006836
reaction:3318,P(o-Tol)3,4,,12.2,3.021686553955078,19.688400268554688
reaction:3319,CataCXium A,3,,13.04,16.44261360168457,20.4289608001709
reaction:3320,SPhos,5,,11.9,10.314289093017578,20.481643676757812
reaction:3322,XPhos,6,,14.73,21.14703941345215,21.73117446899414
reaction:3326,P(tBu)3,4,,28.73,19.264076232910156,19.808340072631836
reaction:3327,P(Ph)3,3,,31.17,10.853382110595703,19.046228408813477
reaction:3328,AmPhos,7,,11.48,10.33355712890625,20.09575653076172
reaction:3329,P(Cy)3,3,,29.54,13.541248321533203,19.20268440246582
reaction:3330,P(o-Tol)3,5,,13.88,11.525318145751953,21.074934005737305
reaction:3331,CataCXium A,6,,30.18,15.233306884765625,20.272838592529297
reaction:3332,SPhos,0,,12.93,0.8167572021484375,18.731224060058594
reaction:3334,XPhos,2,,16.19,10.5272216796875,19.902944564819336
reaction:3338,P(tBu)3,1,,11.67,-2.703826904296875,19.472185134887695
reaction:3339,P(Ph)3,1,,32.48,20.10837173461914,19.942760467529297
reaction:3340,AmPhos,1,,10.88,19.956546783447266,19.35416030883789
reaction:3341,P(Cy)3,0,,13.65,44.777061462402344,18.881559371948242
reaction:3342,P(o-Tol)3,7,,12.8,24.974767684936523,18.876239776611328
reaction:3343,CataCXium A,1,,14.05,31.779159545898438,19.228269577026367
reaction:3344,SPhos,2,,12.53,30.552465438842773,20.715497970581055
reaction:3346,XPhos,5,,33.09,39.85843276977539,20.857620239257812
reaction:3350,P(tBu)3,0,,11.86,11.111835479736328,20.602291107177734
reaction:3351,P(Ph)3,5,,13.7,28.195568084716797,21.049333572387695
reaction:3352,AmPhos,4,,11.93,16.96615982055664,21.320859909057617
reaction:3353,P(Cy)3,2,,11.79,24.898517608642578,19.061838150024414
reaction:3354,P(o-Tol)3,4,,25.41,15.75590705871582,20.605546951293945
reaction:3355,CataCXium A,1,,33.14,19.966676712036133,19.360830307006836
reaction:3356,SPhos,7,,12.96,15.477775573730469,19.983642578125
reaction:3358,XPhos,5,,35.78,16.40764617919922,20.93726921081543
reaction:3362,P(tBu)3,0,,24.57,4.792732238769531,20.79961395263672
reaction:3363,P(Ph)3,7,,48.08,53.023033142089844,19.34857940673828
reaction:3364,AmPhos,7,,54.99,22.621810913085938,20.388837814331055
reaction:3365,P(Cy)3,3,,26.1,48.193572998046875,19.366703033447266
reaction:3366,P(o-Tol)3,1,,38.2,28.546560287475586,19.646005630493164
reaction:3367,CataCXium A,3,,71.95,24.457921981811523,18.78925323486328
reaction:3368,SPhos,5,,25.89,20.037261962890625,20.800872802734375
reaction:3370,XPhos,3,,27.69,16.28599739074707,20.255054473876953
reaction:3374,P(tBu)3,5,,23.77,28.456905364990234,19.540760040283203
reaction:3375,P(Ph)3,3,,72.56,71.10728454589844,20.99052619934082
reaction:3376,AmPhos,0,,39.11,36.9964599609375,20.49456787109375
reaction:3377,P(Cy)3,1,,61.53,55.51704406738281,18.302228927612305
reaction:3378,P(o-Tol)3,6,,35.64,44.37041091918945,20.975547790527344
reaction:3379,CataCXium A,4,,35.27,40.16813659667969,18.63718605041504
reaction:3380,SPhos,2,,47.03,46.74570846557617,19.28384017944336
reaction:3382,XPhos,4,,51.17,48.153114318847656,21.694358825683594
reaction:3386,P(tBu)3,4,,20.76,18.978187561035156,20.69814109802246
reaction:3387,P(Ph)3,0,,73.52,74.03125,19.21113395690918
reaction:3388,AmPhos,4,,30.22,36.3704833984375,20.04585075378418
reaction:3389,P(Cy)3,3,,49.15,59.64276123046875,18.82259750366211
reaction:3390,P(o-Tol)3,6,,37.72,41.472808837890625,20.6028995513916
reaction:3391,CataCXium A,1,,36.05,35.659061431884766,19.467493057250977
reaction:3392,SPhos,5,,45.38,40.38543701171875,21.040773391723633
reaction:3394,XPhos,2,,47.38,46.52286911010742,20.98621368408203
reaction:3398,P(tBu)3,7,,20.85,11.729904174804688,21.269044876098633
reaction:3399,P(Ph)3,3,,74.41,64.87842559814453,20.607730865478516
reaction:3400,AmPhos,6,,25.49,30.736452102661133,20.53696632385254
reaction:3401,P(Cy)3,7,,47.92,46.89360427856445,18.403400421142578
reaction:3402,P(o-Tol)3,1,,31.78,35.127960205078125,18.29915428161621
reaction:3403,CataCXium A,1,,29.21,32.05046463012695,18.753215789794922
reaction:3404,SPhos,1,,50.69,42.64658737182617,20.26535987854004
reaction:3406,XPhos,4,,43.22,44.6812858581543,21.556238174438477
reaction:3410,P(tBu)3,0,,21.32,24.508615493774414,19.987756729125977
reaction:3411,P(Ph)3,3,,83.66,62.83208465576172,21.124082565307617
reaction:3412,AmPhos,2,,36.82,37.30865478515625,19.614145278930664
reaction:3413,P(Cy)3,5,,63.05,61.82569122314453,20.568384170532227
reaction:3414,P(o-Tol)3,3,,37.05,40.80808639526367,20.026517868041992
reaction:3415,CataCXium A,1,,40.78,41.65209197998047,18.810348510742188
reaction:3416,SPhos,5,,53.28,36.2098388671875,21.117549896240234
reaction:3418,XPhos,0,,46.27,41.80664825439453,20.44721221923828
reaction:3422,P(tBu)3,6,,18.29,20.376914978027344,20.808055877685547
reaction:3423,P(Ph)3,3,,71.31,55.09957504272461,20.200057983398438
reaction:3424,AmPhos,3,,31.01,35.737083435058594,20.31873321533203
reaction:3425,P(Cy)3,0,,69.26,55.683719635009766,17.840484619140625
reaction:3426,P(o-Tol)3,6,,37.59,40.1464729309082,20.613510131835938
reaction:3427,CataCXium A,2,,37.91,48.49101638793945,18.450103759765625
reaction:3428,SPhos,7,,23.2,29.841981887817383,19.04608917236328
reaction:3430,XPhos,7,,30.62,26.5422420501709,20.464828491210938
reaction:3434,P(tBu)3,4,,23.65,31.052053451538086,19.989418029785156
reaction:3435,P(Ph)3,3,,62.95,60.388633728027344,20.596717834472656
reaction:3436,AmPhos,0,,45.32,34.955596923828125,20.561965942382812
reaction:3437,P(Cy)3,4,,83.06,57.759239196777344,19.616241455078125
reaction:3438,P(o-Tol)3,4,,38.42,35.83145523071289,20.05922508239746
reaction:3439,CataCXium A,3,,43.3,37.51568603515625,19.067110061645508
reaction:3440,SPhos,3,,27.79,31.4797420501709,20.22915267944336
reaction:3442,XPhos,1,,48.35,33.26456832885742,20.577028274536133
reaction:3446,P(tBu)3,5,,20.59,25.614267349243164,20.284069061279297
reaction:3447,P(Ph)3,5,,84.54,72.68489074707031,20.397672653198242
reaction:3448,AmPhos,4,,31.28,42.0595588684082,21.323331832885742
reaction:3449,P(Cy)3,7,,64.63,70.78898620605469,18.482101440429688
reaction:3450,P(o-Tol)3,0,,44.63,49.63167190551758,19.77506446838379
reaction:3451,CataCXium A,7,,31.51,52.20553970336914,18.67302703857422
reaction:3452,SPhos,3,,52.78,56.94858932495117,19.536775588989258
reaction:3454,XPhos,0,,42.62,57.022430419921875,21.56142807006836
reaction:3458,P(tBu)3,6,,14.78,17.62521743774414,19.907470703125
reaction:3459,P(Ph)3,6,,15.69,20.2420711517334,19.620391845703125
reaction:3460,AmPhos,5,,16.01,12.048477172851562,21.02128791809082
reaction:3461,P(Cy)3,3,,19.35,4.318023681640625,19.362485885620117
reaction:3462,P(o-Tol)3,4,,17.37,12.959613800048828,20.040985107421875
reaction:3463,CataCXium A,6,,15.16,14.205326080322266,18.712907791137695
reaction:3464,SPhos,2,,14.48,9.605327606201172,20.61659812927246
reaction:3466,XPhos,7,,16.12,11.229846954345703,19.83695411682129
reaction:3470,P(tBu)3,3,,17.82,16.148597717285156,20.08504295349121
reaction:3471,P(Ph)3,5,,19.46,24.11968421936035,19.687519073486328
reaction:3472,AmPhos,6,,20.67,19.114572525024414,20.51048469543457
reaction:3473,P(Cy)3,2,,19.64,20.242198944091797,19.612123489379883
reaction:3474,P(o-Tol)3,2,,29.53,21.002803802490234,19.2481632232666
reaction:3475,CataCXium A,1,,19.42,23.702810287475586,18.9401798248291
reaction:3476,SPhos,1,,19.15,16.818161010742188,19.344318389892578
reaction:3478,XPhos,7,,20.14,19.475101470947266,19.591922760009766
reaction:3482,P(tBu)3,6,,18.86,17.769166946411133,20.691736221313477
reaction:3483,P(Ph)3,0,,16.12,17.41893196105957,20.229459762573242
reaction:3484,AmPhos,4,,16.64,18.32424545288086,20.00250244140625
reaction:3485,P(Cy)3,6,,16.07,18.947904586791992,18.635520935058594
reaction:3486,P(o-Tol)3,6,,17.97,25.103668212890625,18.79964828491211
reaction:3487,CataCXium A,4,,17.61,24.390918731689453,20.378063201904297
reaction:3488,SPhos,1,,17.31,18.332103729248047,20.591421127319336
reaction:3490,XPhos,3,,16.92,25.255962371826172,19.827722549438477
reaction:3494,P(tBu)3,2,,16.72,22.335481643676758,20.298662185668945
reaction:3495,P(Ph)3,0,,18.91,18.51030158996582,20.9671573638916
reaction:3496,AmPhos,7,,16.35,18.158601760864258,20.70229148864746
reaction:3497,P(Cy)3,6,,15.9,25.118085861206055,19.122772216796875
reaction:3498,P(o-Tol)3,0,,36.68,22.344911575317383,21.301145553588867
reaction:3499,CataCXium A,2,,24.07,16.82770538330078,19.259578704833984
reaction:3500,SPhos,6,,16.43,23.334285736083984,20.102596282958984
reaction:3502,XPhos,3,,4.66,20.739330291748047,20.438810348510742
reaction:3506,P(tBu)3,1,,15.83,24.330833435058594,20.474031448364258
reaction:3507,P(Ph)3,5,,15.34,18.345762252807617,21.221134185791016
reaction:3508,AmPhos,0,,15.09,24.756431579589844,20.43798065185547
reaction:3509,P(Cy)3,1,,15.73,17.149553298950195,19.624841690063477
reaction:3510,P(o-Tol)3,0,,13.61,23.204784393310547,20.934717178344727
reaction:3511,CataCXium A,0,,15.62,22.18781852722168,20.08059310913086
reaction:3512,SPhos,3,,15.39,16.53592872619629,19.39518928527832
reaction:3514,XPhos,2,,14.07,19.92940902709961,20.506742477416992
reaction:3518,P(tBu)3,2,,16.0,22.461246490478516,20.44444465637207
reaction:3519,P(Ph)3,6,,16.23,24.619577407836914,19.474885940551758
reaction:3520,AmPhos,0,,12.4,23.3658447265625,19.947406768798828
reaction:3521,P(Cy)3,1,,14.32,21.720903396606445,18.86920166015625
reaction:3522,P(o-Tol)3,6,,15.59,24.438749313354492,19.42911720275879
reaction:3523,CataCXium A,3,,16.37,27.468914031982422,19.496747970581055
reaction:3524,SPhos,5,,13.25,25.6856689453125,20.145666122436523
reaction:3526,XPhos,5,,15.8,19.161094665527344,21.065959930419922
reaction:3530,P(tBu)3,2,,17.17,21.35951805114746,20.835994720458984
reaction:3531,P(Ph)3,7,,19.75,21.418424606323242,19.430007934570312
reaction:3532,AmPhos,3,,12.94,22.799888610839844,19.68815803527832
reaction:3533,P(Cy)3,7,,14.18,18.337221145629883,18.88833236694336
reaction:3534,P(o-Tol)3,6,,15.69,26.70753288269043,19.57548713684082
reaction:3535,CataCXium A,2,,22.51,21.791841506958008,19.49521255493164
reaction:3536,SPhos,6,,15.14,19.723628997802734,19.678485870361328
reaction:3538,XPhos,2,,14.17,19.212697982788086,21.69632339477539
reaction:3542,P(tBu)3,0,,14.14,21.57755470275879,21.336570739746094
reaction:3543,P(Ph)3,6,,15.19,21.174726486206055,19.89592170715332
reaction:3544,AmPhos,6,,16.49,22.86679458618164,20.219223022460938
reaction:3545,P(Cy)3,6,,16.02,16.956708908081055,18.702037811279297
reaction:3546,P(o-Tol)3,0,,15.25,13.871490478515625,21.407102584838867
reaction:3547,CataCXium A,4,,13.53,21.357423782348633,20.62740135192871
reaction:3548,SPhos,6,,14.34,21.24920082092285,20.893077850341797
reaction:3550,XPhos,6,,15.27,14.930213928222656,20.897258758544922
reaction:3554,P(tBu)3,1,,31.76,23.492971420288086,19.834999084472656
reaction:3555,P(Ph)3,4,,51.68,51.621177673339844,20.64508628845215
reaction:3556,AmPhos,3,,37.57,42.31059646606445,19.962223052978516
reaction:3557,P(Cy)3,1,,47.6,38.35866165161133,20.995729446411133
reaction:3558,P(o-Tol)3,1,,34.75,40.7623176574707,20.092708587646484
reaction:3559,CataCXium A,6,,55.11,51.575809478759766,18.88716697692871
reaction:3560,SPhos,0,,31.85,31.102407455444336,20.112594604492188
reaction:3562,XPhos,4,,29.92,36.120216369628906,20.87335968017578
reaction:3566,P(tBu)3,0,,27.16,29.711149215698242,20.971309661865234
reaction:3567,P(Ph)3,7,,47.7,51.27549362182617,20.734954833984375
reaction:3568,AmPhos,4,,43.3,43.19974899291992,20.005924224853516
reaction:3569,P(Cy)3,2,,44.4,39.286434173583984,19.555204391479492
reaction:3570,P(o-Tol)3,4,,34.11,44.71173095703125,19.833620071411133
reaction:3571,CataCXium A,4,,46.43,54.70386505126953,20.01969337463379
reaction:3572,SPhos,5,,27.58,36.69865417480469,19.974992752075195
reaction:3574,XPhos,2,,23.65,37.80274200439453,20.167675018310547
reaction:3578,P(tBu)3,3,,21.26,22.458826065063477,20.368812561035156
reaction:3579,P(Ph)3,6,,42.44,38.58171463012695,19.906383514404297
reaction:3580,AmPhos,6,,30.95,29.729610443115234,19.921667098999023
reaction:3581,P(Cy)3,1,,27.31,31.493867874145508,20.297292709350586
reaction:3582,P(o-Tol)3,5,,34.82,28.291698455810547,20.15317153930664
reaction:3583,CataCXium A,6,,56.37,40.07674026489258,18.942399978637695
reaction:3584,SPhos,7,,27.03,19.766820907592773,19.70171356201172
reaction:3586,XPhos,6,,23.4,24.9818058013916,21.066356658935547
reaction:3590,P(tBu)3,0,,22.12,28.326507568359375,20.72015953063965
reaction:3591,P(Ph)3,7,,34.49,46.781219482421875,20.912254333496094
reaction:3592,AmPhos,0,,36.44,35.31354904174805,21.062049865722656
reaction:3593,P(Cy)3,1,,32.77,30.043521881103516,19.808731079101562
reaction:3594,P(o-Tol)3,1,,35.01,40.95684814453125,19.159873962402344
reaction:3595,CataCXium A,7,,41.14,49.655208587646484,18.75574493408203
reaction:3596,SPhos,1,,23.89,33.965843200683594,19.91566276550293
reaction:3598,XPhos,6,,23.11,28.202804565429688,20.501005172729492
reaction:3602,P(tBu)3,7,,26.44,40.25996780395508,21.2313232421875
reaction:3603,P(Ph)3,5,,42.52,47.20218276977539,20.872634887695312
reaction:3604,AmPhos,0,,27.31,44.330535888671875,20.91876792907715
reaction:3605,P(Cy)3,4,,23.96,41.89781188964844,20.087200164794922
reaction:3606,P(o-Tol)3,0,,37.34,34.35955810546875,20.780248641967773
reaction:3607,CataCXium A,1,,49.39,50.646995544433594,19.410871505737305
reaction:3608,SPhos,7,,22.85,27.63865852355957,19.65028190612793
reaction:3610,XPhos,1,,24.26,18.55284881591797,20.97325897216797
reaction:3614,P(tBu)3,6,,26.61,31.93216323852539,20.08833122253418
reaction:3615,P(Ph)3,0,,47.17,47.93152618408203,20.42521858215332
reaction:3616,AmPhos,6,,41.97,40.66563415527344,19.518129348754883
reaction:3617,P(Cy)3,4,,30.56,49.23301696777344,20.161958694458008
reaction:3618,P(o-Tol)3,3,,37.91,37.61695861816406,19.605581283569336
reaction:3619,CataCXium A,0,,60.3,54.738468170166016,19.634014129638672
reaction:3620,SPhos,5,,30.31,45.08597183227539,20.44325065612793
reaction:3622,XPhos,5,,29.03,38.26139831542969,21.539127349853516
reaction:3626,P(tBu)3,4,,29.1,22.064481735229492,19.033735275268555
reaction:3627,P(Ph)3,5,,53.77,41.844600677490234,19.523799896240234
reaction:3628,AmPhos,7,,42.75,33.75482177734375,19.014625549316406
reaction:3629,P(Cy)3,5,,38.71,32.1163215637207,18.879871368408203
reaction:3630,P(o-Tol)3,7,,35.42,31.530750274658203,20.109283447265625
reaction:3631,CataCXium A,3,,60.07,47.74116134643555,19.15301513671875
reaction:3632,SPhos,0,,32.04,15.415874481201172,19.956071853637695
reaction:3634,XPhos,7,,28.83,15.98255729675293,20.87752914428711
reaction:3638,P(tBu)3,5,,23.75,21.636281967163086,20.797433853149414
reaction:3639,P(Ph)3,0,,55.89,37.8074951171875,21.499452590942383
reaction:3640,AmPhos,2,,44.98,34.63304138183594,20.098793029785156
reaction:3641,P(Cy)3,1,,43.32,33.94805908203125,20.111385345458984
reaction:3642,P(o-Tol)3,0,,40.65,22.68101692199707,21.39413070678711
reaction:3643,CataCXium A,7,,58.2,50.35389709472656,18.69744300842285
reaction:3644,SPhos,3,,30.76,26.249765396118164,19.950777053833008
reaction:3646,XPhos,1,,31.51,14.566112518310547,20.548641204833984
reaction:3650,P(tBu)3,6,,13.05,23.124937057495117,19.74726104736328
reaction:3651,P(Ph)3,4,,15.86,19.882081985473633,21.422863006591797
reaction:3652,AmPhos,6,,21.99,11.847824096679688,19.996244430541992
reaction:3653,P(Cy)3,5,,17.53,11.422622680664062,19.618417739868164
reaction:3654,P(o-Tol)3,0,,14.79,9.076759338378906,21.21442985534668
reaction:3655,CataCXium A,2,,13.97,8.939350128173828,19.578737258911133
reaction:3656,SPhos,3,,14.89,3.6843795776367188,19.103979110717773
reaction:3658,XPhos,1,,22.39,4.185096740722656,21.046836853027344
reaction:3662,P(tBu)3,4,,16.21,30.49686622619629,19.6341552734375
reaction:3663,P(Ph)3,5,,20.23,19.79861831665039,19.51796531677246
reaction:3664,AmPhos,4,,19.9,22.747922897338867,20.083030700683594
reaction:3665,P(Cy)3,5,,16.86,21.906227111816406,19.476985931396484
reaction:3666,P(o-Tol)3,5,,19.22,18.21161651611328,18.851459503173828
reaction:3667,CataCXium A,0,,18.83,15.964296340942383,20.309934616088867
reaction:3668,SPhos,0,,18.66,25.093624114990234,20.781808853149414
reaction:3670,XPhos,1,,19.78,21.494876861572266,20.195199966430664
reaction:3674,P(tBu)3,4,,19.09,18.756641387939453,21.096519470214844
reaction:3675,P(Ph)3,6,,16.59,17.791109085083008,19.718236923217773
reaction:3676,AmPhos,3,,13.82,18.937116622924805,20.77185821533203
reaction:3677,P(Cy)3,0,,16.67,20.070802688598633,19.90739631652832
reaction:3678,P(o-Tol)3,7,,20.61,16.55674171447754,20.426462173461914
reaction:3679,CataCXium A,4,,15.85,21.323944091796875,20.123992919921875
reaction:3680,SPhos,0,,14.7,20.246204376220703,20.449359893798828
reaction:3682,XPhos,6,,16.51,23.13458824157715,20.874269485473633
reaction:3686,P(tBu)3,4,,18.87,28.741113662719727,21.086626052856445
reaction:3687,P(Ph)3,2,,15.17,16.33440589904785,19.420190811157227
reaction:3688,AmPhos,5,,12.52,22.901559829711914,20.65380859375
reaction:3689,P(Cy)3,3,,14.04,20.943967819213867,19.44471549987793
reaction:3690,P(o-Tol)3,4,,14.41,19.04380989074707,20.279130935668945
reaction:3691,CataCXium A,7,,14.16,19.738882064819336,18.43312644958496
reaction:3692,SPhos,6,,8.89,14.902297973632812,20.298328399658203
reaction:3694,XPhos,0,,5.87,11.354766845703125,21.04652976989746
reaction:3698,P(tBu)3,6,,14.85,-5.625782012939453,21.143232345581055
reaction:3699,P(Ph)3,0,,15.24,22.00130271911621,20.369861602783203
reaction:3700,AmPhos,2,,13.75,13.104988098144531,20.41013526916504
reaction:3701,P(Cy)3,6,,13.5,12.285213470458984,19.339365005493164
reaction:3702,P(o-Tol)3,2,,15.93,11.591861724853516,20.589210510253906
reaction:3703,CataCXium A,6,,14.94,14.47711181640625,19.834867477416992
reaction:3704,SPhos,1,,13.89,14.128578186035156,20.285173416137695
reaction:3706,XPhos,5,,15.15,15.526718139648438,21.00860023498535
reaction:3710,P(tBu)3,7,,15.33,29.43178939819336,19.914779663085938
reaction:3711,P(Ph)3,4,,15.57,21.51175308227539,20.64554214477539
reaction:3712,AmPhos,7,,14.34,21.22586441040039,19.988555908203125
reaction:3713,P(Cy)3,6,,16.56,7.602634429931641,18.84246063232422
reaction:3714,P(o-Tol)3,0,,14.67,13.022735595703125,20.534591674804688
reaction:3715,CataCXium A,3,,13.1,24.081331253051758,19.996719360351562
reaction:3716,SPhos,1,,14.39,6.9485931396484375,19.192867279052734
reaction:3718,XPhos,1,,15.63,7.886425018310547,19.34783935546875
reaction:3722,P(tBu)3,5,,13.46,-1.1237373352050781,20.36488914489746
reaction:3723,P(Ph)3,4,,15.1,33.27899932861328,20.749738693237305
reaction:3724,AmPhos,5,,13.14,25.127588272094727,20.996713638305664
reaction:3725,P(Cy)3,1,,14.73,24.31068992614746,19.342041015625
reaction:3726,P(o-Tol)3,3,,14.45,24.027795791625977,20.15241813659668
reaction:3727,CataCXium A,6,,19.58,30.534746170043945,19.053428649902344
reaction:3728,SPhos,2,,13.61,33.874385833740234,20.750185012817383
reaction:3730,XPhos,6,,15.96,34.31278610229492,21.463668823242188
reaction:3734,P(tBu)3,7,,31.57,17.27821159362793,20.927316665649414
reaction:3735,P(Ph)3,4,,19.08,26.9969482421875,21.665258407592773
reaction:3736,AmPhos,6,,26.77,25.853199005126953,20.035551071166992
reaction:3737,P(Cy)3,3,,13.69,17.814098358154297,19.49065589904785
reaction:3738,P(o-Tol)3,3,,14.13,20.13104820251465,20.414186477661133
reaction:3739,CataCXium A,3,,14.55,25.722190856933594,19.297504425048828
reaction:3740,SPhos,7,,31.35,13.371650695800781,20.036968231201172
reaction:3742,XPhos,6,,15.82,22.909242630004883,21.93917465209961
reaction:3746,P(tBu)3,7,,16.44,25.809940338134766,20.05638313293457
reaction:3747,P(Ph)3,1,,56.56,46.64530944824219,19.77449607849121
reaction:3748,AmPhos,0,,45.17,52.31474304199219,21.328062057495117
reaction:3749,P(Cy)3,5,,21.88,54.367549896240234,19.788715362548828
reaction:3750,P(o-Tol)3,3,,56.29,58.27877426147461,20.189189910888672
reaction:3751,CataCXium A,3,,43.94,50.76289367675781,19.425397872924805
reaction:3752,SPhos,7,,29.67,39.72140121459961,19.525989532470703
reaction:3754,XPhos,7,,30.14,40.11325454711914,19.563405990600586
reaction:3758,P(tBu)3,6,,48.3,45.33049392700195,20.492692947387695
reaction:3759,P(Ph)3,7,,75.18,76.13499450683594,20.417491912841797
reaction:3760,AmPhos,7,,63.04,66.9498291015625,19.133926391601562
reaction:3761,P(Cy)3,5,,75.06,72.18245697021484,19.514690399169922
reaction:3762,P(o-Tol)3,7,,72.15,75.76773071289062,20.134592056274414
reaction:3763,CataCXium A,4,,70.31,67.88734436035156,19.603269577026367
reaction:3764,SPhos,3,,62.57,62.19884490966797,19.738117218017578
reaction:3766,XPhos,7,,61.95,55.97450256347656,19.7648868560791
reaction:3770,P(tBu)3,5,,42.64,46.256919860839844,19.841623306274414
reaction:3771,P(Ph)3,6,,69.39,72.38883209228516,19.490419387817383
reaction:3772,AmPhos,0,,60.07,60.87411880493164,20.764497756958008
reaction:3773,P(Cy)3,2,,68.64,60.54214859008789,19.650449752807617
reaction:3774,P(o-Tol)3,3,,69.92,72.32592010498047,19.857511520385742
reaction:3775,CataCXium A,0,,64.04,67.63519287109375,19.599699020385742
reaction:3776,SPhos,1,,51.08,60.903236389160156,20.875362396240234
reaction:3778,XPhos,2,,57.92,58.89228057861328,21.43880271911621
reaction:3782,P(tBu)3,4,,44.23,43.397891998291016,20.227590560913086
reaction:3783,P(Ph)3,4,,78.31,71.73143005371094,20.84882164001465
reaction:3784,AmPhos,2,,61.48,58.690765380859375,19.76042938232422
reaction:3785,P(Cy)3,1,,73.72,58.854679107666016,19.295244216918945
reaction:3786,P(o-Tol)3,0,,73.24,74.78215789794922,20.55422019958496
reaction:3787,CataCXium A,3,,63.42,68.50700378417969,19.356111526489258
reaction:3788,SPhos,1,,69.82,61.120094299316406,20.11284828186035
reaction:3790,XPhos,5,,64.55,52.82530212402344,21.129810333251953
reaction:3794,P(tBu)3,3,,53.09,44.5255012512207,20.76830291748047
reaction:3795,P(Ph)3,5,,81.48,76.2524642944336,20.9261474609375
reaction:3796,AmPhos,1,,70.14,61.07042694091797,20.390869140625
reaction:3797,P(Cy)3,5,,69.95,69.19512939453125,20.85032081604004
reaction:3798,P(o-Tol)3,7,,80.65,76.70301818847656,20.397937774658203
reaction:3799,CataCXium A,7,,82.23,66.12239074707031,18.37126922607422
reaction:3800,SPhos,6,,66.4,59.15234375,19.634305953979492
reaction:3802,XPhos,1,,61.03,53.38405990600586,21.201505661010742
reaction:3806,P(tBu)3,0,,46.61,33.445335388183594,19.712438583374023
reaction:3807,P(Ph)3,3,,80.09,66.05409240722656,20.128286361694336
reaction:3808,AmPhos,4,,74.74,53.59585952758789,19.078306198120117
reaction:3809,P(Cy)3,2,,73.91,62.066795349121094,19.189067840576172
reaction:3810,P(o-Tol)3,3,,79.4,68.66706848144531,20.297151565551758
reaction:3811,CataCXium A,6,,81.25,69.14591979980469,18.831562042236328
reaction:3812,SPhos,2,,58.75,42.373878479003906,19.1241455078125
reaction:3814,XPhos,2,,44.35,44.560367584228516,20.349956512451172
reaction:3818,P(tBu)3,4,,53.82,49.48486328125,19.130834579467773
reaction:3819,P(Ph)3,1,,82.9,70.67752075195312,19.839242935180664
reaction:3820,AmPhos,4,,78.92,59.14196014404297,19.797697067260742
reaction:3821,P(Cy)3,6,,66.13,65.55160522460938,19.2464542388916
reaction:3822,P(o-Tol)3,6,,84.77,74.11463928222656,19.759864807128906
reaction:3823,CataCXium A,4,,74.96,70.54698944091797,19.969423294067383
reaction:3824,SPhos,2,,59.47,47.0189323425293,20.436771392822266
reaction:3826,XPhos,1,,50.87,42.42710876464844,21.198524475097656
reaction:3830,P(tBu)3,3,,49.74,55.02399826049805,20.288623809814453
reaction:3831,P(Ph)3,7,,78.9,82.85746765136719,19.876911163330078
reaction:3832,AmPhos,2,,70.77,68.3183822631836,20.23630142211914
reaction:3833,P(Cy)3,3,,78.59,74.61515808105469,19.24391746520996
reaction:3834,P(o-Tol)3,6,,71.82,80.86212158203125,19.161388397216797
reaction:3835,CataCXium A,2,,76.98,71.806396484375,19.331846237182617
reaction:3836,SPhos,6,,68.51,79.41099548339844,20.634458541870117
reaction:3838,XPhos,1,,67.02,61.51796340942383,20.68398094177246
reaction:3842,P(tBu)3,6,,12.41,17.9876766204834,20.332277297973633
reaction:3843,P(Ph)3,3,,23.02,24.742374420166016,20.087608337402344
reaction:3844,AmPhos,0,,20.7,27.310832977294922,22.040613174438477
reaction:3845,P(Cy)3,4,,12.94,9.245250701904297,19.239707946777344
reaction:3846,P(o-Tol)3,1,,15.23,9.122413635253906,20.02060317993164
reaction:3847,CataCXium A,6,,14.79,24.48355484008789,18.59014320373535
reaction:3848,SPhos,4,,13.01,9.94720458984375,20.304153442382812
reaction:3850,XPhos,2,,13.88,11.057136535644531,20.959543228149414
reaction:3854,P(tBu)3,5,,15.81,11.516773223876953,20.01449203491211
reaction:3855,P(Ph)3,1,,18.18,23.28980827331543,20.181617736816406
reaction:3856,AmPhos,7,,17.45,14.404308319091797,20.200801849365234
reaction:3857,P(Cy)3,2,,17.86,16.963844299316406,19.6693058013916
reaction:3858,P(o-Tol)3,1,,17.29,13.684150695800781,19.071393966674805
reaction:3859,CataCXium A,7,,18.96,15.61004638671875,20.039958953857422
reaction:3860,SPhos,6,,17.79,20.42057228088379,19.524457931518555
reaction:3862,XPhos,1,,21.26,14.749061584472656,20.017675399780273
reaction:3866,P(tBu)3,2,,12.17,17.27341079711914,20.118457794189453
reaction:3867,P(Ph)3,5,,17.75,18.540714263916016,20.912532806396484
reaction:3868,AmPhos,5,,13.16,20.359622955322266,20.664470672607422
reaction:3869,P(Cy)3,2,,10.99,18.393396377563477,20.244707107543945
reaction:3870,P(o-Tol)3,3,,12.41,17.029497146606445,19.124757766723633
reaction:3871,CataCXium A,4,,14.15,15.810186386108398,19.060022354125977
reaction:3872,SPhos,2,,12.9,21.372100830078125,20.248916625976562
reaction:3874,XPhos,2,,12.01,22.699705123901367,20.7855167388916
reaction:3878,P(tBu)3,1,,14.14,18.585050582885742,20.399864196777344
reaction:3879,P(Ph)3,5,,22.09,20.85170555114746,19.837032318115234
reaction:3880,AmPhos,1,,11.54,8.952747344970703,20.882326126098633
reaction:3881,P(Cy)3,4,,10.1,11.042430877685547,19.607839584350586
reaction:3882,P(o-Tol)3,3,,10.87,17.505979537963867,19.81943702697754
reaction:3883,CataCXium A,5,,11.88,11.610065460205078,19.03504180908203
reaction:3884,SPhos,6,,13.93,23.118331909179688,19.932960510253906
reaction:3886,XPhos,1,,12.89,26.02336311340332,20.871402740478516
reaction:3890,P(tBu)3,0,,10.18,18.799762725830078,20.239381790161133
reaction:3891,P(Ph)3,1,,14.48,14.13525390625,20.09547996520996
reaction:3892,AmPhos,6,,23.12,18.92237091064453,21.441064834594727
reaction:3893,P(Cy)3,3,,30.88,16.28134536743164,19.432769775390625
reaction:3894,P(o-Tol)3,7,,15.05,14.60598373413086,20.29119873046875
reaction:3895,CataCXium A,3,,15.78,12.414237976074219,19.44927215576172
reaction:3896,SPhos,5,,13.79,15.797531127929688,20.548480987548828
reaction:3898,XPhos,6,,12.72,18.877910614013672,20.48849105834961
reaction:3902,P(tBu)3,1,,11.97,19.445472717285156,19.66482162475586
reaction:3903,P(Ph)3,3,,15.43,31.51189613342285,20.0623836517334
reaction:3904,AmPhos,4,,14.47,23.222583770751953,19.115877151489258
reaction:3905,P(Cy)3,1,,13.34,17.751447677612305,19.233945846557617
reaction:3906,P(o-Tol)3,5,,13.04,11.632801055908203,19.257122039794922
reaction:3907,CataCXium A,7,,14.29,25.11534881591797,19.96087646484375
reaction:3908,SPhos,1,,12.48,19.581241607666016,19.635581970214844
reaction:3910,XPhos,6,,12.47,16.31037139892578,20.671260833740234
reaction:3914,P(tBu)3,1,,15.09,12.085777282714844,21.098163604736328
reaction:3915,P(Ph)3,3,,16.43,22.8735294342041,20.339599609375
reaction:3916,AmPhos,1,,12.89,32.229225158691406,20.309890747070312
reaction:3917,P(Cy)3,7,,11.29,17.511518478393555,20.914913177490234
reaction:3918,P(o-Tol)3,6,,13.82,21.53448486328125,20.150455474853516
reaction:3919,CataCXium A,0,,14.88,12.314800262451172,18.599061965942383
reaction:3920,SPhos,3,,12.2,14.985054016113281,19.72830581665039
reaction:3922,XPhos,0,,13.04,12.697978973388672,20.189342498779297
reaction:3926,P(tBu)3,4,,12.86,10.476692199707031,20.854602813720703
reaction:3927,P(Ph)3,5,,17.77,22.21981430053711,20.59408187866211
reaction:3928,AmPhos,7,,17.88,19.15630340576172,21.34130096435547
reaction:3929,P(Cy)3,0,,12.99,5.110958099365234,18.48733139038086
reaction:3930,P(o-Tol)3,4,,13.53,10.845176696777344,19.774986267089844
reaction:3931,CataCXium A,4,,13.83,19.021556854248047,20.116012573242188
reaction:3932,SPhos,6,,12.68,11.555557250976562,20.79337501525879
reaction:3934,XPhos,4,,12.83,12.859016418457031,20.75059700012207
reaction:3938,P(tBu)3,0,,20.69,35.038326263427734,21.68914222717285
reaction:3939,P(Ph)3,4,,53.11,47.20816421508789,20.23497200012207
reaction:3940,AmPhos,0,,46.46,50.671382904052734,22.114864349365234
reaction:3941,P(Cy)3,0,,18.38,35.71755599975586,19.21452522277832
reaction:3942,P(o-Tol)3,6,,20.14,36.99796676635742,18.338388442993164
reaction:3943,CataCXium A,3,,58.69,50.92051696777344,18.721349716186523
reaction:3944,SPhos,6,,14.0,27.825496673583984,19.388866424560547
reaction:3946,XPhos,3,,16.74,31.522708892822266,21.289899826049805
reaction:3950,P(tBu)3,5,,17.7,30.887462615966797,20.749492645263672
reaction:3951,P(Ph)3,1,,32.1,45.68313217163086,19.914838790893555
reaction:3952,AmPhos,0,,17.87,38.416526794433594,21.24869728088379
reaction:3953,P(Cy)3,2,,18.72,17.010318756103516,19.24874496459961
reaction:3954,P(o-Tol)3,7,,16.32,15.747129440307617,20.987319946289062
reaction:3955,CataCXium A,3,,17.77,40.43299102783203,18.8721923828125
reaction:3956,SPhos,5,,16.49,21.12443733215332,20.37407112121582
reaction:3958,XPhos,7,,16.07,27.871736526489258,20.163890838623047
reaction:3962,P(tBu)3,1,,28.53,18.6148624420166,21.15617561340332
reaction:3963,P(Ph)3,0,,37.86,39.09014129638672,18.904390335083008
reaction:3964,AmPhos,4,,24.69,28.85346794128418,20.126079559326172
reaction:3965,P(Cy)3,5,,16.02,7.807659149169922,19.973146438598633
reaction:3966,P(o-Tol)3,1,,17.53,18.082609176635742,19.81129264831543
reaction:3967,CataCXium A,6,,19.02,36.46031188964844,19.012317657470703
reaction:3968,SPhos,5,,15.36,9.412117004394531,21.147480010986328
reaction:3970,XPhos,4,,16.52,14.277477264404297,19.573488235473633
reaction:3974,P(tBu)3,1,,18.4,24.179697036743164,20.293432235717773
reaction:3975,P(Ph)3,2,,32.6,49.57660675048828,20.556903839111328
reaction:3976,AmPhos,7,,21.01,23.123727798461914,22.123226165771484
reaction:3977,P(Cy)3,6,,14.75,7.069572448730469,18.929325103759766
reaction:3978,P(o-Tol)3,7,,22.25,18.830154418945312,20.532072067260742
reaction:3979,CataCXium A,1,,21.39,36.42417526245117,19.2442684173584
reaction:3980,SPhos,0,,15.41,25.65436553955078,19.556781768798828
reaction:3982,XPhos,3,,20.14,26.335124969482422,21.165790557861328
reaction:3986,P(tBu)3,5,,19.64,40.95693588256836,20.75199317932129
reaction:3987,P(Ph)3,2,,37.23,40.77485656738281,20.98333740234375
reaction:3988,AmPhos,0,,20.82,41.94838333129883,21.441051483154297
reaction:3989,P(Cy)3,7,,18.83,24.408035278320312,19.790414810180664
reaction:3990,P(o-Tol)3,3,,18.35,21.52324104309082,20.148670196533203
reaction:3991,CataCXium A,5,,33.48,43.34149169921875,19.057891845703125
reaction:3992,SPhos,5,,16.16,15.752002716064453,21.565351486206055
reaction:3994,XPhos,6,,17.41,13.574356079101562,20.996414184570312
reaction:3998,P(tBu)3,5,,22.93,34.628658294677734,21.226953506469727
reaction:3999,P(Ph)3,1,,57.68,48.62986373901367,19.254274368286133
reaction:4000,AmPhos,6,,40.65,33.34902572631836,20.661808013916016
reaction:4001,P(Cy)3,3,,20.38,29.023208618164062,18.50023651123047
reaction:4002,P(o-Tol)3,2,,17.77,24.368173599243164,20.595407485961914
reaction:4003,CataCXium A,4,,57.89,44.0028190612793,19.29596519470215
reaction:4004,SPhos,5,,17.04,22.720985412597656,20.994741439819336
reaction:4006,XPhos,2,,16.0,27.916013717651367,19.599735260009766
reaction:4010,P(tBu)3,0,,25.2,21.397798538208008,21.839216232299805
reaction:4011,P(Ph)3,6,,47.55,45.54245376586914,20.335416793823242
reaction:4012,AmPhos,0,,52.13,30.90305519104004,21.38914680480957
reaction:4013,P(Cy)3,0,,24.81,15.638994216918945,18.93524932861328
reaction:4014,P(o-Tol)3,6,,20.9,27.015363693237305,19.351146697998047
reaction:4015,CataCXium A,0,,57.21,32.05074691772461,18.96190643310547
reaction:4016,SPhos,5,,17.2,3.4908065795898438,20.816160202026367
reaction:4018,XPhos,6,,18.91,-3.38629150390625,21.8814640045166
reaction:4022,P(tBu)3,6,,28.07,12.760688781738281,20.48771095275879
reaction:4023,P(Ph)3,4,,67.49,34.887657165527344,20.563573837280273
reaction:4024,AmPhos,6,,50.05,26.60063362121582,20.13747215270996
reaction:4025,P(Cy)3,6,,20.77,18.37782096862793,18.72293472290039
reaction:4026,P(o-Tol)3,4,,20.88,12.89432144165039,19.47607421875
reaction:4027,CataCXium A,2,,67.61,37.26279830932617,19.467592239379883
reaction:4028,SPhos,4,,17.3,9.882347106933594,19.624534606933594
reaction:4030,XPhos,6,,16.23,3.512195587158203,21.39464569091797
reaction:4034,P(tBu)3,1,,12.02,26.01449966430664,19.600431442260742
reaction:4035,P(Ph)3,0,,13.72,16.329795837402344,20.252904891967773
reaction:4036,AmPhos,3,,12.47,20.477479934692383,20.294292449951172
reaction:4037,P(Cy)3,4,,11.65,5.081871032714844,19.44536590576172
reaction:4038,P(o-Tol)3,6,,13.9,19.732532501220703,18.941986083984375
reaction:4039,CataCXium A,7,,13.56,18.60263442993164,19.807762145996094
reaction:4040,SPhos,2,,13.75,0.3595733642578125,19.994062423706055
reaction:4042,XPhos,7,,14.3,8.349899291992188,20.231395721435547
reaction:4046,P(tBu)3,5,,16.9,26.90985679626465,20.454214096069336
reaction:4047,P(Ph)3,2,,18.3,17.067567825317383,20.59821128845215
reaction:4048,AmPhos,1,,17.09,12.059246063232422,21.232852935791016
reaction:4049,P(Cy)3,4,,18.64,14.34506607055664,19.14086151123047
reaction:4050,P(o-Tol)3,7,,20.27,5.334217071533203,20.742807388305664
reaction:4051,CataCXium A,5,,22.53,6.766624450683594,18.97201919555664
reaction:4052,SPhos,7,,17.32,19.937833786010742,19.873655319213867
reaction:4054,XPhos,5,,17.09,16.07444953918457,20.053264617919922
reaction:4058,P(tBu)3,3,,13.04,13.54498291015625,20.270906448364258
reaction:4059,P(Ph)3,7,,13.51,19.308115005493164,21.089046478271484
reaction:4060,AmPhos,0,,12.36,16.262537002563477,21.04434585571289
reaction:4061,P(Cy)3,2,,14.06,20.635427474975586,20.1686954498291
reaction:4062,P(o-Tol)3,2,,14.22,15.616378784179688,21.32332420349121
reaction:4063,CataCXium A,5,,13.74,18.52124786376953,19.96965217590332
reaction:4064,SPhos,3,,14.1,17.79482650756836,19.36564826965332
reaction:4066,XPhos,7,,14.1,17.11579704284668,21.13817596435547
reaction:4070,P(tBu)3,6,,14.48,22.838417053222656,21.69571304321289
reaction:4071,P(Ph)3,2,,17.99,26.002609252929688,20.61611557006836
reaction:4072,AmPhos,5,,11.6,-0.21876907348632812,19.648094177246094
reaction:4073,P(Cy)3,4,,12.44,6.635654449462891,19.491859436035156
reaction:4074,P(o-Tol)3,1,,16.27,10.640556335449219,19.065673828125
reaction:4075,CataCXium A,0,,12.36,14.38836669921875,19.307727813720703
reaction:4076,SPhos,1,,13.53,11.805118560791016,19.482702255249023
reaction:4078,XPhos,2,,13.5,9.230915069580078,20.136720657348633
reaction:4082,P(tBu)3,7,,13.12,-4.719825744628906,21.171716690063477
reaction:4083,P(Ph)3,2,,15.23,15.767908096313477,21.35852813720703
reaction:4084,AmPhos,7,,11.83,6.155174255371094,21.928089141845703
reaction:4085,P(Cy)3,5,,13.09,14.06884765625,19.44290542602539
reaction:4086,P(o-Tol)3,5,,13.77,8.028167724609375,20.138269424438477
reaction:4087,CataCXium A,6,,12.14,8.89120101928711,19.61577033996582
reaction:4088,SPhos,0,,12.62,5.606101989746094,19.355815887451172
reaction:4090,XPhos,7,,14.08,10.920547485351562,21.2571964263916
reaction:4094,P(tBu)3,2,,13.21,21.592546463012695,20.32503318786621
reaction:4095,P(Ph)3,5,,15.71,18.864336013793945,21.00221061706543
reaction:4096,AmPhos,2,,12.61,13.157840728759766,21.433364868164062
reaction:4097,P(Cy)3,6,,12.78,3.717090606689453,18.618404388427734
reaction:4098,P(o-Tol)3,7,,14.74,8.314140319824219,20.150489807128906
reaction:4099,CataCXium A,2,,13.87,19.68758201599121,19.535682678222656
reaction:4100,SPhos,0,,13.37,-0.8173751831054688,18.999074935913086
reaction:4102,XPhos,3,,14.58,3.4682540893554688,20.67718505859375
reaction:4106,P(tBu)3,6,,12.49,2.488811492919922,22.08551597595215
reaction:4107,P(Ph)3,6,,20.36,29.643878936767578,20.2913875579834
reaction:4108,AmPhos,1,,13.01,28.750125885009766,20.755407333374023
reaction:4109,P(Cy)3,7,,13.94,18.15229606628418,21.20003890991211
reaction:4110,P(o-Tol)3,6,,14.48,28.76010513305664,20.662254333496094
reaction:4111,CataCXium A,6,,14.14,32.8691291809082,19.04042625427246
reaction:4112,SPhos,6,,13.14,29.625009536743164,20.510873794555664
reaction:4114,XPhos,7,,13.69,20.58729362487793,21.880207061767578
reaction:4118,P(tBu)3,7,,13.15,11.62972640991211,21.85357093811035
reaction:4119,P(Ph)3,2,,16.14,29.72579574584961,20.005531311035156
reaction:4120,AmPhos,3,,12.26,24.62513542175293,19.792268753051758
reaction:4121,P(Cy)3,3,,14.6,3.3033103942871094,18.37313461303711
reaction:4122,P(o-Tol)3,0,,14.35,15.131385803222656,19.27560043334961
reaction:4123,CataCXium A,5,,15.34,25.370275497436523,18.942237854003906
reaction:4124,SPhos,1,,13.64,12.389747619628906,19.887849807739258
reaction:4126,XPhos,2,,14.78,12.121345520019531,20.300779342651367
reaction:4130,P(tBu)3,6,,56.15,25.514177322387695,19.795143127441406
reaction:4131,P(Ph)3,4,,48.5,44.92927932739258,19.37747573852539
reaction:4132,AmPhos,1,,62.12,41.51926040649414,19.400066375732422
reaction:4133,P(Cy)3,7,,20.21,9.176963806152344,19.865917205810547
reaction:4134,P(o-Tol)3,1,,74.71,54.5538330078125,19.785715103149414
reaction:4135,CataCXium A,2,,60.48,49.895347595214844,20.01176643371582
reaction:4136,SPhos,2,,18.91,19.677249908447266,19.965805053710938
reaction:4138,XPhos,3,,29.22,18.456127166748047,20.842891693115234
reaction:4142,P(tBu)3,5,,38.52,53.180633544921875,20.243677139282227
reaction:4143,P(Ph)3,7,,58.94,54.83149337768555,20.912351608276367
reaction:4144,AmPhos,3,,46.32,46.367549896240234,21.037784576416016
reaction:4145,P(Cy)3,7,,27.29,24.51024627685547,20.474977493286133
reaction:4146,P(o-Tol)3,3,,51.26,70.17402648925781,20.37668800354004
reaction:4147,CataCXium A,4,,44.78,51.44790267944336,18.849836349487305
reaction:4148,SPhos,7,,47.02,44.159366607666016,19.417400360107422
reaction:4150,XPhos,4,,41.29,43.831153869628906,20.80162811279297
reaction:4154,P(tBu)3,1,,46.83,44.598365783691406,21.18855857849121
reaction:4155,P(Ph)3,7,,68.15,61.85047912597656,21.105276107788086
reaction:4156,AmPhos,7,,57.98,43.69493103027344,21.809574127197266
reaction:4157,P(Cy)3,2,,31.08,35.62313461303711,20.214752197265625
reaction:4158,P(o-Tol)3,5,,74.84,71.5471420288086,19.822113037109375
reaction:4159,CataCXium A,3,,66.67,50.738826751708984,18.314353942871094
reaction:4160,SPhos,4,,51.04,47.27670669555664,19.534460067749023
reaction:4162,XPhos,3,,49.83,43.66510772705078,20.7502498626709
reaction:4166,P(tBu)3,1,,39.95,38.436588287353516,20.47333335876465
reaction:4167,P(Ph)3,1,,73.12,56.51939392089844,20.047119140625
reaction:4168,AmPhos,4,,6.65,45.36759948730469,20.257658004760742
reaction:4169,P(Cy)3,3,,0.0,33.987342834472656,19.029582977294922
reaction:4170,P(o-Tol)3,6,,63.01,65.27880859375,19.580060958862305
reaction:4171,CataCXium A,6,,61.84,38.259334564208984,19.00848388671875
reaction:4172,SPhos,3,,59.43,44.14230728149414,20.26085662841797
reaction:4174,XPhos,0,,58.39,51.66694641113281,20.83820152282715
reaction:4178,P(tBu)3,3,,57.66,42.33937454223633,21.123430252075195
reaction:4179,P(Ph)3,5,,40.92,62.276145935058594,20.735166549682617
reaction:4180,AmPhos,5,,52.74,50.28134536743164,20.820703506469727
reaction:4181,P(Cy)3,7,,35.41,32.195457458496094,20.236083984375
reaction:4182,P(o-Tol)3,0,,74.05,67.0132064819336,19.560428619384766
reaction:4183,CataCXium A,0,,57.44,53.31600570678711,19.162517547607422
reaction:4184,SPhos,6,,39.32,41.99897766113281,19.860015869140625
reaction:4186,XPhos,3,,46.03,39.63581085205078,20.796411514282227
reaction:4190,P(tBu)3,3,,40.8,33.83635711669922,20.7502498626709
reaction:4191,P(Ph)3,6,,64.11,58.79045867919922,19.292123794555664
reaction:4192,AmPhos,7,,57.24,44.64053726196289,21.133941650390625
reaction:4193,P(Cy)3,1,,17.87,27.717388153076172,19.13981056213379
reaction:4194,P(o-Tol)3,2,,71.99,65.90251922607422,19.386363983154297
reaction:4195,CataCXium A,2,,65.69,53.94622802734375,19.71820831298828
reaction:4196,SPhos,1,,21.1,30.917325973510742,19.976825714111328
reaction:4198,XPhos,2,,24.86,29.789653778076172,19.8332576751709
reaction:4202,P(tBu)3,7,,57.08,58.59644317626953,20.889448165893555
reaction:4203,P(Ph)3,2,,64.73,53.57512664794922,20.4915771484375
reaction:4204,AmPhos,0,,71.17,46.15284729003906,21.327991485595703
reaction:4205,P(Cy)3,7,,28.01,23.860212326049805,21.323381423950195
reaction:4206,P(o-Tol)3,7,,74.34,68.17453002929688,20.119436264038086
reaction:4207,CataCXium A,6,,56.68,57.54164123535156,19.15889549255371
reaction:4208,SPhos,3,,32.23,26.96870994567871,20.439071655273438
reaction:4210,XPhos,6,,33.45,21.83708953857422,21.408660888671875
reaction:4214,P(tBu)3,3,,45.81,51.22105026245117,20.34470558166504
reaction:4215,P(Ph)3,3,,72.19,73.02400970458984,19.825706481933594
reaction:4216,AmPhos,1,,52.92,54.472164154052734,21.223716735839844
reaction:4217,P(Cy)3,1,,28.32,37.08788299560547,19.837568283081055
reaction:4218,P(o-Tol)3,5,,68.86,76.72834777832031,19.599430084228516
reaction:4219,CataCXium A,3,,59.44,65.58740234375,18.47197723388672
reaction:4220,SPhos,0,,54.8,58.55998229980469,19.683135986328125
reaction:4222,XPhos,0,,42.55,50.73344039916992,21.349451065063477
reaction:4226,P(tBu)3,3,,16.56,21.506610870361328,20.54093360900879
reaction:4227,P(Ph)3,3,,19.58,17.76624870300293,19.632522583007812
reaction:4228,AmPhos,6,,17.09,13.817276000976562,20.307043075561523
reaction:4229,P(Cy)3,3,,17.27,12.294384002685547,19.08148193359375
reaction:4230,P(o-Tol)3,0,,18.46,14.514217376708984,21.29527473449707
reaction:4231,CataCXium A,4,,21.89,18.5089054107666,19.700389862060547
reaction:4232,SPhos,1,,16.09,15.494270324707031,20.271026611328125
reaction:4234,XPhos,1,,17.25,16.14352035522461,20.693132400512695
reaction:4238,P(tBu)3,1,,16.17,8.732372283935547,20.53964614868164
reaction:4239,P(Ph)3,3,,18.37,17.28499984741211,20.3124942779541
reaction:4240,AmPhos,3,,15.92,12.909530639648438,20.773395538330078
reaction:4241,P(Cy)3,7,,20.33,14.081802368164062,19.38594627380371
reaction:4242,P(o-Tol)3,0,,15.52,13.867450714111328,21.271215438842773
reaction:4243,CataCXium A,3,,16.65,16.169979095458984,18.64522933959961
reaction:4244,SPhos,4,,17.6,15.905290603637695,20.499727249145508
reaction:4246,XPhos,2,,16.82,16.369916915893555,20.1772518157959
reaction:4250,P(tBu)3,1,,19.02,15.317169189453125,20.843223571777344
reaction:4251,P(Ph)3,2,,17.07,18.674602508544922,21.503084182739258
reaction:4252,AmPhos,3,,19.41,16.637514114379883,19.58547019958496
reaction:4253,P(Cy)3,3,,19.05,15.451194763183594,18.720476150512695
reaction:4254,P(o-Tol)3,0,,18.46,15.017353057861328,20.594444274902344
reaction:4255,CataCXium A,2,,16.05,18.129714965820312,20.627408981323242
reaction:4256,SPhos,0,,17.84,21.32490348815918,19.62090301513672
reaction:4258,XPhos,3,,16.16,26.869478225708008,19.481849670410156
reaction:4262,P(tBu)3,7,,15.77,16.472496032714844,20.16468620300293
reaction:4263,P(Ph)3,2,,15.01,16.136817932128906,20.921541213989258
reaction:4264,AmPhos,7,,12.55,15.002220153808594,20.47414207458496
reaction:4265,P(Cy)3,7,,14.57,16.94054412841797,19.60137176513672
reaction:4266,P(o-Tol)3,3,,15.0,17.804218292236328,19.250669479370117
reaction:4267,CataCXium A,2,,13.51,16.1989688873291,19.831193923950195
reaction:4268,SPhos,5,,15.85,22.652177810668945,19.476736068725586
reaction:4270,XPhos,4,,14.19,23.89463996887207,20.944820404052734
reaction:4274,P(tBu)3,4,,13.07,16.7762393951416,19.385345458984375
reaction:4275,P(Ph)3,5,,18.44,16.15621566772461,20.963376998901367
reaction:4276,AmPhos,2,,15.32,14.292240142822266,21.09214210510254
reaction:4277,P(Cy)3,5,,16.18,14.821765899658203,20.07808494567871
reaction:4278,P(o-Tol)3,6,,16.91,14.484352111816406,19.926403045654297
reaction:4279,CataCXium A,5,,16.03,9.94112777709961,20.62099266052246
reaction:4280,SPhos,2,,16.08,20.94774627685547,20.049837112426758
reaction:4282,XPhos,6,,17.59,19.979475021362305,20.027334213256836
reaction:4286,P(tBu)3,5,,12.92,18.137779235839844,20.74408721923828
reaction:4287,P(Ph)3,2,,14.61,25.320980072021484,21.177133560180664
reaction:4288,AmPhos,4,,13.97,17.110254287719727,18.7225399017334
reaction:4289,P(Cy)3,3,,12.83,15.229724884033203,19.110681533813477
reaction:4290,P(o-Tol)3,4,,13.53,15.15863037109375,21.681032180786133
reaction:4291,CataCXium A,1,,14.39,14.347625732421875,20.164831161499023
reaction:4292,SPhos,6,,12.68,20.360143661499023,19.380189895629883
reaction:4294,XPhos,6,,14.31,19.107391357421875,20.473962783813477
reaction:4298,P(tBu)3,0,,14.68,17.29960060119629,21.27777671813965
reaction:4299,P(Ph)3,6,,16.79,17.445682525634766,20.420886993408203
reaction:4300,AmPhos,0,,15.83,13.913806915283203,21.19441795349121
reaction:4301,P(Cy)3,3,,16.64,12.916336059570312,18.989887237548828
reaction:4302,P(o-Tol)3,4,,14.66,18.6953182220459,21.141700744628906
reaction:4303,CataCXium A,6,,13.85,14.336494445800781,19.09830665588379
reaction:4304,SPhos,7,,14.78,18.82771873474121,20.478336334228516
reaction:4306,XPhos,1,,15.62,16.751514434814453,21.20370101928711
reaction:4310,P(tBu)3,6,,13.75,13.755813598632812,20.285818099975586
reaction:4311,P(Ph)3,6,,16.47,15.258464813232422,20.643959045410156
reaction:4312,AmPhos,4,,14.35,16.13212776184082,20.182775497436523
reaction:4313,P(Cy)3,7,,19.04,10.68658447265625,19.737932205200195
reaction:4314,P(o-Tol)3,2,,14.5,15.836322784423828,20.23119354248047
reaction:4315,CataCXium A,0,,14.5,15.003543853759766,20.068138122558594
reaction:4316,SPhos,2,,15.64,18.811573028564453,20.584604263305664
reaction:4318,XPhos,7,,16.17,12.89907455444336,20.18932342529297
reaction:4322,P(tBu)3,3,,15.0,25.54133415222168,20.948835372924805
reaction:4323,P(Ph)3,7,,23.92,25.928054809570312,20.304895401000977
reaction:4324,AmPhos,2,,16.41,26.92771339416504,22.237934112548828
reaction:4325,P(Cy)3,4,,18.72,33.529483795166016,19.542123794555664
reaction:4326,P(o-Tol)3,0,,17.59,21.22251319885254,20.48067283630371
reaction:4327,CataCXium A,3,,30.05,36.814178466796875,17.900861740112305
reaction:4328,SPhos,5,,17.76,25.55462074279785,20.011558532714844
reaction:4330,XPhos,3,,20.28,36.12162780761719,20.367050170898438
reaction:4334,P(tBu)3,5,,13.24,14.40118408203125,19.977581024169922
reaction:4335,P(Ph)3,0,,24.25,21.808881759643555,20.686704635620117
reaction:4336,AmPhos,4,,18.07,19.470932006835938,20.107473373413086
reaction:4337,P(Cy)3,3,,23.95,23.8751163482666,18.735126495361328
reaction:4338,P(o-Tol)3,2,,17.46,18.802989959716797,20.853660583496094
reaction:4339,CataCXium A,5,,20.28,28.169479370117188,19.29407501220703
reaction:4340,SPhos,6,,17.39,19.782852172851562,20.505538940429688
reaction:4342,XPhos,1,,15.9,28.12898063659668,19.519451141357422
reaction:4346,P(tBu)3,3,,15.37,16.024234771728516,20.784170150756836
reaction:4347,P(Ph)3,7,,20.73,20.724464416503906,20.325410842895508
reaction:4348,AmPhos,1,,16.14,15.773797988891602,21.162212371826172
reaction:4349,P(Cy)3,7,,21.08,17.93876075744629,20.710050582885742
reaction:4350,P(o-Tol)3,6,,16.32,13.543048858642578,19.44906234741211
reaction:4351,CataCXium A,5,,21.37,21.111995697021484,19.547712326049805
reaction:4352,SPhos,4,,15.13,16.485607147216797,19.858522415161133
reaction:4354,XPhos,3,,17.4,23.47488784790039,19.992202758789062
reaction:4358,P(tBu)3,6,,14.73,20.41729736328125,20.843795776367188
reaction:4359,P(Ph)3,5,,17.57,18.97998809814453,19.720542907714844
reaction:4360,AmPhos,5,,15.24,16.317596435546875,20.336488723754883
reaction:4361,P(Cy)3,3,,18.65,14.524883270263672,18.7441349029541
reaction:4362,P(o-Tol)3,2,,18.25,15.202743530273438,20.475278854370117
reaction:4363,CataCXium A,2,,17.99,20.153751373291016,19.78377914428711
reaction:4364,SPhos,3,,15.93,28.3535213470459,19.32638168334961
reaction:4366,XPhos,3,,15.94,33.638267517089844,21.069040298461914
reaction:4370,P(tBu)3,7,,15.38,29.828828811645508,20.819231033325195
reaction:4371,P(Ph)3,4,,21.31,22.094383239746094,19.51981544494629
reaction:4372,AmPhos,0,,14.96,21.7894287109375,20.174596786499023
reaction:4373,P(Cy)3,3,,20.82,24.281373977661133,19.558210372924805
reaction:4374,P(o-Tol)3,5,,17.07,14.34408950805664,20.001115798950195
reaction:4375,CataCXium A,5,,18.0,26.489547729492188,20.591642379760742
reaction:4376,SPhos,3,,15.82,19.7584228515625,19.598079681396484
reaction:4378,XPhos,0,,17.56,17.112022399902344,19.861175537109375
reaction:4382,P(tBu)3,5,,13.11,28.356088638305664,20.94943618774414
reaction:4383,P(Ph)3,2,,17.1,28.562477111816406,21.500547409057617
reaction:4384,AmPhos,1,,15.47,16.61249542236328,20.067211151123047
reaction:4385,P(Cy)3,3,,16.8,29.385982513427734,18.842714309692383
reaction:4386,P(o-Tol)3,2,,15.12,18.703248977661133,21.126596450805664
reaction:4387,CataCXium A,7,,23.62,22.86703872680664,20.297332763671875
reaction:4388,SPhos,3,,15.91,26.846071243286133,20.096473693847656
reaction:4390,XPhos,5,,18.72,31.54210090637207,20.120574951171875
reaction:4394,P(tBu)3,6,,17.88,16.17716407775879,21.85474967956543
reaction:4395,P(Ph)3,0,,24.55,19.754268646240234,21.266361236572266
reaction:4396,AmPhos,7,,17.41,16.50029182434082,20.14157485961914
reaction:4397,P(Cy)3,5,,22.84,18.977924346923828,18.5626277923584
reaction:4398,P(o-Tol)3,7,,16.99,11.349311828613281,20.779916763305664
reaction:4399,CataCXium A,7,,27.27,21.89810562133789,20.17894172668457
reaction:4400,SPhos,6,,19.81,5.185565948486328,21.338016510009766
reaction:4402,XPhos,1,,23.55,8.904010772705078,20.820396423339844
reaction:4406,P(tBu)3,3,,18.18,12.191822052001953,19.85737419128418
reaction:4407,P(Ph)3,2,,25.49,17.83806037902832,20.745107650756836
reaction:4408,AmPhos,5,,20.49,15.858224868774414,20.461254119873047
reaction:4409,P(Cy)3,7,,25.25,18.295541763305664,20.11105728149414
reaction:4410,P(o-Tol)3,1,,20.02,13.56219482421875,20.39645004272461
reaction:4411,CataCXium A,6,,27.52,25.246009826660156,19.26933479309082
reaction:4412,SPhos,6,,23.94,9.411136627197266,21.004913330078125
reaction:4414,XPhos,3,,23.22,16.227293014526367,19.45567512512207
reaction:4418,P(tBu)3,2,,16.07,22.008760452270508,21.599910736083984
reaction:4419,P(Ph)3,1,,18.38,20.212486267089844,20.571290969848633
reaction:4420,AmPhos,6,,15.57,10.868667602539062,21.095111846923828
reaction:4421,P(Cy)3,2,,18.48,12.156425476074219,19.538740158081055
reaction:4422,P(o-Tol)3,6,,14.48,18.406829833984375,19.121549606323242
reaction:4423,CataCXium A,5,,18.58,20.93966293334961,19.765518188476562
reaction:4424,SPhos,5,,15.35,10.853218078613281,19.634212493896484
reaction:4426,XPhos,6,,19.2,4.526161193847656,19.709321975708008
reaction:4430,P(tBu)3,3,,15.72,25.7600154876709,20.858339309692383
reaction:4431,P(Ph)3,1,,22.66,16.878477096557617,20.851688385009766
reaction:4432,AmPhos,3,,15.3,16.463550567626953,20.270015716552734
reaction:4433,P(Cy)3,0,,18.47,16.215879440307617,20.583555221557617
reaction:4434,P(o-Tol)3,1,,15.05,16.129823684692383,20.694955825805664
reaction:4435,CataCXium A,1,,17.23,14.488975524902344,20.44064712524414
reaction:4436,SPhos,5,,17.26,30.442052841186523,19.29813575744629
reaction:4438,XPhos,4,,16.94,32.1524543762207,21.36240577697754
reaction:4442,P(tBu)3,7,,15.78,14.038558959960938,21.02254867553711
reaction:4443,P(Ph)3,5,,18.87,19.523447036743164,20.448896408081055
reaction:4444,AmPhos,2,,16.46,16.86542320251465,20.468599319458008
reaction:4445,P(Cy)3,7,,18.4,21.36446762084961,20.22150993347168
reaction:4446,P(o-Tol)3,2,,14.87,18.44121742248535,21.148948669433594
reaction:4447,CataCXium A,1,,21.69,16.27802276611328,20.972558975219727
reaction:4448,SPhos,7,,15.27,19.60603904724121,20.05605697631836
reaction:4450,XPhos,4,,17.07,17.47739028930664,20.22747230529785
reaction:4454,P(tBu)3,2,,16.44,22.407262802124023,21.10349464416504
reaction:4455,P(Ph)3,2,,18.56,16.75310707092285,20.325159072875977
reaction:4456,AmPhos,5,,14.0,15.553325653076172,20.052650451660156
reaction:4457,P(Cy)3,4,,20.05,15.49966049194336,19.567249298095703
reaction:4458,P(o-Tol)3,5,,16.21,15.072406768798828,19.699522018432617
reaction:4459,CataCXium A,5,,16.67,17.5770320892334,19.635927200317383
reaction:4460,SPhos,7,,16.39,15.539642333984375,19.254119873046875
reaction:4462,XPhos,0,,16.01,13.349685668945312,21.05112075805664
reaction:4466,P(tBu)3,1,,16.18,3.5161972045898438,19.833667755126953
reaction:4467,P(Ph)3,1,,20.35,21.573911666870117,20.5955810546875
reaction:4468,AmPhos,2,,14.9,8.687820434570312,21.09990882873535
reaction:4469,P(Cy)3,6,,16.96,19.244592666625977,19.913755416870117
reaction:4470,P(o-Tol)3,4,,15.58,11.022735595703125,19.829267501831055
reaction:4471,CataCXium A,2,,18.97,9.695365905761719,20.154510498046875
reaction:4472,SPhos,1,,17.13,15.858552932739258,20.487438201904297
reaction:4474,XPhos,0,,17.21,21.133207321166992,21.059396743774414
reaction:4478,P(tBu)3,6,,17.97,17.809951782226562,20.091733932495117
reaction:4479,P(Ph)3,5,,18.63,20.941726684570312,19.859344482421875
reaction:4480,AmPhos,1,,17.25,15.528621673583984,20.120088577270508
reaction:4481,P(Cy)3,1,,15.67,12.283531188964844,20.10623550415039
reaction:4482,P(o-Tol)3,3,,20.33,16.4439640045166,17.868186950683594
reaction:4483,CataCXium A,4,,23.83,14.074100494384766,19.989805221557617
reaction:4484,SPhos,4,,20.55,2.67657470703125,21.396686553955078
reaction:4486,XPhos,4,,21.74,7.192424774169922,21.361549377441406
reaction:4490,P(tBu)3,4,,16.38,3.0851669311523438,19.135650634765625
reaction:4491,P(Ph)3,6,,24.48,24.723718643188477,20.5086669921875
reaction:4492,AmPhos,1,,15.65,17.3142147064209,20.056299209594727
reaction:4493,P(Cy)3,1,,15.08,27.599000930786133,20.53721046447754
reaction:4494,P(o-Tol)3,0,,17.56,19.393266677856445,20.93039321899414
reaction:4495,CataCXium A,0,,17.63,25.600601196289062,19.875783920288086
reaction:4496,SPhos,2,,20.91,32.4306755065918,20.604869842529297
reaction:4498,XPhos,0,,20.83,31.12017250061035,21.206933975219727
reaction:4502,P(tBu)3,2,,16.59,17.69651985168457,21.552274703979492
reaction:4503,P(Ph)3,3,,18.58,24.792808532714844,18.85369873046875
reaction:4504,AmPhos,2,,18.45,17.461170196533203,20.526012420654297
reaction:4505,P(Cy)3,0,,19.87,15.992631912231445,20.53114891052246
reaction:4506,P(o-Tol)3,4,,24.19,18.250473022460938,20.70633316040039
reaction:4507,CataCXium A,5,,20.3,24.384546279907227,19.523744583129883
reaction:4508,SPhos,3,,19.59,19.273210525512695,18.7646427154541
reaction:4510,XPhos,1,,17.96,18.884384155273438,20.870311737060547
reaction:4514,P(tBu)3,7,,20.81,10.145065307617188,20.18189811706543
reaction:4515,P(Ph)3,3,,19.75,9.381702423095703,20.11262321472168
reaction:4516,AmPhos,5,,18.21,14.5966796875,20.387956619262695
reaction:4517,P(Cy)3,5,,15.9,10.926582336425781,18.765405654907227
reaction:4518,P(o-Tol)3,3,,16.42,15.51834487915039,19.205930709838867
reaction:4519,CataCXium A,6,,24.69,23.05767250061035,19.40228271484375
reaction:4520,SPhos,6,,20.73,16.726022720336914,19.48331642150879
reaction:4522,XPhos,2,,22.67,22.279937744140625,20.988964080810547
reaction:4526,P(tBu)3,0,,24.93,22.39866065979004,20.99764633178711
reaction:4527,P(Ph)3,6,,18.72,26.41443634033203,20.281944274902344
reaction:4528,AmPhos,0,,18.15,19.293203353881836,20.977262496948242
reaction:4529,P(Cy)3,1,,19.91,23.034271240234375,20.48052406311035
reaction:4530,P(o-Tol)3,1,,18.3,20.636194229125977,20.69034767150879
reaction:4531,CataCXium A,6,,21.39,21.06507110595703,19.578889846801758
reaction:4532,SPhos,2,,49.99,36.32481002807617,19.436304092407227
reaction:4534,XPhos,5,,48.27,37.304927825927734,19.45952033996582
reaction:4538,P(tBu)3,3,,22.1,21.493629455566406,20.355224609375
reaction:4539,P(Ph)3,7,,21.95,24.35662841796875,20.54067039489746
reaction:4540,AmPhos,7,,18.31,19.48660659790039,20.765047073364258
reaction:4541,P(Cy)3,6,,18.12,24.623395919799805,20.01162338256836
reaction:4542,P(o-Tol)3,7,,17.6,23.301788330078125,20.44643783569336
reaction:4543,CataCXium A,3,,22.0,21.259037017822266,17.962615966796875
reaction:4544,SPhos,4,,41.19,36.62379837036133,20.6771297454834
reaction:4546,XPhos,0,,47.01,42.449100494384766,21.02678680419922
reaction:4550,P(tBu)3,1,,21.35,14.904800415039062,20.545673370361328
reaction:4551,P(Ph)3,1,,17.63,22.886646270751953,19.953338623046875
reaction:4552,AmPhos,3,,15.26,11.260086059570312,19.477596282958984
reaction:4553,P(Cy)3,3,,16.98,20.05350112915039,18.77825164794922
reaction:4554,P(o-Tol)3,3,,15.16,17.496070861816406,19.140697479248047
reaction:4555,CataCXium A,5,,26.24,14.13705062866211,18.95824432373047
reaction:4556,SPhos,0,,41.97,37.85649108886719,20.14696502685547
reaction:4558,XPhos,1,,59.08,39.978271484375,20.77465057373047
reaction:4562,P(tBu)3,2,,23.23,25.644777297973633,21.242298126220703
reaction:4563,P(Ph)3,6,,21.3,26.329565048217773,19.969722747802734
reaction:4564,AmPhos,5,,14.78,17.864200592041016,21.618000030517578
reaction:4565,P(Cy)3,2,,19.1,20.80951499938965,20.079282760620117
reaction:4566,P(o-Tol)3,7,,14.98,23.040742874145508,20.590166091918945
reaction:4567,CataCXium A,4,,7.73,22.351118087768555,19.27777671813965
reaction:4568,SPhos,5,,34.85,30.11940574645996,20.48250389099121
reaction:4570,XPhos,3,,38.14,36.743003845214844,20.345911026000977
reaction:4574,P(tBu)3,5,,18.97,16.57781410217285,21.161619186401367
reaction:4575,P(Ph)3,3,,38.79,13.784858703613281,20.187028884887695
reaction:4576,AmPhos,6,,16.74,16.993471145629883,20.124134063720703
reaction:4577,P(Cy)3,6,,17.02,17.655431747436523,19.57061195373535
reaction:4578,P(o-Tol)3,1,,18.27,21.109283447265625,20.094158172607422
reaction:4579,CataCXium A,3,,20.16,21.83566665649414,18.211437225341797
reaction:4580,SPhos,3,,21.06,19.63222312927246,20.179969787597656
reaction:4582,XPhos,5,,23.15,24.762453079223633,20.123031616210938
reaction:4586,P(tBu)3,7,,21.12,33.17926025390625,20.78003692626953
reaction:4587,P(Ph)3,2,,22.31,19.82022476196289,19.909812927246094
reaction:4588,AmPhos,7,,16.35,24.302871704101562,20.316068649291992
reaction:4589,P(Cy)3,4,,19.72,17.354713439941406,19.50017547607422
reaction:4590,P(o-Tol)3,5,,17.77,21.28697967529297,18.91702651977539
reaction:4591,CataCXium A,1,,26.28,19.95113754272461,20.45981216430664
reaction:4592,SPhos,5,,19.93,20.80772590637207,19.512035369873047
reaction:4594,XPhos,0,,29.03,30.315540313720703,20.93036651611328
reaction:4598,P(tBu)3,2,,19.82,29.88960838317871,20.84600067138672
reaction:4599,P(Ph)3,3,,19.28,27.069549560546875,19.510753631591797
reaction:4600,AmPhos,6,,18.14,19.31159782409668,20.023942947387695
reaction:4601,P(Cy)3,2,,21.39,25.232301712036133,19.417373657226562
reaction:4602,P(o-Tol)3,7,,17.83,25.85424041748047,19.500404357910156
reaction:4603,CataCXium A,0,,20.89,22.39777374267578,19.75871467590332
reaction:4604,SPhos,4,,48.66,48.68303298950195,21.410675048828125
reaction:4606,XPhos,4,,43.45,46.12360763549805,21.449174880981445
