row_id,ligand,fold,reference_group,y_true,y_pred,y_std
reaction:1,P(tBu)3,5,,4.76,4.270244598388672,14.874628067016602
reaction:2,P(Ph)3,2,,4.12,6.857795715332031,16.367799758911133
reaction:3,AmPhos,6,,2.58,3.0563011169433594,13.64918327331543
reaction:4,P(Cy)3,2,,4.44,9.086471557617188,14.961718559265137
reaction:5,P(o-Tol)3,4,,1.95,2.2829666137695312,14.288898468017578
reaction:6,CataCXium A,0,,3.25,7.297252655029297,14.620329856872559
reaction:7,SPhos,7,,86.26,83.13333129882812,13.826754570007324
reaction:9,XPhos,6,,93.67,96.12474822998047,13.910688400268555
reaction:13,P(tBu)3,5,,3.16,7.090782165527344,14.373546600341797
reaction:14,P(Ph)3,5,,4.75,5.606605529785156,15.27599811553955
reaction:15,AmPhos,2,,2.46,3.1096267700195312,13.334641456604004
reaction:16,P(Cy)3,5,,5.27,5.956768035888672,15.247803688049316
reaction:17,P(o-Tol)3,6,,1.96,-1.1861953735351562,14.60029411315918
reaction:18,CataCXium A,6,,3.35,2.979846954345703,14.19728946685791
reaction:19,SPhos,2,,69.22,75.13288879394531,12.809835433959961
reaction:21,XPhos,1,,83.19,76.20576477050781,13.784902572631836
reaction:25,P(tBu)3,7,,1.79,7.395027160644531,15.988651275634766
reaction:26,P(Ph)3,2,,4.36,3.8459320068359375,16.839757919311523
reaction:27,AmPhos,7,,2.71,4.24517822265625,15.395111083984375
reaction:28,P(Cy)3,6,,6.49,14.395423889160156,16.541582107543945
reaction:29,P(o-Tol)3,6,,2.1,0.2191009521484375,15.719685554504395
reaction:30,CataCXium A,2,,3.32,6.513458251953125,15.780008316040039
reaction:31,SPhos,7,,68.44,67.83482360839844,15.359281539916992
reaction:33,XPhos,5,,73.02,76.22291564941406,15.933004379272461
reaction:37,P(tBu)3,6,,3.0,4.62713623046875,14.457308769226074
reaction:38,P(Ph)3,4,,4.73,3.0985260009765625,15.925787925720215
reaction:39,AmPhos,3,,2.58,1.8725395202636719,13.576094627380371
reaction:40,P(Cy)3,4,,5.83,1.0426979064941406,15.819147109985352
reaction:41,P(o-Tol)3,1,,1.88,0.0548553466796875,15.37839126586914
reaction:42,CataCXium A,4,,3.69,3.929309844970703,15.035080909729004
reaction:43,SPhos,5,,53.34,57.116973876953125,15.489985466003418
reaction:45,XPhos,4,,60.67,63.858116149902344,14.686012268066406
reaction:49,P(tBu)3,1,,5.6,5.976459503173828,14.63107681274414
reaction:50,P(Ph)3,2,,4.82,5.015522003173828,16.028249740600586
reaction:51,AmPhos,0,,2.49,2.7281341552734375,12.525635719299316
reaction:52,P(Cy)3,3,,6.46,5.7736053466796875,15.218534469604492
reaction:53,P(o-Tol)3,2,,2.06,1.7526283264160156,13.880606651306152
reaction:54,CataCXium A,5,,3.22,4.1756591796875,14.85411262512207
reaction:55,SPhos,1,,78.42,82.422607421875,13.716680526733398
reaction:57,XPhos,2,,92.22,86.7989501953125,12.616679191589355
reaction:61,P(tBu)3,7,,7.08,10.860298156738281,14.26734447479248
reaction:62,P(Ph)3,3,,5.45,6.735740661621094,15.747637748718262
reaction:63,AmPhos,5,,1.99,2.986377716064453,13.364323616027832
reaction:64,P(Cy)3,0,,6.08,7.484626770019531,15.264328002929688
reaction:65,P(o-Tol)3,6,,2.45,0.6943740844726562,14.692268371582031
reaction:66,CataCXium A,5,,3.57,2.6752243041992188,14.919234275817871
reaction:67,SPhos,4,,85.77,82.33917236328125,14.000298500061035
reaction:69,XPhos,7,,92.83,88.35403442382812,13.487462043762207
reaction:73,P(tBu)3,0,,7.82,7.586444854736328,13.87238597869873
reaction:74,P(Ph)3,5,,6.14,5.724529266357422,15.338568687438965
reaction:75,AmPhos,2,,2.13,3.494312286376953,13.501020431518555
reaction:76,P(Cy)3,7,,5.05,9.706466674804688,15.625319480895996
reaction:77,P(o-Tol)3,6,,1.98,0.016101837158203125,14.798158645629883
reaction:78,CataCXium A,7,,4.47,5.631401062011719,14.864598274230957
reaction:79,SPhos,0,,78.96,80.81857299804688,13.004721641540527
reaction:81,XPhos,0,,90.3,86.47746276855469,13.051752090454102
reaction:85,P(tBu)3,2,,9.76,10.801963806152344,15.215570449829102
reaction:86,P(Ph)3,6,,4.15,6.009181976318359,16.509248733520508
reaction:87,AmPhos,1,,1.53,7.2565765380859375,14.9309663772583
reaction:88,P(Cy)3,7,,5.8,7.040630340576172,16.296470642089844
reaction:89,P(o-Tol)3,3,,2.65,-0.5854110717773438,14.687353134155273
reaction:90,CataCXium A,7,,4.43,9.790267944335938,15.6128511428833
reaction:91,SPhos,2,,66.8,73.8873291015625,14.382075309753418
reaction:93,XPhos,5,,78.23,75.56891632080078,15.681059837341309
reaction:97,P(tBu)3,7,,33.79,54.290016174316406,14.955835342407227
reaction:98,P(Ph)3,3,,8.08,13.5909423828125,15.723551750183105
reaction:99,AmPhos,7,,61.2,49.33855056762695,13.959304809570312
reaction:100,P(Cy)3,1,,69.94,66.15193176269531,16.835134506225586
reaction:101,P(o-Tol)3,2,,7.2,12.687816619873047,14.555249214172363
reaction:102,CataCXium A,3,,79.47,70.56664276123047,14.7543306350708
reaction:103,SPhos,2,,87.06,85.77515411376953,13.625702857971191
reaction:105,XPhos,4,,88.97,89.9454345703125,16.9064998626709
reaction:109,P(tBu)3,4,,66.74,55.45101547241211,14.8198881149292
reaction:110,P(Ph)3,1,,8.11,11.442764282226562,16.704326629638672
reaction:111,AmPhos,5,,57.48,53.30556106567383,13.52341079711914
reaction:112,P(Cy)3,1,,61.89,69.12771606445312,16.630882263183594
reaction:113,P(o-Tol)3,0,,2.23,13.442630767822266,14.397180557250977
reaction:114,CataCXium A,0,,70.45,67.63375091552734,14.500179290771484
reaction:115,SPhos,4,,79.85,68.7225112915039,16.620450973510742
reaction:117,XPhos,1,,80.77,74.35824584960938,13.722283363342285
reaction:121,P(tBu)3,5,,39.17,44.78744125366211,15.5090913772583
reaction:122,P(Ph)3,1,,7.24,6.591651916503906,17.375513076782227
reaction:123,AmPhos,2,,44.98,40.771942138671875,14.513232231140137
reaction:124,P(Cy)3,4,,50.95,65.72660827636719,16.253982543945312
reaction:125,P(o-Tol)3,3,,2.23,5.164524078369141,15.274112701416016
reaction:126,CataCXium A,7,,61.29,57.40297317504883,16.664451599121094
reaction:127,SPhos,7,,60.83,55.116580963134766,15.696075439453125
reaction:129,XPhos,4,,53.52,66.11088562011719,17.237262725830078
reaction:133,P(tBu)3,2,,41.23,42.462215423583984,15.26247787475586
reaction:134,P(Ph)3,5,,6.66,6.746650695800781,16.267719268798828
reaction:135,AmPhos,3,,33.02,42.43806076049805,13.84793758392334
reaction:136,P(Cy)3,1,,50.06,59.975582122802734,16.97767448425293
reaction:137,P(o-Tol)3,6,,2.68,-0.5551223754882812,15.138015747070312
reaction:138,CataCXium A,4,,55.85,60.56016159057617,15.451438903808594
reaction:139,SPhos,0,,47.94,55.91161346435547,14.891706466674805
reaction:141,XPhos,1,,52.33,57.81535339355469,14.352004051208496
reaction:145,P(tBu)3,4,,48.56,51.15656661987305,14.723519325256348
reaction:146,P(Ph)3,6,,7.77,7.848320007324219,15.840804100036621
reaction:147,AmPhos,5,,42.73,45.53607940673828,13.458653450012207
reaction:148,P(Cy)3,7,,55.08,66.90036010742188,16.1069393157959
reaction:149,P(o-Tol)3,3,,3.03,2.8811569213867188,14.262885093688965
reaction:150,CataCXium A,7,,62.33,62.68095779418945,15.396153450012207
reaction:151,SPhos,7,,73.31,73.53382873535156,13.98668384552002
reaction:153,XPhos,1,,72.0,80.35816955566406,13.638716697692871
reaction:157,P(tBu)3,5,,66.16,57.54494857788086,14.75451374053955
reaction:158,P(Ph)3,1,,9.92,14.867202758789062,16.7742862701416
reaction:159,AmPhos,6,,58.51,51.29449462890625,13.553386688232422
reaction:160,P(Cy)3,3,,78.15,54.988525390625,15.166658401489258
reaction:161,P(o-Tol)3,6,,5.12,9.122676849365234,14.790423393249512
reaction:162,CataCXium A,4,,62.02,68.02076721191406,14.752985954284668
reaction:163,SPhos,6,,85.95,82.33673095703125,13.386539459228516
reaction:165,XPhos,0,,85.21,85.73433685302734,14.207865715026855
reaction:169,P(tBu)3,2,,68.72,54.4080696105957,14.790936470031738
reaction:170,P(Ph)3,4,,10.16,16.237844467163086,16.098573684692383
reaction:171,AmPhos,1,,48.8,55.412498474121094,13.213024139404297
reaction:172,P(Cy)3,6,,82.65,58.84151840209961,15.627307891845703
reaction:173,P(o-Tol)3,0,,5.97,14.486320495605469,14.502336502075195
reaction:174,CataCXium A,7,,80.74,65.39692687988281,15.519024848937988
reaction:175,SPhos,4,,87.82,81.447509765625,16.737716674804688
reaction:177,XPhos,6,,88.93,88.21932983398438,13.335491180419922
reaction:181,P(tBu)3,3,,67.57,60.045265197753906,15.042071342468262
reaction:182,P(Ph)3,4,,9.44,15.347919464111328,16.768651962280273
reaction:183,AmPhos,5,,64.56,55.72615432739258,14.507283210754395
reaction:184,P(Cy)3,2,,73.97,65.35358428955078,16.562442779541016
reaction:185,P(o-Tol)3,7,,4.81,21.498186111450195,15.47540283203125
reaction:186,CataCXium A,2,,83.62,72.12195587158203,16.309951782226562
reaction:187,SPhos,1,,89.17,81.68121337890625,14.915738105773926
reaction:189,XPhos,2,,91.35,85.01338195800781,14.691126823425293
reaction:193,P(tBu)3,3,,17.33,15.39278793334961,14.808021545410156
reaction:194,P(Ph)3,2,,6.27,5.804050445556641,16.192476272583008
reaction:195,AmPhos,5,,5.34,10.361946105957031,13.71571159362793
reaction:196,P(Cy)3,4,,12.74,12.893253326416016,15.810707092285156
reaction:197,P(o-Tol)3,0,,5.37,3.370830535888672,14.680846214294434
reaction:198,CataCXium A,4,,8.6,8.577201843261719,15.072456359863281
reaction:199,SPhos,5,,77.85,84.13485717773438,14.66653823852539
reaction:201,XPhos,2,,88.28,77.552490234375,13.456084251403809
reaction:205,P(tBu)3,7,,3.5,13.803855895996094,14.63403606414795
reaction:206,P(Ph)3,7,,6.84,6.699069976806641,15.885977745056152
reaction:207,AmPhos,7,,2.54,5.001625061035156,13.836318969726562
reaction:208,P(Cy)3,4,,10.59,12.863765716552734,15.468304634094238
reaction:209,P(o-Tol)3,4,,1.19,-1.2779083251953125,14.150883674621582
reaction:210,CataCXium A,0,,7.85,7.883293151855469,14.022725105285645
reaction:211,SPhos,0,,42.13,66.94644165039062,13.12131404876709
reaction:213,XPhos,0,,37.01,67.67137145996094,13.274651527404785
reaction:217,P(tBu)3,7,,1.22,10.376983642578125,16.161592483520508
reaction:218,P(Ph)3,0,,6.24,20.093050003051758,16.478113174438477
reaction:219,AmPhos,3,,4.25,2.2903480529785156,14.622773170471191
reaction:220,P(Cy)3,3,,42.54,13.431007385253906,16.610124588012695
reaction:221,P(o-Tol)3,7,,1.05,2.4379348754882812,16.11544418334961
reaction:222,CataCXium A,3,,12.89,11.805976867675781,15.71413803100586
reaction:223,SPhos,7,,63.88,60.70575714111328,15.436842918395996
reaction:225,XPhos,5,,60.88,63.111000061035156,15.4176607131958
reaction:229,P(tBu)3,5,,3.69,10.223724365234375,14.900582313537598
reaction:230,P(Ph)3,5,,5.3,5.604129791259766,16.133943557739258
reaction:231,AmPhos,3,,5.08,3.115978240966797,14.230172157287598
reaction:232,P(Cy)3,3,,6.97,10.255569458007812,16.3416748046875
reaction:233,P(o-Tol)3,1,,0.99,2.4903793334960938,15.45242977142334
reaction:234,CataCXium A,5,,11.91,8.00204086303711,15.475671768188477
reaction:235,SPhos,1,,39.83,44.66522979736328,14.0156888961792
reaction:237,XPhos,6,,39.49,46.74709701538086,14.421533584594727
reaction:241,P(tBu)3,0,,13.55,7.104637145996094,14.12873649597168
reaction:242,P(Ph)3,2,,4.36,4.545722961425781,15.861370086669922
reaction:243,AmPhos,3,,3.3,6.353778839111328,13.520663261413574
reaction:244,P(Cy)3,3,,7.47,10.227680206298828,15.872130393981934
reaction:245,P(o-Tol)3,7,,3.54,2.565593719482422,14.45124626159668
reaction:246,CataCXium A,1,,10.67,7.4295654296875,15.417957305908203
reaction:247,SPhos,7,,62.77,66.12740325927734,13.60304069519043
reaction:249,XPhos,0,,79.14,60.88652420043945,13.023507118225098
reaction:253,P(tBu)3,0,,23.07,11.076663970947266,14.297679901123047
reaction:254,P(Ph)3,7,,7.07,4.666767120361328,15.918643951416016
reaction:255,AmPhos,4,,4.12,9.896080017089844,12.909693717956543
reaction:256,P(Cy)3,0,,6.71,12.773700714111328,15.482218742370605
reaction:257,P(o-Tol)3,0,,2.67,0.7003860473632812,14.326379776000977
reaction:258,CataCXium A,1,,6.27,5.724983215332031,15.571328163146973
reaction:259,SPhos,6,,71.54,55.94766616821289,13.706552505493164
reaction:261,XPhos,3,,61.47,62.989013671875,14.109563827514648
reaction:265,P(tBu)3,0,,17.9,10.610050201416016,14.360843658447266
reaction:266,P(Ph)3,4,,4.61,5.902896881103516,15.634391784667969
reaction:267,AmPhos,3,,4.6,7.348400115966797,13.749776840209961
reaction:268,P(Cy)3,7,,7.56,13.274829864501953,15.81043815612793
reaction:269,P(o-Tol)3,5,,2.56,1.4898910522460938,13.97681713104248
reaction:270,CataCXium A,3,,6.26,10.353233337402344,14.898660659790039
reaction:271,SPhos,4,,72.84,58.42316436767578,13.657899856567383
reaction:273,XPhos,2,,67.48,64.49549102783203,13.217577934265137
reaction:277,P(tBu)3,1,,19.08,14.743400573730469,15.51986026763916
reaction:278,P(Ph)3,6,,4.88,4.507579803466797,16.415626525878906
reaction:279,AmPhos,4,,5.43,10.150630950927734,14.234210014343262
reaction:280,P(Cy)3,4,,7.06,12.914237976074219,16.30478286743164
reaction:281,P(o-Tol)3,3,,1.22,2.1723709106445312,14.972064971923828
reaction:282,CataCXium A,5,,8.89,10.12044906616211,15.705449104309082
reaction:283,SPhos,2,,49.12,47.583106994628906,14.456788063049316
reaction:285,XPhos,0,,43.52,52.16642379760742,14.355936050415039
reaction:289,P(tBu)3,0,,33.37,27.752037048339844,16.74955177307129
reaction:290,P(Ph)3,0,,15.35,24.230955123901367,16.264036178588867
reaction:291,AmPhos,7,,30.96,27.536537170410156,13.04206371307373
reaction:292,P(Cy)3,7,,32.72,21.68086051940918,15.711930274963379
reaction:293,P(o-Tol)3,0,,34.24,18.52373695373535,16.29936981201172
reaction:294,CataCXium A,2,,14.91,41.1965446472168,15.78161334991455
reaction:295,SPhos,5,,43.3,34.62871551513672,15.67117977142334
reaction:297,XPhos,3,,37.65,48.572662353515625,14.651805877685547
reaction:301,P(tBu)3,1,,27.3,16.267080307006836,14.786988258361816
reaction:302,P(Ph)3,1,,37.47,19.03697967529297,16.6514892578125
reaction:303,AmPhos,3,,13.08,22.930309295654297,14.052926063537598
reaction:304,P(Cy)3,2,,27.89,31.998567581176758,15.331093788146973
reaction:305,P(o-Tol)3,5,,14.4,18.584287643432617,14.757308006286621
reaction:306,CataCXium A,0,,25.15,19.315994262695312,16.693113327026367
reaction:307,SPhos,5,,16.51,22.362422943115234,15.236248016357422
reaction:309,XPhos,2,,30.98,25.81773567199707,15.021880149841309
reaction:313,P(tBu)3,3,,28.45,24.63698959350586,15.818100929260254
reaction:314,P(Ph)3,1,,13.64,20.024667739868164,17.468753814697266
reaction:315,AmPhos,3,,31.82,26.477537155151367,15.268997192382812
reaction:316,P(Cy)3,6,,30.94,24.253520965576172,16.885042190551758
reaction:317,P(o-Tol)3,7,,31.98,23.92504119873047,15.489087104797363
reaction:318,CataCXium A,2,,28.13,37.72494888305664,16.3850040435791
reaction:319,SPhos,2,,18.42,22.94647216796875,16.086929321289062
reaction:321,XPhos,5,,35.0,19.138874053955078,16.19692611694336
reaction:325,P(tBu)3,7,,26.85,15.953125,15.047938346862793
reaction:326,P(Ph)3,3,,15.5,18.64400863647461,15.914398193359375
reaction:327,AmPhos,2,,12.57,19.677654266357422,14.569132804870605
reaction:328,P(Cy)3,7,,14.4,23.6672306060791,16.17194175720215
reaction:329,P(o-Tol)3,1,,13.04,17.743043899536133,15.401247024536133
reaction:330,CataCXium A,7,,15.23,23.285079956054688,15.783543586730957
reaction:331,SPhos,2,,22.25,20.198820114135742,15.628763198852539
reaction:333,XPhos,1,,22.24,32.7825927734375,14.914850234985352
reaction:337,P(tBu)3,0,,14.91,23.549776077270508,16.353147506713867
reaction:338,P(Ph)3,4,,18.37,21.879104614257812,15.951786041259766
reaction:339,AmPhos,6,,22.52,17.381591796875,13.144207954406738
reaction:340,P(Cy)3,4,,39.31,24.1176815032959,14.828181266784668
reaction:341,P(o-Tol)3,1,,18.24,22.06048583984375,14.91520881652832
reaction:342,CataCXium A,0,,30.77,25.119165420532227,16.64079475402832
reaction:343,SPhos,0,,19.02,33.111541748046875,14.585844039916992
reaction:345,XPhos,6,,40.25,36.75650405883789,14.271210670471191
reaction:349,P(tBu)3,6,,12.85,20.43457794189453,14.27052116394043
reaction:350,P(Ph)3,7,,22.93,16.37287139892578,16.26952362060547
reaction:351,AmPhos,5,,12.79,14.494243621826172,13.41604995727539
reaction:352,P(Cy)3,5,,13.31,29.33148193359375,15.57336139678955
reaction:353,P(o-Tol)3,1,,11.64,15.511619567871094,15.038851737976074
reaction:354,CataCXium A,2,,13.56,24.75857925415039,15.520218849182129
reaction:355,SPhos,6,,16.83,38.37846374511719,14.680870056152344
reaction:357,XPhos,6,,27.33,46.724674224853516,14.68520450592041
reaction:361,P(tBu)3,2,,12.62,17.616512298583984,15.166746139526367
reaction:362,P(Ph)3,4,,17.43,24.670040130615234,16.027463912963867
reaction:363,AmPhos,4,,13.35,17.101093292236328,12.661746978759766
reaction:364,P(Cy)3,5,,27.89,30.052398681640625,15.609959602355957
reaction:365,P(o-Tol)3,5,,14.65,17.78673553466797,14.809453964233398
reaction:366,CataCXium A,3,,31.02,21.554990768432617,15.612826347351074
reaction:367,SPhos,4,,18.02,19.92740249633789,14.142260551452637
reaction:369,XPhos,5,,32.86,20.552602767944336,15.39819622039795
reaction:373,P(tBu)3,0,,13.88,21.900867462158203,17.07662010192871
reaction:374,P(Ph)3,0,,14.7,16.309261322021484,16.669700622558594
reaction:375,AmPhos,0,,32.25,22.16842269897461,16.178829193115234
reaction:376,P(Cy)3,5,,17.65,28.801013946533203,16.320825576782227
reaction:377,P(o-Tol)3,1,,16.99,28.07872200012207,15.914237976074219
reaction:378,CataCXium A,3,,41.59,23.900806427001953,16.32273292541504
reaction:379,SPhos,0,,21.47,23.805335998535156,15.598831176757812
reaction:381,XPhos,5,,37.87,19.52652931213379,16.000656127929688
reaction:385,P(tBu)3,6,,79.31,88.7115478515625,14.320028305053711
reaction:386,P(Ph)3,0,,85.43,87.74053955078125,14.382562637329102
reaction:387,AmPhos,1,,86.82,86.99317932128906,13.158480644226074
reaction:388,P(Cy)3,3,,75.98,80.47434997558594,14.20307445526123
reaction:389,P(o-Tol)3,2,,41.8,43.51478576660156,14.813223838806152
reaction:390,CataCXium A,0,,96.38,94.99853515625,14.846885681152344
reaction:391,SPhos,1,,92.63,77.75313568115234,13.633886337280273
reaction:393,XPhos,1,,90.21,68.01598358154297,13.663653373718262
reaction:397,P(tBu)3,1,,93.3,80.12481689453125,13.465021133422852
reaction:398,P(Ph)3,3,,90.89,82.83525848388672,14.614982604980469
reaction:399,AmPhos,3,,93.44,84.66726684570312,13.148003578186035
reaction:400,P(Cy)3,0,,86.13,76.02259826660156,13.926206588745117
reaction:401,P(o-Tol)3,1,,28.22,41.04766082763672,13.196897506713867
reaction:402,CataCXium A,0,,93.94,84.00113677978516,14.34235668182373
reaction:403,SPhos,0,,71.11,66.49234008789062,12.989954948425293
reaction:405,XPhos,7,,56.96,59.833377838134766,12.990523338317871
reaction:409,P(tBu)3,2,,76.51,60.010345458984375,15.362520217895508
reaction:410,P(Ph)3,6,,68.5,79.43524169921875,15.907768249511719
reaction:411,AmPhos,0,,83.6,84.80401611328125,13.751453399658203
reaction:412,P(Cy)3,0,,71.0,70.11508178710938,15.271949768066406
reaction:413,P(o-Tol)3,7,,39.98,44.41926574707031,15.493722915649414
reaction:414,CataCXium A,5,,84.02,87.51658630371094,15.15529727935791
reaction:415,SPhos,3,,46.81,63.90319061279297,14.426685333251953
reaction:417,XPhos,6,,46.08,50.13032531738281,15.06039047241211
reaction:421,P(tBu)3,6,,67.14,74.10255432128906,14.727689743041992
reaction:422,P(Ph)3,7,,62.56,72.56607055664062,14.731424331665039
reaction:423,AmPhos,1,,77.71,77.35855102539062,13.575222969055176
reaction:424,P(Cy)3,6,,48.17,52.619991302490234,15.275832176208496
reaction:425,P(o-Tol)3,2,,30.4,27.449914932250977,15.068231582641602
reaction:426,CataCXium A,5,,82.69,76.41471862792969,15.109539031982422
reaction:427,SPhos,6,,36.08,49.71500778198242,14.144041061401367
reaction:429,XPhos,4,,34.03,44.222496032714844,14.389764785766602
reaction:433,P(tBu)3,3,,78.75,81.8703384399414,13.763020515441895
reaction:434,P(Ph)3,1,,76.72,80.92461395263672,13.509102821350098
reaction:435,AmPhos,5,,87.47,87.434326171875,13.147886276245117
reaction:436,P(Cy)3,4,,63.2,79.54621887207031,13.629390716552734
reaction:437,P(o-Tol)3,7,,40.06,42.31126403808594,13.767899513244629
reaction:438,CataCXium A,2,,95.57,94.92738342285156,15.004524230957031
reaction:439,SPhos,3,,71.71,82.2606201171875,13.338898658752441
reaction:441,XPhos,7,,74.15,68.18663787841797,13.006122589111328
reaction:445,P(tBu)3,0,,90.99,93.25614166259766,13.192923545837402
reaction:446,P(Ph)3,3,,96.76,84.74201965332031,14.847067832946777
reaction:447,AmPhos,2,,91.93,92.0503158569336,13.984831809997559
reaction:448,P(Cy)3,6,,87.49,87.83854675292969,14.887075424194336
reaction:449,P(o-Tol)3,7,,34.73,47.446556091308594,13.811483383178711
reaction:450,CataCXium A,4,,95.88,92.85137939453125,13.636983871459961
reaction:451,SPhos,4,,92.53,79.40049743652344,13.684283256530762
reaction:453,XPhos,6,,75.54,73.27435302734375,13.491089820861816
reaction:457,P(tBu)3,7,,91.95,91.04463195800781,13.931676864624023
reaction:458,P(Ph)3,4,,88.9,86.21424102783203,14.365591049194336
reaction:459,AmPhos,4,,91.32,87.79556274414062,13.036019325256348
reaction:460,P(Cy)3,7,,90.6,75.66629028320312,13.560218811035156
reaction:461,P(o-Tol)3,0,,25.72,43.55275344848633,13.478707313537598
reaction:462,CataCXium A,5,,96.05,90.93057250976562,14.582579612731934
reaction:463,SPhos,7,,81.16,68.76815032958984,12.882888793945312
reaction:465,XPhos,6,,64.3,64.8409423828125,13.510392189025879
reaction:469,P(tBu)3,6,,91.09,92.5362548828125,14.640279769897461
reaction:470,P(Ph)3,5,,83.34,79.39108276367188,15.105583190917969
reaction:471,AmPhos,3,,90.34,85.12652587890625,14.32900619506836
reaction:472,P(Cy)3,6,,67.73,66.74421691894531,15.866263389587402
reaction:473,P(o-Tol)3,0,,21.43,40.176578521728516,14.717329978942871
reaction:474,CataCXium A,0,,91.81,84.36572265625,15.454240798950195
reaction:475,SPhos,2,,61.6,52.49122619628906,14.252553939819336
reaction:477,XPhos,3,,42.69,51.567195892333984,14.519661903381348
reaction:481,P(tBu)3,1,,87.82,85.49360656738281,13.854602813720703
reaction:482,P(Ph)3,4,,90.21,91.7545394897461,14.880881309509277
reaction:483,AmPhos,2,,86.25,90.84479522705078,14.975014686584473
reaction:484,P(Cy)3,2,,78.26,70.59419250488281,14.409756660461426
reaction:485,P(o-Tol)3,1,,70.18,60.515750885009766,14.373722076416016
reaction:486,CataCXium A,3,,96.57,98.3255615234375,14.470372200012207
reaction:487,SPhos,2,,72.44,77.79997253417969,13.975203514099121
reaction:489,XPhos,4,,71.64,65.51561737060547,14.436444282531738
reaction:493,P(tBu)3,2,,93.99,89.32601928710938,14.736246109008789
reaction:494,P(Ph)3,6,,95.93,91.15498352050781,15.13360595703125
reaction:495,AmPhos,1,,91.69,88.85917663574219,12.99159049987793
reaction:496,P(Cy)3,4,,74.19,72.38375854492188,14.866989135742188
reaction:497,P(o-Tol)3,3,,56.2,56.620052337646484,14.259276390075684
reaction:498,CataCXium A,3,,96.89,90.71546173095703,14.043295860290527
reaction:499,SPhos,1,,67.2,50.78059768676758,13.882285118103027
reaction:501,XPhos,1,,48.37,42.59228515625,13.960558891296387
reaction:505,P(tBu)3,2,,72.82,62.734580993652344,15.843706130981445
reaction:506,P(Ph)3,6,,75.08,72.68608093261719,16.565513610839844
reaction:507,AmPhos,2,,74.79,70.78384399414062,15.745368003845215
reaction:508,P(Cy)3,6,,55.51,56.69036865234375,15.949392318725586
reaction:509,P(o-Tol)3,2,,51.71,46.782222747802734,16.13054084777832
reaction:510,CataCXium A,2,,75.62,82.6942138671875,15.555872917175293
reaction:511,SPhos,1,,32.56,29.124221801757812,15.267309188842773
reaction:513,XPhos,2,,19.33,30.354955673217773,14.858784675598145
reaction:517,P(tBu)3,3,,60.2,66.98492431640625,14.391427040100098
reaction:518,P(Ph)3,1,,70.78,64.45743560791016,14.47836971282959
reaction:519,AmPhos,7,,70.16,67.16259765625,14.149577140808105
reaction:520,P(Cy)3,4,,34.61,48.37385940551758,15.464694023132324
reaction:521,P(o-Tol)3,2,,34.54,40.4952392578125,15.566932678222656
reaction:522,CataCXium A,0,,79.66,77.71086883544922,14.865606307983398
reaction:523,SPhos,4,,34.88,36.533782958984375,14.735624313354492
reaction:525,XPhos,4,,24.48,29.98576545715332,14.804303169250488
reaction:529,P(tBu)3,2,,66.68,78.97775268554688,14.796884536743164
reaction:530,P(Ph)3,3,,73.8,75.77386474609375,14.017142295837402
reaction:531,AmPhos,2,,75.63,80.23725891113281,14.711071968078613
reaction:532,P(Cy)3,5,,44.1,61.227027893066406,14.257665634155273
reaction:533,P(o-Tol)3,2,,52.45,53.59809875488281,15.09669017791748
reaction:534,CataCXium A,1,,87.88,86.17893981933594,13.515501976013184
reaction:535,SPhos,1,,51.15,55.82004928588867,13.874669075012207
reaction:537,XPhos,1,,50.12,48.97386169433594,13.941608428955078
reaction:541,P(tBu)3,0,,92.77,92.2718505859375,13.467501640319824
reaction:542,P(Ph)3,5,,87.78,90.19087219238281,14.424241065979004
reaction:543,AmPhos,3,,89.22,90.67965698242188,13.728955268859863
reaction:544,P(Cy)3,5,,73.6,73.93311309814453,14.473567008972168
reaction:545,P(o-Tol)3,1,,73.33,55.90090560913086,14.163901329040527
reaction:546,CataCXium A,1,,97.29,93.37760925292969,13.700284957885742
reaction:547,SPhos,5,,68.32,65.39649963378906,13.621726036071777
reaction:549,XPhos,2,,45.58,63.01757049560547,13.703592300415039
reaction:553,P(tBu)3,0,,94.67,88.62854766845703,13.56159782409668
reaction:554,P(Ph)3,6,,94.88,91.94660186767578,15.299765586853027
reaction:555,AmPhos,2,,91.88,84.73518371582031,14.766772270202637
reaction:556,P(Cy)3,1,,80.43,75.11795043945312,14.035451889038086
reaction:557,P(o-Tol)3,7,,41.28,65.92678833007812,14.10558795928955
reaction:558,CataCXium A,6,,97.83,94.06118774414062,14.455192565917969
reaction:559,SPhos,0,,70.45,69.70191955566406,13.294046401977539
reaction:561,XPhos,1,,60.95,61.41160583496094,14.111400604248047
reaction:565,P(tBu)3,1,,92.98,92.9070816040039,14.413698196411133
reaction:566,P(Ph)3,2,,95.48,93.84326171875,15.175890922546387
reaction:567,AmPhos,4,,92.22,92.87419128417969,14.152395248413086
reaction:568,P(Cy)3,4,,81.47,72.47886657714844,15.862556457519531
reaction:569,P(o-Tol)3,1,,65.14,54.767982482910156,14.744365692138672
reaction:570,CataCXium A,0,,97.86,97.49540710449219,15.233895301818848
reaction:571,SPhos,4,,61.39,66.73824310302734,14.902055740356445
reaction:573,XPhos,0,,63.04,51.44558334350586,14.474715232849121
reaction:577,P(tBu)3,1,,72.57,58.719444274902344,13.85400104522705
reaction:578,P(Ph)3,0,,75.94,79.2839126586914,14.590625762939453
reaction:579,AmPhos,4,,66.37,66.09716796875,13.393641471862793
reaction:580,P(Cy)3,7,,55.56,55.67643737792969,13.587125778198242
reaction:581,P(o-Tol)3,0,,17.1,32.42910385131836,14.307044982910156
reaction:582,CataCXium A,5,,81.09,68.27626037597656,14.770837783813477
reaction:583,SPhos,0,,59.55,49.45018768310547,14.034728050231934
reaction:585,XPhos,6,,26.44,47.73705291748047,13.622714042663574
reaction:589,P(tBu)3,1,,13.2,31.235769271850586,13.6117582321167
reaction:590,P(Ph)3,4,,84.39,78.5703125,14.469219207763672
reaction:591,AmPhos,7,,29.98,41.58611297607422,13.666322708129883
reaction:592,P(Cy)3,6,,37.34,54.49409484863281,14.178771018981934
reaction:593,P(o-Tol)3,3,,11.56,1.6773872375488281,13.842934608459473
reaction:594,CataCXium A,0,,50.79,60.40829086303711,14.125436782836914
reaction:595,SPhos,1,,27.28,33.764060974121094,13.08190631866455
reaction:597,XPhos,6,,10.88,23.370573043823242,13.311921119689941
reaction:601,P(tBu)3,0,,9.48,31.06917953491211,14.90161418914795
reaction:602,P(Ph)3,7,,84.61,76.44264221191406,15.424888610839844
reaction:603,AmPhos,2,,57.94,43.26747131347656,15.183380126953125
reaction:604,P(Cy)3,5,,57.56,55.42506790161133,15.551587104797363
reaction:605,P(o-Tol)3,6,,14.51,29.302473068237305,14.62111759185791
reaction:606,CataCXium A,2,,80.36,75.34708404541016,15.858372688293457
reaction:607,SPhos,1,,62.26,48.11693572998047,14.497986793518066
reaction:609,XPhos,7,,44.81,38.2308235168457,14.87067985534668
reaction:613,P(tBu)3,1,,50.79,41.23052978515625,14.052082061767578
reaction:614,P(Ph)3,7,,72.94,69.54257202148438,14.69560718536377
reaction:615,AmPhos,5,,56.65,57.134300231933594,14.001439094543457
reaction:616,P(Cy)3,1,,29.96,35.69068145751953,14.20533561706543
reaction:617,P(o-Tol)3,3,,16.2,16.69845962524414,14.462502479553223
reaction:618,CataCXium A,3,,65.71,66.6769027709961,14.914104461669922
reaction:619,SPhos,7,,22.24,32.198577880859375,13.836894989013672
reaction:621,XPhos,5,,29.35,9.219490051269531,14.09133529663086
reaction:625,P(tBu)3,6,,49.15,50.22273635864258,14.03619384765625
reaction:626,P(Ph)3,5,,80.18,76.8454818725586,14.182513236999512
reaction:627,AmPhos,7,,67.22,59.872596740722656,13.530638694763184
reaction:628,P(Cy)3,0,,60.71,50.98552703857422,14.201642036437988
reaction:629,P(o-Tol)3,0,,20.57,27.256689071655273,13.511391639709473
reaction:630,CataCXium A,1,,84.99,73.11463928222656,13.501851081848145
reaction:631,SPhos,3,,62.66,45.835235595703125,13.204703330993652
reaction:633,XPhos,5,,30.55,38.365440368652344,13.672658920288086
reaction:637,P(tBu)3,4,,82.07,57.91887283325195,13.805745124816895
reaction:638,P(Ph)3,4,,81.23,83.84698486328125,14.58028507232666
reaction:639,AmPhos,7,,59.02,70.21142578125,13.672632217407227
reaction:640,P(Cy)3,0,,64.13,56.7151985168457,14.14285659790039
reaction:641,P(o-Tol)3,2,,16.87,27.246551513671875,14.543560028076172
reaction:642,CataCXium A,2,,77.38,75.43363189697266,14.9557523727417
reaction:643,SPhos,0,,48.5,40.59714126586914,13.478652000427246
reaction:645,XPhos,4,,18.95,33.71476745605469,13.670806884765625
reaction:649,P(tBu)3,2,,66.97,62.071556091308594,14.304769515991211
reaction:650,P(Ph)3,2,,69.58,75.40135955810547,14.160351753234863
reaction:651,AmPhos,1,,50.06,64.67395782470703,13.27807331085205
reaction:652,P(Cy)3,5,,38.25,48.051971435546875,14.588698387145996
reaction:653,P(o-Tol)3,1,,23.23,11.881702423095703,13.631508827209473
reaction:654,CataCXium A,3,,65.03,67.42623901367188,14.61315631866455
reaction:655,SPhos,5,,22.76,36.822853088378906,13.712444305419922
reaction:657,XPhos,7,,22.27,13.785697937011719,13.13451862335205
reaction:661,P(tBu)3,5,,68.5,62.463356018066406,14.533560752868652
reaction:662,P(Ph)3,1,,72.85,66.50802612304688,14.93216609954834
reaction:663,AmPhos,1,,57.54,63.28817367553711,13.82225513458252
reaction:664,P(Cy)3,4,,28.7,42.00603485107422,15.038097381591797
reaction:665,P(o-Tol)3,4,,17.91,13.59197998046875,14.613119125366211
reaction:666,CataCXium A,1,,62.32,59.98556137084961,14.767024993896484
reaction:667,SPhos,0,,20.77,24.394107818603516,14.555076599121094
reaction:669,XPhos,4,,15.1,11.463325500488281,14.683385848999023
reaction:673,P(tBu)3,4,,85.05,76.79798889160156,14.03936767578125
reaction:674,P(Ph)3,6,,92.8,93.81285095214844,15.23499584197998
reaction:675,AmPhos,1,,77.34,84.24569702148438,13.463933944702148
reaction:676,P(Cy)3,5,,91.24,88.8073959350586,15.1824369430542
reaction:677,P(o-Tol)3,2,,87.0,87.99092864990234,15.00130558013916
reaction:678,CataCXium A,0,,91.58,84.3575439453125,13.983427047729492
reaction:679,SPhos,4,,92.88,88.45586395263672,14.9650239944458
reaction:681,XPhos,4,,91.27,83.50662231445312,15.002594947814941
reaction:685,P(tBu)3,1,,77.88,72.67608642578125,13.980926513671875
reaction:686,P(Ph)3,0,,92.6,91.514892578125,14.540753364562988
reaction:687,AmPhos,1,,81.73,78.88121795654297,13.173227310180664
reaction:688,P(Cy)3,4,,92.24,84.59095764160156,14.715975761413574
reaction:689,P(o-Tol)3,2,,93.79,86.73974609375,14.627588272094727
reaction:690,CataCXium A,6,,86.98,88.56262969970703,15.28055477142334
reaction:691,SPhos,2,,85.69,79.35874938964844,13.926822662353516
reaction:693,XPhos,6,,82.19,74.94139862060547,13.32686996459961
reaction:697,P(tBu)3,0,,69.56,72.43753051757812,14.700111389160156
reaction:698,P(Ph)3,7,,75.46,73.8394775390625,15.944161415100098
reaction:699,AmPhos,3,,75.58,76.77352142333984,14.460482597351074
reaction:700,P(Cy)3,2,,75.43,74.00350189208984,15.186307907104492
reaction:701,P(o-Tol)3,2,,87.41,76.05615997314453,15.467609405517578
reaction:702,CataCXium A,2,,80.5,77.10460662841797,15.669526100158691
reaction:703,SPhos,7,,56.64,50.82612228393555,15.140493392944336
reaction:705,XPhos,3,,45.64,55.491600036621094,14.262229919433594
reaction:709,P(tBu)3,3,,84.62,74.83518981933594,14.28321361541748
reaction:710,P(Ph)3,1,,94.67,89.25990295410156,15.150736808776855
reaction:711,AmPhos,7,,76.31,85.62156677246094,13.611660957336426
reaction:712,P(Cy)3,1,,88.84,84.65784454345703,15.279638290405273
reaction:713,P(o-Tol)3,4,,90.31,88.13054656982422,14.831927299499512
reaction:714,CataCXium A,2,,89.42,85.55760955810547,15.381818771362305
reaction:715,SPhos,3,,92.54,87.37260437011719,14.107112884521484
reaction:717,XPhos,0,,90.69,81.26657104492188,13.9342622756958
reaction:721,P(tBu)3,0,,81.33,76.29341888427734,13.455070495605469
reaction:722,P(Ph)3,2,,92.61,89.63934326171875,14.315323829650879
reaction:723,AmPhos,0,,71.62,82.90980529785156,13.031023025512695
reaction:724,P(Cy)3,4,,89.74,84.30799865722656,14.669317245483398
reaction:725,P(o-Tol)3,4,,88.24,87.36602783203125,14.00317096710205
reaction:726,CataCXium A,6,,85.46,86.8176040649414,15.210412979125977
reaction:727,SPhos,3,,91.14,89.30815124511719,13.187411308288574
reaction:729,XPhos,1,,90.55,84.51737976074219,13.152277946472168
reaction:733,P(tBu)3,5,,82.44,76.18376159667969,14.22207260131836
reaction:734,P(Ph)3,0,,92.9,96.01026153564453,14.68676471710205
reaction:735,AmPhos,0,,69.6,84.49718475341797,13.055031776428223
reaction:736,P(Cy)3,3,,89.34,91.324462890625,14.683225631713867
reaction:737,P(o-Tol)3,0,,88.09,91.24629211425781,13.883583068847656
reaction:738,CataCXium A,6,,85.58,83.25833129882812,15.48385238647461
reaction:739,SPhos,4,,92.27,88.70359802246094,14.465682029724121
reaction:741,XPhos,4,,90.62,84.22956848144531,14.508140563964844
reaction:745,P(tBu)3,1,,74.15,69.91625213623047,14.01915168762207
reaction:746,P(Ph)3,5,,82.99,83.92994689941406,14.834887504577637
reaction:747,AmPhos,7,,73.01,74.86939239501953,13.004321098327637
reaction:748,P(Cy)3,3,,75.99,77.0826416015625,14.730684280395508
reaction:749,P(o-Tol)3,7,,85.28,81.38639831542969,13.864361763000488
reaction:750,CataCXium A,6,,82.84,84.10020446777344,15.43193244934082
reaction:751,SPhos,1,,58.79,64.21366119384766,13.410743713378906
reaction:753,XPhos,2,,52.37,61.2258415222168,14.131120681762695
reaction:757,P(tBu)3,5,,53.8,60.578121185302734,15.280351638793945
reaction:758,P(Ph)3,2,,62.78,60.17771530151367,15.434760093688965
reaction:759,AmPhos,6,,61.57,56.816184997558594,15.09918212890625
reaction:760,P(Cy)3,2,,52.54,62.734466552734375,15.277074813842773
reaction:761,P(o-Tol)3,0,,63.78,66.57334899902344,14.777649879455566
reaction:762,CataCXium A,7,,62.37,66.93975067138672,14.630615234375
reaction:763,SPhos,5,,36.2,56.229759216308594,14.819328308105469
reaction:765,XPhos,5,,26.69,52.37704086303711,14.8195161819458
reaction:769,P(tBu)3,4,,56.38,65.34996032714844,14.34273910522461
reaction:770,P(Ph)3,3,,96.6,93.5847396850586,14.432124137878418
reaction:771,AmPhos,3,,83.79,80.52983856201172,14.096375465393066
reaction:772,P(Cy)3,6,,87.57,76.49481964111328,14.883769989013672
reaction:773,P(o-Tol)3,0,,69.99,67.32240295410156,14.087303161621094
reaction:774,CataCXium A,3,,91.47,91.9731674194336,14.88106918334961
reaction:775,SPhos,3,,91.47,86.14444732666016,14.411291122436523
reaction:777,XPhos,1,,92.69,82.92475128173828,14.293331146240234
reaction:781,P(tBu)3,4,,66.86,71.85025024414062,13.859314918518066
reaction:782,P(Ph)3,5,,98.53,102.21763610839844,14.382974624633789
reaction:783,AmPhos,7,,94.26,86.99380493164062,13.309599876403809
reaction:784,P(Cy)3,6,,93.05,87.17330932617188,14.62613296508789
reaction:785,P(o-Tol)3,7,,78.44,64.60321044921875,13.502602577209473
reaction:786,CataCXium A,6,,92.77,92.32268524169922,14.690739631652832
reaction:787,SPhos,6,,78.31,77.65164184570312,13.599549293518066
reaction:789,XPhos,6,,78.08,76.07223510742188,13.59726619720459
reaction:793,P(tBu)3,7,,66.13,58.70541763305664,15.543347358703613
reaction:794,P(Ph)3,1,,96.49,86.52766418457031,15.850337028503418
reaction:795,AmPhos,6,,93.69,93.90541076660156,14.247069358825684
reaction:796,P(Cy)3,2,,76.46,91.40194702148438,15.243160247802734
reaction:797,P(o-Tol)3,6,,61.39,74.77458190917969,15.14641284942627
reaction:798,CataCXium A,2,,88.31,99.47981262207031,15.309298515319824
reaction:799,SPhos,7,,45.46,70.97483825683594,15.301189422607422
reaction:801,XPhos,7,,66.46,70.35807800292969,15.21824836730957
reaction:805,P(tBu)3,2,,70.25,54.522071838378906,14.373034477233887
reaction:806,P(Ph)3,6,,87.68,83.7210464477539,15.737345695495605
reaction:807,AmPhos,6,,87.91,89.63381958007812,14.029398918151855
reaction:808,P(Cy)3,3,,41.08,71.64585876464844,14.580512046813965
reaction:809,P(o-Tol)3,6,,44.26,66.08328247070312,15.048849105834961
reaction:810,CataCXium A,0,,82.41,73.63658905029297,15.07104778289795
reaction:811,SPhos,0,,44.11,57.44287109375,14.198453903198242
reaction:813,XPhos,1,,47.08,54.927528381347656,14.16694450378418
reaction:817,P(tBu)3,7,,68.06,65.95118713378906,14.118908882141113
reaction:818,P(Ph)3,0,,96.49,97.62325286865234,14.89269733428955
reaction:819,AmPhos,1,,90.23,89.27201843261719,13.103401184082031
reaction:820,P(Cy)3,7,,81.84,85.84121704101562,13.972064018249512
reaction:821,P(o-Tol)3,5,,64.29,72.06011199951172,13.341083526611328
reaction:822,CataCXium A,1,,92.96,90.76261901855469,14.098576545715332
reaction:823,SPhos,5,,80.73,84.63496398925781,12.883157730102539
reaction:825,XPhos,1,,84.67,82.41000366210938,13.9070463180542
reaction:829,P(tBu)3,0,,68.43,77.25898742675781,14.052008628845215
reaction:830,P(Ph)3,0,,97.42,101.83279418945312,15.027094841003418
reaction:831,AmPhos,7,,84.74,92.66246795654297,13.31364917755127
reaction:832,P(Cy)3,6,,92.09,84.48637390136719,14.76437759399414
reaction:833,P(o-Tol)3,1,,82.77,66.22724914550781,13.592714309692383
reaction:834,CataCXium A,5,,91.17,92.28684997558594,14.563231468200684
reaction:835,SPhos,0,,90.89,90.17933654785156,13.416951179504395
reaction:837,XPhos,3,,91.1,85.43637084960938,14.147505760192871
reaction:841,P(tBu)3,0,,67.59,70.80095672607422,14.131600379943848
reaction:842,P(Ph)3,7,,97.45,96.42172241210938,14.482359886169434
reaction:843,AmPhos,6,,85.04,86.05220031738281,13.195687294006348
reaction:844,P(Cy)3,2,,92.7,75.75023651123047,14.250734329223633
reaction:845,P(o-Tol)3,6,,70.45,65.83026885986328,14.455428123474121
reaction:846,CataCXium A,4,,92.52,89.86841583251953,13.982574462890625
reaction:847,SPhos,7,,91.37,76.29688262939453,13.198312759399414
reaction:849,XPhos,3,,80.59,81.14616394042969,14.089044570922852
reaction:853,P(tBu)3,2,,74.74,70.35298919677734,14.973695755004883
reaction:854,P(Ph)3,0,,97.46,89.76054382324219,15.75556468963623
reaction:855,AmPhos,1,,90.67,86.45651245117188,14.256815910339355
reaction:856,P(Cy)3,5,,84.05,70.87127685546875,15.238383293151855
reaction:857,P(o-Tol)3,1,,58.44,58.581886291503906,14.743206977844238
reaction:858,CataCXium A,6,,88.7,85.79426574707031,15.260184288024902
reaction:859,SPhos,1,,71.35,63.529022216796875,14.962074279785156
reaction:861,XPhos,5,,66.77,63.60914611816406,14.037576675415039
reaction:865,P(tBu)3,2,,51.22,48.74108123779297,14.380640029907227
reaction:866,P(Ph)3,6,,96.32,82.37527465820312,15.510194778442383
reaction:867,AmPhos,5,,33.57,37.46726989746094,13.935564041137695
reaction:868,P(Cy)3,6,,89.35,75.5645980834961,15.435735702514648
reaction:869,P(o-Tol)3,7,,60.68,43.01881790161133,14.138775825500488
reaction:870,CataCXium A,4,,29.57,42.676658630371094,15.104456901550293
reaction:871,SPhos,0,,93.86,92.48977661132812,14.628973007202148
reaction:873,XPhos,7,,95.8,94.41891479492188,14.105019569396973
reaction:877,P(tBu)3,3,,54.85,42.79483413696289,14.553805351257324
reaction:878,P(Ph)3,3,,87.25,92.22493743896484,14.741284370422363
reaction:879,AmPhos,5,,25.72,36.025718688964844,13.329862594604492
reaction:880,P(Cy)3,7,,92.7,80.93342590332031,14.437932968139648
reaction:881,P(o-Tol)3,1,,43.75,31.866905212402344,13.920565605163574
reaction:882,CataCXium A,3,,30.6,29.3458309173584,14.86880111694336
reaction:883,SPhos,3,,86.7,81.7515869140625,14.444464683532715
reaction:885,XPhos,3,,87.65,81.7168197631836,14.45544719696045
reaction:889,P(tBu)3,1,,22.37,27.916784286499023,14.9977388381958
reaction:890,P(Ph)3,3,,67.88,82.27288818359375,15.609498023986816
reaction:891,AmPhos,3,,15.15,17.14581871032715,15.142525672912598
reaction:892,P(Cy)3,0,,83.84,73.71436309814453,15.179919242858887
reaction:893,P(o-Tol)3,2,,11.83,30.106843948364258,15.731703758239746
reaction:894,CataCXium A,3,,29.45,25.350814819335938,15.765921592712402
reaction:895,SPhos,5,,52.91,55.76349639892578,15.270181655883789
reaction:897,XPhos,2,,55.66,61.5458984375,15.092044830322266
reaction:901,P(tBu)3,4,,27.63,27.159154891967773,14.523470878601074
reaction:902,P(Ph)3,4,,65.66,76.60909271240234,15.525136947631836
reaction:903,AmPhos,5,,14.99,20.027299880981445,14.15478515625
reaction:904,P(Cy)3,7,,73.07,56.02241516113281,15.146186828613281
reaction:905,P(o-Tol)3,3,,9.33,27.298110961914062,15.261263847351074
reaction:906,CataCXium A,6,,23.78,22.356313705444336,14.963081359863281
reaction:907,SPhos,3,,54.78,60.35146713256836,15.097419738769531
reaction:909,XPhos,3,,47.9,62.12685012817383,15.035772323608398
reaction:913,P(tBu)3,1,,33.26,40.89334487915039,13.768964767456055
reaction:914,P(Ph)3,4,,84.51,77.62743377685547,14.891684532165527
reaction:915,AmPhos,1,,11.46,25.25989532470703,12.655318260192871
reaction:916,P(Cy)3,2,,65.64,72.94042205810547,14.342714309692383
reaction:917,P(o-Tol)3,4,,26.99,32.23529052734375,13.691398620605469
reaction:918,CataCXium A,5,,24.54,20.002304077148438,14.20630168914795
reaction:919,SPhos,3,,61.35,81.83110809326172,14.345328330993652
reaction:921,XPhos,2,,80.83,75.71868896484375,13.640178680419922
reaction:925,P(tBu)3,3,,53.78,43.28699493408203,14.760111808776855
reaction:926,P(Ph)3,6,,85.88,80.59577178955078,15.3937406539917
reaction:927,AmPhos,4,,23.63,32.85044860839844,13.146815299987793
reaction:928,P(Cy)3,1,,65.74,83.39955139160156,14.907085418701172
reaction:929,P(o-Tol)3,2,,48.33,42.2579460144043,14.73816204071045
reaction:930,CataCXium A,4,,26.71,32.08131790161133,14.646129608154297
reaction:931,SPhos,1,,93.67,93.84062194824219,13.848466873168945
reaction:933,XPhos,5,,95.5,94.27415466308594,14.045491218566895
reaction:937,P(tBu)3,6,,49.02,47.971500396728516,13.903285026550293
reaction:938,P(Ph)3,1,,86.07,86.54667663574219,14.947850227355957
reaction:939,AmPhos,3,,28.08,30.231916427612305,14.165349960327148
reaction:940,P(Cy)3,1,,75.26,81.74563598632812,14.963255882263184
reaction:941,P(o-Tol)3,1,,54.06,31.684463500976562,14.045263290405273
reaction:942,CataCXium A,7,,26.61,33.50531005859375,14.355813026428223
reaction:943,SPhos,0,,93.81,90.9915771484375,14.324015617370605
reaction:945,XPhos,6,,95.85,90.380126953125,14.38122272491455
reaction:949,P(tBu)3,4,,56.78,54.817081451416016,14.934168815612793
reaction:950,P(Ph)3,7,,82.3,87.38886260986328,15.686551094055176
reaction:951,AmPhos,2,,42.8,36.68064880371094,14.908294677734375
reaction:952,P(Cy)3,3,,75.64,78.73109436035156,15.457406044006348
reaction:953,P(o-Tol)3,1,,55.96,33.90776824951172,15.158689498901367
reaction:954,CataCXium A,4,,25.66,43.42863464355469,15.615249633789062
reaction:955,SPhos,5,,95.21,84.91166687011719,14.959903717041016
reaction:957,XPhos,2,,95.19,86.9093246459961,15.068604469299316
reaction:961,P(tBu)3,1,,40.2,27.135753631591797,14.193087577819824
reaction:962,P(Ph)3,2,,66.32,78.87967681884766,14.892770767211914
reaction:963,AmPhos,4,,43.18,52.99116134643555,13.788543701171875
reaction:964,P(Cy)3,2,,57.08,70.3599853515625,14.667439460754395
reaction:965,P(o-Tol)3,0,,33.92,38.97393035888672,14.228103637695312
reaction:966,CataCXium A,4,,54.3,51.30999755859375,14.601685523986816
reaction:967,SPhos,3,,55.27,61.642459869384766,14.603163719177246
reaction:969,XPhos,4,,47.22,60.19621658325195,13.662590980529785
reaction:973,P(tBu)3,4,,9.29,19.65511703491211,14.059711456298828
reaction:974,P(Ph)3,4,,92.28,84.96975708007812,14.373165130615234
reaction:975,AmPhos,7,,54.36,35.51332092285156,13.581731796264648
reaction:976,P(Cy)3,3,,88.55,65.35700225830078,14.30461311340332
reaction:977,P(o-Tol)3,3,,27.55,33.30998611450195,14.342490196228027
reaction:978,CataCXium A,6,,43.2,59.01502227783203,14.762299537658691
reaction:979,SPhos,7,,64.69,50.25922393798828,13.694952964782715
reaction:981,XPhos,4,,52.85,55.074275970458984,13.06707763671875
reaction:985,P(tBu)3,7,,8.71,22.385372161865234,15.791069030761719
reaction:986,P(Ph)3,1,,91.14,83.011474609375,15.877473831176758
reaction:987,AmPhos,5,,76.44,56.349700927734375,13.613219261169434
reaction:988,P(Cy)3,4,,94.46,79.96792602539062,15.357890129089355
reaction:989,P(o-Tol)3,4,,60.0,51.29838180541992,15.07185173034668
reaction:990,CataCXium A,0,,94.8,86.38169860839844,15.240734100341797
reaction:991,SPhos,7,,77.9,57.100650787353516,15.602046012878418
reaction:993,XPhos,7,,87.99,55.006629943847656,15.650458335876465
reaction:997,P(tBu)3,4,,19.62,29.1160831451416,14.891156196594238
reaction:998,P(Ph)3,0,,89.87,70.68338012695312,15.461688041687012
reaction:999,AmPhos,4,,69.93,56.87760543823242,14.091012001037598
reaction:1000,P(Cy)3,0,,55.64,57.51384735107422,15.424354553222656
reaction:1001,P(o-Tol)3,6,,46.83,40.89047622680664,14.491841316223145
reaction:1002,CataCXium A,1,,69.48,61.318145751953125,14.607425689697266
reaction:1003,SPhos,5,,46.44,38.674198150634766,13.73271369934082
reaction:1005,XPhos,1,,43.5,39.47102355957031,13.858230590820312
reaction:1009,P(tBu)3,4,,27.96,31.167390823364258,14.156030654907227
reaction:1010,P(Ph)3,7,,83.95,82.03384399414062,14.631402015686035
reaction:1011,AmPhos,1,,56.65,55.379940032958984,12.860010147094727
reaction:1012,P(Cy)3,7,,74.22,72.89280700683594,14.011631965637207
reaction:1013,P(o-Tol)3,5,,40.11,42.407108306884766,13.531392097473145
reaction:1014,CataCXium A,0,,64.54,60.96622085571289,13.97420597076416
reaction:1015,SPhos,6,,67.16,60.63704299926758,13.4246187210083
reaction:1017,XPhos,3,,64.39,62.14905548095703,14.055512428283691
reaction:1021,P(tBu)3,7,,52.58,38.9145622253418,14.54753303527832
reaction:1022,P(Ph)3,0,,82.96,80.70175170898438,14.80595874786377
reaction:1023,AmPhos,7,,56.07,55.580257415771484,13.636344909667969
reaction:1024,P(Cy)3,5,,75.36,68.82393646240234,14.37736988067627
reaction:1025,P(o-Tol)3,4,,37.35,45.55668258666992,14.01134967803955
reaction:1026,CataCXium A,2,,60.94,57.93376922607422,14.495512962341309
reaction:1027,SPhos,4,,68.7,66.7568130493164,13.15815258026123
reaction:1029,XPhos,7,,66.93,58.89341354370117,13.71020793914795
reaction:1033,P(tBu)3,7,,20.74,32.57188415527344,14.48819351196289
reaction:1034,P(Ph)3,6,,60.18,74.62202453613281,14.865880012512207
reaction:1035,AmPhos,1,,35.88,49.104679107666016,13.001604080200195
reaction:1036,P(Cy)3,0,,34.25,61.68653869628906,14.763874053955078
reaction:1037,P(o-Tol)3,3,,27.1,33.5028190612793,14.48021125793457
reaction:1038,CataCXium A,3,,43.02,51.78837585449219,14.910065650939941
reaction:1039,SPhos,3,,23.33,62.05767822265625,14.31810474395752
reaction:1041,XPhos,3,,27.91,57.67109680175781,14.318452835083008
reaction:1045,P(tBu)3,4,,20.9,35.4317512512207,15.140090942382812
reaction:1046,P(Ph)3,3,,57.19,70.8809585571289,15.489544868469238
reaction:1047,AmPhos,5,,41.02,45.91813278198242,13.769118309020996
reaction:1048,P(Cy)3,2,,33.78,58.24702072143555,15.379227638244629
reaction:1049,P(o-Tol)3,2,,31.67,28.819751739501953,14.698141098022461
reaction:1050,CataCXium A,1,,48.48,44.69660186767578,15.179451942443848
reaction:1051,SPhos,4,,26.47,39.91818618774414,14.296613693237305
reaction:1053,XPhos,7,,26.28,35.553321838378906,14.75921630859375
reaction:1057,P(tBu)3,1,,45.03,46.43836975097656,14.150213241577148
reaction:1058,P(Ph)3,1,,96.7,93.9815673828125,16.91541862487793
reaction:1059,AmPhos,0,,70.76,61.58645248413086,14.447633743286133
reaction:1060,P(Cy)3,2,,93.33,87.88279724121094,16.16805076599121
reaction:1061,P(o-Tol)3,0,,63.28,54.934696197509766,14.933568954467773
reaction:1062,CataCXium A,2,,61.13,70.88748168945312,14.92147445678711
reaction:1063,SPhos,5,,94.82,89.43791198730469,14.058156967163086
reaction:1065,XPhos,0,,88.97,86.61076354980469,15.35831356048584
reaction:1069,P(tBu)3,6,,40.73,36.13307189941406,15.290994644165039
reaction:1070,P(Ph)3,4,,88.59,96.04519653320312,15.636927604675293
reaction:1071,AmPhos,5,,58.43,66.58699798583984,13.308708190917969
reaction:1072,P(Cy)3,2,,89.13,87.35641479492188,15.864094734191895
reaction:1073,P(o-Tol)3,5,,55.72,57.89388656616211,14.374923706054688
reaction:1074,CataCXium A,6,,64.52,68.7826156616211,15.288050651550293
reaction:1075,SPhos,1,,81.73,81.78226470947266,14.458524703979492
reaction:1077,XPhos,6,,75.35,76.363525390625,14.44402027130127
reaction:1081,P(tBu)3,6,,43.13,43.85626983642578,16.45006561279297
reaction:1082,P(Ph)3,5,,85.73,86.03114318847656,16.515209197998047
reaction:1083,AmPhos,0,,77.72,62.71297073364258,15.172784805297852
reaction:1084,P(Cy)3,7,,89.81,88.9817886352539,16.098224639892578
reaction:1085,P(o-Tol)3,6,,48.91,67.74378204345703,16.358592987060547
reaction:1086,CataCXium A,3,,86.51,65.98680114746094,14.9257230758667
reaction:1087,SPhos,0,,71.88,59.96233367919922,15.949527740478516
reaction:1089,XPhos,6,,60.51,63.97766876220703,15.83991527557373
reaction:1093,P(tBu)3,0,,32.15,43.34976577758789,15.245224952697754
reaction:1094,P(Ph)3,1,,94.15,92.19998168945312,17.12301254272461
reaction:1095,AmPhos,4,,61.84,61.54153823852539,13.892946243286133
reaction:1096,P(Cy)3,6,,83.83,85.59219360351562,16.431074142456055
reaction:1097,P(o-Tol)3,7,,58.94,52.89291000366211,14.67541217803955
reaction:1098,CataCXium A,2,,59.67,68.56361389160156,15.30996322631836
reaction:1099,SPhos,6,,90.1,85.8525390625,15.160638809204102
reaction:1101,XPhos,3,,83.35,82.6820068359375,14.74605941772461
reaction:1105,P(tBu)3,1,,33.02,39.50094985961914,13.719269752502441
reaction:1106,P(Ph)3,4,,93.94,93.37254333496094,15.618572235107422
reaction:1107,AmPhos,6,,61.96,59.72208023071289,14.538104057312012
reaction:1108,P(Cy)3,0,,82.1,87.16850280761719,15.098145484924316
reaction:1109,P(o-Tol)3,5,,55.13,55.23923110961914,14.314452171325684
reaction:1110,CataCXium A,7,,62.96,67.00355529785156,14.431403160095215
reaction:1111,SPhos,2,,88.13,89.02980041503906,14.135906219482422
reaction:1113,XPhos,3,,82.32,83.65475463867188,14.003271102905273
reaction:1117,P(tBu)3,6,,33.37,38.81343460083008,15.424264907836914
reaction:1118,P(Ph)3,1,,95.31,92.42945861816406,16.761445999145508
reaction:1119,AmPhos,6,,58.42,59.399295806884766,14.81113338470459
reaction:1120,P(Cy)3,5,,80.68,90.06121826171875,15.312630653381348
reaction:1121,P(o-Tol)3,4,,48.82,55.16267013549805,14.363999366760254
reaction:1122,CataCXium A,6,,57.05,61.20040512084961,15.507887840270996
reaction:1123,SPhos,5,,90.9,90.63993072509766,13.509535789489746
reaction:1125,XPhos,3,,82.88,86.72428894042969,14.191736221313477
reaction:1129,P(tBu)3,0,,40.22,41.843505859375,14.706927299499512
reaction:1130,P(Ph)3,3,,88.74,88.01942443847656,15.464136123657227
reaction:1131,AmPhos,2,,72.98,61.1397705078125,12.910602569580078
reaction:1132,P(Cy)3,0,,88.05,84.80280303955078,15.242512702941895
reaction:1133,P(o-Tol)3,4,,56.98,56.78254699707031,14.560739517211914
reaction:1134,CataCXium A,4,,80.85,65.22463989257812,14.504199028015137
reaction:1135,SPhos,4,,76.89,68.76782989501953,14.214863777160645
reaction:1137,XPhos,0,,68.57,67.10310363769531,15.039650917053223
reaction:1141,P(tBu)3,0,,30.34,31.0649471282959,15.510246276855469
reaction:1142,P(Ph)3,1,,75.36,69.32756042480469,17.36708641052246
reaction:1143,AmPhos,3,,53.38,50.736385345458984,14.01565170288086
reaction:1144,P(Cy)3,0,,75.13,70.17642211914062,16.096111297607422
reaction:1145,P(o-Tol)3,6,,37.06,46.371944427490234,16.05174446105957
reaction:1146,CataCXium A,1,,58.78,54.04908752441406,15.183359146118164
reaction:1147,SPhos,2,,40.21,43.711910247802734,15.137128829956055
reaction:1149,XPhos,0,,29.42,43.34083938598633,15.846818923950195
reaction:1153,P(tBu)3,2,,93.31,86.50682067871094,13.961050033569336
reaction:1154,P(Ph)3,0,,93.7,96.45014953613281,14.016109466552734
reaction:1155,AmPhos,6,,94.33,97.45648193359375,12.923470497131348
reaction:1156,P(Cy)3,1,,87.35,91.99070739746094,13.64405632019043
reaction:1157,P(o-Tol)3,5,,84.09,87.23414611816406,14.165058135986328
reaction:1158,CataCXium A,4,,95.65,97.46752166748047,14.010526657104492
reaction:1159,SPhos,2,,87.6,93.99755859375,12.912059783935547
reaction:1161,XPhos,7,,86.6,90.87550354003906,12.117940902709961
reaction:1165,P(tBu)3,7,,91.47,82.80670166015625,13.19167423248291
reaction:1166,P(Ph)3,7,,93.27,93.25367736816406,13.34862995147705
reaction:1167,AmPhos,5,,94.03,97.59346771240234,13.152658462524414
reaction:1168,P(Cy)3,0,,84.04,88.02825164794922,13.074128150939941
reaction:1169,P(o-Tol)3,5,,86.92,83.27140808105469,13.667128562927246
reaction:1170,CataCXium A,3,,92.01,90.48385620117188,14.023811340332031
reaction:1171,SPhos,2,,87.49,84.66343688964844,12.359660148620605
reaction:1173,XPhos,3,,84.94,77.88182830810547,12.338897705078125
reaction:1177,P(tBu)3,6,,87.61,67.37570190429688,14.274091720581055
reaction:1178,P(Ph)3,3,,95.85,86.81062316894531,14.866605758666992
reaction:1179,AmPhos,4,,90.3,95.7028579711914,13.813863754272461
reaction:1180,P(Cy)3,7,,88.99,83.67173767089844,14.510374069213867
reaction:1181,P(o-Tol)3,6,,80.55,81.20082092285156,14.57201862335205
reaction:1182,CataCXium A,5,,91.07,90.16265869140625,14.60795783996582
reaction:1183,SPhos,0,,83.98,78.13359832763672,14.230866432189941
reaction:1185,XPhos,6,,79.93,78.28917694091797,14.538005828857422
reaction:1189,P(tBu)3,2,,83.54,68.08218383789062,14.418707847595215
reaction:1190,P(Ph)3,1,,91.18,82.05288696289062,13.687116622924805
reaction:1191,AmPhos,4,,86.92,86.70459747314453,13.092276573181152
reaction:1192,P(Cy)3,4,,81.31,68.54127502441406,13.71602725982666
reaction:1193,P(o-Tol)3,6,,73.72,70.16360473632812,14.462397575378418
reaction:1194,CataCXium A,5,,85.75,82.32078552246094,14.78461742401123
reaction:1195,SPhos,6,,71.78,66.21564483642578,13.758495330810547
reaction:1197,XPhos,4,,65.69,68.99776458740234,13.453268051147461
reaction:1201,P(tBu)3,3,,82.29,84.78887176513672,13.216736793518066
reaction:1202,P(Ph)3,7,,91.35,92.03387451171875,13.439496040344238
reaction:1203,AmPhos,2,,89.74,95.57768249511719,12.619421005249023
reaction:1204,P(Cy)3,2,,83.91,90.08840942382812,13.098106384277344
reaction:1205,P(o-Tol)3,7,,81.25,83.33134460449219,13.014565467834473
reaction:1206,CataCXium A,6,,93.12,94.64836120605469,13.963454246520996
reaction:1207,SPhos,0,,86.64,93.53773498535156,12.633491516113281
reaction:1209,XPhos,0,,85.95,90.36309814453125,12.63366413116455
reaction:1213,P(tBu)3,5,,92.92,96.22967529296875,13.621209144592285
reaction:1214,P(Ph)3,3,,98.2,96.49793243408203,14.079802513122559
reaction:1215,AmPhos,7,,90.96,99.49176025390625,12.649600982666016
reaction:1216,P(Cy)3,3,,91.73,95.07926940917969,13.353206634521484
reaction:1217,P(o-Tol)3,2,,90.03,86.38768005371094,13.465216636657715
reaction:1218,CataCXium A,0,,94.64,96.5723648071289,13.615167617797852
reaction:1219,SPhos,4,,93.43,94.68335723876953,12.545711517333984
reaction:1221,XPhos,0,,88.37,90.42630004882812,12.565569877624512
reaction:1225,P(tBu)3,7,,91.89,95.29986572265625,13.30933666229248
reaction:1226,P(Ph)3,2,,94.82,97.28396606445312,13.544414520263672
reaction:1227,AmPhos,5,,91.24,98.32566833496094,13.276562690734863
reaction:1228,P(Cy)3,6,,91.4,87.47525024414062,13.307921409606934
reaction:1229,P(o-Tol)3,6,,85.85,77.98722076416016,13.98982048034668
reaction:1230,CataCXium A,3,,92.03,93.2303466796875,14.17686653137207
reaction:1231,SPhos,2,,85.21,83.09599304199219,12.808075904846191
reaction:1233,XPhos,5,,79.09,77.7301025390625,12.476906776428223
reaction:1237,P(tBu)3,5,,80.43,93.72409057617188,14.516756057739258
reaction:1238,P(Ph)3,3,,81.66,84.86039733886719,14.902116775512695
reaction:1239,AmPhos,5,,80.71,92.38847351074219,14.08669662475586
reaction:1240,P(Cy)3,2,,71.35,72.15264892578125,14.453092575073242
reaction:1241,P(o-Tol)3,7,,68.84,64.51512908935547,13.66889476776123
reaction:1242,CataCXium A,1,,80.77,80.42086029052734,14.676822662353516
reaction:1243,SPhos,6,,67.76,66.55117797851562,13.984952926635742
reaction:1245,XPhos,4,,63.55,60.894996643066406,13.65152645111084
reaction:1249,P(tBu)3,1,,88.5,78.90802764892578,13.43123722076416
reaction:1250,P(Ph)3,5,,95.95,85.03523254394531,14.476131439208984
reaction:1251,AmPhos,7,,94.08,85.17782592773438,13.198763847351074
reaction:1252,P(Cy)3,3,,88.6,79.34977722167969,14.200165748596191
reaction:1253,P(o-Tol)3,2,,83.3,75.94271850585938,14.10800552368164
reaction:1254,CataCXium A,3,,96.14,86.14201354980469,13.970647811889648
reaction:1255,SPhos,3,,86.88,80.12062072753906,13.504561424255371
reaction:1257,XPhos,0,,83.93,76.2970962524414,13.45103931427002
reaction:1261,P(tBu)3,1,,83.82,75.31118774414062,12.986968040466309
reaction:1262,P(Ph)3,3,,91.34,83.93607330322266,13.641562461853027
reaction:1263,AmPhos,7,,83.05,78.4319076538086,13.174421310424805
reaction:1264,P(Cy)3,1,,81.74,76.35739135742188,14.217660903930664
reaction:1265,P(o-Tol)3,5,,64.98,68.81163024902344,14.161867141723633
reaction:1266,CataCXium A,5,,74.43,82.18286895751953,13.7109375
reaction:1267,SPhos,0,,60.4,61.44078063964844,12.804036140441895
reaction:1269,XPhos,3,,55.47,57.515220642089844,12.770448684692383
reaction:1273,P(tBu)3,7,,55.62,57.663818359375,14.999692916870117
reaction:1274,P(Ph)3,0,,70.45,74.13658905029297,14.906495094299316
reaction:1275,AmPhos,5,,63.78,66.86520385742188,13.700172424316406
reaction:1276,P(Cy)3,1,,62.81,65.59544372558594,15.463768005371094
reaction:1277,P(o-Tol)3,5,,48.77,54.242549896240234,15.029837608337402
reaction:1278,CataCXium A,2,,62.9,69.35781860351562,14.842596054077148
reaction:1279,SPhos,7,,39.4,47.94896697998047,14.924463272094727
reaction:1281,XPhos,7,,40.12,46.31892013549805,14.92791748046875
reaction:1285,P(tBu)3,3,,47.62,55.12042999267578,13.941614151000977
reaction:1286,P(Ph)3,5,,61.51,68.138671875,14.606616020202637
reaction:1287,AmPhos,4,,59.14,59.72909164428711,13.497077941894531
reaction:1288,P(Cy)3,5,,52.8,59.61874771118164,14.280590057373047
reaction:1289,P(o-Tol)3,5,,45.49,45.516231536865234,14.864973068237305
reaction:1290,CataCXium A,4,,63.2,67.98529052734375,14.227516174316406
reaction:1291,SPhos,3,,39.21,43.387229919433594,13.791303634643555
reaction:1293,XPhos,5,,38.17,40.687477111816406,13.438793182373047
reaction:1297,P(tBu)3,6,,52.95,67.12913513183594,12.946920394897461
reaction:1298,P(Ph)3,0,,65.45,77.23358154296875,13.562150001525879
reaction:1299,AmPhos,7,,68.9,64.50289154052734,13.16313362121582
reaction:1300,P(Cy)3,1,,65.74,64.6211166381836,14.26412296295166
reaction:1301,P(o-Tol)3,2,,48.98,57.952972412109375,13.648941993713379
reaction:1302,CataCXium A,0,,69.93,74.8325424194336,14.138712882995605
reaction:1303,SPhos,0,,59.54,64.32194519042969,12.789271354675293
reaction:1305,XPhos,1,,60.62,60.16779708862305,12.647191047668457
reaction:1309,P(tBu)3,3,,73.2,81.63575744628906,13.470291137695312
reaction:1310,P(Ph)3,7,,81.77,86.76951599121094,13.31525993347168
reaction:1311,AmPhos,3,,77.13,82.77822875976562,13.09749984741211
reaction:1312,P(Cy)3,4,,77.57,77.66636657714844,13.517228126525879
reaction:1313,P(o-Tol)3,6,,67.75,72.28462982177734,13.767407417297363
reaction:1314,CataCXium A,1,,84.72,82.56982421875,13.321793556213379
reaction:1315,SPhos,1,,73.5,80.05915832519531,12.811942100524902
reaction:1317,XPhos,7,,73.95,74.22994995117188,12.868922233581543
reaction:1321,P(tBu)3,2,,81.91,83.11915588378906,13.391087532043457
reaction:1322,P(Ph)3,2,,87.64,88.81915283203125,13.816984176635742
reaction:1323,AmPhos,7,,84.9,80.51420593261719,13.3539457321167
reaction:1324,P(Cy)3,3,,80.13,81.791748046875,13.750530242919922
reaction:1325,P(o-Tol)3,3,,70.14,68.1346206665039,13.882875442504883
reaction:1326,CataCXium A,7,,87.87,83.64080810546875,13.254514694213867
reaction:1327,SPhos,1,,74.29,73.59703063964844,12.87002944946289
reaction:1329,XPhos,4,,67.97,70.68539428710938,12.838309288024902
reaction:1333,P(tBu)3,0,,81.08,81.0452880859375,14.35396671295166
reaction:1334,P(Ph)3,1,,88.67,84.61415100097656,14.776079177856445
reaction:1335,AmPhos,2,,84.67,80.97203063964844,14.354593276977539
reaction:1336,P(Cy)3,1,,82.58,77.8634262084961,15.291059494018555
reaction:1337,P(o-Tol)3,3,,69.32,63.78435516357422,14.83474349975586
reaction:1338,CataCXium A,0,,81.6,82.88674926757812,15.204886436462402
reaction:1339,SPhos,0,,70.57,64.1435546875,14.12546443939209
reaction:1341,XPhos,2,,62.62,62.952880859375,14.011725425720215
reaction:1345,P(tBu)3,3,,64.95,63.63052749633789,13.902260780334473
reaction:1346,P(Ph)3,7,,93.38,92.67733764648438,13.833133697509766
reaction:1347,AmPhos,5,,89.51,91.06446075439453,13.265213966369629
reaction:1348,P(Cy)3,0,,91.29,87.64569091796875,13.630019187927246
reaction:1349,P(o-Tol)3,3,,74.87,70.41345977783203,14.08693790435791
reaction:1350,CataCXium A,5,,91.79,89.97590637207031,14.398151397705078
reaction:1351,SPhos,0,,83.02,82.42716217041016,13.31687068939209
reaction:1353,XPhos,0,,75.62,77.73611450195312,13.381668090820312
reaction:1357,P(tBu)3,0,,9.62,38.65264129638672,12.974884986877441
reaction:1358,P(Ph)3,5,,89.45,95.73104858398438,13.535795211791992
reaction:1359,AmPhos,7,,81.29,63.83257293701172,12.791499137878418
reaction:1360,P(Cy)3,7,,84.98,77.17720031738281,12.67948055267334
reaction:1361,P(o-Tol)3,1,,65.69,57.472564697265625,13.013079643249512
reaction:1362,CataCXium A,3,,73.08,84.34071350097656,13.575329780578613
reaction:1363,SPhos,1,,68.07,73.58637237548828,12.726069450378418
reaction:1365,XPhos,6,,72.44,63.224674224853516,12.572332382202148
reaction:1369,P(tBu)3,4,,8.8,33.74126434326172,14.178048133850098
reaction:1370,P(Ph)3,5,,90.61,96.06112670898438,14.809996604919434
reaction:1371,AmPhos,0,,87.35,69.73928833007812,13.889025688171387
reaction:1372,P(Cy)3,2,,89.78,85.67489624023438,14.387200355529785
reaction:1373,P(o-Tol)3,7,,79.47,68.7694320678711,14.935850143432617
reaction:1374,CataCXium A,5,,90.18,100.46229553222656,14.59990119934082
reaction:1375,SPhos,4,,83.1,84.72289276123047,13.3889799118042
reaction:1377,XPhos,2,,85.48,74.8856430053711,13.888975143432617
reaction:1381,P(tBu)3,7,,12.07,54.258453369140625,13.880731582641602
reaction:1382,P(Ph)3,6,,88.27,88.73651123046875,14.519173622131348
reaction:1383,AmPhos,2,,82.92,71.44190979003906,13.608905792236328
reaction:1384,P(Cy)3,1,,80.35,70.12255096435547,13.868219375610352
reaction:1385,P(o-Tol)3,6,,66.72,56.8093147277832,14.181563377380371
reaction:1386,CataCXium A,6,,83.56,81.89205169677734,14.619144439697266
reaction:1387,SPhos,1,,59.91,60.811798095703125,12.900015830993652
reaction:1389,XPhos,5,,57.98,52.50647735595703,13.044573783874512
reaction:1393,P(tBu)3,2,,49.99,47.77280044555664,13.305652618408203
reaction:1394,P(Ph)3,4,,92.73,92.98297119140625,13.628998756408691
reaction:1395,AmPhos,3,,90.14,83.0567626953125,12.87943172454834
reaction:1396,P(Cy)3,5,,90.79,91.78565979003906,13.479840278625488
reaction:1397,P(o-Tol)3,4,,67.92,72.53868103027344,13.233333587646484
reaction:1398,CataCXium A,4,,92.7,91.59979248046875,13.811899185180664
reaction:1399,SPhos,3,,85.37,75.63838195800781,12.475372314453125
reaction:1401,XPhos,0,,66.05,78.74333190917969,12.580360412597656
reaction:1405,P(tBu)3,2,,76.2,65.2875747680664,13.464201927185059
reaction:1406,P(Ph)3,4,,96.42,96.23396301269531,13.789844512939453
reaction:1407,AmPhos,7,,94.57,90.76347351074219,12.80109691619873
reaction:1408,P(Cy)3,6,,92.8,90.37863159179688,13.60810661315918
reaction:1409,P(o-Tol)3,1,,73.68,76.3782958984375,13.14362621307373
reaction:1410,CataCXium A,7,,94.57,91.43792724609375,13.509536743164062
reaction:1411,SPhos,6,,86.08,79.86102294921875,12.716543197631836
reaction:1413,XPhos,4,,75.29,76.197265625,12.28641414642334
reaction:1417,P(tBu)3,5,,82.54,57.93157196044922,13.277088165283203
reaction:1418,P(Ph)3,1,,87.27,84.96125793457031,13.570510864257812
reaction:1419,AmPhos,0,,80.07,89.79449462890625,12.804567337036133
reaction:1420,P(Cy)3,5,,62.34,79.97068786621094,13.720022201538086
reaction:1421,P(o-Tol)3,7,,60.03,67.9559326171875,13.24305534362793
reaction:1422,CataCXium A,6,,79.46,80.07737731933594,14.010860443115234
reaction:1423,SPhos,6,,52.43,63.363250732421875,12.671843528747559
reaction:1425,XPhos,4,,50.85,56.411136627197266,12.444378852844238
reaction:1429,P(tBu)3,3,,71.32,63.666282653808594,14.455629348754883
reaction:1430,P(Ph)3,6,,84.47,82.51705932617188,14.858792304992676
reaction:1431,AmPhos,3,,78.24,82.2985610961914,13.957592010498047
reaction:1432,P(Cy)3,6,,66.87,65.72266387939453,14.525481224060059
reaction:1433,P(o-Tol)3,4,,56.86,58.35820007324219,14.1577730178833
reaction:1434,CataCXium A,1,,72.38,72.1169204711914,14.14289665222168
reaction:1435,SPhos,1,,47.9,52.1652946472168,14.187646865844727
reaction:1437,XPhos,2,,48.25,44.45314025878906,13.774214744567871
reaction:1441,P(tBu)3,4,,86.11,82.66615295410156,13.992835998535156
reaction:1442,P(Ph)3,0,,93.65,95.58567810058594,14.751941680908203
reaction:1443,AmPhos,2,,92.07,96.17638397216797,13.45921802520752
reaction:1444,P(Cy)3,6,,93.78,95.77491760253906,14.557685852050781
reaction:1445,P(o-Tol)3,2,,91.83,93.64362335205078,14.482282638549805
reaction:1446,CataCXium A,2,,94.15,93.23387145996094,14.269963264465332
reaction:1447,SPhos,0,,90.26,88.34306335449219,13.558086395263672
reaction:1449,XPhos,0,,91.45,87.51399230957031,13.521679878234863
reaction:1453,P(tBu)3,5,,71.72,84.17031860351562,14.22378921508789
reaction:1454,P(Ph)3,3,,93.82,90.57322692871094,13.837797164916992
reaction:1455,AmPhos,6,,92.52,90.25895690917969,13.072046279907227
reaction:1456,P(Cy)3,0,,92.43,95.66158294677734,14.732709884643555
reaction:1457,P(o-Tol)3,1,,91.08,92.80223846435547,13.426061630249023
reaction:1458,CataCXium A,2,,93.13,91.60673522949219,13.78117847442627
reaction:1459,SPhos,5,,86.63,84.41619873046875,13.532949447631836
reaction:1461,XPhos,5,,86.36,83.58451843261719,13.560324668884277
reaction:1465,P(tBu)3,7,,75.91,74.4023208618164,14.810603141784668
reaction:1466,P(Ph)3,7,,89.29,78.10071563720703,15.684900283813477
reaction:1467,AmPhos,2,,85.76,88.9005126953125,13.945502281188965
reaction:1468,P(Cy)3,4,,88.01,86.95633697509766,14.95931625366211
reaction:1469,P(o-Tol)3,0,,88.6,84.45616149902344,14.417701721191406
reaction:1470,CataCXium A,7,,90.39,87.66468811035156,14.862553596496582
reaction:1471,SPhos,3,,65.6,67.53996276855469,13.826529502868652
reaction:1473,XPhos,2,,77.72,59.8647346496582,14.656641960144043
reaction:1477,P(tBu)3,4,,91.29,80.44190216064453,14.154937744140625
reaction:1478,P(Ph)3,2,,96.74,95.41140747070312,14.719080924987793
reaction:1479,AmPhos,5,,92.82,97.02362060546875,14.639992713928223
reaction:1480,P(Cy)3,1,,96.3,95.09013366699219,14.784852981567383
reaction:1481,P(o-Tol)3,4,,93.73,93.42845153808594,14.333112716674805
reaction:1482,CataCXium A,2,,95.37,91.91373443603516,14.720440864562988
reaction:1483,SPhos,0,,91.37,89.4193115234375,13.775819778442383
reaction:1485,XPhos,0,,90.79,87.67756652832031,13.692684173583984
reaction:1489,P(tBu)3,4,,92.06,79.33279418945312,13.246471405029297
reaction:1490,P(Ph)3,4,,94.47,90.146240234375,13.760988235473633
reaction:1491,AmPhos,0,,92.08,94.93125915527344,12.023324966430664
reaction:1492,P(Cy)3,0,,92.52,93.32245635986328,14.732505798339844
reaction:1493,P(o-Tol)3,2,,91.99,95.10555267333984,13.88696575164795
reaction:1494,CataCXium A,0,,95.06,92.12345886230469,13.012164115905762
reaction:1495,SPhos,4,,90.53,88.07218933105469,13.631389617919922
reaction:1497,XPhos,4,,90.57,87.97640991210938,13.670698165893555
reaction:1501,P(tBu)3,7,,94.01,85.3563232421875,13.199975967407227
reaction:1502,P(Ph)3,0,,98.69,98.11932373046875,14.39600944519043
reaction:1503,AmPhos,2,,93.28,98.87164306640625,12.9931001663208
reaction:1504,P(Cy)3,0,,92.97,97.97325134277344,14.798103332519531
reaction:1505,P(o-Tol)3,7,,92.65,97.97810363769531,13.983378410339355
reaction:1506,CataCXium A,6,,96.04,91.7142562866211,13.942883491516113
reaction:1507,SPhos,0,,91.75,95.13008117675781,12.829388618469238
reaction:1509,XPhos,7,,91.45,93.8380355834961,13.029642105102539
reaction:1513,P(tBu)3,3,,81.58,77.84069061279297,13.178075790405273
reaction:1514,P(Ph)3,0,,89.8,87.74323272705078,14.396673202514648
reaction:1515,AmPhos,5,,86.54,86.69758605957031,14.189874649047852
reaction:1516,P(Cy)3,6,,88.06,88.16639709472656,14.42806625366211
reaction:1517,P(o-Tol)3,4,,87.76,85.75274658203125,13.867799758911133
reaction:1518,CataCXium A,3,,89.09,88.31361389160156,13.403844833374023
reaction:1519,SPhos,2,,72.51,73.55003356933594,13.597731590270996
reaction:1521,XPhos,7,,73.77,73.77301025390625,13.209702491760254
reaction:1525,P(tBu)3,5,,59.54,64.06193542480469,15.248872756958008
reaction:1526,P(Ph)3,0,,46.28,66.80915069580078,15.307814598083496
reaction:1527,AmPhos,5,,72.03,70.31262969970703,15.041123390197754
reaction:1528,P(Cy)3,2,,73.65,68.17706298828125,14.899801254272461
reaction:1529,P(o-Tol)3,7,,68.96,69.99373626708984,14.794609069824219
reaction:1530,CataCXium A,7,,72.18,74.12884521484375,14.449359893798828
reaction:1531,SPhos,5,,48.82,57.35916519165039,14.625320434570312
reaction:1533,XPhos,1,,48.59,51.54564666748047,14.500527381896973
reaction:1537,P(tBu)3,2,,34.3,50.720794677734375,14.148500442504883
reaction:1538,P(Ph)3,1,,78.03,82.24652099609375,15.389370918273926
reaction:1539,AmPhos,1,,62.59,72.16249084472656,13.261370658874512
reaction:1540,P(Cy)3,5,,50.25,56.16896057128906,15.458352088928223
reaction:1541,P(o-Tol)3,7,,50.56,53.35868835449219,13.94003963470459
reaction:1542,CataCXium A,5,,95.62,71.24038696289062,15.639613151550293
reaction:1543,SPhos,4,,74.84,77.20342254638672,13.39745044708252
reaction:1545,XPhos,5,,67.97,69.90310668945312,13.897834777832031
reaction:1549,P(tBu)3,3,,44.24,59.56304931640625,14.690176010131836
reaction:1550,P(Ph)3,2,,87.31,87.74177551269531,14.38469123840332
reaction:1551,AmPhos,4,,89.54,77.71602630615234,12.505942344665527
reaction:1552,P(Cy)3,3,,60.21,68.06818389892578,14.17401123046875
reaction:1553,P(o-Tol)3,7,,52.95,57.0493278503418,13.755302429199219
reaction:1554,CataCXium A,2,,80.64,91.53706359863281,14.274877548217773
reaction:1555,SPhos,0,,60.49,62.76294708251953,13.240560531616211
reaction:1557,XPhos,2,,50.2,61.89320373535156,13.44185733795166
reaction:1561,P(tBu)3,4,,42.57,53.434913635253906,14.76476001739502
reaction:1562,P(Ph)3,0,,83.05,85.81102752685547,15.929566383361816
reaction:1563,AmPhos,3,,88.28,80.758544921875,15.144800186157227
reaction:1564,P(Cy)3,5,,73.25,72.68883514404297,15.951544761657715
reaction:1565,P(o-Tol)3,2,,69.46,61.2701301574707,14.8328218460083
reaction:1566,CataCXium A,3,,98.61,95.9422607421875,15.580163955688477
reaction:1567,SPhos,6,,68.95,57.68017578125,15.088631629943848
reaction:1569,XPhos,5,,60.14,57.42948913574219,14.659855842590332
reaction:1573,P(tBu)3,7,,42.91,53.16276931762695,14.997690200805664
reaction:1574,P(Ph)3,6,,74.45,77.89176940917969,15.544848442077637
reaction:1575,AmPhos,2,,84.23,75.16104125976562,13.889566421508789
reaction:1576,P(Cy)3,7,,42.55,42.78883361816406,14.760429382324219
reaction:1577,P(o-Tol)3,2,,58.61,46.02936935424805,14.54091739654541
reaction:1578,CataCXium A,1,,70.52,87.55572509765625,15.08209228515625
reaction:1579,SPhos,7,,61.21,48.119510650634766,14.24940299987793
reaction:1581,XPhos,7,,55.94,43.58171844482422,14.11184310913086
reaction:1585,P(tBu)3,3,,65.86,62.97712326049805,14.727583885192871
reaction:1586,P(Ph)3,1,,91.46,87.77500915527344,15.004460334777832
reaction:1587,AmPhos,5,,90.4,90.64198303222656,12.780433654785156
reaction:1588,P(Cy)3,1,,71.78,63.0787353515625,14.557619094848633
reaction:1589,P(o-Tol)3,6,,71.66,66.77552032470703,13.794429779052734
reaction:1590,CataCXium A,4,,96.15,93.4404525756836,14.256694793701172
reaction:1591,SPhos,2,,84.76,78.79354858398438,13.453987121582031
reaction:1593,XPhos,5,,79.44,71.61457824707031,13.284950256347656
reaction:1597,P(tBu)3,7,,72.9,66.2955551147461,14.453129768371582
reaction:1598,P(Ph)3,7,,95.86,89.40255737304688,14.770662307739258
reaction:1599,AmPhos,3,,93.84,85.50990295410156,14.335582733154297
reaction:1600,P(Cy)3,5,,71.12,69.57994079589844,15.144732475280762
reaction:1601,P(o-Tol)3,6,,59.47,70.71612548828125,14.038122177124023
reaction:1602,CataCXium A,5,,95.78,83.14910125732422,15.292325019836426
reaction:1603,SPhos,0,,86.28,75.39411926269531,13.362740516662598
reaction:1605,XPhos,2,,60.54,79.62905883789062,13.618725776672363
reaction:1609,P(tBu)3,0,,72.09,63.59784698486328,14.088263511657715
reaction:1610,P(Ph)3,4,,92.43,86.79324340820312,14.833904266357422
reaction:1611,AmPhos,3,,92.49,85.43920135498047,14.366156578063965
reaction:1612,P(Cy)3,7,,58.64,68.60050964355469,14.293209075927734
reaction:1613,P(o-Tol)3,3,,49.79,65.01554107666016,14.613019943237305
reaction:1614,CataCXium A,1,,95.36,89.58041381835938,14.605071067810059
reaction:1615,SPhos,1,,70.77,74.0008544921875,13.460596084594727
reaction:1617,XPhos,6,,61.61,67.5347900390625,13.558333396911621
reaction:1621,P(tBu)3,7,,80.99,63.27647018432617,15.112146377563477
reaction:1622,P(Ph)3,5,,86.63,85.75379943847656,15.885272979736328
reaction:1623,AmPhos,7,,89.02,83.36512756347656,13.969566345214844
reaction:1624,P(Cy)3,5,,44.82,61.61249542236328,16.012805938720703
reaction:1625,P(o-Tol)3,0,,52.39,63.76154327392578,14.709291458129883
reaction:1626,CataCXium A,5,,97.25,77.79853820800781,15.899856567382812
reaction:1627,SPhos,4,,61.68,61.8265495300293,14.1204195022583
reaction:1629,XPhos,7,,49.48,58.77570724487305,14.01814079284668
reaction:1633,P(tBu)3,4,,31.45,34.90650939941406,14.228231430053711
reaction:1634,P(Ph)3,3,,92.89,90.38494873046875,15.361045837402344
reaction:1635,AmPhos,2,,23.2,22.027690887451172,14.08322811126709
reaction:1636,P(Cy)3,6,,66.25,79.51649475097656,15.516477584838867
reaction:1637,P(o-Tol)3,2,,32.29,28.417724609375,15.182363510131836
reaction:1638,CataCXium A,4,,26.8,29.344694137573242,14.823898315429688
reaction:1639,SPhos,7,,90.94,89.3173828125,14.410645484924316
reaction:1641,XPhos,1,,90.0,91.78860473632812,14.192047119140625
reaction:1645,P(tBu)3,7,,35.1,33.334312438964844,14.5925874710083
reaction:1646,P(Ph)3,2,,96.16,98.4976806640625,14.772151947021484
reaction:1647,AmPhos,6,,22.19,23.186141967773438,12.985416412353516
reaction:1648,P(Cy)3,1,,95.29,79.24201202392578,15.159612655639648
reaction:1649,P(o-Tol)3,5,,16.72,29.584447860717773,13.937329292297363
reaction:1650,CataCXium A,3,,30.07,27.72800636291504,14.699905395507812
reaction:1651,SPhos,2,,76.37,80.10392761230469,14.467300415039062
reaction:1653,XPhos,7,,80.96,78.74752807617188,14.170166015625
reaction:1657,P(tBu)3,5,,17.48,19.413793563842773,14.77109146118164
reaction:1658,P(Ph)3,4,,85.82,88.2021255493164,16.151554107666016
reaction:1659,AmPhos,2,,19.11,17.24652671813965,14.809470176696777
reaction:1660,P(Cy)3,1,,95.0,79.14804077148438,16.15349578857422
reaction:1661,P(o-Tol)3,1,,22.65,21.62527847290039,15.315367698669434
reaction:1662,CataCXium A,7,,37.69,37.169063568115234,16.619487762451172
reaction:1663,SPhos,2,,53.23,65.4114761352539,15.725252151489258
reaction:1665,XPhos,0,,70.51,57.0362434387207,15.770485877990723
reaction:1669,P(tBu)3,1,,21.44,25.783767700195312,14.58184814453125
reaction:1670,P(Ph)3,1,,83.61,78.87482452392578,15.985357284545898
reaction:1671,AmPhos,0,,29.86,15.717353820800781,13.802133560180664
reaction:1672,P(Cy)3,1,,77.59,63.096134185791016,15.747965812683105
reaction:1673,P(o-Tol)3,1,,20.35,21.2852840423584,14.590479850769043
reaction:1674,CataCXium A,2,,31.69,26.917137145996094,15.30858039855957
reaction:1675,SPhos,4,,55.07,63.539276123046875,14.0285062789917
reaction:1677,XPhos,0,,65.8,57.56880569458008,15.308126449584961
reaction:1681,P(tBu)3,2,,37.31,30.096267700195312,13.87954330444336
reaction:1682,P(Ph)3,4,,90.75,88.63955688476562,15.226078033447266
reaction:1683,AmPhos,1,,23.77,23.326953887939453,13.20653247833252
reaction:1684,P(Cy)3,5,,75.02,78.7917251586914,14.996952056884766
reaction:1685,P(o-Tol)3,1,,33.92,25.324922561645508,14.153814315795898
reaction:1686,CataCXium A,7,,23.22,30.81934928894043,15.350471496582031
reaction:1687,SPhos,1,,82.31,80.25491333007812,13.86338996887207
reaction:1689,XPhos,3,,84.34,83.67430877685547,12.998943328857422
reaction:1693,P(tBu)3,3,,38.88,36.24509048461914,14.52762508392334
reaction:1694,P(Ph)3,7,,94.45,93.63298034667969,15.431659698486328
reaction:1695,AmPhos,7,,20.51,27.46443748474121,14.00037670135498
reaction:1696,P(Cy)3,0,,79.1,78.50569915771484,14.391576766967773
reaction:1697,P(o-Tol)3,4,,30.29,29.485559463500977,13.490307807922363
reaction:1698,CataCXium A,7,,18.55,30.745670318603516,15.449382781982422
reaction:1699,SPhos,6,,94.27,90.65550231933594,14.646810531616211
reaction:1701,XPhos,0,,93.61,88.87883758544922,14.714780807495117
reaction:1705,P(tBu)3,0,,37.8,36.93645095825195,14.144128799438477
reaction:1706,P(Ph)3,2,,96.02,94.7183837890625,14.893353462219238
reaction:1707,AmPhos,5,,15.05,29.55870246887207,13.097114562988281
reaction:1708,P(Cy)3,7,,73.27,86.11561584472656,15.00610065460205
reaction:1709,P(o-Tol)3,2,,35.32,25.970537185668945,14.89600944519043
reaction:1710,CataCXium A,6,,28.86,29.336191177368164,15.323328971862793
reaction:1711,SPhos,2,,95.06,89.88475036621094,14.749566078186035
reaction:1713,XPhos,0,,91.7,90.33119201660156,14.861621856689453
reaction:1717,P(tBu)3,7,,39.91,40.39125061035156,15.456035614013672
reaction:1718,P(Ph)3,7,,96.15,98.50434875488281,16.258800506591797
reaction:1719,AmPhos,1,,25.97,29.159704208374023,14.377673149108887
reaction:1720,P(Cy)3,4,,94.3,79.83694458007812,15.865952491760254
reaction:1721,P(o-Tol)3,1,,25.48,26.412673950195312,15.198843955993652
reaction:1722,CataCXium A,4,,26.31,34.718658447265625,15.342421531677246
reaction:1723,SPhos,0,,82.24,84.60301208496094,15.5995512008667
reaction:1725,XPhos,6,,81.88,86.40776824951172,15.7074556350708
reaction:1729,P(tBu)3,6,,52.87,33.39093017578125,14.129791259765625
reaction:1730,P(Ph)3,4,,71.41,77.23933410644531,14.83794116973877
reaction:1731,AmPhos,3,,43.54,49.90201187133789,14.446844100952148
reaction:1732,P(Cy)3,1,,54.68,57.94857406616211,15.011472702026367
reaction:1733,P(o-Tol)3,0,,29.2,36.568084716796875,14.413230895996094
reaction:1734,CataCXium A,2,,23.29,50.92845916748047,14.634977340698242
reaction:1735,SPhos,7,,70.63,73.41445922851562,13.475504875183105
reaction:1737,XPhos,2,,68.92,65.02037048339844,14.240577697753906
reaction:1741,P(tBu)3,0,,22.8,29.28254508972168,13.604599952697754
reaction:1742,P(Ph)3,7,,90.99,87.87113952636719,14.94848346710205
reaction:1743,AmPhos,5,,46.17,50.45512390136719,13.166851043701172
reaction:1744,P(Cy)3,3,,60.25,76.14790344238281,14.369690895080566
reaction:1745,P(o-Tol)3,5,,31.45,41.80398941040039,13.919060707092285
reaction:1746,CataCXium A,6,,68.31,44.5656623840332,15.088845252990723
reaction:1747,SPhos,7,,66.35,61.365726470947266,13.316045761108398
reaction:1749,XPhos,6,,52.63,61.267059326171875,13.367388725280762
reaction:1753,P(tBu)3,3,,10.33,29.95099639892578,15.760384559631348
reaction:1754,P(Ph)3,1,,92.04,89.6927490234375,16.322858810424805
reaction:1755,AmPhos,3,,66.56,64.359375,15.127050399780273
reaction:1756,P(Cy)3,7,,93.1,85.61062622070312,15.361462593078613
reaction:1757,P(o-Tol)3,3,,58.79,60.5838623046875,15.547764778137207
reaction:1758,CataCXium A,7,,91.26,82.70751190185547,16.10525131225586
reaction:1759,SPhos,2,,72.82,77.04773712158203,15.155555725097656
reaction:1761,XPhos,0,,67.02,75.22571563720703,15.119751930236816
reaction:1765,P(tBu)3,2,,23.79,40.6680793762207,14.833409309387207
reaction:1766,P(Ph)3,3,,83.36,81.05552673339844,15.182422637939453
reaction:1767,AmPhos,0,,66.09,54.411861419677734,13.803062438964844
reaction:1768,P(Cy)3,0,,52.88,63.46479797363281,15.146594047546387
reaction:1769,P(o-Tol)3,2,,43.96,47.58505630493164,14.81257152557373
reaction:1770,CataCXium A,6,,65.1,52.782615661621094,15.69990062713623
reaction:1771,SPhos,2,,47.6,57.68113327026367,14.432282447814941
reaction:1773,XPhos,0,,48.02,52.87320327758789,14.58370590209961
reaction:1777,P(tBu)3,1,,39.79,45.63794708251953,13.94544506072998
reaction:1778,P(Ph)3,7,,83.87,91.71443176269531,15.057028770446777
reaction:1779,AmPhos,1,,61.52,62.401710510253906,12.924335479736328
reaction:1780,P(Cy)3,2,,89.01,70.77330780029297,13.98636531829834
reaction:1781,P(o-Tol)3,2,,54.78,47.75411605834961,13.96880054473877
reaction:1782,CataCXium A,7,,52.04,67.02011108398438,14.62052059173584
reaction:1783,SPhos,1,,74.8,79.41848754882812,13.540579795837402
reaction:1785,XPhos,0,,71.36,75.28289794921875,13.72001838684082
reaction:1789,P(tBu)3,4,,61.88,51.7220458984375,13.952790260314941
reaction:1790,P(Ph)3,6,,89.04,88.84782409667969,15.593929290771484
reaction:1791,AmPhos,4,,67.24,65.32820129394531,13.089032173156738
reaction:1792,P(Cy)3,6,,71.21,73.57550811767578,15.149497032165527
reaction:1793,P(o-Tol)3,5,,57.62,50.46825408935547,13.934186935424805
reaction:1794,CataCXium A,4,,53.67,61.7555046081543,13.961480140686035
reaction:1795,SPhos,4,,77.06,78.95272064208984,12.93300724029541
reaction:1797,XPhos,2,,75.0,72.4308853149414,13.98154354095459
reaction:1801,P(tBu)3,5,,65.32,44.27174377441406,14.045373916625977
reaction:1802,P(Ph)3,5,,85.9,78.93829345703125,14.913249015808105
reaction:1803,AmPhos,2,,57.78,63.454803466796875,13.454973220825195
reaction:1804,P(Cy)3,4,,70.55,57.14734649658203,14.479622840881348
reaction:1805,P(o-Tol)3,6,,45.41,43.489768981933594,14.115680694580078
reaction:1806,CataCXium A,4,,53.78,50.9974365234375,14.14877986907959
reaction:1807,SPhos,2,,75.33,60.635948181152344,14.13596248626709
reaction:1809,XPhos,5,,65.57,58.614891052246094,13.554760932922363
reaction:1813,P(tBu)3,4,,60.05,45.22772979736328,14.901630401611328
reaction:1814,P(Ph)3,6,,79.66,72.33802032470703,16.409608840942383
reaction:1815,AmPhos,2,,45.66,65.01215362548828,14.521364212036133
reaction:1816,P(Cy)3,6,,68.03,49.68653106689453,16.083688735961914
reaction:1817,P(o-Tol)3,0,,52.13,39.30570983886719,14.978255271911621
reaction:1818,CataCXium A,6,,49.82,47.185028076171875,15.909931182861328
reaction:1819,SPhos,7,,71.12,65.77268981933594,14.477897644042969
reaction:1821,XPhos,4,,74.08,54.67211151123047,14.221452713012695
reaction:1825,P(tBu)3,6,,28.74,27.78852653503418,14.96537971496582
reaction:1826,P(Ph)3,4,,91.0,86.03703308105469,16.56210708618164
reaction:1827,AmPhos,6,,46.01,46.360084533691406,13.869544982910156
reaction:1828,P(Cy)3,2,,62.34,78.3524169921875,16.496179580688477
reaction:1829,P(o-Tol)3,4,,54.12,51.52297592163086,15.664335250854492
reaction:1830,CataCXium A,7,,36.3,38.683502197265625,15.24507999420166
reaction:1831,SPhos,5,,72.63,65.71946716308594,14.02669906616211
reaction:1833,XPhos,7,,63.61,66.83111572265625,14.75805377960205
reaction:1837,P(tBu)3,3,,26.25,30.807613372802734,13.995672225952148
reaction:1838,P(Ph)3,7,,92.54,92.73233032226562,15.877450942993164
reaction:1839,AmPhos,4,,54.75,44.86894989013672,14.214579582214355
reaction:1840,P(Cy)3,2,,89.22,82.028076171875,16.254276275634766
reaction:1841,P(o-Tol)3,1,,55.28,55.8946533203125,13.115691184997559
reaction:1842,CataCXium A,5,,46.34,45.658180236816406,14.84376049041748
reaction:1843,SPhos,1,,57.38,59.44478988647461,15.268501281738281
reaction:1845,XPhos,7,,56.03,55.039894104003906,14.543880462646484
reaction:1849,P(tBu)3,6,,30.54,19.577682495117188,15.908159255981445
reaction:1850,P(Ph)3,5,,80.77,85.63224792480469,17.140254974365234
reaction:1851,AmPhos,7,,38.15,50.19466781616211,14.77070426940918
reaction:1852,P(Cy)3,6,,79.56,76.25675964355469,17.11385726928711
reaction:1853,P(o-Tol)3,2,,48.82,47.095680236816406,14.45862102508545
reaction:1854,CataCXium A,1,,41.54,48.83455276489258,15.531744003295898
reaction:1855,SPhos,3,,31.36,43.15501022338867,14.767203330993652
reaction:1857,XPhos,0,,36.08,36.90874481201172,16.527183532714844
reaction:1861,P(tBu)3,1,,25.47,28.33513069152832,14.477152824401855
reaction:1862,P(Ph)3,1,,94.74,92.70341491699219,16.740493774414062
reaction:1863,AmPhos,1,,55.38,47.74805450439453,13.203643798828125
reaction:1864,P(Cy)3,0,,83.07,77.07549285888672,15.390827178955078
reaction:1865,P(o-Tol)3,6,,61.24,55.18814468383789,14.869549751281738
reaction:1866,CataCXium A,5,,40.4,48.29636001586914,15.414942741394043
reaction:1867,SPhos,6,,74.29,68.71131896972656,15.542346000671387
reaction:1869,XPhos,4,,68.52,68.02508544921875,15.437410354614258
reaction:1873,P(tBu)3,5,,19.33,29.455320358276367,14.481599807739258
reaction:1874,P(Ph)3,7,,94.2,91.79017639160156,15.90099048614502
reaction:1875,AmPhos,5,,51.1,46.23152160644531,13.310281753540039
reaction:1876,P(Cy)3,7,,82.87,79.11155700683594,15.41197395324707
reaction:1877,P(o-Tol)3,3,,58.21,52.32001876831055,13.429399490356445
reaction:1878,CataCXium A,7,,35.0,46.00449752807617,15.065032958984375
reaction:1879,SPhos,1,,73.51,69.78138732910156,15.181341171264648
reaction:1881,XPhos,5,,71.6,66.20440673828125,13.20814037322998
reaction:1885,P(tBu)3,3,,22.38,32.79180145263672,14.18064022064209
reaction:1886,P(Ph)3,5,,94.74,96.28042602539062,16.173965454101562
reaction:1887,AmPhos,4,,50.15,41.5458984375,14.309483528137207
reaction:1888,P(Cy)3,6,,86.78,76.04314422607422,16.189218521118164
reaction:1889,P(o-Tol)3,4,,58.07,50.896690368652344,15.440704345703125
reaction:1890,CataCXium A,1,,36.27,44.32352066040039,14.509500503540039
reaction:1891,SPhos,7,,76.49,66.52468872070312,14.564334869384766
reaction:1893,XPhos,7,,76.38,63.75902557373047,14.65466594696045
reaction:1897,P(tBu)3,5,,22.3,26.13043975830078,14.561643600463867
reaction:1898,P(Ph)3,1,,86.35,88.194091796875,16.32107925415039
reaction:1899,AmPhos,7,,39.96,45.55738830566406,13.14976692199707
reaction:1900,P(Cy)3,4,,74.99,75.87757110595703,15.980297088623047
reaction:1901,P(o-Tol)3,4,,48.59,49.144256591796875,15.54662036895752
reaction:1902,CataCXium A,4,,42.82,39.73011016845703,15.327425956726074
reaction:1903,SPhos,6,,38.93,50.13028335571289,15.01640510559082
reaction:1905,XPhos,3,,40.32,44.26674270629883,13.951841354370117
reaction:1909,P(tBu)3,1,,24.85,16.810640335083008,14.88208293914795
reaction:1910,P(Ph)3,5,,67.67,72.32487487792969,16.8115177154541
reaction:1911,AmPhos,4,,31.33,38.49906539916992,15.348348617553711
reaction:1912,P(Cy)3,2,,60.57,65.97084045410156,17.064271926879883
reaction:1913,P(o-Tol)3,4,,39.76,42.18784713745117,16.22931671142578
reaction:1914,CataCXium A,0,,34.18,32.6658935546875,15.087688446044922
reaction:1915,SPhos,1,,29.22,33.324337005615234,16.150514602661133
reaction:1917,XPhos,7,,28.87,29.18170738220215,15.230884552001953
reaction:1921,P(tBu)3,1,,93.45,87.35289001464844,13.332768440246582
reaction:1922,P(Ph)3,2,,91.77,90.04627990722656,13.810256004333496
reaction:1923,AmPhos,2,,94.83,97.11758422851562,13.168553352355957
reaction:1924,P(Cy)3,1,,85.66,85.49909210205078,13.614686012268066
reaction:1925,P(o-Tol)3,4,,84.89,83.71046447753906,13.505414009094238
reaction:1926,CataCXium A,1,,94.39,97.29988098144531,13.913517951965332
reaction:1927,SPhos,4,,91.96,94.03893280029297,12.684986114501953
reaction:1929,XPhos,1,,90.64,85.95468139648438,12.923628807067871
reaction:1933,P(tBu)3,2,,90.21,84.85265350341797,13.682448387145996
reaction:1934,P(Ph)3,0,,86.31,92.21560668945312,13.352727890014648
reaction:1935,AmPhos,0,,94.41,96.47406768798828,12.354703903198242
reaction:1936,P(Cy)3,2,,83.44,80.37728118896484,13.013731956481934
reaction:1937,P(o-Tol)3,2,,78.9,79.65657043457031,13.50874137878418
reaction:1938,CataCXium A,1,,87.12,92.18297576904297,13.64415168762207
reaction:1939,SPhos,2,,73.94,83.75041198730469,12.196783065795898
reaction:1941,XPhos,3,,74.99,74.92662811279297,12.464093208312988
reaction:1945,P(tBu)3,2,,77.29,76.20438385009766,14.804076194763184
reaction:1946,P(Ph)3,1,,82.9,83.37738037109375,14.60109806060791
reaction:1947,AmPhos,0,,91.18,93.01284790039062,14.115863800048828
reaction:1948,P(Cy)3,5,,73.98,81.1016616821289,14.793354034423828
reaction:1949,P(o-Tol)3,4,,77.15,78.56179809570312,14.624305725097656
reaction:1950,CataCXium A,7,,88.58,86.76573181152344,15.0045804977417
reaction:1951,SPhos,7,,76.2,76.68748474121094,14.360754013061523
reaction:1953,XPhos,1,,72.25,73.17604064941406,14.00205135345459
reaction:1957,P(tBu)3,2,,73.51,75.30184173583984,14.495094299316406
reaction:1958,P(Ph)3,3,,76.58,81.35501098632812,14.558455467224121
reaction:1959,AmPhos,6,,85.14,89.81584930419922,13.454203605651855
reaction:1960,P(Cy)3,3,,65.61,68.2239990234375,14.087323188781738
reaction:1961,P(o-Tol)3,1,,66.38,66.79943084716797,13.295869827270508
reaction:1962,CataCXium A,5,,83.98,78.36833953857422,14.68083381652832
reaction:1963,SPhos,6,,81.32,62.70677947998047,13.671615600585938
reaction:1965,XPhos,6,,71.22,59.1893424987793,13.635063171386719
reaction:1969,P(tBu)3,6,,91.28,87.63512420654297,13.175786018371582
reaction:1970,P(Ph)3,5,,94.13,86.94247436523438,13.505142211914062
reaction:1971,AmPhos,5,,99.05,96.16732788085938,12.862898826599121
reaction:1972,P(Cy)3,1,,91.07,81.02569580078125,13.11651611328125
reaction:1973,P(o-Tol)3,5,,86.97,81.33369445800781,13.461857795715332
reaction:1974,CataCXium A,6,,95.97,96.6612319946289,13.849708557128906
reaction:1975,SPhos,7,,93.95,92.09442138671875,11.998371124267578
reaction:1977,XPhos,5,,93.06,85.67252349853516,12.286684036254883
reaction:1981,P(tBu)3,2,,98.42,98.36323547363281,13.814606666564941
reaction:1982,P(Ph)3,7,,94.7,95.46255493164062,13.4657564163208
reaction:1983,AmPhos,1,,99.15,101.8592529296875,12.840929985046387
reaction:1984,P(Cy)3,5,,92.42,91.16258239746094,13.453550338745117
reaction:1985,P(o-Tol)3,2,,88.64,86.60951232910156,13.660656929016113
reaction:1986,CataCXium A,4,,96.48,95.21173095703125,13.60050106048584
reaction:1987,SPhos,3,,93.44,98.58442687988281,12.457111358642578
reaction:1989,XPhos,7,,92.77,90.87637329101562,11.830253601074219
reaction:1993,P(tBu)3,5,,96.3,99.09712219238281,13.407658576965332
reaction:1994,P(Ph)3,5,,94.38,92.49633026123047,13.727474212646484
reaction:1995,AmPhos,1,,97.98,99.38351440429688,12.831432342529297
reaction:1996,P(Cy)3,5,,85.57,87.94487762451172,13.55069351196289
reaction:1997,P(o-Tol)3,1,,83.26,78.44271850585938,13.238638877868652
reaction:1998,CataCXium A,4,,94.32,92.75165557861328,13.813599586486816
reaction:1999,SPhos,4,,84.9,84.59723663330078,12.315079689025879
reaction:2001,XPhos,2,,72.37,81.68771362304688,12.367202758789062
reaction:2005,P(tBu)3,1,,90.88,90.28536987304688,14.472129821777344
reaction:2006,P(Ph)3,2,,79.83,83.26246643066406,14.642589569091797
reaction:2007,AmPhos,1,,86.16,89.37336730957031,14.244590759277344
reaction:2008,P(Cy)3,6,,61.84,69.84044647216797,14.67820930480957
reaction:2009,P(o-Tol)3,4,,58.42,63.793338775634766,14.501691818237305
reaction:2010,CataCXium A,1,,71.98,79.74146270751953,15.0516939163208
reaction:2011,SPhos,4,,63.7,63.029197692871094,13.634709358215332
reaction:2013,XPhos,1,,48.24,61.315086364746094,13.954595565795898
reaction:2017,P(tBu)3,0,,87.52,91.63340759277344,13.923174858093262
reaction:2018,P(Ph)3,4,,86.4,92.40918731689453,14.126981735229492
reaction:2019,AmPhos,6,,91.17,95.60922241210938,12.871602058410645
reaction:2020,P(Cy)3,7,,75.17,84.34028625488281,13.944759368896484
reaction:2021,P(o-Tol)3,7,,73.61,80.2164306640625,13.873603820800781
reaction:2022,CataCXium A,0,,92.59,93.59974670410156,14.582263946533203
reaction:2023,SPhos,3,,81.41,87.89797973632812,13.496045112609863
reaction:2025,XPhos,7,,82.69,83.98445129394531,13.20095443725586
reaction:2029,P(tBu)3,0,,95.58,88.87068939208984,13.341325759887695
reaction:2030,P(Ph)3,3,,94.23,86.9032211303711,13.614557266235352
reaction:2031,AmPhos,3,,91.47,90.72196960449219,12.739982604980469
reaction:2032,P(Cy)3,4,,75.42,82.02758026123047,13.519681930541992
reaction:2033,P(o-Tol)3,5,,63.8,74.60722351074219,14.361283302307129
reaction:2034,CataCXium A,1,,87.5,85.42984771728516,13.065576553344727
reaction:2035,SPhos,5,,68.79,70.19804382324219,12.949955940246582
reaction:2037,XPhos,5,,56.96,67.47744750976562,13.0350980758667
reaction:2041,P(tBu)3,3,,70.1,65.96048736572266,14.232852935791016
reaction:2042,P(Ph)3,3,,73.19,73.6574478149414,14.671706199645996
reaction:2043,AmPhos,5,,79.38,76.4198226928711,14.131291389465332
reaction:2044,P(Cy)3,0,,64.74,63.52629089355469,15.010172843933105
reaction:2045,P(o-Tol)3,5,,51.31,60.04769515991211,15.36546802520752
reaction:2046,CataCXium A,5,,73.74,72.97076416015625,15.249141693115234
reaction:2047,SPhos,4,,50.98,45.84885787963867,14.147992134094238
reaction:2049,XPhos,7,,41.21,49.25934982299805,15.062124252319336
reaction:2053,P(tBu)3,2,,62.64,65.6302719116211,14.050400733947754
reaction:2054,P(Ph)3,0,,63.24,67.57681274414062,14.37440299987793
reaction:2055,AmPhos,2,,72.78,70.64069366455078,13.823705673217773
reaction:2056,P(Cy)3,1,,53.88,54.527713775634766,14.638693809509277
reaction:2057,P(o-Tol)3,5,,46.37,51.81569290161133,14.97211742401123
reaction:2058,CataCXium A,5,,70.7,71.73356628417969,14.771040916442871
reaction:2059,SPhos,3,,47.47,51.873592376708984,13.816117286682129
reaction:2061,XPhos,5,,43.93,48.74696731567383,13.61318302154541
reaction:2065,P(tBu)3,1,,79.77,76.8343276977539,12.777973175048828
reaction:2066,P(Ph)3,7,,77.32,77.46092987060547,13.285144805908203
reaction:2067,AmPhos,3,,84.23,80.37869262695312,12.720654487609863
reaction:2068,P(Cy)3,1,,68.45,67.32295989990234,13.988027572631836
reaction:2069,P(o-Tol)3,3,,64.85,63.22431182861328,13.756147384643555
reaction:2070,CataCXium A,5,,86.12,79.62743377685547,13.94924259185791
reaction:2071,SPhos,3,,73.7,73.84576416015625,12.821573257446289
reaction:2073,XPhos,2,,72.71,67.71244049072266,12.489033699035645
reaction:2077,P(tBu)3,7,,93.55,91.86712646484375,13.345724105834961
reaction:2078,P(Ph)3,5,,94.71,86.7847671508789,13.80853271484375
reaction:2079,AmPhos,7,,95.53,93.65381622314453,13.208106994628906
reaction:2080,P(Cy)3,7,,82.19,79.76786804199219,13.77281379699707
reaction:2081,P(o-Tol)3,5,,87.04,77.40409088134766,14.301502227783203
reaction:2082,CataCXium A,5,,96.61,88.63945007324219,14.06605339050293
reaction:2083,SPhos,2,,95.34,86.045166015625,12.778380393981934
reaction:2085,XPhos,0,,93.67,79.67687225341797,12.463211059570312
reaction:2089,P(tBu)3,4,,96.25,96.48295593261719,13.24518871307373
reaction:2090,P(Ph)3,0,,97.09,91.56419372558594,13.659513473510742
reaction:2091,AmPhos,7,,96.0,94.64834594726562,13.272948265075684
reaction:2092,P(Cy)3,7,,90.29,82.31121826171875,13.849539756774902
reaction:2093,P(o-Tol)3,6,,84.87,73.08222961425781,13.817732810974121
reaction:2094,CataCXium A,0,,94.85,95.27224731445312,14.327826499938965
reaction:2095,SPhos,4,,85.37,81.83149719238281,13.038488388061523
reaction:2097,XPhos,4,,80.34,77.59649658203125,13.007393836975098
reaction:2101,P(tBu)3,5,,89.61,91.9725341796875,13.970773696899414
reaction:2102,P(Ph)3,2,,88.95,91.00228118896484,14.943761825561523
reaction:2103,AmPhos,7,,89.95,91.22962188720703,13.807421684265137
reaction:2104,P(Cy)3,2,,77.56,81.19073486328125,14.768898963928223
reaction:2105,P(o-Tol)3,3,,65.8,68.1688461303711,14.959858894348145
reaction:2106,CataCXium A,3,,86.35,85.402099609375,14.596508979797363
reaction:2107,SPhos,6,,68.0,71.2065658569336,14.36963176727295
reaction:2109,XPhos,1,,61.65,68.27648162841797,14.018614768981934
reaction:2113,P(tBu)3,6,,74.71,70.51016235351562,13.662004470825195
reaction:2114,P(Ph)3,7,,88.53,93.94464874267578,13.77195930480957
reaction:2115,AmPhos,0,,93.09,98.49836730957031,12.946998596191406
reaction:2116,P(Cy)3,6,,93.81,80.39527893066406,13.633573532104492
reaction:2117,P(o-Tol)3,3,,82.45,69.87399291992188,14.240856170654297
reaction:2118,CataCXium A,3,,94.6,90.06503295898438,14.091068267822266
reaction:2119,SPhos,7,,91.09,90.82003784179688,12.206978797912598
reaction:2121,XPhos,2,,90.34,79.98168182373047,12.615935325622559
reaction:2125,P(tBu)3,7,,9.76,51.77944564819336,13.084991455078125
reaction:2126,P(Ph)3,6,,93.09,91.75154113769531,13.58394718170166
reaction:2127,AmPhos,3,,88.64,68.60801696777344,12.931905746459961
reaction:2128,P(Cy)3,4,,70.05,81.76841735839844,12.693795204162598
reaction:2129,P(o-Tol)3,2,,62.61,62.0303840637207,13.236245155334473
reaction:2130,CataCXium A,7,,84.49,80.33214569091797,13.37858772277832
reaction:2131,SPhos,1,,75.87,78.0691909790039,12.779781341552734
reaction:2133,XPhos,6,,72.62,68.02960205078125,12.544301986694336
reaction:2137,P(tBu)3,2,,8.72,43.28660202026367,14.61155891418457
reaction:2138,P(Ph)3,4,,90.92,91.10994720458984,14.97720718383789
reaction:2139,AmPhos,6,,91.83,75.77299499511719,13.767630577087402
reaction:2140,P(Cy)3,5,,82.68,84.03408813476562,15.034998893737793
reaction:2141,P(o-Tol)3,5,,77.72,71.78746795654297,14.445992469787598
reaction:2142,CataCXium A,2,,94.69,98.68231964111328,14.976567268371582
reaction:2143,SPhos,4,,82.58,85.45063018798828,14.075788497924805
reaction:2145,XPhos,1,,75.7,81.16216278076172,14.254111289978027
reaction:2149,P(tBu)3,3,,67.21,41.758968353271484,14.050567626953125
reaction:2150,P(Ph)3,3,,82.49,86.86387634277344,14.27466869354248
reaction:2151,AmPhos,3,,85.38,77.80123138427734,13.378059387207031
reaction:2152,P(Cy)3,0,,60.87,69.43728637695312,13.818217277526855
reaction:2153,P(o-Tol)3,4,,55.43,68.26192474365234,13.80955696105957
reaction:2154,CataCXium A,2,,80.23,84.99041748046875,14.475459098815918
reaction:2155,SPhos,6,,65.91,62.84166717529297,13.550694465637207
reaction:2157,XPhos,7,,51.28,65.47505187988281,13.09754467010498
reaction:2161,P(tBu)3,4,,56.56,62.889991760253906,12.99091625213623
reaction:2162,P(Ph)3,0,,93.46,95.15316009521484,13.593865394592285
reaction:2163,AmPhos,6,,91.35,93.61836242675781,12.559514999389648
reaction:2164,P(Cy)3,6,,93.62,85.300537109375,13.177057266235352
reaction:2165,P(o-Tol)3,3,,82.14,71.25546264648438,13.530779838562012
reaction:2166,CataCXium A,6,,94.13,97.74299621582031,13.658182144165039
reaction:2167,SPhos,5,,88.89,89.46784210205078,12.456209182739258
reaction:2169,XPhos,3,,85.96,78.60263061523438,12.523218154907227
reaction:2173,P(tBu)3,1,,88.33,79.78837585449219,13.108114242553711
reaction:2174,P(Ph)3,7,,95.49,98.10650634765625,13.485237121582031
reaction:2175,AmPhos,1,,96.28,103.09681701660156,12.713935852050781
reaction:2176,P(Cy)3,3,,89.03,88.4886474609375,13.532630920410156
reaction:2177,P(o-Tol)3,3,,82.58,77.31925964355469,13.73790168762207
reaction:2178,CataCXium A,5,,96.97,95.1661148071289,13.708086013793945
reaction:2179,SPhos,3,,93.79,88.1192626953125,12.601676940917969
reaction:2181,XPhos,1,,82.14,81.38746643066406,12.679694175720215
reaction:2185,P(tBu)3,6,,92.96,72.47703552246094,13.489538192749023
reaction:2186,P(Ph)3,1,,89.15,87.35699462890625,13.51997184753418
reaction:2187,AmPhos,2,,90.81,98.4422607421875,13.027983665466309
reaction:2188,P(Cy)3,3,,76.98,69.77886962890625,13.485491752624512
reaction:2189,P(o-Tol)3,5,,71.34,70.3529052734375,13.677528381347656
reaction:2190,CataCXium A,4,,86.44,83.07109069824219,13.917130470275879
reaction:2191,SPhos,4,,73.02,70.49205017089844,12.742125511169434
reaction:2193,XPhos,7,,72.75,62.687171936035156,12.406904220581055
reaction:2197,P(tBu)3,4,,90.92,70.5990982055664,14.066715240478516
reaction:2198,P(Ph)3,4,,95.18,79.58724975585938,15.011261940002441
reaction:2199,AmPhos,2,,95.78,91.23365783691406,14.19732666015625
reaction:2200,P(Cy)3,5,,62.9,65.70869445800781,14.5322265625
reaction:2201,P(o-Tol)3,1,,51.62,66.15142059326172,14.262420654296875
reaction:2202,CataCXium A,7,,74.53,71.86729431152344,14.17971420288086
reaction:2203,SPhos,1,,55.91,55.52919006347656,14.1673583984375
reaction:2205,XPhos,4,,44.36,50.41665267944336,13.989739418029785
reaction:2209,P(tBu)3,6,,80.02,82.71673583984375,14.195894241333008
reaction:2210,P(Ph)3,6,,89.96,85.34911346435547,14.29957103729248
reaction:2211,AmPhos,5,,90.36,86.61357116699219,14.310633659362793
reaction:2212,P(Cy)3,5,,84.38,90.49854278564453,15.050863265991211
reaction:2213,P(o-Tol)3,7,,83.25,88.15875244140625,13.983657836914062
reaction:2214,CataCXium A,0,,84.8,82.08157348632812,13.745397567749023
reaction:2215,SPhos,4,,83.9,91.80329895019531,14.318095207214355
reaction:2217,XPhos,4,,81.05,90.22567749023438,14.345170021057129
reaction:2221,P(tBu)3,4,,77.27,74.11103820800781,13.059791564941406
reaction:2222,P(Ph)3,3,,87.84,84.01982116699219,13.964139938354492
reaction:2223,AmPhos,0,,90.07,86.00406646728516,12.134927749633789
reaction:2224,P(Cy)3,3,,86.58,84.85922241210938,13.787293434143066
reaction:2225,P(o-Tol)3,5,,86.82,87.6668930053711,14.583348274230957
reaction:2226,CataCXium A,1,,83.75,83.51829528808594,13.610184669494629
reaction:2227,SPhos,1,,82.5,84.29536437988281,13.21231746673584
reaction:2229,XPhos,2,,81.52,81.79303741455078,13.499995231628418
reaction:2233,P(tBu)3,5,,67.08,68.17630767822266,15.235761642456055
reaction:2234,P(Ph)3,5,,68.0,78.48419189453125,15.44130802154541
reaction:2235,AmPhos,0,,75.68,77.97859191894531,13.793840408325195
reaction:2236,P(Cy)3,5,,77.41,81.0473403930664,15.676009178161621
reaction:2237,P(o-Tol)3,5,,72.92,78.37055206298828,15.463255882263184
reaction:2238,CataCXium A,4,,76.08,77.54814147949219,14.410903930664062
reaction:2239,SPhos,1,,52.18,59.803993225097656,14.502450942993164
reaction:2241,XPhos,3,,49.61,61.1607666015625,14.00232219696045
reaction:2245,P(tBu)3,6,,83.04,82.55300903320312,14.56600570678711
reaction:2246,P(Ph)3,5,,90.36,86.84176635742188,14.806168556213379
reaction:2247,AmPhos,5,,92.58,91.07742309570312,14.585439682006836
reaction:2248,P(Cy)3,0,,88.04,88.8200912475586,15.066633224487305
reaction:2249,P(o-Tol)3,0,,88.19,89.87033081054688,13.904315948486328
reaction:2250,CataCXium A,2,,91.15,83.63728332519531,14.543795585632324
reaction:2251,SPhos,3,,88.96,87.33720397949219,13.6737060546875
reaction:2253,XPhos,4,,85.09,88.56565856933594,14.455931663513184
reaction:2257,P(tBu)3,3,,80.91,76.87885284423828,12.961284637451172
reaction:2258,P(Ph)3,2,,83.21,85.0068588256836,14.143219947814941
reaction:2259,AmPhos,2,,83.8,89.61045837402344,12.509096145629883
reaction:2260,P(Cy)3,5,,78.56,89.65367126464844,14.496147155761719
reaction:2261,P(o-Tol)3,1,,86.4,84.60040283203125,13.758465766906738
reaction:2262,CataCXium A,1,,83.71,81.6671371459961,13.532482147216797
reaction:2263,SPhos,7,,87.81,89.03307342529297,12.867608070373535
reaction:2265,XPhos,2,,82.35,89.21171569824219,13.315778732299805
reaction:2269,P(tBu)3,7,,85.92,82.19207000732422,13.124232292175293
reaction:2270,P(Ph)3,7,,92.33,88.80683898925781,14.181410789489746
reaction:2271,AmPhos,1,,100.0,87.77226257324219,12.744795799255371
reaction:2272,P(Cy)3,5,,89.27,92.36964416503906,14.597441673278809
reaction:2273,P(o-Tol)3,1,,100.0,86.89957427978516,13.972359657287598
reaction:2274,CataCXium A,0,,86.19,86.77619934082031,13.24026107788086
reaction:2275,SPhos,3,,100.0,91.140625,12.926794052124023
reaction:2277,XPhos,4,,91.9,93.918701171875,13.72998046875
reaction:2281,P(tBu)3,5,,70.65,71.16373443603516,14.245842933654785
reaction:2282,P(Ph)3,2,,78.77,82.45817565917969,14.324746131896973
reaction:2283,AmPhos,6,,73.96,80.14459228515625,13.607674598693848
reaction:2284,P(Cy)3,3,,84.05,77.69863891601562,14.009596824645996
reaction:2285,P(o-Tol)3,7,,72.18,80.29978942871094,14.004416465759277
reaction:2286,CataCXium A,5,,73.53,80.69401550292969,14.264786720275879
reaction:2287,SPhos,3,,76.43,71.18665313720703,12.91848087310791
reaction:2289,XPhos,5,,78.36,68.77513885498047,13.437423706054688
reaction:2293,P(tBu)3,6,,41.39,60.83462905883789,15.163473129272461
reaction:2294,P(Ph)3,3,,47.4,56.66257858276367,14.930512428283691
reaction:2295,AmPhos,6,,66.14,65.55177307128906,14.781357765197754
reaction:2296,P(Cy)3,6,,72.16,57.59348678588867,15.420079231262207
reaction:2297,P(o-Tol)3,6,,64.73,61.19943618774414,14.821727752685547
reaction:2298,CataCXium A,2,,55.71,67.789306640625,14.859575271606445
reaction:2299,SPhos,0,,63.75,55.12472152709961,13.6526460647583
reaction:2301,XPhos,1,,66.05,51.8890380859375,14.582658767700195
reaction:2305,P(tBu)3,6,,54.09,76.99601745605469,14.273082733154297
reaction:2306,P(Ph)3,3,,89.89,76.45645141601562,15.50033187866211
reaction:2307,AmPhos,2,,88.23,80.19183349609375,13.903483390808105
reaction:2308,P(Cy)3,4,,71.74,77.53008270263672,14.550455093383789
reaction:2309,P(o-Tol)3,5,,75.74,60.211082458496094,14.98853874206543
reaction:2310,CataCXium A,4,,87.89,83.69322967529297,15.105499267578125
reaction:2311,SPhos,4,,85.64,87.14598083496094,13.854555130004883
reaction:2313,XPhos,6,,73.21,79.13601684570312,13.247881889343262
reaction:2317,P(tBu)3,2,,60.99,61.13373947143555,14.536687850952148
reaction:2318,P(Ph)3,0,,68.23,78.6683578491211,14.112651824951172
reaction:2319,AmPhos,6,,66.89,77.1295166015625,13.083683967590332
reaction:2320,P(Cy)3,2,,70.14,62.06543731689453,14.127631187438965
reaction:2321,P(o-Tol)3,1,,59.04,56.983543395996094,13.493492126464844
reaction:2322,CataCXium A,1,,56.68,74.5801010131836,14.634234428405762
reaction:2323,SPhos,0,,73.5,69.76396179199219,14.098132133483887
reaction:2325,XPhos,2,,60.47,61.6961555480957,12.777630805969238
reaction:2329,P(tBu)3,0,,0.0,67.07044219970703,14.634140014648438
reaction:2330,P(Ph)3,3,,53.51,70.22870635986328,15.953594207763672
reaction:2331,AmPhos,0,,68.33,76.11847686767578,13.958928108215332
reaction:2332,P(Cy)3,6,,72.87,44.93326950073242,15.638432502746582
reaction:2333,P(o-Tol)3,6,,70.13,44.0421257019043,14.940997123718262
reaction:2334,CataCXium A,4,,57.5,78.08489990234375,15.607841491699219
reaction:2335,SPhos,4,,73.4,62.74396896362305,14.343761444091797
reaction:2337,XPhos,0,,58.39,55.821327209472656,15.284036636352539
reaction:2341,P(tBu)3,0,,38.56,58.65990447998047,14.299803733825684
reaction:2342,P(Ph)3,2,,59.59,59.92641830444336,14.918578147888184
reaction:2343,AmPhos,0,,61.85,64.60139465332031,13.646364212036133
reaction:2344,P(Cy)3,2,,40.11,41.62952423095703,14.942471504211426
reaction:2345,P(o-Tol)3,4,,35.17,41.12128829956055,14.489444732666016
reaction:2346,CataCXium A,1,,48.02,64.43388366699219,15.13056468963623
reaction:2347,SPhos,5,,53.78,60.903594970703125,14.212325096130371
reaction:2349,XPhos,0,,55.03,45.029502868652344,14.814949035644531
reaction:2353,P(tBu)3,5,,54.09,64.57307434082031,14.481043815612793
reaction:2354,P(Ph)3,6,,70.82,73.18031311035156,14.610666275024414
reaction:2355,AmPhos,5,,81.7,78.17236328125,14.01118278503418
reaction:2356,P(Cy)3,1,,74.2,63.964664459228516,13.739456176757812
reaction:2357,P(o-Tol)3,0,,61.1,60.04490280151367,13.575079917907715
reaction:2358,CataCXium A,0,,78.09,79.71553039550781,14.619318008422852
reaction:2359,SPhos,7,,89.93,81.96251678466797,12.36281681060791
reaction:2361,XPhos,0,,70.65,75.76431274414062,14.089656829833984
reaction:2365,P(tBu)3,3,,92.06,72.70873260498047,14.11797046661377
reaction:2366,P(Ph)3,1,,73.07,86.16230773925781,13.896306037902832
reaction:2367,AmPhos,4,,85.26,87.96707916259766,13.017745971679688
reaction:2368,P(Cy)3,0,,87.12,74.35365295410156,14.146536827087402
reaction:2369,P(o-Tol)3,5,,76.39,59.76959991455078,14.622344970703125
reaction:2370,CataCXium A,0,,70.45,81.239990234375,14.730032920837402
reaction:2371,SPhos,0,,82.08,86.578369140625,14.27087116241455
reaction:2373,XPhos,4,,77.21,70.47636413574219,13.384010314941406
reaction:2377,P(tBu)3,4,,91.87,69.03341674804688,13.893421173095703
reaction:2378,P(Ph)3,4,,86.04,74.55245971679688,14.504568099975586
reaction:2379,AmPhos,6,,81.14,88.46699523925781,13.359223365783691
reaction:2380,P(Cy)3,4,,58.71,74.87889862060547,14.134369850158691
reaction:2381,P(o-Tol)3,0,,53.69,61.281890869140625,13.79379940032959
reaction:2382,CataCXium A,5,,82.92,72.85992431640625,14.958038330078125
reaction:2383,SPhos,5,,74.65,77.16950988769531,13.596792221069336
reaction:2385,XPhos,6,,60.58,65.9700698852539,13.084372520446777
reaction:2389,P(tBu)3,2,,90.41,73.90473937988281,15.557402610778809
reaction:2390,P(Ph)3,6,,73.11,64.17021179199219,15.804471969604492
reaction:2391,AmPhos,5,,83.89,85.35821533203125,14.561627388000488
reaction:2392,P(Cy)3,3,,51.13,61.75811767578125,15.297053337097168
reaction:2393,P(o-Tol)3,7,,53.85,54.76514434814453,14.443628311157227
reaction:2394,CataCXium A,2,,75.67,70.29705810546875,15.947041511535645
reaction:2395,SPhos,0,,58.46,64.8175048828125,15.145100593566895
reaction:2397,XPhos,1,,56.14,51.96237564086914,14.253640174865723
reaction:2401,P(tBu)3,3,,91.58,87.83794403076172,14.485912322998047
reaction:2402,P(Ph)3,7,,78.77,85.9892578125,15.017457962036133
reaction:2403,AmPhos,6,,91.57,89.760009765625,13.534537315368652
reaction:2404,P(Cy)3,4,,72.23,63.893646240234375,15.986672401428223
reaction:2405,P(o-Tol)3,1,,55.9,64.54991149902344,13.949602127075195
reaction:2406,CataCXium A,4,,95.99,91.73204040527344,14.910266876220703
reaction:2407,SPhos,0,,87.24,83.81640625,14.128679275512695
reaction:2409,XPhos,4,,79.27,73.53280639648438,14.261185646057129
reaction:2413,P(tBu)3,7,,94.76,86.05128479003906,14.639349937438965
reaction:2414,P(Ph)3,2,,84.05,77.73614501953125,14.958155632019043
reaction:2415,AmPhos,0,,83.02,89.22701263427734,12.923933982849121
reaction:2416,P(Cy)3,3,,51.05,67.33783721923828,14.250131607055664
reaction:2417,P(o-Tol)3,5,,57.14,53.573219299316406,14.126224517822266
reaction:2418,CataCXium A,0,,87.79,84.37934875488281,14.914033889770508
reaction:2419,SPhos,6,,58.9,63.83087921142578,14.025123596191406
reaction:2421,XPhos,5,,46.82,56.38648223876953,14.09903335571289
reaction:2425,P(tBu)3,5,,62.75,65.7471694946289,15.363245964050293
reaction:2426,P(Ph)3,6,,67.34,60.21465301513672,16.9924373626709
reaction:2427,AmPhos,3,,72.45,68.72406005859375,14.573509216308594
reaction:2428,P(Cy)3,3,,35.86,54.116004943847656,15.213838577270508
reaction:2429,P(o-Tol)3,3,,50.31,44.95078659057617,15.477680206298828
reaction:2430,CataCXium A,7,,77.02,72.7797622680664,16.10447120666504
reaction:2431,SPhos,6,,44.12,50.007286071777344,15.969931602478027
reaction:2433,XPhos,6,,35.27,40.819053649902344,15.958049774169922
reaction:2437,P(tBu)3,2,,63.86,68.48432159423828,15.303659439086914
reaction:2438,P(Ph)3,0,,57.83,60.61103057861328,15.464719772338867
reaction:2439,AmPhos,4,,69.6,68.09295654296875,14.399852752685547
reaction:2440,P(Cy)3,2,,30.49,39.67118453979492,15.09583568572998
reaction:2441,P(o-Tol)3,3,,35.36,38.31889724731445,15.075175285339355
reaction:2442,CataCXium A,7,,76.6,70.6545181274414,15.331768989562988
reaction:2443,SPhos,2,,43.0,48.318416595458984,14.47095012664795
reaction:2445,XPhos,5,,41.3,40.76128387451172,14.64021110534668
reaction:2449,P(tBu)3,7,,84.63,75.2238540649414,14.589438438415527
reaction:2450,P(Ph)3,4,,66.77,70.89696502685547,15.64845085144043
reaction:2451,AmPhos,5,,82.33,79.23605346679688,13.60879898071289
reaction:2452,P(Cy)3,4,,51.68,51.758358001708984,15.540155410766602
reaction:2453,P(o-Tol)3,4,,47.09,51.772315979003906,14.413372993469238
reaction:2454,CataCXium A,6,,87.49,84.72016143798828,14.7251615524292
reaction:2455,SPhos,3,,65.49,70.38621520996094,13.605494499206543
reaction:2457,XPhos,0,,58.58,59.948944091796875,13.464397430419922
reaction:2461,P(tBu)3,7,,95.96,88.98698425292969,14.72254753112793
reaction:2462,P(Ph)3,4,,84.07,81.84173583984375,15.719165802001953
reaction:2463,AmPhos,2,,89.16,88.41606140136719,14.172945022583008
reaction:2464,P(Cy)3,5,,69.93,65.7410888671875,14.6715669631958
reaction:2465,P(o-Tol)3,3,,48.16,64.675048828125,14.689142227172852
reaction:2466,CataCXium A,0,,96.19,88.84991455078125,14.896267890930176
reaction:2467,SPhos,2,,84.96,72.82945251464844,14.002767562866211
reaction:2469,XPhos,3,,62.77,69.92723846435547,13.734833717346191
reaction:2473,P(tBu)3,5,,96.75,92.79811096191406,14.539794921875
reaction:2474,P(Ph)3,6,,89.53,84.03660583496094,15.75494384765625
reaction:2475,AmPhos,4,,83.51,90.09780883789062,13.828741073608398
reaction:2476,P(Cy)3,0,,73.54,65.2157211303711,14.168377876281738
reaction:2477,P(o-Tol)3,7,,50.25,59.08174133300781,14.922209739685059
reaction:2478,CataCXium A,7,,94.07,92.45220947265625,14.983622550964355
reaction:2479,SPhos,5,,87.02,79.57178497314453,14.140904426574707
reaction:2481,XPhos,4,,78.0,68.67257690429688,13.749701499938965
reaction:2485,P(tBu)3,7,,95.63,91.64989471435547,15.360024452209473
reaction:2486,P(Ph)3,7,,90.28,81.41038513183594,15.71416187286377
reaction:2487,AmPhos,4,,89.01,92.79653930664062,14.745519638061523
reaction:2488,P(Cy)3,4,,68.94,62.86393737792969,16.42548942565918
reaction:2489,P(o-Tol)3,5,,58.19,56.932823181152344,14.894350051879883
reaction:2490,CataCXium A,2,,93.15,91.0370101928711,15.872681617736816
reaction:2491,SPhos,0,,74.94,69.94842529296875,14.861988067626953
reaction:2493,XPhos,3,,62.86,66.11763000488281,14.739503860473633
reaction:2497,P(tBu)3,3,,76.5,71.47543334960938,14.659101486206055
reaction:2498,P(Ph)3,6,,73.78,72.61228942871094,15.011065483093262
reaction:2499,AmPhos,4,,79.7,70.81926727294922,13.985111236572266
reaction:2500,P(Cy)3,3,,64.78,57.672401428222656,14.84252643585205
reaction:2501,P(o-Tol)3,0,,24.56,36.9083366394043,14.292265892028809
reaction:2502,CataCXium A,7,,65.95,72.26475524902344,14.56643295288086
reaction:2503,SPhos,3,,66.0,48.8590087890625,13.709419250488281
reaction:2505,XPhos,4,,34.74,44.08112335205078,13.976236343383789
reaction:2509,P(tBu)3,4,,46.47,43.76491928100586,14.428993225097656
reaction:2510,P(Ph)3,2,,69.04,67.15423583984375,14.673128128051758
reaction:2511,AmPhos,3,,48.07,48.55282974243164,13.463194847106934
reaction:2512,P(Cy)3,2,,51.21,44.46687316894531,14.30720043182373
reaction:2513,P(o-Tol)3,2,,14.81,11.82119369506836,14.384073257446289
reaction:2514,CataCXium A,0,,49.06,52.671791076660156,14.740959167480469
reaction:2515,SPhos,2,,26.04,37.18527603149414,13.367073059082031
reaction:2517,XPhos,0,,22.13,15.071002960205078,13.66905403137207
reaction:2521,P(tBu)3,2,,36.03,24.06709098815918,15.482189178466797
reaction:2522,P(Ph)3,1,,73.12,58.2563362121582,15.541563987731934
reaction:2523,AmPhos,7,,46.27,56.86913299560547,14.924784660339355
reaction:2524,P(Cy)3,0,,36.75,61.14262390136719,15.428849220275879
reaction:2525,P(o-Tol)3,4,,24.77,27.690235137939453,15.169036865234375
reaction:2526,CataCXium A,1,,71.45,64.81239318847656,15.709355354309082
reaction:2527,SPhos,2,,46.34,45.582000732421875,14.681694030761719
reaction:2529,XPhos,7,,21.87,35.93931579589844,14.767709732055664
reaction:2533,P(tBu)3,3,,48.73,46.60032653808594,15.121448516845703
reaction:2534,P(Ph)3,1,,61.38,59.78581237792969,14.877972602844238
reaction:2535,AmPhos,3,,54.47,56.61962127685547,14.2626953125
reaction:2536,P(Cy)3,1,,20.64,40.37857437133789,15.206249237060547
reaction:2537,P(o-Tol)3,3,,11.81,16.738037109375,14.941283226013184
reaction:2538,CataCXium A,1,,54.23,58.58946990966797,14.967408180236816
reaction:2539,SPhos,6,,29.16,29.104097366333008,13.786492347717285
reaction:2541,XPhos,0,,15.46,16.233922958374023,14.468123435974121
reaction:2545,P(tBu)3,4,,48.06,61.160621643066406,14.490676879882812
reaction:2546,P(Ph)3,2,,64.78,70.32103729248047,14.487264633178711
reaction:2547,AmPhos,4,,66.62,65.93724060058594,13.444169998168945
reaction:2548,P(Cy)3,0,,67.83,56.758243560791016,14.44006061553955
reaction:2549,P(o-Tol)3,6,,30.73,22.37957191467285,13.800068855285645
reaction:2550,CataCXium A,5,,64.75,76.51334381103516,14.477502822875977
reaction:2551,SPhos,5,,63.96,53.036109924316406,13.507527351379395
reaction:2553,XPhos,2,,43.51,37.52741241455078,12.943154335021973
reaction:2557,P(tBu)3,4,,78.71,72.82666778564453,14.459382057189941
reaction:2558,P(Ph)3,4,,75.39,74.00347900390625,14.764232635498047
reaction:2559,AmPhos,6,,69.89,76.14764404296875,13.190457344055176
reaction:2560,P(Cy)3,4,,64.27,64.8232421875,14.170644760131836
reaction:2561,P(o-Tol)3,0,,26.26,29.745128631591797,13.776508331298828
reaction:2562,CataCXium A,0,,82.62,65.65451049804688,14.794051170349121
reaction:2563,SPhos,0,,33.94,41.354793548583984,13.710124015808105
reaction:2565,XPhos,4,,15.32,28.67507553100586,13.502119064331055
reaction:2569,P(tBu)3,7,,80.76,72.17649841308594,14.000479698181152
reaction:2570,P(Ph)3,0,,64.9,64.24153137207031,14.468711853027344
reaction:2571,AmPhos,2,,75.18,69.19940185546875,13.713211059570312
reaction:2572,P(Cy)3,1,,49.02,48.95285415649414,14.60238265991211
reaction:2573,P(o-Tol)3,4,,6.62,29.158273696899414,14.101067543029785
reaction:2574,CataCXium A,0,,72.32,55.39826202392578,14.75914192199707
reaction:2575,SPhos,7,,42.8,32.6844482421875,13.389481544494629
reaction:2577,XPhos,7,,12.06,19.25653648376465,13.23489761352539
reaction:2581,P(tBu)3,0,,80.94,66.22120666503906,14.481117248535156
reaction:2582,P(Ph)3,4,,45.54,64.55970764160156,15.541557312011719
reaction:2583,AmPhos,2,,57.76,71.06808471679688,14.872183799743652
reaction:2584,P(Cy)3,2,,45.11,36.120567321777344,15.218592643737793
reaction:2585,P(o-Tol)3,3,,12.44,23.508535385131836,15.13063907623291
reaction:2586,CataCXium A,7,,64.8,55.26648712158203,15.061389923095703
reaction:2587,SPhos,7,,23.47,28.76348876953125,14.102520942687988
reaction:2589,XPhos,5,,17.57,11.873294830322266,14.572591781616211
reaction:2593,P(tBu)3,4,,59.59,46.9732551574707,15.293463706970215
reaction:2594,P(Ph)3,0,,79.1,72.12358093261719,15.604386329650879
reaction:2595,AmPhos,1,,68.54,65.50257110595703,13.560480117797852
reaction:2596,P(Cy)3,7,,61.92,58.91169738769531,15.91717529296875
reaction:2597,P(o-Tol)3,2,,64.08,69.32549285888672,14.962916374206543
reaction:2598,CataCXium A,7,,64.25,65.171142578125,14.902254104614258
reaction:2599,SPhos,3,,54.09,53.891822814941406,13.626925468444824
reaction:2601,XPhos,1,,52.82,49.82297134399414,15.298332214355469
reaction:2605,P(tBu)3,2,,31.58,44.51992416381836,14.697489738464355
reaction:2606,P(Ph)3,6,,68.46,66.36961364746094,16.602306365966797
reaction:2607,AmPhos,6,,56.14,54.46213912963867,14.842719078063965
reaction:2608,P(Cy)3,6,,47.07,50.05540084838867,15.980956077575684
reaction:2609,P(o-Tol)3,4,,64.57,60.2127685546875,14.68568229675293
reaction:2610,CataCXium A,0,,58.33,60.601051330566406,13.44750690460205
reaction:2611,SPhos,7,,35.81,41.423038482666016,15.167206764221191
reaction:2613,XPhos,0,,29.62,38.73492431640625,13.403912544250488
reaction:2617,P(tBu)3,6,,43.27,33.31908416748047,16.37044906616211
reaction:2618,P(Ph)3,6,,46.68,51.543766021728516,17.562734603881836
reaction:2619,AmPhos,4,,51.25,51.23106384277344,15.192543029785156
reaction:2620,P(Cy)3,1,,24.51,40.54531478881836,16.601150512695312
reaction:2621,P(o-Tol)3,0,,48.51,57.83206558227539,14.8002290725708
reaction:2622,CataCXium A,7,,42.43,49.72606658935547,16.167892456054688
reaction:2623,SPhos,6,,17.87,23.727554321289062,16.281511306762695
reaction:2625,XPhos,1,,16.19,18.982128143310547,15.934422492980957
reaction:2629,P(tBu)3,4,,42.55,41.10585403442383,15.604004859924316
reaction:2630,P(Ph)3,6,,66.78,70.08267211914062,16.969921112060547
reaction:2631,AmPhos,4,,63.17,57.59108352661133,14.84042739868164
reaction:2632,P(Cy)3,2,,57.3,50.49745559692383,15.569482803344727
reaction:2633,P(o-Tol)3,0,,60.9,66.79058074951172,14.308987617492676
reaction:2634,CataCXium A,7,,65.29,62.5766487121582,15.31635856628418
reaction:2635,SPhos,2,,50.12,49.11982345581055,15.471084594726562
reaction:2637,XPhos,7,,43.98,49.40374755859375,15.679023742675781
reaction:2641,P(tBu)3,0,,39.63,44.576568603515625,13.030202865600586
reaction:2642,P(Ph)3,2,,71.17,68.29519653320312,15.534262657165527
reaction:2643,AmPhos,6,,62.59,57.00129318237305,14.772290229797363
reaction:2644,P(Cy)3,3,,59.71,51.61220169067383,15.240972518920898
reaction:2645,P(o-Tol)3,4,,67.68,64.28900909423828,14.66825008392334
reaction:2646,CataCXium A,6,,69.05,62.576995849609375,15.931330680847168
reaction:2647,SPhos,4,,60.62,52.585601806640625,15.016575813293457
reaction:2649,XPhos,6,,53.64,50.54677963256836,14.770007133483887
reaction:2653,P(tBu)3,2,,44.8,51.25926208496094,14.755226135253906
reaction:2654,P(Ph)3,6,,77.92,69.27029418945312,16.775041580200195
reaction:2655,AmPhos,1,,63.77,57.94041442871094,13.282089233398438
reaction:2656,P(Cy)3,6,,69.81,51.09986877441406,16.16143035888672
reaction:2657,P(o-Tol)3,6,,71.59,63.762908935546875,15.606060028076172
reaction:2658,CataCXium A,3,,58.86,66.759765625,15.511719703674316
reaction:2659,SPhos,0,,51.57,57.692222595214844,13.461604118347168
reaction:2661,XPhos,5,,58.45,46.19538116455078,14.464881896972656
reaction:2665,P(tBu)3,6,,29.1,42.031288146972656,15.387999534606934
reaction:2666,P(Ph)3,5,,53.9,58.95111846923828,15.603729248046875
reaction:2667,AmPhos,5,,52.82,51.19245529174805,14.489237785339355
reaction:2668,P(Cy)3,7,,23.64,47.712860107421875,15.833148956298828
reaction:2669,P(o-Tol)3,3,,56.7,56.407470703125,14.962868690490723
reaction:2670,CataCXium A,3,,58.18,56.427711486816406,15.53421688079834
reaction:2671,SPhos,7,,24.98,34.86924743652344,15.337749481201172
reaction:2673,XPhos,7,,17.11,31.90866470336914,15.38587474822998
reaction:2677,P(tBu)3,5,,23.95,33.19416046142578,15.759849548339844
reaction:2678,P(Ph)3,0,,34.17,45.87171936035156,16.077512741088867
reaction:2679,AmPhos,4,,42.55,42.118690490722656,15.177824974060059
reaction:2680,P(Cy)3,0,,22.01,32.644752502441406,16.117712020874023
reaction:2681,P(o-Tol)3,2,,45.8,45.666412353515625,15.581823348999023
reaction:2682,CataCXium A,4,,44.01,44.94260787963867,15.651453018188477
reaction:2683,SPhos,0,,21.48,17.978805541992188,14.598052978515625
reaction:2685,XPhos,5,,17.77,18.67305564880371,15.463397979736328
reaction:2689,P(tBu)3,6,,1.2,9.28927230834961,14.110291481018066
reaction:2690,P(Ph)3,3,,18.94,14.986801147460938,15.888334274291992
reaction:2691,AmPhos,4,,4.02,5.109306335449219,12.927114486694336
reaction:2692,P(Cy)3,6,,16.47,11.921367645263672,15.607856750488281
reaction:2693,P(o-Tol)3,7,,2.62,5.354755401611328,14.920845985412598
reaction:2694,CataCXium A,2,,15.97,15.220756530761719,14.827990531921387
reaction:2695,SPhos,6,,41.9,95.07820129394531,13.99496841430664
reaction:2697,XPhos,6,,56.66,98.98519897460938,14.01070785522461
reaction:2701,P(tBu)3,7,,10.73,12.32979965209961,14.205601692199707
reaction:2702,P(Ph)3,2,,14.74,15.307029724121094,15.168312072753906
reaction:2703,AmPhos,0,,11.22,8.798583984375,12.305122375488281
reaction:2704,P(Cy)3,0,,12.8,15.333518981933594,16.17220115661621
reaction:2705,P(o-Tol)3,7,,6.61,8.374744415283203,14.74397087097168
reaction:2706,CataCXium A,7,,12.93,18.98625373840332,14.993839263916016
reaction:2707,SPhos,5,,76.92,65.6845703125,15.613280296325684
reaction:2709,XPhos,3,,76.61,74.93449401855469,15.903909683227539
reaction:2713,P(tBu)3,2,,9.98,5.730293273925781,15.060342788696289
reaction:2714,P(Ph)3,7,,13.89,13.58517837524414,16.579565048217773
reaction:2715,AmPhos,0,,7.66,8.966609954833984,14.231216430664062
reaction:2716,P(Cy)3,2,,13.92,17.779930114746094,15.662751197814941
reaction:2717,P(o-Tol)3,0,,7.8,6.951866149902344,14.958098411560059
reaction:2718,CataCXium A,7,,15.16,15.659561157226562,16.109956741333008
reaction:2719,SPhos,1,,72.09,69.93406677246094,15.212995529174805
reaction:2721,XPhos,3,,77.78,70.83827209472656,16.480878829956055
reaction:2725,P(tBu)3,1,,8.73,10.265968322753906,15.320213317871094
reaction:2726,P(Ph)3,6,,14.02,15.193061828613281,16.01632308959961
reaction:2727,AmPhos,0,,9.68,7.879112243652344,13.094222068786621
reaction:2728,P(Cy)3,0,,12.55,12.298255920410156,16.699167251586914
reaction:2729,P(o-Tol)3,5,,5.79,6.4087677001953125,15.047285079956055
reaction:2730,CataCXium A,4,,15.47,15.355682373046875,14.270995140075684
reaction:2731,SPhos,5,,69.42,61.60287094116211,16.135269165039062
reaction:2733,XPhos,2,,68.05,69.83447265625,13.565265655517578
reaction:2737,P(tBu)3,6,,10.48,10.082828521728516,13.736282348632812
reaction:2738,P(Ph)3,2,,13.89,15.139156341552734,15.163307189941406
reaction:2739,AmPhos,2,,8.09,8.475456237792969,12.868824005126953
reaction:2740,P(Cy)3,5,,12.11,13.62038803100586,15.012972831726074
reaction:2741,P(o-Tol)3,5,,6.6,6.353984832763672,14.2393159866333
reaction:2742,CataCXium A,0,,12.64,14.210407257080078,13.628470420837402
reaction:2743,SPhos,5,,74.54,62.70234298706055,15.606627464294434
reaction:2745,XPhos,5,,81.17,68.0210189819336,15.55252742767334
reaction:2749,P(tBu)3,0,,12.39,12.754508972167969,13.235004425048828
reaction:2750,P(Ph)3,1,,14.63,15.592048645019531,16.082748413085938
reaction:2751,AmPhos,2,,8.7,7.940555572509766,13.04140853881836
reaction:2752,P(Cy)3,5,,12.0,11.029571533203125,15.099432945251465
reaction:2753,P(o-Tol)3,1,,7.08,6.219364166259766,14.799195289611816
reaction:2754,CataCXium A,1,,14.51,11.455123901367188,15.171919822692871
reaction:2755,SPhos,2,,75.5,70.62310791015625,12.731749534606934
reaction:2757,XPhos,1,,76.56,73.70059967041016,13.98819637298584
reaction:2761,P(tBu)3,1,,9.28,12.920433044433594,14.976552963256836
reaction:2762,P(Ph)3,1,,14.61,15.777568817138672,16.07335090637207
reaction:2763,AmPhos,1,,10.13,7.241245269775391,14.196277618408203
reaction:2764,P(Cy)3,3,,11.6,13.072010040283203,15.812562942504883
reaction:2765,P(o-Tol)3,6,,5.93,5.118450164794922,13.773874282836914
reaction:2766,CataCXium A,7,,14.44,13.80551528930664,15.093545913696289
reaction:2767,SPhos,3,,72.12,64.62985229492188,15.979157447814941
reaction:2769,XPhos,1,,67.73,69.8539047241211,13.93394660949707
reaction:2773,P(tBu)3,6,,12.16,12.801239013671875,14.76965045928955
reaction:2774,P(Ph)3,6,,14.3,15.760429382324219,16.5904598236084
reaction:2775,AmPhos,3,,8.88,9.733829498291016,13.572502136230469
reaction:2776,P(Cy)3,1,,12.44,14.391891479492188,16.312868118286133
reaction:2777,P(o-Tol)3,5,,7.41,4.5587005615234375,15.224513053894043
reaction:2778,CataCXium A,1,,18.06,21.4548397064209,16.000429153442383
reaction:2779,SPhos,4,,64.66,59.68460464477539,14.807106018066406
reaction:2781,XPhos,2,,66.37,63.137916564941406,14.3067045211792
reaction:2785,P(tBu)3,2,,22.09,37.0650634765625,14.903607368469238
reaction:2786,P(Ph)3,0,,16.79,15.690385818481445,16.66909408569336
reaction:2787,AmPhos,7,,16.94,19.91938591003418,13.372180938720703
reaction:2788,P(Cy)3,7,,31.86,38.860023498535156,17.143627166748047
reaction:2789,P(o-Tol)3,2,,10.92,6.9669647216796875,15.037813186645508
reaction:2790,CataCXium A,0,,49.91,42.472068786621094,14.949469566345215
reaction:2791,SPhos,4,,78.41,78.09017944335938,15.872307777404785
reaction:2793,XPhos,3,,92.16,83.23104858398438,14.392048835754395
reaction:2797,P(tBu)3,4,,51.13,43.27435302734375,13.461261749267578
reaction:2798,P(Ph)3,0,,15.63,17.26337242126465,16.31036376953125
reaction:2799,AmPhos,6,,30.89,32.78603744506836,13.05152416229248
reaction:2800,P(Cy)3,0,,48.75,38.72858810424805,15.987214088439941
reaction:2801,P(o-Tol)3,0,,7.82,13.074050903320312,14.08875560760498
reaction:2802,CataCXium A,0,,67.8,41.86595916748047,14.828705787658691
reaction:2803,SPhos,6,,50.66,64.94013214111328,13.868143081665039
reaction:2805,XPhos,7,,56.5,74.56322479248047,14.621965408325195
reaction:2809,P(tBu)3,6,,21.19,37.136329650878906,15.499907493591309
reaction:2810,P(Ph)3,6,,15.55,17.562973022460938,17.312633514404297
reaction:2811,AmPhos,1,,25.81,17.52749252319336,14.812681198120117
reaction:2812,P(Cy)3,5,,43.78,33.096588134765625,16.25849723815918
reaction:2813,P(o-Tol)3,2,,5.56,5.411781311035156,15.649229049682617
reaction:2814,CataCXium A,3,,48.33,46.14726638793945,14.850931167602539
reaction:2815,SPhos,6,,46.59,56.88673400878906,15.527897834777832
reaction:2817,XPhos,5,,57.55,59.75468063354492,15.711102485656738
reaction:2821,P(tBu)3,2,,30.6,38.62297821044922,15.152548789978027
reaction:2822,P(Ph)3,6,,16.41,15.51763916015625,16.826353073120117
reaction:2823,AmPhos,3,,23.82,20.671199798583984,13.202916145324707
reaction:2824,P(Cy)3,2,,37.16,30.526241302490234,16.26848793029785
reaction:2825,P(o-Tol)3,1,,6.45,4.789161682128906,14.529268264770508
reaction:2826,CataCXium A,4,,46.65,41.817543029785156,15.350724220275879
reaction:2827,SPhos,6,,53.72,61.50229263305664,14.706792831420898
reaction:2829,XPhos,5,,68.31,64.181884765625,15.242366790771484
reaction:2833,P(tBu)3,3,,44.63,38.09956359863281,13.254555702209473
reaction:2834,P(Ph)3,5,,17.78,18.043594360351562,15.84115219116211
reaction:2835,AmPhos,1,,25.22,24.95270347595215,13.344138145446777
reaction:2836,P(Cy)3,2,,46.21,27.383766174316406,15.68484878540039
reaction:2837,P(o-Tol)3,3,,7.62,3.271404266357422,13.284673690795898
reaction:2838,CataCXium A,1,,33.61,47.66064453125,14.065585136413574
reaction:2839,SPhos,7,,70.67,65.94537353515625,14.644043922424316
reaction:2841,XPhos,4,,79.94,75.35610961914062,15.386832237243652
reaction:2845,P(tBu)3,5,,52.95,37.46043395996094,14.009979248046875
reaction:2846,P(Ph)3,6,,18.29,12.171676635742188,16.3460693359375
reaction:2847,AmPhos,1,,15.12,28.239288330078125,13.526182174682617
reaction:2848,P(Cy)3,0,,18.51,37.51035690307617,16.009572982788086
reaction:2849,P(o-Tol)3,5,,9.07,2.7999267578125,13.839594841003418
reaction:2850,CataCXium A,6,,30.62,41.32532501220703,14.675009727478027
reaction:2851,SPhos,7,,77.13,74.62683868408203,14.66965389251709
reaction:2853,XPhos,1,,92.53,79.32304382324219,13.011722564697266
reaction:2857,P(tBu)3,0,,58.57,39.52765655517578,13.672266960144043
reaction:2858,P(Ph)3,0,,18.11,11.376045227050781,16.37009620666504
reaction:2859,AmPhos,0,,11.47,25.158998489379883,13.004395484924316
reaction:2860,P(Cy)3,3,,15.75,43.25817108154297,15.51833438873291
reaction:2861,P(o-Tol)3,2,,7.3,6.069828033447266,14.83465576171875
reaction:2862,CataCXium A,2,,33.7,44.08445739746094,15.291736602783203
reaction:2863,SPhos,3,,76.22,75.05961608886719,14.078696250915527
reaction:2865,XPhos,2,,91.76,80.02606964111328,12.883004188537598
reaction:2869,P(tBu)3,7,,51.1,40.33429718017578,14.857555389404297
reaction:2870,P(Ph)3,3,,17.49,21.397201538085938,16.03961944580078
reaction:2871,AmPhos,2,,31.05,34.80223846435547,14.671655654907227
reaction:2872,P(Cy)3,7,,51.23,45.08708190917969,17.521743774414062
reaction:2873,P(o-Tol)3,0,,6.84,22.861778259277344,15.088051795959473
reaction:2874,CataCXium A,4,,77.06,49.54946517944336,15.663057327270508
reaction:2875,SPhos,5,,69.3,73.70693969726562,15.475942611694336
reaction:2877,XPhos,6,,84.83,74.62165069580078,15.085119247436523
reaction:2881,P(tBu)3,1,,25.34,6.61279296875,15.08653736114502
reaction:2882,P(Ph)3,2,,13.32,15.274059295654297,15.466373443603516
reaction:2883,AmPhos,1,,11.93,6.336612701416016,13.906204223632812
reaction:2884,P(Cy)3,0,,13.92,16.997072219848633,16.178525924682617
reaction:2885,P(o-Tol)3,7,,7.68,9.072399139404297,14.380598068237305
reaction:2886,CataCXium A,2,,12.29,18.734447479248047,14.929082870483398
reaction:2887,SPhos,7,,72.38,25.294992446899414,13.610033988952637
reaction:2889,XPhos,7,,86.53,25.414892196655273,13.5925874710083
reaction:2893,P(tBu)3,5,,11.13,5.356830596923828,14.383259773254395
reaction:2894,P(Ph)3,7,,17.02,18.82253074645996,15.81330394744873
reaction:2895,AmPhos,6,,8.53,8.776309967041016,12.779769897460938
reaction:2896,P(Cy)3,4,,32.5,20.376659393310547,15.997276306152344
reaction:2897,P(o-Tol)3,5,,6.25,6.147666931152344,14.4217529296875
reaction:2898,CataCXium A,0,,21.79,18.44038963317871,13.960965156555176
reaction:2899,SPhos,4,,46.5,33.47087860107422,14.311349868774414
reaction:2901,XPhos,5,,52.93,30.607603073120117,14.979105949401855
reaction:2905,P(tBu)3,1,,4.3,1.277984619140625,15.832958221435547
reaction:2906,P(Ph)3,0,,16.32,24.1611385345459,16.5902042388916
reaction:2907,AmPhos,0,,9.25,7.091228485107422,14.211699485778809
reaction:2908,P(Cy)3,4,,31.18,25.621946334838867,16.700403213500977
reaction:2909,P(o-Tol)3,2,,5.96,9.397289276123047,15.0169038772583
reaction:2910,CataCXium A,6,,21.02,23.168550491333008,15.518315315246582
reaction:2911,SPhos,4,,56.86,39.93040466308594,15.37137222290039
reaction:2913,XPhos,1,,47.98,48.73263931274414,14.574906349182129
reaction:2917,P(tBu)3,5,,12.78,7.544033050537109,15.083189964294434
reaction:2918,P(Ph)3,4,,15.29,19.37007713317871,15.917492866516113
reaction:2919,AmPhos,3,,9.32,10.763717651367188,13.63927936553955
reaction:2920,P(Cy)3,0,,26.25,16.606632232666016,16.472394943237305
reaction:2921,P(o-Tol)3,2,,7.24,9.719966888427734,14.693936347961426
reaction:2922,CataCXium A,7,,20.58,21.6835994720459,15.06884765625
reaction:2923,SPhos,0,,40.43,33.20454788208008,13.422767639160156
reaction:2925,XPhos,3,,40.46,33.606998443603516,16.01266860961914
reaction:2929,P(tBu)3,3,,0.0,13.484115600585938,14.002927780151367
reaction:2930,P(Ph)3,7,,16.19,14.581798553466797,15.773765563964844
reaction:2931,AmPhos,3,,10.77,10.438831329345703,13.054981231689453
reaction:2932,P(Cy)3,4,,14.09,19.751953125,15.930682182312012
reaction:2933,P(o-Tol)3,4,,7.58,7.012279510498047,13.39841079711914
reaction:2934,CataCXium A,3,,18.47,17.03919219970703,13.752096176147461
reaction:2935,SPhos,1,,13.53,30.035003662109375,12.733868598937988
reaction:2937,XPhos,6,,10.45,32.764793395996094,13.203611373901367
reaction:2941,P(tBu)3,1,,9.54,14.612384796142578,14.800324440002441
reaction:2942,P(Ph)3,3,,14.96,15.260810852050781,15.47164535522461
reaction:2943,AmPhos,0,,10.98,8.457778930664062,12.657313346862793
reaction:2944,P(Cy)3,2,,13.1,17.919727325439453,15.235398292541504
reaction:2945,P(o-Tol)3,0,,8.04,6.044097900390625,13.603631019592285
reaction:2946,CataCXium A,6,,17.26,15.99952507019043,14.057930946350098
reaction:2947,SPhos,5,,12.4,29.77751922607422,15.004988670349121
reaction:2949,XPhos,2,,11.13,32.072628021240234,13.146656036376953
reaction:2953,P(tBu)3,3,,5.84,17.789915084838867,14.112825393676758
reaction:2954,P(Ph)3,5,,15.7,13.233200073242188,15.520609855651855
reaction:2955,AmPhos,6,,9.8,7.247161865234375,12.993917465209961
reaction:2956,P(Cy)3,7,,13.13,15.157161712646484,15.629050254821777
reaction:2957,P(o-Tol)3,5,,8.19,4.746345520019531,14.577966690063477
reaction:2958,CataCXium A,5,,16.12,15.410820007324219,14.441271781921387
reaction:2959,SPhos,3,,10.75,25.677738189697266,15.612927436828613
reaction:2961,XPhos,2,,9.9,28.0899658203125,13.330698013305664
reaction:2965,P(tBu)3,0,,6.69,15.024028778076172,14.337815284729004
reaction:2966,P(Ph)3,6,,15.93,14.058883666992188,16.490108489990234
reaction:2967,AmPhos,4,,8.94,10.303974151611328,13.852644920349121
reaction:2968,P(Cy)3,4,,15.15,18.862064361572266,16.817481994628906
reaction:2969,P(o-Tol)3,5,,10.92,3.6715354919433594,15.231432914733887
reaction:2970,CataCXium A,4,,19.53,20.199588775634766,15.05992317199707
reaction:2971,SPhos,2,,15.42,14.936267852783203,14.507904052734375
reaction:2973,XPhos,5,,8.47,19.02117347717285,15.859203338623047
reaction:2977,P(tBu)3,0,,20.19,16.264429092407227,15.803271293640137
reaction:2978,P(Ph)3,4,,12.85,9.446109771728516,16.721956253051758
reaction:2979,AmPhos,4,,8.82,17.185190200805664,13.707761764526367
reaction:2980,P(Cy)3,6,,21.07,28.836992263793945,15.8424711227417
reaction:2981,P(o-Tol)3,3,,7.45,17.36272621154785,15.019261360168457
reaction:2982,CataCXium A,1,,42.98,16.055885314941406,16.602144241333008
reaction:2983,SPhos,1,,63.06,54.02875900268555,14.111886978149414
reaction:2985,XPhos,4,,58.97,56.71257019042969,14.55430793762207
reaction:2989,P(tBu)3,0,,21.2,17.78982162475586,15.363909721374512
reaction:2990,P(Ph)3,5,,11.91,19.68156623840332,15.111078262329102
reaction:2991,AmPhos,5,,12.2,12.129524230957031,13.87529182434082
reaction:2992,P(Cy)3,0,,30.49,21.541179656982422,15.667855262756348
reaction:2993,P(o-Tol)3,7,,7.67,6.669811248779297,14.799565315246582
reaction:2994,CataCXium A,5,,16.27,23.08529281616211,16.11256217956543
reaction:2995,SPhos,4,,35.94,37.575340270996094,14.038569450378418
reaction:2997,XPhos,3,,34.16,40.097686767578125,14.940524101257324
reaction:3001,P(tBu)3,3,,23.39,15.651721954345703,15.718668937683105
reaction:3002,P(Ph)3,4,,11.68,7.947547912597656,17.134305953979492
reaction:3003,AmPhos,1,,9.8,15.917221069335938,15.188323020935059
reaction:3004,P(Cy)3,0,,18.07,22.705028533935547,16.5356388092041
reaction:3005,P(o-Tol)3,0,,8.15,11.123165130615234,15.724204063415527
reaction:3006,CataCXium A,6,,21.77,20.638168334960938,16.25090217590332
reaction:3007,SPhos,2,,14.38,24.741092681884766,15.213521003723145
reaction:3009,XPhos,3,,16.18,25.59510040283203,15.68696117401123
reaction:3013,P(tBu)3,2,,15.69,19.696340560913086,14.99707317352295
reaction:3014,P(Ph)3,0,,12.04,11.728351593017578,16.753400802612305
reaction:3015,AmPhos,7,,10.09,10.5804443359375,14.107556343078613
reaction:3016,P(Cy)3,0,,19.35,18.547889709472656,16.29299545288086
reaction:3017,P(o-Tol)3,4,,5.87,6.403270721435547,15.080641746520996
reaction:3018,CataCXium A,7,,15.42,21.795486450195312,16.44628143310547
reaction:3019,SPhos,6,,60.45,47.80823516845703,14.463835716247559
reaction:3021,XPhos,3,,51.75,53.11275100708008,15.421250343322754
reaction:3025,P(tBu)3,6,,15.32,15.12124252319336,14.788446426391602
reaction:3026,P(Ph)3,4,,11.81,11.343921661376953,16.446807861328125
reaction:3027,AmPhos,6,,11.2,7.851982116699219,14.05005931854248
reaction:3028,P(Cy)3,5,,21.42,23.398096084594727,15.081283569335938
reaction:3029,P(o-Tol)3,1,,6.28,8.435760498046875,15.279922485351562
reaction:3030,CataCXium A,1,,13.29,20.701932907104492,16.31927490234375
reaction:3031,SPhos,7,,60.4,50.099971771240234,13.774245262145996
reaction:3033,XPhos,4,,60.85,50.72491455078125,13.973329544067383
reaction:3037,P(tBu)3,5,,17.43,16.958642959594727,15.100676536560059
reaction:3038,P(Ph)3,2,,9.21,13.38167953491211,15.066710472106934
reaction:3039,AmPhos,4,,12.79,9.895187377929688,13.189661026000977
reaction:3040,P(Cy)3,2,,23.45,18.974594116210938,14.794588088989258
reaction:3041,P(o-Tol)3,4,,8.07,6.946147918701172,14.453112602233887
reaction:3042,CataCXium A,7,,21.18,21.84366226196289,15.78567886352539
reaction:3043,SPhos,4,,60.02,52.409183502197266,14.07787799835205
reaction:3045,XPhos,3,,65.54,52.13179397583008,15.025960922241211
reaction:3049,P(tBu)3,3,,15.05,15.187347412109375,14.853315353393555
reaction:3050,P(Ph)3,3,,11.91,11.616340637207031,15.265219688415527
reaction:3051,AmPhos,1,,10.87,8.644813537597656,14.071046829223633
reaction:3052,P(Cy)3,6,,22.2,22.80837059020996,15.714395523071289
reaction:3053,P(o-Tol)3,3,,6.7,7.948009490966797,14.859963417053223
reaction:3054,CataCXium A,3,,23.44,21.144424438476562,15.165236473083496
reaction:3055,SPhos,5,,18.87,26.81875991821289,13.483312606811523
reaction:3057,XPhos,2,,16.23,29.603111267089844,14.105013847351074
reaction:3061,P(tBu)3,4,,12.23,13.09389877319336,14.822446823120117
reaction:3062,P(Ph)3,4,,11.61,5.975315093994141,17.166048049926758
reaction:3063,AmPhos,6,,7.2,9.654861450195312,15.319586753845215
reaction:3064,P(Cy)3,4,,15.05,17.655630111694336,15.913750648498535
reaction:3065,P(o-Tol)3,6,,7.86,5.5192413330078125,15.834851264953613
reaction:3066,CataCXium A,5,,19.76,26.63994789123535,16.765541076660156
reaction:3067,SPhos,6,,9.62,18.322628021240234,15.055213928222656
reaction:3069,XPhos,7,,10.31,21.8282413482666,14.798303604125977
reaction:3074,P(tBu)3,4,,7.97,10.742218017578125,15.31226634979248
reaction:3075,P(Ph)3,7,,12.28,15.773345947265625,16.16636848449707
reaction:3076,AmPhos,6,,7.25,10.932788848876953,15.141397476196289
reaction:3077,P(Cy)3,7,,5.75,9.231575012207031,16.3000431060791
reaction:3078,P(o-Tol)3,1,,9.46,10.081279754638672,16.27367401123047
reaction:3079,CataCXium A,4,,8.71,12.53036880493164,16.271244049072266
reaction:3080,SPhos,4,,9.46,9.975902557373047,15.356420516967773
reaction:3082,XPhos,6,,10.67,12.83846664428711,15.02449893951416
reaction:3086,P(tBu)3,1,,17.9,14.271686553955078,16.559642791748047
reaction:3087,P(Ph)3,3,,16.76,21.815526962280273,16.011886596679688
reaction:3088,AmPhos,0,,15.53,15.665029525756836,14.618449211120605
reaction:3089,P(Cy)3,7,,15.45,11.772392272949219,15.672062873840332
reaction:3090,P(o-Tol)3,2,,16.58,15.89406967163086,15.406468391418457
reaction:3091,CataCXium A,6,,17.09,16.419137954711914,16.070913314819336
reaction:3092,SPhos,5,,15.62,14.780319213867188,13.969658851623535
reaction:3094,XPhos,4,,16.83,17.89219856262207,14.893719673156738
reaction:3098,P(tBu)3,1,,13.59,11.701122283935547,16.2764949798584
reaction:3099,P(Ph)3,5,,13.24,17.49701499938965,15.715372085571289
reaction:3100,AmPhos,2,,12.03,12.952678680419922,14.413505554199219
reaction:3101,P(Cy)3,7,,12.97,8.44327163696289,15.414356231689453
reaction:3102,P(o-Tol)3,0,,12.55,12.602104187011719,14.700150489807129
reaction:3103,CataCXium A,1,,14.22,12.00766372680664,17.22446632385254
reaction:3104,SPhos,3,,8.83,9.88873291015625,14.254576683044434
reaction:3106,XPhos,5,,10.59,13.609081268310547,13.51509952545166
reaction:3110,P(tBu)3,5,,9.7,12.598857879638672,15.31541633605957
reaction:3111,P(Ph)3,4,,16.66,14.66421890258789,15.474918365478516
reaction:3112,AmPhos,0,,13.76,8.937671661376953,14.155632019042969
reaction:3113,P(Cy)3,1,,9.29,6.162567138671875,15.568140983581543
reaction:3114,P(o-Tol)3,7,,10.11,11.568592071533203,15.141542434692383
reaction:3115,CataCXium A,2,,10.18,11.397701263427734,16.11751365661621
reaction:3116,SPhos,2,,9.43,9.849613189697266,13.234502792358398
reaction:3118,XPhos,3,,12.72,10.871109008789062,14.475793838500977
reaction:3122,P(tBu)3,5,,11.55,12.411247253417969,15.264701843261719
reaction:3123,P(Ph)3,1,,15.61,16.092348098754883,16.34528923034668
reaction:3124,AmPhos,1,,13.45,12.402751922607422,14.958625793457031
reaction:3125,P(Cy)3,6,,11.63,13.081466674804688,15.293696403503418
reaction:3126,P(o-Tol)3,6,,11.83,13.088165283203125,15.21762466430664
reaction:3127,CataCXium A,4,,15.68,12.94521713256836,15.3816556930542
reaction:3128,SPhos,1,,10.54,9.98740005493164,14.325369834899902
reaction:3130,XPhos,2,,12.75,11.707595825195312,13.148979187011719
reaction:3134,P(tBu)3,6,,12.96,16.1826171875,15.096806526184082
reaction:3135,P(Ph)3,2,,16.54,17.053022384643555,16.009246826171875
reaction:3136,AmPhos,4,,12.97,12.713287353515625,13.216714859008789
reaction:3137,P(Cy)3,6,,10.41,19.583431243896484,15.46776294708252
reaction:3138,P(o-Tol)3,7,,13.93,12.04178237915039,15.22032356262207
reaction:3139,CataCXium A,6,,12.92,16.153823852539062,16.055328369140625
reaction:3140,SPhos,4,,9.89,10.349666595458984,14.437713623046875
reaction:3142,XPhos,7,,12.12,12.573493957519531,13.751729965209961
reaction:3146,P(tBu)3,3,,10.08,12.434440612792969,15.893890380859375
reaction:3147,P(Ph)3,7,,15.56,23.45478630065918,16.646936416625977
reaction:3148,AmPhos,5,,13.25,12.885139465332031,14.98717212677002
reaction:3149,P(Cy)3,7,,10.22,21.594924926757812,16.841266632080078
reaction:3150,P(o-Tol)3,7,,13.25,12.959007263183594,16.568883895874023
reaction:3151,CataCXium A,7,,14.27,15.47397232055664,16.4644718170166
reaction:3152,SPhos,7,,11.93,10.62301254272461,15.297639846801758
reaction:3154,XPhos,0,,12.19,17.55202865600586,15.124427795410156
reaction:3158,P(tBu)3,0,,11.12,13.325347900390625,16.01178550720215
reaction:3159,P(Ph)3,2,,15.95,12.53408432006836,16.451671600341797
reaction:3160,AmPhos,6,,13.51,12.609603881835938,14.803718566894531
reaction:3161,P(Cy)3,1,,11.89,14.804275512695312,15.922780990600586
reaction:3162,P(o-Tol)3,3,,13.55,14.358535766601562,14.968265533447266
reaction:3163,CataCXium A,1,,13.55,16.333133697509766,17.624616622924805
reaction:3164,SPhos,6,,12.05,12.198856353759766,14.43724536895752
reaction:3166,XPhos,3,,13.52,16.302961349487305,15.002311706542969
reaction:3170,P(tBu)3,6,,14.0,22.932815551757812,16.660371780395508
reaction:3171,P(Ph)3,2,,47.59,58.35232162475586,17.587366104125977
reaction:3172,AmPhos,5,,23.86,15.42465591430664,15.460326194763184
reaction:3173,P(Cy)3,1,,60.56,44.233253479003906,17.101760864257812
reaction:3174,P(o-Tol)3,4,,20.06,17.435985565185547,16.42987060546875
reaction:3175,CataCXium A,0,,21.28,30.82732391357422,16.104841232299805
reaction:3176,SPhos,3,,24.09,24.636152267456055,14.325079917907715
reaction:3178,XPhos,4,,30.5,26.656930923461914,15.270915031433105
reaction:3182,P(tBu)3,4,,21.09,19.80370330810547,16.510982513427734
reaction:3183,P(Ph)3,7,,70.55,46.65267562866211,17.026403427124023
reaction:3184,AmPhos,4,,20.06,19.127901077270508,15.483642578125
reaction:3185,P(Cy)3,4,,40.01,54.693023681640625,16.589662551879883
reaction:3186,P(o-Tol)3,3,,20.03,20.899208068847656,14.374382972717285
reaction:3187,CataCXium A,5,,23.24,20.2624568939209,16.3947811126709
reaction:3188,SPhos,7,,22.4,25.348857879638672,15.91609001159668
reaction:3190,XPhos,0,,30.09,25.758581161499023,16.704057693481445
reaction:3194,P(tBu)3,5,,14.49,16.771892547607422,16.207666397094727
reaction:3195,P(Ph)3,1,,71.09,47.60498046875,16.947072982788086
reaction:3196,AmPhos,6,,12.55,13.88632583618164,14.330575942993164
reaction:3197,P(Cy)3,6,,41.57,54.18256378173828,17.140018463134766
reaction:3198,P(o-Tol)3,5,,17.54,14.736576080322266,15.009571075439453
reaction:3199,CataCXium A,2,,17.46,19.03260612487793,17.774158477783203
reaction:3200,SPhos,6,,16.6,15.507076263427734,15.591414451599121
reaction:3202,XPhos,5,,18.41,24.634004592895508,14.89902400970459
reaction:3206,P(tBu)3,6,,13.03,16.221046447753906,15.892120361328125
reaction:3207,P(Ph)3,7,,60.47,41.49599075317383,16.893266677856445
reaction:3208,AmPhos,3,,12.2,13.873672485351562,12.447038650512695
reaction:3209,P(Cy)3,5,,23.17,54.71821594238281,15.739280700683594
reaction:3210,P(o-Tol)3,4,,14.55,13.319561004638672,15.691963195800781
reaction:3211,CataCXium A,2,,13.75,15.215240478515625,17.834087371826172
reaction:3212,SPhos,1,,13.96,16.142845153808594,13.323827743530273
reaction:3214,XPhos,5,,15.29,23.37618064880371,14.978511810302734
reaction:3218,P(tBu)3,0,,16.45,16.71499252319336,14.247278213500977
reaction:3219,P(Ph)3,1,,53.54,49.64534378051758,17.023054122924805
reaction:3220,AmPhos,2,,15.59,16.147769927978516,14.152974128723145
reaction:3221,P(Cy)3,5,,44.32,57.81340789794922,15.685379981994629
reaction:3222,P(o-Tol)3,7,,15.21,17.225845336914062,15.062674522399902
reaction:3223,CataCXium A,2,,24.96,20.871896743774414,17.819412231445312
reaction:3224,SPhos,3,,15.41,17.532934188842773,12.957808494567871
reaction:3226,XPhos,6,,19.47,22.052021026611328,15.654481887817383
reaction:3230,P(tBu)3,5,,16.0,20.486480712890625,16.28798484802246
reaction:3231,P(Ph)3,4,,44.25,61.992645263671875,16.673547744750977
reaction:3232,AmPhos,6,,19.09,14.96249771118164,14.60645580291748
reaction:3233,P(Cy)3,0,,61.14,45.97676086425781,15.12810230255127
reaction:3234,P(o-Tol)3,0,,16.17,18.776243209838867,13.93998908996582
reaction:3235,CataCXium A,3,,23.74,26.491249084472656,15.682406425476074
reaction:3236,SPhos,2,,23.28,17.727724075317383,12.394003868103027
reaction:3238,XPhos,3,,21.02,26.548254013061523,13.080533027648926
reaction:3242,P(tBu)3,7,,17.39,17.825096130371094,16.466712951660156
reaction:3243,P(Ph)3,0,,43.13,69.02384185791016,16.991884231567383
reaction:3244,AmPhos,1,,19.07,18.66778564453125,16.136701583862305
reaction:3245,P(Cy)3,2,,84.64,43.10572052001953,16.934423446655273
reaction:3246,P(o-Tol)3,4,,18.36,16.908832550048828,16.48041534423828
reaction:3247,CataCXium A,1,,29.12,34.057254791259766,17.833452224731445
reaction:3248,SPhos,1,,18.27,27.05856704711914,14.780281066894531
reaction:3250,XPhos,7,,35.39,22.72972297668457,16.836223602294922
reaction:3254,P(tBu)3,2,,20.98,14.928653717041016,15.439641952514648
reaction:3255,P(Ph)3,5,,42.26,59.52012634277344,16.79881477355957
reaction:3256,AmPhos,1,,18.06,18.96676254272461,15.579764366149902
reaction:3257,P(Cy)3,4,,71.96,45.55778884887695,16.750919342041016
reaction:3258,P(o-Tol)3,6,,16.85,20.73304557800293,15.842878341674805
reaction:3259,CataCXium A,6,,30.48,31.132389068603516,16.847272872924805
reaction:3260,SPhos,6,,24.7,23.664566040039062,16.28026580810547
reaction:3262,XPhos,0,,32.07,25.96040153503418,16.858728408813477
reaction:3266,P(tBu)3,4,,11.29,12.657524108886719,16.053150177001953
reaction:3267,P(Ph)3,5,,15.14,15.095878601074219,17.038040161132812
reaction:3268,AmPhos,7,,10.53,10.004341125488281,15.10971450805664
reaction:3269,P(Cy)3,4,,11.98,12.759651184082031,16.288785934448242
reaction:3270,P(o-Tol)3,5,,12.1,14.00216293334961,16.351991653442383
reaction:3271,CataCXium A,5,,12.05,18.6978702545166,17.4805965423584
reaction:3272,SPhos,7,,12.21,11.817283630371094,15.33935546875
reaction:3274,XPhos,6,,14.92,19.146488189697266,15.317784309387207
reaction:3278,P(tBu)3,7,,18.78,20.42852783203125,15.057846069335938
reaction:3279,P(Ph)3,1,,19.48,21.68258285522461,17.175596237182617
reaction:3280,AmPhos,4,,17.79,16.89376449584961,14.542773246765137
reaction:3281,P(Cy)3,0,,19.5,17.78951644897461,16.621795654296875
reaction:3282,P(o-Tol)3,3,,17.96,15.447624206542969,15.09067153930664
reaction:3283,CataCXium A,5,,18.41,20.41452407836914,17.21875
reaction:3284,SPhos,2,,17.82,16.520795822143555,13.674482345581055
reaction:3286,XPhos,4,,20.84,23.14733123779297,15.136837005615234
reaction:3290,P(tBu)3,4,,18.27,12.38235855102539,15.158203125
reaction:3291,P(Ph)3,0,,11.77,24.114782333374023,17.11175537109375
reaction:3292,AmPhos,0,,11.43,12.086246490478516,13.589054107666016
reaction:3293,P(Cy)3,4,,14.02,14.255260467529297,15.343632698059082
reaction:3294,P(o-Tol)3,4,,11.74,13.006385803222656,14.986027717590332
reaction:3295,CataCXium A,3,,12.2,19.001419067382812,15.367859840393066
reaction:3296,SPhos,4,,11.94,13.301620483398438,14.571884155273438
reaction:3298,XPhos,4,,23.37,18.93931770324707,14.600789070129395
reaction:3302,P(tBu)3,3,,12.38,16.305618286132812,15.049321174621582
reaction:3303,P(Ph)3,0,,13.1,24.457834243774414,17.202516555786133
reaction:3304,AmPhos,3,,10.49,11.859554290771484,14.114474296569824
reaction:3305,P(Cy)3,0,,11.45,16.285869598388672,16.392772674560547
reaction:3306,P(o-Tol)3,5,,11.47,13.357250213623047,15.626724243164062
reaction:3307,CataCXium A,1,,15.88,13.58725357055664,17.500438690185547
reaction:3308,SPhos,7,,11.18,11.280303955078125,14.474072456359863
reaction:3310,XPhos,5,,11.72,16.57854652404785,14.681146621704102
reaction:3314,P(tBu)3,2,,11.78,12.879661560058594,15.936347007751465
reaction:3315,P(Ph)3,0,,14.49,25.378507614135742,17.1318416595459
reaction:3316,AmPhos,0,,11.21,9.79819107055664,13.601932525634766
reaction:3317,P(Cy)3,1,,20.77,15.03396224975586,15.235991477966309
reaction:3318,P(o-Tol)3,4,,12.2,11.931682586669922,15.021332740783691
reaction:3319,CataCXium A,3,,13.04,21.072763442993164,15.410568237304688
reaction:3320,SPhos,5,,11.9,11.823616027832031,14.473512649536133
reaction:3322,XPhos,6,,14.73,19.906423568725586,13.948838233947754
reaction:3326,P(tBu)3,4,,28.73,13.031414031982422,15.337698936462402
reaction:3327,P(Ph)3,3,,31.17,14.90250015258789,16.145769119262695
reaction:3328,AmPhos,7,,11.48,19.15403938293457,14.281057357788086
reaction:3329,P(Cy)3,3,,29.54,16.601577758789062,15.746114730834961
reaction:3330,P(o-Tol)3,5,,13.88,19.063976287841797,15.673396110534668
reaction:3331,CataCXium A,6,,30.18,17.93128204345703,15.546832084655762
reaction:3332,SPhos,0,,12.93,10.682029724121094,14.726728439331055
reaction:3334,XPhos,2,,16.19,17.279680252075195,13.38758659362793
reaction:3338,P(tBu)3,1,,11.67,13.91018295288086,17.049205780029297
reaction:3339,P(Ph)3,1,,32.48,15.451614379882812,17.66053581237793
reaction:3340,AmPhos,1,,10.88,13.382282257080078,15.989814758300781
reaction:3341,P(Cy)3,0,,13.65,27.929040908813477,17.085285186767578
reaction:3342,P(o-Tol)3,7,,12.8,13.153629302978516,16.501670837402344
reaction:3343,CataCXium A,1,,14.05,18.840120315551758,18.062644958496094
reaction:3344,SPhos,2,,12.53,23.5526123046875,14.58638858795166
reaction:3346,XPhos,5,,33.09,19.475238800048828,15.676783561706543
reaction:3350,P(tBu)3,0,,11.86,16.459569931030273,15.87285041809082
reaction:3351,P(Ph)3,5,,13.7,18.52829360961914,16.898488998413086
reaction:3352,AmPhos,4,,11.93,17.49523162841797,14.811481475830078
reaction:3353,P(Cy)3,2,,11.79,22.83896827697754,15.553694725036621
reaction:3354,P(o-Tol)3,4,,25.41,20.353195190429688,15.735791206359863
reaction:3355,CataCXium A,1,,33.14,20.86859893798828,17.783828735351562
reaction:3356,SPhos,7,,12.96,25.242961883544922,15.157929420471191
reaction:3358,XPhos,5,,35.78,17.99677848815918,15.249564170837402
reaction:3362,P(tBu)3,0,,24.57,32.49159240722656,15.9541597366333
reaction:3363,P(Ph)3,7,,48.08,52.7663688659668,17.196502685546875
reaction:3364,AmPhos,7,,54.99,41.29225158691406,13.314485549926758
reaction:3365,P(Cy)3,3,,26.1,52.383697509765625,17.896535873413086
reaction:3366,P(o-Tol)3,1,,38.2,56.205352783203125,15.22776985168457
reaction:3367,CataCXium A,3,,71.95,40.01832580566406,16.380897521972656
reaction:3368,SPhos,5,,25.89,29.92389488220215,14.73636531829834
reaction:3370,XPhos,3,,27.69,30.589139938354492,16.51807975769043
reaction:3374,P(tBu)3,5,,23.77,26.626996994018555,15.25471305847168
reaction:3375,P(Ph)3,3,,72.56,70.61288452148438,18.905960083007812
reaction:3376,AmPhos,0,,39.11,32.52925491333008,13.696605682373047
reaction:3377,P(Cy)3,1,,61.53,55.778533935546875,19.056737899780273
reaction:3378,P(o-Tol)3,6,,35.64,36.530296325683594,14.44873332977295
reaction:3379,CataCXium A,4,,35.27,42.409114837646484,14.557068824768066
reaction:3380,SPhos,2,,47.03,47.99077606201172,14.33422565460205
reaction:3382,XPhos,4,,51.17,47.14099884033203,13.274837493896484
reaction:3386,P(tBu)3,4,,20.76,23.264204025268555,14.254408836364746
reaction:3387,P(Ph)3,0,,73.52,71.02873229980469,17.80699920654297
reaction:3388,AmPhos,4,,30.22,35.457847595214844,12.474547386169434
reaction:3389,P(Cy)3,3,,49.15,62.513999938964844,17.243879318237305
reaction:3390,P(o-Tol)3,6,,37.72,33.89033126831055,14.024323463439941
reaction:3391,CataCXium A,1,,36.05,36.82509231567383,17.179414749145508
reaction:3392,SPhos,5,,45.38,43.134498596191406,13.535995483398438
reaction:3394,XPhos,2,,47.38,45.0401725769043,13.847500801086426
reaction:3398,P(tBu)3,7,,20.85,18.22618293762207,13.924805641174316
reaction:3399,P(Ph)3,3,,74.41,65.99685668945312,18.819530487060547
reaction:3400,AmPhos,6,,25.49,32.529457092285156,12.66883373260498
reaction:3401,P(Cy)3,7,,47.92,55.34999084472656,16.160579681396484
reaction:3402,P(o-Tol)3,1,,31.78,34.8129997253418,14.229875564575195
reaction:3403,CataCXium A,1,,29.21,34.61907958984375,17.35068702697754
reaction:3404,SPhos,1,,50.69,41.8105354309082,11.614107131958008
reaction:3406,XPhos,4,,43.22,47.770137786865234,12.550186157226562
reaction:3410,P(tBu)3,0,,21.32,24.765560150146484,15.051874160766602
reaction:3411,P(Ph)3,3,,83.66,69.38725280761719,18.777694702148438
reaction:3412,AmPhos,2,,36.82,34.828155517578125,11.938886642456055
reaction:3413,P(Cy)3,5,,63.05,61.660011291503906,17.52901840209961
reaction:3414,P(o-Tol)3,3,,37.05,38.34748458862305,13.158931732177734
reaction:3415,CataCXium A,1,,40.78,40.80046844482422,17.195884704589844
reaction:3416,SPhos,5,,53.28,42.141883850097656,13.589873313903809
reaction:3418,XPhos,0,,46.27,49.82807159423828,15.052014350891113
reaction:3422,P(tBu)3,6,,18.29,21.504819869995117,14.987760543823242
reaction:3423,P(Ph)3,3,,71.31,70.56575775146484,18.7962646484375
reaction:3424,AmPhos,3,,31.01,33.33338165283203,11.63145637512207
reaction:3425,P(Cy)3,0,,69.26,55.60127258300781,17.529430389404297
reaction:3426,P(o-Tol)3,6,,37.59,33.15550994873047,14.420188903808594
reaction:3427,CataCXium A,2,,37.91,43.52155685424805,16.093116760253906
reaction:3428,SPhos,7,,23.2,43.59040069580078,18.302047729492188
reaction:3430,XPhos,7,,30.62,43.551361083984375,18.29556655883789
reaction:3434,P(tBu)3,4,,23.65,30.710988998413086,15.475934028625488
reaction:3435,P(Ph)3,3,,62.95,74.85980224609375,19.059101104736328
reaction:3436,AmPhos,0,,45.32,33.39408874511719,14.60157585144043
reaction:3437,P(Cy)3,4,,83.06,52.805694580078125,18.31997299194336
reaction:3438,P(o-Tol)3,4,,38.42,41.57752990722656,14.56277084350586
reaction:3439,CataCXium A,3,,43.3,44.24521255493164,16.226369857788086
reaction:3440,SPhos,3,,27.79,44.90702438354492,16.483394622802734
reaction:3442,XPhos,1,,48.35,32.47687911987305,13.545119285583496
reaction:3446,P(tBu)3,5,,20.59,23.560270309448242,15.433320045471191
reaction:3447,P(Ph)3,5,,84.54,73.11900329589844,18.253093719482422
reaction:3448,AmPhos,4,,31.28,35.249732971191406,13.416838645935059
reaction:3449,P(Cy)3,7,,64.63,63.308677673339844,16.731313705444336
reaction:3450,P(o-Tol)3,0,,44.63,32.853302001953125,14.43374252319336
reaction:3451,CataCXium A,7,,31.51,44.90160369873047,15.609864234924316
reaction:3452,SPhos,3,,52.78,43.26995849609375,16.254579544067383
reaction:3454,XPhos,0,,42.62,51.99085998535156,15.720760345458984
reaction:3458,P(tBu)3,6,,14.78,17.032445907592773,15.539294242858887
reaction:3459,P(Ph)3,6,,15.69,20.78540802001953,16.2652645111084
reaction:3460,AmPhos,5,,16.01,14.369564056396484,14.321125030517578
reaction:3461,P(Cy)3,3,,19.35,13.78936767578125,16.431568145751953
reaction:3462,P(o-Tol)3,4,,17.37,16.89678955078125,15.768562316894531
reaction:3463,CataCXium A,6,,15.16,17.234920501708984,16.290382385253906
reaction:3464,SPhos,2,,14.48,16.157575607299805,14.984326362609863
reaction:3466,XPhos,7,,16.12,15.703310012817383,14.983023643493652
reaction:3470,P(tBu)3,3,,17.82,20.297016143798828,15.536731719970703
reaction:3471,P(Ph)3,5,,19.46,20.48934555053711,16.072799682617188
reaction:3472,AmPhos,6,,20.67,19.179094314575195,13.812182426452637
reaction:3473,P(Cy)3,2,,19.64,17.916311264038086,15.387796401977539
reaction:3474,P(o-Tol)3,2,,29.53,21.6187744140625,13.980860710144043
reaction:3475,CataCXium A,1,,19.42,22.852909088134766,17.508071899414062
reaction:3476,SPhos,1,,19.15,19.948463439941406,14.020097732543945
reaction:3478,XPhos,7,,20.14,17.358108520507812,14.249761581420898
reaction:3482,P(tBu)3,6,,18.86,16.338245391845703,14.132784843444824
reaction:3483,P(Ph)3,0,,16.12,15.98452377319336,16.307661056518555
reaction:3484,AmPhos,4,,16.64,15.081901550292969,13.972009658813477
reaction:3485,P(Cy)3,6,,16.07,15.554744720458984,14.902058601379395
reaction:3486,P(o-Tol)3,6,,17.97,23.150131225585938,15.109783172607422
reaction:3487,CataCXium A,4,,17.61,19.110759735107422,16.43684196472168
reaction:3488,SPhos,1,,17.31,17.47321891784668,13.346905708312988
reaction:3490,XPhos,3,,16.92,16.384122848510742,14.442486763000488
reaction:3494,P(tBu)3,2,,16.72,19.45081329345703,15.140912055969238
reaction:3495,P(Ph)3,0,,18.91,15.4002685546875,16.357078552246094
reaction:3496,AmPhos,7,,16.35,20.26645851135254,12.66135311126709
reaction:3497,P(Cy)3,6,,15.9,18.099496841430664,15.123730659484863
reaction:3498,P(o-Tol)3,0,,36.68,19.845653533935547,14.708511352539062
reaction:3499,CataCXium A,2,,24.07,19.19028663635254,16.119121551513672
reaction:3500,SPhos,6,,16.43,10.762928009033203,14.367608070373535
reaction:3502,XPhos,3,,4.66,14.847064971923828,14.632367134094238
reaction:3506,P(tBu)3,1,,15.83,15.05301284790039,16.092065811157227
reaction:3507,P(Ph)3,5,,15.34,16.489452362060547,15.621329307556152
reaction:3508,AmPhos,0,,15.09,16.445659637451172,13.258334159851074
reaction:3509,P(Cy)3,1,,15.73,14.018661499023438,15.69955825805664
reaction:3510,P(o-Tol)3,0,,13.61,19.492828369140625,14.810039520263672
reaction:3511,CataCXium A,0,,15.62,19.044334411621094,15.407773971557617
reaction:3512,SPhos,3,,15.39,14.685726165771484,14.459117889404297
reaction:3514,XPhos,2,,14.07,14.387775421142578,13.706517219543457
reaction:3518,P(tBu)3,2,,16.0,15.15576171875,15.23261833190918
reaction:3519,P(Ph)3,6,,16.23,19.379606246948242,15.414162635803223
reaction:3520,AmPhos,0,,12.4,15.218681335449219,13.28966236114502
reaction:3521,P(Cy)3,1,,14.32,16.590837478637695,15.82624626159668
reaction:3522,P(o-Tol)3,6,,15.59,21.10162353515625,15.332378387451172
reaction:3523,CataCXium A,3,,16.37,18.794246673583984,15.361214637756348
reaction:3524,SPhos,5,,13.25,15.83450698852539,14.509756088256836
reaction:3526,XPhos,5,,15.8,14.129505157470703,14.544539451599121
reaction:3530,P(tBu)3,2,,17.17,14.424095153808594,16.098554611206055
reaction:3531,P(Ph)3,7,,19.75,21.050933837890625,17.029804229736328
reaction:3532,AmPhos,3,,12.94,17.664020538330078,15.24627685546875
reaction:3533,P(Cy)3,7,,14.18,19.89725112915039,16.18556022644043
reaction:3534,P(o-Tol)3,6,,15.69,22.285348892211914,16.223793029785156
reaction:3535,CataCXium A,2,,22.51,18.081758499145508,16.912092208862305
reaction:3536,SPhos,6,,15.14,16.037824630737305,15.718245506286621
reaction:3538,XPhos,2,,14.17,15.393917083740234,15.099875450134277
reaction:3542,P(tBu)3,0,,14.14,19.561655044555664,15.086952209472656
reaction:3543,P(Ph)3,6,,15.19,22.86170196533203,15.968751907348633
reaction:3544,AmPhos,6,,16.49,15.42380142211914,14.378907203674316
reaction:3545,P(Cy)3,6,,16.02,18.573707580566406,15.740696907043457
reaction:3546,P(o-Tol)3,0,,15.25,17.027847290039062,15.42082691192627
reaction:3547,CataCXium A,4,,13.53,18.722688674926758,16.82025909423828
reaction:3548,SPhos,6,,14.34,23.59007453918457,15.162992477416992
reaction:3550,XPhos,6,,15.27,23.209983825683594,15.135786056518555
reaction:3554,P(tBu)3,1,,31.76,26.225990295410156,18.03449821472168
reaction:3555,P(Ph)3,4,,51.68,48.34611511230469,17.39013671875
reaction:3556,AmPhos,3,,37.57,39.75962448120117,15.704148292541504
reaction:3557,P(Cy)3,1,,47.6,38.12474060058594,18.210176467895508
reaction:3558,P(o-Tol)3,1,,34.75,37.8247184753418,17.820627212524414
reaction:3559,CataCXium A,6,,55.11,50.478065490722656,16.770992279052734
reaction:3560,SPhos,0,,31.85,29.32231330871582,16.62777328491211
reaction:3562,XPhos,4,,29.92,30.16191291809082,15.223893165588379
reaction:3566,P(tBu)3,0,,27.16,29.832141876220703,16.966798782348633
reaction:3567,P(Ph)3,7,,47.7,51.247737884521484,16.99012565612793
reaction:3568,AmPhos,4,,43.3,37.64771270751953,15.6307373046875
reaction:3569,P(Cy)3,2,,44.4,34.18564224243164,16.41050148010254
reaction:3570,P(o-Tol)3,4,,34.11,39.82688903808594,16.311962127685547
reaction:3571,CataCXium A,4,,46.43,55.27910232543945,17.19818687438965
reaction:3572,SPhos,5,,27.58,26.936389923095703,15.825773239135742
reaction:3574,XPhos,2,,23.65,28.537282943725586,15.290040969848633
reaction:3578,P(tBu)3,3,,21.26,23.47071647644043,15.431336402893066
reaction:3579,P(Ph)3,6,,42.44,42.208030700683594,15.409342765808105
reaction:3580,AmPhos,6,,30.95,34.71060562133789,14.847189903259277
reaction:3581,P(Cy)3,1,,27.31,33.35004425048828,17.65974235534668
reaction:3582,P(o-Tol)3,5,,34.82,34.98161315917969,14.090524673461914
reaction:3583,CataCXium A,6,,56.37,48.17622375488281,15.779236793518066
reaction:3584,SPhos,7,,27.03,26.849102020263672,16.992807388305664
reaction:3586,XPhos,6,,23.4,26.542146682739258,15.84650993347168
reaction:3590,P(tBu)3,0,,22.12,26.307048797607422,16.79791831970215
reaction:3591,P(Ph)3,7,,34.49,46.75510787963867,16.855104446411133
reaction:3592,AmPhos,0,,36.44,35.85337829589844,16.04966163635254
reaction:3593,P(Cy)3,1,,32.77,28.561649322509766,17.761865615844727
reaction:3594,P(o-Tol)3,1,,35.01,36.264869689941406,17.28788948059082
reaction:3595,CataCXium A,7,,41.14,53.40235900878906,15.996549606323242
reaction:3596,SPhos,1,,23.89,26.703166961669922,13.904900550842285
reaction:3598,XPhos,6,,23.11,23.777301788330078,16.079025268554688
reaction:3602,P(tBu)3,7,,26.44,22.600675582885742,13.41332721710205
reaction:3603,P(Ph)3,5,,42.52,41.34072494506836,17.102693557739258
reaction:3604,AmPhos,0,,27.31,38.1036262512207,16.01329231262207
reaction:3605,P(Cy)3,4,,23.96,37.67365646362305,15.834271430969238
reaction:3606,P(o-Tol)3,0,,37.34,35.85436248779297,16.678359985351562
reaction:3607,CataCXium A,1,,49.39,48.29759216308594,18.27430534362793
reaction:3608,SPhos,7,,22.85,27.334003448486328,17.02212142944336
reaction:3610,XPhos,1,,24.26,23.06797981262207,13.817301750183105
reaction:3614,P(tBu)3,6,,26.61,27.154319763183594,16.285024642944336
reaction:3615,P(Ph)3,0,,47.17,41.84220504760742,17.535560607910156
reaction:3616,AmPhos,6,,41.97,39.11680603027344,15.182897567749023
reaction:3617,P(Cy)3,4,,30.56,41.40575408935547,15.93688678741455
reaction:3618,P(o-Tol)3,3,,37.91,39.98170852661133,15.72266960144043
reaction:3619,CataCXium A,0,,60.3,51.189727783203125,16.849040985107422
reaction:3620,SPhos,5,,30.31,27.961381912231445,15.666582107543945
reaction:3622,XPhos,5,,29.03,26.525896072387695,15.6224365234375
reaction:3626,P(tBu)3,4,,29.1,27.94786262512207,16.98176383972168
reaction:3627,P(Ph)3,5,,53.77,42.93391799926758,17.81283187866211
reaction:3628,AmPhos,7,,42.75,40.26435852050781,14.199714660644531
reaction:3629,P(Cy)3,5,,38.71,35.29243087768555,17.11557388305664
reaction:3630,P(o-Tol)3,7,,35.42,40.40076446533203,15.229233741760254
reaction:3631,CataCXium A,3,,60.07,51.39358139038086,16.709440231323242
reaction:3632,SPhos,0,,32.04,28.217119216918945,16.76099967956543
reaction:3634,XPhos,7,,28.83,29.591516494750977,17.822763442993164
reaction:3638,P(tBu)3,5,,23.75,32.179168701171875,14.497897148132324
reaction:3639,P(Ph)3,0,,55.89,44.416751861572266,17.80515480041504
reaction:3640,AmPhos,2,,44.98,37.96384048461914,15.81740951538086
reaction:3641,P(Cy)3,1,,43.32,37.64055252075195,17.957141876220703
reaction:3642,P(o-Tol)3,0,,40.65,37.924583435058594,17.037296295166016
reaction:3643,CataCXium A,7,,58.2,56.630741119384766,16.49614143371582
reaction:3644,SPhos,3,,30.76,30.85820960998535,14.529473304748535
reaction:3646,XPhos,1,,31.51,26.940000534057617,14.498966217041016
reaction:3650,P(tBu)3,6,,13.05,20.00763511657715,15.919452667236328
reaction:3651,P(Ph)3,4,,15.86,20.003644943237305,17.412094116210938
reaction:3652,AmPhos,6,,21.99,16.166534423828125,15.0656156539917
reaction:3653,P(Cy)3,5,,17.53,16.35594940185547,15.704241752624512
reaction:3654,P(o-Tol)3,0,,14.79,15.713565826416016,15.694906234741211
reaction:3655,CataCXium A,2,,13.97,17.31324577331543,16.92522430419922
reaction:3656,SPhos,3,,14.89,20.160200119018555,14.809022903442383
reaction:3658,XPhos,1,,22.39,13.39487075805664,15.830643653869629
reaction:3662,P(tBu)3,4,,16.21,20.486555099487305,16.312366485595703
reaction:3663,P(Ph)3,5,,20.23,19.33684539794922,16.56688117980957
reaction:3664,AmPhos,4,,19.9,19.621002197265625,15.159455299377441
reaction:3665,P(Cy)3,5,,16.86,19.075300216674805,15.366552352905273
reaction:3666,P(o-Tol)3,5,,19.22,18.917757034301758,14.655241012573242
reaction:3667,CataCXium A,0,,18.83,17.342784881591797,15.914175987243652
reaction:3668,SPhos,0,,18.66,20.338502883911133,15.69979476928711
reaction:3670,XPhos,1,,19.78,16.693429946899414,15.241978645324707
reaction:3674,P(tBu)3,4,,19.09,16.46137809753418,15.852387428283691
reaction:3675,P(Ph)3,6,,16.59,16.304685592651367,14.151766777038574
reaction:3676,AmPhos,3,,13.82,18.076427459716797,14.608736038208008
reaction:3677,P(Cy)3,0,,16.67,14.996967315673828,15.92159652709961
reaction:3678,P(o-Tol)3,7,,20.61,15.01397705078125,13.721619606018066
reaction:3679,CataCXium A,4,,15.85,16.92125701904297,16.721895217895508
reaction:3680,SPhos,0,,14.7,17.71874237060547,15.265458106994629
reaction:3682,XPhos,6,,16.51,16.8094482421875,14.536602020263672
reaction:3686,P(tBu)3,4,,18.87,16.922883987426758,15.93359661102295
reaction:3687,P(Ph)3,2,,15.17,16.071470260620117,15.827614784240723
reaction:3688,AmPhos,5,,12.52,17.94460678100586,13.597884178161621
reaction:3689,P(Cy)3,3,,14.04,16.038789749145508,16.49980354309082
reaction:3690,P(o-Tol)3,4,,14.41,17.854259490966797,15.351666450500488
reaction:3691,CataCXium A,7,,14.16,16.23102378845215,14.925047874450684
reaction:3692,SPhos,6,,8.89,10.494937896728516,14.766345977783203
reaction:3694,XPhos,0,,5.87,12.096473693847656,15.305830955505371
reaction:3698,P(tBu)3,6,,14.85,16.50969886779785,14.497908592224121
reaction:3699,P(Ph)3,0,,15.24,16.58734703063965,16.70578384399414
reaction:3700,AmPhos,2,,13.75,14.383338928222656,13.859707832336426
reaction:3701,P(Cy)3,6,,13.5,13.231945037841797,14.80466079711914
reaction:3702,P(o-Tol)3,2,,15.93,13.982479095458984,14.975677490234375
reaction:3703,CataCXium A,6,,14.94,14.728160858154297,15.66954231262207
reaction:3704,SPhos,1,,13.89,16.7640438079834,14.79442310333252
reaction:3706,XPhos,5,,15.15,14.020797729492188,14.22403335571289
reaction:3710,P(tBu)3,7,,15.33,17.200593948364258,15.463760375976562
reaction:3711,P(Ph)3,4,,15.57,19.178014755249023,16.849525451660156
reaction:3712,AmPhos,7,,14.34,16.469961166381836,13.633580207824707
reaction:3713,P(Cy)3,6,,16.56,12.942363739013672,14.993646621704102
reaction:3714,P(o-Tol)3,0,,14.67,14.057090759277344,15.0086088180542
reaction:3715,CataCXium A,3,,13.1,16.63296127319336,16.453536987304688
reaction:3716,SPhos,1,,14.39,15.05450439453125,15.067516326904297
reaction:3718,XPhos,1,,15.63,12.797271728515625,15.062363624572754
reaction:3722,P(tBu)3,5,,13.46,16.356414794921875,16.24966049194336
reaction:3723,P(Ph)3,4,,15.1,22.74998664855957,17.42009925842285
reaction:3724,AmPhos,5,,13.14,18.405363082885742,15.014667510986328
reaction:3725,P(Cy)3,1,,14.73,17.205848693847656,16.789615631103516
reaction:3726,P(o-Tol)3,3,,14.45,16.569093704223633,16.426557540893555
reaction:3727,CataCXium A,6,,19.58,19.44365692138672,16.739532470703125
reaction:3728,SPhos,2,,13.61,18.67762565612793,14.992484092712402
reaction:3730,XPhos,6,,15.96,16.305227279663086,16.067424774169922
reaction:3734,P(tBu)3,7,,31.57,21.306589126586914,15.929430961608887
reaction:3735,P(Ph)3,4,,19.08,20.738916397094727,17.192977905273438
reaction:3736,AmPhos,6,,26.77,21.755977630615234,14.455974578857422
reaction:3737,P(Cy)3,3,,13.69,17.771249771118164,16.848154067993164
reaction:3738,P(o-Tol)3,3,,14.13,22.755949020385742,16.282371520996094
reaction:3739,CataCXium A,3,,14.55,20.074676513671875,16.796735763549805
reaction:3740,SPhos,7,,31.35,15.961238861083984,14.925403594970703
reaction:3742,XPhos,6,,15.82,27.76137351989746,15.435294151306152
reaction:3746,P(tBu)3,7,,16.44,36.63690948486328,14.825040817260742
reaction:3747,P(Ph)3,1,,56.56,52.84838104248047,19.73082160949707
reaction:3748,AmPhos,0,,45.17,42.78361129760742,15.422540664672852
reaction:3749,P(Cy)3,5,,21.88,57.506385803222656,19.00731658935547
reaction:3750,P(o-Tol)3,3,,56.29,56.27137756347656,15.054776191711426
reaction:3751,CataCXium A,3,,43.94,53.29278564453125,16.823055267333984
reaction:3752,SPhos,7,,29.67,58.263572692871094,19.438753128051758
reaction:3754,XPhos,7,,30.14,55.37363815307617,19.449575424194336
reaction:3758,P(tBu)3,6,,48.3,44.458953857421875,14.555021286010742
reaction:3759,P(Ph)3,7,,75.18,78.30989837646484,15.711514472961426
reaction:3760,AmPhos,7,,63.04,65.65046691894531,12.016305923461914
reaction:3761,P(Cy)3,5,,75.06,71.01858520507812,18.88007354736328
reaction:3762,P(o-Tol)3,7,,72.15,73.49104309082031,13.735528945922852
reaction:3763,CataCXium A,4,,70.31,71.58063507080078,15.78222942352295
reaction:3764,SPhos,3,,62.57,62.61483383178711,14.184412002563477
reaction:3766,XPhos,7,,61.95,59.008514404296875,19.280174255371094
reaction:3770,P(tBu)3,5,,42.64,43.9096565246582,13.97176742553711
reaction:3771,P(Ph)3,6,,69.39,76.89666748046875,15.933450698852539
reaction:3772,AmPhos,0,,60.07,63.082427978515625,14.472904205322266
reaction:3773,P(Cy)3,2,,68.64,63.306915283203125,15.003448486328125
reaction:3774,P(o-Tol)3,3,,69.92,69.72540283203125,13.684722900390625
reaction:3775,CataCXium A,0,,64.04,71.3299560546875,16.37778091430664
reaction:3776,SPhos,1,,51.08,61.087371826171875,19.272188186645508
reaction:3778,XPhos,2,,57.92,54.10388946533203,19.128644943237305
reaction:3782,P(tBu)3,4,,44.23,45.91469955444336,14.714323043823242
reaction:3783,P(Ph)3,4,,78.31,77.72740173339844,18.297788619995117
reaction:3784,AmPhos,2,,61.48,63.02250671386719,12.075479507446289
reaction:3785,P(Cy)3,1,,73.72,65.99593353271484,19.206628799438477
reaction:3786,P(o-Tol)3,0,,73.24,70.2630386352539,15.194136619567871
reaction:3787,CataCXium A,3,,63.42,73.12106323242188,16.04522705078125
reaction:3788,SPhos,1,,69.82,64.37907409667969,19.319547653198242
reaction:3790,XPhos,5,,64.55,61.08195495605469,18.92337417602539
reaction:3794,P(tBu)3,3,,53.09,47.55964279174805,14.110153198242188
reaction:3795,P(Ph)3,5,,81.48,74.50049591064453,18.694469451904297
reaction:3796,AmPhos,1,,70.14,70.81172943115234,12.204172134399414
reaction:3797,P(Cy)3,5,,69.95,72.11410522460938,18.71746826171875
reaction:3798,P(o-Tol)3,7,,80.65,75.42739868164062,13.324930191040039
reaction:3799,CataCXium A,7,,82.23,70.21981811523438,15.335824012756348
reaction:3800,SPhos,6,,66.4,60.52181625366211,16.650543212890625
reaction:3802,XPhos,1,,61.03,59.24209976196289,19.3076114654541
reaction:3806,P(tBu)3,0,,46.61,51.435550689697266,16.08455467224121
reaction:3807,P(Ph)3,3,,80.09,76.2257080078125,17.855144500732422
reaction:3808,AmPhos,4,,74.74,65.60775756835938,12.541093826293945
reaction:3809,P(Cy)3,2,,73.91,68.76701354980469,15.225576400756836
reaction:3810,P(o-Tol)3,3,,79.4,77.66216278076172,13.904977798461914
reaction:3811,CataCXium A,6,,81.25,74.39656066894531,15.80472469329834
reaction:3812,SPhos,2,,58.75,57.430213928222656,19.21216583251953
reaction:3814,XPhos,2,,44.35,56.08894729614258,19.216691970825195
reaction:3818,P(tBu)3,4,,53.82,51.15998077392578,16.00556755065918
reaction:3819,P(Ph)3,1,,82.9,71.18592834472656,19.762006759643555
reaction:3820,AmPhos,4,,78.92,68.3152847290039,14.298454284667969
reaction:3821,P(Cy)3,6,,66.13,69.24853515625,16.282039642333984
reaction:3822,P(o-Tol)3,6,,84.77,79.09037780761719,15.326276779174805
reaction:3823,CataCXium A,4,,74.96,74.466552734375,16.4411563873291
reaction:3824,SPhos,2,,59.47,53.481536865234375,19.400739669799805
reaction:3826,XPhos,1,,50.87,54.888938903808594,19.57025718688965
reaction:3830,P(tBu)3,3,,49.74,48.590946197509766,14.784907341003418
reaction:3831,P(Ph)3,7,,78.9,78.36563110351562,16.14940071105957
reaction:3832,AmPhos,2,,70.77,66.0758056640625,13.119904518127441
reaction:3833,P(Cy)3,3,,78.59,68.68147277832031,17.46906089782715
reaction:3834,P(o-Tol)3,6,,71.82,76.27884674072266,14.408549308776855
reaction:3835,CataCXium A,2,,76.98,71.23249053955078,15.903693199157715
reaction:3836,SPhos,6,,68.51,65.9095230102539,17.171451568603516
reaction:3838,XPhos,1,,67.02,61.6368293762207,19.427091598510742
reaction:3842,P(tBu)3,6,,12.41,17.528125762939453,16.590200424194336
reaction:3843,P(Ph)3,3,,23.02,22.075712203979492,16.855144500732422
reaction:3844,AmPhos,0,,20.7,15.458354949951172,14.946670532226562
reaction:3845,P(Cy)3,4,,12.94,15.545799255371094,16.249773025512695
reaction:3846,P(o-Tol)3,1,,15.23,13.021293640136719,16.42142105102539
reaction:3847,CataCXium A,6,,14.79,19.783967971801758,17.536123275756836
reaction:3848,SPhos,4,,13.01,13.119815826416016,15.498412132263184
reaction:3850,XPhos,2,,13.88,13.919963836669922,14.974337577819824
reaction:3854,P(tBu)3,5,,15.81,15.032386779785156,15.941047668457031
reaction:3855,P(Ph)3,1,,18.18,22.035255432128906,16.859622955322266
reaction:3856,AmPhos,7,,17.45,16.071237564086914,13.82361125946045
reaction:3857,P(Cy)3,2,,17.86,16.97616958618164,15.234413146972656
reaction:3858,P(o-Tol)3,1,,17.29,15.229122161865234,15.925507545471191
reaction:3859,CataCXium A,7,,18.96,16.006078720092773,15.194581031799316
reaction:3860,SPhos,6,,17.79,19.351505279541016,14.34450626373291
reaction:3862,XPhos,1,,21.26,16.305307388305664,15.237406730651855
reaction:3866,P(tBu)3,2,,12.17,13.431373596191406,15.912010192871094
reaction:3867,P(Ph)3,5,,17.75,15.589752197265625,16.64739990234375
reaction:3868,AmPhos,5,,13.16,14.816089630126953,14.2496919631958
reaction:3869,P(Cy)3,2,,10.99,14.850570678710938,14.861102104187012
reaction:3870,P(o-Tol)3,3,,12.41,13.045238494873047,15.096301078796387
reaction:3871,CataCXium A,4,,14.15,12.5213623046875,16.655975341796875
reaction:3872,SPhos,2,,12.9,15.239093780517578,13.64134693145752
reaction:3874,XPhos,2,,12.01,15.707075119018555,13.716327667236328
reaction:3878,P(tBu)3,1,,14.14,10.034198760986328,16.643991470336914
reaction:3879,P(Ph)3,5,,22.09,16.59539222717285,16.70035171508789
reaction:3880,AmPhos,1,,11.54,11.503040313720703,15.348641395568848
reaction:3881,P(Cy)3,4,,10.1,14.372154235839844,15.333305358886719
reaction:3882,P(o-Tol)3,3,,10.87,13.13265609741211,15.268770217895508
reaction:3883,CataCXium A,5,,11.88,10.82638931274414,16.8011531829834
reaction:3884,SPhos,6,,13.93,15.706554412841797,14.207376480102539
reaction:3886,XPhos,1,,12.89,15.17319107055664,15.023838996887207
reaction:3890,P(tBu)3,0,,10.18,17.895174026489258,14.946554183959961
reaction:3891,P(Ph)3,1,,14.48,21.364782333374023,16.551557540893555
reaction:3892,AmPhos,6,,23.12,13.198169708251953,14.160168647766113
reaction:3893,P(Cy)3,3,,30.88,11.582820892333984,15.378897666931152
reaction:3894,P(o-Tol)3,7,,15.05,15.124805450439453,14.34316349029541
reaction:3895,CataCXium A,3,,15.78,14.794437408447266,15.666094779968262
reaction:3896,SPhos,5,,13.79,12.734466552734375,13.769831657409668
reaction:3898,XPhos,6,,12.72,14.454940795898438,13.98742961883545
reaction:3902,P(tBu)3,1,,11.97,13.013797760009766,16.543811798095703
reaction:3903,P(Ph)3,3,,15.43,23.091541290283203,16.21514320373535
reaction:3904,AmPhos,4,,14.47,15.282615661621094,14.916032791137695
reaction:3905,P(Cy)3,1,,13.34,14.671974182128906,15.14816665649414
reaction:3906,P(o-Tol)3,5,,13.04,12.731708526611328,15.44249439239502
reaction:3907,CataCXium A,7,,14.29,17.45221710205078,15.023493766784668
reaction:3908,SPhos,1,,12.48,13.077064514160156,14.992072105407715
reaction:3910,XPhos,6,,12.47,13.28342056274414,14.14473819732666
reaction:3914,P(tBu)3,1,,15.09,16.393712997436523,17.437030792236328
reaction:3915,P(Ph)3,3,,16.43,22.126977920532227,16.802515029907227
reaction:3916,AmPhos,1,,12.89,21.45490264892578,16.36019515991211
reaction:3917,P(Cy)3,7,,11.29,16.335384368896484,16.169954299926758
reaction:3918,P(o-Tol)3,6,,13.82,16.314594268798828,16.539257049560547
reaction:3919,CataCXium A,0,,14.88,13.088924407958984,16.342517852783203
reaction:3920,SPhos,3,,12.2,13.798259735107422,14.704741477966309
reaction:3922,XPhos,0,,13.04,13.539905548095703,15.412280082702637
reaction:3926,P(tBu)3,4,,12.86,14.641632080078125,16.27831268310547
reaction:3927,P(Ph)3,5,,17.77,22.49883270263672,17.096763610839844
reaction:3928,AmPhos,7,,17.88,16.25696563720703,14.42996597290039
reaction:3929,P(Cy)3,0,,12.99,13.181209564208984,15.83116340637207
reaction:3930,P(o-Tol)3,4,,13.53,17.22348976135254,16.232860565185547
reaction:3931,CataCXium A,4,,13.83,20.8143253326416,17.124963760375977
reaction:3932,SPhos,6,,12.68,13.82480239868164,14.7865629196167
reaction:3934,XPhos,4,,12.83,13.790912628173828,15.23293685913086
reaction:3938,P(tBu)3,0,,20.69,24.525390625,17.030349731445312
reaction:3939,P(Ph)3,4,,53.11,37.949119567871094,17.235023498535156
reaction:3940,AmPhos,0,,46.46,34.63164138793945,16.164567947387695
reaction:3941,P(Cy)3,0,,18.38,31.11506462097168,16.853992462158203
reaction:3942,P(o-Tol)3,6,,20.14,35.07991027832031,17.230655670166016
reaction:3943,CataCXium A,3,,58.69,41.55295181274414,16.15217399597168
reaction:3944,SPhos,6,,14.0,17.424997329711914,15.029829025268555
reaction:3946,XPhos,3,,16.74,16.872602462768555,16.043960571289062
reaction:3950,P(tBu)3,5,,17.7,18.36629867553711,16.588909149169922
reaction:3951,P(Ph)3,1,,32.1,44.98088836669922,16.86607551574707
reaction:3952,AmPhos,0,,17.87,24.269573211669922,15.580424308776855
reaction:3953,P(Cy)3,2,,18.72,12.253067016601562,16.145557403564453
reaction:3954,P(o-Tol)3,7,,16.32,7.4682464599609375,15.586262702941895
reaction:3955,CataCXium A,3,,17.77,37.11738586425781,15.732659339904785
reaction:3956,SPhos,5,,16.49,17.640792846679688,15.918766021728516
reaction:3958,XPhos,7,,16.07,19.72096824645996,14.979496955871582
reaction:3962,P(tBu)3,1,,28.53,16.897109985351562,15.58625602722168
reaction:3963,P(Ph)3,0,,37.86,42.82569122314453,16.4309024810791
reaction:3964,AmPhos,4,,24.69,30.648061752319336,16.087770462036133
reaction:3965,P(Cy)3,5,,16.02,12.461669921875,15.133279800415039
reaction:3966,P(o-Tol)3,1,,17.53,11.042522430419922,14.927762985229492
reaction:3967,CataCXium A,6,,19.02,38.01543426513672,17.771432876586914
reaction:3968,SPhos,5,,15.36,15.569343566894531,15.473702430725098
reaction:3970,XPhos,4,,16.52,16.99808692932129,15.595251083374023
reaction:3974,P(tBu)3,1,,18.4,16.576934814453125,15.742595672607422
reaction:3975,P(Ph)3,2,,32.6,48.1175537109375,17.06475067138672
reaction:3976,AmPhos,7,,21.01,25.253498077392578,14.456812858581543
reaction:3977,P(Cy)3,6,,14.75,11.716602325439453,17.81958770751953
reaction:3978,P(o-Tol)3,7,,22.25,10.526351928710938,15.419713020324707
reaction:3979,CataCXium A,1,,21.39,38.90937423706055,16.540279388427734
reaction:3980,SPhos,0,,15.41,19.28607940673828,15.887113571166992
reaction:3982,XPhos,3,,20.14,17.451032638549805,15.274397850036621
reaction:3986,P(tBu)3,5,,19.64,19.55132293701172,16.23570442199707
reaction:3987,P(Ph)3,2,,37.23,46.19792556762695,17.0191650390625
reaction:3988,AmPhos,0,,20.82,29.37116241455078,15.20919132232666
reaction:3989,P(Cy)3,7,,18.83,18.313722610473633,15.617708206176758
reaction:3990,P(o-Tol)3,3,,18.35,14.677780151367188,13.772669792175293
reaction:3991,CataCXium A,5,,33.48,37.73268508911133,15.733492851257324
reaction:3992,SPhos,5,,16.16,16.334331512451172,15.53481674194336
reaction:3994,XPhos,6,,17.41,16.482194900512695,13.863968849182129
reaction:3998,P(tBu)3,5,,22.93,25.6422119140625,16.326906204223633
reaction:3999,P(Ph)3,1,,57.68,43.21146774291992,16.686063766479492
reaction:4000,AmPhos,6,,40.65,30.1873722076416,16.04573631286621
reaction:4001,P(Cy)3,3,,20.38,27.947168350219727,15.663506507873535
reaction:4002,P(o-Tol)3,2,,17.77,28.510515213012695,16.56589698791504
reaction:4003,CataCXium A,4,,57.89,35.90202713012695,17.43191909790039
reaction:4004,SPhos,5,,17.04,16.158233642578125,15.587443351745605
reaction:4006,XPhos,2,,16.0,18.55405616760254,15.237571716308594
reaction:4010,P(tBu)3,0,,25.2,23.804243087768555,17.12912368774414
reaction:4011,P(Ph)3,6,,47.55,42.067298889160156,18.854930877685547
reaction:4012,AmPhos,0,,52.13,30.100421905517578,16.3265438079834
reaction:4013,P(Cy)3,0,,24.81,20.865737915039062,17.028518676757812
reaction:4014,P(o-Tol)3,6,,20.9,37.409423828125,17.511985778808594
reaction:4015,CataCXium A,0,,57.21,34.461700439453125,17.205291748046875
reaction:4016,SPhos,5,,17.2,16.774953842163086,16.457765579223633
reaction:4018,XPhos,6,,18.91,16.65550422668457,15.511842727661133
reaction:4022,P(tBu)3,6,,28.07,20.031545639038086,17.580368041992188
reaction:4023,P(Ph)3,4,,67.49,37.079917907714844,17.003664016723633
reaction:4024,AmPhos,6,,50.05,31.3332462310791,16.49715232849121
reaction:4025,P(Cy)3,6,,20.77,34.03946304321289,18.09040069580078
reaction:4026,P(o-Tol)3,4,,20.88,36.256656646728516,17.14075469970703
reaction:4027,CataCXium A,2,,67.61,37.19098663330078,17.768630981445312
reaction:4028,SPhos,4,,17.3,16.02750015258789,16.25126075744629
reaction:4030,XPhos,6,,16.23,16.608760833740234,14.67763614654541
reaction:4034,P(tBu)3,1,,12.02,15.109455108642578,16.643312454223633
reaction:4035,P(Ph)3,0,,13.72,18.82097816467285,16.70928192138672
reaction:4036,AmPhos,3,,12.47,14.21450424194336,14.69504165649414
reaction:4037,P(Cy)3,4,,11.65,11.490108489990234,16.33864974975586
reaction:4038,P(o-Tol)3,6,,13.9,14.889488220214844,16.454357147216797
reaction:4039,CataCXium A,7,,13.56,16.5911922454834,15.777058601379395
reaction:4040,SPhos,2,,13.75,13.53634262084961,15.397954940795898
reaction:4042,XPhos,7,,14.3,14.50680923461914,14.83584976196289
reaction:4046,P(tBu)3,5,,16.9,18.225675582885742,15.790508270263672
reaction:4047,P(Ph)3,2,,18.3,16.44147300720215,17.474607467651367
reaction:4048,AmPhos,1,,17.09,16.677101135253906,14.858017921447754
reaction:4049,P(Cy)3,4,,18.64,17.198400497436523,15.81898021697998
reaction:4050,P(o-Tol)3,7,,20.27,16.759416580200195,14.935508728027344
reaction:4051,CataCXium A,5,,22.53,15.108768463134766,17.511369705200195
reaction:4052,SPhos,7,,17.32,17.32127571105957,13.835941314697266
reaction:4054,XPhos,5,,17.09,17.325532913208008,14.103812217712402
reaction:4058,P(tBu)3,3,,13.04,13.079097747802734,15.032572746276855
reaction:4059,P(Ph)3,7,,13.51,16.337013244628906,15.047736167907715
reaction:4060,AmPhos,0,,12.36,12.236770629882812,14.145474433898926
reaction:4061,P(Cy)3,2,,14.06,13.184078216552734,15.326769828796387
reaction:4062,P(o-Tol)3,2,,14.22,14.863777160644531,15.863216400146484
reaction:4063,CataCXium A,5,,13.74,12.899383544921875,17.267940521240234
reaction:4064,SPhos,3,,14.1,15.280597686767578,14.240409851074219
reaction:4066,XPhos,7,,14.1,15.173755645751953,13.717743873596191
reaction:4070,P(tBu)3,6,,14.48,14.967960357666016,16.21228790283203
reaction:4071,P(Ph)3,2,,17.99,19.010669708251953,17.318693161010742
reaction:4072,AmPhos,5,,11.6,11.329940795898438,14.270051956176758
reaction:4073,P(Cy)3,4,,12.44,12.082714080810547,15.457015991210938
reaction:4074,P(o-Tol)3,1,,16.27,14.17001724243164,15.283859252929688
reaction:4075,CataCXium A,0,,12.36,13.040584564208984,15.534488677978516
reaction:4076,SPhos,1,,13.53,14.828800201416016,15.38366985321045
reaction:4078,XPhos,2,,13.5,14.584075927734375,14.31030559539795
reaction:4082,P(tBu)3,7,,13.12,10.7969970703125,14.739969253540039
reaction:4083,P(Ph)3,2,,15.23,15.387321472167969,17.299280166625977
reaction:4084,AmPhos,7,,11.83,10.55264663696289,13.882718086242676
reaction:4085,P(Cy)3,5,,13.09,17.1949405670166,15.113368034362793
reaction:4086,P(o-Tol)3,5,,13.77,14.551204681396484,15.426011085510254
reaction:4087,CataCXium A,6,,12.14,14.270011901855469,17.2960262298584
reaction:4088,SPhos,0,,12.62,14.124191284179688,15.247929573059082
reaction:4090,XPhos,7,,14.08,13.71603012084961,13.76795768737793
reaction:4094,P(tBu)3,2,,13.21,14.88275146484375,16.523693084716797
reaction:4095,P(Ph)3,5,,15.71,16.980445861816406,16.19366455078125
reaction:4096,AmPhos,2,,12.61,14.657955169677734,15.345630645751953
reaction:4097,P(Cy)3,6,,12.78,11.188217163085938,15.910268783569336
reaction:4098,P(o-Tol)3,7,,14.74,13.329586029052734,14.712767601013184
reaction:4099,CataCXium A,2,,13.87,17.42072105407715,17.0343074798584
reaction:4100,SPhos,0,,13.37,13.451045989990234,15.379170417785645
reaction:4102,XPhos,3,,14.58,13.079486846923828,14.402751922607422
reaction:4106,P(tBu)3,6,,12.49,11.141990661621094,17.216859817504883
reaction:4107,P(Ph)3,6,,20.36,18.94584083557129,17.496828079223633
reaction:4108,AmPhos,1,,13.01,16.294631958007812,15.8043851852417
reaction:4109,P(Cy)3,7,,13.94,16.369644165039062,16.373823165893555
reaction:4110,P(o-Tol)3,6,,14.48,19.202184677124023,16.910924911499023
reaction:4111,CataCXium A,6,,14.14,20.248167037963867,18.156734466552734
reaction:4112,SPhos,6,,13.14,15.384658813476562,14.785100936889648
reaction:4114,XPhos,7,,13.69,15.26290512084961,15.49537181854248
reaction:4118,P(tBu)3,7,,13.15,12.817581176757812,15.40634536743164
reaction:4119,P(Ph)3,2,,16.14,22.237548828125,17.614072799682617
reaction:4120,AmPhos,3,,12.26,15.276676177978516,14.360800743103027
reaction:4121,P(Cy)3,3,,14.6,12.04250717163086,15.613348960876465
reaction:4122,P(o-Tol)3,0,,14.35,14.035236358642578,15.648040771484375
reaction:4123,CataCXium A,5,,15.34,17.896549224853516,17.591276168823242
reaction:4124,SPhos,1,,13.64,14.994483947753906,15.719827651977539
reaction:4126,XPhos,2,,14.78,14.580780029296875,14.966663360595703
reaction:4130,P(tBu)3,6,,56.15,52.641963958740234,15.393146514892578
reaction:4131,P(Ph)3,4,,48.5,55.64890670776367,19.02018165588379
reaction:4132,AmPhos,1,,62.12,56.55535888671875,14.204304695129395
reaction:4133,P(Cy)3,7,,20.21,15.615898132324219,17.916057586669922
reaction:4134,P(o-Tol)3,1,,74.71,69.7134017944336,14.739497184753418
reaction:4135,CataCXium A,2,,60.48,60.813941955566406,17.468027114868164
reaction:4136,SPhos,2,,18.91,33.26190185546875,14.275757789611816
reaction:4138,XPhos,3,,29.22,23.92867088317871,18.846576690673828
reaction:4142,P(tBu)3,5,,38.52,44.26131820678711,15.200855255126953
reaction:4143,P(Ph)3,7,,58.94,59.49738311767578,17.279268264770508
reaction:4144,AmPhos,3,,46.32,42.880584716796875,12.986482620239258
reaction:4145,P(Cy)3,7,,27.29,18.001667022705078,17.64284324645996
reaction:4146,P(o-Tol)3,3,,51.26,62.13325881958008,13.67363166809082
reaction:4147,CataCXium A,4,,44.78,53.13453674316406,15.729385375976562
reaction:4148,SPhos,7,,47.02,41.730018615722656,13.351218223571777
reaction:4150,XPhos,4,,41.29,46.26905059814453,15.801753997802734
reaction:4154,P(tBu)3,1,,46.83,48.956207275390625,15.021540641784668
reaction:4155,P(Ph)3,7,,68.15,62.938846588134766,17.0380859375
reaction:4156,AmPhos,7,,57.98,50.284637451171875,11.837821960449219
reaction:4157,P(Cy)3,2,,31.08,27.538068771362305,18.620813369750977
reaction:4158,P(o-Tol)3,5,,74.84,71.92306518554688,13.572566986083984
reaction:4159,CataCXium A,3,,66.67,59.99018859863281,15.382954597473145
reaction:4160,SPhos,4,,51.04,45.196380615234375,15.322450637817383
reaction:4162,XPhos,3,,49.83,45.19956970214844,18.50031089782715
reaction:4166,P(tBu)3,1,,39.95,25.048397064208984,15.221052169799805
reaction:4167,P(Ph)3,1,,73.12,48.792537689208984,16.508228302001953
reaction:4168,AmPhos,4,,6.65,52.75644302368164,11.987504959106445
reaction:4169,P(Cy)3,3,,0.0,36.104774475097656,18.45047378540039
reaction:4170,P(o-Tol)3,6,,63.01,48.675724029541016,13.771618843078613
reaction:4171,CataCXium A,6,,61.84,35.66618347167969,16.496747970581055
reaction:4172,SPhos,3,,59.43,51.630279541015625,18.54424476623535
reaction:4174,XPhos,0,,58.39,51.55936813354492,16.554105758666992
reaction:4178,P(tBu)3,3,,57.66,48.17738342285156,14.747159957885742
reaction:4179,P(Ph)3,5,,40.92,67.45835876464844,19.270397186279297
reaction:4180,AmPhos,5,,52.74,55.9515266418457,12.256072044372559
reaction:4181,P(Cy)3,7,,35.41,14.629981994628906,17.45993423461914
reaction:4182,P(o-Tol)3,0,,74.05,72.01554870605469,13.217766761779785
reaction:4183,CataCXium A,0,,57.44,64.04397583007812,14.148122787475586
reaction:4184,SPhos,6,,39.32,45.00347137451172,18.57466697692871
reaction:4186,XPhos,3,,46.03,39.01443099975586,18.508691787719727
reaction:4190,P(tBu)3,3,,40.8,49.26560592651367,14.881874084472656
reaction:4191,P(Ph)3,6,,64.11,56.46982192993164,18.835317611694336
reaction:4192,AmPhos,7,,57.24,47.62891387939453,12.059394836425781
reaction:4193,P(Cy)3,1,,17.87,29.079727172851562,15.820578575134277
reaction:4194,P(o-Tol)3,2,,71.99,68.95610809326172,13.705212593078613
reaction:4195,CataCXium A,2,,65.69,59.01263427734375,16.9582576751709
reaction:4196,SPhos,1,,21.1,33.82505798339844,16.150936126708984
reaction:4198,XPhos,2,,24.86,30.128938674926758,12.948883056640625
reaction:4202,P(tBu)3,7,,57.08,61.373085021972656,15.558006286621094
reaction:4203,P(Ph)3,2,,64.73,59.18688201904297,19.477142333984375
reaction:4204,AmPhos,0,,71.17,55.61143112182617,13.445562362670898
reaction:4205,P(Cy)3,7,,28.01,23.521968841552734,18.221336364746094
reaction:4206,P(o-Tol)3,7,,74.34,74.38346862792969,15.068774223327637
reaction:4207,CataCXium A,6,,56.68,61.93761444091797,17.351829528808594
reaction:4208,SPhos,3,,32.23,35.788665771484375,18.805761337280273
reaction:4210,XPhos,6,,33.45,33.905723571777344,19.08702278137207
reaction:4214,P(tBu)3,3,,45.81,48.027076721191406,15.374136924743652
reaction:4215,P(Ph)3,3,,72.19,59.43348693847656,18.917438507080078
reaction:4216,AmPhos,1,,52.92,50.83041000366211,13.213354110717773
reaction:4217,P(Cy)3,1,,28.32,32.50315856933594,16.19105339050293
reaction:4218,P(o-Tol)3,5,,68.86,67.78400421142578,14.397133827209473
reaction:4219,CataCXium A,3,,59.44,58.49588394165039,16.055788040161133
reaction:4220,SPhos,0,,54.8,42.6134033203125,17.09540367126465
reaction:4222,XPhos,0,,42.55,42.74665451049805,17.141197204589844
reaction:4226,P(tBu)3,3,,16.56,17.438966751098633,15.362939834594727
reaction:4227,P(Ph)3,3,,19.58,17.601781845092773,16.68384552001953
reaction:4228,AmPhos,6,,17.09,16.88996124267578,14.842161178588867
reaction:4229,P(Cy)3,3,,17.27,16.415508270263672,16.96573257446289
reaction:4230,P(o-Tol)3,0,,18.46,16.678878784179688,15.376790046691895
reaction:4231,CataCXium A,4,,21.89,18.017854690551758,15.430315017700195
reaction:4232,SPhos,1,,16.09,16.23873519897461,15.249216079711914
reaction:4234,XPhos,1,,17.25,17.39017677307129,15.317017555236816
reaction:4238,P(tBu)3,1,,16.17,13.894073486328125,15.473472595214844
reaction:4239,P(Ph)3,3,,18.37,19.680498123168945,16.200349807739258
reaction:4240,AmPhos,3,,15.92,14.8551025390625,13.983941078186035
reaction:4241,P(Cy)3,7,,20.33,17.43697738647461,15.633748054504395
reaction:4242,P(o-Tol)3,0,,15.52,15.482749938964844,14.838117599487305
reaction:4243,CataCXium A,3,,16.65,16.199443817138672,15.267355918884277
reaction:4244,SPhos,4,,17.6,12.33768081665039,15.05476188659668
reaction:4246,XPhos,2,,16.82,14.501701354980469,13.755480766296387
reaction:4250,P(tBu)3,1,,19.02,16.511056900024414,15.052559852600098
reaction:4251,P(Ph)3,2,,17.07,18.20391082763672,15.904502868652344
reaction:4252,AmPhos,3,,19.41,16.934694290161133,13.306961059570312
reaction:4253,P(Cy)3,3,,19.05,16.392261505126953,16.17188835144043
reaction:4254,P(o-Tol)3,0,,18.46,17.141267776489258,14.376372337341309
reaction:4255,CataCXium A,2,,16.05,17.678855895996094,15.22622013092041
reaction:4256,SPhos,0,,17.84,16.71486473083496,12.79146957397461
reaction:4258,XPhos,3,,16.16,19.526233673095703,13.91960620880127
reaction:4262,P(tBu)3,7,,15.77,15.38016128540039,14.054096221923828
reaction:4263,P(Ph)3,2,,15.01,16.893213272094727,16.030569076538086
reaction:4264,AmPhos,7,,12.55,14.427413940429688,13.443010330200195
reaction:4265,P(Cy)3,7,,14.57,15.747858047485352,15.463787078857422
reaction:4266,P(o-Tol)3,3,,15.0,15.911149978637695,14.422371864318848
reaction:4267,CataCXium A,2,,13.51,14.647842407226562,15.353466987609863
reaction:4268,SPhos,5,,15.85,16.591590881347656,13.69697093963623
reaction:4270,XPhos,4,,14.19,19.017532348632812,14.584911346435547
reaction:4274,P(tBu)3,4,,13.07,16.34232521057129,13.855159759521484
reaction:4275,P(Ph)3,5,,18.44,16.37251853942871,15.487759590148926
reaction:4276,AmPhos,2,,15.32,14.904903411865234,13.342741012573242
reaction:4277,P(Cy)3,5,,16.18,15.81733512878418,14.68055534362793
reaction:4278,P(o-Tol)3,6,,16.91,14.993682861328125,14.71514892578125
reaction:4279,CataCXium A,5,,16.03,14.836040496826172,15.181915283203125
reaction:4280,SPhos,2,,16.08,17.07663345336914,13.437268257141113
reaction:4282,XPhos,6,,17.59,16.64210319519043,13.564342498779297
reaction:4286,P(tBu)3,5,,12.92,16.50790786743164,14.626924514770508
reaction:4287,P(Ph)3,2,,14.61,18.54698371887207,16.072284698486328
reaction:4288,AmPhos,4,,13.97,14.105449676513672,13.384736061096191
reaction:4289,P(Cy)3,3,,12.83,15.65679931640625,16.347047805786133
reaction:4290,P(o-Tol)3,4,,13.53,15.803531646728516,14.529006004333496
reaction:4291,CataCXium A,1,,14.39,16.431827545166016,15.637373924255371
reaction:4292,SPhos,6,,12.68,17.03117561340332,13.88503360748291
reaction:4294,XPhos,6,,14.31,17.298709869384766,13.948288917541504
reaction:4298,P(tBu)3,0,,14.68,16.596879959106445,15.543033599853516
reaction:4299,P(Ph)3,6,,16.79,17.685579299926758,16.979768753051758
reaction:4300,AmPhos,0,,15.83,16.322683334350586,14.83110237121582
reaction:4301,P(Cy)3,3,,16.64,15.565326690673828,16.82901954650879
reaction:4302,P(o-Tol)3,4,,14.66,16.574472427368164,15.36202335357666
reaction:4303,CataCXium A,6,,13.85,15.946037292480469,16.608518600463867
reaction:4304,SPhos,7,,14.78,16.99074363708496,15.003263473510742
reaction:4306,XPhos,1,,15.62,17.275970458984375,15.371464729309082
reaction:4310,P(tBu)3,6,,13.75,15.11971664428711,15.582077980041504
reaction:4311,P(Ph)3,6,,16.47,18.356904983520508,16.327590942382812
reaction:4312,AmPhos,4,,14.35,15.215984344482422,14.028177261352539
reaction:4313,P(Cy)3,7,,19.04,15.758319854736328,16.0936222076416
reaction:4314,P(o-Tol)3,2,,14.5,16.783405303955078,14.727118492126465
reaction:4315,CataCXium A,0,,14.5,17.559099197387695,15.373788833618164
reaction:4316,SPhos,2,,15.64,16.920795440673828,14.27883529663086
reaction:4318,XPhos,7,,16.17,16.42792510986328,14.105610847473145
reaction:4322,P(tBu)3,3,,15.0,18.79981231689453,15.930349349975586
reaction:4323,P(Ph)3,7,,23.92,20.46755599975586,17.563854217529297
reaction:4324,AmPhos,2,,16.41,18.999391555786133,14.815633773803711
reaction:4325,P(Cy)3,4,,18.72,28.630741119384766,16.253068923950195
reaction:4326,P(o-Tol)3,0,,17.59,18.2286434173584,15.718262672424316
reaction:4327,CataCXium A,3,,30.05,30.321306228637695,16.03929901123047
reaction:4328,SPhos,5,,17.76,21.154203414916992,15.150809288024902
reaction:4330,XPhos,3,,20.28,22.952510833740234,16.7111759185791
reaction:4334,P(tBu)3,5,,13.24,15.363990783691406,15.862030982971191
reaction:4335,P(Ph)3,0,,24.25,22.32649803161621,14.659461975097656
reaction:4336,AmPhos,4,,18.07,12.954723358154297,14.017513275146484
reaction:4337,P(Cy)3,3,,23.95,21.737075805664062,16.985490798950195
reaction:4338,P(o-Tol)3,2,,17.46,15.768417358398438,15.458597183227539
reaction:4339,CataCXium A,5,,20.28,29.708385467529297,16.5047664642334
reaction:4340,SPhos,6,,17.39,16.445497512817383,14.700819969177246
reaction:4342,XPhos,1,,15.9,21.688758850097656,14.514966011047363
reaction:4346,P(tBu)3,3,,15.37,16.38738250732422,14.948020935058594
reaction:4347,P(Ph)3,7,,20.73,21.18834686279297,17.022960662841797
reaction:4348,AmPhos,1,,16.14,15.408443450927734,14.118012428283691
reaction:4349,P(Cy)3,7,,21.08,21.14246368408203,17.193138122558594
reaction:4350,P(o-Tol)3,6,,16.32,15.999532699584961,15.44497299194336
reaction:4351,CataCXium A,5,,21.37,24.465301513671875,16.14752769470215
reaction:4352,SPhos,4,,15.13,16.44779396057129,14.42297077178955
reaction:4354,XPhos,3,,17.4,19.048673629760742,16.006690979003906
reaction:4358,P(tBu)3,6,,14.73,18.562257766723633,15.795904159545898
reaction:4359,P(Ph)3,5,,17.57,21.33043670654297,16.28230094909668
reaction:4360,AmPhos,5,,15.24,13.44479751586914,14.45106029510498
reaction:4361,P(Cy)3,3,,18.65,15.609519958496094,16.765405654907227
reaction:4362,P(o-Tol)3,2,,18.25,14.86069107055664,15.284624099731445
reaction:4363,CataCXium A,2,,17.99,20.469022750854492,16.043724060058594
reaction:4364,SPhos,3,,15.93,23.4140682220459,16.163267135620117
reaction:4366,XPhos,3,,15.94,25.099742889404297,16.195255279541016
reaction:4370,P(tBu)3,7,,15.38,19.37086296081543,14.67239761352539
reaction:4371,P(Ph)3,4,,21.31,21.317960739135742,16.17074203491211
reaction:4372,AmPhos,0,,14.96,16.743024826049805,13.8622465133667
reaction:4373,P(Cy)3,3,,20.82,21.808015823364258,16.684280395507812
reaction:4374,P(o-Tol)3,5,,17.07,16.431434631347656,14.994935035705566
reaction:4375,CataCXium A,5,,18.0,27.674299240112305,16.236129760742188
reaction:4376,SPhos,3,,15.82,15.397575378417969,15.984248161315918
reaction:4378,XPhos,0,,17.56,15.99734878540039,13.592644691467285
reaction:4382,P(tBu)3,5,,13.11,20.331361770629883,15.559185981750488
reaction:4383,P(Ph)3,2,,17.1,21.66736602783203,17.113365173339844
reaction:4384,AmPhos,1,,15.47,14.231155395507812,14.32286262512207
reaction:4385,P(Cy)3,3,,16.8,22.681413650512695,16.814809799194336
reaction:4386,P(o-Tol)3,2,,15.12,15.596212387084961,15.333157539367676
reaction:4387,CataCXium A,7,,23.62,19.70712661743164,15.300055503845215
reaction:4388,SPhos,3,,15.91,20.278472900390625,16.111976623535156
reaction:4390,XPhos,5,,18.72,20.827306747436523,14.168450355529785
reaction:4394,P(tBu)3,6,,17.88,16.55600357055664,16.74515724182129
reaction:4395,P(Ph)3,0,,24.55,21.182537078857422,15.410754203796387
reaction:4396,AmPhos,7,,17.41,18.485458374023438,15.472028732299805
reaction:4397,P(Cy)3,5,,22.84,19.77468490600586,16.73272705078125
reaction:4398,P(o-Tol)3,7,,16.99,17.55663299560547,15.938838958740234
reaction:4399,CataCXium A,7,,27.27,24.342451095581055,16.61941146850586
reaction:4400,SPhos,6,,19.81,19.146530151367188,15.95429801940918
reaction:4402,XPhos,1,,23.55,18.194110870361328,15.497546195983887
reaction:4406,P(tBu)3,3,,18.18,16.9233341217041,15.53246021270752
reaction:4407,P(Ph)3,2,,25.49,21.933298110961914,17.383142471313477
reaction:4408,AmPhos,5,,20.49,16.735977172851562,15.036738395690918
reaction:4409,P(Cy)3,7,,25.25,21.828100204467773,17.599014282226562
reaction:4410,P(o-Tol)3,1,,20.02,19.149715423583984,15.676918029785156
reaction:4411,CataCXium A,6,,27.52,25.353992462158203,16.681392669677734
reaction:4412,SPhos,6,,23.94,18.423215866088867,15.175236701965332
reaction:4414,XPhos,3,,23.22,21.196090698242188,16.463336944580078
reaction:4418,P(tBu)3,2,,16.07,16.731998443603516,16.354978561401367
reaction:4419,P(Ph)3,1,,18.38,21.044837951660156,17.574668884277344
reaction:4420,AmPhos,6,,15.57,15.360157012939453,15.143221855163574
reaction:4421,P(Cy)3,2,,18.48,15.400188446044922,15.942625999450684
reaction:4422,P(o-Tol)3,6,,14.48,17.412065505981445,15.780980110168457
reaction:4423,CataCXium A,5,,18.58,21.80903434753418,16.72312355041504
reaction:4424,SPhos,5,,15.35,17.133676528930664,15.059101104736328
reaction:4426,XPhos,6,,19.2,13.92953872680664,14.634536743164062
reaction:4430,P(tBu)3,3,,15.72,19.86834144592285,14.928772926330566
reaction:4431,P(Ph)3,1,,22.66,19.790515899658203,17.151081085205078
reaction:4432,AmPhos,3,,15.3,17.409957885742188,14.018369674682617
reaction:4433,P(Cy)3,0,,18.47,19.171558380126953,15.65412712097168
reaction:4434,P(o-Tol)3,1,,15.05,17.085102081298828,15.531180381774902
reaction:4435,CataCXium A,1,,17.23,17.606502532958984,16.482711791992188
reaction:4436,SPhos,5,,17.26,25.003650665283203,14.601591110229492
reaction:4438,XPhos,4,,16.94,26.17062759399414,15.73893928527832
reaction:4442,P(tBu)3,7,,15.78,15.381725311279297,13.854686737060547
reaction:4443,P(Ph)3,5,,18.87,19.610219955444336,15.862648963928223
reaction:4444,AmPhos,2,,16.46,17.336894989013672,14.255621910095215
reaction:4445,P(Cy)3,7,,18.4,18.672130584716797,15.191402435302734
reaction:4446,P(o-Tol)3,2,,14.87,19.445253372192383,14.614590644836426
reaction:4447,CataCXium A,1,,21.69,18.461868286132812,16.072349548339844
reaction:4448,SPhos,7,,15.27,16.025156021118164,13.686338424682617
reaction:4450,XPhos,4,,17.07,15.387413024902344,15.269890785217285
reaction:4454,P(tBu)3,2,,16.44,17.051517486572266,15.593085289001465
reaction:4455,P(Ph)3,2,,18.56,19.73874855041504,15.59232234954834
reaction:4456,AmPhos,5,,14.0,16.054231643676758,13.745831489562988
reaction:4457,P(Cy)3,4,,20.05,14.980400085449219,14.993528366088867
reaction:4458,P(o-Tol)3,5,,16.21,17.298351287841797,14.829456329345703
reaction:4459,CataCXium A,5,,16.67,19.196331024169922,16.191579818725586
reaction:4460,SPhos,7,,16.39,14.727413177490234,13.716676712036133
reaction:4462,XPhos,0,,16.01,14.76303482055664,13.90195369720459
reaction:4466,P(tBu)3,1,,16.18,13.627113342285156,15.51382827758789
reaction:4467,P(Ph)3,1,,20.35,20.062543869018555,16.91034507751465
reaction:4468,AmPhos,2,,14.9,14.503425598144531,14.334254264831543
reaction:4469,P(Cy)3,6,,16.96,19.651004791259766,14.626623153686523
reaction:4470,P(o-Tol)3,4,,15.58,16.131336212158203,14.31700611114502
reaction:4471,CataCXium A,2,,18.97,17.036901473999023,15.32700252532959
reaction:4472,SPhos,1,,17.13,18.182132720947266,13.922030448913574
reaction:4474,XPhos,0,,17.21,20.455854415893555,13.87013053894043
reaction:4478,P(tBu)3,6,,17.97,16.641937255859375,15.23591136932373
reaction:4479,P(Ph)3,5,,18.63,18.14365005493164,16.001934051513672
reaction:4480,AmPhos,1,,17.25,17.671310424804688,14.678190231323242
reaction:4481,P(Cy)3,1,,15.67,16.82396697998047,16.62657356262207
reaction:4482,P(o-Tol)3,3,,20.33,17.57654571533203,14.460371017456055
reaction:4483,CataCXium A,4,,23.83,18.455053329467773,14.577352523803711
reaction:4484,SPhos,4,,20.55,8.606830596923828,15.468110084533691
reaction:4486,XPhos,4,,21.74,9.789966583251953,15.519909858703613
reaction:4490,P(tBu)3,4,,16.38,13.413787841796875,15.186800003051758
reaction:4491,P(Ph)3,6,,24.48,18.948389053344727,16.8474063873291
reaction:4492,AmPhos,1,,15.65,17.20702362060547,15.710768699645996
reaction:4493,P(Cy)3,1,,15.08,25.628684997558594,17.24412727355957
reaction:4494,P(o-Tol)3,0,,17.56,17.33836555480957,15.547222137451172
reaction:4495,CataCXium A,0,,17.63,19.636693954467773,15.833603858947754
reaction:4496,SPhos,2,,20.91,21.762039184570312,14.197709083557129
reaction:4498,XPhos,0,,20.83,23.100664138793945,15.14084243774414
reaction:4502,P(tBu)3,2,,16.59,18.278661727905273,16.11909294128418
reaction:4503,P(Ph)3,3,,18.58,21.677532196044922,15.630082130432129
reaction:4504,AmPhos,2,,18.45,18.862951278686523,15.01909065246582
reaction:4505,P(Cy)3,0,,19.87,17.531478881835938,15.88879108428955
reaction:4506,P(o-Tol)3,4,,24.19,17.902599334716797,14.916421890258789
reaction:4507,CataCXium A,5,,20.3,23.885759353637695,16.583885192871094
reaction:4508,SPhos,3,,19.59,18.5554256439209,14.665236473083496
reaction:4510,XPhos,1,,17.96,19.897144317626953,14.593432426452637
reaction:4514,P(tBu)3,7,,20.81,20.20580291748047,16.218111038208008
reaction:4515,P(Ph)3,3,,19.75,18.344690322875977,16.7861328125
reaction:4516,AmPhos,5,,18.21,17.889930725097656,13.903672218322754
reaction:4517,P(Cy)3,5,,15.9,18.046287536621094,16.516801834106445
reaction:4518,P(o-Tol)3,3,,16.42,19.23961067199707,16.57050323486328
reaction:4519,CataCXium A,6,,24.69,22.439525604248047,16.214405059814453
reaction:4520,SPhos,6,,20.73,23.37495994567871,15.903375625610352
reaction:4522,XPhos,2,,22.67,27.325960159301758,16.826990127563477
reaction:4526,P(tBu)3,0,,24.93,22.443815231323242,16.70276641845703
reaction:4527,P(Ph)3,6,,18.72,24.12056541442871,17.55043601989746
reaction:4528,AmPhos,0,,18.15,18.720849990844727,15.782476425170898
reaction:4529,P(Cy)3,1,,19.91,19.167295455932617,16.92860221862793
reaction:4530,P(o-Tol)3,1,,18.3,19.028650283813477,14.19127082824707
reaction:4531,CataCXium A,6,,21.39,22.219036102294922,15.46596622467041
reaction:4532,SPhos,2,,49.99,42.10603332519531,16.293588638305664
reaction:4534,XPhos,5,,48.27,49.48460388183594,16.693058013916016
reaction:4538,P(tBu)3,3,,22.1,21.683456420898438,15.736093521118164
reaction:4539,P(Ph)3,7,,21.95,22.87447738647461,15.692805290222168
reaction:4540,AmPhos,7,,18.31,18.293188095092773,13.812256813049316
reaction:4541,P(Cy)3,6,,18.12,21.084083557128906,17.398103713989258
reaction:4542,P(o-Tol)3,7,,17.6,17.2484073638916,14.451272010803223
reaction:4543,CataCXium A,3,,22.0,20.671207427978516,16.34273910522461
reaction:4544,SPhos,4,,41.19,41.3126220703125,15.00914192199707
reaction:4546,XPhos,0,,47.01,44.117881774902344,15.573970794677734
reaction:4550,P(tBu)3,1,,21.35,19.80869483947754,14.348156929016113
reaction:4551,P(Ph)3,1,,17.63,23.05565071105957,17.225780487060547
reaction:4552,AmPhos,3,,15.26,18.1232967376709,15.258718490600586
reaction:4553,P(Cy)3,3,,16.98,18.794313430786133,15.021902084350586
reaction:4554,P(o-Tol)3,3,,15.16,19.397075653076172,15.992193222045898
reaction:4555,CataCXium A,5,,26.24,16.974571228027344,15.494430541992188
reaction:4556,SPhos,0,,41.97,49.01290512084961,15.600689888000488
reaction:4558,XPhos,1,,59.08,42.85500717163086,15.352072715759277
reaction:4562,P(tBu)3,2,,23.23,21.70449447631836,14.608305931091309
reaction:4563,P(Ph)3,6,,21.3,25.805147171020508,17.388446807861328
reaction:4564,AmPhos,5,,14.78,15.514053344726562,12.657472610473633
reaction:4565,P(Cy)3,2,,19.1,16.687108993530273,16.919584274291992
reaction:4566,P(o-Tol)3,7,,14.98,12.914077758789062,14.448110580444336
reaction:4567,CataCXium A,4,,7.73,20.863313674926758,14.441034317016602
reaction:4568,SPhos,5,,34.85,35.054908752441406,16.35341453552246
reaction:4570,XPhos,3,,38.14,38.52338409423828,15.598767280578613
reaction:4574,P(tBu)3,5,,18.97,21.046646118164062,14.843366622924805
reaction:4575,P(Ph)3,3,,38.79,18.955638885498047,16.146339416503906
reaction:4576,AmPhos,6,,16.74,15.65456771850586,12.498737335205078
reaction:4577,P(Cy)3,6,,17.02,24.052242279052734,17.561857223510742
reaction:4578,P(o-Tol)3,1,,18.27,15.992849349975586,13.921486854553223
reaction:4579,CataCXium A,3,,20.16,21.2744197845459,16.537139892578125
reaction:4580,SPhos,3,,21.06,24.972396850585938,15.607405662536621
reaction:4582,XPhos,5,,23.15,28.79751968383789,16.461458206176758
reaction:4586,P(tBu)3,7,,21.12,25.4405517578125,16.850439071655273
reaction:4587,P(Ph)3,2,,22.31,22.921772003173828,17.889596939086914
reaction:4588,AmPhos,7,,16.35,21.81342887878418,15.639863967895508
reaction:4589,P(Cy)3,4,,19.72,20.330476760864258,15.729731559753418
reaction:4590,P(o-Tol)3,5,,17.77,19.759105682373047,14.732476234436035
reaction:4591,CataCXium A,1,,26.28,21.02803611755371,16.396827697753906
reaction:4592,SPhos,5,,19.93,26.62013053894043,17.12041473388672
reaction:4594,XPhos,0,,29.03,25.364225387573242,16.50404167175293
reaction:4598,P(tBu)3,2,,19.82,23.5000057220459,15.299989700317383
reaction:4599,P(Ph)3,3,,19.28,22.207801818847656,16.50017547607422
reaction:4600,AmPhos,6,,18.14,16.46160316467285,13.290860176086426
reaction:4601,P(Cy)3,2,,21.39,17.456310272216797,17.299236297607422
reaction:4602,P(o-Tol)3,7,,17.83,17.198068618774414,15.193340301513672
reaction:4603,CataCXium A,0,,20.89,21.35900115966797,17.083141326904297
reaction:4604,SPhos,4,,48.66,41.88135528564453,15.820695877075195
reaction:4606,XPhos,4,,43.45,44.829978942871094,15.786030769348145
