row_id,ligand,fold,reference_group,y_true,y_pred,y_std
reaction:1,P(tBu)3,5,,4.76,26.186479568481445,34.01670455932617
reaction:2,P(Ph)3,2,,4.12,26.662025451660156,34.043827056884766
reaction:3,AmPhos,6,,2.58,25.52213478088379,34.06734848022461
reaction:4,P(Cy)3,2,,4.44,28.19491958618164,33.94935607910156
reaction:5,P(o-Tol)3,4,,1.95,21.69138526916504,34.103477478027344
reaction:6,CataCXium A,0,,3.25,26.470436096191406,33.98477554321289
reaction:7,SPhos,7,,86.26,58.94807052612305,34.025604248046875
reaction:9,XPhos,6,,93.67,64.72555541992188,34.115577697753906
reaction:13,P(tBu)3,5,,3.16,27.6746826171875,34.05070114135742
reaction:14,P(Ph)3,5,,4.75,26.11918067932129,34.06711959838867
reaction:15,AmPhos,2,,2.46,26.568958282470703,34.05952072143555
reaction:16,P(Cy)3,5,,5.27,27.388551712036133,33.97904586791992
reaction:17,P(o-Tol)3,6,,1.96,24.59275245666504,34.16231155395508
reaction:18,CataCXium A,6,,3.35,25.726619720458984,34.057830810546875
reaction:19,SPhos,2,,69.22,57.74968719482422,34.03102111816406
reaction:21,XPhos,1,,83.19,59.31214141845703,34.1699333190918
reaction:25,P(tBu)3,7,,1.79,26.45928192138672,34.08015441894531
reaction:26,P(Ph)3,2,,4.36,24.50656509399414,34.005393981933594
reaction:27,AmPhos,7,,2.71,24.483295440673828,34.01271057128906
reaction:28,P(Cy)3,6,,6.49,28.07107162475586,34.073726654052734
reaction:29,P(o-Tol)3,6,,2.1,24.861854553222656,34.13089370727539
reaction:30,CataCXium A,2,,3.32,26.473485946655273,34.01375198364258
reaction:31,SPhos,7,,68.44,55.55669021606445,34.082237243652344
reaction:33,XPhos,5,,73.02,60.107452392578125,34.07957077026367
reaction:37,P(tBu)3,6,,3.0,24.810230255126953,34.16385269165039
reaction:38,P(Ph)3,4,,4.73,21.829938888549805,34.11576843261719
reaction:39,AmPhos,3,,2.58,24.604129791259766,34.07529830932617
reaction:40,P(Cy)3,4,,5.83,23.19947052001953,34.091163635253906
reaction:41,P(o-Tol)3,1,,1.88,21.60729217529297,34.1908073425293
reaction:42,CataCXium A,4,,3.69,25.32876968383789,34.17270278930664
reaction:43,SPhos,5,,53.34,53.670127868652344,34.03154373168945
reaction:45,XPhos,4,,60.67,58.801673889160156,34.175418853759766
reaction:49,P(tBu)3,1,,5.6,25.97552490234375,34.16838836669922
reaction:50,P(Ph)3,2,,4.82,28.52392578125,34.110755920410156
reaction:51,AmPhos,0,,2.49,24.09999656677246,34.00617218017578
reaction:52,P(Cy)3,3,,6.46,28.823606491088867,34.09038543701172
reaction:53,P(o-Tol)3,2,,2.06,20.748361587524414,33.99656677246094
reaction:54,CataCXium A,5,,3.22,27.523204803466797,34.00407409667969
reaction:55,SPhos,1,,78.42,58.66252899169922,34.166988372802734
reaction:57,XPhos,2,,92.22,64.49063873291016,34.097415924072266
reaction:61,P(tBu)3,7,,7.08,29.247264862060547,34.080345153808594
reaction:62,P(Ph)3,3,,5.45,23.1431941986084,34.11756134033203
reaction:63,AmPhos,5,,1.99,25.711116790771484,34.09839630126953
reaction:64,P(Cy)3,0,,6.08,27.594684600830078,33.971168518066406
reaction:65,P(o-Tol)3,6,,2.45,25.33024787902832,34.15949249267578
reaction:66,CataCXium A,5,,3.57,25.672128677368164,34.00442123413086
reaction:67,SPhos,4,,85.77,59.1008415222168,34.094058990478516
reaction:69,XPhos,7,,92.83,62.256988525390625,34.02008056640625
reaction:73,P(tBu)3,0,,7.82,26.994876861572266,34.032325744628906
reaction:74,P(Ph)3,5,,6.14,23.879192352294922,34.06098175048828
reaction:75,AmPhos,2,,2.13,25.051677703857422,34.045074462890625
reaction:76,P(Cy)3,7,,5.05,29.813678741455078,34.02183151245117
reaction:77,P(o-Tol)3,6,,1.98,24.64959144592285,34.16444778442383
reaction:78,CataCXium A,7,,4.47,28.148799896240234,34.025421142578125
reaction:79,SPhos,0,,78.96,59.224853515625,33.98634719848633
reaction:81,XPhos,0,,90.3,62.591064453125,34.023963928222656
reaction:85,P(tBu)3,2,,9.76,26.48788833618164,33.9915771484375
reaction:86,P(Ph)3,6,,4.15,25.324398040771484,34.10667419433594
reaction:87,AmPhos,1,,1.53,25.79546356201172,34.102962493896484
reaction:88,P(Cy)3,7,,5.8,27.186269760131836,33.98914337158203
reaction:89,P(o-Tol)3,3,,2.65,21.14395523071289,34.11107635498047
reaction:90,CataCXium A,7,,4.43,30.085630416870117,34.003074645996094
reaction:91,SPhos,2,,66.8,57.00953674316406,34.053951263427734
reaction:93,XPhos,5,,78.23,60.93651580810547,34.06171417236328
reaction:97,P(tBu)3,7,,33.79,43.5040397644043,34.017539978027344
reaction:98,P(Ph)3,3,,8.08,25.331300735473633,34.091819763183594
reaction:99,AmPhos,7,,61.2,40.60867691040039,34.04209899902344
reaction:100,P(Cy)3,1,,69.94,47.149452209472656,34.199493408203125
reaction:101,P(o-Tol)3,2,,7.2,24.43560218811035,34.00434875488281
reaction:102,CataCXium A,3,,79.47,48.08226013183594,34.08460235595703
reaction:103,SPhos,2,,87.06,63.15364074707031,33.96326446533203
reaction:105,XPhos,4,,88.97,64.42623901367188,34.19597625732422
reaction:109,P(tBu)3,4,,66.74,41.52480697631836,34.158287048339844
reaction:110,P(Ph)3,1,,8.11,28.140893936157227,34.224822998046875
reaction:111,AmPhos,5,,57.48,37.83936309814453,34.10702133178711
reaction:112,P(Cy)3,1,,61.89,47.009822845458984,34.202518463134766
reaction:113,P(o-Tol)3,0,,2.23,22.445348739624023,34.036651611328125
reaction:114,CataCXium A,0,,70.45,50.00392150878906,34.02928924560547
reaction:115,SPhos,4,,79.85,53.998836517333984,34.11265563964844
reaction:117,XPhos,1,,80.77,55.22780227661133,34.20153045654297
reaction:121,P(tBu)3,5,,39.17,39.66447830200195,34.061729431152344
reaction:122,P(Ph)3,1,,7.24,27.443824768066406,34.216529846191406
reaction:123,AmPhos,2,,44.98,40.91929626464844,34.02641296386719
reaction:124,P(Cy)3,4,,50.95,51.36769485473633,34.10274887084961
reaction:125,P(o-Tol)3,3,,2.23,21.97163200378418,34.1053352355957
reaction:126,CataCXium A,7,,61.29,48.201114654541016,34.04597854614258
reaction:127,SPhos,7,,60.83,54.43517303466797,34.0798454284668
reaction:129,XPhos,4,,53.52,57.9985466003418,34.209537506103516
reaction:133,P(tBu)3,2,,41.23,40.7094841003418,33.942901611328125
reaction:134,P(Ph)3,5,,6.66,25.87910270690918,34.03117752075195
reaction:135,AmPhos,3,,33.02,43.887271881103516,34.083553314208984
reaction:136,P(Cy)3,1,,50.06,44.880550384521484,34.158836364746094
reaction:137,P(o-Tol)3,6,,2.68,20.692340850830078,34.115230560302734
reaction:138,CataCXium A,4,,55.85,49.92698287963867,34.19602966308594
reaction:139,SPhos,0,,47.94,55.991844177246094,33.99152755737305
reaction:141,XPhos,1,,52.33,56.63493347167969,34.213523864746094
reaction:145,P(tBu)3,4,,48.56,41.06431198120117,34.13180160522461
reaction:146,P(Ph)3,6,,7.77,24.802780151367188,34.0323486328125
reaction:147,AmPhos,5,,42.73,37.49397277832031,34.12709426879883
reaction:148,P(Cy)3,7,,55.08,49.3330078125,33.96330642700195
reaction:149,P(o-Tol)3,3,,3.03,22.587448120117188,34.12138366699219
reaction:150,CataCXium A,7,,62.33,46.28684997558594,34.03657150268555
reaction:151,SPhos,7,,73.31,56.71466827392578,34.08502197265625
reaction:153,XPhos,1,,72.0,62.17417526245117,34.189781188964844
reaction:157,P(tBu)3,5,,66.16,42.23600769042969,34.08614730834961
reaction:158,P(Ph)3,1,,9.92,27.454912185668945,34.22024154663086
reaction:159,AmPhos,6,,58.51,38.3187255859375,34.080867767333984
reaction:160,P(Cy)3,3,,78.15,45.182899475097656,34.0504150390625
reaction:161,P(o-Tol)3,6,,5.12,23.38792610168457,34.126102447509766
reaction:162,CataCXium A,4,,62.02,47.08030700683594,34.15181350708008
reaction:163,SPhos,6,,85.95,61.01831817626953,34.13446044921875
reaction:165,XPhos,0,,85.21,61.37831497192383,34.02960205078125
reaction:169,P(tBu)3,2,,68.72,44.24639892578125,34.07036590576172
reaction:170,P(Ph)3,4,,10.16,28.531103134155273,34.18011474609375
reaction:171,AmPhos,1,,48.8,39.88806915283203,34.126197814941406
reaction:172,P(Cy)3,6,,82.65,45.47952651977539,34.06435775756836
reaction:173,P(o-Tol)3,0,,5.97,21.691293716430664,34.032047271728516
reaction:174,CataCXium A,7,,80.74,49.27545166015625,34.06515121459961
reaction:175,SPhos,4,,87.82,58.71950149536133,34.157737731933594
reaction:177,XPhos,6,,88.93,62.44221878051758,34.06389617919922
reaction:181,P(tBu)3,3,,67.57,44.66504669189453,34.11431121826172
reaction:182,P(Ph)3,4,,9.44,26.18221664428711,34.16518020629883
reaction:183,AmPhos,5,,64.56,39.82118225097656,34.11507034301758
reaction:184,P(Cy)3,2,,73.97,47.522865295410156,33.9677734375
reaction:185,P(o-Tol)3,7,,4.81,20.934921264648438,33.983909606933594
reaction:186,CataCXium A,2,,83.62,52.075714111328125,33.98451614379883
reaction:187,SPhos,1,,89.17,57.54961395263672,34.16023635864258
reaction:189,XPhos,2,,91.35,59.427276611328125,34.08875274658203
reaction:193,P(tBu)3,3,,17.33,28.480369567871094,34.10597610473633
reaction:194,P(Ph)3,2,,6.27,26.603483200073242,34.07014083862305
reaction:195,AmPhos,5,,5.34,25.686010360717773,34.0872688293457
reaction:196,P(Cy)3,4,,12.74,32.00883483886719,34.20048522949219
reaction:197,P(o-Tol)3,0,,5.37,21.745582580566406,34.04185485839844
reaction:198,CataCXium A,4,,8.6,27.30845832824707,34.117923736572266
reaction:199,SPhos,5,,77.85,57.849853515625,34.04722213745117
reaction:201,XPhos,2,,88.28,54.72747039794922,34.124717712402344
reaction:205,P(tBu)3,7,,3.5,28.613025665283203,34.04450607299805
reaction:206,P(Ph)3,7,,6.84,26.35244369506836,34.04230499267578
reaction:207,AmPhos,7,,2.54,23.687915802001953,33.998779296875
reaction:208,P(Cy)3,4,,10.59,31.776941299438477,34.20786666870117
reaction:209,P(o-Tol)3,4,,1.19,19.55314064025879,34.160247802734375
reaction:210,CataCXium A,0,,7.85,27.256763458251953,34.05557632446289
reaction:211,SPhos,0,,42.13,52.10731887817383,33.977325439453125
reaction:213,XPhos,0,,37.01,54.3786506652832,34.10091018676758
reaction:217,P(tBu)3,7,,1.22,27.42549705505371,34.051605224609375
reaction:218,P(Ph)3,0,,6.24,24.4487361907959,34.009605407714844
reaction:219,AmPhos,3,,4.25,28.2924747467041,34.09946823120117
reaction:220,P(Cy)3,3,,42.54,30.35465431213379,34.10220718383789
reaction:221,P(o-Tol)3,7,,1.05,21.477251052856445,34.02922439575195
reaction:222,CataCXium A,3,,12.89,29.666812896728516,34.09686279296875
reaction:223,SPhos,7,,63.88,49.43613815307617,34.08993911743164
reaction:225,XPhos,5,,60.88,51.171077728271484,34.06272506713867
reaction:229,P(tBu)3,5,,3.69,27.24026107788086,34.06855773925781
reaction:230,P(Ph)3,5,,5.3,24.23481559753418,34.05130386352539
reaction:231,AmPhos,3,,5.08,30.040386199951172,34.13614273071289
reaction:232,P(Cy)3,3,,6.97,28.008222579956055,34.100894927978516
reaction:233,P(o-Tol)3,1,,0.99,22.21347999572754,34.17853546142578
reaction:234,CataCXium A,5,,11.91,28.38092803955078,34.05257034301758
reaction:235,SPhos,1,,39.83,48.9312744140625,34.190757751464844
reaction:237,XPhos,6,,39.49,49.27133560180664,34.078426361083984
reaction:241,P(tBu)3,0,,13.55,27.186294555664062,34.06674575805664
reaction:242,P(Ph)3,2,,4.36,25.65899085998535,34.01970291137695
reaction:243,AmPhos,3,,3.3,29.00094223022461,34.07115173339844
reaction:244,P(Cy)3,3,,7.47,31.651046752929688,34.12821960449219
reaction:245,P(o-Tol)3,7,,3.54,20.88558578491211,34.024864196777344
reaction:246,CataCXium A,1,,10.67,29.310840606689453,34.20931625366211
reaction:247,SPhos,7,,62.77,49.27742385864258,34.092201232910156
reaction:249,XPhos,0,,79.14,51.365806579589844,34.08831024169922
reaction:253,P(tBu)3,0,,23.07,29.156465530395508,34.05234146118164
reaction:254,P(Ph)3,7,,7.07,24.98641014099121,34.0460205078125
reaction:255,AmPhos,4,,4.12,25.304567337036133,34.14802169799805
reaction:256,P(Cy)3,0,,6.71,30.695823669433594,34.000572204589844
reaction:257,P(o-Tol)3,0,,2.67,21.425426483154297,34.032413482666016
reaction:258,CataCXium A,1,,6.27,27.711538314819336,34.182655334472656
reaction:259,SPhos,6,,71.54,50.501651763916016,34.07127380371094
reaction:261,XPhos,3,,61.47,50.7927360534668,33.98241424560547
reaction:265,P(tBu)3,0,,17.9,30.261146545410156,34.071998596191406
reaction:266,P(Ph)3,4,,4.61,25.603553771972656,34.16427993774414
reaction:267,AmPhos,3,,4.6,27.312345504760742,34.06889343261719
reaction:268,P(Cy)3,7,,7.56,31.83343505859375,33.9698371887207
reaction:269,P(o-Tol)3,5,,2.56,21.65462303161621,34.05973815917969
reaction:270,CataCXium A,3,,6.26,30.737642288208008,34.09862518310547
reaction:271,SPhos,4,,72.84,48.90361785888672,34.13682174682617
reaction:273,XPhos,2,,67.48,51.43892288208008,34.12742614746094
reaction:277,P(tBu)3,1,,19.08,27.85719871520996,34.16563415527344
reaction:278,P(Ph)3,6,,4.88,24.52423667907715,34.088401794433594
reaction:279,AmPhos,4,,5.43,27.63661766052246,34.15986633300781
reaction:280,P(Cy)3,4,,7.06,31.885915756225586,34.193572998046875
reaction:281,P(o-Tol)3,3,,1.22,20.842937469482422,34.09291458129883
reaction:282,CataCXium A,5,,8.89,31.230600357055664,34.04874038696289
reaction:283,SPhos,2,,49.12,50.579132080078125,34.02728271484375
reaction:285,XPhos,0,,43.52,50.6337890625,34.07490539550781
reaction:289,P(tBu)3,0,,33.37,33.37989807128906,34.10852813720703
reaction:290,P(Ph)3,0,,15.35,29.506473541259766,34.0300407409668
reaction:291,AmPhos,7,,30.96,29.3947811126709,34.0279426574707
reaction:292,P(Cy)3,7,,32.72,35.40462112426758,33.969932556152344
reaction:293,P(o-Tol)3,0,,34.24,27.837003707885742,33.99872970581055
reaction:294,CataCXium A,2,,14.91,38.041343688964844,34.05432891845703
reaction:295,SPhos,5,,43.3,46.4742431640625,34.0691032409668
reaction:297,XPhos,3,,37.65,52.47028732299805,34.05364227294922
reaction:301,P(tBu)3,1,,27.3,31.25702476501465,34.12671661376953
reaction:302,P(Ph)3,1,,37.47,30.105772018432617,34.193790435791016
reaction:303,AmPhos,3,,13.08,31.294090270996094,34.057369232177734
reaction:304,P(Cy)3,2,,27.89,35.41659164428711,33.99639129638672
reaction:305,P(o-Tol)3,5,,14.4,28.163419723510742,34.046836853027344
reaction:306,CataCXium A,0,,25.15,32.817901611328125,34.04015350341797
reaction:307,SPhos,5,,16.51,41.03895568847656,34.06192398071289
reaction:309,XPhos,2,,30.98,45.113460540771484,34.09964370727539
reaction:313,P(tBu)3,3,,28.45,29.86604881286621,34.097023010253906
reaction:314,P(Ph)3,1,,13.64,29.28556251525879,34.18265914916992
reaction:315,AmPhos,3,,31.82,32.025978088378906,34.09204864501953
reaction:316,P(Cy)3,6,,30.94,36.33499526977539,34.10384750366211
reaction:317,P(o-Tol)3,7,,31.98,27.468891143798828,34.00825881958008
reaction:318,CataCXium A,2,,28.13,37.70133590698242,34.07122039794922
reaction:319,SPhos,2,,18.42,39.946861267089844,34.010860443115234
reaction:321,XPhos,5,,35.0,40.394744873046875,34.11074447631836
reaction:325,P(tBu)3,7,,26.85,29.21917724609375,34.03290939331055
reaction:326,P(Ph)3,3,,15.5,30.17759132385254,34.13324737548828
reaction:327,AmPhos,2,,12.57,29.897424697875977,34.01047897338867
reaction:328,P(Cy)3,7,,14.4,34.15766143798828,33.98297119140625
reaction:329,P(o-Tol)3,1,,13.04,32.622249603271484,34.25554275512695
reaction:330,CataCXium A,7,,15.23,34.96576690673828,33.989845275878906
reaction:331,SPhos,2,,22.25,41.74336242675781,34.02785873413086
reaction:333,XPhos,1,,22.24,44.74961471557617,34.13756561279297
reaction:337,P(tBu)3,0,,14.91,32.918121337890625,34.07853317260742
reaction:338,P(Ph)3,4,,18.37,30.635311126708984,34.18986511230469
reaction:339,AmPhos,6,,22.52,31.087886810302734,34.110023498535156
reaction:340,P(Cy)3,4,,39.31,32.437660217285156,34.115234375
reaction:341,P(o-Tol)3,1,,18.24,31.23920249938965,34.25020217895508
reaction:342,CataCXium A,0,,30.77,33.10610580444336,34.00824737548828
reaction:343,SPhos,0,,19.02,45.755218505859375,34.01356506347656
reaction:345,XPhos,6,,40.25,52.00396728515625,34.093292236328125
reaction:349,P(tBu)3,6,,12.85,33.52355194091797,34.12208557128906
reaction:350,P(Ph)3,7,,22.93,29.898683547973633,34.01591110229492
reaction:351,AmPhos,5,,12.79,32.667728424072266,34.11577606201172
reaction:352,P(Cy)3,5,,13.31,36.63887405395508,34.03778076171875
reaction:353,P(o-Tol)3,1,,11.64,29.98780059814453,34.20886993408203
reaction:354,CataCXium A,2,,13.56,35.6302375793457,34.05598831176758
reaction:355,SPhos,6,,16.83,44.3397331237793,34.11185836791992
reaction:357,XPhos,6,,27.33,53.17692184448242,34.08827209472656
reaction:361,P(tBu)3,2,,12.62,30.86876678466797,34.04214096069336
reaction:362,P(Ph)3,4,,17.43,33.164588928222656,34.18531799316406
reaction:363,AmPhos,4,,13.35,30.336753845214844,34.126468658447266
reaction:364,P(Cy)3,5,,27.89,37.0082893371582,34.03367233276367
reaction:365,P(o-Tol)3,5,,14.65,29.648075103759766,34.06258773803711
reaction:366,CataCXium A,3,,31.02,37.3127326965332,34.13292694091797
reaction:367,SPhos,4,,18.02,37.164093017578125,34.1269645690918
reaction:369,XPhos,5,,32.86,46.15670394897461,34.10831069946289
reaction:373,P(tBu)3,0,,13.88,32.7530403137207,34.070518493652344
reaction:374,P(Ph)3,0,,14.7,27.947053909301758,34.02938461303711
reaction:375,AmPhos,0,,32.25,29.949907302856445,34.01270294189453
reaction:376,P(Cy)3,5,,17.65,35.79505920410156,34.07145309448242
reaction:377,P(o-Tol)3,1,,16.99,28.79824447631836,34.198089599609375
reaction:378,CataCXium A,3,,41.59,33.50541687011719,34.12239074707031
reaction:379,SPhos,0,,21.47,37.880348205566406,34.017730712890625
reaction:381,XPhos,5,,37.87,41.042137145996094,34.09417724609375
reaction:385,P(tBu)3,6,,79.31,63.84536361694336,34.23041534423828
reaction:386,P(Ph)3,0,,85.43,66.41989135742188,34.02903366088867
reaction:387,AmPhos,1,,86.82,66.20527648925781,34.18333053588867
reaction:388,P(Cy)3,3,,75.98,62.27426528930664,34.05034637451172
reaction:389,P(o-Tol)3,2,,41.8,42.388885498046875,34.01947021484375
reaction:390,CataCXium A,0,,96.38,68.03196716308594,34.054134368896484
reaction:391,SPhos,1,,92.63,61.07936477661133,34.157814025878906
reaction:393,XPhos,1,,90.21,55.543697357177734,34.18532943725586
reaction:397,P(tBu)3,1,,93.3,61.98810577392578,34.160831451416016
reaction:398,P(Ph)3,3,,90.89,64.54605865478516,34.08600616455078
reaction:399,AmPhos,3,,93.44,63.89537048339844,34.168487548828125
reaction:400,P(Cy)3,0,,86.13,60.006195068359375,33.99013900756836
reaction:401,P(o-Tol)3,1,,28.22,41.46097183227539,34.236358642578125
reaction:402,CataCXium A,0,,93.94,65.27494049072266,34.070953369140625
reaction:403,SPhos,0,,71.11,56.30897903442383,33.98044967651367
reaction:405,XPhos,7,,56.96,50.59571838378906,34.014488220214844
reaction:409,P(tBu)3,2,,76.51,54.35575866699219,34.04090118408203
reaction:410,P(Ph)3,6,,68.5,63.57912826538086,34.07609939575195
reaction:411,AmPhos,0,,83.6,64.59564208984375,33.99052047729492
reaction:412,P(Cy)3,0,,71.0,58.040428161621094,33.9909553527832
reaction:413,P(o-Tol)3,7,,39.98,42.288658142089844,34.02647399902344
reaction:414,CataCXium A,5,,84.02,65.56771850585938,34.03374099731445
reaction:415,SPhos,3,,46.81,57.597721099853516,34.10911178588867
reaction:417,XPhos,6,,46.08,47.89070510864258,34.12700653076172
reaction:421,P(tBu)3,6,,67.14,59.30447769165039,34.22159957885742
reaction:422,P(Ph)3,7,,62.56,63.9550666809082,33.99838638305664
reaction:423,AmPhos,1,,77.71,63.9093017578125,34.19637680053711
reaction:424,P(Cy)3,6,,48.17,53.74811935424805,34.094905853271484
reaction:425,P(o-Tol)3,2,,30.4,39.219608306884766,34.03238296508789
reaction:426,CataCXium A,5,,82.69,63.96741485595703,34.03170394897461
reaction:427,SPhos,6,,36.08,57.202335357666016,34.02601623535156
reaction:429,XPhos,4,,34.03,54.89616012573242,34.156593322753906
reaction:433,P(tBu)3,3,,78.75,61.896278381347656,34.102874755859375
reaction:434,P(Ph)3,1,,76.72,65.4739761352539,34.14019012451172
reaction:435,AmPhos,5,,87.47,66.03162384033203,34.088130950927734
reaction:436,P(Cy)3,4,,63.2,58.69523239135742,34.100059509277344
reaction:437,P(o-Tol)3,7,,40.06,41.91360855102539,34.03758239746094
reaction:438,CataCXium A,2,,95.57,70.61813354492188,33.99296569824219
reaction:439,SPhos,3,,71.71,58.49723815917969,34.12877655029297
reaction:441,XPhos,7,,74.15,53.65504455566406,34.01018142700195
reaction:445,P(tBu)3,0,,90.99,66.4354248046875,33.998435974121094
reaction:446,P(Ph)3,3,,96.76,64.7780532836914,34.0887565612793
reaction:447,AmPhos,2,,91.93,66.80116271972656,34.04548645019531
reaction:448,P(Cy)3,6,,87.49,62.147193908691406,34.074527740478516
reaction:449,P(o-Tol)3,7,,34.73,44.549564361572266,34.05315399169922
reaction:450,CataCXium A,4,,95.88,69.89147186279297,34.10898971557617
reaction:451,SPhos,4,,92.53,57.267662048339844,34.10617446899414
reaction:453,XPhos,6,,75.54,52.624324798583984,34.139156341552734
reaction:457,P(tBu)3,7,,91.95,66.48312377929688,33.98283386230469
reaction:458,P(Ph)3,4,,88.9,63.92597579956055,34.115116119384766
reaction:459,AmPhos,4,,91.32,68.2436294555664,34.10800552368164
reaction:460,P(Cy)3,7,,90.6,58.263824462890625,33.987266540527344
reaction:461,P(o-Tol)3,0,,25.72,41.36112976074219,34.05049514770508
reaction:462,CataCXium A,5,,96.05,66.63107299804688,34.05634689331055
reaction:463,SPhos,7,,81.16,55.272029876708984,34.02064514160156
reaction:465,XPhos,6,,64.3,50.79132843017578,34.171043395996094
reaction:469,P(tBu)3,6,,91.09,65.99671936035156,34.22883987426758
reaction:470,P(Ph)3,5,,83.34,64.39115905761719,34.009376525878906
reaction:471,AmPhos,3,,90.34,65.22132873535156,34.16225051879883
reaction:472,P(Cy)3,6,,67.73,55.21990203857422,34.1031494140625
reaction:473,P(o-Tol)3,0,,21.43,41.258575439453125,34.048091888427734
reaction:474,CataCXium A,0,,91.81,63.0934944152832,34.04907989501953
reaction:475,SPhos,2,,61.6,52.627281188964844,34.01780700683594
reaction:477,XPhos,3,,42.69,49.24329376220703,34.06809616088867
reaction:481,P(tBu)3,1,,87.82,63.647300720214844,34.171512603759766
reaction:482,P(Ph)3,4,,90.21,69.32394409179688,34.12436294555664
reaction:483,AmPhos,2,,86.25,64.15021514892578,34.10557174682617
reaction:484,P(Cy)3,2,,78.26,60.63600540161133,33.98966979980469
reaction:485,P(o-Tol)3,1,,70.18,45.22037124633789,34.256221771240234
reaction:486,CataCXium A,3,,96.57,72.422119140625,34.10898971557617
reaction:487,SPhos,2,,72.44,58.63302993774414,34.00577163696289
reaction:489,XPhos,4,,71.64,49.097774505615234,34.20935821533203
reaction:493,P(tBu)3,2,,93.99,62.79737091064453,34.06019973754883
reaction:494,P(Ph)3,6,,95.93,68.53984069824219,34.09949493408203
reaction:495,AmPhos,1,,91.69,62.566673278808594,34.165531158447266
reaction:496,P(Cy)3,4,,74.19,55.40361022949219,34.17596435546875
reaction:497,P(o-Tol)3,3,,56.2,50.598907470703125,34.08882522583008
reaction:498,CataCXium A,3,,96.89,69.24508666992188,34.10078048706055
reaction:499,SPhos,1,,67.2,54.43848419189453,34.22117614746094
reaction:501,XPhos,1,,48.37,45.75892639160156,34.16568374633789
reaction:505,P(tBu)3,2,,72.82,56.51266860961914,34.08511734008789
reaction:506,P(Ph)3,6,,75.08,64.40130615234375,34.15262222290039
reaction:507,AmPhos,2,,74.79,63.305747985839844,34.12191390991211
reaction:508,P(Cy)3,6,,55.51,57.29679870605469,34.05199432373047
reaction:509,P(o-Tol)3,2,,51.71,46.95915222167969,34.080711364746094
reaction:510,CataCXium A,2,,75.62,70.28681182861328,34.03245544433594
reaction:511,SPhos,1,,32.56,49.3245735168457,34.221797943115234
reaction:513,XPhos,2,,19.33,46.27398681640625,34.07452392578125
reaction:517,P(tBu)3,3,,60.2,62.519447326660156,34.10447692871094
reaction:518,P(Ph)3,1,,70.78,66.80875396728516,34.17945861816406
reaction:519,AmPhos,7,,70.16,65.18489074707031,33.99595642089844
reaction:520,P(Cy)3,4,,34.61,52.102561950683594,34.16377258300781
reaction:521,P(o-Tol)3,2,,34.54,47.60567092895508,34.09169006347656
reaction:522,CataCXium A,0,,79.66,71.00142669677734,34.02195358276367
reaction:523,SPhos,4,,34.88,50.286865234375,34.11934280395508
reaction:525,XPhos,4,,24.48,47.25208282470703,34.18825912475586
reaction:529,P(tBu)3,2,,66.68,63.44738006591797,34.06374740600586
reaction:530,P(Ph)3,3,,73.8,69.008544921875,34.00601577758789
reaction:531,AmPhos,2,,75.63,62.868919372558594,34.10379409790039
reaction:532,P(Cy)3,5,,44.1,58.77956008911133,34.0140380859375
reaction:533,P(o-Tol)3,2,,52.45,48.80077362060547,34.064430236816406
reaction:534,CataCXium A,1,,87.88,68.17449951171875,34.19141387939453
reaction:535,SPhos,1,,51.15,56.14748001098633,34.210418701171875
reaction:537,XPhos,1,,50.12,47.529476165771484,34.19635009765625
reaction:541,P(tBu)3,0,,92.77,65.36727142333984,34.050025939941406
reaction:542,P(Ph)3,5,,87.78,70.57504272460938,34.00281524658203
reaction:543,AmPhos,3,,89.22,65.71284484863281,34.17605972290039
reaction:544,P(Cy)3,5,,73.6,60.02878952026367,34.01085662841797
reaction:545,P(o-Tol)3,1,,73.33,45.15022659301758,34.224300384521484
reaction:546,CataCXium A,1,,97.29,71.7550277709961,34.19038391113281
reaction:547,SPhos,5,,68.32,57.837242126464844,34.00886535644531
reaction:549,XPhos,2,,45.58,52.694061279296875,34.080265045166016
reaction:553,P(tBu)3,0,,94.67,65.72035217285156,34.0118293762207
reaction:554,P(Ph)3,6,,94.88,66.78504943847656,34.11327362060547
reaction:555,AmPhos,2,,91.88,63.64269256591797,34.11192321777344
reaction:556,P(Cy)3,1,,80.43,58.247650146484375,34.15601348876953
reaction:557,P(o-Tol)3,7,,41.28,46.82227325439453,34.0350456237793
reaction:558,CataCXium A,6,,97.83,72.3567123413086,34.034610748291016
reaction:559,SPhos,0,,70.45,53.24006652832031,33.972412109375
reaction:561,XPhos,1,,60.95,48.035797119140625,34.175357818603516
reaction:565,P(tBu)3,1,,92.98,64.68882751464844,34.160152435302734
reaction:566,P(Ph)3,2,,95.48,68.6185073852539,34.01268005371094
reaction:567,AmPhos,4,,92.22,65.16792297363281,34.104042053222656
reaction:568,P(Cy)3,4,,81.47,54.302371978759766,34.19300842285156
reaction:569,P(o-Tol)3,1,,65.14,43.220943450927734,34.23627471923828
reaction:570,CataCXium A,0,,97.86,69.53758239746094,34.03037643432617
reaction:571,SPhos,4,,61.39,50.633544921875,34.09829330444336
reaction:573,XPhos,0,,63.04,43.37040328979492,33.972835540771484
reaction:577,P(tBu)3,1,,72.57,54.19878005981445,34.20961380004883
reaction:578,P(Ph)3,0,,75.94,64.16194152832031,34.05782699584961
reaction:579,AmPhos,4,,66.37,54.42797088623047,34.07493209838867
reaction:580,P(Cy)3,7,,55.56,52.315643310546875,33.968894958496094
reaction:581,P(o-Tol)3,0,,17.1,38.124881744384766,34.057884216308594
reaction:582,CataCXium A,5,,81.09,63.52165985107422,34.0107536315918
reaction:583,SPhos,0,,59.55,52.58407974243164,33.963279724121094
reaction:585,XPhos,6,,26.44,46.01041030883789,34.087318420410156
reaction:589,P(tBu)3,1,,13.2,49.469337463378906,34.21076583862305
reaction:590,P(Ph)3,4,,84.39,64.3431167602539,34.14167404174805
reaction:591,AmPhos,7,,29.98,56.46310043334961,34.0632209777832
reaction:592,P(Cy)3,6,,37.34,52.75090789794922,34.0576171875
reaction:593,P(o-Tol)3,3,,11.56,34.227760314941406,34.100563049316406
reaction:594,CataCXium A,0,,50.79,60.60160827636719,34.025177001953125
reaction:595,SPhos,1,,27.28,45.117652893066406,34.22444152832031
reaction:597,XPhos,6,,10.88,38.068031311035156,34.084197998046875
reaction:601,P(tBu)3,0,,9.48,49.20452117919922,33.96433639526367
reaction:602,P(Ph)3,7,,84.61,61.069454193115234,34.04246520996094
reaction:603,AmPhos,2,,57.94,52.12053298950195,34.06135940551758
reaction:604,P(Cy)3,5,,57.56,48.49475860595703,34.03451156616211
reaction:605,P(o-Tol)3,6,,14.51,36.43810272216797,34.05302810668945
reaction:606,CataCXium A,2,,80.36,58.24342346191406,34.06779861450195
reaction:607,SPhos,1,,62.26,43.36686325073242,34.222412109375
reaction:609,XPhos,7,,44.81,35.479408264160156,34.07744598388672
reaction:613,P(tBu)3,1,,50.79,50.05579376220703,34.1978874206543
reaction:614,P(Ph)3,7,,72.94,60.87293243408203,34.05333709716797
reaction:615,AmPhos,5,,56.65,52.78462219238281,34.04064178466797
reaction:616,P(Cy)3,1,,29.96,44.45981979370117,34.1793327331543
reaction:617,P(o-Tol)3,3,,16.2,34.92877197265625,34.10175704956055
reaction:618,CataCXium A,3,,65.71,60.51539993286133,34.07277297973633
reaction:619,SPhos,7,,22.24,43.23969268798828,34.005191802978516
reaction:621,XPhos,5,,29.35,35.01137924194336,34.07551193237305
reaction:625,P(tBu)3,6,,49.15,50.56536102294922,34.18643569946289
reaction:626,P(Ph)3,5,,80.18,62.846099853515625,34.01209259033203
reaction:627,AmPhos,7,,67.22,54.718894958496094,34.046424865722656
reaction:628,P(Cy)3,0,,60.71,47.4025764465332,34.03555679321289
reaction:629,P(o-Tol)3,0,,20.57,35.91803741455078,34.03925323486328
reaction:630,CataCXium A,1,,84.99,60.033058166503906,34.199317932128906
reaction:631,SPhos,3,,62.66,45.44783401489258,34.10618591308594
reaction:633,XPhos,5,,30.55,41.67820739746094,34.072174072265625
reaction:637,P(tBu)3,4,,82.07,53.02436447143555,34.15363311767578
reaction:638,P(Ph)3,4,,81.23,63.56648254394531,34.17012023925781
reaction:639,AmPhos,7,,59.02,55.67042541503906,34.052486419677734
reaction:640,P(Cy)3,0,,64.13,51.62591552734375,34.02388000488281
reaction:641,P(o-Tol)3,2,,16.87,35.96723556518555,34.0091552734375
reaction:642,CataCXium A,2,,77.38,62.24961853027344,34.037532806396484
reaction:643,SPhos,0,,48.5,50.30499267578125,33.94441223144531
reaction:645,XPhos,4,,18.95,39.871612548828125,34.186676025390625
reaction:649,P(tBu)3,2,,66.97,56.39623260498047,34.04703140258789
reaction:650,P(Ph)3,2,,69.58,64.80159759521484,34.01469421386719
reaction:651,AmPhos,1,,50.06,56.27614974975586,34.18914031982422
reaction:652,P(Cy)3,5,,38.25,50.84090805053711,34.0169563293457
reaction:653,P(o-Tol)3,1,,23.23,30.905120849609375,34.20492172241211
reaction:654,CataCXium A,3,,65.03,63.21485137939453,34.05054473876953
reaction:655,SPhos,5,,22.76,46.97477722167969,33.991703033447266
reaction:657,XPhos,7,,22.27,37.6297721862793,34.06043243408203
reaction:661,P(tBu)3,5,,68.5,53.66883850097656,34.08259963989258
reaction:662,P(Ph)3,1,,72.85,61.55760955810547,34.164695739746094
reaction:663,AmPhos,1,,57.54,54.14799499511719,34.18231201171875
reaction:664,P(Cy)3,4,,28.7,48.313804626464844,34.16435241699219
reaction:665,P(o-Tol)3,4,,17.91,31.17229652404785,34.097015380859375
reaction:666,CataCXium A,1,,62.32,59.02698516845703,34.15965270996094
reaction:667,SPhos,0,,20.77,41.70058822631836,33.94854736328125
reaction:669,XPhos,4,,15.1,34.80796813964844,34.15463638305664
reaction:673,P(tBu)3,4,,85.05,62.70549011230469,34.142520904541016
reaction:674,P(Ph)3,6,,92.8,71.4515151977539,33.993656158447266
reaction:675,AmPhos,1,,77.34,60.814056396484375,34.20616912841797
reaction:676,P(Cy)3,5,,91.24,64.76255798339844,33.96314239501953
reaction:677,P(o-Tol)3,2,,87.0,58.58946228027344,34.05429458618164
reaction:678,CataCXium A,0,,91.58,67.45027923583984,33.97978591918945
reaction:679,SPhos,4,,92.88,62.597206115722656,34.09035873413086
reaction:681,XPhos,4,,91.27,56.41083526611328,34.19017791748047
reaction:685,P(tBu)3,1,,77.88,60.265769958496094,34.177574157714844
reaction:686,P(Ph)3,0,,92.6,69.7313003540039,34.068180084228516
reaction:687,AmPhos,1,,81.73,58.74198913574219,34.217411041259766
reaction:688,P(Cy)3,4,,92.24,61.024864196777344,34.11924743652344
reaction:689,P(o-Tol)3,2,,93.79,58.702484130859375,34.011497497558594
reaction:690,CataCXium A,6,,86.98,64.96892547607422,34.151954650878906
reaction:691,SPhos,2,,85.69,58.18683624267578,34.00690841674805
reaction:693,XPhos,6,,82.19,55.4285888671875,34.03087615966797
reaction:697,P(tBu)3,0,,69.56,60.526451110839844,34.012916564941406
reaction:698,P(Ph)3,7,,75.46,66.6745376586914,33.99455261230469
reaction:699,AmPhos,3,,75.58,63.234188079833984,34.1777458190918
reaction:700,P(Cy)3,2,,75.43,61.642005920410156,34.0133171081543
reaction:701,P(o-Tol)3,2,,87.41,57.94456481933594,34.04237747192383
reaction:702,CataCXium A,2,,80.5,63.93843078613281,34.088409423828125
reaction:703,SPhos,7,,56.64,55.01581573486328,34.004825592041016
reaction:705,XPhos,3,,45.64,52.874183654785156,34.08818054199219
reaction:709,P(tBu)3,3,,84.62,58.62529373168945,34.10646057128906
reaction:710,P(Ph)3,1,,94.67,67.76828002929688,34.176795959472656
reaction:711,AmPhos,7,,76.31,60.915550231933594,34.03797149658203
reaction:712,P(Cy)3,1,,88.84,59.708763122558594,34.156341552734375
reaction:713,P(o-Tol)3,4,,90.31,58.93242645263672,34.12997055053711
reaction:714,CataCXium A,2,,89.42,65.78968048095703,34.06660079956055
reaction:715,SPhos,3,,92.54,53.9450569152832,34.10441970825195
reaction:717,XPhos,0,,90.69,52.124107360839844,34.0051155090332
reaction:721,P(tBu)3,0,,81.33,59.74528503417969,34.026939392089844
reaction:722,P(Ph)3,2,,92.61,68.95914459228516,34.04591751098633
reaction:723,AmPhos,0,,71.62,63.175872802734375,34.05534362792969
reaction:724,P(Cy)3,4,,89.74,60.23843002319336,34.11726760864258
reaction:725,P(o-Tol)3,4,,88.24,60.817237854003906,34.15459442138672
reaction:726,CataCXium A,6,,85.46,67.10566711425781,34.17652130126953
reaction:727,SPhos,3,,91.14,58.21067810058594,34.14662551879883
reaction:729,XPhos,1,,90.55,58.2292594909668,34.164424896240234
reaction:733,P(tBu)3,5,,82.44,64.83676147460938,34.107540130615234
reaction:734,P(Ph)3,0,,92.9,71.7718505859375,34.064144134521484
reaction:735,AmPhos,0,,69.6,60.70668029785156,34.058372497558594
reaction:736,P(Cy)3,3,,89.34,66.52783966064453,34.08860397338867
reaction:737,P(o-Tol)3,0,,88.09,63.32612609863281,34.053802490234375
reaction:738,CataCXium A,6,,85.58,65.65250396728516,34.16351318359375
reaction:739,SPhos,4,,92.27,59.99030303955078,34.11943817138672
reaction:741,XPhos,4,,90.62,57.795108795166016,34.157535552978516
reaction:745,P(tBu)3,1,,74.15,61.65922927856445,34.149139404296875
reaction:746,P(Ph)3,5,,82.99,71.12655639648438,33.992347717285156
reaction:747,AmPhos,7,,73.01,61.512996673583984,34.04385757446289
reaction:748,P(Cy)3,3,,75.99,61.06528854370117,34.0550537109375
reaction:749,P(o-Tol)3,7,,85.28,61.265892028808594,33.9976692199707
reaction:750,CataCXium A,6,,82.84,64.83502197265625,34.17030334472656
reaction:751,SPhos,1,,58.79,58.5162353515625,34.1873893737793
reaction:753,XPhos,2,,52.37,55.28654098510742,34.08034896850586
reaction:757,P(tBu)3,5,,53.8,63.70967483520508,34.140357971191406
reaction:758,P(Ph)3,2,,62.78,64.32563781738281,34.0327033996582
reaction:759,AmPhos,6,,61.57,63.84407043457031,34.124935150146484
reaction:760,P(Cy)3,2,,52.54,59.054805755615234,33.99951934814453
reaction:761,P(o-Tol)3,0,,63.78,61.691932678222656,34.05988693237305
reaction:762,CataCXium A,7,,62.37,68.19661712646484,34.029815673828125
reaction:763,SPhos,5,,36.2,55.16267395019531,33.996612548828125
reaction:765,XPhos,5,,26.69,54.873619079589844,34.05775451660156
reaction:769,P(tBu)3,4,,56.38,51.74679183959961,34.11445236206055
reaction:770,P(Ph)3,3,,96.6,73.22306823730469,34.087093353271484
reaction:771,AmPhos,3,,83.79,62.561580657958984,34.09939193725586
reaction:772,P(Cy)3,6,,87.57,58.65789794921875,34.1497917175293
reaction:773,P(o-Tol)3,0,,69.99,53.49076461791992,34.06040954589844
reaction:774,CataCXium A,3,,91.47,65.23631286621094,34.01504135131836
reaction:775,SPhos,3,,91.47,63.30292510986328,34.1010856628418
reaction:777,XPhos,1,,92.69,61.73493957519531,34.22112274169922
reaction:781,P(tBu)3,4,,66.86,52.00752639770508,34.12688064575195
reaction:782,P(Ph)3,5,,98.53,72.99662780761719,33.99938201904297
reaction:783,AmPhos,7,,94.26,61.16362762451172,34.025604248046875
reaction:784,P(Cy)3,6,,93.05,63.90047073364258,34.143577575683594
reaction:785,P(o-Tol)3,7,,78.44,50.42464828491211,34.02210998535156
reaction:786,CataCXium A,6,,92.77,61.40959930419922,34.138458251953125
reaction:787,SPhos,6,,78.31,61.52735900878906,34.10406494140625
reaction:789,XPhos,6,,78.08,59.94574737548828,34.028404235839844
reaction:793,P(tBu)3,7,,66.13,48.279109954833984,34.124141693115234
reaction:794,P(Ph)3,1,,96.49,68.48968505859375,34.11500930786133
reaction:795,AmPhos,6,,93.69,61.96929931640625,34.16181945800781
reaction:796,P(Cy)3,2,,76.46,65.03652954101562,33.946163177490234
reaction:797,P(o-Tol)3,6,,61.39,52.1864013671875,34.137657165527344
reaction:798,CataCXium A,2,,88.31,69.17994689941406,33.97872543334961
reaction:799,SPhos,7,,45.46,59.208168029785156,34.03029251098633
reaction:801,XPhos,7,,66.46,58.15760803222656,34.01530075073242
reaction:805,P(tBu)3,2,,70.25,46.1823844909668,34.01925277709961
reaction:806,P(Ph)3,6,,87.68,70.63922119140625,34.13329315185547
reaction:807,AmPhos,6,,87.91,61.666500091552734,34.156158447265625
reaction:808,P(Cy)3,3,,41.08,62.35720443725586,34.034339904785156
reaction:809,P(o-Tol)3,6,,44.26,49.637306213378906,34.126747131347656
reaction:810,CataCXium A,0,,82.41,62.95595932006836,33.99483871459961
reaction:811,SPhos,0,,44.11,58.483375549316406,34.05555725097656
reaction:813,XPhos,1,,47.08,56.72264099121094,34.23688507080078
reaction:817,P(tBu)3,7,,68.06,50.22531509399414,34.11128234863281
reaction:818,P(Ph)3,0,,96.49,69.32023620605469,34.074527740478516
reaction:819,AmPhos,1,,90.23,62.22312927246094,34.193145751953125
reaction:820,P(Cy)3,7,,81.84,64.20964050292969,34.04557418823242
reaction:821,P(o-Tol)3,5,,64.29,52.16145706176758,34.059391021728516
reaction:822,CataCXium A,1,,92.96,66.47959899902344,34.086387634277344
reaction:823,SPhos,5,,80.73,62.08854675292969,33.951107025146484
reaction:825,XPhos,1,,84.67,62.17622375488281,34.210777282714844
reaction:829,P(tBu)3,0,,68.43,53.86942672729492,34.02880096435547
reaction:830,P(Ph)3,0,,97.42,69.12068176269531,34.08053970336914
reaction:831,AmPhos,7,,84.74,61.5639533996582,34.011539459228516
reaction:832,P(Cy)3,6,,92.09,60.26023864746094,34.13022232055664
reaction:833,P(o-Tol)3,1,,82.77,51.34332275390625,34.207000732421875
reaction:834,CataCXium A,5,,91.17,62.25581741333008,34.022064208984375
reaction:835,SPhos,0,,90.89,63.34339141845703,34.067115783691406
reaction:837,XPhos,3,,91.1,62.19843673706055,34.16576385498047
reaction:841,P(tBu)3,0,,67.59,50.736724853515625,34.05610656738281
reaction:842,P(Ph)3,7,,97.45,71.001708984375,33.9714469909668
reaction:843,AmPhos,6,,85.04,60.262420654296875,34.16269302368164
reaction:844,P(Cy)3,2,,92.7,59.87886047363281,33.940860748291016
reaction:845,P(o-Tol)3,6,,70.45,51.88689041137695,34.10494613647461
reaction:846,CataCXium A,4,,92.52,62.8001594543457,34.07383346557617
reaction:847,SPhos,7,,91.37,59.5019645690918,34.011940002441406
reaction:849,XPhos,3,,80.59,59.684722900390625,34.14495086669922
reaction:853,P(tBu)3,2,,74.74,51.309349060058594,34.03486633300781
reaction:854,P(Ph)3,0,,97.46,65.6434097290039,34.05518341064453
reaction:855,AmPhos,1,,90.67,60.92578125,34.157440185546875
reaction:856,P(Cy)3,5,,84.05,58.814395904541016,34.01063919067383
reaction:857,P(o-Tol)3,1,,58.44,49.681453704833984,34.24918746948242
reaction:858,CataCXium A,6,,88.7,62.259063720703125,34.10833740234375
reaction:859,SPhos,1,,71.35,56.6269416809082,34.14594650268555
reaction:861,XPhos,5,,66.77,55.778541564941406,34.04592514038086
reaction:865,P(tBu)3,2,,51.22,44.102989196777344,34.01982879638672
reaction:866,P(Ph)3,6,,96.32,69.814208984375,34.135337829589844
reaction:867,AmPhos,5,,33.57,41.67268753051758,34.129173278808594
reaction:868,P(Cy)3,6,,89.35,62.421207427978516,34.09994125366211
reaction:869,P(o-Tol)3,7,,60.68,42.278289794921875,33.94273376464844
reaction:870,CataCXium A,4,,29.57,44.88437271118164,34.155418395996094
reaction:871,SPhos,0,,93.86,64.72393798828125,34.058475494384766
reaction:873,XPhos,7,,95.8,67.40177154541016,33.99006271362305
reaction:877,P(tBu)3,3,,54.85,42.303749084472656,34.07911682128906
reaction:878,P(Ph)3,3,,87.25,71.16493225097656,34.0969123840332
reaction:879,AmPhos,5,,25.72,41.546180725097656,34.14073181152344
reaction:880,P(Cy)3,7,,92.7,67.85646057128906,33.97649002075195
reaction:881,P(o-Tol)3,1,,43.75,39.28783416748047,34.23090362548828
reaction:882,CataCXium A,3,,30.6,43.884063720703125,34.126895904541016
reaction:883,SPhos,3,,86.7,65.52659606933594,34.171566009521484
reaction:885,XPhos,3,,87.65,64.38717651367188,34.14162063598633
reaction:889,P(tBu)3,1,,22.37,42.60898971557617,34.20088577270508
reaction:890,P(Ph)3,3,,67.88,69.28755950927734,34.09151077270508
reaction:891,AmPhos,3,,15.15,43.51402282714844,34.113704681396484
reaction:892,P(Cy)3,0,,83.84,70.43399047851562,33.94643020629883
reaction:893,P(o-Tol)3,2,,11.83,43.266571044921875,34.019710540771484
reaction:894,CataCXium A,3,,29.45,46.058101654052734,34.131187438964844
reaction:895,SPhos,5,,52.91,59.294036865234375,33.98195266723633
reaction:897,XPhos,2,,55.66,62.924705505371094,34.06814193725586
reaction:901,P(tBu)3,4,,27.63,42.88725280761719,34.151893615722656
reaction:902,P(Ph)3,4,,65.66,68.78764343261719,34.163291931152344
reaction:903,AmPhos,5,,14.99,42.83049774169922,34.1290397644043
reaction:904,P(Cy)3,7,,73.07,61.776824951171875,33.988834381103516
reaction:905,P(o-Tol)3,3,,9.33,41.748756408691406,34.07188415527344
reaction:906,CataCXium A,6,,23.78,43.73360061645508,34.07805633544922
reaction:907,SPhos,3,,54.78,59.794227600097656,34.16341781616211
reaction:909,XPhos,3,,47.9,59.99125671386719,34.1621208190918
reaction:913,P(tBu)3,1,,33.26,45.254581451416016,34.19941329956055
reaction:914,P(Ph)3,4,,84.51,68.91263580322266,34.194889068603516
reaction:915,AmPhos,1,,11.46,39.068050384521484,34.215946197509766
reaction:916,P(Cy)3,2,,65.64,65.3162841796875,33.876678466796875
reaction:917,P(o-Tol)3,4,,26.99,42.64616394042969,34.122894287109375
reaction:918,CataCXium A,5,,24.54,42.06010055541992,33.962684631347656
reaction:919,SPhos,3,,61.35,65.022216796875,34.1607780456543
reaction:921,XPhos,2,,80.83,64.49978637695312,34.0710563659668
reaction:925,P(tBu)3,3,,53.78,44.71076965332031,34.106239318847656
reaction:926,P(Ph)3,6,,85.88,70.17365264892578,34.13841247558594
reaction:927,AmPhos,4,,23.63,38.976104736328125,34.09904479980469
reaction:928,P(Cy)3,1,,65.74,65.27850341796875,34.16952133178711
reaction:929,P(o-Tol)3,2,,48.33,44.117942810058594,34.0023307800293
reaction:930,CataCXium A,4,,26.71,42.443603515625,34.12506866455078
reaction:931,SPhos,1,,93.67,68.53783416748047,34.16618728637695
reaction:933,XPhos,5,,95.5,68.98267364501953,34.055137634277344
reaction:937,P(tBu)3,6,,49.02,44.233280181884766,34.070220947265625
reaction:938,P(Ph)3,1,,86.07,68.99689483642578,34.08447265625
reaction:939,AmPhos,3,,28.08,40.26304244995117,34.11502456665039
reaction:940,P(Cy)3,1,,75.26,65.25225067138672,34.13675308227539
reaction:941,P(o-Tol)3,1,,54.06,40.151065826416016,34.23457336425781
reaction:942,CataCXium A,7,,26.61,42.87348175048828,33.995086669921875
reaction:943,SPhos,0,,93.81,61.96816635131836,34.05097961425781
reaction:945,XPhos,6,,95.85,63.11910629272461,34.064327239990234
reaction:949,P(tBu)3,4,,56.78,45.4716911315918,34.143272399902344
reaction:950,P(Ph)3,7,,82.3,66.31915283203125,34.00114059448242
reaction:951,AmPhos,2,,42.8,38.71419143676758,34.02170181274414
reaction:952,P(Cy)3,3,,75.64,65.63727569580078,34.05622482299805
reaction:953,P(o-Tol)3,1,,55.96,38.44895935058594,34.23561477661133
reaction:954,CataCXium A,4,,25.66,44.71342849731445,34.1294059753418
reaction:955,SPhos,5,,95.21,59.1876220703125,33.97224426269531
reaction:957,XPhos,2,,95.19,58.43511199951172,34.07091522216797
reaction:961,P(tBu)3,1,,40.2,37.603538513183594,34.19635772705078
reaction:962,P(Ph)3,2,,66.32,67.40460205078125,33.98464584350586
reaction:963,AmPhos,4,,43.18,50.87214279174805,34.15504455566406
reaction:964,P(Cy)3,2,,57.08,59.48109817504883,33.959110260009766
reaction:965,P(o-Tol)3,0,,33.92,43.385807037353516,34.07322692871094
reaction:966,CataCXium A,4,,54.3,52.257537841796875,34.03886032104492
reaction:967,SPhos,3,,55.27,58.22705841064453,34.13003158569336
reaction:969,XPhos,4,,47.22,59.211212158203125,34.117069244384766
reaction:973,P(tBu)3,4,,9.29,37.298370361328125,34.17231750488281
reaction:974,P(Ph)3,4,,92.28,64.47032165527344,34.14731216430664
reaction:975,AmPhos,7,,54.36,46.646575927734375,34.032405853271484
reaction:976,P(Cy)3,3,,88.55,58.3509521484375,34.08852005004883
reaction:977,P(o-Tol)3,3,,27.55,43.47026062011719,34.07320785522461
reaction:978,CataCXium A,6,,43.2,50.94758605957031,34.13656997680664
reaction:979,SPhos,7,,64.69,51.06277084350586,34.055152893066406
reaction:981,XPhos,4,,52.85,52.78296661376953,34.124847412109375
reaction:985,P(tBu)3,7,,8.71,31.986461639404297,34.14457702636719
reaction:986,P(Ph)3,1,,91.14,62.209625244140625,34.14802551269531
reaction:987,AmPhos,5,,76.44,50.59135055541992,34.09999465942383
reaction:988,P(Cy)3,4,,94.46,59.23256301879883,34.10650634765625
reaction:989,P(o-Tol)3,4,,60.0,39.560157775878906,34.153141021728516
reaction:990,CataCXium A,0,,94.8,54.7538948059082,34.00711441040039
reaction:991,SPhos,7,,77.9,49.26177978515625,34.068485260009766
reaction:993,XPhos,7,,87.99,49.5881462097168,34.06081771850586
reaction:997,P(tBu)3,4,,19.62,38.23405456542969,34.167198181152344
reaction:998,P(Ph)3,0,,89.87,62.137794494628906,34.05610656738281
reaction:999,AmPhos,4,,69.93,50.268306732177734,34.18220901489258
reaction:1000,P(Cy)3,0,,55.64,55.276573181152344,34.05542755126953
reaction:1001,P(o-Tol)3,6,,46.83,39.215667724609375,34.04557418823242
reaction:1002,CataCXium A,1,,69.48,53.02074432373047,34.126976013183594
reaction:1003,SPhos,5,,46.44,49.42365264892578,33.95677185058594
reaction:1005,XPhos,1,,43.5,50.23262023925781,34.182518005371094
reaction:1009,P(tBu)3,4,,27.96,40.034847259521484,34.14891815185547
reaction:1010,P(Ph)3,7,,83.95,64.41122436523438,33.99913024902344
reaction:1011,AmPhos,1,,56.65,49.44808578491211,34.21550750732422
reaction:1012,P(Cy)3,7,,74.22,57.29871368408203,33.969181060791016
reaction:1013,P(o-Tol)3,5,,40.11,40.473697662353516,34.04621505737305
reaction:1014,CataCXium A,0,,64.54,50.16251754760742,34.02790451049805
reaction:1015,SPhos,6,,67.16,53.75350570678711,34.092674255371094
reaction:1017,XPhos,3,,64.39,54.17916488647461,34.13539505004883
reaction:1021,P(tBu)3,7,,52.58,40.330204010009766,34.11456298828125
reaction:1022,P(Ph)3,0,,82.96,65.02860260009766,34.086280822753906
reaction:1023,AmPhos,7,,56.07,47.80204772949219,34.03375244140625
reaction:1024,P(Cy)3,5,,75.36,56.630287170410156,33.98939514160156
reaction:1025,P(o-Tol)3,4,,37.35,43.39342498779297,34.15162658691406
reaction:1026,CataCXium A,2,,60.94,52.28910827636719,33.980987548828125
reaction:1027,SPhos,4,,68.7,56.46807861328125,34.1348991394043
reaction:1029,XPhos,7,,66.93,53.717681884765625,34.045326232910156
reaction:1033,P(tBu)3,7,,20.74,41.58110046386719,34.1394157409668
reaction:1034,P(Ph)3,6,,60.18,67.8852310180664,34.109737396240234
reaction:1035,AmPhos,1,,35.88,51.35041809082031,34.15590286254883
reaction:1036,P(Cy)3,0,,34.25,59.475975036621094,34.03010559082031
reaction:1037,P(o-Tol)3,3,,27.1,44.666114807128906,34.07240676879883
reaction:1038,CataCXium A,3,,43.02,55.73252868652344,34.03917694091797
reaction:1039,SPhos,3,,23.33,57.76576614379883,34.13232421875
reaction:1041,XPhos,3,,27.91,52.907466888427734,34.12718963623047
reaction:1045,P(tBu)3,4,,20.9,41.85358428955078,34.1893310546875
reaction:1046,P(Ph)3,3,,57.19,65.19558715820312,34.06559371948242
reaction:1047,AmPhos,5,,41.02,49.09724044799805,34.102657318115234
reaction:1048,P(Cy)3,2,,33.78,58.33734130859375,33.91413879394531
reaction:1049,P(o-Tol)3,2,,31.67,41.5944938659668,34.005165100097656
reaction:1050,CataCXium A,1,,48.48,50.258846282958984,34.12390899658203
reaction:1051,SPhos,4,,26.47,51.89553451538086,34.126792907714844
reaction:1053,XPhos,7,,26.28,48.536643981933594,34.04841613769531
reaction:1057,P(tBu)3,1,,45.03,42.260433197021484,34.20549774169922
reaction:1058,P(Ph)3,1,,96.7,71.29012298583984,34.104068756103516
reaction:1059,AmPhos,0,,70.76,53.46146774291992,34.022220611572266
reaction:1060,P(Cy)3,2,,93.33,67.8405532836914,34.00385284423828
reaction:1061,P(o-Tol)3,0,,63.28,50.84235763549805,34.05313491821289
reaction:1062,CataCXium A,2,,61.13,55.877132415771484,34.019290924072266
reaction:1063,SPhos,5,,94.82,65.20198822021484,34.0261344909668
reaction:1065,XPhos,0,,88.97,64.0117416381836,34.019805908203125
reaction:1069,P(tBu)3,6,,40.73,40.984806060791016,34.11409378051758
reaction:1070,P(Ph)3,4,,88.59,73.83361053466797,34.15664291381836
reaction:1071,AmPhos,5,,58.43,57.793209075927734,34.10816192626953
reaction:1072,P(Cy)3,2,,89.13,70.81375122070312,33.97141647338867
reaction:1073,P(o-Tol)3,5,,55.72,50.825592041015625,34.048091888427734
reaction:1074,CataCXium A,6,,64.52,54.84814453125,34.135494232177734
reaction:1075,SPhos,1,,81.73,65.6237564086914,34.18263626098633
reaction:1077,XPhos,6,,75.35,60.13490295410156,34.037410736083984
reaction:1081,P(tBu)3,6,,43.13,39.51244354248047,34.15023422241211
reaction:1082,P(Ph)3,5,,85.73,72.01902770996094,34.00071716308594
reaction:1083,AmPhos,0,,77.72,53.99496078491211,33.96550369262695
reaction:1084,P(Cy)3,7,,89.81,72.72859191894531,33.9642219543457
reaction:1085,P(o-Tol)3,6,,48.91,49.90285110473633,34.11497116088867
reaction:1086,CataCXium A,3,,86.51,59.03669738769531,34.11113739013672
reaction:1087,SPhos,0,,71.88,57.97949981689453,33.987159729003906
reaction:1089,XPhos,6,,60.51,58.69060516357422,34.06350326538086
reaction:1093,P(tBu)3,0,,32.15,40.78462600708008,34.05837631225586
reaction:1094,P(Ph)3,1,,94.15,69.55892944335938,34.152767181396484
reaction:1095,AmPhos,4,,61.84,55.18544006347656,34.177886962890625
reaction:1096,P(Cy)3,6,,83.83,66.79719543457031,34.079898834228516
reaction:1097,P(o-Tol)3,7,,58.94,48.65091323852539,33.99995803833008
reaction:1098,CataCXium A,2,,59.67,55.252593994140625,34.03304672241211
reaction:1099,SPhos,6,,90.1,60.20254135131836,34.09649658203125
reaction:1101,XPhos,3,,83.35,55.38189697265625,34.18211364746094
reaction:1105,P(tBu)3,1,,33.02,40.83820724487305,34.19815444946289
reaction:1106,P(Ph)3,4,,93.94,73.25813293457031,34.16725158691406
reaction:1107,AmPhos,6,,61.96,54.670936584472656,34.14623260498047
reaction:1108,P(Cy)3,0,,82.1,66.95932006835938,34.0268440246582
reaction:1109,P(o-Tol)3,5,,55.13,48.969154357910156,34.07393264770508
reaction:1110,CataCXium A,7,,62.96,57.48114013671875,34.0052375793457
reaction:1111,SPhos,2,,88.13,66.21484375,34.02411651611328
reaction:1113,XPhos,3,,82.32,60.49585723876953,34.18256759643555
reaction:1117,P(tBu)3,6,,33.37,43.613914489746094,34.10486602783203
reaction:1118,P(Ph)3,1,,95.31,72.26549530029297,34.16410446166992
reaction:1119,AmPhos,6,,58.42,54.98447036743164,34.1462287902832
reaction:1120,P(Cy)3,5,,80.68,68.6006088256836,33.98435974121094
reaction:1121,P(o-Tol)3,4,,48.82,52.21049499511719,34.17259216308594
reaction:1122,CataCXium A,6,,57.05,55.293914794921875,34.08879852294922
reaction:1123,SPhos,5,,90.9,67.41822814941406,34.02687072753906
reaction:1125,XPhos,3,,82.88,61.05155944824219,34.17778778076172
reaction:1129,P(tBu)3,0,,40.22,39.944915771484375,34.06553649902344
reaction:1130,P(Ph)3,3,,88.74,71.82523345947266,34.09360122680664
reaction:1131,AmPhos,2,,72.98,52.37859344482422,34.0078125
reaction:1132,P(Cy)3,0,,88.05,66.6645278930664,34.070064544677734
reaction:1133,P(o-Tol)3,4,,56.98,50.462833404541016,34.15272903442383
reaction:1134,CataCXium A,4,,80.85,53.26482009887695,34.054466247558594
reaction:1135,SPhos,4,,76.89,60.419437408447266,34.055458068847656
reaction:1137,XPhos,0,,68.57,57.687599182128906,34.01179885864258
reaction:1141,P(tBu)3,0,,30.34,42.29684829711914,34.0754280090332
reaction:1142,P(Ph)3,1,,75.36,65.02035522460938,34.16011047363281
reaction:1143,AmPhos,3,,53.38,55.77206802368164,34.09339904785156
reaction:1144,P(Cy)3,0,,75.13,60.96055603027344,34.02067184448242
reaction:1145,P(o-Tol)3,6,,37.06,50.20854949951172,34.09355545043945
reaction:1146,CataCXium A,1,,58.78,57.058265686035156,34.11678695678711
reaction:1147,SPhos,2,,40.21,58.78376388549805,34.019527435302734
reaction:1149,XPhos,0,,29.42,55.124534606933594,34.02908706665039
reaction:1153,P(tBu)3,2,,93.31,66.84034729003906,34.059181213378906
reaction:1154,P(Ph)3,0,,93.7,71.35000610351562,34.01872253417969
reaction:1155,AmPhos,6,,94.33,72.93647003173828,34.09292221069336
reaction:1156,P(Cy)3,1,,87.35,67.90721130371094,34.09457015991211
reaction:1157,P(o-Tol)3,5,,84.09,65.25071716308594,34.04227828979492
reaction:1158,CataCXium A,4,,95.65,72.47025299072266,34.12943649291992
reaction:1159,SPhos,2,,87.6,66.44215393066406,34.051483154296875
reaction:1161,XPhos,7,,86.6,68.48442077636719,33.99801254272461
reaction:1165,P(tBu)3,7,,91.47,61.95157241821289,34.099571228027344
reaction:1166,P(Ph)3,7,,93.27,70.53533935546875,34.02534103393555
reaction:1167,AmPhos,5,,94.03,68.08944702148438,34.104896545410156
reaction:1168,P(Cy)3,0,,84.04,66.91179656982422,33.959144592285156
reaction:1169,P(o-Tol)3,5,,86.92,61.56609344482422,34.065162658691406
reaction:1170,CataCXium A,3,,92.01,67.55818176269531,34.09617233276367
reaction:1171,SPhos,2,,87.49,61.19788360595703,34.07905960083008
reaction:1173,XPhos,3,,84.94,61.580562591552734,34.10758972167969
reaction:1177,P(tBu)3,6,,87.61,60.25175476074219,34.06669998168945
reaction:1178,P(Ph)3,3,,95.85,67.58836364746094,34.15888214111328
reaction:1179,AmPhos,4,,90.3,67.13126373291016,34.16508865356445
reaction:1180,P(Cy)3,7,,88.99,67.82637023925781,34.035945892333984
reaction:1181,P(o-Tol)3,6,,80.55,63.12556076049805,34.12436294555664
reaction:1182,CataCXium A,5,,91.07,67.1065902709961,34.04973602294922
reaction:1183,SPhos,0,,83.98,61.30609893798828,33.922035217285156
reaction:1185,XPhos,6,,79.93,61.924835205078125,34.089988708496094
reaction:1189,P(tBu)3,2,,83.54,58.442596435546875,34.01737594604492
reaction:1190,P(Ph)3,1,,91.18,68.6826171875,34.15507888793945
reaction:1191,AmPhos,4,,86.92,67.20468139648438,34.17223358154297
reaction:1192,P(Cy)3,4,,81.31,64.0615234375,34.08046340942383
reaction:1193,P(o-Tol)3,6,,73.72,58.639930725097656,34.120784759521484
reaction:1194,CataCXium A,5,,85.75,66.07035827636719,34.05796432495117
reaction:1195,SPhos,6,,71.78,63.4827766418457,34.143882751464844
reaction:1197,XPhos,4,,65.69,61.03968811035156,34.212677001953125
reaction:1201,P(tBu)3,3,,82.29,65.76998138427734,34.07781982421875
reaction:1202,P(Ph)3,7,,91.35,69.59505462646484,34.026649475097656
reaction:1203,AmPhos,2,,89.74,70.66474151611328,34.01335525512695
reaction:1204,P(Cy)3,2,,83.91,67.78650665283203,34.019737243652344
reaction:1205,P(o-Tol)3,7,,81.25,63.00141143798828,34.02699661254883
reaction:1206,CataCXium A,6,,93.12,69.20326232910156,34.05020523071289
reaction:1207,SPhos,0,,86.64,66.55180358886719,33.95646286010742
reaction:1209,XPhos,0,,85.95,63.05159378051758,34.06640625
reaction:1213,P(tBu)3,5,,92.92,69.03749084472656,34.059391021728516
reaction:1214,P(Ph)3,3,,98.2,70.20587921142578,34.15839385986328
reaction:1215,AmPhos,7,,90.96,70.62237548828125,33.97764205932617
reaction:1216,P(Cy)3,3,,91.73,69.04267120361328,34.03422164916992
reaction:1217,P(o-Tol)3,2,,90.03,64.58236694335938,34.04561996459961
reaction:1218,CataCXium A,0,,94.64,72.49475860595703,33.91566467285156
reaction:1219,SPhos,4,,93.43,68.00853729248047,34.113197326660156
reaction:1221,XPhos,0,,88.37,64.33514404296875,34.06473159790039
reaction:1225,P(tBu)3,7,,91.89,67.66072082519531,34.09801483154297
reaction:1226,P(Ph)3,2,,94.82,70.76028442382812,34.01461410522461
reaction:1227,AmPhos,5,,91.24,66.64009094238281,34.10063171386719
reaction:1228,P(Cy)3,6,,91.4,65.07461547851562,34.10292053222656
reaction:1229,P(o-Tol)3,6,,85.85,63.40647506713867,34.12221908569336
reaction:1230,CataCXium A,3,,92.03,70.47826385498047,34.07538986206055
reaction:1231,SPhos,2,,85.21,61.00193786621094,34.09364700317383
reaction:1233,XPhos,5,,79.09,63.080665588378906,34.061954498291016
reaction:1237,P(tBu)3,5,,80.43,66.46648406982422,34.071067810058594
reaction:1238,P(Ph)3,3,,81.66,65.53253173828125,34.159088134765625
reaction:1239,AmPhos,5,,80.71,66.97140502929688,34.138099670410156
reaction:1240,P(Cy)3,2,,71.35,63.208492279052734,34.02740478515625
reaction:1241,P(o-Tol)3,7,,68.84,59.5164680480957,34.045711517333984
reaction:1242,CataCXium A,1,,80.77,66.6418685913086,34.17582321166992
reaction:1243,SPhos,6,,67.76,60.467552185058594,34.127376556396484
reaction:1245,XPhos,4,,63.55,57.863014221191406,34.213096618652344
reaction:1249,P(tBu)3,1,,88.5,60.44062423706055,34.200679779052734
reaction:1250,P(Ph)3,5,,95.95,69.97731018066406,34.02169418334961
reaction:1251,AmPhos,7,,94.08,64.44563293457031,34.03339385986328
reaction:1252,P(Cy)3,3,,88.6,65.44922637939453,34.07574462890625
reaction:1253,P(o-Tol)3,2,,83.3,57.502967834472656,34.04368591308594
reaction:1254,CataCXium A,3,,96.14,68.22663879394531,34.060848236083984
reaction:1255,SPhos,3,,86.88,60.66664123535156,34.0909309387207
reaction:1257,XPhos,0,,83.93,56.92523956298828,34.058650970458984
reaction:1261,P(tBu)3,1,,83.82,57.29241180419922,34.18820571899414
reaction:1262,P(Ph)3,3,,91.34,66.26244354248047,34.14266586303711
reaction:1263,AmPhos,7,,83.05,61.90743637084961,34.06825256347656
reaction:1264,P(Cy)3,1,,81.74,63.01283645629883,34.18679428100586
reaction:1265,P(o-Tol)3,5,,64.98,56.98933029174805,34.091854095458984
reaction:1266,CataCXium A,5,,74.43,68.67120361328125,33.99736404418945
reaction:1267,SPhos,0,,60.4,58.178401947021484,33.96733093261719
reaction:1269,XPhos,3,,55.47,55.853580474853516,34.11128234863281
reaction:1273,P(tBu)3,7,,55.62,56.356624603271484,34.08443832397461
reaction:1274,P(Ph)3,0,,70.45,69.68283081054688,34.032249450683594
reaction:1275,AmPhos,5,,63.78,66.22653198242188,34.07610321044922
reaction:1276,P(Cy)3,1,,62.81,63.55564880371094,34.195465087890625
reaction:1277,P(o-Tol)3,5,,48.77,58.220245361328125,34.07847595214844
reaction:1278,CataCXium A,2,,62.9,69.05290222167969,33.97232437133789
reaction:1279,SPhos,7,,39.4,57.682979583740234,33.996273040771484
reaction:1281,XPhos,7,,40.12,57.723052978515625,34.0555534362793
reaction:1285,P(tBu)3,3,,47.62,57.780479431152344,34.110652923583984
reaction:1286,P(Ph)3,5,,61.51,68.27391052246094,34.005916595458984
reaction:1287,AmPhos,4,,59.14,65.14079284667969,34.14018249511719
reaction:1288,P(Cy)3,5,,52.8,64.9090347290039,33.93201446533203
reaction:1289,P(o-Tol)3,5,,45.49,57.413761138916016,34.07767105102539
reaction:1290,CataCXium A,4,,63.2,68.01983642578125,34.101341247558594
reaction:1291,SPhos,3,,39.21,57.036556243896484,34.12134552001953
reaction:1293,XPhos,5,,38.17,56.27611541748047,34.096458435058594
reaction:1297,P(tBu)3,6,,52.95,61.7757682800293,34.054298400878906
reaction:1298,P(Ph)3,0,,65.45,69.64733123779297,34.0301399230957
reaction:1299,AmPhos,7,,68.9,62.52527618408203,34.01633834838867
reaction:1300,P(Cy)3,1,,65.74,63.425445556640625,34.23558044433594
reaction:1301,P(o-Tol)3,2,,48.98,55.226810455322266,34.043670654296875
reaction:1302,CataCXium A,0,,69.93,67.13589477539062,34.02355194091797
reaction:1303,SPhos,0,,59.54,58.6294059753418,34.01449203491211
reaction:1305,XPhos,1,,60.62,58.327667236328125,34.075931549072266
reaction:1309,P(tBu)3,3,,73.2,65.4569091796875,34.098907470703125
reaction:1310,P(Ph)3,7,,81.77,71.470947265625,34.03245544433594
reaction:1311,AmPhos,3,,77.13,67.8187026977539,34.170467376708984
reaction:1312,P(Cy)3,4,,77.57,66.42535400390625,34.11370849609375
reaction:1313,P(o-Tol)3,6,,67.75,60.518585205078125,34.07076644897461
reaction:1314,CataCXium A,1,,84.72,68.78785705566406,34.13452911376953
reaction:1315,SPhos,1,,73.5,63.102272033691406,34.17942428588867
reaction:1317,XPhos,7,,73.95,59.87675476074219,34.044395446777344
reaction:1321,P(tBu)3,2,,81.91,64.34147644042969,34.00057601928711
reaction:1322,P(Ph)3,2,,87.64,68.44914245605469,34.02927017211914
reaction:1323,AmPhos,7,,84.9,61.48119354248047,34.0545539855957
reaction:1324,P(Cy)3,3,,80.13,64.32840728759766,34.051918029785156
reaction:1325,P(o-Tol)3,3,,70.14,57.8370361328125,34.1308708190918
reaction:1326,CataCXium A,7,,87.87,68.68175506591797,34.0508918762207
reaction:1327,SPhos,1,,74.29,58.048973083496094,34.15650939941406
reaction:1329,XPhos,4,,67.97,55.815528869628906,34.23991394042969
reaction:1333,P(tBu)3,0,,81.08,61.55344772338867,34.01944351196289
reaction:1334,P(Ph)3,1,,88.67,65.91600036621094,34.137413024902344
reaction:1335,AmPhos,2,,84.67,64.90387725830078,34.028907775878906
reaction:1336,P(Cy)3,1,,82.58,61.9217414855957,34.21933364868164
reaction:1337,P(o-Tol)3,3,,69.32,53.188697814941406,34.12534713745117
reaction:1338,CataCXium A,0,,81.6,66.2380142211914,34.01462936401367
reaction:1339,SPhos,0,,70.57,54.311370849609375,33.953792572021484
reaction:1341,XPhos,2,,62.62,52.81888961791992,34.03812026977539
reaction:1345,P(tBu)3,3,,64.95,52.09173583984375,34.10707473754883
reaction:1346,P(Ph)3,7,,93.38,70.05964660644531,33.98597717285156
reaction:1347,AmPhos,5,,89.51,69.68898010253906,34.06204605102539
reaction:1348,P(Cy)3,0,,91.29,68.25904083251953,34.00118637084961
reaction:1349,P(o-Tol)3,3,,74.87,58.70969772338867,34.103492736816406
reaction:1350,CataCXium A,5,,91.79,68.47467803955078,34.04800033569336
reaction:1351,SPhos,0,,83.02,63.72444152832031,33.86081314086914
reaction:1353,XPhos,0,,75.62,58.27912902832031,34.07852554321289
reaction:1357,P(tBu)3,0,,9.62,48.43939971923828,33.983890533447266
reaction:1358,P(Ph)3,5,,89.45,70.45954895019531,34.02824401855469
reaction:1359,AmPhos,7,,81.29,65.37680053710938,34.00360870361328
reaction:1360,P(Cy)3,7,,84.98,65.41234588623047,33.98097229003906
reaction:1361,P(o-Tol)3,1,,65.69,55.772701263427734,34.16791915893555
reaction:1362,CataCXium A,3,,73.08,66.2530517578125,34.06374740600586
reaction:1363,SPhos,1,,68.07,61.21593475341797,34.24357604980469
reaction:1365,XPhos,6,,72.44,56.782474517822266,34.050682067871094
reaction:1369,P(tBu)3,4,,8.8,46.19721984863281,34.13551712036133
reaction:1370,P(Ph)3,5,,90.61,69.17034912109375,34.033294677734375
reaction:1371,AmPhos,0,,87.35,65.6734619140625,34.087249755859375
reaction:1372,P(Cy)3,2,,89.78,65.70687866210938,33.97510528564453
reaction:1373,P(o-Tol)3,7,,79.47,57.368438720703125,34.017024993896484
reaction:1374,CataCXium A,5,,90.18,65.26140594482422,34.069854736328125
reaction:1375,SPhos,4,,83.1,56.020774841308594,34.15858840942383
reaction:1377,XPhos,2,,85.48,55.13731384277344,34.05232620239258
reaction:1381,P(tBu)3,7,,12.07,52.544837951660156,34.09389114379883
reaction:1382,P(Ph)3,6,,88.27,68.01695251464844,34.12171936035156
reaction:1383,AmPhos,2,,82.92,67.15055084228516,33.968875885009766
reaction:1384,P(Cy)3,1,,80.35,61.18846130371094,34.103759765625
reaction:1385,P(o-Tol)3,6,,66.72,54.7441520690918,34.0936393737793
reaction:1386,CataCXium A,6,,83.56,65.65027618408203,34.07521057128906
reaction:1387,SPhos,1,,59.91,58.769229888916016,34.215110778808594
reaction:1389,XPhos,5,,57.98,55.885528564453125,34.069210052490234
reaction:1393,P(tBu)3,2,,49.99,47.95990753173828,34.04066848754883
reaction:1394,P(Ph)3,4,,92.73,66.334228515625,34.112613677978516
reaction:1395,AmPhos,3,,90.14,68.25357055664062,34.191253662109375
reaction:1396,P(Cy)3,5,,90.79,66.64533233642578,33.959590911865234
reaction:1397,P(o-Tol)3,4,,67.92,58.72943878173828,34.142921447753906
reaction:1398,CataCXium A,4,,92.7,69.43925476074219,34.125579833984375
reaction:1399,SPhos,3,,85.37,61.024269104003906,34.0647087097168
reaction:1401,XPhos,0,,66.05,57.349212646484375,34.071868896484375
reaction:1405,P(tBu)3,2,,76.2,53.26709747314453,34.04944610595703
reaction:1406,P(Ph)3,4,,96.42,69.51206970214844,34.08279037475586
reaction:1407,AmPhos,7,,94.57,65.37831115722656,33.98945617675781
reaction:1408,P(Cy)3,6,,92.8,66.78199768066406,34.09525680541992
reaction:1409,P(o-Tol)3,1,,73.68,59.347389221191406,34.14053726196289
reaction:1410,CataCXium A,7,,94.57,70.69012451171875,34.0673942565918
reaction:1411,SPhos,6,,86.08,64.33473205566406,34.13239669799805
reaction:1413,XPhos,4,,75.29,59.776145935058594,34.2247314453125
reaction:1417,P(tBu)3,5,,82.54,52.277252197265625,34.03255081176758
reaction:1418,P(Ph)3,1,,87.27,69.30706787109375,34.1502685546875
reaction:1419,AmPhos,0,,80.07,66.76979064941406,34.136802673339844
reaction:1420,P(Cy)3,5,,62.34,65.84698486328125,33.97826385498047
reaction:1421,P(o-Tol)3,7,,60.03,57.96125411987305,34.04159927368164
reaction:1422,CataCXium A,6,,79.46,67.19650268554688,34.08156204223633
reaction:1423,SPhos,6,,52.43,59.343772888183594,34.120582580566406
reaction:1425,XPhos,4,,50.85,56.424068450927734,34.23423385620117
reaction:1429,P(tBu)3,3,,71.32,49.609134674072266,34.10557556152344
reaction:1430,P(Ph)3,6,,84.47,66.26335906982422,34.111473083496094
reaction:1431,AmPhos,3,,78.24,66.10069274902344,34.181724548339844
reaction:1432,P(Cy)3,6,,66.87,62.001365661621094,34.09807205200195
reaction:1433,P(o-Tol)3,4,,56.86,54.96640396118164,34.14460754394531
reaction:1434,CataCXium A,1,,72.38,64.17326354980469,34.111454010009766
reaction:1435,SPhos,1,,47.9,55.83738708496094,34.22476577758789
reaction:1437,XPhos,2,,48.25,51.0943603515625,34.04743957519531
reaction:1441,P(tBu)3,4,,86.11,64.18345642089844,34.144676208496094
reaction:1442,P(Ph)3,0,,93.65,72.63999938964844,34.06502151489258
reaction:1443,AmPhos,2,,92.07,71.72998809814453,34.048709869384766
reaction:1444,P(Cy)3,6,,93.78,74.3332290649414,34.093711853027344
reaction:1445,P(o-Tol)3,2,,91.83,69.01204681396484,34.025630950927734
reaction:1446,CataCXium A,2,,94.15,72.80681610107422,34.055233001708984
reaction:1447,SPhos,0,,90.26,66.11555480957031,34.01451110839844
reaction:1449,XPhos,0,,91.45,65.15409851074219,34.08378601074219
reaction:1453,P(tBu)3,5,,71.72,64.71208190917969,34.07809829711914
reaction:1454,P(Ph)3,3,,93.82,71.96769714355469,34.15760040283203
reaction:1455,AmPhos,6,,92.52,72.74107360839844,34.05384063720703
reaction:1456,P(Cy)3,0,,92.43,70.59927368164062,34.03547668457031
reaction:1457,P(o-Tol)3,1,,91.08,70.84248352050781,34.168067932128906
reaction:1458,CataCXium A,2,,93.13,70.52644348144531,34.06150436401367
reaction:1459,SPhos,5,,86.63,67.38922119140625,34.05112838745117
reaction:1461,XPhos,5,,86.36,66.96568298339844,34.06440353393555
reaction:1465,P(tBu)3,7,,75.91,59.988426208496094,34.10979461669922
reaction:1466,P(Ph)3,7,,89.29,72.18687438964844,33.98530960083008
reaction:1467,AmPhos,2,,85.76,69.59606170654297,34.05412292480469
reaction:1468,P(Cy)3,4,,88.01,72.03085327148438,34.09730911254883
reaction:1469,P(o-Tol)3,0,,88.6,70.44924926757812,33.974266052246094
reaction:1470,CataCXium A,7,,90.39,72.66189575195312,34.086814880371094
reaction:1471,SPhos,3,,65.6,63.7398796081543,34.03813934326172
reaction:1473,XPhos,2,,77.72,60.90049743652344,34.03486633300781
reaction:1477,P(tBu)3,4,,91.29,57.88247299194336,34.15935134887695
reaction:1478,P(Ph)3,2,,96.74,72.76624298095703,33.99535369873047
reaction:1479,AmPhos,5,,92.82,68.07243347167969,34.118717193603516
reaction:1480,P(Cy)3,1,,96.3,70.40608978271484,34.105072021484375
reaction:1481,P(o-Tol)3,4,,93.73,67.66692352294922,34.120697021484375
reaction:1482,CataCXium A,2,,95.37,66.6046371459961,34.0905647277832
reaction:1483,SPhos,0,,91.37,62.39337921142578,33.97028732299805
reaction:1485,XPhos,0,,90.79,62.804283142089844,34.06877517700195
reaction:1489,P(tBu)3,4,,92.06,59.80073547363281,34.13754653930664
reaction:1490,P(Ph)3,4,,94.47,70.54871368408203,34.096439361572266
reaction:1491,AmPhos,0,,92.08,70.37600708007812,34.14905548095703
reaction:1492,P(Cy)3,0,,92.52,69.85397338867188,34.023956298828125
reaction:1493,P(o-Tol)3,2,,91.99,68.71070098876953,34.036781311035156
reaction:1494,CataCXium A,0,,95.06,72.11857604980469,33.98278045654297
reaction:1495,SPhos,4,,90.53,67.47081756591797,34.09458541870117
reaction:1497,XPhos,4,,90.57,67.35955810546875,34.231876373291016
reaction:1501,P(tBu)3,7,,94.01,64.40728759765625,34.1135139465332
reaction:1502,P(Ph)3,0,,98.69,73.99972534179688,34.05091857910156
reaction:1503,AmPhos,2,,93.28,69.91632080078125,34.07373809814453
reaction:1504,P(Cy)3,0,,92.97,72.26094055175781,34.00935363769531
reaction:1505,P(o-Tol)3,7,,92.65,72.48224639892578,34.037933349609375
reaction:1506,CataCXium A,6,,96.04,73.91239929199219,34.04636764526367
reaction:1507,SPhos,0,,91.75,68.3692398071289,33.9649543762207
reaction:1509,XPhos,7,,91.45,68.65338134765625,34.01092529296875
reaction:1513,P(tBu)3,3,,81.58,67.55569458007812,34.046688079833984
reaction:1514,P(Ph)3,0,,89.8,72.60706329345703,34.03916931152344
reaction:1515,AmPhos,5,,86.54,68.88111114501953,34.10037612915039
reaction:1516,P(Cy)3,6,,88.06,70.0382080078125,34.107154846191406
reaction:1517,P(o-Tol)3,4,,87.76,68.84337615966797,34.140907287597656
reaction:1518,CataCXium A,3,,89.09,73.18727111816406,34.034122467041016
reaction:1519,SPhos,2,,72.51,62.518890380859375,34.027828216552734
reaction:1521,XPhos,7,,73.77,63.12556838989258,33.992652893066406
reaction:1525,P(tBu)3,5,,59.54,61.8155632019043,34.095855712890625
reaction:1526,P(Ph)3,0,,46.28,67.2105712890625,34.04289627075195
reaction:1527,AmPhos,5,,72.03,66.30065155029297,34.11408615112305
reaction:1528,P(Cy)3,2,,73.65,66.26094818115234,34.01240158081055
reaction:1529,P(o-Tol)3,7,,68.96,65.59786224365234,34.05692672729492
reaction:1530,CataCXium A,7,,72.18,68.35504150390625,34.094337463378906
reaction:1531,SPhos,5,,48.82,60.134971618652344,34.054046630859375
reaction:1533,XPhos,1,,48.59,60.68464660644531,34.11637878417969
reaction:1537,P(tBu)3,2,,34.3,49.22337341308594,34.040164947509766
reaction:1538,P(Ph)3,1,,78.03,68.46549224853516,34.09598159790039
reaction:1539,AmPhos,1,,62.59,61.496124267578125,34.14914321899414
reaction:1540,P(Cy)3,5,,50.25,53.329994201660156,34.08625030517578
reaction:1541,P(o-Tol)3,7,,50.56,49.543495178222656,34.017269134521484
reaction:1542,CataCXium A,5,,95.62,56.855533599853516,34.043277740478516
reaction:1543,SPhos,4,,74.84,62.762332916259766,34.12311553955078
reaction:1545,XPhos,5,,67.97,57.09082794189453,34.090877532958984
reaction:1549,P(tBu)3,3,,44.24,47.084835052490234,34.12147903442383
reaction:1550,P(Ph)3,2,,87.31,68.63196563720703,34.05051040649414
reaction:1551,AmPhos,4,,89.54,60.8946418762207,34.10840606689453
reaction:1552,P(Cy)3,3,,60.21,58.46781921386719,34.0767822265625
reaction:1553,P(o-Tol)3,7,,52.95,46.9066162109375,34.071006774902344
reaction:1554,CataCXium A,2,,80.64,65.12940979003906,33.960655212402344
reaction:1555,SPhos,0,,60.49,58.55978012084961,34.02028274536133
reaction:1557,XPhos,2,,50.2,57.08498001098633,34.07828140258789
reaction:1561,P(tBu)3,4,,42.57,44.829559326171875,34.06266784667969
reaction:1562,P(Ph)3,0,,83.05,68.67794799804688,34.00993728637695
reaction:1563,AmPhos,3,,88.28,56.582767486572266,34.146114349365234
reaction:1564,P(Cy)3,5,,73.25,57.70823287963867,34.087589263916016
reaction:1565,P(o-Tol)3,2,,69.46,47.95480728149414,34.083770751953125
reaction:1566,CataCXium A,3,,98.61,65.76408386230469,34.06034469604492
reaction:1567,SPhos,6,,68.95,54.67134475708008,34.088871002197266
reaction:1569,XPhos,5,,60.14,51.09778594970703,34.087013244628906
reaction:1573,P(tBu)3,7,,42.91,43.064857482910156,34.13361358642578
reaction:1574,P(Ph)3,6,,74.45,68.03379821777344,34.132080078125
reaction:1575,AmPhos,2,,84.23,62.75191879272461,34.02401351928711
reaction:1576,P(Cy)3,7,,42.55,52.57994079589844,34.02360153198242
reaction:1577,P(o-Tol)3,2,,58.61,46.09362030029297,34.083744049072266
reaction:1578,CataCXium A,1,,70.52,63.77340316772461,34.144371032714844
reaction:1579,SPhos,7,,61.21,55.57433319091797,33.97280502319336
reaction:1581,XPhos,7,,55.94,52.455265045166016,34.02573776245117
reaction:1585,P(tBu)3,3,,65.86,47.01481246948242,34.125335693359375
reaction:1586,P(Ph)3,1,,91.46,68.52140045166016,34.10837173461914
reaction:1587,AmPhos,5,,90.4,61.268402099609375,34.13325119018555
reaction:1588,P(Cy)3,1,,71.78,56.80009841918945,34.09294891357422
reaction:1589,P(o-Tol)3,6,,71.66,49.68306350708008,34.088260650634766
reaction:1590,CataCXium A,4,,96.15,62.814762115478516,34.02310562133789
reaction:1591,SPhos,2,,84.76,61.532440185546875,34.008934020996094
reaction:1593,XPhos,5,,79.44,56.77851867675781,34.13261795043945
reaction:1597,P(tBu)3,7,,72.9,47.49956512451172,34.11003875732422
reaction:1598,P(Ph)3,7,,95.86,68.33538055419922,33.996883392333984
reaction:1599,AmPhos,3,,93.84,58.12747573852539,34.1353759765625
reaction:1600,P(Cy)3,5,,71.12,56.649295806884766,34.10738754272461
reaction:1601,P(o-Tol)3,6,,59.47,50.96476745605469,34.064945220947266
reaction:1602,CataCXium A,5,,95.78,56.112640380859375,34.077537536621094
reaction:1603,SPhos,0,,86.28,61.185482025146484,34.02640914916992
reaction:1605,XPhos,2,,60.54,59.179718017578125,34.07008743286133
reaction:1609,P(tBu)3,0,,72.09,48.30036163330078,34.009254455566406
reaction:1610,P(Ph)3,4,,92.43,68.96178436279297,34.10259246826172
reaction:1611,AmPhos,3,,92.49,56.46818542480469,34.1336784362793
reaction:1612,P(Cy)3,7,,58.64,56.615028381347656,34.04047775268555
reaction:1613,P(o-Tol)3,3,,49.79,50.086395263671875,34.087459564208984
reaction:1614,CataCXium A,1,,95.36,62.942691802978516,34.10478591918945
reaction:1615,SPhos,1,,70.77,61.42618942260742,34.17281723022461
reaction:1617,XPhos,6,,61.61,55.89531326293945,34.09519577026367
reaction:1621,P(tBu)3,7,,80.99,47.50044631958008,34.14237594604492
reaction:1622,P(Ph)3,5,,86.63,67.37762451171875,34.060081481933594
reaction:1623,AmPhos,7,,89.02,59.38929748535156,33.98041915893555
reaction:1624,P(Cy)3,5,,44.82,52.640830993652344,34.101173400878906
reaction:1625,P(o-Tol)3,0,,52.39,47.16603469848633,34.040870666503906
reaction:1626,CataCXium A,5,,97.25,57.18484115600586,34.055137634277344
reaction:1627,SPhos,4,,61.68,58.679893493652344,34.141990661621094
reaction:1629,XPhos,7,,49.48,55.1471061706543,34.03904724121094
reaction:1633,P(tBu)3,4,,31.45,40.581119537353516,34.095428466796875
reaction:1634,P(Ph)3,3,,92.89,74.18760681152344,34.03850555419922
reaction:1635,AmPhos,2,,23.2,37.68563461303711,34.0717887878418
reaction:1636,P(Cy)3,6,,66.25,62.79305648803711,34.058807373046875
reaction:1637,P(o-Tol)3,2,,32.29,38.78096008300781,34.07240676879883
reaction:1638,CataCXium A,4,,26.8,41.25914764404297,34.032440185546875
reaction:1639,SPhos,7,,90.94,65.56033325195312,33.977962493896484
reaction:1641,XPhos,1,,90.0,66.76029968261719,34.12559127807617
reaction:1645,P(tBu)3,7,,35.1,38.92021942138672,34.10734939575195
reaction:1646,P(Ph)3,2,,96.16,71.38127899169922,34.048397064208984
reaction:1647,AmPhos,6,,22.19,38.53371047973633,34.056827545166016
reaction:1648,P(Cy)3,1,,95.29,63.353004455566406,34.211978912353516
reaction:1649,P(o-Tol)3,5,,16.72,38.44497299194336,34.02980422973633
reaction:1650,CataCXium A,3,,30.07,43.26227569580078,34.06744384765625
reaction:1651,SPhos,2,,76.37,60.257469177246094,34.05641174316406
reaction:1653,XPhos,7,,80.96,61.49724578857422,34.020076751708984
reaction:1657,P(tBu)3,5,,17.48,35.492855072021484,33.99577713012695
reaction:1658,P(Ph)3,4,,85.82,70.10533142089844,34.15144729614258
reaction:1659,AmPhos,2,,19.11,38.65501403808594,34.0672721862793
reaction:1660,P(Cy)3,1,,95.0,67.60970306396484,34.20623779296875
reaction:1661,P(o-Tol)3,1,,22.65,39.71173858642578,34.251075744628906
reaction:1662,CataCXium A,7,,37.69,43.890846252441406,34.03981399536133
reaction:1663,SPhos,2,,53.23,55.65705108642578,34.06562423706055
reaction:1665,XPhos,0,,70.51,57.354957580566406,34.06420135498047
reaction:1669,P(tBu)3,1,,21.44,36.972991943359375,34.177791595458984
reaction:1670,P(Ph)3,1,,83.61,69.12460327148438,34.1175651550293
reaction:1671,AmPhos,0,,29.86,36.93230056762695,34.01639175415039
reaction:1672,P(Cy)3,1,,77.59,61.32988357543945,34.19404602050781
reaction:1673,P(o-Tol)3,1,,20.35,38.516998291015625,34.24953079223633
reaction:1674,CataCXium A,2,,31.69,40.21167755126953,33.972434997558594
reaction:1675,SPhos,4,,55.07,60.698150634765625,34.079586029052734
reaction:1677,XPhos,0,,65.8,57.59986114501953,34.08308410644531
reaction:1681,P(tBu)3,2,,37.31,38.183204650878906,34.029632568359375
reaction:1682,P(Ph)3,4,,90.75,72.6500015258789,34.1881103515625
reaction:1683,AmPhos,1,,23.77,39.5796012878418,34.19332504272461
reaction:1684,P(Cy)3,5,,75.02,66.87413024902344,33.98687744140625
reaction:1685,P(o-Tol)3,1,,33.92,41.358272552490234,34.23835372924805
reaction:1686,CataCXium A,7,,23.22,42.59762954711914,34.05354309082031
reaction:1687,SPhos,1,,82.31,61.10380554199219,34.200042724609375
reaction:1689,XPhos,3,,84.34,65.7599868774414,34.04462432861328
reaction:1693,P(tBu)3,3,,38.88,42.90009307861328,34.11309814453125
reaction:1694,P(Ph)3,7,,94.45,71.01876068115234,34.06345748901367
reaction:1695,AmPhos,7,,20.51,39.44526672363281,33.96270751953125
reaction:1696,P(Cy)3,0,,79.1,64.83989715576172,33.933868408203125
reaction:1697,P(o-Tol)3,4,,30.29,40.696651458740234,34.14604568481445
reaction:1698,CataCXium A,7,,18.55,42.30915069580078,34.02579116821289
reaction:1699,SPhos,6,,94.27,65.72693634033203,34.081661224365234
reaction:1701,XPhos,0,,93.61,62.42347717285156,34.045570373535156
reaction:1705,P(tBu)3,0,,37.8,40.696746826171875,33.97608947753906
reaction:1706,P(Ph)3,2,,96.02,71.80851745605469,34.046546936035156
reaction:1707,AmPhos,5,,15.05,39.3444938659668,34.12714767456055
reaction:1708,P(Cy)3,7,,73.27,66.60755920410156,33.95577621459961
reaction:1709,P(o-Tol)3,2,,35.32,38.60093688964844,34.083221435546875
reaction:1710,CataCXium A,6,,28.86,42.031593322753906,34.0722770690918
reaction:1711,SPhos,2,,95.06,61.48314666748047,34.09576416015625
reaction:1713,XPhos,0,,91.7,60.69660186767578,34.03239059448242
reaction:1717,P(tBu)3,7,,39.91,40.963680267333984,34.12581253051758
reaction:1718,P(Ph)3,7,,96.15,68.73542785644531,34.02131652832031
reaction:1719,AmPhos,1,,25.97,39.59700012207031,34.156982421875
reaction:1720,P(Cy)3,4,,94.3,63.9761962890625,34.09530258178711
reaction:1721,P(o-Tol)3,1,,25.48,39.93023681640625,34.236183166503906
reaction:1722,CataCXium A,4,,26.31,43.28146743774414,34.056514739990234
reaction:1723,SPhos,0,,82.24,61.60133743286133,33.9734992980957
reaction:1725,XPhos,6,,81.88,63.127933502197266,34.09336853027344
reaction:1729,P(tBu)3,6,,52.87,40.540218353271484,34.10490798950195
reaction:1730,P(Ph)3,4,,71.41,66.18730163574219,34.15382766723633
reaction:1731,AmPhos,3,,43.54,47.9030876159668,34.114349365234375
reaction:1732,P(Cy)3,1,,54.68,56.37849807739258,34.11216735839844
reaction:1733,P(o-Tol)3,0,,29.2,44.88515853881836,34.06726837158203
reaction:1734,CataCXium A,2,,23.29,52.45069122314453,33.95649719238281
reaction:1735,SPhos,7,,70.63,56.92414093017578,34.08313751220703
reaction:1737,XPhos,2,,68.92,55.60206604003906,34.05454635620117
reaction:1741,P(tBu)3,0,,22.8,37.978759765625,33.93581771850586
reaction:1742,P(Ph)3,7,,90.99,66.77114868164062,34.01282501220703
reaction:1743,AmPhos,5,,46.17,50.32734680175781,34.10939025878906
reaction:1744,P(Cy)3,3,,60.25,60.543861389160156,34.115787506103516
reaction:1745,P(o-Tol)3,5,,31.45,43.221351623535156,34.07733917236328
reaction:1746,CataCXium A,6,,68.31,48.157684326171875,34.152496337890625
reaction:1747,SPhos,7,,66.35,53.956504821777344,34.07024383544922
reaction:1749,XPhos,6,,52.63,56.059810638427734,34.0038948059082
reaction:1753,P(tBu)3,3,,10.33,37.110809326171875,34.08363342285156
reaction:1754,P(Ph)3,1,,92.04,66.4752426147461,34.10685348510742
reaction:1755,AmPhos,3,,66.56,48.129024505615234,34.13514709472656
reaction:1756,P(Cy)3,7,,93.1,61.59745788574219,33.93735122680664
reaction:1757,P(o-Tol)3,3,,58.79,44.661041259765625,34.074615478515625
reaction:1758,CataCXium A,7,,91.26,52.98746109008789,34.00357437133789
reaction:1759,SPhos,2,,72.82,56.5450439453125,34.07773971557617
reaction:1761,XPhos,0,,67.02,56.82726287841797,34.076873779296875
reaction:1765,P(tBu)3,2,,23.79,38.434776306152344,33.99069595336914
reaction:1766,P(Ph)3,3,,83.36,67.14842224121094,34.04586410522461
reaction:1767,AmPhos,0,,66.09,51.44158935546875,34.02695846557617
reaction:1768,P(Cy)3,0,,52.88,55.669471740722656,34.03266143798828
reaction:1769,P(o-Tol)3,2,,43.96,43.55156707763672,34.0687141418457
reaction:1770,CataCXium A,6,,65.1,49.474754333496094,34.12783432006836
reaction:1771,SPhos,2,,47.6,53.976444244384766,34.05427551269531
reaction:1773,XPhos,0,,48.02,53.932044982910156,34.05929183959961
reaction:1777,P(tBu)3,1,,39.79,40.70598220825195,34.14889144897461
reaction:1778,P(Ph)3,7,,83.87,64.61907958984375,34.03661346435547
reaction:1779,AmPhos,1,,61.52,50.682254791259766,34.19233703613281
reaction:1780,P(Cy)3,2,,89.01,59.198020935058594,33.960689544677734
reaction:1781,P(o-Tol)3,2,,54.78,45.00973892211914,34.05686569213867
reaction:1782,CataCXium A,7,,52.04,51.336795806884766,34.02157211303711
reaction:1783,SPhos,1,,74.8,58.091331481933594,34.190975189208984
reaction:1785,XPhos,0,,71.36,58.02434158325195,34.044307708740234
reaction:1789,P(tBu)3,4,,61.88,41.598731994628906,34.14360809326172
reaction:1790,P(Ph)3,6,,89.04,68.07394409179688,34.152217864990234
reaction:1791,AmPhos,4,,67.24,49.76906967163086,34.15147018432617
reaction:1792,P(Cy)3,6,,71.21,57.94239044189453,34.12038803100586
reaction:1793,P(o-Tol)3,5,,57.62,45.391258239746094,34.08575439453125
reaction:1794,CataCXium A,4,,53.67,50.533695220947266,34.055850982666016
reaction:1795,SPhos,4,,77.06,60.06867980957031,34.10346603393555
reaction:1797,XPhos,2,,75.0,56.44969177246094,34.06476974487305
reaction:1801,P(tBu)3,5,,65.32,42.25043487548828,33.986610412597656
reaction:1802,P(Ph)3,5,,85.9,68.00366973876953,34.01129913330078
reaction:1803,AmPhos,2,,57.78,47.48204040527344,34.05768585205078
reaction:1804,P(Cy)3,4,,70.55,55.286705017089844,34.129112243652344
reaction:1805,P(o-Tol)3,6,,45.41,42.36924743652344,34.01025390625
reaction:1806,CataCXium A,4,,53.78,50.872100830078125,34.091575622558594
reaction:1807,SPhos,2,,75.33,51.232994079589844,34.069217681884766
reaction:1809,XPhos,5,,65.57,52.422279357910156,34.05500793457031
reaction:1813,P(tBu)3,4,,60.05,42.6624870300293,34.18373107910156
reaction:1814,P(Ph)3,6,,79.66,63.98109817504883,34.127750396728516
reaction:1815,AmPhos,2,,45.66,47.605709075927734,34.05323028564453
reaction:1816,P(Cy)3,6,,68.03,53.6340446472168,34.10251998901367
reaction:1817,P(o-Tol)3,0,,52.13,41.325462341308594,34.04740905761719
reaction:1818,CataCXium A,6,,49.82,47.63956832885742,34.129905700683594
reaction:1819,SPhos,7,,71.12,51.71091079711914,34.05887985229492
reaction:1821,XPhos,4,,74.08,49.24016189575195,34.07787322998047
reaction:1825,P(tBu)3,6,,28.74,36.16374206542969,34.14237594604492
reaction:1826,P(Ph)3,4,,91.0,72.70068359375,34.13053512573242
reaction:1827,AmPhos,6,,46.01,47.67621612548828,34.09111404418945
reaction:1828,P(Cy)3,2,,62.34,61.78727340698242,34.04474639892578
reaction:1829,P(o-Tol)3,4,,54.12,49.045433044433594,34.16082763671875
reaction:1830,CataCXium A,7,,36.3,46.0534782409668,34.015926361083984
reaction:1831,SPhos,5,,72.63,58.074893951416016,34.0191650390625
reaction:1833,XPhos,7,,63.61,59.00566864013672,34.05739974975586
reaction:1837,P(tBu)3,3,,26.25,36.15351867675781,34.12300109863281
reaction:1838,P(Ph)3,7,,92.54,72.46929168701172,34.0145378112793
reaction:1839,AmPhos,4,,54.75,46.82526779174805,34.17530059814453
reaction:1840,P(Cy)3,2,,89.22,65.16874694824219,34.045318603515625
reaction:1841,P(o-Tol)3,1,,55.28,47.76742935180664,34.20881652832031
reaction:1842,CataCXium A,5,,46.34,48.57563018798828,33.998497009277344
reaction:1843,SPhos,1,,57.38,56.45848083496094,34.243492126464844
reaction:1845,XPhos,7,,56.03,53.324092864990234,34.06956100463867
reaction:1849,P(tBu)3,6,,30.54,33.4422607421875,34.14662170410156
reaction:1850,P(Ph)3,5,,80.77,70.76002502441406,34.074913024902344
reaction:1851,AmPhos,7,,38.15,52.6146354675293,34.00959014892578
reaction:1852,P(Cy)3,6,,79.56,69.41593170166016,34.07139587402344
reaction:1853,P(o-Tol)3,2,,48.82,49.46002960205078,34.034584045410156
reaction:1854,CataCXium A,1,,41.54,53.51658630371094,34.1141357421875
reaction:1855,SPhos,3,,31.36,55.27078628540039,34.077720642089844
reaction:1857,XPhos,0,,36.08,53.173797607421875,34.04090881347656
reaction:1861,P(tBu)3,1,,25.47,35.5698127746582,34.2020378112793
reaction:1862,P(Ph)3,1,,94.74,69.94622039794922,34.16144561767578
reaction:1863,AmPhos,1,,55.38,49.203155517578125,34.11098098754883
reaction:1864,P(Cy)3,0,,83.07,63.49650192260742,34.01546096801758
reaction:1865,P(o-Tol)3,6,,61.24,49.76320266723633,34.02206039428711
reaction:1866,CataCXium A,5,,40.4,46.861366271972656,33.99700927734375
reaction:1867,SPhos,6,,74.29,53.908390045166016,34.09050369262695
reaction:1869,XPhos,4,,68.52,53.5579833984375,34.08380126953125
reaction:1873,P(tBu)3,5,,19.33,38.56499099731445,34.04086685180664
reaction:1874,P(Ph)3,7,,94.2,71.88304138183594,34.01575469970703
reaction:1875,AmPhos,5,,51.1,47.166969299316406,34.14240264892578
reaction:1876,P(Cy)3,7,,82.87,66.44248962402344,33.97195053100586
reaction:1877,P(o-Tol)3,3,,58.21,51.62127685546875,34.076194763183594
reaction:1878,CataCXium A,7,,35.0,48.783470153808594,34.072303771972656
reaction:1879,SPhos,1,,73.51,58.17313766479492,34.25065994262695
reaction:1881,XPhos,5,,71.6,57.108421325683594,34.0535888671875
reaction:1885,P(tBu)3,3,,22.38,40.433204650878906,34.11274719238281
reaction:1886,P(Ph)3,5,,94.74,74.95088195800781,34.0693244934082
reaction:1887,AmPhos,4,,50.15,48.31571960449219,34.190921783447266
reaction:1888,P(Cy)3,6,,86.78,63.281009674072266,34.09882736206055
reaction:1889,P(o-Tol)3,4,,58.07,51.2374267578125,34.20469284057617
reaction:1890,CataCXium A,1,,36.27,47.88267135620117,34.12470626831055
reaction:1891,SPhos,7,,76.49,61.24195098876953,33.96698760986328
reaction:1893,XPhos,7,,76.38,58.501224517822266,34.058074951171875
reaction:1897,P(tBu)3,5,,22.3,39.063270568847656,34.0214958190918
reaction:1898,P(Ph)3,1,,86.35,73.27413940429688,34.11943054199219
reaction:1899,AmPhos,7,,39.96,50.16072463989258,34.00493621826172
reaction:1900,P(Cy)3,4,,74.99,64.87229919433594,34.091983795166016
reaction:1901,P(o-Tol)3,4,,48.59,49.227882385253906,34.1882438659668
reaction:1902,CataCXium A,4,,42.82,46.65633773803711,34.008155822753906
reaction:1903,SPhos,6,,38.93,56.39619064331055,34.11183166503906
reaction:1905,XPhos,3,,40.32,55.223140716552734,34.059566497802734
reaction:1909,P(tBu)3,1,,24.85,39.18528747558594,34.18278503417969
reaction:1910,P(Ph)3,5,,67.67,67.72444152832031,34.098411560058594
reaction:1911,AmPhos,4,,31.33,49.143680572509766,34.16860580444336
reaction:1912,P(Cy)3,2,,60.57,60.56877517700195,34.02996063232422
reaction:1913,P(o-Tol)3,4,,39.76,47.839534759521484,34.16747283935547
reaction:1914,CataCXium A,0,,34.18,48.8800163269043,34.003501892089844
reaction:1915,SPhos,1,,29.22,52.065128326416016,34.227256774902344
reaction:1917,XPhos,7,,28.87,50.75577163696289,34.07103729248047
reaction:1921,P(tBu)3,1,,93.45,67.34906005859375,34.19673538208008
reaction:1922,P(Ph)3,2,,91.77,69.22237396240234,34.053466796875
reaction:1923,AmPhos,2,,94.83,72.57023620605469,34.00444412231445
reaction:1924,P(Cy)3,1,,85.66,63.02124786376953,34.13254928588867
reaction:1925,P(o-Tol)3,4,,84.89,63.74140167236328,34.1337890625
reaction:1926,CataCXium A,1,,94.39,71.2050552368164,34.220726013183594
reaction:1927,SPhos,4,,91.96,65.62261962890625,34.2109375
reaction:1929,XPhos,1,,90.64,65.173828125,34.17647171020508
reaction:1933,P(tBu)3,2,,90.21,61.59811782836914,34.08115005493164
reaction:1934,P(Ph)3,0,,86.31,70.33468627929688,34.00044631958008
reaction:1935,AmPhos,0,,94.41,71.67244720458984,34.14105987548828
reaction:1936,P(Cy)3,2,,83.44,64.36918640136719,33.95357894897461
reaction:1937,P(o-Tol)3,2,,78.9,60.467220306396484,34.07369613647461
reaction:1938,CataCXium A,1,,87.12,65.85047149658203,34.23406982421875
reaction:1939,SPhos,2,,73.94,64.59642028808594,34.03743362426758
reaction:1941,XPhos,3,,74.99,60.894775390625,34.10663604736328
reaction:1945,P(tBu)3,2,,77.29,62.487632751464844,34.11490249633789
reaction:1946,P(Ph)3,1,,82.9,67.60628509521484,34.1470832824707
reaction:1947,AmPhos,0,,91.18,68.67935943603516,34.11796951293945
reaction:1948,P(Cy)3,5,,73.98,59.52961349487305,34.0214958190918
reaction:1949,P(o-Tol)3,4,,77.15,60.16709899902344,34.14165115356445
reaction:1950,CataCXium A,7,,88.58,69.64178466796875,34.00324630737305
reaction:1951,SPhos,7,,76.2,61.55256271362305,34.03986740112305
reaction:1953,XPhos,1,,72.25,57.281890869140625,34.18785095214844
reaction:1957,P(tBu)3,2,,73.51,60.765743255615234,34.058998107910156
reaction:1958,P(Ph)3,3,,76.58,66.83296203613281,34.15384292602539
reaction:1959,AmPhos,6,,85.14,72.5307388305664,34.07335662841797
reaction:1960,P(Cy)3,3,,65.61,62.25251007080078,34.07960510253906
reaction:1961,P(o-Tol)3,1,,66.38,58.904991149902344,34.18699264526367
reaction:1962,CataCXium A,5,,83.98,66.33940887451172,34.05247497558594
reaction:1963,SPhos,6,,81.32,63.491737365722656,34.10721206665039
reaction:1965,XPhos,6,,71.22,60.33867645263672,34.08205795288086
reaction:1969,P(tBu)3,6,,91.28,68.16493225097656,34.13315963745117
reaction:1970,P(Ph)3,5,,94.13,67.49492645263672,34.030391693115234
reaction:1971,AmPhos,5,,99.05,70.82982635498047,34.03882598876953
reaction:1972,P(Cy)3,1,,91.07,62.651485443115234,34.14308166503906
reaction:1973,P(o-Tol)3,5,,86.97,63.14937973022461,33.96128845214844
reaction:1974,CataCXium A,6,,95.97,67.2462387084961,34.05713653564453
reaction:1975,SPhos,7,,93.95,64.9301986694336,34.06302261352539
reaction:1977,XPhos,5,,93.06,64.46603393554688,34.063480377197266
reaction:1981,P(tBu)3,2,,98.42,69.21902465820312,34.098670959472656
reaction:1982,P(Ph)3,7,,94.7,67.77787780761719,34.045692443847656
reaction:1983,AmPhos,1,,99.15,67.0311050415039,34.24116897583008
reaction:1984,P(Cy)3,5,,92.42,63.460350036621094,34.01357650756836
reaction:1985,P(o-Tol)3,2,,88.64,64.54953002929688,34.057151794433594
reaction:1986,CataCXium A,4,,96.48,70.27618408203125,34.14445877075195
reaction:1987,SPhos,3,,93.44,66.41279602050781,34.08088302612305
reaction:1989,XPhos,7,,92.77,65.34988403320312,33.981903076171875
reaction:1993,P(tBu)3,5,,96.3,70.00399780273438,34.00181579589844
reaction:1994,P(Ph)3,5,,94.38,68.430908203125,34.03691864013672
reaction:1995,AmPhos,1,,97.98,68.56459045410156,34.208438873291016
reaction:1996,P(Cy)3,5,,85.57,63.742271423339844,33.9593391418457
reaction:1997,P(o-Tol)3,1,,83.26,62.28080749511719,34.18635940551758
reaction:1998,CataCXium A,4,,94.32,66.82260131835938,34.15799331665039
reaction:1999,SPhos,4,,84.9,62.31825637817383,34.21632766723633
reaction:2001,XPhos,2,,72.37,64.01737976074219,34.03127670288086
reaction:2005,P(tBu)3,1,,90.88,65.8017578125,34.19230270385742
reaction:2006,P(Ph)3,2,,79.83,64.38789367675781,34.0601921081543
reaction:2007,AmPhos,1,,86.16,67.42561340332031,34.20492172241211
reaction:2008,P(Cy)3,6,,61.84,62.24402618408203,34.0880241394043
reaction:2009,P(o-Tol)3,4,,58.42,58.881202697753906,34.15134811401367
reaction:2010,CataCXium A,1,,71.98,64.07723236083984,34.214908599853516
reaction:2011,SPhos,4,,63.7,60.165313720703125,34.21065902709961
reaction:2013,XPhos,1,,48.24,56.78636169433594,34.206382751464844
reaction:2017,P(tBu)3,0,,87.52,67.36955261230469,34.06123733520508
reaction:2018,P(Ph)3,4,,86.4,71.60993957519531,34.09534454345703
reaction:2019,AmPhos,6,,91.17,71.99266815185547,34.07966232299805
reaction:2020,P(Cy)3,7,,75.17,64.90326690673828,34.045928955078125
reaction:2021,P(o-Tol)3,7,,73.61,60.53526306152344,33.995704650878906
reaction:2022,CataCXium A,0,,92.59,69.7024917602539,34.03443145751953
reaction:2023,SPhos,3,,81.41,63.880287170410156,34.12757873535156
reaction:2025,XPhos,7,,82.69,63.739383697509766,34.01540756225586
reaction:2029,P(tBu)3,0,,95.58,62.479942321777344,34.03847122192383
reaction:2030,P(Ph)3,3,,94.23,67.1168441772461,34.1627082824707
reaction:2031,AmPhos,3,,91.47,67.60592651367188,34.20882797241211
reaction:2032,P(Cy)3,4,,75.42,64.82075500488281,34.16780090332031
reaction:2033,P(o-Tol)3,5,,63.8,56.899330139160156,34.11244201660156
reaction:2034,CataCXium A,1,,87.5,67.61697387695312,34.18507766723633
reaction:2035,SPhos,5,,68.79,61.03946304321289,34.02764129638672
reaction:2037,XPhos,5,,56.96,59.95659637451172,34.078948974609375
reaction:2041,P(tBu)3,3,,70.1,60.18872833251953,34.088687896728516
reaction:2042,P(Ph)3,3,,73.19,67.25413513183594,34.13302230834961
reaction:2043,AmPhos,5,,79.38,69.32711791992188,34.04090881347656
reaction:2044,P(Cy)3,0,,64.74,63.49406814575195,33.952213287353516
reaction:2045,P(o-Tol)3,5,,51.31,55.85062789916992,34.131168365478516
reaction:2046,CataCXium A,5,,73.74,68.08636474609375,34.05941390991211
reaction:2047,SPhos,4,,50.98,55.62608337402344,34.15943145751953
reaction:2049,XPhos,7,,41.21,57.10850524902344,34.060279846191406
reaction:2053,P(tBu)3,2,,62.64,63.673404693603516,34.012386322021484
reaction:2054,P(Ph)3,0,,63.24,67.0616455078125,34.0294075012207
reaction:2055,AmPhos,2,,72.78,69.28324890136719,34.00027847290039
reaction:2056,P(Cy)3,1,,53.88,61.32099151611328,34.122737884521484
reaction:2057,P(o-Tol)3,5,,46.37,56.41215515136719,34.08745193481445
reaction:2058,CataCXium A,5,,70.7,66.48934173583984,34.0740852355957
reaction:2059,SPhos,3,,47.47,59.232276916503906,34.170894622802734
reaction:2061,XPhos,5,,43.93,58.370460510253906,34.10483932495117
reaction:2065,P(tBu)3,1,,79.77,64.83727264404297,34.164634704589844
reaction:2066,P(Ph)3,7,,77.32,69.68960571289062,34.00874328613281
reaction:2067,AmPhos,3,,84.23,67.8935775756836,34.20878219604492
reaction:2068,P(Cy)3,1,,68.45,63.632102966308594,34.19565200805664
reaction:2069,P(o-Tol)3,3,,64.85,57.403072357177734,34.1385612487793
reaction:2070,CataCXium A,5,,86.12,68.98815155029297,34.06980514526367
reaction:2071,SPhos,3,,73.7,63.01785659790039,34.117618560791016
reaction:2073,XPhos,2,,72.71,59.749847412109375,34.03871154785156
reaction:2077,P(tBu)3,7,,93.55,66.96366882324219,34.08367156982422
reaction:2078,P(Ph)3,5,,94.71,70.138427734375,33.98320770263672
reaction:2079,AmPhos,7,,95.53,68.73836517333984,33.99708938598633
reaction:2080,P(Cy)3,7,,82.19,63.41029357910156,34.05476379394531
reaction:2081,P(o-Tol)3,5,,87.04,61.57328796386719,34.071258544921875
reaction:2082,CataCXium A,5,,96.61,67.5020751953125,34.07527160644531
reaction:2083,SPhos,2,,95.34,64.51691436767578,33.98880386352539
reaction:2085,XPhos,0,,93.67,61.07664489746094,33.9932746887207
reaction:2089,P(tBu)3,4,,96.25,68.90921020507812,34.0852165222168
reaction:2090,P(Ph)3,0,,97.09,70.5213394165039,34.02736282348633
reaction:2091,AmPhos,7,,96.0,65.75752258300781,34.04368591308594
reaction:2092,P(Cy)3,7,,90.29,62.323036193847656,34.050148010253906
reaction:2093,P(o-Tol)3,6,,84.87,58.370460510253906,34.032562255859375
reaction:2094,CataCXium A,0,,94.85,69.65642547607422,34.02699661254883
reaction:2095,SPhos,4,,85.37,60.0602912902832,34.161712646484375
reaction:2097,XPhos,4,,80.34,58.60665512084961,34.21579360961914
reaction:2101,P(tBu)3,5,,89.61,67.120361328125,34.038333892822266
reaction:2102,P(Ph)3,2,,88.95,67.09712219238281,34.03053283691406
reaction:2103,AmPhos,7,,89.95,66.73236846923828,34.03252029418945
reaction:2104,P(Cy)3,2,,77.56,62.74824905395508,33.96469497680664
reaction:2105,P(o-Tol)3,3,,65.8,54.406253814697266,34.128658294677734
reaction:2106,CataCXium A,3,,86.35,68.01221466064453,34.03913116455078
reaction:2107,SPhos,6,,68.0,59.7703857421875,34.058834075927734
reaction:2109,XPhos,1,,61.65,55.961631774902344,34.15242004394531
reaction:2113,P(tBu)3,6,,74.71,54.54701232910156,34.12247848510742
reaction:2114,P(Ph)3,7,,88.53,68.31428527832031,34.027530670166016
reaction:2115,AmPhos,0,,93.09,71.26046752929688,34.127079010009766
reaction:2116,P(Cy)3,6,,93.81,62.901084899902344,34.09390640258789
reaction:2117,P(o-Tol)3,3,,82.45,55.78694152832031,34.13361358642578
reaction:2118,CataCXium A,3,,94.6,69.89480590820312,34.05284118652344
reaction:2119,SPhos,7,,91.09,65.4493408203125,33.989280700683594
reaction:2121,XPhos,2,,90.34,61.800193786621094,34.02354431152344
reaction:2125,P(tBu)3,7,,9.76,55.766387939453125,34.059268951416016
reaction:2126,P(Ph)3,6,,93.09,70.88843536376953,34.09864044189453
reaction:2127,AmPhos,3,,88.64,67.45682525634766,34.20180892944336
reaction:2128,P(Cy)3,4,,70.05,64.46581268310547,34.13901138305664
reaction:2129,P(o-Tol)3,2,,62.61,58.73030471801758,34.032047271728516
reaction:2130,CataCXium A,7,,84.49,66.97332763671875,34.07008361816406
reaction:2131,SPhos,1,,75.87,62.06438446044922,34.23603439331055
reaction:2133,XPhos,6,,72.62,58.1064453125,34.0625
reaction:2137,P(tBu)3,2,,8.72,50.97735595703125,34.005096435546875
reaction:2138,P(Ph)3,4,,90.92,68.85139465332031,34.13059997558594
reaction:2139,AmPhos,6,,91.83,67.60111999511719,34.093467712402344
reaction:2140,P(Cy)3,5,,82.68,61.757301330566406,33.97813034057617
reaction:2141,P(o-Tol)3,5,,77.72,56.65266036987305,34.06852340698242
reaction:2142,CataCXium A,2,,94.69,67.43901062011719,33.996150970458984
reaction:2143,SPhos,4,,82.58,58.01323699951172,34.210453033447266
reaction:2145,XPhos,1,,75.7,55.13614273071289,34.1915283203125
reaction:2149,P(tBu)3,3,,67.21,51.43849563598633,34.060279846191406
reaction:2150,P(Ph)3,3,,82.49,68.1484603881836,34.107418060302734
reaction:2151,AmPhos,3,,85.38,69.506103515625,34.205535888671875
reaction:2152,P(Cy)3,0,,60.87,60.630027770996094,33.99972152709961
reaction:2153,P(o-Tol)3,4,,55.43,57.4275016784668,34.07630920410156
reaction:2154,CataCXium A,2,,80.23,64.85801696777344,34.01849365234375
reaction:2155,SPhos,6,,65.91,61.08140182495117,34.098690032958984
reaction:2157,XPhos,7,,51.28,57.38969039916992,34.0150260925293
reaction:2161,P(tBu)3,4,,56.56,55.35362243652344,34.17214584350586
reaction:2162,P(Ph)3,0,,93.46,70.18065643310547,33.96426010131836
reaction:2163,AmPhos,6,,91.35,69.19352722167969,34.08740997314453
reaction:2164,P(Cy)3,6,,93.62,62.484798431396484,34.07980728149414
reaction:2165,P(o-Tol)3,3,,82.14,55.940834045410156,34.136295318603516
reaction:2166,CataCXium A,6,,94.13,67.5711669921875,34.040260314941406
reaction:2167,SPhos,5,,88.89,64.8271255493164,34.01375198364258
reaction:2169,XPhos,3,,85.96,60.58771514892578,34.07685470581055
reaction:2173,P(tBu)3,1,,88.33,59.21624755859375,34.15590286254883
reaction:2174,P(Ph)3,7,,95.49,67.87503051757812,34.06876754760742
reaction:2175,AmPhos,1,,96.28,67.95235443115234,34.197322845458984
reaction:2176,P(Cy)3,3,,89.03,67.01274108886719,34.12791442871094
reaction:2177,P(o-Tol)3,3,,82.58,58.70726776123047,34.11796569824219
reaction:2178,CataCXium A,5,,96.97,68.78240966796875,34.047733306884766
reaction:2179,SPhos,3,,93.79,62.36381149291992,34.1098747253418
reaction:2181,XPhos,1,,82.14,61.11516189575195,34.169403076171875
reaction:2185,P(tBu)3,6,,92.96,56.78987121582031,34.10289764404297
reaction:2186,P(Ph)3,1,,89.15,69.4195556640625,34.17823791503906
reaction:2187,AmPhos,2,,90.81,67.93875122070312,34.03304672241211
reaction:2188,P(Cy)3,3,,76.98,61.68914794921875,34.10774612426758
reaction:2189,P(o-Tol)3,5,,71.34,57.93534851074219,34.02333450317383
reaction:2190,CataCXium A,4,,86.44,66.61919403076172,34.119014739990234
reaction:2191,SPhos,4,,73.02,57.60765838623047,34.19827651977539
reaction:2193,XPhos,7,,72.75,58.9566535949707,33.9952278137207
reaction:2197,P(tBu)3,4,,90.92,54.009742736816406,34.14645767211914
reaction:2198,P(Ph)3,4,,95.18,66.75182342529297,34.12399673461914
reaction:2199,AmPhos,2,,95.78,66.58724212646484,34.02682113647461
reaction:2200,P(Cy)3,5,,62.9,61.57243347167969,33.987548828125
reaction:2201,P(o-Tol)3,1,,51.62,56.047306060791016,34.14006042480469
reaction:2202,CataCXium A,7,,74.53,64.18805694580078,34.07139205932617
reaction:2203,SPhos,1,,55.91,58.66415786743164,34.202510833740234
reaction:2205,XPhos,4,,44.36,56.199974060058594,34.20357131958008
reaction:2209,P(tBu)3,6,,80.02,64.19519805908203,34.169742584228516
reaction:2210,P(Ph)3,6,,89.96,71.19172668457031,34.063968658447266
reaction:2211,AmPhos,5,,90.36,70.83139038085938,34.06400680541992
reaction:2212,P(Cy)3,5,,84.38,68.54529571533203,34.015193939208984
reaction:2213,P(o-Tol)3,7,,83.25,68.36973571777344,34.0284538269043
reaction:2214,CataCXium A,0,,84.8,68.89627075195312,34.00847625732422
reaction:2215,SPhos,4,,83.9,69.28484344482422,34.13259506225586
reaction:2217,XPhos,4,,81.05,67.32752227783203,34.23544692993164
reaction:2221,P(tBu)3,4,,77.27,60.911842346191406,34.127716064453125
reaction:2222,P(Ph)3,3,,87.84,69.79244232177734,34.1785774230957
reaction:2223,AmPhos,0,,90.07,70.26359558105469,34.13869857788086
reaction:2224,P(Cy)3,3,,86.58,69.39083862304688,34.10829544067383
reaction:2225,P(o-Tol)3,5,,86.82,67.86310577392578,34.04457092285156
reaction:2226,CataCXium A,1,,83.75,67.26319885253906,34.18838119506836
reaction:2227,SPhos,1,,82.5,66.6269760131836,34.191307067871094
reaction:2229,XPhos,2,,81.52,64.3575210571289,34.05701446533203
reaction:2233,P(tBu)3,5,,67.08,59.02397155761719,34.07771682739258
reaction:2234,P(Ph)3,5,,68.0,69.3485107421875,34.04100036621094
reaction:2235,AmPhos,0,,75.68,69.45892333984375,34.114566802978516
reaction:2236,P(Cy)3,5,,77.41,64.37533569335938,34.03311538696289
reaction:2237,P(o-Tol)3,5,,72.92,67.31049346923828,34.06008529663086
reaction:2238,CataCXium A,4,,76.08,68.99713134765625,34.12575912475586
reaction:2239,SPhos,1,,52.18,63.988372802734375,34.15155029296875
reaction:2241,XPhos,3,,49.61,63.72186279296875,34.097633361816406
reaction:2245,P(tBu)3,6,,83.04,62.439205169677734,34.14114761352539
reaction:2246,P(Ph)3,5,,90.36,68.79407501220703,34.02678298950195
reaction:2247,AmPhos,5,,92.58,67.2939453125,34.07413864135742
reaction:2248,P(Cy)3,0,,88.04,67.48516082763672,34.007232666015625
reaction:2249,P(o-Tol)3,0,,88.19,65.3465805053711,33.98837661743164
reaction:2250,CataCXium A,2,,91.15,64.01884460449219,34.09040451049805
reaction:2251,SPhos,3,,88.96,64.68418884277344,34.127750396728516
reaction:2253,XPhos,4,,85.09,61.39484786987305,34.241981506347656
reaction:2257,P(tBu)3,3,,80.91,63.319950103759766,34.046451568603516
reaction:2258,P(Ph)3,2,,83.21,70.45675659179688,34.03404998779297
reaction:2259,AmPhos,2,,83.8,71.85183715820312,34.0206184387207
reaction:2260,P(Cy)3,5,,78.56,69.4745101928711,33.983089447021484
reaction:2261,P(o-Tol)3,1,,86.4,68.40618133544922,34.187400817871094
reaction:2262,CataCXium A,1,,83.71,70.1331558227539,34.15712356567383
reaction:2263,SPhos,7,,87.81,67.28425598144531,34.048095703125
reaction:2265,XPhos,2,,82.35,66.75535583496094,34.078948974609375
reaction:2269,P(tBu)3,7,,85.92,62.83037185668945,34.090274810791016
reaction:2270,P(Ph)3,7,,92.33,69.59439849853516,34.041500091552734
reaction:2271,AmPhos,1,,100.0,67.507568359375,34.195953369140625
reaction:2272,P(Cy)3,5,,89.27,68.3143310546875,34.02482986450195
reaction:2273,P(o-Tol)3,1,,100.0,69.9417724609375,34.178550720214844
reaction:2274,CataCXium A,0,,86.19,70.61702728271484,33.98324203491211
reaction:2275,SPhos,3,,100.0,66.04732513427734,34.144866943359375
reaction:2277,XPhos,4,,91.9,68.19275665283203,34.24696350097656
reaction:2281,P(tBu)3,5,,70.65,65.02961730957031,34.07375717163086
reaction:2282,P(Ph)3,2,,78.77,71.87385559082031,34.040618896484375
reaction:2283,AmPhos,6,,73.96,73.84803009033203,34.07350540161133
reaction:2284,P(Cy)3,3,,84.05,69.00450897216797,34.1000862121582
reaction:2285,P(o-Tol)3,7,,72.18,69.9999008178711,34.028785705566406
reaction:2286,CataCXium A,5,,73.53,72.44469451904297,33.97248840332031
reaction:2287,SPhos,3,,76.43,63.51683044433594,34.117332458496094
reaction:2289,XPhos,5,,78.36,63.679195404052734,34.05190658569336
reaction:2293,P(tBu)3,6,,41.39,61.81462860107422,34.13871765136719
reaction:2294,P(Ph)3,3,,47.4,66.55648040771484,34.147151947021484
reaction:2295,AmPhos,6,,66.14,70.15709686279297,34.09638214111328
reaction:2296,P(Cy)3,6,,72.16,62.66513442993164,34.07429504394531
reaction:2297,P(o-Tol)3,6,,64.73,64.04013061523438,34.04551315307617
reaction:2298,CataCXium A,2,,55.71,64.73418426513672,34.044891357421875
reaction:2299,SPhos,0,,63.75,59.30431365966797,33.940673828125
reaction:2301,XPhos,1,,66.05,56.9975471496582,34.199462890625
reaction:2305,P(tBu)3,6,,54.09,56.41001892089844,34.22045135498047
reaction:2306,P(Ph)3,3,,89.89,61.594642639160156,34.08485794067383
reaction:2307,AmPhos,2,,88.23,63.861812591552734,34.040958404541016
reaction:2308,P(Cy)3,4,,71.74,55.89528274536133,34.093971252441406
reaction:2309,P(o-Tol)3,5,,75.74,47.934906005859375,34.06837463378906
reaction:2310,CataCXium A,4,,87.89,58.71156311035156,34.174171447753906
reaction:2311,SPhos,4,,85.64,61.54103088378906,34.123069763183594
reaction:2313,XPhos,6,,73.21,56.65631866455078,34.095760345458984
reaction:2317,P(tBu)3,2,,60.99,52.93910217285156,34.08021926879883
reaction:2318,P(Ph)3,0,,68.23,61.481956481933594,34.03532409667969
reaction:2319,AmPhos,6,,66.89,62.8711051940918,34.198394775390625
reaction:2320,P(Cy)3,2,,70.14,55.622135162353516,34.03364562988281
reaction:2321,P(o-Tol)3,1,,59.04,49.60517883300781,34.212135314941406
reaction:2322,CataCXium A,1,,56.68,60.429039001464844,34.18874740600586
reaction:2323,SPhos,0,,73.5,53.141685485839844,33.98812484741211
reaction:2325,XPhos,2,,60.47,50.46665954589844,34.058048248291016
reaction:2329,P(tBu)3,0,,0.0,55.030269622802734,33.96259689331055
reaction:2330,P(Ph)3,3,,53.51,58.625186920166016,34.10163116455078
reaction:2331,AmPhos,0,,68.33,58.723785400390625,34.01640701293945
reaction:2332,P(Cy)3,6,,72.87,49.9481315612793,34.05377960205078
reaction:2333,P(o-Tol)3,6,,70.13,49.62992477416992,34.05282974243164
reaction:2334,CataCXium A,4,,57.5,57.52984619140625,34.16185760498047
reaction:2335,SPhos,4,,73.4,51.55109405517578,34.1363639831543
reaction:2337,XPhos,0,,58.39,47.797183990478516,34.084835052490234
reaction:2341,P(tBu)3,0,,38.56,55.27649688720703,34.00083923339844
reaction:2342,P(Ph)3,2,,59.59,57.797481536865234,33.98878479003906
reaction:2343,AmPhos,0,,61.85,60.9434928894043,34.05147171020508
reaction:2344,P(Cy)3,2,,40.11,49.53396224975586,34.05167007446289
reaction:2345,P(o-Tol)3,4,,35.17,48.8061408996582,34.122039794921875
reaction:2346,CataCXium A,1,,48.02,59.407474517822266,34.20661163330078
reaction:2347,SPhos,5,,53.78,52.62207794189453,34.02678680419922
reaction:2349,XPhos,0,,55.03,48.09817886352539,34.08924865722656
reaction:2353,P(tBu)3,5,,54.09,53.56831741333008,34.080291748046875
reaction:2354,P(Ph)3,6,,70.82,58.931495666503906,33.95390319824219
reaction:2355,AmPhos,5,,81.7,59.51383972167969,34.13142776489258
reaction:2356,P(Cy)3,1,,74.2,54.441898345947266,34.127227783203125
reaction:2357,P(o-Tol)3,0,,61.1,49.751285552978516,34.046016693115234
reaction:2358,CataCXium A,0,,78.09,60.51860809326172,34.02186584472656
reaction:2359,SPhos,7,,89.93,59.53712463378906,33.98606491088867
reaction:2361,XPhos,0,,70.65,53.47110366821289,34.08602523803711
reaction:2365,P(tBu)3,3,,92.06,55.98884582519531,34.0933837890625
reaction:2366,P(Ph)3,1,,73.07,63.723575592041016,34.144840240478516
reaction:2367,AmPhos,4,,85.26,63.24989318847656,33.921722412109375
reaction:2368,P(Cy)3,0,,87.12,57.545528411865234,33.99419403076172
reaction:2369,P(o-Tol)3,5,,76.39,47.584800720214844,34.06820297241211
reaction:2370,CataCXium A,0,,70.45,57.16587829589844,34.06599044799805
reaction:2371,SPhos,0,,82.08,59.84016799926758,34.00662612915039
reaction:2373,XPhos,4,,77.21,55.13677215576172,34.12637710571289
reaction:2377,P(tBu)3,4,,91.87,54.8627815246582,34.133113861083984
reaction:2378,P(Ph)3,4,,86.04,57.962432861328125,34.128841400146484
reaction:2379,AmPhos,6,,81.14,62.5299072265625,34.15504455566406
reaction:2380,P(Cy)3,4,,58.71,54.705833435058594,34.07196807861328
reaction:2381,P(o-Tol)3,0,,53.69,47.45133972167969,34.060062408447266
reaction:2382,CataCXium A,5,,82.92,58.72380447387695,33.993377685546875
reaction:2383,SPhos,5,,74.65,56.812747955322266,34.037986755371094
reaction:2385,XPhos,6,,60.58,50.98817825317383,34.122676849365234
reaction:2389,P(tBu)3,2,,90.41,54.00921630859375,34.06805419921875
reaction:2390,P(Ph)3,6,,73.11,57.97055435180664,33.96664047241211
reaction:2391,AmPhos,5,,83.89,60.352264404296875,34.074703216552734
reaction:2392,P(Cy)3,3,,51.13,53.291866302490234,34.05690002441406
reaction:2393,P(o-Tol)3,7,,53.85,46.56142044067383,33.96213912963867
reaction:2394,CataCXium A,2,,75.67,57.28949737548828,33.98955535888672
reaction:2395,SPhos,0,,58.46,52.67147445678711,34.04582595825195
reaction:2397,XPhos,1,,56.14,49.00768280029297,34.153011322021484
reaction:2401,P(tBu)3,3,,91.58,63.25845718383789,34.10529327392578
reaction:2402,P(Ph)3,7,,78.77,65.08778381347656,33.99229431152344
reaction:2403,AmPhos,6,,91.57,65.9784927368164,34.16319274902344
reaction:2404,P(Cy)3,4,,72.23,52.71652603149414,34.1422119140625
reaction:2405,P(o-Tol)3,1,,55.9,47.45184326171875,34.22652053833008
reaction:2406,CataCXium A,4,,95.99,66.31422424316406,34.126094818115234
reaction:2407,SPhos,0,,87.24,57.7525520324707,33.94569396972656
reaction:2409,XPhos,4,,79.27,49.726097106933594,34.19989776611328
reaction:2413,P(tBu)3,7,,94.76,57.44888687133789,34.07099533081055
reaction:2414,P(Ph)3,2,,84.05,64.39835357666016,34.033447265625
reaction:2415,AmPhos,0,,83.02,64.3017578125,34.01597595214844
reaction:2416,P(Cy)3,3,,51.05,55.08134078979492,34.0634651184082
reaction:2417,P(o-Tol)3,5,,57.14,45.48080062866211,34.049015045166016
reaction:2418,CataCXium A,0,,87.79,63.832420349121094,34.066444396972656
reaction:2419,SPhos,6,,58.9,55.319297790527344,34.07722473144531
reaction:2421,XPhos,5,,46.82,49.164058685302734,34.070194244384766
reaction:2425,P(tBu)3,5,,62.75,56.124420166015625,34.10638427734375
reaction:2426,P(Ph)3,6,,67.34,60.83028030395508,34.012611389160156
reaction:2427,AmPhos,3,,72.45,63.54521942138672,34.17877960205078
reaction:2428,P(Cy)3,3,,35.86,51.81990432739258,34.064552307128906
reaction:2429,P(o-Tol)3,3,,50.31,46.69971466064453,34.127967834472656
reaction:2430,CataCXium A,7,,77.02,65.55970764160156,34.065887451171875
reaction:2431,SPhos,6,,44.12,54.31480026245117,34.10907745361328
reaction:2433,XPhos,6,,35.27,46.795448303222656,34.03376007080078
reaction:2437,P(tBu)3,2,,63.86,60.36216735839844,34.005096435546875
reaction:2438,P(Ph)3,0,,57.83,64.14570617675781,34.02730941772461
reaction:2439,AmPhos,4,,69.6,60.9322509765625,34.108890533447266
reaction:2440,P(Cy)3,2,,30.49,48.45664978027344,34.00645446777344
reaction:2441,P(o-Tol)3,3,,35.36,44.83869171142578,34.13701629638672
reaction:2442,CataCXium A,7,,76.6,64.49923706054688,34.070945739746094
reaction:2443,SPhos,2,,43.0,50.728759765625,34.05908966064453
reaction:2445,XPhos,5,,41.3,47.18333435058594,34.074310302734375
reaction:2449,P(tBu)3,7,,84.63,55.258628845214844,34.07217025756836
reaction:2450,P(Ph)3,4,,66.77,62.39234924316406,34.17478942871094
reaction:2451,AmPhos,5,,82.33,62.33707046508789,34.07543182373047
reaction:2452,P(Cy)3,4,,51.68,51.09048843383789,34.10369873046875
reaction:2453,P(o-Tol)3,4,,47.09,46.51227569580078,34.165489196777344
reaction:2454,CataCXium A,6,,87.49,68.0050048828125,34.067832946777344
reaction:2455,SPhos,3,,65.49,58.51800537109375,34.0827751159668
reaction:2457,XPhos,0,,58.58,51.136146545410156,34.03562927246094
reaction:2461,P(tBu)3,7,,95.96,61.418338775634766,34.08129119873047
reaction:2462,P(Ph)3,4,,84.07,63.492191314697266,34.18492126464844
reaction:2463,AmPhos,2,,89.16,65.05702209472656,34.05758285522461
reaction:2464,P(Cy)3,5,,69.93,55.05017852783203,34.003360748291016
reaction:2465,P(o-Tol)3,3,,48.16,50.883689880371094,34.12321853637695
reaction:2466,CataCXium A,0,,96.19,63.62322235107422,34.05746078491211
reaction:2467,SPhos,2,,84.96,56.482479095458984,34.0220832824707
reaction:2469,XPhos,3,,62.77,52.15263366699219,34.114749908447266
reaction:2473,P(tBu)3,5,,96.75,67.85116577148438,34.06416702270508
reaction:2474,P(Ph)3,6,,89.53,63.381202697753906,33.93727111816406
reaction:2475,AmPhos,4,,83.51,64.3931884765625,34.05445098876953
reaction:2476,P(Cy)3,0,,73.54,50.7689323425293,33.988494873046875
reaction:2477,P(o-Tol)3,7,,50.25,44.641990661621094,33.98571014404297
reaction:2478,CataCXium A,7,,94.07,69.34342956542969,34.05135726928711
reaction:2479,SPhos,5,,87.02,55.33509826660156,34.09171676635742
reaction:2481,XPhos,4,,78.0,45.559112548828125,34.15711212158203
reaction:2485,P(tBu)3,7,,95.63,60.60235595703125,34.082923889160156
reaction:2486,P(Ph)3,7,,90.28,60.71660614013672,33.974727630615234
reaction:2487,AmPhos,4,,89.01,62.820648193359375,34.111793518066406
reaction:2488,P(Cy)3,4,,68.94,47.640567779541016,34.120269775390625
reaction:2489,P(o-Tol)3,5,,58.19,44.67924880981445,34.03081512451172
reaction:2490,CataCXium A,2,,93.15,67.7557373046875,33.988311767578125
reaction:2491,SPhos,0,,74.94,50.95216751098633,34.01201629638672
reaction:2493,XPhos,3,,62.86,49.259193420410156,34.134864807128906
reaction:2497,P(tBu)3,3,,76.5,53.45751190185547,34.14680862426758
reaction:2498,P(Ph)3,6,,73.78,59.757896423339844,33.870361328125
reaction:2499,AmPhos,4,,79.7,55.86937713623047,34.008907318115234
reaction:2500,P(Cy)3,3,,64.78,50.25844192504883,34.02216720581055
reaction:2501,P(o-Tol)3,0,,24.56,38.04735565185547,34.05942153930664
reaction:2502,CataCXium A,7,,65.95,59.618343353271484,34.051429748535156
reaction:2503,SPhos,3,,66.0,49.04096221923828,34.097984313964844
reaction:2505,XPhos,4,,34.74,39.31608200073242,34.16493225097656
reaction:2509,P(tBu)3,4,,46.47,48.45904541015625,34.1695442199707
reaction:2510,P(Ph)3,2,,69.04,58.56880187988281,34.05827331542969
reaction:2511,AmPhos,3,,48.07,52.66996765136719,34.184410095214844
reaction:2512,P(Cy)3,2,,51.21,45.676761627197266,34.02576446533203
reaction:2513,P(o-Tol)3,2,,14.81,34.089454650878906,33.97039031982422
reaction:2514,CataCXium A,0,,49.06,52.25004959106445,34.08163070678711
reaction:2515,SPhos,2,,26.04,43.65523910522461,34.04503631591797
reaction:2517,XPhos,0,,22.13,35.83379364013672,34.06550979614258
reaction:2521,P(tBu)3,2,,36.03,44.18241882324219,34.0401496887207
reaction:2522,P(Ph)3,1,,73.12,54.74809646606445,34.1461067199707
reaction:2523,AmPhos,7,,46.27,54.3626708984375,33.958831787109375
reaction:2524,P(Cy)3,0,,36.75,46.9323844909668,34.02677917480469
reaction:2525,P(o-Tol)3,4,,24.77,35.02784729003906,34.171112060546875
reaction:2526,CataCXium A,1,,71.45,55.682559967041016,34.19182205200195
reaction:2527,SPhos,2,,46.34,44.9495849609375,34.02700424194336
reaction:2529,XPhos,7,,21.87,36.42864227294922,34.08013153076172
reaction:2533,P(tBu)3,3,,48.73,48.46417999267578,34.12016296386719
reaction:2534,P(Ph)3,1,,61.38,54.79389190673828,34.16781234741211
reaction:2535,AmPhos,3,,54.47,56.14898681640625,34.20094299316406
reaction:2536,P(Cy)3,1,,20.64,45.46366882324219,34.20498275756836
reaction:2537,P(o-Tol)3,3,,11.81,34.92353820800781,34.136898040771484
reaction:2538,CataCXium A,1,,54.23,55.636924743652344,34.20444869995117
reaction:2539,SPhos,6,,29.16,41.49589920043945,34.016845703125
reaction:2541,XPhos,0,,15.46,35.2379150390625,34.06700134277344
reaction:2545,P(tBu)3,4,,48.06,51.46397399902344,34.171241760253906
reaction:2546,P(Ph)3,2,,64.78,56.23149871826172,34.04106140136719
reaction:2547,AmPhos,4,,66.62,54.840370178222656,34.015342712402344
reaction:2548,P(Cy)3,0,,67.83,48.93195724487305,34.05701446533203
reaction:2549,P(o-Tol)3,6,,30.73,34.16444396972656,34.06318664550781
reaction:2550,CataCXium A,5,,64.75,61.23307418823242,34.02153778076172
reaction:2551,SPhos,5,,63.96,47.55517578125,34.00737380981445
reaction:2553,XPhos,2,,43.51,36.91807174682617,34.040443420410156
reaction:2557,P(tBu)3,4,,78.71,55.90522766113281,34.20352554321289
reaction:2558,P(Ph)3,4,,75.39,57.04155349731445,34.20155334472656
reaction:2559,AmPhos,6,,69.89,56.299896240234375,34.14834213256836
reaction:2560,P(Cy)3,4,,64.27,53.59033966064453,34.0680046081543
reaction:2561,P(o-Tol)3,0,,26.26,36.4903678894043,34.0426025390625
reaction:2562,CataCXium A,0,,82.62,55.231109619140625,34.07598876953125
reaction:2563,SPhos,0,,33.94,47.3407096862793,33.95454025268555
reaction:2565,XPhos,4,,15.32,38.49863815307617,34.186763763427734
reaction:2569,P(tBu)3,7,,80.76,55.741065979003906,34.05268859863281
reaction:2570,P(Ph)3,0,,64.9,58.15349578857422,34.044097900390625
reaction:2571,AmPhos,2,,75.18,54.44645690917969,34.070701599121094
reaction:2572,P(Cy)3,1,,49.02,47.11607360839844,34.19956970214844
reaction:2573,P(o-Tol)3,4,,6.62,34.700096130371094,34.15842819213867
reaction:2574,CataCXium A,0,,72.32,56.210594177246094,34.0178337097168
reaction:2575,SPhos,7,,42.8,45.902015686035156,34.07345962524414
reaction:2577,XPhos,7,,12.06,39.0235595703125,34.0733757019043
reaction:2581,P(tBu)3,0,,80.94,54.4564208984375,33.973846435546875
reaction:2582,P(Ph)3,4,,45.54,56.12181854248047,34.158172607421875
reaction:2583,AmPhos,2,,57.76,53.57899856567383,34.04472732543945
reaction:2584,P(Cy)3,2,,45.11,43.937652587890625,34.0054931640625
reaction:2585,P(o-Tol)3,3,,12.44,34.4722785949707,34.10389709472656
reaction:2586,CataCXium A,7,,64.8,56.74774169921875,34.048500061035156
reaction:2587,SPhos,7,,23.47,41.892189025878906,34.04441833496094
reaction:2589,XPhos,5,,17.57,35.03289031982422,34.07119369506836
reaction:2593,P(tBu)3,4,,59.59,48.38362503051758,34.19620132446289
reaction:2594,P(Ph)3,0,,79.1,63.554237365722656,34.07303237915039
reaction:2595,AmPhos,1,,68.54,58.158775329589844,34.115264892578125
reaction:2596,P(Cy)3,7,,61.92,54.973018646240234,34.03110122680664
reaction:2597,P(o-Tol)3,2,,64.08,54.6544303894043,34.02108383178711
reaction:2598,CataCXium A,7,,64.25,59.80602264404297,34.099246978759766
reaction:2599,SPhos,3,,54.09,53.41770553588867,34.11586380004883
reaction:2601,XPhos,1,,52.82,50.82374572753906,34.17552185058594
reaction:2605,P(tBu)3,2,,31.58,50.691162109375,34.05866622924805
reaction:2606,P(Ph)3,6,,68.46,60.3318977355957,34.0418815612793
reaction:2607,AmPhos,6,,56.14,56.428733825683594,34.17939376831055
reaction:2608,P(Cy)3,6,,47.07,51.144779205322266,34.06603240966797
reaction:2609,P(o-Tol)3,4,,64.57,55.82575607299805,34.161319732666016
reaction:2610,CataCXium A,0,,58.33,55.27248001098633,34.017765045166016
reaction:2611,SPhos,7,,35.81,49.501949310302734,34.0447998046875
reaction:2613,XPhos,0,,29.62,46.85566329956055,34.03705978393555
reaction:2617,P(tBu)3,6,,43.27,43.99789047241211,34.2099723815918
reaction:2618,P(Ph)3,6,,46.68,57.81486129760742,34.08651351928711
reaction:2619,AmPhos,4,,51.25,57.643943786621094,34.058589935302734
reaction:2620,P(Cy)3,1,,24.51,49.33696746826172,34.14213943481445
reaction:2621,P(o-Tol)3,0,,48.51,57.469276428222656,34.05250549316406
reaction:2622,CataCXium A,7,,42.43,56.407936096191406,34.086605072021484
reaction:2623,SPhos,6,,17.87,46.37297439575195,34.11701965332031
reaction:2625,XPhos,1,,16.19,41.16415023803711,34.172523498535156
reaction:2629,P(tBu)3,4,,42.55,45.545860290527344,34.1800422668457
reaction:2630,P(Ph)3,6,,66.78,59.646034240722656,34.06643295288086
reaction:2631,AmPhos,4,,63.17,56.008602142333984,34.10639572143555
reaction:2632,P(Cy)3,2,,57.3,47.118534088134766,34.05487060546875
reaction:2633,P(o-Tol)3,0,,60.9,53.28068542480469,34.05365753173828
reaction:2634,CataCXium A,7,,65.29,56.04728698730469,34.09919738769531
reaction:2635,SPhos,2,,50.12,48.29340744018555,34.04091262817383
reaction:2637,XPhos,7,,43.98,46.15353775024414,34.02717971801758
reaction:2641,P(tBu)3,0,,39.63,47.064598083496094,33.984649658203125
reaction:2642,P(Ph)3,2,,71.17,58.367618560791016,34.024314880371094
reaction:2643,AmPhos,6,,62.59,58.65296936035156,34.176353454589844
reaction:2644,P(Cy)3,3,,59.71,52.12972640991211,34.02867126464844
reaction:2645,P(o-Tol)3,4,,67.68,54.14187240600586,34.19269561767578
reaction:2646,CataCXium A,6,,69.05,56.99456787109375,34.05354690551758
reaction:2647,SPhos,4,,60.62,51.83076477050781,34.13053894042969
reaction:2649,XPhos,6,,53.64,49.18309783935547,34.01382064819336
reaction:2653,P(tBu)3,2,,44.8,54.22533416748047,34.048648834228516
reaction:2654,P(Ph)3,6,,77.92,62.94004440307617,34.071712493896484
reaction:2655,AmPhos,1,,63.77,54.64433670043945,34.14559555053711
reaction:2656,P(Cy)3,6,,69.81,51.170711517333984,34.04495620727539
reaction:2657,P(o-Tol)3,6,,71.59,55.77372741699219,34.07551193237305
reaction:2658,CataCXium A,3,,58.86,60.989070892333984,34.04522705078125
reaction:2659,SPhos,0,,51.57,53.07694625854492,33.96511459350586
reaction:2661,XPhos,5,,58.45,49.53788375854492,34.07688522338867
reaction:2665,P(tBu)3,6,,29.1,53.71982955932617,34.20533752441406
reaction:2666,P(Ph)3,5,,53.9,62.430015563964844,33.986846923828125
reaction:2667,AmPhos,5,,52.82,59.369171142578125,34.05741882324219
reaction:2668,P(Cy)3,7,,23.64,50.81770324707031,34.01839828491211
reaction:2669,P(o-Tol)3,3,,56.7,54.56595230102539,34.08614730834961
reaction:2670,CataCXium A,3,,58.18,61.12322235107422,34.03096389770508
reaction:2671,SPhos,7,,24.98,48.82699966430664,34.07015609741211
reaction:2673,XPhos,7,,17.11,45.349788665771484,34.03349304199219
reaction:2677,P(tBu)3,5,,23.95,53.238773345947266,34.089942932128906
reaction:2678,P(Ph)3,0,,34.17,57.604347229003906,34.056732177734375
reaction:2679,AmPhos,4,,42.55,56.927093505859375,34.106407165527344
reaction:2680,P(Cy)3,0,,22.01,47.13917541503906,33.982398986816406
reaction:2681,P(o-Tol)3,2,,45.8,53.73486328125,34.01274108886719
reaction:2682,CataCXium A,4,,44.01,58.23126983642578,34.0971794128418
reaction:2683,SPhos,0,,21.48,40.35214614868164,33.99934768676758
reaction:2685,XPhos,5,,17.77,42.827735900878906,34.10691452026367
reaction:2689,P(tBu)3,6,,1.2,27.607547760009766,34.20298767089844
reaction:2690,P(Ph)3,3,,18.94,27.234670639038086,34.124874114990234
reaction:2691,AmPhos,4,,4.02,25.363746643066406,34.113651275634766
reaction:2692,P(Cy)3,6,,16.47,27.326154708862305,34.078365325927734
reaction:2693,P(o-Tol)3,7,,2.62,24.115652084350586,34.00754165649414
reaction:2694,CataCXium A,2,,15.97,31.594928741455078,33.95541763305664
reaction:2695,SPhos,6,,41.9,63.5015754699707,34.042633056640625
reaction:2697,XPhos,6,,56.66,63.43867492675781,34.103511810302734
reaction:2701,P(tBu)3,7,,10.73,26.009639739990234,34.022682189941406
reaction:2702,P(Ph)3,2,,14.74,27.388212203979492,33.978851318359375
reaction:2703,AmPhos,0,,11.22,26.63450813293457,34.06157302856445
reaction:2704,P(Cy)3,0,,12.8,30.059221267700195,34.00173568725586
reaction:2705,P(o-Tol)3,7,,6.61,23.63096809387207,34.048011779785156
reaction:2706,CataCXium A,7,,12.93,31.51341438293457,34.016143798828125
reaction:2707,SPhos,5,,76.92,52.1283073425293,34.07894515991211
reaction:2709,XPhos,3,,76.61,55.80659484863281,34.122371673583984
reaction:2713,P(tBu)3,2,,9.98,23.06395721435547,34.034786224365234
reaction:2714,P(Ph)3,7,,13.89,26.825021743774414,33.98126983642578
reaction:2715,AmPhos,0,,7.66,27.387311935424805,34.05830764770508
reaction:2716,P(Cy)3,2,,13.92,28.055864334106445,34.00209426879883
reaction:2717,P(o-Tol)3,0,,7.8,22.323442459106445,34.03974151611328
reaction:2718,CataCXium A,7,,15.16,30.53985023498535,34.03492736816406
reaction:2719,SPhos,1,,72.09,52.669410705566406,34.16219711303711
reaction:2721,XPhos,3,,77.78,54.78639602661133,34.11406707763672
reaction:2725,P(tBu)3,1,,8.73,25.095521926879883,34.192630767822266
reaction:2726,P(Ph)3,6,,14.02,28.867515563964844,34.15367889404297
reaction:2727,AmPhos,0,,9.68,25.56966209411621,34.08049774169922
reaction:2728,P(Cy)3,0,,12.55,28.881847381591797,34.01038360595703
reaction:2729,P(o-Tol)3,5,,5.79,22.327638626098633,34.07804870605469
reaction:2730,CataCXium A,4,,15.47,29.281085968017578,34.15789794921875
reaction:2731,SPhos,5,,69.42,51.429901123046875,34.09933090209961
reaction:2733,XPhos,2,,68.05,55.00863265991211,34.11831283569336
reaction:2737,P(tBu)3,6,,10.48,28.574209213256836,34.21046447753906
reaction:2738,P(Ph)3,2,,13.89,30.14497184753418,34.06479263305664
reaction:2739,AmPhos,2,,8.09,25.770999908447266,34.034156799316406
reaction:2740,P(Cy)3,5,,12.11,29.46355628967285,34.01029968261719
reaction:2741,P(o-Tol)3,5,,6.6,23.22462272644043,34.08485412597656
reaction:2742,CataCXium A,0,,12.64,27.493438720703125,33.995731353759766
reaction:2743,SPhos,5,,74.54,53.74481201171875,34.07405471801758
reaction:2745,XPhos,5,,81.17,57.91716766357422,34.03400802612305
reaction:2749,P(tBu)3,0,,12.39,26.593528747558594,34.00608825683594
reaction:2750,P(Ph)3,1,,14.63,27.591693878173828,34.16215896606445
reaction:2751,AmPhos,2,,8.7,24.57807731628418,34.037200927734375
reaction:2752,P(Cy)3,5,,12.0,26.73344612121582,33.986175537109375
reaction:2753,P(o-Tol)3,1,,7.08,21.82362937927246,34.11563491821289
reaction:2754,CataCXium A,1,,14.51,28.209980010986328,34.15643310546875
reaction:2755,SPhos,2,,75.5,57.25774383544922,34.02045440673828
reaction:2757,XPhos,1,,76.56,56.63132858276367,34.19052505493164
reaction:2761,P(tBu)3,1,,9.28,28.001445770263672,34.18050003051758
reaction:2762,P(Ph)3,1,,14.61,27.790929794311523,34.15340042114258
reaction:2763,AmPhos,1,,10.13,24.138050079345703,34.10892868041992
reaction:2764,P(Cy)3,3,,11.6,28.461402893066406,34.05527114868164
reaction:2765,P(o-Tol)3,6,,5.93,22.65924835205078,34.08354949951172
reaction:2766,CataCXium A,7,,14.44,31.57113265991211,34.046409606933594
reaction:2767,SPhos,3,,72.12,53.95144271850586,34.10367965698242
reaction:2769,XPhos,1,,67.73,54.724971771240234,34.17371368408203
reaction:2773,P(tBu)3,6,,12.16,29.094688415527344,34.1957893371582
reaction:2774,P(Ph)3,6,,14.3,30.078296661376953,34.15044403076172
reaction:2775,AmPhos,3,,8.88,24.295331954956055,34.066184997558594
reaction:2776,P(Cy)3,1,,12.44,27.10422706604004,34.08856964111328
reaction:2777,P(o-Tol)3,5,,7.41,23.85392189025879,34.08893585205078
reaction:2778,CataCXium A,1,,18.06,31.442228317260742,34.144779205322266
reaction:2779,SPhos,4,,64.66,51.811553955078125,34.09676742553711
reaction:2781,XPhos,2,,66.37,52.8060188293457,34.11747741699219
reaction:2785,P(tBu)3,2,,22.09,39.5139274597168,34.047245025634766
reaction:2786,P(Ph)3,0,,16.79,31.23039436340332,34.080745697021484
reaction:2787,AmPhos,7,,16.94,30.49733543395996,34.021053314208984
reaction:2788,P(Cy)3,7,,31.86,39.47566604614258,33.99173355102539
reaction:2789,P(o-Tol)3,2,,10.92,26.023624420166016,34.087181091308594
reaction:2790,CataCXium A,0,,49.91,43.69622802734375,34.000308990478516
reaction:2791,SPhos,4,,78.41,57.80991744995117,34.10508346557617
reaction:2793,XPhos,3,,92.16,63.8468132019043,34.10496520996094
reaction:2797,P(tBu)3,4,,51.13,38.26097106933594,34.1318244934082
reaction:2798,P(Ph)3,0,,15.63,30.327598571777344,34.07478713989258
reaction:2799,AmPhos,6,,30.89,32.4132080078125,34.107887268066406
reaction:2800,P(Cy)3,0,,48.75,42.47370147705078,33.98875427246094
reaction:2801,P(o-Tol)3,0,,7.82,23.87822723388672,34.04631805419922
reaction:2802,CataCXium A,0,,67.8,40.8503303527832,34.05122375488281
reaction:2803,SPhos,6,,50.66,56.93104553222656,34.14046096801758
reaction:2805,XPhos,7,,56.5,61.38326644897461,34.04459762573242
reaction:2809,P(tBu)3,6,,21.19,39.04292297363281,34.15884017944336
reaction:2810,P(Ph)3,6,,15.55,29.39319610595703,34.1335563659668
reaction:2811,AmPhos,1,,25.81,32.67588806152344,34.20142364501953
reaction:2812,P(Cy)3,5,,43.78,39.487770080566406,34.0025520324707
reaction:2813,P(o-Tol)3,2,,5.56,24.27391242980957,34.08096694946289
reaction:2814,CataCXium A,3,,48.33,43.768157958984375,34.08396911621094
reaction:2815,SPhos,6,,46.59,54.834190368652344,34.162017822265625
reaction:2817,XPhos,5,,57.55,57.27822494506836,34.04862976074219
reaction:2821,P(tBu)3,2,,30.6,39.5389518737793,34.02738952636719
reaction:2822,P(Ph)3,6,,16.41,30.34038734436035,34.15193176269531
reaction:2823,AmPhos,3,,23.82,31.613481521606445,34.0642204284668
reaction:2824,P(Cy)3,2,,37.16,37.729217529296875,34.03238296508789
reaction:2825,P(o-Tol)3,1,,6.45,21.47538948059082,34.18370819091797
reaction:2826,CataCXium A,4,,46.65,41.69781494140625,34.186283111572266
reaction:2827,SPhos,6,,53.72,54.945499420166016,34.123939514160156
reaction:2829,XPhos,5,,68.31,58.62138366699219,34.052310943603516
reaction:2833,P(tBu)3,3,,44.63,40.16987991333008,34.145442962646484
reaction:2834,P(Ph)3,5,,17.78,28.029726028442383,33.99815368652344
reaction:2835,AmPhos,1,,25.22,32.583656311035156,34.181575775146484
reaction:2836,P(Cy)3,2,,46.21,36.75156784057617,34.022769927978516
reaction:2837,P(o-Tol)3,3,,7.62,22.605518341064453,34.103492736816406
reaction:2838,CataCXium A,1,,33.61,44.033565521240234,34.12364959716797
reaction:2839,SPhos,7,,70.67,50.645721435546875,34.06052017211914
reaction:2841,XPhos,4,,79.94,58.222679138183594,34.1910400390625
reaction:2845,P(tBu)3,5,,52.95,38.39936065673828,34.08017349243164
reaction:2846,P(Ph)3,6,,18.29,29.52227210998535,34.132991790771484
reaction:2847,AmPhos,1,,15.12,32.756839752197266,34.16483688354492
reaction:2848,P(Cy)3,0,,18.51,39.68159866333008,33.92763137817383
reaction:2849,P(o-Tol)3,5,,9.07,22.18421745300293,34.02975082397461
reaction:2850,CataCXium A,6,,30.62,44.24531555175781,34.09149932861328
reaction:2851,SPhos,7,,77.13,54.518760681152344,34.017845153808594
reaction:2853,XPhos,1,,92.53,58.60491180419922,34.16347122192383
reaction:2857,P(tBu)3,0,,58.57,38.378841400146484,34.00834274291992
reaction:2858,P(Ph)3,0,,18.11,30.021194458007812,34.06538009643555
reaction:2859,AmPhos,0,,11.47,31.709091186523438,34.02113723754883
reaction:2860,P(Cy)3,3,,15.75,43.79642868041992,34.04991912841797
reaction:2861,P(o-Tol)3,2,,7.3,24.933910369873047,34.085960388183594
reaction:2862,CataCXium A,2,,33.7,45.47620391845703,33.97380828857422
reaction:2863,SPhos,3,,76.22,55.21696853637695,34.13530349731445
reaction:2865,XPhos,2,,91.76,60.98567199707031,34.12790298461914
reaction:2869,P(tBu)3,7,,51.1,38.86900329589844,33.9857177734375
reaction:2870,P(Ph)3,3,,17.49,29.1986141204834,34.09278106689453
reaction:2871,AmPhos,2,,31.05,32.738075256347656,34.04073715209961
reaction:2872,P(Cy)3,7,,51.23,39.57301712036133,33.995033264160156
reaction:2873,P(o-Tol)3,0,,6.84,24.1311092376709,34.05024719238281
reaction:2874,CataCXium A,4,,77.06,45.019466400146484,34.16171646118164
reaction:2875,SPhos,5,,69.3,53.03374099731445,34.03969192504883
reaction:2877,XPhos,6,,84.83,56.292816162109375,34.04592514038086
reaction:2881,P(tBu)3,1,,25.34,25.534740447998047,34.228492736816406
reaction:2882,P(Ph)3,2,,13.32,29.006772994995117,34.01713943481445
reaction:2883,AmPhos,1,,11.93,23.338197708129883,34.094566345214844
reaction:2884,P(Cy)3,0,,13.92,30.83493423461914,33.99081039428711
reaction:2885,P(o-Tol)3,7,,7.68,22.75617027282715,33.981563568115234
reaction:2886,CataCXium A,2,,12.29,32.67215347290039,33.98569869995117
reaction:2887,SPhos,7,,72.38,43.318729400634766,34.02027893066406
reaction:2889,XPhos,7,,86.53,44.133338928222656,34.04139709472656
reaction:2893,P(tBu)3,5,,11.13,24.422054290771484,34.030738830566406
reaction:2894,P(Ph)3,7,,17.02,28.908517837524414,34.052425384521484
reaction:2895,AmPhos,6,,8.53,25.066457748413086,34.13161849975586
reaction:2896,P(Cy)3,4,,32.5,33.394676208496094,34.195316314697266
reaction:2897,P(o-Tol)3,5,,6.25,22.38090705871582,34.10063934326172
reaction:2898,CataCXium A,0,,21.79,29.592626571655273,34.01150131225586
reaction:2899,SPhos,4,,46.5,39.75027847290039,34.15093231201172
reaction:2901,XPhos,5,,52.93,41.06615447998047,34.04646301269531
reaction:2905,P(tBu)3,1,,4.3,22.864688873291016,34.23037338256836
reaction:2906,P(Ph)3,0,,16.32,28.81705093383789,34.03909683227539
reaction:2907,AmPhos,0,,9.25,25.983747482299805,34.0177001953125
reaction:2908,P(Cy)3,4,,31.18,33.192832946777344,34.14278793334961
reaction:2909,P(o-Tol)3,2,,5.96,23.625286102294922,34.051734924316406
reaction:2910,CataCXium A,6,,21.02,32.88637924194336,34.138973236083984
reaction:2911,SPhos,4,,56.86,39.42320251464844,34.13571548461914
reaction:2913,XPhos,1,,47.98,41.193092346191406,34.1099967956543
reaction:2917,P(tBu)3,5,,12.78,25.35297393798828,34.04508590698242
reaction:2918,P(Ph)3,4,,15.29,26.857141494750977,34.136512756347656
reaction:2919,AmPhos,3,,9.32,27.622838973999023,34.13296890258789
reaction:2920,P(Cy)3,0,,26.25,31.441064834594727,34.0426139831543
reaction:2921,P(o-Tol)3,2,,7.24,22.143083572387695,34.049434661865234
reaction:2922,CataCXium A,7,,20.58,30.88295555114746,33.9867057800293
reaction:2923,SPhos,0,,40.43,41.328826904296875,33.965538024902344
reaction:2925,XPhos,3,,40.46,40.974552154541016,34.06975173950195
reaction:2929,P(tBu)3,3,,0.0,26.86264419555664,34.138858795166016
reaction:2930,P(Ph)3,7,,16.19,27.319902420043945,34.05107879638672
reaction:2931,AmPhos,3,,10.77,26.964656829833984,34.13467025756836
reaction:2932,P(Cy)3,4,,14.09,32.02656173706055,34.18519592285156
reaction:2933,P(o-Tol)3,4,,7.58,21.3988094329834,34.07041931152344
reaction:2934,CataCXium A,3,,18.47,28.74784278869629,34.04814529418945
reaction:2935,SPhos,1,,13.53,46.74551773071289,34.19230651855469
reaction:2937,XPhos,6,,10.45,48.93827438354492,34.062774658203125
reaction:2941,P(tBu)3,1,,9.54,28.782474517822266,34.22820281982422
reaction:2942,P(Ph)3,3,,14.96,27.201059341430664,34.081275939941406
reaction:2943,AmPhos,0,,10.98,24.47914695739746,34.04635238647461
reaction:2944,P(Cy)3,2,,13.1,29.36446762084961,33.97288513183594
reaction:2945,P(o-Tol)3,0,,8.04,22.823087692260742,34.02621078491211
reaction:2946,CataCXium A,6,,17.26,30.119632720947266,34.137367248535156
reaction:2947,SPhos,5,,12.4,47.77732849121094,34.01832580566406
reaction:2949,XPhos,2,,11.13,49.576637268066406,34.127342224121094
reaction:2953,P(tBu)3,3,,5.84,30.42299461364746,34.11533737182617
reaction:2954,P(Ph)3,5,,15.7,27.657814025878906,34.03329086303711
reaction:2955,AmPhos,6,,9.8,24.24837303161621,34.10456466674805
reaction:2956,P(Cy)3,7,,13.13,29.097639083862305,33.9506950378418
reaction:2957,P(o-Tol)3,5,,8.19,23.905458450317383,34.11106872558594
reaction:2958,CataCXium A,5,,16.12,28.86084747314453,33.96100616455078
reaction:2959,SPhos,3,,10.75,41.96977615356445,34.12432861328125
reaction:2961,XPhos,2,,9.9,45.06461715698242,34.143516540527344
reaction:2965,P(tBu)3,0,,6.69,26.686328887939453,34.02132797241211
reaction:2966,P(Ph)3,6,,15.93,28.46831512451172,34.130340576171875
reaction:2967,AmPhos,4,,8.94,25.6285457611084,34.140716552734375
reaction:2968,P(Cy)3,4,,15.15,33.62605667114258,34.2162971496582
reaction:2969,P(o-Tol)3,5,,10.92,23.371305465698242,34.09965133666992
reaction:2970,CataCXium A,4,,19.53,29.179723739624023,34.1396598815918
reaction:2971,SPhos,2,,15.42,40.15188217163086,34.0355110168457
reaction:2973,XPhos,5,,8.47,40.85268783569336,34.04697036743164
reaction:2977,P(tBu)3,0,,20.19,30.84861183166504,34.08546829223633
reaction:2978,P(Ph)3,4,,12.85,30.6230525970459,34.18876266479492
reaction:2979,AmPhos,4,,8.82,28.65848731994629,34.14768981933594
reaction:2980,P(Cy)3,6,,21.07,34.03505325317383,34.12465286254883
reaction:2981,P(o-Tol)3,3,,7.45,26.38897705078125,34.1195068359375
reaction:2982,CataCXium A,1,,42.98,31.751155853271484,34.16741943359375
reaction:2983,SPhos,1,,63.06,48.68584060668945,34.167510986328125
reaction:2985,XPhos,4,,58.97,49.034244537353516,34.19517517089844
reaction:2989,P(tBu)3,0,,21.2,31.23609733581543,34.02812194824219
reaction:2990,P(Ph)3,5,,11.91,29.404865264892578,33.9926643371582
reaction:2991,AmPhos,5,,12.2,27.236553192138672,34.11014938354492
reaction:2992,P(Cy)3,0,,30.49,36.067848205566406,34.048439025878906
reaction:2993,P(o-Tol)3,7,,7.67,26.076919555664062,34.0412712097168
reaction:2994,CataCXium A,5,,16.27,34.867889404296875,33.999385833740234
reaction:2995,SPhos,4,,35.94,44.385746002197266,34.155296325683594
reaction:2997,XPhos,3,,34.16,45.719451904296875,34.18758773803711
reaction:3001,P(tBu)3,3,,23.39,29.0452880859375,34.138145446777344
reaction:3002,P(Ph)3,4,,11.68,29.919958114624023,34.18490982055664
reaction:3003,AmPhos,1,,9.8,28.49202537536621,34.153839111328125
reaction:3004,P(Cy)3,0,,18.07,35.0795783996582,33.98945999145508
reaction:3005,P(o-Tol)3,0,,8.15,25.76583480834961,34.0124626159668
reaction:3006,CataCXium A,6,,21.77,34.455257415771484,34.1117057800293
reaction:3007,SPhos,2,,14.38,45.63725280761719,34.004554748535156
reaction:3009,XPhos,3,,16.18,44.020626068115234,34.1570930480957
reaction:3013,P(tBu)3,2,,15.69,30.869028091430664,33.99825668334961
reaction:3014,P(Ph)3,0,,12.04,27.990934371948242,34.020713806152344
reaction:3015,AmPhos,7,,10.09,25.850757598876953,34.00173568725586
reaction:3016,P(Cy)3,0,,19.35,34.76642990112305,34.05078887939453
reaction:3017,P(o-Tol)3,4,,5.87,24.56644058227539,34.122825622558594
reaction:3018,CataCXium A,7,,15.42,35.33415985107422,34.038909912109375
reaction:3019,SPhos,6,,60.45,46.818260192871094,34.10017395019531
reaction:3021,XPhos,3,,51.75,46.46194839477539,34.15968704223633
reaction:3025,P(tBu)3,6,,15.32,30.026086807250977,34.15724182128906
reaction:3026,P(Ph)3,4,,11.81,31.48766326904297,34.21744918823242
reaction:3027,AmPhos,6,,11.2,28.171939849853516,34.15995788574219
reaction:3028,P(Cy)3,5,,21.42,34.41059112548828,34.027870178222656
reaction:3029,P(o-Tol)3,1,,6.28,25.229263305664062,34.19511032104492
reaction:3030,CataCXium A,1,,13.29,32.73675537109375,34.18763732910156
reaction:3031,SPhos,7,,60.4,42.830562591552734,33.99521255493164
reaction:3033,XPhos,4,,60.85,43.99842834472656,34.220458984375
reaction:3037,P(tBu)3,5,,17.43,28.76856231689453,34.03273391723633
reaction:3038,P(Ph)3,2,,9.21,28.61886978149414,33.983489990234375
reaction:3039,AmPhos,4,,12.79,25.8279972076416,34.14522171020508
reaction:3040,P(Cy)3,2,,23.45,30.531455993652344,34.04731369018555
reaction:3041,P(o-Tol)3,4,,8.07,24.896814346313477,34.1430549621582
reaction:3042,CataCXium A,7,,21.18,32.032894134521484,34.00300216674805
reaction:3043,SPhos,4,,60.02,45.23383331298828,34.13658142089844
reaction:3045,XPhos,3,,65.54,48.38132095336914,34.08631134033203
reaction:3049,P(tBu)3,3,,15.05,31.185468673706055,34.111595153808594
reaction:3050,P(Ph)3,3,,11.91,28.12906837463379,34.10240936279297
reaction:3051,AmPhos,1,,10.87,26.726572036743164,34.13098907470703
reaction:3052,P(Cy)3,6,,22.2,31.72246551513672,34.13869857788086
reaction:3053,P(o-Tol)3,3,,6.7,24.836977005004883,34.122806549072266
reaction:3054,CataCXium A,3,,23.44,33.526214599609375,34.088653564453125
reaction:3055,SPhos,5,,18.87,43.37595748901367,34.026973724365234
reaction:3057,XPhos,2,,16.23,44.89784622192383,34.11305618286133
reaction:3061,P(tBu)3,4,,12.23,28.722017288208008,34.11262130737305
reaction:3062,P(Ph)3,4,,11.61,28.516155242919922,34.1964225769043
reaction:3063,AmPhos,6,,7.2,27.99207305908203,34.15313720703125
reaction:3064,P(Cy)3,4,,15.05,31.85112762451172,34.09737014770508
reaction:3065,P(o-Tol)3,6,,7.86,23.50943374633789,34.06889724731445
reaction:3066,CataCXium A,5,,19.76,36.73881530761719,33.99311065673828
reaction:3067,SPhos,6,,9.62,42.480594635009766,34.13130569458008
reaction:3069,XPhos,7,,10.31,43.71133041381836,34.05405044555664
reaction:3074,P(tBu)3,4,,7.97,34.943389892578125,34.09954071044922
reaction:3075,P(Ph)3,7,,12.28,40.14460754394531,34.03892135620117
reaction:3076,AmPhos,6,,7.25,38.68455505371094,34.15156936645508
reaction:3077,P(Cy)3,7,,5.75,36.24113082885742,34.06856918334961
reaction:3078,P(o-Tol)3,1,,9.46,30.167150497436523,34.22270584106445
reaction:3079,CataCXium A,4,,8.71,39.32761001586914,34.0947151184082
reaction:3080,SPhos,4,,9.46,32.300567626953125,34.15995407104492
reaction:3082,XPhos,6,,10.67,32.58879089355469,34.11796569824219
reaction:3086,P(tBu)3,1,,17.9,29.925039291381836,34.17246627807617
reaction:3087,P(Ph)3,3,,16.76,38.54285430908203,34.1369514465332
reaction:3088,AmPhos,0,,15.53,35.063934326171875,34.0294303894043
reaction:3089,P(Cy)3,7,,15.45,38.857147216796875,34.04975891113281
reaction:3090,P(o-Tol)3,2,,16.58,31.99916648864746,33.955238342285156
reaction:3091,CataCXium A,6,,17.09,38.023216247558594,34.1026725769043
reaction:3092,SPhos,5,,15.62,35.83709716796875,33.96092987060547
reaction:3094,XPhos,4,,16.83,38.05278015136719,34.15998458862305
reaction:3098,P(tBu)3,1,,13.59,32.518577575683594,34.15175247192383
reaction:3099,P(Ph)3,5,,13.24,41.43162155151367,33.995304107666016
reaction:3100,AmPhos,2,,12.03,34.91298294067383,34.00220489501953
reaction:3101,P(Cy)3,7,,12.97,37.42522430419922,34.085166931152344
reaction:3102,P(o-Tol)3,0,,12.55,32.45257568359375,34.02399444580078
reaction:3103,CataCXium A,1,,14.22,35.50723648071289,34.09229278564453
reaction:3104,SPhos,3,,8.83,35.137577056884766,34.0947265625
reaction:3106,XPhos,5,,10.59,36.45895004272461,34.09575271606445
reaction:3110,P(tBu)3,5,,9.7,33.32078170776367,34.062110900878906
reaction:3111,P(Ph)3,4,,16.66,41.40036392211914,34.0840950012207
reaction:3112,AmPhos,0,,13.76,35.287925720214844,34.02092742919922
reaction:3113,P(Cy)3,1,,9.29,34.9054069519043,34.18330764770508
reaction:3114,P(o-Tol)3,7,,10.11,35.08359909057617,34.07640838623047
reaction:3115,CataCXium A,2,,10.18,36.915401458740234,34.00395202636719
reaction:3116,SPhos,2,,9.43,36.18026351928711,34.01084899902344
reaction:3118,XPhos,3,,12.72,33.92424774169922,34.12104797363281
reaction:3122,P(tBu)3,5,,11.55,31.52163314819336,34.063148498535156
reaction:3123,P(Ph)3,1,,15.61,41.244510650634766,34.142303466796875
reaction:3124,AmPhos,1,,13.45,35.701236724853516,34.15888214111328
reaction:3125,P(Cy)3,6,,11.63,35.63240051269531,34.11715316772461
reaction:3126,P(o-Tol)3,6,,11.83,32.311241149902344,34.04664611816406
reaction:3127,CataCXium A,4,,15.68,36.810298919677734,34.099098205566406
reaction:3128,SPhos,1,,10.54,33.33952331542969,34.151485443115234
reaction:3130,XPhos,2,,12.75,33.64542770385742,34.02346420288086
reaction:3134,P(tBu)3,6,,12.96,34.25105667114258,34.09832763671875
reaction:3135,P(Ph)3,2,,16.54,42.108154296875,34.02732467651367
reaction:3136,AmPhos,4,,12.97,35.19443130493164,34.11540603637695
reaction:3137,P(Cy)3,6,,10.41,39.31593322753906,34.09750747680664
reaction:3138,P(o-Tol)3,7,,13.93,33.650386810302734,34.07853317260742
reaction:3139,CataCXium A,6,,12.92,39.3448486328125,34.124908447265625
reaction:3140,SPhos,4,,9.89,34.7728385925293,34.13273239135742
reaction:3142,XPhos,7,,12.12,33.96036148071289,33.98981475830078
reaction:3146,P(tBu)3,3,,10.08,29.499439239501953,34.07002639770508
reaction:3147,P(Ph)3,7,,15.56,41.20588684082031,34.01737976074219
reaction:3148,AmPhos,5,,13.25,36.16523742675781,34.11616516113281
reaction:3149,P(Cy)3,7,,10.22,43.582881927490234,34.06148147583008
reaction:3150,P(o-Tol)3,7,,13.25,36.02970886230469,34.082088470458984
reaction:3151,CataCXium A,7,,14.27,36.97511291503906,33.94498062133789
reaction:3152,SPhos,7,,11.93,30.672698974609375,33.98434829711914
reaction:3154,XPhos,0,,12.19,35.23567199707031,33.9968376159668
reaction:3158,P(tBu)3,0,,11.12,31.199983596801758,34.01319122314453
reaction:3159,P(Ph)3,2,,15.95,39.312843322753906,34.03818130493164
reaction:3160,AmPhos,6,,13.51,34.424072265625,34.14817428588867
reaction:3161,P(Cy)3,1,,11.89,33.13650894165039,34.12331771850586
reaction:3162,P(o-Tol)3,3,,13.55,30.855852127075195,34.079898834228516
reaction:3163,CataCXium A,1,,13.55,35.88095474243164,34.09024429321289
reaction:3164,SPhos,6,,12.05,31.960302352905273,34.11956024169922
reaction:3166,XPhos,3,,13.52,33.74237060546875,34.114898681640625
reaction:3170,P(tBu)3,6,,14.0,33.208194732666016,34.13709259033203
reaction:3171,P(Ph)3,2,,47.59,50.7536735534668,33.98488998413086
reaction:3172,AmPhos,5,,23.86,31.32408332824707,34.119014739990234
reaction:3173,P(Cy)3,1,,60.56,47.88835144042969,34.145851135253906
reaction:3174,P(o-Tol)3,4,,20.06,31.689279556274414,34.16834259033203
reaction:3175,CataCXium A,0,,21.28,34.55687713623047,34.001708984375
reaction:3176,SPhos,3,,24.09,38.102806091308594,34.14008712768555
reaction:3178,XPhos,4,,30.5,39.19550323486328,34.15126037597656
reaction:3182,P(tBu)3,4,,21.09,31.693946838378906,34.1091423034668
reaction:3183,P(Ph)3,7,,70.55,51.9986572265625,34.02913284301758
reaction:3184,AmPhos,4,,20.06,31.550045013427734,34.11628341674805
reaction:3185,P(Cy)3,4,,40.01,50.074188232421875,34.13010025024414
reaction:3186,P(o-Tol)3,3,,20.03,32.76141357421875,34.07588195800781
reaction:3187,CataCXium A,5,,23.24,33.894535064697266,34.00437545776367
reaction:3188,SPhos,7,,22.4,38.36439514160156,33.951393127441406
reaction:3190,XPhos,0,,30.09,42.689170837402344,34.02893829345703
reaction:3194,P(tBu)3,5,,14.49,30.815664291381836,34.06937026977539
reaction:3195,P(Ph)3,1,,71.09,50.4001579284668,34.129825592041016
reaction:3196,AmPhos,6,,12.55,28.370458602905273,34.14582824707031
reaction:3197,P(Cy)3,6,,41.57,48.147220611572266,34.048736572265625
reaction:3198,P(o-Tol)3,5,,17.54,28.814455032348633,34.03925704956055
reaction:3199,CataCXium A,2,,17.46,32.78083419799805,34.062477111816406
reaction:3200,SPhos,6,,16.6,36.442481994628906,34.11211013793945
reaction:3202,XPhos,5,,18.41,43.635459899902344,34.08537292480469
reaction:3206,P(tBu)3,6,,13.03,32.89815139770508,34.11975860595703
reaction:3207,P(Ph)3,7,,60.47,49.53255844116211,34.0411491394043
reaction:3208,AmPhos,3,,12.2,29.59132194519043,34.1038818359375
reaction:3209,P(Cy)3,5,,23.17,49.68551254272461,34.01551055908203
reaction:3210,P(o-Tol)3,4,,14.55,31.967147827148438,34.182411193847656
reaction:3211,CataCXium A,2,,13.75,33.979740142822266,34.08427429199219
reaction:3212,SPhos,1,,13.96,38.85283660888672,34.216453552246094
reaction:3214,XPhos,5,,15.29,43.147361755371094,34.09457778930664
reaction:3218,P(tBu)3,0,,16.45,31.958148956298828,33.9965934753418
reaction:3219,P(Ph)3,1,,53.54,54.35623550415039,34.164615631103516
reaction:3220,AmPhos,2,,15.59,29.49172592163086,34.056129455566406
reaction:3221,P(Cy)3,5,,44.32,53.89252853393555,34.00800704956055
reaction:3222,P(o-Tol)3,7,,15.21,28.968109130859375,34.008079528808594
reaction:3223,CataCXium A,2,,24.96,34.65511703491211,34.05372619628906
reaction:3224,SPhos,3,,15.41,37.19403076171875,34.151405334472656
reaction:3226,XPhos,6,,19.47,41.402034759521484,34.008296966552734
reaction:3230,P(tBu)3,5,,16.0,33.43914794921875,34.0510368347168
reaction:3231,P(Ph)3,4,,44.25,54.709083557128906,34.105350494384766
reaction:3232,AmPhos,6,,19.09,29.492103576660156,34.127899169921875
reaction:3233,P(Cy)3,0,,61.14,49.12007141113281,33.95477294921875
reaction:3234,P(o-Tol)3,0,,16.17,31.43626594543457,34.003074645996094
reaction:3235,CataCXium A,3,,23.74,33.941856384277344,34.00654220581055
reaction:3236,SPhos,2,,23.28,35.72486877441406,34.036956787109375
reaction:3238,XPhos,3,,21.02,41.148712158203125,34.0673713684082
reaction:3242,P(tBu)3,7,,17.39,26.79539680480957,34.11072540283203
reaction:3243,P(Ph)3,0,,43.13,51.29701232910156,33.99850082397461
reaction:3244,AmPhos,1,,19.07,30.556848526000977,34.19963073730469
reaction:3245,P(Cy)3,2,,84.64,50.613525390625,33.95846176147461
reaction:3246,P(o-Tol)3,4,,18.36,28.439889907836914,34.19901657104492
reaction:3247,CataCXium A,1,,29.12,34.995479583740234,34.02825927734375
reaction:3248,SPhos,1,,18.27,32.70924377441406,34.17735290527344
reaction:3250,XPhos,7,,35.39,36.84366226196289,33.96352005004883
reaction:3254,P(tBu)3,2,,20.98,26.961444854736328,33.99725341796875
reaction:3255,P(Ph)3,5,,42.26,51.62630081176758,34.05506134033203
reaction:3256,AmPhos,1,,18.06,28.68145179748535,34.17245101928711
reaction:3257,P(Cy)3,4,,71.96,48.34628677368164,34.12487030029297
reaction:3258,P(o-Tol)3,6,,16.85,27.94501304626465,34.00461196899414
reaction:3259,CataCXium A,6,,30.48,34.26792907714844,34.07696533203125
reaction:3260,SPhos,6,,24.7,35.35833740234375,34.10997009277344
reaction:3262,XPhos,0,,32.07,36.25033950805664,34.06485366821289
reaction:3266,P(tBu)3,4,,11.29,32.06483840942383,34.210105895996094
reaction:3267,P(Ph)3,5,,15.14,37.43450927734375,34.05756378173828
reaction:3268,AmPhos,7,,10.53,29.934906005859375,34.0246467590332
reaction:3269,P(Cy)3,4,,11.98,33.35163879394531,34.14067077636719
reaction:3270,P(o-Tol)3,5,,12.1,31.058176040649414,34.055477142333984
reaction:3271,CataCXium A,5,,12.05,35.08891296386719,34.01394271850586
reaction:3272,SPhos,7,,12.21,29.169322967529297,34.054954528808594
reaction:3274,XPhos,6,,14.92,34.83786392211914,34.13491439819336
reaction:3278,P(tBu)3,7,,18.78,31.200878143310547,34.10579299926758
reaction:3279,P(Ph)3,1,,19.48,39.97343826293945,34.12248229980469
reaction:3280,AmPhos,4,,17.79,31.48238182067871,34.184051513671875
reaction:3281,P(Cy)3,0,,19.5,37.38467788696289,34.03044128417969
reaction:3282,P(o-Tol)3,3,,17.96,28.596864700317383,34.08711624145508
reaction:3283,CataCXium A,5,,18.41,32.78849792480469,34.03581619262695
reaction:3284,SPhos,2,,17.82,34.52050018310547,34.054561614990234
reaction:3286,XPhos,4,,20.84,39.645408630371094,34.19879150390625
reaction:3290,P(tBu)3,4,,18.27,30.35346031188965,34.210975646972656
reaction:3291,P(Ph)3,0,,11.77,44.1320915222168,34.09882354736328
reaction:3292,AmPhos,0,,11.43,31.49956703186035,34.028133392333984
reaction:3293,P(Cy)3,4,,14.02,38.50229263305664,34.1353874206543
reaction:3294,P(o-Tol)3,4,,11.74,31.495323181152344,34.16891098022461
reaction:3295,CataCXium A,3,,12.2,34.86341094970703,34.081520080566406
reaction:3296,SPhos,4,,11.94,33.242095947265625,34.12276077270508
reaction:3298,XPhos,4,,23.37,36.80784606933594,34.173118591308594
reaction:3302,P(tBu)3,3,,12.38,32.06236267089844,34.0220947265625
reaction:3303,P(Ph)3,0,,13.1,43.957313537597656,34.08771896362305
reaction:3304,AmPhos,3,,10.49,31.726211547851562,34.099422454833984
reaction:3305,P(Cy)3,0,,11.45,37.33672332763672,34.03420639038086
reaction:3306,P(o-Tol)3,5,,11.47,30.725475311279297,34.10557556152344
reaction:3307,CataCXium A,1,,15.88,34.80506896972656,34.13800811767578
reaction:3308,SPhos,7,,11.18,35.575374603271484,34.05763244628906
reaction:3310,XPhos,5,,11.72,37.920719146728516,34.09798049926758
reaction:3314,P(tBu)3,2,,11.78,24.29802894592285,34.01345443725586
reaction:3315,P(Ph)3,0,,14.49,46.09313201904297,34.078033447265625
reaction:3316,AmPhos,0,,11.21,30.22772216796875,33.99579620361328
reaction:3317,P(Cy)3,1,,20.77,36.331626892089844,34.099578857421875
reaction:3318,P(o-Tol)3,4,,12.2,28.627822875976562,34.1664924621582
reaction:3319,CataCXium A,3,,13.04,34.61216735839844,34.09162902832031
reaction:3320,SPhos,5,,11.9,31.654565811157227,33.98865509033203
reaction:3322,XPhos,6,,14.73,36.5687255859375,34.108642578125
reaction:3326,P(tBu)3,4,,28.73,30.93794822692871,34.171409606933594
reaction:3327,P(Ph)3,3,,31.17,36.36271667480469,34.08927536010742
reaction:3328,AmPhos,7,,11.48,30.308937072753906,33.99612045288086
reaction:3329,P(Cy)3,3,,29.54,34.02300262451172,33.98745346069336
reaction:3330,P(o-Tol)3,5,,13.88,30.59181022644043,34.07578659057617
reaction:3331,CataCXium A,6,,30.18,33.25164794921875,34.09898376464844
reaction:3332,SPhos,0,,12.93,28.550718307495117,33.92734146118164
reaction:3334,XPhos,2,,16.19,31.829805374145508,34.017799377441406
reaction:3338,P(tBu)3,1,,11.67,23.427448272705078,34.1717643737793
reaction:3339,P(Ph)3,1,,32.48,36.84257888793945,34.18437957763672
reaction:3340,AmPhos,1,,10.88,34.33048629760742,34.1729621887207
reaction:3341,P(Cy)3,0,,13.65,46.258182525634766,34.04634475708008
reaction:3342,P(o-Tol)3,7,,12.8,33.45646667480469,34.007408142089844
reaction:3343,CataCXium A,1,,14.05,40.97248840332031,34.154937744140625
reaction:3344,SPhos,2,,12.53,33.24993896484375,34.04533004760742
reaction:3346,XPhos,5,,33.09,39.30300521850586,34.098960876464844
reaction:3350,P(tBu)3,0,,11.86,27.653804779052734,34.00419998168945
reaction:3351,P(Ph)3,5,,13.7,41.298240661621094,34.0893669128418
reaction:3352,AmPhos,4,,11.93,31.86080551147461,34.2048225402832
reaction:3353,P(Cy)3,2,,11.79,35.783721923828125,33.96537399291992
reaction:3354,P(o-Tol)3,4,,25.41,31.24898338317871,34.14796447753906
reaction:3355,CataCXium A,1,,33.14,36.46312713623047,34.15635299682617
reaction:3356,SPhos,7,,12.96,32.695289611816406,34.05521011352539
reaction:3358,XPhos,5,,35.78,33.82392883300781,34.0999641418457
reaction:3362,P(tBu)3,0,,24.57,29.552322387695312,34.02522659301758
reaction:3363,P(Ph)3,7,,48.08,56.410552978515625,34.00803756713867
reaction:3364,AmPhos,7,,54.99,36.88449478149414,34.03015899658203
reaction:3365,P(Cy)3,3,,26.1,50.31053161621094,34.11246871948242
reaction:3366,P(o-Tol)3,1,,38.2,38.410987854003906,34.237571716308594
reaction:3367,CataCXium A,3,,71.95,36.708194732666016,34.109371185302734
reaction:3368,SPhos,5,,25.89,35.9626579284668,34.052635192871094
reaction:3370,XPhos,3,,27.69,36.92620849609375,34.081275939941406
reaction:3374,P(tBu)3,5,,23.77,33.188209533691406,34.04844284057617
reaction:3375,P(Ph)3,3,,72.56,57.63998794555664,34.17401885986328
reaction:3376,AmPhos,0,,39.11,39.96666717529297,34.04755401611328
reaction:3377,P(Cy)3,1,,61.53,51.13001251220703,34.09888458251953
reaction:3378,P(o-Tol)3,6,,35.64,41.820228576660156,34.14173126220703
reaction:3379,CataCXium A,4,,35.27,41.1546745300293,34.040775299072266
reaction:3380,SPhos,2,,47.03,46.32933044433594,34.04096221923828
reaction:3382,XPhos,4,,51.17,47.45968246459961,34.1748046875
reaction:3386,P(tBu)3,4,,20.76,31.03762435913086,34.11271286010742
reaction:3387,P(Ph)3,0,,73.52,61.419593811035156,34.017723083496094
reaction:3388,AmPhos,4,,30.22,39.59992218017578,34.179237365722656
reaction:3389,P(Cy)3,3,,49.15,53.13792419433594,34.10515594482422
reaction:3390,P(o-Tol)3,6,,37.72,40.855281829833984,34.14299392700195
reaction:3391,CataCXium A,1,,36.05,42.26981735229492,34.14368438720703
reaction:3392,SPhos,5,,45.38,43.62841033935547,34.038612365722656
reaction:3394,XPhos,2,,47.38,44.4160041809082,33.99931335449219
reaction:3398,P(tBu)3,7,,20.85,29.249351501464844,34.0868034362793
reaction:3399,P(Ph)3,3,,74.41,55.606632232666016,34.163414001464844
reaction:3400,AmPhos,6,,25.49,38.57032012939453,34.13496398925781
reaction:3401,P(Cy)3,7,,47.92,49.4193115234375,33.98902893066406
reaction:3402,P(o-Tol)3,1,,31.78,39.66791915893555,34.20421600341797
reaction:3403,CataCXium A,1,,29.21,42.109649658203125,34.1505241394043
reaction:3404,SPhos,1,,50.69,45.22931671142578,34.184471130371094
reaction:3406,XPhos,4,,43.22,43.99427795410156,34.17142105102539
reaction:3410,P(tBu)3,0,,21.32,32.08312225341797,34.02279281616211
reaction:3411,P(Ph)3,3,,83.66,54.05784606933594,34.1646728515625
reaction:3412,AmPhos,2,,36.82,40.04682159423828,34.023529052734375
reaction:3413,P(Cy)3,5,,63.05,53.250736236572266,33.97898483276367
reaction:3414,P(o-Tol)3,3,,37.05,39.997493743896484,34.07487487792969
reaction:3415,CataCXium A,1,,40.78,42.22034454345703,34.10089111328125
reaction:3416,SPhos,5,,53.28,42.91859436035156,34.07325744628906
reaction:3418,XPhos,0,,46.27,42.400390625,34.01954650878906
reaction:3422,P(tBu)3,6,,18.29,33.005367279052734,34.13145446777344
reaction:3423,P(Ph)3,3,,71.31,53.450416564941406,34.192222595214844
reaction:3424,AmPhos,3,,31.01,39.47945785522461,34.087074279785156
reaction:3425,P(Cy)3,0,,69.26,49.967350006103516,33.99925994873047
reaction:3426,P(o-Tol)3,6,,37.59,40.242794036865234,34.10405731201172
reaction:3427,CataCXium A,2,,37.91,43.375858306884766,34.00898742675781
reaction:3428,SPhos,7,,23.2,40.66895294189453,33.9650993347168
reaction:3430,XPhos,7,,30.62,41.95765686035156,34.002071380615234
reaction:3434,P(tBu)3,4,,23.65,31.47102165222168,34.10475158691406
reaction:3435,P(Ph)3,3,,62.95,53.38376235961914,34.166629791259766
reaction:3436,AmPhos,0,,45.32,37.28099060058594,33.964229583740234
reaction:3437,P(Cy)3,4,,83.06,52.45186233520508,34.074249267578125
reaction:3438,P(o-Tol)3,4,,38.42,39.824134826660156,34.163753509521484
reaction:3439,CataCXium A,3,,43.3,39.151283264160156,34.131553649902344
reaction:3440,SPhos,3,,27.79,40.131351470947266,34.14240264892578
reaction:3442,XPhos,1,,48.35,40.798866271972656,34.12025833129883
reaction:3446,P(tBu)3,5,,20.59,31.0532283782959,34.070648193359375
reaction:3447,P(Ph)3,5,,84.54,59.64554977416992,34.028263092041016
reaction:3448,AmPhos,4,,31.28,41.1998405456543,34.215293884277344
reaction:3449,P(Cy)3,7,,64.63,53.2110595703125,33.99667739868164
reaction:3450,P(o-Tol)3,0,,44.63,40.963287353515625,34.015689849853516
reaction:3451,CataCXium A,7,,31.51,43.02561950683594,33.98130798339844
reaction:3452,SPhos,3,,52.78,44.51719284057617,34.122310638427734
reaction:3454,XPhos,0,,42.62,45.88429260253906,34.02925109863281
reaction:3458,P(tBu)3,6,,14.78,38.347190856933594,34.131832122802734
reaction:3459,P(Ph)3,6,,15.69,41.456626892089844,34.14530944824219
reaction:3460,AmPhos,5,,16.01,36.046302795410156,34.03964614868164
reaction:3461,P(Cy)3,3,,19.35,32.77900314331055,34.058799743652344
reaction:3462,P(o-Tol)3,4,,17.37,35.360679626464844,34.108642578125
reaction:3463,CataCXium A,6,,15.16,37.039066314697266,34.08767318725586
reaction:3464,SPhos,2,,14.48,33.102195739746094,34.03533172607422
reaction:3466,XPhos,7,,16.12,33.89054489135742,33.99650192260742
reaction:3470,P(tBu)3,3,,17.82,37.586727142333984,34.073020935058594
reaction:3471,P(Ph)3,5,,19.46,43.95862579345703,34.04868698120117
reaction:3472,AmPhos,6,,20.67,39.6359748840332,34.113285064697266
reaction:3473,P(Cy)3,2,,19.64,39.76273727416992,34.02030944824219
reaction:3474,P(o-Tol)3,2,,29.53,39.576263427734375,34.02721405029297
reaction:3475,CataCXium A,1,,19.42,39.71119689941406,34.13725280761719
reaction:3476,SPhos,1,,19.15,40.1328125,34.1423225402832
reaction:3478,XPhos,7,,20.14,37.80017852783203,34.01293182373047
reaction:3482,P(tBu)3,6,,18.86,36.25796890258789,34.14973068237305
reaction:3483,P(Ph)3,0,,16.12,41.02803039550781,34.0163459777832
reaction:3484,AmPhos,4,,16.64,38.57129669189453,34.16379928588867
reaction:3485,P(Cy)3,6,,16.07,40.5630989074707,34.12376022338867
reaction:3486,P(o-Tol)3,6,,17.97,42.57527160644531,34.13111877441406
reaction:3487,CataCXium A,4,,17.61,44.175968170166016,34.18821334838867
reaction:3488,SPhos,1,,17.31,39.407958984375,34.164974212646484
reaction:3490,XPhos,3,,16.92,40.61117172241211,34.12376022338867
reaction:3494,P(tBu)3,2,,16.72,38.76634979248047,34.08969497680664
reaction:3495,P(Ph)3,0,,18.91,41.80900573730469,34.02949905395508
reaction:3496,AmPhos,7,,16.35,37.593284606933594,33.962833404541016
reaction:3497,P(Cy)3,6,,15.9,41.594886779785156,34.12643814086914
reaction:3498,P(o-Tol)3,0,,36.68,41.41676712036133,34.08721923828125
reaction:3499,CataCXium A,2,,24.07,41.029579162597656,34.02056121826172
reaction:3500,SPhos,6,,16.43,44.74464797973633,34.152976989746094
reaction:3502,XPhos,3,,4.66,40.158016204833984,34.11381149291992
reaction:3506,P(tBu)3,1,,15.83,37.466575622558594,34.16273880004883
reaction:3507,P(Ph)3,5,,15.34,41.1802978515625,34.068389892578125
reaction:3508,AmPhos,0,,15.09,40.55976486206055,34.152427673339844
reaction:3509,P(Cy)3,1,,15.73,38.66776657104492,34.140628814697266
reaction:3510,P(o-Tol)3,0,,13.61,42.26838302612305,34.072349548339844
reaction:3511,CataCXium A,0,,15.62,40.709075927734375,33.94041442871094
reaction:3512,SPhos,3,,15.39,37.5478401184082,34.031517028808594
reaction:3514,XPhos,2,,14.07,38.174686431884766,34.048465728759766
reaction:3518,P(tBu)3,2,,16.0,40.667022705078125,34.087093353271484
reaction:3519,P(Ph)3,6,,16.23,44.473758697509766,34.1466178894043
reaction:3520,AmPhos,0,,12.4,41.861995697021484,34.14923858642578
reaction:3521,P(Cy)3,1,,14.32,40.082942962646484,34.12697219848633
reaction:3522,P(o-Tol)3,6,,15.59,41.63125991821289,34.139591217041016
reaction:3523,CataCXium A,3,,16.37,42.76447677612305,34.04652786254883
reaction:3524,SPhos,5,,13.25,39.28044128417969,34.063480377197266
reaction:3526,XPhos,5,,15.8,35.3205451965332,34.07245635986328
reaction:3530,P(tBu)3,2,,17.17,37.403717041015625,34.08935546875
reaction:3531,P(Ph)3,7,,19.75,41.100128173828125,33.99387741088867
reaction:3532,AmPhos,3,,12.94,39.8438720703125,34.165260314941406
reaction:3533,P(Cy)3,7,,14.18,36.6357536315918,34.031009674072266
reaction:3534,P(o-Tol)3,6,,15.69,39.871604919433594,34.15127944946289
reaction:3535,CataCXium A,2,,22.51,42.02805709838867,34.01899337768555
reaction:3536,SPhos,6,,15.14,39.73639678955078,34.128822326660156
reaction:3538,XPhos,2,,14.17,36.992862701416016,34.054290771484375
reaction:3542,P(tBu)3,0,,14.14,36.66502380371094,33.98994827270508
reaction:3543,P(Ph)3,6,,15.19,43.07655334472656,34.148529052734375
reaction:3544,AmPhos,6,,16.49,40.697540283203125,34.11549377441406
reaction:3545,P(Cy)3,6,,16.02,39.19508743286133,34.11271667480469
reaction:3546,P(o-Tol)3,0,,15.25,39.181026458740234,34.08442687988281
reaction:3547,CataCXium A,4,,13.53,42.15971755981445,34.16499710083008
reaction:3548,SPhos,6,,14.34,38.38068389892578,34.161956787109375
reaction:3550,XPhos,6,,15.27,36.02577590942383,34.11308288574219
reaction:3554,P(tBu)3,1,,31.76,37.93070602416992,34.14482116699219
reaction:3555,P(Ph)3,4,,51.68,50.46931838989258,34.141056060791016
reaction:3556,AmPhos,3,,37.57,45.04444885253906,34.18239974975586
reaction:3557,P(Cy)3,1,,47.6,41.89735412597656,34.23685073852539
reaction:3558,P(o-Tol)3,1,,34.75,41.64155960083008,34.148433685302734
reaction:3559,CataCXium A,6,,55.11,50.98478698730469,34.10564041137695
reaction:3560,SPhos,0,,31.85,36.817420959472656,34.00634765625
reaction:3562,XPhos,4,,29.92,37.71308898925781,34.20731735229492
reaction:3566,P(tBu)3,0,,27.16,40.141929626464844,34.07350540161133
reaction:3567,P(Ph)3,7,,47.7,50.6200065612793,34.03547668457031
reaction:3568,AmPhos,4,,43.3,47.721412658691406,34.13646697998047
reaction:3569,P(Cy)3,2,,44.4,46.74876403808594,33.983848571777344
reaction:3570,P(o-Tol)3,4,,34.11,45.06511306762695,34.089385986328125
reaction:3571,CataCXium A,4,,46.43,52.412696838378906,34.126243591308594
reaction:3572,SPhos,5,,27.58,44.43941116333008,34.070777893066406
reaction:3574,XPhos,2,,23.65,43.27574157714844,34.029117584228516
reaction:3578,P(tBu)3,3,,21.26,37.97984313964844,34.08272933959961
reaction:3579,P(Ph)3,6,,42.44,48.527000427246094,34.110328674316406
reaction:3580,AmPhos,6,,30.95,43.74993133544922,34.0825309753418
reaction:3581,P(Cy)3,1,,27.31,42.771636962890625,34.253719329833984
reaction:3582,P(o-Tol)3,5,,34.82,40.84180450439453,34.020286560058594
reaction:3583,CataCXium A,6,,56.37,49.03703689575195,34.09833908081055
reaction:3584,SPhos,7,,27.03,39.47744369506836,34.042945861816406
reaction:3586,XPhos,6,,23.4,41.96405792236328,34.10157012939453
reaction:3590,P(tBu)3,0,,22.12,41.11927795410156,34.06232452392578
reaction:3591,P(Ph)3,7,,34.49,50.20186996459961,34.06001663208008
reaction:3592,AmPhos,0,,36.44,45.678287506103516,34.14042282104492
reaction:3593,P(Cy)3,1,,32.77,43.93102264404297,34.23070526123047
reaction:3594,P(o-Tol)3,1,,35.01,45.10236740112305,34.14259719848633
reaction:3595,CataCXium A,7,,41.14,53.46685028076172,34.09052658081055
reaction:3596,SPhos,1,,23.89,41.2977180480957,34.13154602050781
reaction:3598,XPhos,6,,23.11,42.14801025390625,34.084102630615234
reaction:3602,P(tBu)3,7,,26.44,41.46012878417969,34.068050384521484
reaction:3603,P(Ph)3,5,,42.52,51.3682861328125,34.066009521484375
reaction:3604,AmPhos,0,,27.31,48.274803161621094,34.135135650634766
reaction:3605,P(Cy)3,4,,23.96,45.34435272216797,34.168663024902344
reaction:3606,P(o-Tol)3,0,,37.34,43.838375091552734,34.054832458496094
reaction:3607,CataCXium A,1,,49.39,50.24284362792969,34.108741760253906
reaction:3608,SPhos,7,,22.85,40.47049331665039,34.04004669189453
reaction:3610,XPhos,1,,24.26,36.759971618652344,34.18212127685547
reaction:3614,P(tBu)3,6,,26.61,41.188053131103516,34.091094970703125
reaction:3615,P(Ph)3,0,,47.17,48.718833923339844,34.0429573059082
reaction:3616,AmPhos,6,,41.97,46.594947814941406,34.08998107910156
reaction:3617,P(Cy)3,4,,30.56,47.51840591430664,34.13032531738281
reaction:3618,P(o-Tol)3,3,,37.91,41.28596496582031,34.12814712524414
reaction:3619,CataCXium A,0,,60.3,50.78035354614258,33.980140686035156
reaction:3620,SPhos,5,,30.31,44.372745513916016,34.083900451660156
reaction:3622,XPhos,5,,29.03,41.387577056884766,34.07786178588867
reaction:3626,P(tBu)3,4,,29.1,35.77456283569336,34.11145782470703
reaction:3627,P(Ph)3,5,,53.77,48.05644989013672,34.041927337646484
reaction:3628,AmPhos,7,,42.75,43.39850616455078,33.98185348510742
reaction:3629,P(Cy)3,5,,38.71,42.37723159790039,33.94639587402344
reaction:3630,P(o-Tol)3,7,,35.42,40.03351974487305,34.00177764892578
reaction:3631,CataCXium A,3,,60.07,49.700477600097656,34.055335998535156
reaction:3632,SPhos,0,,32.04,35.37165451049805,34.01337814331055
reaction:3634,XPhos,7,,28.83,36.186771392822266,34.0338249206543
reaction:3638,P(tBu)3,5,,23.75,36.59627914428711,34.022220611572266
reaction:3639,P(Ph)3,0,,55.89,46.15214538574219,34.04633712768555
reaction:3640,AmPhos,2,,44.98,41.565311431884766,34.036624908447266
reaction:3641,P(Cy)3,1,,43.32,42.2508430480957,34.205562591552734
reaction:3642,P(o-Tol)3,0,,40.65,39.64875411987305,34.06745147705078
reaction:3643,CataCXium A,7,,58.2,49.29254150390625,34.07339859008789
reaction:3644,SPhos,3,,30.76,38.8924560546875,34.103729248046875
reaction:3646,XPhos,1,,31.51,34.497535705566406,34.183128356933594
reaction:3650,P(tBu)3,6,,13.05,37.636329650878906,34.119781494140625
reaction:3651,P(Ph)3,4,,15.86,41.004886627197266,34.21712112426758
reaction:3652,AmPhos,6,,21.99,37.129276275634766,34.10144805908203
reaction:3653,P(Cy)3,5,,17.53,35.067928314208984,34.01222610473633
reaction:3654,P(o-Tol)3,0,,14.79,33.093162536621094,34.0373420715332
reaction:3655,CataCXium A,2,,13.97,34.934913635253906,33.967288970947266
reaction:3656,SPhos,3,,14.89,30.33817481994629,34.04351806640625
reaction:3658,XPhos,1,,22.39,31.098573684692383,34.20623016357422
reaction:3662,P(tBu)3,4,,16.21,37.78589630126953,34.16208267211914
reaction:3663,P(Ph)3,5,,20.23,41.72981643676758,34.02102279663086
reaction:3664,AmPhos,4,,19.9,39.35700607299805,34.13383483886719
reaction:3665,P(Cy)3,5,,16.86,39.447181701660156,33.9759407043457
reaction:3666,P(o-Tol)3,5,,19.22,37.318931579589844,33.9971809387207
reaction:3667,CataCXium A,0,,18.83,38.94758224487305,33.94817352294922
reaction:3668,SPhos,0,,18.66,38.791656494140625,34.011688232421875
reaction:3670,XPhos,1,,19.78,39.22954559326172,34.1885871887207
reaction:3674,P(tBu)3,4,,19.09,34.146488189697266,34.17258071899414
reaction:3675,P(Ph)3,6,,16.59,39.576969146728516,34.15522384643555
reaction:3676,AmPhos,3,,13.82,37.11084747314453,34.1934700012207
reaction:3677,P(Cy)3,0,,16.67,37.86411666870117,33.98701858520508
reaction:3678,P(o-Tol)3,7,,20.61,36.19000244140625,34.00889587402344
reaction:3679,CataCXium A,4,,15.85,39.723087310791016,34.15582275390625
reaction:3680,SPhos,0,,14.7,38.69298553466797,33.991207122802734
reaction:3682,XPhos,6,,16.51,39.94207763671875,34.158912658691406
reaction:3686,P(tBu)3,4,,18.87,38.42459487915039,34.17510986328125
reaction:3687,P(Ph)3,2,,15.17,40.84062957763672,34.00563049316406
reaction:3688,AmPhos,5,,12.52,41.22831344604492,34.037696838378906
reaction:3689,P(Cy)3,3,,14.04,38.35325241088867,34.1148681640625
reaction:3690,P(o-Tol)3,4,,14.41,38.15740966796875,34.099517822265625
reaction:3691,CataCXium A,7,,14.16,38.579620361328125,34.04780578613281
reaction:3692,SPhos,6,,8.89,39.24444580078125,34.128997802734375
reaction:3694,XPhos,0,,5.87,36.16682434082031,33.99679183959961
reaction:3698,P(tBu)3,6,,14.85,27.513154983520508,34.10277557373047
reaction:3699,P(Ph)3,0,,15.24,40.737998962402344,33.9859733581543
reaction:3700,AmPhos,2,,13.75,37.259395599365234,34.004539489746094
reaction:3701,P(Cy)3,6,,13.5,37.53990936279297,34.0947265625
reaction:3702,P(o-Tol)3,2,,15.93,34.630619049072266,34.018157958984375
reaction:3703,CataCXium A,6,,14.94,39.43342208862305,34.109840393066406
reaction:3704,SPhos,1,,13.89,35.40038299560547,34.20832824707031
reaction:3706,XPhos,5,,15.15,34.879390716552734,34.05471420288086
reaction:3710,P(tBu)3,7,,15.33,37.98902893066406,34.09135437011719
reaction:3711,P(Ph)3,4,,15.57,44.430641174316406,34.16865921020508
reaction:3712,AmPhos,7,,14.34,38.82312774658203,33.97788619995117
reaction:3713,P(Cy)3,6,,16.56,36.179405212402344,34.08906173706055
reaction:3714,P(o-Tol)3,0,,14.67,36.208778381347656,34.049774169921875
reaction:3715,CataCXium A,3,,13.1,42.896968841552734,34.099483489990234
reaction:3716,SPhos,1,,14.39,34.957359313964844,34.185787200927734
reaction:3718,XPhos,1,,15.63,34.1657829284668,34.186492919921875
reaction:3722,P(tBu)3,5,,13.46,26.154264450073242,34.015403747558594
reaction:3723,P(Ph)3,4,,15.1,44.59309387207031,34.216007232666016
reaction:3724,AmPhos,5,,13.14,41.21055603027344,34.05189514160156
reaction:3725,P(Cy)3,1,,14.73,38.38981628417969,34.10622787475586
reaction:3726,P(o-Tol)3,3,,14.45,38.99279022216797,34.12903594970703
reaction:3727,CataCXium A,6,,19.58,42.97580337524414,34.087276458740234
reaction:3728,SPhos,2,,13.61,37.564674377441406,34.01189041137695
reaction:3730,XPhos,6,,15.96,39.19369125366211,34.13262176513672
reaction:3734,P(tBu)3,7,,31.57,33.43220520019531,34.095027923583984
reaction:3735,P(Ph)3,4,,19.08,44.479148864746094,34.16434860229492
reaction:3736,AmPhos,6,,26.77,40.73922348022461,34.10956954956055
reaction:3737,P(Cy)3,3,,13.69,36.483978271484375,34.1179084777832
reaction:3738,P(o-Tol)3,3,,14.13,36.48383712768555,34.13005447387695
reaction:3739,CataCXium A,3,,14.55,40.69762420654297,34.06739807128906
reaction:3740,SPhos,7,,31.35,33.92912292480469,34.0164794921875
reaction:3742,XPhos,6,,15.82,37.44891357421875,34.15925216674805
reaction:3746,P(tBu)3,7,,16.44,41.4647331237793,34.077938079833984
reaction:3747,P(Ph)3,1,,56.56,51.93163299560547,34.17887496948242
reaction:3748,AmPhos,0,,45.17,52.16698455810547,34.14896011352539
reaction:3749,P(Cy)3,5,,21.88,54.403282165527344,34.018733978271484
reaction:3750,P(o-Tol)3,3,,56.29,52.94978713989258,34.141815185546875
reaction:3751,CataCXium A,3,,43.94,53.509281158447266,34.09212875366211
reaction:3752,SPhos,7,,29.67,46.663692474365234,34.013092041015625
reaction:3754,XPhos,7,,30.14,47.14346694946289,34.023155212402344
reaction:3758,P(tBu)3,6,,48.3,44.24745559692383,34.12525177001953
reaction:3759,P(Ph)3,7,,75.18,59.43205261230469,34.04075241088867
reaction:3760,AmPhos,7,,63.04,55.6992073059082,33.94248962402344
reaction:3761,P(Cy)3,5,,75.06,56.78608703613281,34.0538444519043
reaction:3762,P(o-Tol)3,7,,72.15,56.27214050292969,34.040645599365234
reaction:3763,CataCXium A,4,,70.31,56.34855651855469,34.15962600708008
reaction:3764,SPhos,3,,62.57,52.61907196044922,34.047515869140625
reaction:3766,XPhos,7,,61.95,52.684906005859375,34.01327133178711
reaction:3770,P(tBu)3,5,,42.64,45.534488677978516,34.04086685180664
reaction:3771,P(Ph)3,6,,69.39,61.357078552246094,34.088871002197266
reaction:3772,AmPhos,0,,60.07,52.485511779785156,34.14925765991211
reaction:3773,P(Cy)3,2,,68.64,52.964927673339844,34.04507827758789
reaction:3774,P(o-Tol)3,3,,69.92,56.87987518310547,34.137939453125
reaction:3775,CataCXium A,0,,64.04,56.07771301269531,33.94940185546875
reaction:3776,SPhos,1,,51.08,53.038734436035156,34.17724609375
reaction:3778,XPhos,2,,57.92,49.61407470703125,34.05115509033203
reaction:3782,P(tBu)3,4,,44.23,46.39579772949219,34.1703987121582
reaction:3783,P(Ph)3,4,,78.31,59.43635559082031,34.128814697265625
reaction:3784,AmPhos,2,,61.48,52.116600036621094,34.04411315917969
reaction:3785,P(Cy)3,1,,73.72,54.974021911621094,34.12657928466797
reaction:3786,P(o-Tol)3,0,,73.24,59.76747131347656,34.058841705322266
reaction:3787,CataCXium A,3,,63.42,57.54182052612305,34.050880432128906
reaction:3788,SPhos,1,,69.82,53.15748977661133,34.18467712402344
reaction:3790,XPhos,5,,64.55,49.52358627319336,34.06021499633789
reaction:3794,P(tBu)3,3,,53.09,43.02437973022461,34.105323791503906
reaction:3795,P(Ph)3,5,,81.48,61.45976638793945,34.028587341308594
reaction:3796,AmPhos,1,,70.14,53.14049530029297,34.11302947998047
reaction:3797,P(Cy)3,5,,69.95,55.157012939453125,34.01165008544922
reaction:3798,P(o-Tol)3,7,,80.65,56.79480743408203,34.039520263671875
reaction:3799,CataCXium A,7,,82.23,55.703372955322266,34.0540657043457
reaction:3800,SPhos,6,,66.4,49.2132453918457,34.101226806640625
reaction:3802,XPhos,1,,61.03,48.48485565185547,34.19481658935547
reaction:3806,P(tBu)3,0,,46.61,43.26691436767578,33.949344635009766
reaction:3807,P(Ph)3,3,,80.09,58.08987808227539,34.089046478271484
reaction:3808,AmPhos,4,,74.74,50.79825210571289,34.166011810302734
reaction:3809,P(Cy)3,2,,73.91,52.76945877075195,34.035484313964844
reaction:3810,P(o-Tol)3,3,,79.4,55.505043029785156,34.15778732299805
reaction:3811,CataCXium A,6,,81.25,55.78217315673828,34.05496597290039
reaction:3812,SPhos,2,,58.75,46.77974319458008,34.076297760009766
reaction:3814,XPhos,2,,44.35,47.91706466674805,34.046241760253906
reaction:3818,P(tBu)3,4,,53.82,43.758216857910156,34.165367126464844
reaction:3819,P(Ph)3,1,,82.9,57.43454360961914,34.167755126953125
reaction:3820,AmPhos,4,,78.92,51.18904495239258,34.166481018066406
reaction:3821,P(Cy)3,6,,66.13,54.17537307739258,34.067752838134766
reaction:3822,P(o-Tol)3,6,,84.77,56.5960807800293,34.121360778808594
reaction:3823,CataCXium A,4,,74.96,55.689422607421875,34.16242599487305
reaction:3824,SPhos,2,,59.47,47.436275482177734,34.05874252319336
reaction:3826,XPhos,1,,50.87,44.491676330566406,34.19059371948242
reaction:3830,P(tBu)3,3,,49.74,45.174827575683594,34.10075378417969
reaction:3831,P(Ph)3,7,,78.9,59.87668991088867,34.02303695678711
reaction:3832,AmPhos,2,,70.77,55.07310104370117,33.989383697509766
reaction:3833,P(Cy)3,3,,78.59,56.88935470581055,34.077293395996094
reaction:3834,P(o-Tol)3,6,,71.82,56.755210876464844,34.11137390136719
reaction:3835,CataCXium A,2,,76.98,53.02217483520508,34.07148361206055
reaction:3836,SPhos,6,,68.51,53.35318374633789,34.118629455566406
reaction:3838,XPhos,1,,67.02,49.60297775268555,34.20060348510742
reaction:3842,P(tBu)3,6,,12.41,34.70475769042969,34.226768493652344
reaction:3843,P(Ph)3,3,,23.02,40.62246322631836,34.1418342590332
reaction:3844,AmPhos,0,,20.7,39.23597717285156,34.06131362915039
reaction:3845,P(Cy)3,4,,12.94,32.92008590698242,34.09461212158203
reaction:3846,P(o-Tol)3,1,,15.23,30.41244125366211,34.23823547363281
reaction:3847,CataCXium A,6,,14.79,38.58708190917969,34.03955841064453
reaction:3848,SPhos,4,,13.01,30.691734313964844,34.082454681396484
reaction:3850,XPhos,2,,13.88,31.32415771484375,34.094905853271484
reaction:3854,P(tBu)3,5,,15.81,36.11068344116211,34.103572845458984
reaction:3855,P(Ph)3,1,,18.18,41.71835708618164,34.20834732055664
reaction:3856,AmPhos,7,,17.45,37.77806091308594,34.02116775512695
reaction:3857,P(Cy)3,2,,17.86,36.367000579833984,34.03076934814453
reaction:3858,P(o-Tol)3,1,,17.29,33.79882049560547,34.23060607910156
reaction:3859,CataCXium A,7,,18.96,38.08617401123047,34.044979095458984
reaction:3860,SPhos,6,,17.79,40.14748001098633,34.12906265258789
reaction:3862,XPhos,1,,21.26,34.81240463256836,34.196807861328125
reaction:3866,P(tBu)3,2,,12.17,33.599979400634766,33.988006591796875
reaction:3867,P(Ph)3,5,,17.75,40.255332946777344,34.06661605834961
reaction:3868,AmPhos,5,,13.16,34.37215042114258,34.1006965637207
reaction:3869,P(Cy)3,2,,10.99,35.63787078857422,34.04806137084961
reaction:3870,P(o-Tol)3,3,,12.41,34.64610290527344,34.092430114746094
reaction:3871,CataCXium A,4,,14.15,38.30622863769531,34.15593719482422
reaction:3872,SPhos,2,,12.9,36.39665222167969,33.99301528930664
reaction:3874,XPhos,2,,12.01,36.68475341796875,34.092742919921875
reaction:3878,P(tBu)3,1,,14.14,40.431793212890625,34.21649932861328
reaction:3879,P(Ph)3,5,,22.09,42.136932373046875,34.07112121582031
reaction:3880,AmPhos,1,,11.54,35.9757194519043,34.18867874145508
reaction:3881,P(Cy)3,4,,10.1,35.79186248779297,34.10361862182617
reaction:3882,P(o-Tol)3,3,,10.87,35.34714126586914,34.09829330444336
reaction:3883,CataCXium A,5,,11.88,36.11859893798828,33.98955535888672
reaction:3884,SPhos,6,,13.93,40.79454803466797,34.118896484375
reaction:3886,XPhos,1,,12.89,37.76934814453125,34.18220901489258
reaction:3890,P(tBu)3,0,,10.18,34.945648193359375,33.953651428222656
reaction:3891,P(Ph)3,1,,14.48,38.68476867675781,34.19438934326172
reaction:3892,AmPhos,6,,23.12,35.890506744384766,34.14288330078125
reaction:3893,P(Cy)3,3,,30.88,33.76707458496094,34.05927658081055
reaction:3894,P(o-Tol)3,7,,15.05,31.91242218017578,34.02927017211914
reaction:3895,CataCXium A,3,,15.78,35.50343322753906,34.05863952636719
reaction:3896,SPhos,5,,13.79,35.37339782714844,34.041297912597656
reaction:3898,XPhos,6,,12.72,35.7845458984375,34.09764862060547
reaction:3902,P(tBu)3,1,,11.97,38.8434944152832,34.16580581665039
reaction:3903,P(Ph)3,3,,15.43,43.58378982543945,34.14902877807617
reaction:3904,AmPhos,4,,14.47,37.5862922668457,34.11137008666992
reaction:3905,P(Cy)3,1,,13.34,34.33444595336914,34.108428955078125
reaction:3906,P(o-Tol)3,5,,13.04,31.650157928466797,34.02494430541992
reaction:3907,CataCXium A,7,,14.29,41.224334716796875,34.04001998901367
reaction:3908,SPhos,1,,12.48,35.248863220214844,34.171634674072266
reaction:3910,XPhos,6,,12.47,32.34037780761719,34.121185302734375
reaction:3914,P(tBu)3,1,,15.09,32.24995422363281,34.18376922607422
reaction:3915,P(Ph)3,3,,16.43,39.723453521728516,34.16514205932617
reaction:3916,AmPhos,1,,12.89,42.174278259277344,34.20366287231445
reaction:3917,P(Cy)3,7,,11.29,35.67931365966797,34.00680923461914
reaction:3918,P(o-Tol)3,6,,13.82,35.21875,34.138336181640625
reaction:3919,CataCXium A,0,,14.88,35.99740219116211,33.95840835571289
reaction:3920,SPhos,3,,12.2,33.08030700683594,34.066932678222656
reaction:3922,XPhos,0,,13.04,31.06895637512207,34.00300979614258
reaction:3926,P(tBu)3,4,,12.86,31.115493774414062,34.1102294921875
reaction:3927,P(Ph)3,5,,17.77,40.50442123413086,34.05854034423828
reaction:3928,AmPhos,7,,17.88,37.61914825439453,34.01736068725586
reaction:3929,P(Cy)3,0,,12.99,28.938417434692383,33.96417999267578
reaction:3930,P(o-Tol)3,4,,13.53,31.73220443725586,34.12691116333008
reaction:3931,CataCXium A,4,,13.83,38.299957275390625,34.15660095214844
reaction:3932,SPhos,6,,12.68,35.1588020324707,34.08869552612305
reaction:3934,XPhos,4,,12.83,31.848587036132812,34.113243103027344
reaction:3938,P(tBu)3,0,,20.69,41.49264144897461,34.00934600830078
reaction:3939,P(Ph)3,4,,53.11,47.829010009765625,34.16513442993164
reaction:3940,AmPhos,0,,46.46,47.890480041503906,34.1052131652832
reaction:3941,P(Cy)3,0,,18.38,36.6590690612793,33.99745178222656
reaction:3942,P(o-Tol)3,6,,20.14,38.258636474609375,34.137996673583984
reaction:3943,CataCXium A,3,,58.69,48.65798568725586,34.08977508544922
reaction:3944,SPhos,6,,14.0,33.62670135498047,34.099361419677734
reaction:3946,XPhos,3,,16.74,35.1160888671875,34.16191864013672
reaction:3950,P(tBu)3,5,,17.7,45.17615509033203,34.155670166015625
reaction:3951,P(Ph)3,1,,32.1,50.86151123046875,34.19751739501953
reaction:3952,AmPhos,0,,17.87,45.451778411865234,34.07451629638672
reaction:3953,P(Cy)3,2,,18.72,36.41387176513672,34.00331497192383
reaction:3954,P(o-Tol)3,7,,16.32,36.93610763549805,34.02027893066406
reaction:3955,CataCXium A,3,,17.77,46.372825622558594,34.100643157958984
reaction:3956,SPhos,5,,16.49,42.55549621582031,34.09172439575195
reaction:3958,XPhos,7,,16.07,37.62215042114258,34.01082992553711
reaction:3962,P(tBu)3,1,,28.53,37.6234245300293,34.18962860107422
reaction:3963,P(Ph)3,0,,37.86,47.1435546875,34.00218200683594
reaction:3964,AmPhos,4,,24.69,42.33641052246094,34.09882354736328
reaction:3965,P(Cy)3,5,,16.02,32.73973846435547,33.986549377441406
reaction:3966,P(o-Tol)3,1,,17.53,34.1624870300293,34.23249053955078
reaction:3967,CataCXium A,6,,19.02,46.3282470703125,34.07990646362305
reaction:3968,SPhos,5,,15.36,38.4345703125,34.082550048828125
reaction:3970,XPhos,4,,16.52,33.95106887817383,34.11643600463867
reaction:3974,P(tBu)3,1,,18.4,42.8484992980957,34.20695877075195
reaction:3975,P(Ph)3,2,,32.6,52.9697265625,34.03611755371094
reaction:3976,AmPhos,7,,21.01,40.654876708984375,33.97888946533203
reaction:3977,P(Cy)3,6,,14.75,33.7164192199707,34.05448532104492
reaction:3978,P(o-Tol)3,7,,22.25,36.17188262939453,34.03546905517578
reaction:3979,CataCXium A,1,,21.39,46.265380859375,34.16925811767578
reaction:3980,SPhos,0,,15.41,37.82139587402344,33.91229248046875
reaction:3982,XPhos,3,,20.14,35.71623229980469,34.14097595214844
reaction:3986,P(tBu)3,5,,19.64,43.55280685424805,34.13198471069336
reaction:3987,P(Ph)3,2,,37.23,49.34848403930664,34.04893112182617
reaction:3988,AmPhos,0,,20.82,44.464080810546875,34.08641815185547
reaction:3989,P(Cy)3,7,,18.83,36.0825080871582,33.94009780883789
reaction:3990,P(o-Tol)3,3,,18.35,34.757041931152344,34.11083984375
reaction:3991,CataCXium A,5,,33.48,47.58368682861328,33.964839935302734
reaction:3992,SPhos,5,,16.16,39.55552291870117,34.10218048095703
reaction:3994,XPhos,6,,17.41,35.92116165161133,34.09489059448242
reaction:3998,P(tBu)3,5,,22.93,41.232696533203125,34.081539154052734
reaction:3999,P(Ph)3,1,,57.68,49.944217681884766,34.1764030456543
reaction:4000,AmPhos,6,,40.65,42.9185791015625,34.14448547363281
reaction:4001,P(Cy)3,3,,20.38,36.05514144897461,34.03618240356445
reaction:4002,P(o-Tol)3,2,,17.77,33.136085510253906,34.013187408447266
reaction:4003,CataCXium A,4,,57.89,47.28260040283203,34.106197357177734
reaction:4004,SPhos,5,,17.04,38.064449310302734,34.079925537109375
reaction:4006,XPhos,2,,16.0,35.91486358642578,34.10007858276367
reaction:4010,P(tBu)3,0,,25.2,37.11591339111328,33.979225158691406
reaction:4011,P(Ph)3,6,,47.55,46.99595260620117,34.11112594604492
reaction:4012,AmPhos,0,,52.13,42.147666931152344,34.077571868896484
reaction:4013,P(Cy)3,0,,24.81,32.65420150756836,33.9919548034668
reaction:4014,P(o-Tol)3,6,,20.9,37.56707000732422,34.13887405395508
reaction:4015,CataCXium A,0,,57.21,45.47520065307617,33.97299575805664
reaction:4016,SPhos,5,,17.2,33.67510986328125,34.096073150634766
reaction:4018,XPhos,6,,18.91,31.2251033782959,34.12880325317383
reaction:4022,P(tBu)3,6,,28.07,34.28586959838867,34.19326400756836
reaction:4023,P(Ph)3,4,,67.49,44.511924743652344,34.14409637451172
reaction:4024,AmPhos,6,,50.05,39.97426986694336,34.137386322021484
reaction:4025,P(Cy)3,6,,20.77,31.23122787475586,34.07477569580078
reaction:4026,P(o-Tol)3,4,,20.88,32.263771057128906,34.097129821777344
reaction:4027,CataCXium A,2,,67.61,43.65011978149414,34.00913619995117
reaction:4028,SPhos,4,,17.3,31.475618362426758,34.103302001953125
reaction:4030,XPhos,6,,16.23,31.527603149414062,34.096168518066406
reaction:4034,P(tBu)3,1,,12.02,34.6751708984375,34.13974380493164
reaction:4035,P(Ph)3,0,,13.72,35.354618072509766,34.022586822509766
reaction:4036,AmPhos,3,,12.47,35.40959167480469,34.18034362792969
reaction:4037,P(Cy)3,4,,11.65,31.830516815185547,34.14999008178711
reaction:4038,P(o-Tol)3,6,,13.9,30.9589900970459,34.14413070678711
reaction:4039,CataCXium A,7,,13.56,34.539794921875,34.02903366088867
reaction:4040,SPhos,2,,13.75,25.965782165527344,34.03816604614258
reaction:4042,XPhos,7,,14.3,28.26165199279785,34.05094909667969
reaction:4046,P(tBu)3,5,,16.9,37.333152770996094,34.12234878540039
reaction:4047,P(Ph)3,2,,18.3,40.73518753051758,34.06869888305664
reaction:4048,AmPhos,1,,17.09,34.497528076171875,34.141788482666016
reaction:4049,P(Cy)3,4,,18.64,33.474388122558594,34.10710525512695
reaction:4050,P(o-Tol)3,7,,20.27,29.83049201965332,34.02002716064453
reaction:4051,CataCXium A,5,,22.53,34.075950622558594,34.07529830932617
reaction:4052,SPhos,7,,17.32,33.38465881347656,34.015525817871094
reaction:4054,XPhos,5,,17.09,30.26948356628418,34.00140380859375
reaction:4058,P(tBu)3,3,,13.04,30.67728614807129,34.07401657104492
reaction:4059,P(Ph)3,7,,13.51,36.34514617919922,34.009490966796875
reaction:4060,AmPhos,0,,12.36,33.747413635253906,34.04300308227539
reaction:4061,P(Cy)3,2,,14.06,33.7808837890625,34.00506591796875
reaction:4062,P(o-Tol)3,2,,14.22,30.089553833007812,33.99497985839844
reaction:4063,CataCXium A,5,,13.74,36.73506546020508,34.073646545410156
reaction:4064,SPhos,3,,14.1,32.32536697387695,34.08115768432617
reaction:4066,XPhos,7,,14.1,33.06893539428711,34.014808654785156
reaction:4070,P(tBu)3,6,,14.48,35.56306457519531,34.20406723022461
reaction:4071,P(Ph)3,2,,17.99,43.90610122680664,34.09024429321289
reaction:4072,AmPhos,5,,11.6,30.068220138549805,34.04964065551758
reaction:4073,P(Cy)3,4,,12.44,32.39436340332031,34.14223098754883
reaction:4074,P(o-Tol)3,1,,16.27,28.732820510864258,34.18224334716797
reaction:4075,CataCXium A,0,,12.36,33.73799133300781,33.96522521972656
reaction:4076,SPhos,1,,13.53,32.06505584716797,34.20623016357422
reaction:4078,XPhos,2,,13.5,29.230531692504883,34.10165786743164
reaction:4082,P(tBu)3,7,,13.12,28.13533592224121,34.00868606567383
reaction:4083,P(Ph)3,2,,15.23,40.006622314453125,34.105953216552734
reaction:4084,AmPhos,7,,11.83,31.266843795776367,34.046878814697266
reaction:4085,P(Cy)3,5,,13.09,30.831449508666992,33.97799301147461
reaction:4086,P(o-Tol)3,5,,13.77,28.357812881469727,34.03528594970703
reaction:4087,CataCXium A,6,,12.14,33.39447021484375,34.093196868896484
reaction:4088,SPhos,0,,12.62,28.5463809967041,33.9471549987793
reaction:4090,XPhos,7,,14.08,29.843469619750977,34.02180480957031
reaction:4094,P(tBu)3,2,,13.21,33.1936149597168,34.00545120239258
reaction:4095,P(Ph)3,5,,15.71,37.41884231567383,33.98448181152344
reaction:4096,AmPhos,2,,12.61,32.12359619140625,34.0164680480957
reaction:4097,P(Cy)3,6,,12.78,28.169029235839844,34.054813385009766
reaction:4098,P(o-Tol)3,7,,14.74,28.534278869628906,34.04336166381836
reaction:4099,CataCXium A,2,,13.87,35.64361572265625,34.024227142333984
reaction:4100,SPhos,0,,13.37,27.802919387817383,33.953304290771484
reaction:4102,XPhos,3,,14.58,25.654035568237305,34.06925582885742
reaction:4106,P(tBu)3,6,,12.49,27.213510513305664,34.20252227783203
reaction:4107,P(Ph)3,6,,20.36,38.91114807128906,34.066184997558594
reaction:4108,AmPhos,1,,13.01,37.5224609375,34.18803024291992
reaction:4109,P(Cy)3,7,,13.94,32.3881721496582,33.978431701660156
reaction:4110,P(o-Tol)3,6,,14.48,34.823951721191406,34.176578521728516
reaction:4111,CataCXium A,6,,14.14,38.99758529663086,34.10559844970703
reaction:4112,SPhos,6,,13.14,31.715478897094727,34.08301544189453
reaction:4114,XPhos,7,,13.69,32.327842712402344,34.08744430541992
reaction:4118,P(tBu)3,7,,13.15,31.263647079467773,34.016239166259766
reaction:4119,P(Ph)3,2,,16.14,42.57171630859375,34.06537628173828
reaction:4120,AmPhos,3,,12.26,35.48838806152344,34.20305252075195
reaction:4121,P(Cy)3,3,,14.6,26.372018814086914,34.03303527832031
reaction:4122,P(o-Tol)3,0,,14.35,28.16082191467285,34.002803802490234
reaction:4123,CataCXium A,5,,15.34,37.979461669921875,34.05355453491211
reaction:4124,SPhos,1,,13.64,29.168609619140625,34.20896911621094
reaction:4126,XPhos,2,,14.78,28.084569931030273,34.09872817993164
reaction:4130,P(tBu)3,6,,56.15,40.11127853393555,34.18388366699219
reaction:4131,P(Ph)3,4,,48.5,48.74998092651367,34.09829330444336
reaction:4132,AmPhos,1,,62.12,43.81659698486328,34.18253707885742
reaction:4133,P(Cy)3,7,,20.21,32.06882095336914,34.052608489990234
reaction:4134,P(o-Tol)3,1,,74.71,51.16238784790039,34.19097137451172
reaction:4135,CataCXium A,2,,60.48,47.50983810424805,34.043800354003906
reaction:4136,SPhos,2,,18.91,36.812496185302734,34.04048538208008
reaction:4138,XPhos,3,,29.22,35.884178161621094,34.17369842529297
reaction:4142,P(tBu)3,5,,38.52,50.20503234863281,34.10420608520508
reaction:4143,P(Ph)3,7,,58.94,52.824520111083984,34.01264572143555
reaction:4144,AmPhos,3,,46.32,46.83161163330078,34.17034149169922
reaction:4145,P(Cy)3,7,,27.29,38.816749572753906,34.060203552246094
reaction:4146,P(o-Tol)3,3,,51.26,55.64784240722656,34.07221221923828
reaction:4147,CataCXium A,4,,44.78,50.82172393798828,34.107784271240234
reaction:4148,SPhos,7,,47.02,45.15592956542969,34.02111053466797
reaction:4150,XPhos,4,,41.29,41.92265319824219,34.11747360229492
reaction:4154,P(tBu)3,1,,46.83,44.31464767456055,34.200740814208984
reaction:4155,P(Ph)3,7,,68.15,53.7896614074707,34.04456329345703
reaction:4156,AmPhos,7,,57.98,44.298561096191406,34.03132629394531
reaction:4157,P(Cy)3,2,,31.08,39.46774673461914,34.053409576416016
reaction:4158,P(o-Tol)3,5,,74.84,53.030494689941406,34.05098342895508
reaction:4159,CataCXium A,3,,66.67,48.481224060058594,34.104774475097656
reaction:4160,SPhos,4,,51.04,42.41931915283203,34.11212921142578
reaction:4162,XPhos,3,,49.83,43.231689453125,34.141998291015625
reaction:4166,P(tBu)3,1,,39.95,47.02483367919922,34.2178840637207
reaction:4167,P(Ph)3,1,,73.12,53.23211669921875,34.175559997558594
reaction:4168,AmPhos,4,,6.65,47.26176452636719,34.08467102050781
reaction:4169,P(Cy)3,3,,0.0,37.2666015625,34.06333923339844
reaction:4170,P(o-Tol)3,6,,63.01,53.97420120239258,34.10033416748047
reaction:4171,CataCXium A,6,,61.84,45.97933578491211,34.160736083984375
reaction:4172,SPhos,3,,59.43,42.71269226074219,34.11531066894531
reaction:4174,XPhos,0,,58.39,43.536582946777344,33.99372482299805
reaction:4178,P(tBu)3,3,,57.66,41.38848876953125,34.14344787597656
reaction:4179,P(Ph)3,5,,40.92,54.05432891845703,34.01477813720703
reaction:4180,AmPhos,5,,52.74,46.29251480102539,34.0459098815918
reaction:4181,P(Cy)3,7,,35.41,40.25644302368164,34.0660400390625
reaction:4182,P(o-Tol)3,0,,74.05,54.195465087890625,33.98318862915039
reaction:4183,CataCXium A,0,,57.44,49.717437744140625,33.95268630981445
reaction:4184,SPhos,6,,39.32,41.142635345458984,34.05656433105469
reaction:4186,XPhos,3,,46.03,40.91059112548828,34.16011428833008
reaction:4190,P(tBu)3,3,,40.8,40.988563537597656,34.1241569519043
reaction:4191,P(Ph)3,6,,64.11,52.50827407836914,33.98147201538086
reaction:4192,AmPhos,7,,57.24,43.99099349975586,34.059078216552734
reaction:4193,P(Cy)3,1,,17.87,36.19322967529297,34.165164947509766
reaction:4194,P(o-Tol)3,2,,71.99,53.9669189453125,33.99677658081055
reaction:4195,CataCXium A,2,,65.69,51.53093719482422,34.055992126464844
reaction:4196,SPhos,1,,21.1,40.16380310058594,34.193668365478516
reaction:4198,XPhos,2,,24.86,39.6339225769043,34.096168518066406
reaction:4202,P(tBu)3,7,,57.08,42.44736099243164,33.9833984375
reaction:4203,P(Ph)3,2,,64.73,50.51231002807617,33.96385192871094
reaction:4204,AmPhos,0,,71.17,44.79786682128906,34.02574920654297
reaction:4205,P(Cy)3,7,,28.01,38.16083526611328,34.09124755859375
reaction:4206,P(o-Tol)3,7,,74.34,52.691890716552734,34.01226043701172
reaction:4207,CataCXium A,6,,56.68,51.10517883300781,34.14802169799805
reaction:4208,SPhos,3,,32.23,38.02812194824219,34.133941650390625
reaction:4210,XPhos,6,,33.45,37.955039978027344,34.03261184692383
reaction:4214,P(tBu)3,3,,45.81,41.53097152709961,34.15035629272461
reaction:4215,P(Ph)3,3,,72.19,54.96001052856445,34.056610107421875
reaction:4216,AmPhos,1,,52.92,46.67587661743164,34.18576431274414
reaction:4217,P(Cy)3,1,,28.32,35.9072265625,34.16572952270508
reaction:4218,P(o-Tol)3,5,,68.86,53.188270568847656,34.04513168334961
reaction:4219,CataCXium A,3,,59.44,51.57979202270508,34.099365234375
reaction:4220,SPhos,0,,54.8,42.53982162475586,33.96135330200195
reaction:4222,XPhos,0,,42.55,39.292457580566406,34.02263259887695
reaction:4226,P(tBu)3,3,,16.56,28.703920364379883,34.113826751708984
reaction:4227,P(Ph)3,3,,19.58,29.608413696289062,34.149574279785156
reaction:4228,AmPhos,6,,17.09,27.828266143798828,34.083431243896484
reaction:4229,P(Cy)3,3,,17.27,28.680688858032227,34.132362365722656
reaction:4230,P(o-Tol)3,0,,18.46,27.212291717529297,34.06925964355469
reaction:4231,CataCXium A,4,,21.89,28.283878326416016,34.091468811035156
reaction:4232,SPhos,1,,16.09,32.44759750366211,34.16328430175781
reaction:4234,XPhos,1,,17.25,34.627384185791016,34.2042121887207
reaction:4238,P(tBu)3,1,,16.17,25.999755859375,34.18987274169922
reaction:4239,P(Ph)3,3,,18.37,29.947349548339844,34.15547180175781
reaction:4240,AmPhos,3,,15.92,27.597856521606445,34.1157341003418
reaction:4241,P(Cy)3,7,,20.33,28.98836326599121,34.04039001464844
reaction:4242,P(o-Tol)3,0,,15.52,26.976842880249023,34.05573272705078
reaction:4243,CataCXium A,3,,16.65,27.618160247802734,34.051883697509766
reaction:4244,SPhos,4,,17.6,35.149192810058594,34.09004592895508
reaction:4246,XPhos,2,,16.82,36.752445220947266,34.092010498046875
reaction:4250,P(tBu)3,1,,19.02,28.463558197021484,34.214195251464844
reaction:4251,P(Ph)3,2,,17.07,32.77896499633789,34.10015869140625
reaction:4252,AmPhos,3,,19.41,27.382909774780273,34.10100555419922
reaction:4253,P(Cy)3,3,,19.05,30.975034713745117,34.12779998779297
reaction:4254,P(o-Tol)3,0,,18.46,27.150375366210938,34.038230895996094
reaction:4255,CataCXium A,2,,16.05,28.373043060302734,34.01640319824219
reaction:4256,SPhos,0,,17.84,36.04732131958008,33.98731231689453
reaction:4258,XPhos,3,,16.16,40.00190353393555,34.076786041259766
reaction:4262,P(tBu)3,7,,15.77,28.65899658203125,34.05718231201172
reaction:4263,P(Ph)3,2,,15.01,30.82379913330078,34.056922912597656
reaction:4264,AmPhos,7,,12.55,26.547300338745117,33.99762725830078
reaction:4265,P(Cy)3,7,,14.57,28.54461669921875,34.02549362182617
reaction:4266,P(o-Tol)3,3,,15.0,27.952669143676758,34.1153678894043
reaction:4267,CataCXium A,2,,13.51,29.827007293701172,34.030277252197266
reaction:4268,SPhos,5,,15.85,37.352970123291016,34.031837463378906
reaction:4270,XPhos,4,,14.19,38.2553825378418,34.1838264465332
reaction:4274,P(tBu)3,4,,13.07,26.599647521972656,34.14495849609375
reaction:4275,P(Ph)3,5,,18.44,29.943389892578125,34.054100036621094
reaction:4276,AmPhos,2,,15.32,29.219640731811523,34.04182815551758
reaction:4277,P(Cy)3,5,,16.18,29.224111557006836,33.975215911865234
reaction:4278,P(o-Tol)3,6,,16.91,27.663990020751953,34.097328186035156
reaction:4279,CataCXium A,5,,16.03,27.579504013061523,33.99190902709961
reaction:4280,SPhos,2,,16.08,34.941165924072266,34.05876541137695
reaction:4282,XPhos,6,,17.59,37.17131042480469,34.038883209228516
reaction:4286,P(tBu)3,5,,12.92,29.367080688476562,33.96479797363281
reaction:4287,P(Ph)3,2,,14.61,32.430240631103516,34.063812255859375
reaction:4288,AmPhos,4,,13.97,27.902021408081055,34.13872528076172
reaction:4289,P(Cy)3,3,,12.83,31.484094619750977,34.133323669433594
reaction:4290,P(o-Tol)3,4,,13.53,26.908260345458984,34.14421463012695
reaction:4291,CataCXium A,1,,14.39,27.872350692749023,34.13982009887695
reaction:4292,SPhos,6,,12.68,35.215660095214844,34.07102584838867
reaction:4294,XPhos,6,,14.31,36.48202133178711,34.10427474975586
reaction:4298,P(tBu)3,0,,14.68,26.132497787475586,33.97745895385742
reaction:4299,P(Ph)3,6,,16.79,29.821758270263672,34.11897277832031
reaction:4300,AmPhos,0,,15.83,27.43854331970215,33.99839782714844
reaction:4301,P(Cy)3,3,,16.64,29.467079162597656,34.13457107543945
reaction:4302,P(o-Tol)3,4,,14.66,27.0703182220459,34.14753341674805
reaction:4303,CataCXium A,6,,13.85,28.225736618041992,34.07216262817383
reaction:4304,SPhos,7,,14.78,33.1627197265625,34.00656509399414
reaction:4306,XPhos,1,,15.62,36.769813537597656,34.210784912109375
reaction:4310,P(tBu)3,6,,13.75,27.336811065673828,34.167213439941406
reaction:4311,P(Ph)3,6,,16.47,29.73619842529297,34.119544982910156
reaction:4312,AmPhos,4,,14.35,27.62322235107422,34.14149475097656
reaction:4313,P(Cy)3,7,,19.04,28.256885528564453,34.052276611328125
reaction:4314,P(o-Tol)3,2,,14.5,26.149385452270508,34.02254867553711
reaction:4315,CataCXium A,0,,14.5,28.00050926208496,33.99076461791992
reaction:4316,SPhos,2,,15.64,35.184837341308594,34.06101989746094
reaction:4318,XPhos,7,,16.17,33.88067626953125,34.01778030395508
reaction:4322,P(tBu)3,3,,15.0,34.695682525634766,34.18540954589844
reaction:4323,P(Ph)3,7,,23.92,31.385032653808594,33.96939468383789
reaction:4324,AmPhos,2,,16.41,32.64694595336914,34.04372787475586
reaction:4325,P(Cy)3,4,,18.72,35.82738494873047,34.070762634277344
reaction:4326,P(o-Tol)3,0,,17.59,28.488069534301758,34.0433235168457
reaction:4327,CataCXium A,3,,30.05,39.275665283203125,34.06150817871094
reaction:4328,SPhos,5,,17.76,35.4989128112793,34.05000686645508
reaction:4330,XPhos,3,,20.28,41.40053176879883,34.1462516784668
reaction:4334,P(tBu)3,5,,13.24,31.117280960083008,33.99864959716797
reaction:4335,P(Ph)3,0,,24.25,32.62909698486328,34.045467376708984
reaction:4336,AmPhos,4,,18.07,31.163959503173828,34.106143951416016
reaction:4337,P(Cy)3,3,,23.95,37.378334045410156,34.141746520996094
reaction:4338,P(o-Tol)3,2,,17.46,30.75038719177246,34.09989929199219
reaction:4339,CataCXium A,5,,20.28,38.966827392578125,34.003387451171875
reaction:4340,SPhos,6,,17.39,40.39691925048828,34.10319900512695
reaction:4342,XPhos,1,,15.9,40.88603210449219,34.201480865478516
reaction:4346,P(tBu)3,3,,15.37,33.49345397949219,34.18010711669922
reaction:4347,P(Ph)3,7,,20.73,31.788660049438477,34.03071594238281
reaction:4348,AmPhos,1,,16.14,31.680171966552734,34.17278289794922
reaction:4349,P(Cy)3,7,,21.08,34.23223114013672,34.042747497558594
reaction:4350,P(o-Tol)3,6,,16.32,26.29882049560547,34.11051559448242
reaction:4351,CataCXium A,5,,21.37,36.4582405090332,34.00461959838867
reaction:4352,SPhos,4,,15.13,35.763580322265625,34.10634994506836
reaction:4354,XPhos,3,,17.4,42.04349136352539,34.15474319458008
reaction:4358,P(tBu)3,6,,14.73,34.52477264404297,34.16508865356445
reaction:4359,P(Ph)3,5,,17.57,30.647357940673828,34.02467346191406
reaction:4360,AmPhos,5,,15.24,31.589143753051758,34.119110107421875
reaction:4361,P(Cy)3,3,,18.65,34.993896484375,34.16743087768555
reaction:4362,P(o-Tol)3,2,,18.25,28.134267807006836,34.0540657043457
reaction:4363,CataCXium A,2,,17.99,35.49123764038086,33.99453353881836
reaction:4364,SPhos,3,,15.93,40.54017639160156,34.15153884887695
reaction:4366,XPhos,3,,15.94,43.493038177490234,34.08441162109375
reaction:4370,P(tBu)3,7,,15.38,33.48487091064453,34.019508361816406
reaction:4371,P(Ph)3,4,,21.31,31.301279067993164,34.05885696411133
reaction:4372,AmPhos,0,,14.96,31.477703094482422,33.98267364501953
reaction:4373,P(Cy)3,3,,20.82,37.63636779785156,34.136695861816406
reaction:4374,P(o-Tol)3,5,,17.07,26.191781997680664,34.022212982177734
reaction:4375,CataCXium A,5,,18.0,39.355857849121094,34.02452850341797
reaction:4376,SPhos,3,,15.82,37.25711441040039,34.14250183105469
reaction:4378,XPhos,0,,17.56,36.74690246582031,34.044490814208984
reaction:4382,P(tBu)3,5,,13.11,37.210182189941406,34.06269073486328
reaction:4383,P(Ph)3,2,,17.1,33.78905487060547,34.02957534790039
reaction:4384,AmPhos,1,,15.47,30.723365783691406,34.19595718383789
reaction:4385,P(Cy)3,3,,16.8,39.7025146484375,34.154022216796875
reaction:4386,P(o-Tol)3,2,,15.12,29.684635162353516,34.096561431884766
reaction:4387,CataCXium A,7,,23.62,34.26223373413086,34.009090423583984
reaction:4388,SPhos,3,,15.91,39.01631164550781,34.16952133178711
reaction:4390,XPhos,5,,18.72,39.68211364746094,34.037601470947266
reaction:4394,P(tBu)3,6,,17.88,30.565555572509766,34.180076599121094
reaction:4395,P(Ph)3,0,,24.55,30.946195602416992,34.029380798339844
reaction:4396,AmPhos,7,,17.41,30.950403213500977,34.01946258544922
reaction:4397,P(Cy)3,5,,22.84,33.33935546875,34.00496292114258
reaction:4398,P(o-Tol)3,7,,16.99,25.641170501708984,33.96393966674805
reaction:4399,CataCXium A,7,,27.27,34.791229248046875,34.00928497314453
reaction:4400,SPhos,6,,19.81,33.37863540649414,34.12937545776367
reaction:4402,XPhos,1,,23.55,34.84891128540039,34.20486831665039
reaction:4406,P(tBu)3,3,,18.18,30.869915008544922,34.15409469604492
reaction:4407,P(Ph)3,2,,25.49,30.4388370513916,34.01423263549805
reaction:4408,AmPhos,5,,20.49,30.132566452026367,34.117435455322266
reaction:4409,P(Cy)3,7,,25.25,33.94791030883789,34.02692413330078
reaction:4410,P(o-Tol)3,1,,20.02,26.844030380249023,34.187374114990234
reaction:4411,CataCXium A,6,,27.52,34.867576599121094,34.079402923583984
reaction:4412,SPhos,6,,23.94,34.3726806640625,34.07589340209961
reaction:4414,XPhos,3,,23.22,37.540374755859375,34.13192367553711
reaction:4418,P(tBu)3,2,,16.07,28.60088539123535,34.05052185058594
reaction:4419,P(Ph)3,1,,18.38,30.02758026123047,34.20879364013672
reaction:4420,AmPhos,6,,15.57,27.131052017211914,34.11578369140625
reaction:4421,P(Cy)3,2,,18.48,26.329504013061523,33.945770263671875
reaction:4422,P(o-Tol)3,6,,14.48,26.168960571289062,34.0909538269043
reaction:4423,CataCXium A,5,,18.58,32.29436111450195,34.02284622192383
reaction:4424,SPhos,5,,15.35,30.234800338745117,34.06792068481445
reaction:4426,XPhos,6,,19.2,27.618209838867188,34.06793975830078
reaction:4430,P(tBu)3,3,,15.72,29.15583038330078,34.13424301147461
reaction:4431,P(Ph)3,1,,22.66,30.463115692138672,34.20588302612305
reaction:4432,AmPhos,3,,15.3,27.585365295410156,34.126705169677734
reaction:4433,P(Cy)3,0,,18.47,29.844871520996094,34.0095100402832
reaction:4434,P(o-Tol)3,1,,15.05,27.17462158203125,34.152793884277344
reaction:4435,CataCXium A,1,,17.23,28.524826049804688,34.19977569580078
reaction:4436,SPhos,5,,17.26,36.92753219604492,34.0811882019043
reaction:4438,XPhos,4,,16.94,40.19215393066406,34.21572494506836
reaction:4442,P(tBu)3,7,,15.78,25.75407600402832,34.01314163208008
reaction:4443,P(Ph)3,5,,18.87,29.8973331451416,34.064083099365234
reaction:4444,AmPhos,2,,16.46,27.830472946166992,34.06721115112305
reaction:4445,P(Cy)3,7,,18.4,28.74094009399414,33.984031677246094
reaction:4446,P(o-Tol)3,2,,14.87,26.46954345703125,34.02442169189453
reaction:4447,CataCXium A,1,,21.69,30.37185287475586,34.21638488769531
reaction:4448,SPhos,7,,15.27,31.87810516357422,34.02277374267578
reaction:4450,XPhos,4,,17.07,34.479347229003906,34.23167037963867
reaction:4454,P(tBu)3,2,,16.44,29.272598266601562,34.05341339111328
reaction:4455,P(Ph)3,2,,18.56,30.37253189086914,34.01314163208008
reaction:4456,AmPhos,5,,14.0,27.789947509765625,34.10114288330078
reaction:4457,P(Cy)3,4,,20.05,26.984230041503906,34.13323211669922
reaction:4458,P(o-Tol)3,5,,16.21,26.14114761352539,34.027130126953125
reaction:4459,CataCXium A,5,,16.67,29.926023483276367,34.050437927246094
reaction:4460,SPhos,7,,16.39,33.072940826416016,34.00567626953125
reaction:4462,XPhos,0,,16.01,33.695159912109375,34.091190338134766
reaction:4466,P(tBu)3,1,,16.18,24.343799591064453,34.19102478027344
reaction:4467,P(Ph)3,1,,20.35,30.851682662963867,34.204071044921875
reaction:4468,AmPhos,2,,14.9,27.41606330871582,34.079246520996094
reaction:4469,P(Cy)3,6,,16.96,29.230043411254883,34.08381652832031
reaction:4470,P(o-Tol)3,4,,15.58,26.67413330078125,34.17932891845703
reaction:4471,CataCXium A,2,,18.97,26.88649559020996,33.95647048950195
reaction:4472,SPhos,1,,17.13,31.223834991455078,34.17341613769531
reaction:4474,XPhos,0,,17.21,35.75774002075195,34.11801528930664
reaction:4478,P(tBu)3,6,,17.97,26.684879302978516,34.13349151611328
reaction:4479,P(Ph)3,5,,18.63,31.35480308532715,34.087852478027344
reaction:4480,AmPhos,1,,17.25,27.572174072265625,34.139286041259766
reaction:4481,P(Cy)3,1,,15.67,27.177640914916992,34.15409469604492
reaction:4482,P(o-Tol)3,3,,20.33,25.408472061157227,34.077545166015625
reaction:4483,CataCXium A,4,,23.83,27.465038299560547,34.069679260253906
reaction:4484,SPhos,4,,20.55,27.378517150878906,34.11979675292969
reaction:4486,XPhos,4,,21.74,31.111034393310547,34.234458923339844
reaction:4490,P(tBu)3,4,,16.38,23.66147804260254,34.11128616333008
reaction:4491,P(Ph)3,6,,24.48,31.023483276367188,34.103214263916016
reaction:4492,AmPhos,1,,15.65,27.28226661682129,34.15583038330078
reaction:4493,P(Cy)3,1,,15.08,32.52992630004883,34.19009780883789
reaction:4494,P(o-Tol)3,0,,17.56,25.92729377746582,34.02267074584961
reaction:4495,CataCXium A,0,,17.63,30.093063354492188,33.94899368286133
reaction:4496,SPhos,2,,20.91,33.38044738769531,34.02177429199219
reaction:4498,XPhos,0,,20.83,35.68285369873047,34.10939407348633
reaction:4502,P(tBu)3,2,,16.59,27.634498596191406,33.95981979370117
reaction:4503,P(Ph)3,3,,18.58,30.181278228759766,34.09502410888672
reaction:4504,AmPhos,2,,18.45,27.62680435180664,34.06867218017578
reaction:4505,P(Cy)3,0,,19.87,28.639751434326172,34.009525299072266
reaction:4506,P(o-Tol)3,4,,24.19,26.011032104492188,34.142601013183594
reaction:4507,CataCXium A,5,,20.3,31.901336669921875,34.046897888183594
reaction:4508,SPhos,3,,19.59,31.457975387573242,34.11893081665039
reaction:4510,XPhos,1,,17.96,31.281829833984375,34.13923263549805
reaction:4514,P(tBu)3,7,,20.81,28.615894317626953,34.044593811035156
reaction:4515,P(Ph)3,3,,19.75,31.528757095336914,34.16938018798828
reaction:4516,AmPhos,5,,18.21,29.212377548217773,34.11141586303711
reaction:4517,P(Cy)3,5,,15.9,29.430484771728516,34.015384674072266
reaction:4518,P(o-Tol)3,3,,16.42,28.771251678466797,34.11670684814453
reaction:4519,CataCXium A,6,,24.69,32.82381820678711,34.126380920410156
reaction:4520,SPhos,6,,20.73,34.79766082763672,34.09185791015625
reaction:4522,XPhos,2,,22.67,35.55835723876953,34.07944869995117
reaction:4526,P(tBu)3,0,,24.93,31.561691284179688,34.02399826049805
reaction:4527,P(Ph)3,6,,18.72,33.30691909790039,34.095584869384766
reaction:4528,AmPhos,0,,18.15,29.206003189086914,34.006046295166016
reaction:4529,P(Cy)3,1,,19.91,31.554054260253906,34.09436798095703
reaction:4530,P(o-Tol)3,1,,18.3,31.156709671020508,34.22705078125
reaction:4531,CataCXium A,6,,21.39,32.25094223022461,34.13405990600586
reaction:4532,SPhos,2,,49.99,39.16083526611328,34.0266227722168
reaction:4534,XPhos,5,,48.27,40.78959274291992,34.0447883605957
reaction:4538,P(tBu)3,3,,22.1,30.48937225341797,34.10969543457031
reaction:4539,P(Ph)3,7,,21.95,32.66215896606445,33.98484802246094
reaction:4540,AmPhos,7,,18.31,29.598339080810547,34.03110122680664
reaction:4541,P(Cy)3,6,,18.12,32.688358306884766,34.09812927246094
reaction:4542,P(o-Tol)3,7,,17.6,30.631366729736328,34.056739807128906
reaction:4543,CataCXium A,3,,22.0,31.775981903076172,34.09712219238281
reaction:4544,SPhos,4,,41.19,38.07036590576172,34.145233154296875
reaction:4546,XPhos,0,,47.01,40.827022552490234,34.04118728637695
reaction:4550,P(tBu)3,1,,21.35,29.347225189208984,34.14945983886719
reaction:4551,P(Ph)3,1,,17.63,32.14379119873047,34.17229080200195
reaction:4552,AmPhos,3,,15.26,27.44380760192871,34.06999588012695
reaction:4553,P(Cy)3,3,,16.98,30.968738555908203,34.03596878051758
reaction:4554,P(o-Tol)3,3,,15.16,30.310503005981445,34.14115524291992
reaction:4555,CataCXium A,5,,26.24,30.1247501373291,33.95015335083008
reaction:4556,SPhos,0,,41.97,37.49555206298828,33.977264404296875
reaction:4558,XPhos,1,,59.08,39.134307861328125,34.145381927490234
reaction:4562,P(tBu)3,2,,23.23,31.082191467285156,34.0527229309082
reaction:4563,P(Ph)3,6,,21.3,34.4760627746582,34.09449768066406
reaction:4564,AmPhos,5,,14.78,29.90139389038086,34.11821365356445
reaction:4565,P(Cy)3,2,,19.1,32.03187942504883,34.01739501953125
reaction:4566,P(o-Tol)3,7,,14.98,31.549558639526367,34.076656341552734
reaction:4567,CataCXium A,4,,7.73,31.47916030883789,34.08763122558594
reaction:4568,SPhos,5,,34.85,37.80421447753906,34.080894470214844
reaction:4570,XPhos,3,,38.14,38.68171310424805,34.1055908203125
reaction:4574,P(tBu)3,5,,18.97,31.471431732177734,34.00529098510742
reaction:4575,P(Ph)3,3,,38.79,32.52734375,34.16091537475586
reaction:4576,AmPhos,6,,16.74,28.589679718017578,34.13407897949219
reaction:4577,P(Cy)3,6,,17.02,31.26934814453125,34.12397766113281
reaction:4578,P(o-Tol)3,1,,18.27,29.10618782043457,34.199466705322266
reaction:4579,CataCXium A,3,,20.16,33.86011505126953,34.116554260253906
reaction:4580,SPhos,3,,21.06,35.50300216674805,34.10396957397461
reaction:4582,XPhos,5,,23.15,38.44822692871094,34.0849494934082
reaction:4586,P(tBu)3,7,,21.12,31.127424240112305,34.04006576538086
reaction:4587,P(Ph)3,2,,22.31,31.436479568481445,33.9663200378418
reaction:4588,AmPhos,7,,16.35,31.25210189819336,34.057151794433594
reaction:4589,P(Cy)3,4,,19.72,30.017032623291016,34.077919006347656
reaction:4590,P(o-Tol)3,5,,17.77,29.760608673095703,33.99985122680664
reaction:4591,CataCXium A,1,,26.28,31.320194244384766,34.17287826538086
reaction:4592,SPhos,5,,19.93,34.10041809082031,34.0548095703125
reaction:4594,XPhos,0,,29.03,37.468544006347656,34.05937957763672
reaction:4598,P(tBu)3,2,,19.82,32.633567810058594,34.033329010009766
reaction:4599,P(Ph)3,3,,19.28,34.706626892089844,34.18892288208008
reaction:4600,AmPhos,6,,18.14,29.201547622680664,34.10820388793945
reaction:4601,P(Cy)3,2,,21.39,31.042123794555664,34.03012466430664
reaction:4602,P(o-Tol)3,7,,17.83,30.827899932861328,34.059322357177734
reaction:4603,CataCXium A,0,,20.89,31.561328887939453,33.98966598510742
reaction:4604,SPhos,4,,48.66,38.271419525146484,34.123451232910156
reaction:4606,XPhos,4,,43.45,38.73883056640625,34.184234619140625
