row_id,ligand,fold,reference_group,y_true,y_pred,y_std
reaction:1,P(tBu)3,5,,4.76,2.680408477783203,15.796384811401367
reaction:2,P(Ph)3,2,,4.12,4.813266754150391,15.325854301452637
reaction:3,AmPhos,6,,2.58,5.158782958984375,14.145370483398438
reaction:4,P(Cy)3,2,,4.44,9.168075561523438,14.393778800964355
reaction:5,P(o-Tol)3,4,,1.95,2.191608428955078,13.883474349975586
reaction:6,CataCXium A,0,,3.25,6.8660125732421875,13.580702781677246
reaction:7,SPhos,7,,86.26,76.07421112060547,14.374197006225586
reaction:9,XPhos,6,,93.67,98.9523696899414,14.737517356872559
reaction:13,P(tBu)3,5,,3.16,7.462944030761719,15.521419525146484
reaction:14,P(Ph)3,5,,4.75,5.622154235839844,14.301179885864258
reaction:15,AmPhos,2,,2.46,4.140766143798828,15.325091361999512
reaction:16,P(Cy)3,5,,5.27,5.850215911865234,15.691230773925781
reaction:17,P(o-Tol)3,6,,1.96,-0.40380859375,14.55135440826416
reaction:18,CataCXium A,6,,3.35,2.9603195190429688,13.914759635925293
reaction:19,SPhos,2,,69.22,71.10679626464844,14.346261978149414
reaction:21,XPhos,1,,83.19,77.1960220336914,14.711430549621582
reaction:25,P(tBu)3,7,,1.79,8.006214141845703,16.79853057861328
reaction:26,P(Ph)3,2,,4.36,3.3888092041015625,16.017562866210938
reaction:27,AmPhos,7,,2.71,6.415992736816406,16.236881256103516
reaction:28,P(Cy)3,6,,6.49,13.477973937988281,15.150895118713379
reaction:29,P(o-Tol)3,6,,2.1,0.33895111083984375,15.737221717834473
reaction:30,CataCXium A,2,,3.32,4.813629150390625,15.049306869506836
reaction:31,SPhos,7,,68.44,64.78460693359375,15.525307655334473
reaction:33,XPhos,5,,73.02,80.49453735351562,16.418081283569336
reaction:37,P(tBu)3,6,,3.0,4.329837799072266,14.918658256530762
reaction:38,P(Ph)3,4,,4.73,3.2237777709960938,14.443962097167969
reaction:39,AmPhos,3,,2.58,3.5853614807128906,15.81643295288086
reaction:40,P(Cy)3,4,,5.83,-3.096904754638672,14.509519577026367
reaction:41,P(o-Tol)3,1,,1.88,0.4936943054199219,14.037405014038086
reaction:42,CataCXium A,4,,3.69,0.61956787109375,14.10267162322998
reaction:43,SPhos,5,,53.34,57.97489929199219,15.401089668273926
reaction:45,XPhos,4,,60.67,67.55276489257812,14.404719352722168
reaction:49,P(tBu)3,1,,5.6,6.1337890625,15.170526504516602
reaction:50,P(Ph)3,2,,4.82,4.259799957275391,15.12584400177002
reaction:51,AmPhos,0,,2.49,2.8929710388183594,15.113300323486328
reaction:52,P(Cy)3,3,,6.46,7.348701477050781,14.557616233825684
reaction:53,P(o-Tol)3,2,,2.06,1.9299774169921875,14.032444953918457
reaction:54,CataCXium A,5,,3.22,6.081855773925781,13.860304832458496
reaction:55,SPhos,1,,78.42,77.50320434570312,13.503462791442871
reaction:57,XPhos,2,,92.22,90.69206237792969,15.458074569702148
reaction:61,P(tBu)3,7,,7.08,11.339221954345703,15.801684379577637
reaction:62,P(Ph)3,3,,5.45,5.301486968994141,14.2163667678833
reaction:63,AmPhos,5,,1.99,4.5607147216796875,15.283455848693848
reaction:64,P(Cy)3,0,,6.08,10.761951446533203,14.274065017700195
reaction:65,P(o-Tol)3,6,,2.45,1.562774658203125,14.624530792236328
reaction:66,CataCXium A,5,,3.57,5.781158447265625,13.978164672851562
reaction:67,SPhos,4,,85.77,78.39236450195312,12.886568069458008
reaction:69,XPhos,7,,92.83,89.98947143554688,14.786916732788086
reaction:73,P(tBu)3,0,,7.82,8.791786193847656,15.408610343933105
reaction:74,P(Ph)3,5,,6.14,5.408721923828125,14.317389488220215
reaction:75,AmPhos,2,,2.13,3.703113555908203,15.350829124450684
reaction:76,P(Cy)3,7,,5.05,12.36520767211914,14.402164459228516
reaction:77,P(o-Tol)3,6,,1.98,0.3559608459472656,14.626361846923828
reaction:78,CataCXium A,7,,4.47,8.446273803710938,13.81821346282959
reaction:79,SPhos,0,,78.96,77.08740234375,13.876944541931152
reaction:81,XPhos,0,,90.3,86.00910949707031,15.298394203186035
reaction:85,P(tBu)3,2,,9.76,12.640380859375,15.49079418182373
reaction:86,P(Ph)3,6,,4.15,4.738941192626953,15.806991577148438
reaction:87,AmPhos,1,,1.53,9.229461669921875,15.479130744934082
reaction:88,P(Cy)3,7,,5.8,7.4405059814453125,15.147029876708984
reaction:89,P(o-Tol)3,3,,2.65,-0.33329010009765625,14.738505363464355
reaction:90,CataCXium A,7,,4.43,9.990345001220703,14.665311813354492
reaction:91,SPhos,2,,66.8,69.63987731933594,15.274898529052734
reaction:93,XPhos,5,,78.23,78.10920715332031,16.1091251373291
reaction:97,P(tBu)3,7,,33.79,52.37858200073242,16.204452514648438
reaction:98,P(Ph)3,3,,8.08,11.898704528808594,14.676885604858398
reaction:99,AmPhos,7,,61.2,46.867061614990234,16.19818115234375
reaction:100,P(Cy)3,1,,69.94,70.56341552734375,14.929369926452637
reaction:101,P(o-Tol)3,2,,7.2,8.19167709350586,13.957436561584473
reaction:102,CataCXium A,3,,79.47,65.86283874511719,14.18161678314209
reaction:103,SPhos,2,,87.06,90.15911865234375,14.043563842773438
reaction:105,XPhos,4,,88.97,86.69329833984375,15.656301498413086
reaction:109,P(tBu)3,4,,66.74,53.90289306640625,15.741287231445312
reaction:110,P(Ph)3,1,,8.11,12.475303649902344,14.792957305908203
reaction:111,AmPhos,5,,57.48,49.184879302978516,16.241432189941406
reaction:112,P(Cy)3,1,,61.89,70.96054077148438,14.70407772064209
reaction:113,P(o-Tol)3,0,,2.23,11.368160247802734,13.977335929870605
reaction:114,CataCXium A,0,,70.45,63.57427215576172,13.989022254943848
reaction:115,SPhos,4,,79.85,72.2101058959961,14.441607475280762
reaction:117,XPhos,1,,80.77,68.5390853881836,15.421255111694336
reaction:121,P(tBu)3,5,,39.17,40.11714172363281,16.483205795288086
reaction:122,P(Ph)3,1,,7.24,9.80899429321289,15.918099403381348
reaction:123,AmPhos,2,,44.98,46.65837478637695,16.323945999145508
reaction:124,P(Cy)3,4,,50.95,64.70220184326172,15.598573684692383
reaction:125,P(o-Tol)3,3,,2.23,4.211997985839844,14.855716705322266
reaction:126,CataCXium A,7,,61.29,52.698516845703125,15.49202823638916
reaction:127,SPhos,7,,60.83,57.57535171508789,15.4286527633667
reaction:129,XPhos,4,,53.52,62.40459060668945,16.27273941040039
reaction:133,P(tBu)3,2,,41.23,46.740848541259766,16.6119441986084
reaction:134,P(Ph)3,5,,6.66,7.043815612792969,15.030354499816895
reaction:135,AmPhos,3,,33.02,47.5849609375,15.605175971984863
reaction:136,P(Cy)3,1,,50.06,54.921051025390625,15.182886123657227
reaction:137,P(o-Tol)3,6,,2.68,-0.33220672607421875,14.53882122039795
reaction:138,CataCXium A,4,,55.85,57.14583969116211,15.121759414672852
reaction:139,SPhos,0,,47.94,59.25309371948242,14.391081809997559
reaction:141,XPhos,1,,52.33,56.68193817138672,15.80218505859375
reaction:145,P(tBu)3,4,,48.56,51.77790069580078,15.608678817749023
reaction:146,P(Ph)3,6,,7.77,6.277385711669922,14.404297828674316
reaction:147,AmPhos,5,,42.73,46.78438949584961,16.15448760986328
reaction:148,P(Cy)3,7,,55.08,65.6949234008789,14.618687629699707
reaction:149,P(o-Tol)3,3,,3.03,2.6817665100097656,13.708324432373047
reaction:150,CataCXium A,7,,62.33,61.847900390625,13.962735176086426
reaction:151,SPhos,7,,73.31,75.74778747558594,14.010139465332031
reaction:153,XPhos,1,,72.0,77.74476623535156,15.311159133911133
reaction:157,P(tBu)3,5,,66.16,54.13315963745117,15.68934440612793
reaction:158,P(Ph)3,1,,9.92,10.869514465332031,14.784856796264648
reaction:159,AmPhos,6,,58.51,47.50362014770508,15.358824729919434
reaction:160,P(Cy)3,3,,78.15,57.54932403564453,14.81022834777832
reaction:161,P(o-Tol)3,6,,5.12,8.356224060058594,14.085741996765137
reaction:162,CataCXium A,4,,62.02,66.83673095703125,14.506864547729492
reaction:163,SPhos,6,,85.95,85.58738708496094,13.634806632995605
reaction:165,XPhos,0,,85.21,83.579833984375,15.08647632598877
reaction:169,P(tBu)3,2,,68.72,57.019683837890625,16.28391456604004
reaction:170,P(Ph)3,4,,10.16,15.966304779052734,15.077926635742188
reaction:171,AmPhos,1,,48.8,47.82270812988281,15.128303527832031
reaction:172,P(Cy)3,6,,82.65,62.89501953125,14.383891105651855
reaction:173,P(o-Tol)3,0,,5.97,12.733261108398438,13.997812271118164
reaction:174,CataCXium A,7,,80.74,67.08769989013672,13.979375839233398
reaction:175,SPhos,4,,87.82,87.87258911132812,14.492416381835938
reaction:177,XPhos,6,,88.93,86.14837646484375,14.80561637878418
reaction:181,P(tBu)3,3,,67.57,56.63182067871094,16.86005973815918
reaction:182,P(Ph)3,4,,9.44,17.001054763793945,15.65429973602295
reaction:183,AmPhos,5,,64.56,49.21574783325195,16.78721809387207
reaction:184,P(Cy)3,2,,73.97,71.69662475585938,15.481644630432129
reaction:185,P(o-Tol)3,7,,4.81,17.32158851623535,14.558990478515625
reaction:186,CataCXium A,2,,83.62,70.11186981201172,14.805648803710938
reaction:187,SPhos,1,,89.17,85.90682983398438,14.664695739746094
reaction:189,XPhos,2,,91.35,80.22000122070312,15.906036376953125
reaction:193,P(tBu)3,3,,17.33,17.671419143676758,15.654780387878418
reaction:194,P(Ph)3,2,,6.27,4.944698333740234,14.668782234191895
reaction:195,AmPhos,5,,5.34,10.198715209960938,15.186285972595215
reaction:196,P(Cy)3,4,,12.74,19.308717727661133,14.801371574401855
reaction:197,P(o-Tol)3,0,,5.37,2.9011077880859375,14.388193130493164
reaction:198,CataCXium A,4,,8.6,12.687522888183594,13.746073722839355
reaction:199,SPhos,5,,77.85,78.30164337158203,14.370942115783691
reaction:201,XPhos,2,,88.28,77.73954010009766,15.488605499267578
reaction:205,P(tBu)3,7,,3.5,14.504451751708984,15.847240447998047
reaction:206,P(Ph)3,7,,6.84,5.868206024169922,14.399984359741211
reaction:207,AmPhos,7,,2.54,4.736621856689453,15.438948631286621
reaction:208,P(Cy)3,4,,10.59,9.148994445800781,14.435800552368164
reaction:209,P(o-Tol)3,4,,1.19,-0.5681037902832031,13.465231895446777
reaction:210,CataCXium A,0,,7.85,8.87331771850586,13.192352294921875
reaction:211,SPhos,0,,42.13,64.11271667480469,13.900595664978027
reaction:213,XPhos,0,,37.01,67.07435607910156,15.65471076965332
reaction:217,P(tBu)3,7,,1.22,10.525272369384766,16.84690284729004
reaction:218,P(Ph)3,0,,6.24,8.696075439453125,15.276619911193848
reaction:219,AmPhos,3,,4.25,4.787410736083984,17.199853897094727
reaction:220,P(Cy)3,3,,42.54,16.41034507751465,15.828453063964844
reaction:221,P(o-Tol)3,7,,1.05,0.637969970703125,15.354354858398438
reaction:222,CataCXium A,3,,12.89,14.003620147705078,14.693361282348633
reaction:223,SPhos,7,,63.88,66.93574523925781,15.185725212097168
reaction:225,XPhos,5,,60.88,66.460205078125,15.897305488586426
reaction:229,P(tBu)3,5,,3.69,11.234149932861328,16.115814208984375
reaction:230,P(Ph)3,5,,5.3,5.732154846191406,15.189291000366211
reaction:231,AmPhos,3,,5.08,4.984996795654297,17.034053802490234
reaction:232,P(Cy)3,3,,6.97,6.9052886962890625,15.478830337524414
reaction:233,P(o-Tol)3,1,,0.99,2.1469879150390625,14.06501579284668
reaction:234,CataCXium A,5,,11.91,7.162319183349609,14.11414623260498
reaction:235,SPhos,1,,39.83,46.42229080200195,14.120849609375
reaction:237,XPhos,6,,39.49,48.09934616088867,14.430864334106445
reaction:241,P(tBu)3,0,,13.55,6.743747711181641,15.886526107788086
reaction:242,P(Ph)3,2,,4.36,5.867652893066406,14.3267822265625
reaction:243,AmPhos,3,,3.3,5.370479583740234,16.70443344116211
reaction:244,P(Cy)3,3,,7.47,12.3968505859375,14.970870971679688
reaction:245,P(o-Tol)3,7,,3.54,2.050312042236328,13.754669189453125
reaction:246,CataCXium A,1,,10.67,8.31784439086914,13.322943687438965
reaction:247,SPhos,7,,62.77,63.07592010498047,13.5518798828125
reaction:249,XPhos,0,,79.14,60.10367965698242,15.53943920135498
reaction:253,P(tBu)3,0,,23.07,11.902313232421875,16.011600494384766
reaction:254,P(Ph)3,7,,7.07,4.52947998046875,14.428513526916504
reaction:255,AmPhos,4,,4.12,7.0228424072265625,15.065211296081543
reaction:256,P(Cy)3,0,,6.71,15.194877624511719,14.24179744720459
reaction:257,P(o-Tol)3,0,,2.67,0.7068099975585938,14.074426651000977
reaction:258,CataCXium A,1,,6.27,9.156871795654297,13.529589653015137
reaction:259,SPhos,6,,71.54,52.83739471435547,13.348291397094727
reaction:261,XPhos,3,,61.47,59.922462463378906,14.340707778930664
reaction:265,P(tBu)3,0,,17.9,12.08096694946289,16.019893646240234
reaction:266,P(Ph)3,4,,4.61,5.568477630615234,14.146225929260254
reaction:267,AmPhos,3,,4.6,4.300052642822266,16.74723243713379
reaction:268,P(Cy)3,7,,7.56,16.43943977355957,13.928093910217285
reaction:269,P(o-Tol)3,5,,2.56,1.6857185363769531,14.611946105957031
reaction:270,CataCXium A,3,,6.26,12.351551055908203,13.685494422912598
reaction:271,SPhos,4,,72.84,54.51460266113281,13.55079174041748
reaction:273,XPhos,2,,67.48,63.71430969238281,15.403711318969727
reaction:277,P(tBu)3,1,,19.08,16.593732833862305,15.817886352539062
reaction:278,P(Ph)3,6,,4.88,4.510547637939453,14.883440971374512
reaction:279,AmPhos,4,,5.43,9.216995239257812,15.85426139831543
reaction:280,P(Cy)3,4,,7.06,10.732227325439453,15.226935386657715
reaction:281,P(o-Tol)3,3,,1.22,2.1147994995117188,15.00607681274414
reaction:282,CataCXium A,5,,8.89,10.803470611572266,14.445125579833984
reaction:283,SPhos,2,,49.12,47.72360610961914,14.963949203491211
reaction:285,XPhos,0,,43.52,53.159671783447266,16.195011138916016
reaction:289,P(tBu)3,0,,33.37,23.487546920776367,16.968658447265625
reaction:290,P(Ph)3,0,,15.35,19.698226928710938,15.79893970489502
reaction:291,AmPhos,7,,30.96,24.860492706298828,16.42976951599121
reaction:292,P(Cy)3,7,,32.72,24.78493881225586,15.543782234191895
reaction:293,P(o-Tol)3,0,,34.24,16.66500473022461,14.999517440795898
reaction:294,CataCXium A,2,,14.91,37.66258239746094,14.550952911376953
reaction:295,SPhos,5,,43.3,32.44077682495117,15.172078132629395
reaction:297,XPhos,3,,37.65,50.05638885498047,15.698290824890137
reaction:301,P(tBu)3,1,,27.3,18.518505096435547,15.979034423828125
reaction:302,P(Ph)3,1,,37.47,16.948354721069336,14.854767799377441
reaction:303,AmPhos,3,,13.08,21.247087478637695,16.091711044311523
reaction:304,P(Cy)3,2,,27.89,25.390453338623047,14.905461311340332
reaction:305,P(o-Tol)3,5,,14.4,23.391948699951172,14.761539459228516
reaction:306,CataCXium A,0,,25.15,25.13734245300293,14.51108169555664
reaction:307,SPhos,5,,16.51,21.190214157104492,14.854973793029785
reaction:309,XPhos,2,,30.98,26.901796340942383,15.431670188903809
reaction:313,P(tBu)3,3,,28.45,23.81537628173828,17.06256675720215
reaction:314,P(Ph)3,1,,13.64,22.92424964904785,15.972305297851562
reaction:315,AmPhos,3,,31.82,23.456010818481445,16.797073364257812
reaction:316,P(Cy)3,6,,30.94,26.248306274414062,15.886078834533691
reaction:317,P(o-Tol)3,7,,31.98,20.48855209350586,15.28084945678711
reaction:318,CataCXium A,2,,28.13,31.74029541015625,15.541420936584473
reaction:319,SPhos,2,,18.42,23.009225845336914,15.322072982788086
reaction:321,XPhos,5,,35.0,17.90376091003418,16.60038948059082
reaction:325,P(tBu)3,7,,26.85,16.574708938598633,16.66812515258789
reaction:326,P(Ph)3,3,,15.5,16.914112091064453,15.068245887756348
reaction:327,AmPhos,2,,12.57,20.994882583618164,16.230627059936523
reaction:328,P(Cy)3,7,,14.4,22.631912231445312,15.934969902038574
reaction:329,P(o-Tol)3,1,,13.04,18.483957290649414,15.384745597839355
reaction:330,CataCXium A,7,,15.23,23.58062171936035,15.17415714263916
reaction:331,SPhos,2,,22.25,17.800521850585938,14.48034954071045
reaction:333,XPhos,1,,22.24,34.4869270324707,14.635120391845703
reaction:337,P(tBu)3,0,,14.91,21.662723541259766,16.602603912353516
reaction:338,P(Ph)3,4,,18.37,22.146467208862305,15.105878829956055
reaction:339,AmPhos,6,,22.52,18.36248016357422,15.772076606750488
reaction:340,P(Cy)3,4,,39.31,22.819108963012695,14.993544578552246
reaction:341,P(o-Tol)3,1,,18.24,21.800670623779297,14.86298942565918
reaction:342,CataCXium A,0,,30.77,26.247804641723633,14.423946380615234
reaction:343,SPhos,0,,19.02,33.9622802734375,13.8550443649292
reaction:345,XPhos,6,,40.25,43.384376525878906,15.355687141418457
reaction:349,P(tBu)3,6,,12.85,22.052066802978516,15.526701927185059
reaction:350,P(Ph)3,7,,22.93,12.956050872802734,14.923918724060059
reaction:351,AmPhos,5,,12.79,20.559431076049805,15.755097389221191
reaction:352,P(Cy)3,5,,13.31,23.85756492614746,15.871227264404297
reaction:353,P(o-Tol)3,1,,11.64,18.135515213012695,14.983474731445312
reaction:354,CataCXium A,2,,13.56,24.084659576416016,14.416449546813965
reaction:355,SPhos,6,,16.83,32.44932174682617,14.265929222106934
reaction:357,XPhos,6,,27.33,48.231815338134766,15.614625930786133
reaction:361,P(tBu)3,2,,12.62,19.840871810913086,15.601408004760742
reaction:362,P(Ph)3,4,,17.43,23.963706970214844,15.184365272521973
reaction:363,AmPhos,4,,13.35,18.28124237060547,15.952548027038574
reaction:364,P(Cy)3,5,,27.89,27.586219787597656,15.889546394348145
reaction:365,P(o-Tol)3,5,,14.65,17.5987606048584,14.750509262084961
reaction:366,CataCXium A,3,,31.02,20.18765640258789,14.188888549804688
reaction:367,SPhos,4,,18.02,20.83225440979004,13.949275016784668
reaction:369,XPhos,5,,32.86,19.344478607177734,15.769433975219727
reaction:373,P(tBu)3,0,,13.88,20.269512176513672,17.150188446044922
reaction:374,P(Ph)3,0,,14.7,25.07038116455078,15.981125831604004
reaction:375,AmPhos,0,,32.25,16.932918548583984,16.569467544555664
reaction:376,P(Cy)3,5,,17.65,29.789520263671875,16.441598892211914
reaction:377,P(o-Tol)3,1,,16.99,25.64645004272461,15.639659881591797
reaction:378,CataCXium A,3,,41.59,18.106843948364258,14.91928482055664
reaction:379,SPhos,0,,21.47,21.273283004760742,14.822919845581055
reaction:381,XPhos,5,,37.87,16.188060760498047,16.309167861938477
reaction:385,P(tBu)3,6,,79.31,90.17505645751953,14.78336238861084
reaction:386,P(Ph)3,0,,85.43,87.04689025878906,14.073236465454102
reaction:387,AmPhos,1,,86.82,89.52342987060547,14.795178413391113
reaction:388,P(Cy)3,3,,75.98,84.69306945800781,13.956084251403809
reaction:389,P(o-Tol)3,2,,41.8,42.862762451171875,13.605730056762695
reaction:390,CataCXium A,0,,96.38,96.30455017089844,13.636188507080078
reaction:391,SPhos,1,,92.63,78.37873840332031,14.036856651306152
reaction:393,XPhos,1,,90.21,65.4385986328125,14.747753143310547
reaction:397,P(tBu)3,1,,93.3,80.40123748779297,14.470983505249023
reaction:398,P(Ph)3,3,,90.89,79.21290588378906,14.345547676086426
reaction:399,AmPhos,3,,93.44,81.394287109375,14.460168838500977
reaction:400,P(Cy)3,0,,86.13,74.91487121582031,13.774978637695312
reaction:401,P(o-Tol)3,1,,28.22,41.90469741821289,14.13027286529541
reaction:402,CataCXium A,0,,93.94,85.69842529296875,13.39525032043457
reaction:403,SPhos,0,,71.11,67.3681640625,13.390090942382812
reaction:405,XPhos,7,,56.96,60.207054138183594,13.549734115600586
reaction:409,P(tBu)3,2,,76.51,53.23421096801758,15.109698295593262
reaction:410,P(Ph)3,6,,68.5,76.87584686279297,14.744017601013184
reaction:411,AmPhos,0,,83.6,85.2686767578125,15.176153182983398
reaction:412,P(Cy)3,0,,71.0,68.79989624023438,14.688288688659668
reaction:413,P(o-Tol)3,7,,39.98,41.78186798095703,15.094054222106934
reaction:414,CataCXium A,5,,84.02,80.61080932617188,14.139886856079102
reaction:415,SPhos,3,,46.81,65.89419555664062,14.477256774902344
reaction:417,XPhos,6,,46.08,51.26288604736328,15.383045196533203
reaction:421,P(tBu)3,6,,67.14,73.54374694824219,15.0007905960083
reaction:422,P(Ph)3,7,,62.56,74.49310302734375,14.039708137512207
reaction:423,AmPhos,1,,77.71,78.83397674560547,14.958733558654785
reaction:424,P(Cy)3,6,,48.17,55.450992584228516,14.722122192382812
reaction:425,P(o-Tol)3,2,,30.4,24.946666717529297,14.028782844543457
reaction:426,CataCXium A,5,,82.69,70.77001190185547,13.621198654174805
reaction:427,SPhos,6,,36.08,51.3948974609375,14.284161567687988
reaction:429,XPhos,4,,34.03,48.598148345947266,14.33435344696045
reaction:433,P(tBu)3,3,,78.75,81.93116760253906,14.253666877746582
reaction:434,P(Ph)3,1,,76.72,82.54288482666016,13.450108528137207
reaction:435,AmPhos,5,,87.47,87.7699203491211,14.315447807312012
reaction:436,P(Cy)3,4,,63.2,81.35205078125,13.102056503295898
reaction:437,P(o-Tol)3,7,,40.06,40.93410110473633,13.935942649841309
reaction:438,CataCXium A,2,,95.57,90.63059997558594,13.61884880065918
reaction:439,SPhos,3,,71.71,81.17405700683594,13.521332740783691
reaction:441,XPhos,7,,74.15,67.50189971923828,13.511625289916992
reaction:445,P(tBu)3,0,,90.99,95.11189270019531,14.025826454162598
reaction:446,P(Ph)3,3,,96.76,80.15971374511719,14.42570972442627
reaction:447,AmPhos,2,,91.93,88.69168090820312,13.950117111206055
reaction:448,P(Cy)3,6,,87.49,88.72285461425781,14.326382637023926
reaction:449,P(o-Tol)3,7,,34.73,48.217769622802734,13.957459449768066
reaction:450,CataCXium A,4,,95.88,96.29322814941406,12.847872734069824
reaction:451,SPhos,4,,92.53,80.85757446289062,13.252957344055176
reaction:453,XPhos,6,,75.54,69.4272232055664,14.185189247131348
reaction:457,P(tBu)3,7,,91.95,93.52043151855469,13.939120292663574
reaction:458,P(Ph)3,4,,88.9,81.03681182861328,13.15659236907959
reaction:459,AmPhos,4,,91.32,85.36260223388672,14.189611434936523
reaction:460,P(Cy)3,7,,90.6,76.04207611083984,13.461224555969238
reaction:461,P(o-Tol)3,0,,25.72,44.623779296875,13.568344116210938
reaction:462,CataCXium A,5,,96.05,93.40888977050781,13.107893943786621
reaction:463,SPhos,7,,81.16,70.7515869140625,13.555717468261719
reaction:465,XPhos,6,,64.3,61.214263916015625,14.190011024475098
reaction:469,P(tBu)3,6,,91.09,90.8135986328125,15.232199668884277
reaction:470,P(Ph)3,5,,83.34,77.60553741455078,13.803522109985352
reaction:471,AmPhos,3,,90.34,81.002685546875,15.243634223937988
reaction:472,P(Cy)3,6,,67.73,66.60587310791016,15.247796058654785
reaction:473,P(o-Tol)3,0,,21.43,40.74203872680664,14.433367729187012
reaction:474,CataCXium A,0,,91.81,85.6380615234375,14.156952857971191
reaction:475,SPhos,2,,61.6,56.05852127075195,13.82791519165039
reaction:477,XPhos,3,,42.69,49.239601135253906,14.893536567687988
reaction:481,P(tBu)3,1,,87.82,85.03501892089844,14.385927200317383
reaction:482,P(Ph)3,4,,90.21,94.2555160522461,13.883463859558105
reaction:483,AmPhos,2,,86.25,92.5733642578125,14.745655059814453
reaction:484,P(Cy)3,2,,78.26,73.03819274902344,14.119522094726562
reaction:485,P(o-Tol)3,1,,70.18,60.328369140625,14.80068302154541
reaction:486,CataCXium A,3,,96.57,98.28924560546875,14.067152976989746
reaction:487,SPhos,2,,72.44,77.6943130493164,13.488631248474121
reaction:489,XPhos,4,,71.64,63.12175750732422,14.227210998535156
reaction:493,P(tBu)3,2,,93.99,88.76445007324219,14.175885200500488
reaction:494,P(Ph)3,6,,95.93,92.56527709960938,14.114681243896484
reaction:495,AmPhos,1,,91.69,84.25575256347656,13.790539741516113
reaction:496,P(Cy)3,4,,74.19,72.50779724121094,13.990157127380371
reaction:497,P(o-Tol)3,3,,56.2,59.78572082519531,13.94180965423584
reaction:498,CataCXium A,3,,96.89,95.07856750488281,13.65872573852539
reaction:499,SPhos,1,,67.2,54.28013610839844,14.236958503723145
reaction:501,XPhos,1,,48.37,40.97860336303711,14.638407707214355
reaction:505,P(tBu)3,2,,72.82,60.40453338623047,15.323107719421387
reaction:506,P(Ph)3,6,,75.08,76.08975219726562,15.573467254638672
reaction:507,AmPhos,2,,74.79,74.37236785888672,15.596026420593262
reaction:508,P(Cy)3,6,,55.51,53.28125,15.351615905761719
reaction:509,P(o-Tol)3,2,,51.71,45.3922233581543,15.153141021728516
reaction:510,CataCXium A,2,,75.62,79.20204162597656,14.471847534179688
reaction:511,SPhos,1,,32.56,31.64055633544922,15.497114181518555
reaction:513,XPhos,2,,19.33,31.00919532775879,15.010997772216797
reaction:517,P(tBu)3,3,,60.2,66.54144287109375,14.95859146118164
reaction:518,P(Ph)3,1,,70.78,69.78458404541016,14.602416038513184
reaction:519,AmPhos,7,,70.16,70.11331939697266,14.86506175994873
reaction:520,P(Cy)3,4,,34.61,49.05796432495117,14.642643928527832
reaction:521,P(o-Tol)3,2,,34.54,38.85578918457031,14.61253833770752
reaction:522,CataCXium A,0,,79.66,73.6883544921875,13.608599662780762
reaction:523,SPhos,4,,34.88,38.117706298828125,14.441454887390137
reaction:525,XPhos,4,,24.48,30.63003921508789,14.431148529052734
reaction:529,P(tBu)3,2,,66.68,76.90299224853516,14.140392303466797
reaction:530,P(Ph)3,3,,73.8,80.51222229003906,13.985343933105469
reaction:531,AmPhos,2,,75.63,81.40206909179688,14.511433601379395
reaction:532,P(Cy)3,5,,44.1,61.03668975830078,13.64022445678711
reaction:533,P(o-Tol)3,2,,52.45,50.377525329589844,13.94045639038086
reaction:534,CataCXium A,1,,87.88,80.92454528808594,13.708741188049316
reaction:535,SPhos,1,,51.15,52.58167266845703,14.197585105895996
reaction:537,XPhos,1,,50.12,46.920528411865234,14.578435897827148
reaction:541,P(tBu)3,0,,92.77,92.04668426513672,13.781221389770508
reaction:542,P(Ph)3,5,,87.78,94.06733703613281,13.343426704406738
reaction:543,AmPhos,3,,89.22,88.92654418945312,14.15682315826416
reaction:544,P(Cy)3,5,,73.6,73.40763092041016,13.82685661315918
reaction:545,P(o-Tol)3,1,,73.33,56.228843688964844,14.499709129333496
reaction:546,CataCXium A,1,,97.29,92.46880340576172,14.103915214538574
reaction:547,SPhos,5,,68.32,69.73484802246094,13.467656135559082
reaction:549,XPhos,2,,45.58,62.693580627441406,14.036505699157715
reaction:553,P(tBu)3,0,,94.67,88.6015853881836,13.848520278930664
reaction:554,P(Ph)3,6,,94.88,87.22168731689453,14.349893569946289
reaction:555,AmPhos,2,,91.88,84.75279235839844,14.599430084228516
reaction:556,P(Cy)3,1,,80.43,74.94540405273438,14.72169017791748
reaction:557,P(o-Tol)3,7,,41.28,67.59296417236328,13.653393745422363
reaction:558,CataCXium A,6,,97.83,95.16862487792969,13.795941352844238
reaction:559,SPhos,0,,70.45,73.38290405273438,13.239219665527344
reaction:561,XPhos,1,,60.95,59.1009521484375,14.610482215881348
reaction:565,P(tBu)3,1,,92.98,91.32359313964844,14.899680137634277
reaction:566,P(Ph)3,2,,95.48,94.93827819824219,14.877623558044434
reaction:567,AmPhos,4,,92.22,90.23408508300781,14.851679801940918
reaction:568,P(Cy)3,4,,81.47,73.140380859375,14.837026596069336
reaction:569,P(o-Tol)3,1,,65.14,57.088951110839844,15.320821762084961
reaction:570,CataCXium A,0,,97.86,98.10557556152344,14.053009986877441
reaction:571,SPhos,4,,61.39,68.26895141601562,14.567755699157715
reaction:573,XPhos,0,,63.04,49.55126190185547,14.41895866394043
reaction:577,P(tBu)3,1,,72.57,61.88470458984375,14.722031593322754
reaction:578,P(Ph)3,0,,75.94,81.35293579101562,13.7255220413208
reaction:579,AmPhos,4,,66.37,56.91990280151367,14.504716873168945
reaction:580,P(Cy)3,7,,55.56,58.2551383972168,13.712128639221191
reaction:581,P(o-Tol)3,0,,17.1,32.73427963256836,14.043242454528809
reaction:582,CataCXium A,5,,81.09,70.571533203125,13.224662780761719
reaction:583,SPhos,0,,59.55,54.50164794921875,13.738564491271973
reaction:585,XPhos,6,,26.44,48.050254821777344,13.936968803405762
reaction:589,P(tBu)3,1,,13.2,32.14019012451172,14.455549240112305
reaction:590,P(Ph)3,4,,84.39,72.67939758300781,13.459961891174316
reaction:591,AmPhos,7,,29.98,51.80223846435547,14.233916282653809
reaction:592,P(Cy)3,6,,37.34,48.882686614990234,14.152113914489746
reaction:593,P(o-Tol)3,3,,11.56,5.965156555175781,13.834230422973633
reaction:594,CataCXium A,0,,50.79,66.01083374023438,13.250476837158203
reaction:595,SPhos,1,,27.28,31.245180130004883,14.017887115478516
reaction:597,XPhos,6,,10.88,24.29392433166504,13.87389087677002
reaction:601,P(tBu)3,0,,9.48,25.489580154418945,14.972411155700684
reaction:602,P(Ph)3,7,,84.61,75.49597930908203,15.060147285461426
reaction:603,AmPhos,2,,57.94,52.50483322143555,15.329963684082031
reaction:604,P(Cy)3,5,,57.56,58.74230194091797,14.443428039550781
reaction:605,P(o-Tol)3,6,,14.51,30.710933685302734,14.815349578857422
reaction:606,CataCXium A,2,,80.36,79.29026794433594,14.119190216064453
reaction:607,SPhos,1,,62.26,48.475807189941406,15.292952537536621
reaction:609,XPhos,7,,44.81,33.28597640991211,14.904213905334473
reaction:613,P(tBu)3,1,,50.79,41.332313537597656,14.810383796691895
reaction:614,P(Ph)3,7,,72.94,73.04937744140625,14.170756340026855
reaction:615,AmPhos,5,,56.65,54.718650817871094,14.417131423950195
reaction:616,P(Cy)3,1,,29.96,34.87855911254883,14.700733184814453
reaction:617,P(o-Tol)3,3,,16.2,17.29465103149414,14.546529769897461
reaction:618,CataCXium A,3,,65.71,64.02523803710938,14.049623489379883
reaction:619,SPhos,7,,22.24,30.486492156982422,14.001826286315918
reaction:621,XPhos,5,,29.35,8.124946594238281,14.284241676330566
reaction:625,P(tBu)3,6,,49.15,48.464725494384766,13.851400375366211
reaction:626,P(Ph)3,5,,80.18,79.0975570678711,13.022916793823242
reaction:627,AmPhos,7,,67.22,59.89170455932617,14.127511978149414
reaction:628,P(Cy)3,0,,60.71,54.519996643066406,13.718294143676758
reaction:629,P(o-Tol)3,0,,20.57,26.483135223388672,13.294638633728027
reaction:630,CataCXium A,1,,84.99,74.91790771484375,13.727187156677246
reaction:631,SPhos,3,,62.66,49.26100158691406,13.19831371307373
reaction:633,XPhos,5,,30.55,36.09891128540039,13.586454391479492
reaction:637,P(tBu)3,4,,82.07,65.05537414550781,14.282770156860352
reaction:638,P(Ph)3,4,,81.23,80.26197814941406,13.528997421264648
reaction:639,AmPhos,7,,59.02,63.341392517089844,14.214092254638672
reaction:640,P(Cy)3,0,,64.13,55.2757568359375,13.760729789733887
reaction:641,P(o-Tol)3,2,,16.87,28.876249313354492,13.7962007522583
reaction:642,CataCXium A,2,,77.38,79.53321075439453,12.982257843017578
reaction:643,SPhos,0,,48.5,47.61961364746094,13.33998966217041
reaction:645,XPhos,4,,18.95,31.901762008666992,13.936810493469238
reaction:649,P(tBu)3,2,,66.97,69.87638854980469,14.038346290588379
reaction:650,P(Ph)3,2,,69.58,76.092529296875,13.715292930603027
reaction:651,AmPhos,1,,50.06,59.02324295043945,14.190364837646484
reaction:652,P(Cy)3,5,,38.25,47.80034255981445,13.48449420928955
reaction:653,P(o-Tol)3,1,,23.23,11.52130126953125,14.206061363220215
reaction:654,CataCXium A,3,,65.03,66.90788269042969,13.66909408569336
reaction:655,SPhos,5,,22.76,37.31960678100586,13.322517395019531
reaction:657,XPhos,7,,22.27,12.727649688720703,13.726530075073242
reaction:661,P(tBu)3,5,,68.5,68.76200866699219,14.760022163391113
reaction:662,P(Ph)3,1,,72.85,69.18620300292969,15.136117935180664
reaction:663,AmPhos,1,,57.54,56.516361236572266,14.845049858093262
reaction:664,P(Cy)3,4,,28.7,38.42097473144531,14.09295654296875
reaction:665,P(o-Tol)3,4,,17.91,14.741172790527344,14.191434860229492
reaction:666,CataCXium A,1,,62.32,59.712562561035156,14.821805953979492
reaction:667,SPhos,0,,20.77,23.652572631835938,14.382953643798828
reaction:669,XPhos,4,,15.1,9.865913391113281,14.690264701843262
reaction:673,P(tBu)3,4,,85.05,79.94474792480469,14.547723770141602
reaction:674,P(Ph)3,6,,92.8,92.7530517578125,14.45022201538086
reaction:675,AmPhos,1,,77.34,78.14338684082031,14.954524040222168
reaction:676,P(Cy)3,5,,91.24,89.35275268554688,14.730052947998047
reaction:677,P(o-Tol)3,2,,87.0,88.93524169921875,14.199790954589844
reaction:678,CataCXium A,0,,91.58,88.58171081542969,13.408071517944336
reaction:679,SPhos,4,,92.88,90.3858642578125,14.4315185546875
reaction:681,XPhos,4,,91.27,83.30424499511719,14.643338203430176
reaction:685,P(tBu)3,1,,77.88,74.59898376464844,13.885936737060547
reaction:686,P(Ph)3,0,,92.6,93.0341796875,13.898207664489746
reaction:687,AmPhos,1,,81.73,75.60301208496094,14.632126808166504
reaction:688,P(Cy)3,4,,92.24,86.13814544677734,14.151390075683594
reaction:689,P(o-Tol)3,2,,93.79,86.69196319580078,13.94753646850586
reaction:690,CataCXium A,6,,86.98,91.54798889160156,13.719554901123047
reaction:691,SPhos,2,,85.69,79.94361114501953,13.0974702835083
reaction:693,XPhos,6,,82.19,73.59843444824219,14.038208961486816
reaction:697,P(tBu)3,0,,69.56,75.53575134277344,14.927461624145508
reaction:698,P(Ph)3,7,,75.46,79.77445983886719,15.354740142822266
reaction:699,AmPhos,3,,75.58,71.94839477539062,14.599847793579102
reaction:700,P(Cy)3,2,,75.43,72.7395248413086,15.329811096191406
reaction:701,P(o-Tol)3,2,,87.41,75.08705139160156,15.161954879760742
reaction:702,CataCXium A,2,,80.5,76.08216857910156,14.548830032348633
reaction:703,SPhos,7,,56.64,53.29271697998047,14.867375373840332
reaction:705,XPhos,3,,45.64,57.53264617919922,14.634554862976074
reaction:709,P(tBu)3,3,,84.62,79.06027221679688,14.0256986618042
reaction:710,P(Ph)3,1,,94.67,91.60614013671875,14.549842834472656
reaction:711,AmPhos,7,,76.31,77.97333526611328,14.643611907958984
reaction:712,P(Cy)3,1,,88.84,86.947021484375,14.988311767578125
reaction:713,P(o-Tol)3,4,,90.31,89.69122314453125,14.664016723632812
reaction:714,CataCXium A,2,,89.42,90.31269073486328,13.945727348327637
reaction:715,SPhos,3,,92.54,87.25730895996094,14.25312614440918
reaction:717,XPhos,0,,90.69,78.81707000732422,14.258426666259766
reaction:721,P(tBu)3,0,,81.33,77.78421783447266,13.663910865783691
reaction:722,P(Ph)3,2,,92.61,90.23533630371094,13.857800483703613
reaction:723,AmPhos,0,,71.62,79.32525634765625,13.663429260253906
reaction:724,P(Cy)3,4,,89.74,86.09115600585938,14.021443367004395
reaction:725,P(o-Tol)3,4,,88.24,88.59636688232422,13.917618751525879
reaction:726,CataCXium A,6,,85.46,92.41172790527344,13.631343841552734
reaction:727,SPhos,3,,91.14,88.76187133789062,13.55435562133789
reaction:729,XPhos,1,,90.55,83.55961608886719,14.066568374633789
reaction:733,P(tBu)3,5,,82.44,81.11209106445312,13.885412216186523
reaction:734,P(Ph)3,0,,92.9,94.23663330078125,13.995383262634277
reaction:735,AmPhos,0,,69.6,81.14789581298828,13.779088973999023
reaction:736,P(Cy)3,3,,89.34,91.18745422363281,13.733797073364258
reaction:737,P(o-Tol)3,0,,88.09,91.08935546875,13.418768882751465
reaction:738,CataCXium A,6,,85.58,89.98822021484375,13.867587089538574
reaction:739,SPhos,4,,92.27,88.52751159667969,13.937602043151855
reaction:741,XPhos,4,,90.62,84.55067443847656,14.167536735534668
reaction:745,P(tBu)3,1,,74.15,73.34402465820312,13.894852638244629
reaction:746,P(Ph)3,5,,82.99,87.59158325195312,13.98531723022461
reaction:747,AmPhos,7,,73.01,70.05911254882812,14.184526443481445
reaction:748,P(Cy)3,3,,75.99,74.31490325927734,13.885507583618164
reaction:749,P(o-Tol)3,7,,85.28,80.77462768554688,14.145545959472656
reaction:750,CataCXium A,6,,82.84,83.77693176269531,13.76084041595459
reaction:751,SPhos,1,,58.79,65.71585083007812,13.674044609069824
reaction:753,XPhos,2,,52.37,62.87944793701172,13.558499336242676
reaction:757,P(tBu)3,5,,53.8,62.080562591552734,14.982587814331055
reaction:758,P(Ph)3,2,,62.78,58.805938720703125,14.935511589050293
reaction:759,AmPhos,6,,61.57,61.49091720581055,15.568055152893066
reaction:760,P(Cy)3,2,,52.54,57.88189697265625,15.133064270019531
reaction:761,P(o-Tol)3,0,,63.78,65.00955963134766,14.24174976348877
reaction:762,CataCXium A,7,,62.37,62.01466751098633,14.500235557556152
reaction:763,SPhos,5,,36.2,52.73837661743164,14.546507835388184
reaction:765,XPhos,5,,26.69,51.62391662597656,15.109222412109375
reaction:769,P(tBu)3,4,,56.38,64.10221862792969,15.512467384338379
reaction:770,P(Ph)3,3,,96.6,96.28179931640625,13.833699226379395
reaction:771,AmPhos,3,,83.79,80.47486877441406,14.6340913772583
reaction:772,P(Cy)3,6,,87.57,78.42313385009766,14.27418327331543
reaction:773,P(o-Tol)3,0,,69.99,66.37765502929688,13.995865821838379
reaction:774,CataCXium A,3,,91.47,93.33474731445312,13.669048309326172
reaction:775,SPhos,3,,91.47,86.65254974365234,13.541555404663086
reaction:777,XPhos,1,,92.69,82.59149169921875,15.140886306762695
reaction:781,P(tBu)3,4,,66.86,67.8299331665039,15.316603660583496
reaction:782,P(Ph)3,5,,98.53,102.06282043457031,13.285910606384277
reaction:783,AmPhos,7,,94.26,89.00763702392578,14.269552230834961
reaction:784,P(Cy)3,6,,93.05,87.08604431152344,14.148792266845703
reaction:785,P(o-Tol)3,7,,78.44,64.57676696777344,13.537090301513672
reaction:786,CataCXium A,6,,92.77,92.3506088256836,13.451741218566895
reaction:787,SPhos,6,,78.31,79.57987213134766,13.652811050415039
reaction:789,XPhos,6,,78.08,75.70964050292969,14.295456886291504
reaction:793,P(tBu)3,7,,66.13,51.83343505859375,15.856420516967773
reaction:794,P(Ph)3,1,,96.49,88.02223205566406,15.122241020202637
reaction:795,AmPhos,6,,93.69,95.70304870605469,16.536514282226562
reaction:796,P(Cy)3,2,,76.46,82.00299072265625,14.960739135742188
reaction:797,P(o-Tol)3,6,,61.39,76.46980285644531,15.423064231872559
reaction:798,CataCXium A,2,,88.31,91.35601806640625,14.837370872497559
reaction:799,SPhos,7,,45.46,70.9564437866211,15.08726692199707
reaction:801,XPhos,7,,66.46,68.1246337890625,15.223311424255371
reaction:805,P(tBu)3,2,,70.25,48.814029693603516,14.773256301879883
reaction:806,P(Ph)3,6,,87.68,90.95922088623047,14.470414161682129
reaction:807,AmPhos,6,,87.91,89.55635070800781,15.846233367919922
reaction:808,P(Cy)3,3,,41.08,67.1228256225586,14.237831115722656
reaction:809,P(o-Tol)3,6,,44.26,68.0003662109375,14.792898178100586
reaction:810,CataCXium A,0,,82.41,71.03461456298828,13.470752716064453
reaction:811,SPhos,0,,44.11,54.465309143066406,14.238813400268555
reaction:813,XPhos,1,,47.08,56.239341735839844,15.327204704284668
reaction:817,P(tBu)3,7,,68.06,65.34925842285156,14.691723823547363
reaction:818,P(Ph)3,0,,96.49,97.23683166503906,13.77181625366211
reaction:819,AmPhos,1,,90.23,88.210205078125,15.078841209411621
reaction:820,P(Cy)3,7,,81.84,84.88978576660156,14.007000923156738
reaction:821,P(o-Tol)3,5,,64.29,72.29696655273438,13.780646324157715
reaction:822,CataCXium A,1,,92.96,91.20892333984375,13.296608924865723
reaction:823,SPhos,5,,80.73,84.60234832763672,13.310454368591309
reaction:825,XPhos,1,,84.67,84.21741485595703,14.80777359008789
reaction:829,P(tBu)3,0,,68.43,81.03368377685547,14.731364250183105
reaction:830,P(Ph)3,0,,97.42,102.1246337890625,13.99405288696289
reaction:831,AmPhos,7,,84.74,93.31190490722656,14.289782524108887
reaction:832,P(Cy)3,6,,92.09,85.32923126220703,14.193886756896973
reaction:833,P(o-Tol)3,1,,82.77,66.94873046875,13.853777885437012
reaction:834,CataCXium A,5,,91.17,94.31146240234375,13.292586326599121
reaction:835,SPhos,0,,90.89,91.7545166015625,13.534208297729492
reaction:837,XPhos,3,,91.1,84.58574676513672,13.985696792602539
reaction:841,P(tBu)3,0,,67.59,71.23739624023438,14.775806427001953
reaction:842,P(Ph)3,7,,97.45,96.8667221069336,13.783409118652344
reaction:843,AmPhos,6,,85.04,86.02367401123047,15.401721000671387
reaction:844,P(Cy)3,2,,92.7,78.65972900390625,13.964613914489746
reaction:845,P(o-Tol)3,6,,70.45,66.48493957519531,14.074087142944336
reaction:846,CataCXium A,4,,92.52,92.76795196533203,13.54797649383545
reaction:847,SPhos,7,,91.37,78.11630249023438,13.346796035766602
reaction:849,XPhos,3,,80.59,80.01860046386719,14.038826942443848
reaction:853,P(tBu)3,2,,74.74,67.90946960449219,15.216873168945312
reaction:854,P(Ph)3,0,,97.46,89.92337036132812,14.730751991271973
reaction:855,AmPhos,1,,90.67,83.3941650390625,15.887959480285645
reaction:856,P(Cy)3,5,,84.05,70.89991760253906,14.781224250793457
reaction:857,P(o-Tol)3,1,,58.44,61.2808837890625,14.795844078063965
reaction:858,CataCXium A,6,,88.7,88.25199127197266,14.26399040222168
reaction:859,SPhos,1,,71.35,67.62952423095703,14.702558517456055
reaction:861,XPhos,5,,66.77,61.668663024902344,14.873991012573242
reaction:865,P(tBu)3,2,,51.22,50.44443130493164,15.110069274902344
reaction:866,P(Ph)3,6,,96.32,86.49514770507812,14.501508712768555
reaction:867,AmPhos,5,,33.57,33.08394241333008,15.932384490966797
reaction:868,P(Cy)3,6,,89.35,75.92976379394531,14.373418807983398
reaction:869,P(o-Tol)3,7,,60.68,45.367401123046875,13.876182556152344
reaction:870,CataCXium A,4,,29.57,48.22292709350586,14.895824432373047
reaction:871,SPhos,0,,93.86,89.4056625366211,14.060317039489746
reaction:873,XPhos,7,,95.8,96.6400375366211,13.945195198059082
reaction:877,P(tBu)3,3,,54.85,45.743247985839844,15.316431045532227
reaction:878,P(Ph)3,3,,87.25,89.16755676269531,14.136713981628418
reaction:879,AmPhos,5,,25.72,30.85074234008789,15.749001502990723
reaction:880,P(Cy)3,7,,92.7,81.19033813476562,14.253987312316895
reaction:881,P(o-Tol)3,1,,43.75,32.524749755859375,14.472219467163086
reaction:882,CataCXium A,3,,30.6,36.73889923095703,13.6334867477417
reaction:883,SPhos,3,,86.7,84.55536651611328,13.809664726257324
reaction:885,XPhos,3,,87.65,84.10374450683594,14.597890853881836
reaction:889,P(tBu)3,1,,22.37,33.11930847167969,16.02406120300293
reaction:890,P(Ph)3,3,,67.88,70.88591003417969,15.150023460388184
reaction:891,AmPhos,3,,15.15,21.650897979736328,15.908184051513672
reaction:892,P(Cy)3,0,,83.84,74.93157958984375,15.057074546813965
reaction:893,P(o-Tol)3,2,,11.83,28.360488891601562,15.15049934387207
reaction:894,CataCXium A,3,,29.45,27.86316680908203,14.707138061523438
reaction:895,SPhos,5,,52.91,56.148277282714844,14.826148986816406
reaction:897,XPhos,2,,55.66,67.47451782226562,15.46046257019043
reaction:901,P(tBu)3,4,,27.63,29.06410789489746,15.350181579589844
reaction:902,P(Ph)3,4,,65.66,67.20556640625,14.864777565002441
reaction:903,AmPhos,5,,14.99,21.847139358520508,16.020814895629883
reaction:904,P(Cy)3,7,,73.07,56.91331100463867,14.8795747756958
reaction:905,P(o-Tol)3,3,,9.33,26.254993438720703,13.974457740783691
reaction:906,CataCXium A,6,,23.78,22.647890090942383,14.140360832214355
reaction:907,SPhos,3,,54.78,63.473079681396484,14.191362380981445
reaction:909,XPhos,3,,47.9,66.9808349609375,15.086807250976562
reaction:913,P(tBu)3,1,,33.26,44.55661392211914,14.819787979125977
reaction:914,P(Ph)3,4,,84.51,75.26122283935547,14.265652656555176
reaction:915,AmPhos,1,,11.46,25.22640609741211,14.949889183044434
reaction:916,P(Cy)3,2,,65.64,68.82693481445312,13.993804931640625
reaction:917,P(o-Tol)3,4,,26.99,33.52569580078125,13.697907447814941
reaction:918,CataCXium A,5,,24.54,22.745704650878906,13.104144096374512
reaction:919,SPhos,3,,61.35,78.29931640625,13.598246574401855
reaction:921,XPhos,2,,80.83,79.948974609375,14.365038871765137
reaction:925,P(tBu)3,3,,53.78,48.521697998046875,15.414291381835938
reaction:926,P(Ph)3,6,,85.88,82.29505920410156,14.298030853271484
reaction:927,AmPhos,4,,23.63,28.765615463256836,13.80587387084961
reaction:928,P(Cy)3,1,,65.74,81.61918640136719,14.454788208007812
reaction:929,P(o-Tol)3,2,,48.33,43.26552963256836,14.057258605957031
reaction:930,CataCXium A,4,,26.71,35.080039978027344,14.475166320800781
reaction:931,SPhos,1,,93.67,89.48421478271484,13.750816345214844
reaction:933,XPhos,5,,95.5,94.04183197021484,14.424420356750488
reaction:937,P(tBu)3,6,,49.02,50.80029296875,15.293181419372559
reaction:938,P(Ph)3,1,,86.07,82.6947021484375,14.320852279663086
reaction:939,AmPhos,3,,28.08,27.311601638793945,15.147078514099121
reaction:940,P(Cy)3,1,,75.26,81.69720458984375,14.42866039276123
reaction:941,P(o-Tol)3,1,,54.06,32.224334716796875,14.625908851623535
reaction:942,CataCXium A,7,,26.61,36.74789047241211,13.181868553161621
reaction:943,SPhos,0,,93.81,84.9010009765625,13.700950622558594
reaction:945,XPhos,6,,95.85,90.201416015625,14.462812423706055
reaction:949,P(tBu)3,4,,56.78,54.81016159057617,15.522436141967773
reaction:950,P(Ph)3,7,,82.3,83.43413543701172,14.845983505249023
reaction:951,AmPhos,2,,42.8,33.74261474609375,15.762307167053223
reaction:952,P(Cy)3,3,,75.64,82.58859252929688,14.773795127868652
reaction:953,P(o-Tol)3,1,,55.96,35.123382568359375,15.440413475036621
reaction:954,CataCXium A,4,,25.66,44.867984771728516,15.253230094909668
reaction:955,SPhos,5,,95.21,78.48390197753906,14.443354606628418
reaction:957,XPhos,2,,95.19,85.59201049804688,15.232555389404297
reaction:961,P(tBu)3,1,,40.2,29.2799015045166,15.303013801574707
reaction:962,P(Ph)3,2,,66.32,74.84610748291016,14.166082382202148
reaction:963,AmPhos,4,,43.18,51.12208938598633,15.050088882446289
reaction:964,P(Cy)3,2,,57.08,66.83448028564453,14.305258750915527
reaction:965,P(o-Tol)3,0,,33.92,37.68460464477539,14.006684303283691
reaction:966,CataCXium A,4,,54.3,48.97978591918945,14.516881942749023
reaction:967,SPhos,3,,55.27,60.614112854003906,14.241802215576172
reaction:969,XPhos,4,,47.22,62.60942077636719,14.632580757141113
reaction:973,P(tBu)3,4,,9.29,13.35897445678711,15.732125282287598
reaction:974,P(Ph)3,4,,92.28,76.4047622680664,13.933034896850586
reaction:975,AmPhos,7,,54.36,45.27723693847656,14.523409843444824
reaction:976,P(Cy)3,3,,88.55,64.50261688232422,14.091765403747559
reaction:977,P(o-Tol)3,3,,27.55,35.226783752441406,14.027302742004395
reaction:978,CataCXium A,6,,43.2,63.90240478515625,13.076132774353027
reaction:979,SPhos,7,,64.69,52.48933792114258,13.773919105529785
reaction:981,XPhos,4,,52.85,56.392486572265625,14.257475852966309
reaction:985,P(tBu)3,7,,8.71,8.247352600097656,15.810550689697266
reaction:986,P(Ph)3,1,,91.14,94.62455749511719,15.686800956726074
reaction:987,AmPhos,5,,76.44,59.45743179321289,15.671028137207031
reaction:988,P(Cy)3,4,,94.46,86.62422180175781,15.116640090942383
reaction:989,P(o-Tol)3,4,,60.0,50.6218376159668,14.978693962097168
reaction:990,CataCXium A,0,,94.8,80.53712463378906,14.49565315246582
reaction:991,SPhos,7,,77.9,67.51634216308594,15.231553077697754
reaction:993,XPhos,7,,87.99,56.822288513183594,15.586554527282715
reaction:997,P(tBu)3,4,,19.62,25.092243194580078,16.131568908691406
reaction:998,P(Ph)3,0,,89.87,79.79705810546875,14.113454818725586
reaction:999,AmPhos,4,,69.93,56.27679443359375,15.198195457458496
reaction:1000,P(Cy)3,0,,55.64,59.6419563293457,14.53198528289795
reaction:1001,P(o-Tol)3,6,,46.83,42.4606819152832,14.001975059509277
reaction:1002,CataCXium A,1,,69.48,58.83386993408203,13.840353012084961
reaction:1003,SPhos,5,,46.44,40.43634033203125,14.018872261047363
reaction:1005,XPhos,1,,43.5,39.47418975830078,14.589826583862305
reaction:1009,P(tBu)3,4,,27.96,28.632762908935547,15.711797714233398
reaction:1010,P(Ph)3,7,,83.95,80.67203521728516,13.973451614379883
reaction:1011,AmPhos,1,,56.65,58.46485137939453,14.903928756713867
reaction:1012,P(Cy)3,7,,74.22,73.68122863769531,14.059083938598633
reaction:1013,P(o-Tol)3,5,,40.11,42.16278839111328,13.526068687438965
reaction:1014,CataCXium A,0,,64.54,60.4817008972168,13.045570373535156
reaction:1015,SPhos,6,,67.16,61.379493713378906,13.15745735168457
reaction:1017,XPhos,3,,64.39,61.705413818359375,14.405983924865723
reaction:1021,P(tBu)3,7,,52.58,38.93735122680664,14.587989807128906
reaction:1022,P(Ph)3,0,,82.96,80.48905944824219,13.543004989624023
reaction:1023,AmPhos,7,,56.07,56.192596435546875,14.58101749420166
reaction:1024,P(Cy)3,5,,75.36,69.12090301513672,13.719903945922852
reaction:1025,P(o-Tol)3,4,,37.35,45.88913345336914,13.806794166564941
reaction:1026,CataCXium A,2,,60.94,60.47298812866211,13.628657341003418
reaction:1027,SPhos,4,,68.7,65.93094635009766,13.9487886428833
reaction:1029,XPhos,7,,66.93,58.65073776245117,14.020241737365723
reaction:1033,P(tBu)3,7,,20.74,36.761077880859375,14.604673385620117
reaction:1034,P(Ph)3,6,,60.18,71.68824005126953,13.475871086120605
reaction:1035,AmPhos,1,,35.88,53.8367805480957,14.987937927246094
reaction:1036,P(Cy)3,0,,34.25,58.42401885986328,13.962693214416504
reaction:1037,P(o-Tol)3,3,,27.1,31.649799346923828,14.063645362854004
reaction:1038,CataCXium A,3,,43.02,49.361167907714844,13.610219955444336
reaction:1039,SPhos,3,,23.33,54.673274993896484,14.030290603637695
reaction:1041,XPhos,3,,27.91,53.90934371948242,14.598562240600586
reaction:1045,P(tBu)3,4,,20.9,40.16757583618164,16.313732147216797
reaction:1046,P(Ph)3,3,,57.19,71.78520202636719,14.444406509399414
reaction:1047,AmPhos,5,,41.02,48.24070739746094,15.63450813293457
reaction:1048,P(Cy)3,2,,33.78,55.77790451049805,15.006962776184082
reaction:1049,P(o-Tol)3,2,,31.67,26.37777328491211,14.523295402526855
reaction:1050,CataCXium A,1,,48.48,39.21577453613281,14.405716896057129
reaction:1051,SPhos,4,,26.47,37.257713317871094,14.75382137298584
reaction:1053,XPhos,7,,26.28,38.98199462890625,14.830794334411621
reaction:1057,P(tBu)3,1,,45.03,43.60429763793945,15.319019317626953
reaction:1058,P(Ph)3,1,,96.7,90.27101135253906,15.145992279052734
reaction:1059,AmPhos,0,,70.76,62.6055908203125,15.213147163391113
reaction:1060,P(Cy)3,2,,93.33,90.55563354492188,15.335339546203613
reaction:1061,P(o-Tol)3,0,,63.28,57.11846923828125,13.722569465637207
reaction:1062,CataCXium A,2,,61.13,71.46835327148438,14.055895805358887
reaction:1063,SPhos,5,,94.82,87.57041931152344,14.059305191040039
reaction:1065,XPhos,0,,88.97,84.0274658203125,15.221651077270508
reaction:1069,P(tBu)3,6,,40.73,34.129859924316406,16.356590270996094
reaction:1070,P(Ph)3,4,,88.59,94.12895202636719,14.736930847167969
reaction:1071,AmPhos,5,,58.43,70.37996673583984,14.763978004455566
reaction:1072,P(Cy)3,2,,89.13,88.56504821777344,15.17103099822998
reaction:1073,P(o-Tol)3,5,,55.72,57.22895050048828,13.680438041687012
reaction:1074,CataCXium A,6,,64.52,68.48393249511719,13.970446586608887
reaction:1075,SPhos,1,,81.73,83.60444641113281,13.91998291015625
reaction:1077,XPhos,6,,75.35,74.22123718261719,14.525486946105957
reaction:1081,P(tBu)3,6,,43.13,38.10930252075195,17.37320327758789
reaction:1082,P(Ph)3,5,,85.73,88.96461486816406,15.461636543273926
reaction:1083,AmPhos,0,,77.72,56.55762481689453,15.80601692199707
reaction:1084,P(Cy)3,7,,89.81,93.94709777832031,15.471161842346191
reaction:1085,P(o-Tol)3,6,,48.91,64.53312683105469,15.42626667022705
reaction:1086,CataCXium A,3,,86.51,63.78114318847656,14.378238677978516
reaction:1087,SPhos,0,,71.88,65.87120056152344,14.671504020690918
reaction:1089,XPhos,6,,60.51,62.234825134277344,15.8362455368042
reaction:1093,P(tBu)3,0,,32.15,40.48808288574219,15.63973617553711
reaction:1094,P(Ph)3,1,,94.15,87.17282104492188,15.376826286315918
reaction:1095,AmPhos,4,,61.84,67.9327163696289,15.542665481567383
reaction:1096,P(Cy)3,6,,83.83,85.74679565429688,14.818534851074219
reaction:1097,P(o-Tol)3,7,,58.94,54.84298324584961,14.357841491699219
reaction:1098,CataCXium A,2,,59.67,69.58660125732422,14.391898155212402
reaction:1099,SPhos,6,,90.1,83.94993591308594,14.544919967651367
reaction:1101,XPhos,3,,83.35,79.25273132324219,15.430473327636719
reaction:1105,P(tBu)3,1,,33.02,38.01411819458008,15.067517280578613
reaction:1106,P(Ph)3,4,,93.94,92.06309509277344,14.618894577026367
reaction:1107,AmPhos,6,,61.96,63.84725570678711,15.428207397460938
reaction:1108,P(Cy)3,0,,82.1,88.14395904541016,14.486862182617188
reaction:1109,P(o-Tol)3,5,,55.13,56.01566696166992,13.560957908630371
reaction:1110,CataCXium A,7,,62.96,68.093994140625,12.980924606323242
reaction:1111,SPhos,2,,88.13,88.47980499267578,13.994051933288574
reaction:1113,XPhos,3,,82.32,81.75032043457031,14.896842956542969
reaction:1117,P(tBu)3,6,,33.37,37.00074005126953,16.42831802368164
reaction:1118,P(Ph)3,1,,95.31,86.32406616210938,15.043486595153809
reaction:1119,AmPhos,6,,58.42,63.221534729003906,15.589493751525879
reaction:1120,P(Cy)3,5,,80.68,89.91387939453125,14.485408782958984
reaction:1121,P(o-Tol)3,4,,48.82,55.725257873535156,14.80212688446045
reaction:1122,CataCXium A,6,,57.05,63.46392822265625,14.135173797607422
reaction:1123,SPhos,5,,90.9,89.71415710449219,13.521305084228516
reaction:1125,XPhos,3,,82.88,84.95759582519531,15.030970573425293
reaction:1129,P(tBu)3,0,,40.22,36.75989532470703,15.304949760437012
reaction:1130,P(Ph)3,3,,88.74,94.35491943359375,14.25706958770752
reaction:1131,AmPhos,2,,72.98,57.72783660888672,15.205344200134277
reaction:1132,P(Cy)3,0,,88.05,86.55740356445312,14.647110939025879
reaction:1133,P(o-Tol)3,4,,56.98,54.58836364746094,14.903873443603516
reaction:1134,CataCXium A,4,,80.85,61.13888931274414,13.91413402557373
reaction:1135,SPhos,4,,76.89,70.29407501220703,13.861525535583496
reaction:1137,XPhos,0,,68.57,63.80729675292969,14.855973243713379
reaction:1141,P(tBu)3,0,,30.34,28.42809295654297,15.855496406555176
reaction:1142,P(Ph)3,1,,75.36,65.00453186035156,15.789776802062988
reaction:1143,AmPhos,3,,53.38,52.05668258666992,15.059366226196289
reaction:1144,P(Cy)3,0,,75.13,65.98216247558594,15.310040473937988
reaction:1145,P(o-Tol)3,6,,37.06,45.67424392700195,14.95943546295166
reaction:1146,CataCXium A,1,,58.78,50.708736419677734,14.658650398254395
reaction:1147,SPhos,2,,40.21,51.686771392822266,15.0542573928833
reaction:1149,XPhos,0,,29.42,43.193206787109375,15.58019733428955
reaction:1153,P(tBu)3,2,,93.31,88.645263671875,14.134016036987305
reaction:1154,P(Ph)3,0,,93.7,96.81158447265625,13.767687797546387
reaction:1155,AmPhos,6,,94.33,92.28522491455078,13.41932201385498
reaction:1156,P(Cy)3,1,,87.35,88.74412536621094,13.888233184814453
reaction:1157,P(o-Tol)3,5,,84.09,87.37715148925781,13.265578269958496
reaction:1158,CataCXium A,4,,95.65,96.57084655761719,13.6491060256958
reaction:1159,SPhos,2,,87.6,93.70426940917969,13.310857772827148
reaction:1161,XPhos,7,,86.6,92.10739135742188,13.094596862792969
reaction:1165,P(tBu)3,7,,91.47,83.09158325195312,13.679764747619629
reaction:1166,P(Ph)3,7,,93.27,95.8844223022461,13.205461502075195
reaction:1167,AmPhos,5,,94.03,93.76927185058594,13.962945938110352
reaction:1168,P(Cy)3,0,,84.04,88.76799774169922,12.827434539794922
reaction:1169,P(o-Tol)3,5,,86.92,82.28755187988281,12.963042259216309
reaction:1170,CataCXium A,3,,92.01,90.50301361083984,12.869179725646973
reaction:1171,SPhos,2,,87.49,84.07466888427734,13.160076141357422
reaction:1173,XPhos,3,,84.94,77.94633483886719,13.402752876281738
reaction:1177,P(tBu)3,6,,87.61,66.84881591796875,15.067312240600586
reaction:1178,P(Ph)3,3,,95.85,87.3116226196289,14.493386268615723
reaction:1179,AmPhos,4,,90.3,89.88870239257812,14.771533012390137
reaction:1180,P(Cy)3,7,,88.99,84.21788024902344,14.451716423034668
reaction:1181,P(o-Tol)3,6,,80.55,82.40876770019531,14.509516716003418
reaction:1182,CataCXium A,5,,91.07,92.6363754272461,14.149983406066895
reaction:1183,SPhos,0,,83.98,77.80005645751953,14.37104606628418
reaction:1185,XPhos,6,,79.93,79.73039245605469,14.633672714233398
reaction:1189,P(tBu)3,2,,83.54,67.90972900390625,14.65198040008545
reaction:1190,P(Ph)3,1,,91.18,82.37641143798828,13.703601837158203
reaction:1191,AmPhos,4,,86.92,83.66146850585938,14.173981666564941
reaction:1192,P(Cy)3,4,,81.31,68.51080322265625,13.554652214050293
reaction:1193,P(o-Tol)3,6,,73.72,71.67607879638672,13.649930000305176
reaction:1194,CataCXium A,5,,85.75,85.6470947265625,13.699060440063477
reaction:1195,SPhos,6,,71.78,68.34031677246094,13.499556541442871
reaction:1197,XPhos,4,,65.69,69.5899429321289,13.94955825805664
reaction:1201,P(tBu)3,3,,82.29,88.04257202148438,13.8489408493042
reaction:1202,P(Ph)3,7,,91.35,92.68123626708984,13.146238327026367
reaction:1203,AmPhos,2,,89.74,93.95809936523438,13.437445640563965
reaction:1204,P(Cy)3,2,,83.91,89.01461791992188,13.294537544250488
reaction:1205,P(o-Tol)3,7,,81.25,83.33708190917969,13.193977355957031
reaction:1206,CataCXium A,6,,93.12,94.76915740966797,12.283781051635742
reaction:1207,SPhos,0,,86.64,91.81136322021484,13.061548233032227
reaction:1209,XPhos,0,,85.95,91.21429443359375,13.298766136169434
reaction:1213,P(tBu)3,5,,92.92,101.84762573242188,13.840734481811523
reaction:1214,P(Ph)3,3,,98.2,94.76152038574219,13.936430931091309
reaction:1215,AmPhos,7,,90.96,96.27775573730469,13.05046558380127
reaction:1216,P(Cy)3,3,,91.73,94.380615234375,13.354453086853027
reaction:1217,P(o-Tol)3,2,,90.03,86.912841796875,13.08047866821289
reaction:1218,CataCXium A,0,,94.64,98.26937866210938,12.539913177490234
reaction:1219,SPhos,4,,93.43,93.80906677246094,12.997398376464844
reaction:1221,XPhos,0,,88.37,91.02572631835938,13.31592845916748
reaction:1225,P(tBu)3,7,,91.89,99.58245086669922,13.773374557495117
reaction:1226,P(Ph)3,2,,94.82,97.1766357421875,12.988065719604492
reaction:1227,AmPhos,5,,91.24,93.29826354980469,13.909070014953613
reaction:1228,P(Cy)3,6,,91.4,86.02333068847656,13.31637954711914
reaction:1229,P(o-Tol)3,6,,85.85,79.31855010986328,13.059016227722168
reaction:1230,CataCXium A,3,,92.03,96.18541717529297,12.927937507629395
reaction:1231,SPhos,2,,85.21,84.21084594726562,13.041584014892578
reaction:1233,XPhos,5,,79.09,77.16087341308594,13.073883056640625
reaction:1237,P(tBu)3,5,,80.43,96.66999816894531,14.74487590789795
reaction:1238,P(Ph)3,3,,81.66,83.63011169433594,14.757373809814453
reaction:1239,AmPhos,5,,80.71,87.16067504882812,14.641912460327148
reaction:1240,P(Cy)3,2,,71.35,72.48674774169922,14.482786178588867
reaction:1241,P(o-Tol)3,7,,68.84,63.909454345703125,13.928312301635742
reaction:1242,CataCXium A,1,,80.77,82.97474670410156,14.69472885131836
reaction:1243,SPhos,6,,67.76,65.72406005859375,13.914132118225098
reaction:1245,XPhos,4,,63.55,59.63986587524414,14.148370742797852
reaction:1249,P(tBu)3,1,,88.5,75.66171264648438,13.990735054016113
reaction:1250,P(Ph)3,5,,95.95,89.09259033203125,13.5624418258667
reaction:1251,AmPhos,7,,94.08,82.26134490966797,14.617363929748535
reaction:1252,P(Cy)3,3,,88.6,79.49018096923828,14.04499340057373
reaction:1253,P(o-Tol)3,2,,83.3,75.41516876220703,13.239418029785156
reaction:1254,CataCXium A,3,,96.14,86.2415771484375,13.692389488220215
reaction:1255,SPhos,3,,86.88,78.5047836303711,13.946374893188477
reaction:1257,XPhos,0,,83.93,76.91561889648438,13.599756240844727
reaction:1261,P(tBu)3,1,,83.82,74.0860595703125,13.584789276123047
reaction:1262,P(Ph)3,3,,91.34,82.77613830566406,13.682576179504395
reaction:1263,AmPhos,7,,83.05,78.70018005371094,14.523286819458008
reaction:1264,P(Cy)3,1,,81.74,73.51847839355469,14.48100757598877
reaction:1265,P(o-Tol)3,5,,64.98,70.36270141601562,13.846026420593262
reaction:1266,CataCXium A,5,,74.43,83.45686340332031,13.074334144592285
reaction:1267,SPhos,0,,60.4,63.32405090332031,13.220891952514648
reaction:1269,XPhos,3,,55.47,57.12052536010742,13.370115280151367
reaction:1273,P(tBu)3,7,,55.62,57.549583435058594,15.234129905700684
reaction:1274,P(Ph)3,0,,70.45,69.39158630371094,14.36061954498291
reaction:1275,AmPhos,5,,63.78,72.2153549194336,15.154691696166992
reaction:1276,P(Cy)3,1,,62.81,61.91796112060547,15.667181015014648
reaction:1277,P(o-Tol)3,5,,48.77,55.31058883666992,14.875482559204102
reaction:1278,CataCXium A,2,,62.9,68.4879150390625,14.27168083190918
reaction:1279,SPhos,7,,39.4,45.38243865966797,14.329304695129395
reaction:1281,XPhos,7,,40.12,44.62761306762695,15.174755096435547
reaction:1285,P(tBu)3,3,,47.62,54.6217155456543,14.571969032287598
reaction:1286,P(Ph)3,5,,61.51,65.18605041503906,13.948213577270508
reaction:1287,AmPhos,4,,59.14,66.75215148925781,13.885320663452148
reaction:1288,P(Cy)3,5,,52.8,56.93457794189453,13.58915901184082
reaction:1289,P(o-Tol)3,5,,45.49,43.88946533203125,14.389017105102539
reaction:1290,CataCXium A,4,,63.2,64.27789306640625,13.457679748535156
reaction:1291,SPhos,3,,39.21,42.10639572143555,14.002906799316406
reaction:1293,XPhos,5,,38.17,41.59618377685547,13.854860305786133
reaction:1297,P(tBu)3,6,,52.95,66.90287780761719,14.200565338134766
reaction:1298,P(Ph)3,0,,65.45,74.23534393310547,13.04547119140625
reaction:1299,AmPhos,7,,68.9,68.78340148925781,14.44680118560791
reaction:1300,P(Cy)3,1,,65.74,64.60413360595703,14.486685752868652
reaction:1301,P(o-Tol)3,2,,48.98,54.55967330932617,13.109611511230469
reaction:1302,CataCXium A,0,,69.93,73.4566421508789,12.879998207092285
reaction:1303,SPhos,0,,59.54,62.504737854003906,13.1992826461792
reaction:1305,XPhos,1,,60.62,61.543067932128906,13.368293762207031
reaction:1309,P(tBu)3,3,,73.2,82.78237915039062,14.226910591125488
reaction:1310,P(Ph)3,7,,81.77,87.01521301269531,13.245773315429688
reaction:1311,AmPhos,3,,77.13,83.2538070678711,14.036857604980469
reaction:1312,P(Cy)3,4,,77.57,79.14286804199219,12.933634757995605
reaction:1313,P(o-Tol)3,6,,67.75,71.5366439819336,13.09404468536377
reaction:1314,CataCXium A,1,,84.72,82.46640014648438,13.414335250854492
reaction:1315,SPhos,1,,73.5,79.81377410888672,13.452430725097656
reaction:1317,XPhos,7,,73.95,72.93689727783203,13.587974548339844
reaction:1321,P(tBu)3,2,,81.91,83.93008422851562,13.314839363098145
reaction:1322,P(Ph)3,2,,87.64,89.37991333007812,13.46933650970459
reaction:1323,AmPhos,7,,84.9,77.8071517944336,14.623510360717773
reaction:1324,P(Cy)3,3,,80.13,82.21138000488281,13.672605514526367
reaction:1325,P(o-Tol)3,3,,70.14,68.56031036376953,13.595884323120117
reaction:1326,CataCXium A,7,,87.87,85.46366119384766,13.143623352050781
reaction:1327,SPhos,1,,74.29,75.18486785888672,13.447775840759277
reaction:1329,XPhos,4,,67.97,69.97555541992188,13.231752395629883
reaction:1333,P(tBu)3,0,,81.08,78.68824005126953,14.438852310180664
reaction:1334,P(Ph)3,1,,88.67,85.22874450683594,14.496567726135254
reaction:1335,AmPhos,2,,84.67,80.80206298828125,14.231307029724121
reaction:1336,P(Cy)3,1,,82.58,77.39341735839844,15.162873268127441
reaction:1337,P(o-Tol)3,3,,69.32,65.13441467285156,14.517461776733398
reaction:1338,CataCXium A,0,,81.6,83.57042694091797,14.032489776611328
reaction:1339,SPhos,0,,70.57,66.29379272460938,14.318931579589844
reaction:1341,XPhos,2,,62.62,62.13755798339844,14.499531745910645
reaction:1345,P(tBu)3,3,,64.95,62.21950912475586,14.343196868896484
reaction:1346,P(Ph)3,7,,93.38,94.05712890625,13.27780532836914
reaction:1347,AmPhos,5,,89.51,91.58677673339844,13.738809585571289
reaction:1348,P(Cy)3,0,,91.29,88.88721466064453,13.586041450500488
reaction:1349,P(o-Tol)3,3,,74.87,69.65638732910156,13.380486488342285
reaction:1350,CataCXium A,5,,91.79,89.51101684570312,13.249330520629883
reaction:1351,SPhos,0,,83.02,84.34945678710938,13.481433868408203
reaction:1353,XPhos,0,,75.62,78.77259063720703,13.740903854370117
reaction:1357,P(tBu)3,0,,9.62,28.574838638305664,13.645027160644531
reaction:1358,P(Ph)3,5,,89.45,93.78089904785156,12.98971939086914
reaction:1359,AmPhos,7,,81.29,77.79579162597656,13.682689666748047
reaction:1360,P(Cy)3,7,,84.98,77.6452407836914,13.047981262207031
reaction:1361,P(o-Tol)3,1,,65.69,56.04213333129883,13.102754592895508
reaction:1362,CataCXium A,3,,73.08,81.92427062988281,13.188185691833496
reaction:1363,SPhos,1,,68.07,70.09156036376953,13.582818031311035
reaction:1365,XPhos,6,,72.44,63.50480270385742,13.107954978942871
reaction:1369,P(tBu)3,4,,8.8,22.133928298950195,14.693580627441406
reaction:1370,P(Ph)3,5,,90.61,98.462890625,14.387819290161133
reaction:1371,AmPhos,0,,87.35,84.10064697265625,14.815195083618164
reaction:1372,P(Cy)3,2,,89.78,87.13212585449219,14.39883041381836
reaction:1373,P(o-Tol)3,7,,79.47,66.13456726074219,14.373458862304688
reaction:1374,CataCXium A,5,,90.18,96.65996551513672,14.23403263092041
reaction:1375,SPhos,4,,83.1,83.80699157714844,14.438157081604004
reaction:1377,XPhos,2,,85.48,73.85443115234375,14.417762756347656
reaction:1381,P(tBu)3,7,,12.07,51.747581481933594,13.929386138916016
reaction:1382,P(Ph)3,6,,88.27,85.14865112304688,13.7881498336792
reaction:1383,AmPhos,2,,82.92,81.20707702636719,14.036893844604492
reaction:1384,P(Cy)3,1,,80.35,69.59691619873047,14.046075820922852
reaction:1385,P(o-Tol)3,6,,66.72,56.40753936767578,13.448304176330566
reaction:1386,CataCXium A,6,,83.56,81.02688598632812,13.430338859558105
reaction:1387,SPhos,1,,59.91,60.85056686401367,14.098610877990723
reaction:1389,XPhos,5,,57.98,52.1774787902832,13.513727188110352
reaction:1393,P(tBu)3,2,,49.99,42.26885223388672,13.512861251831055
reaction:1394,P(Ph)3,4,,92.73,92.33338165283203,13.281755447387695
reaction:1395,AmPhos,3,,90.14,87.50216674804688,13.887947082519531
reaction:1396,P(Cy)3,5,,90.79,91.79376220703125,13.620022773742676
reaction:1397,P(o-Tol)3,4,,67.92,71.55253601074219,12.783907890319824
reaction:1398,CataCXium A,4,,92.7,90.5311279296875,12.88105583190918
reaction:1399,SPhos,3,,85.37,78.07044219970703,12.64102840423584
reaction:1401,XPhos,0,,66.05,78.90931701660156,13.093273162841797
reaction:1405,P(tBu)3,2,,76.2,64.42146301269531,13.641408920288086
reaction:1406,P(Ph)3,4,,96.42,95.91960906982422,13.383610725402832
reaction:1407,AmPhos,7,,94.57,89.03346252441406,13.704866409301758
reaction:1408,P(Cy)3,6,,92.8,90.638916015625,13.604246139526367
reaction:1409,P(o-Tol)3,1,,73.68,75.43705749511719,13.220229148864746
reaction:1410,CataCXium A,7,,94.57,91.85671997070312,12.824766159057617
reaction:1411,SPhos,6,,86.08,80.73135375976562,13.056475639343262
reaction:1413,XPhos,4,,75.29,74.97123718261719,13.541238784790039
reaction:1417,P(tBu)3,5,,82.54,59.7970085144043,13.40560531616211
reaction:1418,P(Ph)3,1,,87.27,86.55619049072266,13.985179901123047
reaction:1419,AmPhos,0,,80.07,86.50775146484375,13.584320068359375
reaction:1420,P(Cy)3,5,,62.34,76.93724060058594,13.762145042419434
reaction:1421,P(o-Tol)3,7,,60.03,67.64397430419922,12.968484878540039
reaction:1422,CataCXium A,6,,79.46,79.15608978271484,12.817556381225586
reaction:1423,SPhos,6,,52.43,61.341094970703125,12.979660034179688
reaction:1425,XPhos,4,,50.85,57.77479934692383,13.534602165222168
reaction:1429,P(tBu)3,3,,71.32,62.7830924987793,14.781221389770508
reaction:1430,P(Ph)3,6,,84.47,81.78093719482422,14.169173240661621
reaction:1431,AmPhos,3,,78.24,82.82891845703125,14.886245727539062
reaction:1432,P(Cy)3,6,,66.87,64.58328247070312,14.599842071533203
reaction:1433,P(o-Tol)3,4,,56.86,58.640377044677734,13.899340629577637
reaction:1434,CataCXium A,1,,72.38,74.38970947265625,14.321344375610352
reaction:1435,SPhos,1,,47.9,51.43678665161133,14.412087440490723
reaction:1437,XPhos,2,,48.25,45.55455017089844,14.176960945129395
reaction:1441,P(tBu)3,4,,86.11,84.26994323730469,14.643949508666992
reaction:1442,P(Ph)3,0,,93.65,96.08154296875,14.400870323181152
reaction:1443,AmPhos,2,,92.07,93.51675415039062,14.235139846801758
reaction:1444,P(Cy)3,6,,93.78,95.16513061523438,13.844642639160156
reaction:1445,P(o-Tol)3,2,,91.83,94.63604736328125,13.702377319335938
reaction:1446,CataCXium A,2,,94.15,93.74981689453125,13.562445640563965
reaction:1447,SPhos,0,,90.26,90.06598663330078,13.739203453063965
reaction:1449,XPhos,0,,91.45,87.78837585449219,14.038593292236328
reaction:1453,P(tBu)3,5,,71.72,83.86309051513672,13.803658485412598
reaction:1454,P(Ph)3,3,,93.82,92.67665100097656,13.369455337524414
reaction:1455,AmPhos,6,,92.52,91.02525329589844,14.609949111938477
reaction:1456,P(Cy)3,0,,92.43,95.80691528320312,13.601873397827148
reaction:1457,P(o-Tol)3,1,,91.08,93.75159454345703,13.462607383728027
reaction:1458,CataCXium A,2,,93.13,91.65565490722656,13.29694652557373
reaction:1459,SPhos,5,,86.63,84.8353271484375,13.405106544494629
reaction:1461,XPhos,5,,86.36,84.405029296875,13.88439655303955
reaction:1465,P(tBu)3,7,,75.91,76.1475601196289,14.86449909210205
reaction:1466,P(Ph)3,7,,89.29,80.83934020996094,14.994025230407715
reaction:1467,AmPhos,2,,85.76,85.2643051147461,15.075506210327148
reaction:1468,P(Cy)3,4,,88.01,86.19395446777344,14.810243606567383
reaction:1469,P(o-Tol)3,0,,88.6,86.49850463867188,14.542352676391602
reaction:1470,CataCXium A,7,,90.39,86.34285736083984,14.591161727905273
reaction:1471,SPhos,3,,65.6,68.94425964355469,13.925665855407715
reaction:1473,XPhos,2,,77.72,58.24164581298828,14.7347412109375
reaction:1477,P(tBu)3,4,,91.29,81.89431762695312,14.804765701293945
reaction:1478,P(Ph)3,2,,96.74,95.3436050415039,14.235000610351562
reaction:1479,AmPhos,5,,92.82,89.54634094238281,14.890000343322754
reaction:1480,P(Cy)3,1,,96.3,94.2629165649414,14.841875076293945
reaction:1481,P(o-Tol)3,4,,93.73,95.01228332519531,14.28609848022461
reaction:1482,CataCXium A,2,,95.37,95.02112579345703,14.051965713500977
reaction:1483,SPhos,0,,91.37,91.75859069824219,13.921651840209961
reaction:1485,XPhos,0,,90.79,86.77418518066406,14.223294258117676
reaction:1489,P(tBu)3,4,,92.06,81.09391021728516,14.103503227233887
reaction:1490,P(Ph)3,4,,94.47,91.65103149414062,13.815302848815918
reaction:1491,AmPhos,0,,92.08,90.53280639648438,13.370264053344727
reaction:1492,P(Cy)3,0,,92.52,93.37850952148438,13.546131134033203
reaction:1493,P(o-Tol)3,2,,91.99,95.80317687988281,13.318614959716797
reaction:1494,CataCXium A,0,,95.06,91.71344757080078,12.741680145263672
reaction:1495,SPhos,4,,90.53,88.97816467285156,13.282453536987305
reaction:1497,XPhos,4,,90.57,89.26214599609375,13.753521919250488
reaction:1501,P(tBu)3,7,,94.01,85.44027709960938,13.549150466918945
reaction:1502,P(Ph)3,0,,98.69,98.75569152832031,14.176895141601562
reaction:1503,AmPhos,2,,93.28,94.62712097167969,14.027830123901367
reaction:1504,P(Cy)3,0,,92.97,97.95145416259766,13.631648063659668
reaction:1505,P(o-Tol)3,7,,92.65,98.62696838378906,13.637264251708984
reaction:1506,CataCXium A,6,,96.04,93.486328125,13.212348937988281
reaction:1507,SPhos,0,,91.75,96.44963073730469,13.399809837341309
reaction:1509,XPhos,7,,91.45,94.38168334960938,13.925955772399902
reaction:1513,P(tBu)3,3,,81.58,79.43965148925781,13.03719711303711
reaction:1514,P(Ph)3,0,,89.8,88.24369812011719,14.111371994018555
reaction:1515,AmPhos,5,,86.54,84.0278091430664,14.398385047912598
reaction:1516,P(Cy)3,6,,88.06,86.47776794433594,13.690478324890137
reaction:1517,P(o-Tol)3,4,,87.76,86.47322082519531,13.698643684387207
reaction:1518,CataCXium A,3,,89.09,88.38538360595703,12.577654838562012
reaction:1519,SPhos,2,,72.51,73.67973327636719,13.032576560974121
reaction:1521,XPhos,7,,73.77,73.67817687988281,13.930943489074707
reaction:1525,P(tBu)3,5,,59.54,64.04866027832031,14.84793758392334
reaction:1526,P(Ph)3,0,,46.28,67.16390991210938,14.929417610168457
reaction:1527,AmPhos,5,,72.03,72.72406005859375,15.07097339630127
reaction:1528,P(Cy)3,2,,73.65,69.58900451660156,14.75506591796875
reaction:1529,P(o-Tol)3,7,,68.96,62.925994873046875,14.196107864379883
reaction:1530,CataCXium A,7,,72.18,64.69497680664062,14.027117729187012
reaction:1531,SPhos,5,,48.82,58.433349609375,14.310883522033691
reaction:1533,XPhos,1,,48.59,52.06348419189453,14.728530883789062
reaction:1537,P(tBu)3,2,,34.3,55.656394958496094,14.51842975616455
reaction:1538,P(Ph)3,1,,78.03,85.82220458984375,14.227030754089355
reaction:1539,AmPhos,1,,62.59,78.20928955078125,15.292186737060547
reaction:1540,P(Cy)3,5,,50.25,58.548912048339844,15.322675704956055
reaction:1541,P(o-Tol)3,7,,50.56,52.18998718261719,13.545385360717773
reaction:1542,CataCXium A,5,,95.62,71.71544647216797,14.091753959655762
reaction:1543,SPhos,4,,74.84,77.8138198852539,14.219353675842285
reaction:1545,XPhos,5,,67.97,68.42704010009766,14.764375686645508
reaction:1549,P(tBu)3,3,,44.24,55.83332061767578,14.672477722167969
reaction:1550,P(Ph)3,2,,87.31,89.74810791015625,14.332797050476074
reaction:1551,AmPhos,4,,89.54,82.44342803955078,14.599152565002441
reaction:1552,P(Cy)3,3,,60.21,65.23590087890625,14.538945198059082
reaction:1553,P(o-Tol)3,7,,52.95,55.205780029296875,13.451133728027344
reaction:1554,CataCXium A,2,,80.64,86.87603759765625,13.30605411529541
reaction:1555,SPhos,0,,60.49,66.65541076660156,13.402534484863281
reaction:1557,XPhos,2,,50.2,59.11396408081055,14.549254417419434
reaction:1561,P(tBu)3,4,,42.57,50.789886474609375,15.643600463867188
reaction:1562,P(Ph)3,0,,83.05,92.208740234375,15.07915210723877
reaction:1563,AmPhos,3,,88.28,82.6364517211914,15.474720001220703
reaction:1564,P(Cy)3,5,,73.25,74.25394439697266,15.886528968811035
reaction:1565,P(o-Tol)3,2,,69.46,58.931846618652344,14.520447731018066
reaction:1566,CataCXium A,3,,98.61,92.23307800292969,14.262341499328613
reaction:1567,SPhos,6,,68.95,61.1427001953125,14.659285545349121
reaction:1569,XPhos,5,,60.14,53.68803024291992,15.536752700805664
reaction:1573,P(tBu)3,7,,42.91,48.4639892578125,15.571593284606934
reaction:1574,P(Ph)3,6,,74.45,82.2232437133789,14.603057861328125
reaction:1575,AmPhos,2,,84.23,83.7098388671875,15.10925579071045
reaction:1576,P(Cy)3,7,,42.55,41.58006286621094,14.670987129211426
reaction:1577,P(o-Tol)3,2,,58.61,46.43870162963867,14.194108963012695
reaction:1578,CataCXium A,1,,70.52,79.14405822753906,14.267351150512695
reaction:1579,SPhos,7,,61.21,46.48698806762695,14.261279106140137
reaction:1581,XPhos,7,,55.94,40.59955596923828,14.76199722290039
reaction:1585,P(tBu)3,3,,65.86,60.227935791015625,14.617581367492676
reaction:1586,P(Ph)3,1,,91.46,93.39988708496094,13.930788040161133
reaction:1587,AmPhos,5,,90.4,88.49565124511719,14.015769958496094
reaction:1588,P(Cy)3,1,,71.78,66.9794921875,14.006824493408203
reaction:1589,P(o-Tol)3,6,,71.66,65.2061538696289,13.759577751159668
reaction:1590,CataCXium A,4,,96.15,91.23410034179688,13.644664764404297
reaction:1591,SPhos,2,,84.76,80.24412536621094,13.563472747802734
reaction:1593,XPhos,5,,79.44,68.23173522949219,14.38577651977539
reaction:1597,P(tBu)3,7,,72.9,62.75889587402344,15.10932731628418
reaction:1598,P(Ph)3,7,,95.86,91.28555297851562,14.131753921508789
reaction:1599,AmPhos,3,,93.84,84.35222625732422,14.747116088867188
reaction:1600,P(Cy)3,5,,71.12,70.16324615478516,15.11501693725586
reaction:1601,P(o-Tol)3,6,,59.47,70.14566040039062,14.025358200073242
reaction:1602,CataCXium A,5,,95.78,83.69810485839844,13.862512588500977
reaction:1603,SPhos,0,,86.28,81.33082580566406,13.444388389587402
reaction:1605,XPhos,2,,60.54,77.34480285644531,14.54369831085205
reaction:1609,P(tBu)3,0,,72.09,62.08491516113281,15.025986671447754
reaction:1610,P(Ph)3,4,,92.43,88.521484375,14.355040550231934
reaction:1611,AmPhos,3,,92.49,82.46154022216797,14.694053649902344
reaction:1612,P(Cy)3,7,,58.64,69.03176879882812,13.939066886901855
reaction:1613,P(o-Tol)3,3,,49.79,66.1416015625,13.511300086975098
reaction:1614,CataCXium A,1,,95.36,88.54364013671875,13.877546310424805
reaction:1615,SPhos,1,,70.77,77.26506805419922,13.779655456542969
reaction:1617,XPhos,6,,61.61,63.20079803466797,14.147747993469238
reaction:1621,P(tBu)3,7,,80.99,63.159027099609375,15.733039855957031
reaction:1622,P(Ph)3,5,,86.63,84.56254577636719,14.499242782592773
reaction:1623,AmPhos,7,,89.02,77.82247924804688,15.127931594848633
reaction:1624,P(Cy)3,5,,44.82,60.71708297729492,15.7438325881958
reaction:1625,P(o-Tol)3,0,,52.39,64.04450225830078,14.525424003601074
reaction:1626,CataCXium A,5,,97.25,77.36886596679688,14.600500106811523
reaction:1627,SPhos,4,,61.68,65.92027282714844,14.586099624633789
reaction:1629,XPhos,7,,49.48,55.03907012939453,14.961638450622559
reaction:1633,P(tBu)3,4,,31.45,36.12222671508789,15.340804100036621
reaction:1634,P(Ph)3,3,,92.89,90.83470916748047,14.308480262756348
reaction:1635,AmPhos,2,,23.2,24.122722625732422,15.659381866455078
reaction:1636,P(Cy)3,6,,66.25,78.92266082763672,14.739776611328125
reaction:1637,P(o-Tol)3,2,,32.29,30.900373458862305,14.279770851135254
reaction:1638,CataCXium A,4,,26.8,34.263423919677734,14.863679885864258
reaction:1639,SPhos,7,,90.94,81.02600860595703,14.199222564697266
reaction:1641,XPhos,1,,90.0,94.06233215332031,14.554349899291992
reaction:1645,P(tBu)3,7,,35.1,34.427024841308594,15.550246238708496
reaction:1646,P(Ph)3,2,,96.16,91.45671081542969,14.318724632263184
reaction:1647,AmPhos,6,,22.19,22.243803024291992,15.390965461730957
reaction:1648,P(Cy)3,1,,95.29,76.81783294677734,14.724482536315918
reaction:1649,P(o-Tol)3,5,,16.72,30.619632720947266,13.162053108215332
reaction:1650,CataCXium A,3,,30.07,34.64457321166992,13.095660209655762
reaction:1651,SPhos,2,,76.37,82.06671142578125,13.897557258605957
reaction:1653,XPhos,7,,80.96,80.52999877929688,14.180811882019043
reaction:1657,P(tBu)3,5,,17.48,19.25023078918457,15.838783264160156
reaction:1658,P(Ph)3,4,,85.82,81.95692443847656,15.651641845703125
reaction:1659,AmPhos,2,,19.11,20.29694175720215,16.269567489624023
reaction:1660,P(Cy)3,1,,95.0,75.37047576904297,15.790570259094238
reaction:1661,P(o-Tol)3,1,,22.65,22.011173248291016,15.845670700073242
reaction:1662,CataCXium A,7,,37.69,38.93672561645508,14.836711883544922
reaction:1663,SPhos,2,,53.23,69.72147369384766,15.072806358337402
reaction:1665,XPhos,0,,70.51,59.95122528076172,15.698580741882324
reaction:1669,P(tBu)3,1,,21.44,21.194631576538086,15.238602638244629
reaction:1670,P(Ph)3,1,,83.61,80.79735565185547,15.135197639465332
reaction:1671,AmPhos,0,,29.86,16.038387298583984,15.471952438354492
reaction:1672,P(Cy)3,1,,77.59,63.03248596191406,15.206696510314941
reaction:1673,P(o-Tol)3,1,,20.35,19.927881240844727,15.100234031677246
reaction:1674,CataCXium A,2,,31.69,25.874361038208008,13.879234313964844
reaction:1675,SPhos,4,,55.07,66.65593719482422,14.276362419128418
reaction:1677,XPhos,0,,65.8,60.21693420410156,15.217123985290527
reaction:1681,P(tBu)3,2,,37.31,29.13985252380371,14.793164253234863
reaction:1682,P(Ph)3,4,,90.75,87.10977172851562,14.661203384399414
reaction:1683,AmPhos,1,,23.77,23.744075775146484,15.232559204101562
reaction:1684,P(Cy)3,5,,75.02,76.86604309082031,13.550895690917969
reaction:1685,P(o-Tol)3,1,,33.92,26.997467041015625,14.682862281799316
reaction:1686,CataCXium A,7,,23.22,33.60625076293945,13.39017391204834
reaction:1687,SPhos,1,,82.31,76.22150421142578,13.567008018493652
reaction:1689,XPhos,3,,84.34,85.57148742675781,14.528915405273438
reaction:1693,P(tBu)3,3,,38.88,39.178314208984375,15.647567749023438
reaction:1694,P(Ph)3,7,,94.45,90.64250183105469,14.264914512634277
reaction:1695,AmPhos,7,,20.51,25.893590927124023,14.826801300048828
reaction:1696,P(Cy)3,0,,79.1,77.8498764038086,14.263334274291992
reaction:1697,P(o-Tol)3,4,,30.29,31.30013656616211,13.794778823852539
reaction:1698,CataCXium A,7,,18.55,34.07477951049805,13.578640937805176
reaction:1699,SPhos,6,,94.27,84.99928283691406,14.124213218688965
reaction:1701,XPhos,0,,93.61,89.42984008789062,14.835880279541016
reaction:1705,P(tBu)3,0,,37.8,39.76335144042969,14.840851783752441
reaction:1706,P(Ph)3,2,,96.02,90.928466796875,14.330157279968262
reaction:1707,AmPhos,5,,15.05,28.62801170349121,15.613368034362793
reaction:1708,P(Cy)3,7,,73.27,86.64863586425781,14.09229564666748
reaction:1709,P(o-Tol)3,2,,35.32,28.194169998168945,14.116694450378418
reaction:1710,CataCXium A,6,,28.86,34.22294616699219,13.491227149963379
reaction:1711,SPhos,2,,95.06,85.68084716796875,13.939020156860352
reaction:1713,XPhos,0,,91.7,90.12935638427734,14.837363243103027
reaction:1717,P(tBu)3,7,,39.91,41.597957611083984,16.22212028503418
reaction:1718,P(Ph)3,7,,96.15,85.03736114501953,14.946600914001465
reaction:1719,AmPhos,1,,25.97,32.60859680175781,15.971330642700195
reaction:1720,P(Cy)3,4,,94.3,79.73330688476562,15.429207801818848
reaction:1721,P(o-Tol)3,1,,25.48,30.320476531982422,15.484768867492676
reaction:1722,CataCXium A,4,,26.31,39.603294372558594,15.277383804321289
reaction:1723,SPhos,0,,82.24,85.38123321533203,14.895398139953613
reaction:1725,XPhos,6,,81.88,90.60115051269531,15.58658504486084
reaction:1729,P(tBu)3,6,,52.87,36.725608825683594,15.352426528930664
reaction:1730,P(Ph)3,4,,71.41,65.58384704589844,14.619206428527832
reaction:1731,AmPhos,3,,43.54,49.9800910949707,15.602066993713379
reaction:1732,P(Cy)3,1,,54.68,56.56523132324219,14.430472373962402
reaction:1733,P(o-Tol)3,0,,29.2,37.339195251464844,14.036853790283203
reaction:1734,CataCXium A,2,,23.29,52.88316345214844,13.429288864135742
reaction:1735,SPhos,7,,70.63,63.15525817871094,13.715993881225586
reaction:1737,XPhos,2,,68.92,64.182373046875,14.705057144165039
reaction:1741,P(tBu)3,0,,22.8,25.893613815307617,14.830550193786621
reaction:1742,P(Ph)3,7,,90.99,86.07066345214844,14.41583251953125
reaction:1743,AmPhos,5,,46.17,54.85936737060547,15.105685234069824
reaction:1744,P(Cy)3,3,,60.25,74.38630676269531,14.085905075073242
reaction:1745,P(o-Tol)3,5,,31.45,42.9559440612793,14.16515827178955
reaction:1746,CataCXium A,6,,68.31,49.21921920776367,13.62079906463623
reaction:1747,SPhos,7,,66.35,60.2608642578125,13.602160453796387
reaction:1749,XPhos,6,,52.63,61.53781509399414,13.651145935058594
reaction:1753,P(tBu)3,3,,10.33,26.3475284576416,15.201539993286133
reaction:1754,P(Ph)3,1,,92.04,97.66138458251953,15.467227935791016
reaction:1755,AmPhos,3,,66.56,64.31085205078125,16.132768630981445
reaction:1756,P(Cy)3,7,,93.1,85.04682922363281,15.118304252624512
reaction:1757,P(o-Tol)3,3,,58.79,59.19976806640625,14.735541343688965
reaction:1758,CataCXium A,7,,91.26,79.801025390625,14.594727516174316
reaction:1759,SPhos,2,,72.82,83.81791687011719,15.197778701782227
reaction:1761,XPhos,0,,67.02,78.57032012939453,15.559205055236816
reaction:1765,P(tBu)3,2,,23.79,37.66880798339844,14.656340599060059
reaction:1766,P(Ph)3,3,,83.36,85.4676513671875,14.381416320800781
reaction:1767,AmPhos,0,,66.09,59.49007797241211,15.419528007507324
reaction:1768,P(Cy)3,0,,52.88,61.20813751220703,14.547066688537598
reaction:1769,P(o-Tol)3,2,,43.96,48.47660827636719,14.224088668823242
reaction:1770,CataCXium A,6,,65.1,49.71290969848633,14.234118461608887
reaction:1771,SPhos,2,,47.6,59.0539665222168,14.579121589660645
reaction:1773,XPhos,0,,48.02,57.33057403564453,15.00224781036377
reaction:1777,P(tBu)3,1,,39.79,46.37036895751953,14.814386367797852
reaction:1778,P(Ph)3,7,,83.87,89.93345642089844,14.421941757202148
reaction:1779,AmPhos,1,,61.52,61.58766174316406,14.975488662719727
reaction:1780,P(Cy)3,2,,89.01,70.61177062988281,14.196435928344727
reaction:1781,P(o-Tol)3,2,,54.78,47.96470260620117,13.488094329833984
reaction:1782,CataCXium A,7,,52.04,69.03839874267578,13.113471031188965
reaction:1783,SPhos,1,,74.8,80.93679809570312,13.484339714050293
reaction:1785,XPhos,0,,71.36,78.6225357055664,14.470704078674316
reaction:1789,P(tBu)3,4,,61.88,54.8931770324707,15.401074409484863
reaction:1790,P(Ph)3,6,,89.04,87.73551177978516,13.8027982711792
reaction:1791,AmPhos,4,,67.24,61.1267204284668,15.248939514160156
reaction:1792,P(Cy)3,6,,71.21,73.05792999267578,14.88542366027832
reaction:1793,P(o-Tol)3,5,,57.62,51.25829315185547,14.222363471984863
reaction:1794,CataCXium A,4,,53.67,63.483787536621094,13.911681175231934
reaction:1795,SPhos,4,,77.06,78.7315444946289,14.1395845413208
reaction:1797,XPhos,2,,75.0,72.37559509277344,14.553962707519531
reaction:1801,P(tBu)3,5,,65.32,46.03404998779297,15.21359920501709
reaction:1802,P(Ph)3,5,,85.9,79.19265747070312,14.258378028869629
reaction:1803,AmPhos,2,,57.78,53.182186126708984,14.897706031799316
reaction:1804,P(Cy)3,4,,70.55,59.60089874267578,14.302935600280762
reaction:1805,P(o-Tol)3,6,,45.41,44.723426818847656,13.27027416229248
reaction:1806,CataCXium A,4,,53.78,54.88299560546875,13.950490951538086
reaction:1807,SPhos,2,,75.33,60.5162239074707,14.192310333251953
reaction:1809,XPhos,5,,65.57,57.733123779296875,14.37438678741455
reaction:1813,P(tBu)3,4,,60.05,54.13706970214844,16.049448013305664
reaction:1814,P(Ph)3,6,,79.66,78.99970245361328,14.993739128112793
reaction:1815,AmPhos,2,,45.66,56.100502014160156,15.671292304992676
reaction:1816,P(Cy)3,6,,68.03,57.75050735473633,15.75019645690918
reaction:1817,P(o-Tol)3,0,,52.13,41.87124252319336,14.535188674926758
reaction:1818,CataCXium A,6,,49.82,53.82746124267578,14.84968090057373
reaction:1819,SPhos,7,,71.12,59.905906677246094,14.489442825317383
reaction:1821,XPhos,4,,74.08,52.26979446411133,15.316961288452148
reaction:1825,P(tBu)3,6,,28.74,26.24937629699707,16.594587326049805
reaction:1826,P(Ph)3,4,,91.0,84.78655242919922,15.047602653503418
reaction:1827,AmPhos,6,,46.01,48.46635437011719,15.779552459716797
reaction:1828,P(Cy)3,2,,62.34,78.0237808227539,15.275151252746582
reaction:1829,P(o-Tol)3,4,,54.12,50.87745666503906,15.460173606872559
reaction:1830,CataCXium A,7,,36.3,42.66242218017578,13.50450611114502
reaction:1831,SPhos,5,,72.63,59.14983367919922,13.920528411865234
reaction:1833,XPhos,7,,63.61,67.1055908203125,15.528892517089844
reaction:1837,P(tBu)3,3,,26.25,27.075258255004883,15.264710426330566
reaction:1838,P(Ph)3,7,,92.54,90.27902221679688,14.134726524353027
reaction:1839,AmPhos,4,,54.75,45.71696090698242,16.234596252441406
reaction:1840,P(Cy)3,2,,89.22,79.58927154541016,15.068706512451172
reaction:1841,P(o-Tol)3,1,,55.28,55.32480239868164,13.578285217285156
reaction:1842,CataCXium A,5,,46.34,46.01131820678711,13.658950805664062
reaction:1843,SPhos,1,,57.38,61.2352180480957,14.24882698059082
reaction:1845,XPhos,7,,56.03,56.99477005004883,15.327460289001465
reaction:1849,P(tBu)3,6,,30.54,19.95086097717285,17.35236358642578
reaction:1850,P(Ph)3,5,,80.77,80.36283874511719,15.937390327453613
reaction:1851,AmPhos,7,,38.15,56.654518127441406,16.167701721191406
reaction:1852,P(Cy)3,6,,79.56,70.59231567382812,15.710668563842773
reaction:1853,P(o-Tol)3,2,,48.82,46.834571838378906,15.227364540100098
reaction:1854,CataCXium A,1,,41.54,50.33656692504883,15.108744621276855
reaction:1855,SPhos,3,,31.36,47.00130081176758,14.704373359680176
reaction:1857,XPhos,0,,36.08,41.170654296875,15.674983978271484
reaction:1861,P(tBu)3,1,,25.47,25.84111976623535,15.96171760559082
reaction:1862,P(Ph)3,1,,94.74,88.71611022949219,15.357819557189941
reaction:1863,AmPhos,1,,55.38,51.33212661743164,15.558876037597656
reaction:1864,P(Cy)3,0,,83.07,78.48680877685547,14.197859764099121
reaction:1865,P(o-Tol)3,6,,61.24,55.10791778564453,14.326955795288086
reaction:1866,CataCXium A,5,,40.4,50.2476692199707,14.188579559326172
reaction:1867,SPhos,6,,74.29,67.39856719970703,14.645014762878418
reaction:1869,XPhos,4,,68.52,68.23286437988281,15.169097900390625
reaction:1873,P(tBu)3,5,,19.33,28.999231338500977,15.003714561462402
reaction:1874,P(Ph)3,7,,94.2,91.55309295654297,14.190099716186523
reaction:1875,AmPhos,5,,51.1,48.31507110595703,14.99325942993164
reaction:1876,P(Cy)3,7,,82.87,80.66484069824219,14.607476234436035
reaction:1877,P(o-Tol)3,3,,58.21,52.655120849609375,13.237194061279297
reaction:1878,CataCXium A,7,,35.0,49.46021270751953,13.383950233459473
reaction:1879,SPhos,1,,73.51,66.71919250488281,14.083861351013184
reaction:1881,XPhos,5,,71.6,67.03475189208984,14.436640739440918
reaction:1885,P(tBu)3,3,,22.38,29.652944564819336,15.38621997833252
reaction:1886,P(Ph)3,5,,94.74,90.55630493164062,14.705619812011719
reaction:1887,AmPhos,4,,50.15,45.43912887573242,16.25044822692871
reaction:1888,P(Cy)3,6,,86.78,76.17608642578125,14.610481262207031
reaction:1889,P(o-Tol)3,4,,58.07,52.35105895996094,15.151538848876953
reaction:1890,CataCXium A,1,,36.27,47.77880859375,13.777009010314941
reaction:1891,SPhos,7,,76.49,65.47480773925781,14.124666213989258
reaction:1893,XPhos,7,,76.38,65.70980834960938,15.426100730895996
reaction:1897,P(tBu)3,5,,22.3,26.91340446472168,15.107522010803223
reaction:1898,P(Ph)3,1,,86.35,86.10054016113281,14.874436378479004
reaction:1899,AmPhos,7,,39.96,50.22206115722656,15.263103485107422
reaction:1900,P(Cy)3,4,,74.99,70.69563293457031,14.834855079650879
reaction:1901,P(o-Tol)3,4,,48.59,48.77051544189453,15.230327606201172
reaction:1902,CataCXium A,4,,42.82,37.505340576171875,13.935112953186035
reaction:1903,SPhos,6,,38.93,53.60946273803711,14.015148162841797
reaction:1905,XPhos,3,,40.32,47.81848907470703,14.684748649597168
reaction:1909,P(tBu)3,1,,24.85,18.762537002563477,16.124038696289062
reaction:1910,P(Ph)3,5,,67.67,70.99296569824219,15.593875885009766
reaction:1911,AmPhos,4,,31.33,40.4393196105957,16.74081802368164
reaction:1912,P(Cy)3,2,,60.57,61.460365295410156,15.779922485351562
reaction:1913,P(o-Tol)3,4,,39.76,41.14311599731445,15.654001235961914
reaction:1914,CataCXium A,0,,34.18,32.81881332397461,13.87451457977295
reaction:1915,SPhos,1,,29.22,33.92839813232422,15.0322265625
reaction:1917,XPhos,7,,28.87,30.26214027404785,15.852322578430176
reaction:1921,P(tBu)3,1,,93.45,89.78480529785156,14.369415283203125
reaction:1922,P(Ph)3,2,,91.77,91.06106567382812,13.331134796142578
reaction:1923,AmPhos,2,,94.83,95.74055480957031,13.854117393493652
reaction:1924,P(Cy)3,1,,85.66,83.35772705078125,13.981450080871582
reaction:1925,P(o-Tol)3,4,,84.89,83.78128051757812,13.235146522521973
reaction:1926,CataCXium A,1,,94.39,96.06770324707031,14.065099716186523
reaction:1927,SPhos,4,,91.96,93.51152038574219,13.54598331451416
reaction:1929,XPhos,1,,90.64,85.6395263671875,14.04733943939209
reaction:1933,P(tBu)3,2,,90.21,85.34215545654297,14.247457504272461
reaction:1934,P(Ph)3,0,,86.31,91.51170349121094,13.18001651763916
reaction:1935,AmPhos,0,,94.41,97.08522033691406,13.653162002563477
reaction:1936,P(Cy)3,2,,83.44,81.20016479492188,13.489862442016602
reaction:1937,P(o-Tol)3,2,,78.9,78.37750244140625,13.042450904846191
reaction:1938,CataCXium A,1,,87.12,89.442138671875,13.882609367370605
reaction:1939,SPhos,2,,73.94,83.34004211425781,12.948532104492188
reaction:1941,XPhos,3,,74.99,75.00601959228516,13.47875690460205
reaction:1945,P(tBu)3,2,,77.29,75.15496826171875,15.245026588439941
reaction:1946,P(Ph)3,1,,82.9,82.84397888183594,14.681293487548828
reaction:1947,AmPhos,0,,91.18,93.45938110351562,15.01442813873291
reaction:1948,P(Cy)3,5,,73.98,80.89292907714844,14.772202491760254
reaction:1949,P(o-Tol)3,4,,77.15,79.05718994140625,14.144767761230469
reaction:1950,CataCXium A,7,,88.58,86.03466033935547,14.302602767944336
reaction:1951,SPhos,7,,76.2,75.05171966552734,14.116618156433105
reaction:1953,XPhos,1,,72.25,73.66192626953125,15.06136417388916
reaction:1957,P(tBu)3,2,,73.51,75.94165802001953,14.790043830871582
reaction:1958,P(Ph)3,3,,76.58,81.045166015625,14.240424156188965
reaction:1959,AmPhos,6,,85.14,87.88479614257812,13.725165367126465
reaction:1960,P(Cy)3,3,,65.61,70.41307067871094,13.65916919708252
reaction:1961,P(o-Tol)3,1,,66.38,66.77734375,13.767788887023926
reaction:1962,CataCXium A,5,,83.98,79.87274932861328,13.786581993103027
reaction:1963,SPhos,6,,81.32,63.80811309814453,13.561681747436523
reaction:1965,XPhos,6,,71.22,59.630130767822266,13.674188613891602
reaction:1969,P(tBu)3,6,,91.28,87.83487701416016,13.587066650390625
reaction:1970,P(Ph)3,5,,94.13,87.87866973876953,13.014463424682617
reaction:1971,AmPhos,5,,99.05,94.22378540039062,13.668168067932129
reaction:1972,P(Cy)3,1,,91.07,81.38917541503906,13.519360542297363
reaction:1973,P(o-Tol)3,5,,86.97,80.94938659667969,12.815075874328613
reaction:1974,CataCXium A,6,,95.97,96.78499603271484,12.393052101135254
reaction:1975,SPhos,7,,93.95,91.6039810180664,12.643718719482422
reaction:1977,XPhos,5,,93.06,86.05817413330078,12.968015670776367
reaction:1981,P(tBu)3,2,,98.42,102.2210464477539,14.06441593170166
reaction:1982,P(Ph)3,7,,94.7,95.76292419433594,13.164324760437012
reaction:1983,AmPhos,1,,99.15,97.8422622680664,14.249360084533691
reaction:1984,P(Cy)3,5,,92.42,90.72779846191406,13.499018669128418
reaction:1985,P(o-Tol)3,2,,88.64,87.28799438476562,12.926250457763672
reaction:1986,CataCXium A,4,,96.48,97.22357177734375,13.250842094421387
reaction:1987,SPhos,3,,93.44,98.67112731933594,12.938227653503418
reaction:1989,XPhos,7,,92.77,89.82621765136719,13.017935752868652
reaction:1993,P(tBu)3,5,,96.3,101.95569610595703,13.765875816345215
reaction:1994,P(Ph)3,5,,94.38,92.77000427246094,13.113228797912598
reaction:1995,AmPhos,1,,97.98,94.9858627319336,14.189831733703613
reaction:1996,P(Cy)3,5,,85.57,86.25621032714844,13.46308422088623
reaction:1997,P(o-Tol)3,1,,83.26,78.83822631835938,13.253334045410156
reaction:1998,CataCXium A,4,,94.32,95.52668762207031,13.340540885925293
reaction:1999,SPhos,4,,84.9,86.71926879882812,13.112682342529297
reaction:2001,XPhos,2,,72.37,82.23045349121094,13.355900764465332
reaction:2005,P(tBu)3,1,,90.88,92.2803955078125,14.853506088256836
reaction:2006,P(Ph)3,2,,79.83,79.29312896728516,14.008209228515625
reaction:2007,AmPhos,1,,86.16,88.10340881347656,15.044075012207031
reaction:2008,P(Cy)3,6,,61.84,67.14575958251953,14.537762641906738
reaction:2009,P(o-Tol)3,4,,58.42,63.720054626464844,13.68309497833252
reaction:2010,CataCXium A,1,,71.98,80.51263427734375,14.870610237121582
reaction:2011,SPhos,4,,63.7,63.12812423706055,13.873872756958008
reaction:2013,XPhos,1,,48.24,61.06142807006836,14.582714080810547
reaction:2017,P(tBu)3,0,,87.52,91.78938293457031,14.043715476989746
reaction:2018,P(Ph)3,4,,86.4,93.69338989257812,13.637675285339355
reaction:2019,AmPhos,6,,91.17,95.67874145507812,14.383262634277344
reaction:2020,P(Cy)3,7,,75.17,84.91403198242188,13.676058769226074
reaction:2021,P(o-Tol)3,7,,73.61,80.1854248046875,13.177031517028809
reaction:2022,CataCXium A,0,,92.59,91.94783020019531,13.438457489013672
reaction:2023,SPhos,3,,81.41,86.02227783203125,13.873327255249023
reaction:2025,XPhos,7,,82.69,84.33749389648438,13.759415626525879
reaction:2029,P(tBu)3,0,,95.58,88.14659118652344,13.517457008361816
reaction:2030,P(Ph)3,3,,94.23,86.42980194091797,13.720080375671387
reaction:2031,AmPhos,3,,91.47,89.59379577636719,14.090929985046387
reaction:2032,P(Cy)3,4,,75.42,79.75030517578125,12.98214340209961
reaction:2033,P(o-Tol)3,5,,63.8,76.27104187011719,13.937204360961914
reaction:2034,CataCXium A,1,,87.5,86.09037780761719,13.353357315063477
reaction:2035,SPhos,5,,68.79,71.08282470703125,12.781038284301758
reaction:2037,XPhos,5,,56.96,66.79434967041016,13.40662956237793
reaction:2041,P(tBu)3,3,,70.1,63.933860778808594,14.893991470336914
reaction:2042,P(Ph)3,3,,73.19,71.99437713623047,14.51809310913086
reaction:2043,AmPhos,5,,79.38,80.03268432617188,15.059158325195312
reaction:2044,P(Cy)3,0,,64.74,63.55099105834961,14.297616004943848
reaction:2045,P(o-Tol)3,5,,51.31,60.47697448730469,15.00017261505127
reaction:2046,CataCXium A,5,,73.74,71.69648742675781,14.291648864746094
reaction:2047,SPhos,4,,50.98,46.30303955078125,14.357236862182617
reaction:2049,XPhos,7,,41.21,47.966854095458984,15.098150253295898
reaction:2053,P(tBu)3,2,,62.64,66.31104278564453,13.978082656860352
reaction:2054,P(Ph)3,0,,63.24,68.61067962646484,13.906330108642578
reaction:2055,AmPhos,2,,72.78,73.23775482177734,13.684131622314453
reaction:2056,P(Cy)3,1,,53.88,54.745201110839844,14.678886413574219
reaction:2057,P(o-Tol)3,5,,46.37,49.138092041015625,14.467140197753906
reaction:2058,CataCXium A,5,,70.7,67.90812683105469,13.928912162780762
reaction:2059,SPhos,3,,47.47,50.71320343017578,13.959648132324219
reaction:2061,XPhos,5,,43.93,49.14656066894531,13.993837356567383
reaction:2065,P(tBu)3,1,,79.77,76.4280776977539,13.229333877563477
reaction:2066,P(Ph)3,7,,77.32,79.40650939941406,13.296615600585938
reaction:2067,AmPhos,3,,84.23,80.57286071777344,13.99020004272461
reaction:2068,P(Cy)3,1,,68.45,69.13597106933594,14.356719970703125
reaction:2069,P(o-Tol)3,3,,64.85,62.15653610229492,13.432780265808105
reaction:2070,CataCXium A,5,,86.12,77.68804931640625,13.08746337890625
reaction:2071,SPhos,3,,73.7,72.50582122802734,13.365325927734375
reaction:2073,XPhos,2,,72.71,68.41483306884766,13.34524917602539
reaction:2077,P(tBu)3,7,,93.55,91.6128921508789,14.094852447509766
reaction:2078,P(Ph)3,5,,94.71,89.2806625366211,13.387127876281738
reaction:2079,AmPhos,7,,95.53,90.35436248779297,14.499276161193848
reaction:2080,P(Cy)3,7,,82.19,82.88105773925781,13.523415565490723
reaction:2081,P(o-Tol)3,5,,87.04,77.32715606689453,13.807656288146973
reaction:2082,CataCXium A,5,,96.61,88.68795776367188,13.277250289916992
reaction:2083,SPhos,2,,95.34,86.04695129394531,12.82028865814209
reaction:2085,XPhos,0,,93.67,76.66925811767578,12.911304473876953
reaction:2089,P(tBu)3,4,,96.25,96.77313232421875,13.005491256713867
reaction:2090,P(Ph)3,0,,97.09,94.56666564941406,13.301058769226074
reaction:2091,AmPhos,7,,96.0,89.82438659667969,14.526358604431152
reaction:2092,P(Cy)3,7,,90.29,83.37281799316406,13.63365364074707
reaction:2093,P(o-Tol)3,6,,84.87,73.46263122558594,13.317941665649414
reaction:2094,CataCXium A,0,,94.85,96.01850891113281,13.091748237609863
reaction:2095,SPhos,4,,85.37,84.43724060058594,13.138701438903809
reaction:2097,XPhos,4,,80.34,77.04315185546875,13.403047561645508
reaction:2101,P(tBu)3,5,,89.61,91.21472930908203,14.221600532531738
reaction:2102,P(Ph)3,2,,88.95,88.55654907226562,14.412747383117676
reaction:2103,AmPhos,7,,89.95,91.71841430664062,15.122718811035156
reaction:2104,P(Cy)3,2,,77.56,78.97891998291016,14.559989929199219
reaction:2105,P(o-Tol)3,3,,65.8,69.67012023925781,14.55284595489502
reaction:2106,CataCXium A,3,,86.35,86.20234680175781,14.005959510803223
reaction:2107,SPhos,6,,68.0,73.24205017089844,13.977049827575684
reaction:2109,XPhos,1,,61.65,68.20413970947266,14.33365249633789
reaction:2113,P(tBu)3,6,,74.71,72.57192993164062,13.923174858093262
reaction:2114,P(Ph)3,7,,88.53,95.64628601074219,13.50997257232666
reaction:2115,AmPhos,0,,93.09,95.81407165527344,13.962679862976074
reaction:2116,P(Cy)3,6,,93.81,83.22547149658203,13.631485939025879
reaction:2117,P(o-Tol)3,3,,82.45,68.77379608154297,13.493897438049316
reaction:2118,CataCXium A,3,,94.6,91.31097412109375,13.514342308044434
reaction:2119,SPhos,7,,91.09,92.20143127441406,12.855012893676758
reaction:2121,XPhos,2,,90.34,79.5658950805664,13.26122760772705
reaction:2125,P(tBu)3,7,,9.76,45.054927825927734,13.227198600769043
reaction:2126,P(Ph)3,6,,93.09,91.85829162597656,12.89008617401123
reaction:2127,AmPhos,3,,88.64,80.29449462890625,13.950350761413574
reaction:2128,P(Cy)3,4,,70.05,81.22789001464844,13.217268943786621
reaction:2129,P(o-Tol)3,2,,62.61,60.41796112060547,13.116300582885742
reaction:2130,CataCXium A,7,,84.49,78.73107147216797,12.861710548400879
reaction:2131,SPhos,1,,75.87,74.240234375,13.605385780334473
reaction:2133,XPhos,6,,72.62,67.82328796386719,13.036205291748047
reaction:2137,P(tBu)3,2,,8.72,35.48491668701172,14.681516647338867
reaction:2138,P(Ph)3,4,,90.92,92.63578796386719,14.455352783203125
reaction:2139,AmPhos,6,,91.83,87.88865661621094,15.209874153137207
reaction:2140,P(Cy)3,5,,82.68,84.55496215820312,14.48714828491211
reaction:2141,P(o-Tol)3,5,,77.72,69.27728271484375,14.248064041137695
reaction:2142,CataCXium A,2,,94.69,94.30404663085938,14.046916961669922
reaction:2143,SPhos,4,,82.58,85.12501525878906,14.49962043762207
reaction:2145,XPhos,1,,75.7,80.9773941040039,14.838048934936523
reaction:2149,P(tBu)3,3,,67.21,38.61701202392578,14.302382469177246
reaction:2150,P(Ph)3,3,,82.49,86.234375,13.816295623779297
reaction:2151,AmPhos,3,,85.38,85.81597900390625,14.386788368225098
reaction:2152,P(Cy)3,0,,60.87,69.60639190673828,13.721846580505371
reaction:2153,P(o-Tol)3,4,,55.43,66.99824523925781,13.454986572265625
reaction:2154,CataCXium A,2,,80.23,82.15020751953125,13.353973388671875
reaction:2155,SPhos,6,,65.91,62.13622283935547,13.572383880615234
reaction:2157,XPhos,7,,51.28,65.75016784667969,13.85833740234375
reaction:2161,P(tBu)3,4,,56.56,60.582054138183594,13.535384178161621
reaction:2162,P(Ph)3,0,,93.46,95.75526428222656,12.876519203186035
reaction:2163,AmPhos,6,,91.35,96.8874282836914,13.593337059020996
reaction:2164,P(Cy)3,6,,93.62,87.78532409667969,13.371118545532227
reaction:2165,P(o-Tol)3,3,,82.14,70.44097900390625,13.044734954833984
reaction:2166,CataCXium A,6,,94.13,97.83929443359375,12.62936782836914
reaction:2167,SPhos,5,,88.89,91.79341125488281,12.71535587310791
reaction:2169,XPhos,3,,85.96,77.91041564941406,13.124822616577148
reaction:2173,P(tBu)3,1,,88.33,81.2275390625,13.697105407714844
reaction:2174,P(Ph)3,7,,95.49,100.09519958496094,13.398114204406738
reaction:2175,AmPhos,1,,96.28,98.14622497558594,13.825383186340332
reaction:2176,P(Cy)3,3,,89.03,90.92059326171875,13.56950855255127
reaction:2177,P(o-Tol)3,3,,82.58,76.79316711425781,13.276459693908691
reaction:2178,CataCXium A,5,,96.97,96.18661499023438,12.871545791625977
reaction:2179,SPhos,3,,93.79,89.514892578125,12.855741500854492
reaction:2181,XPhos,1,,82.14,79.0577163696289,13.498064041137695
reaction:2185,P(tBu)3,6,,92.96,75.56364440917969,13.75897216796875
reaction:2186,P(Ph)3,1,,89.15,89.92402648925781,13.799379348754883
reaction:2187,AmPhos,2,,90.81,88.47608947753906,13.612672805786133
reaction:2188,P(Cy)3,3,,76.98,70.8187255859375,13.59129810333252
reaction:2189,P(o-Tol)3,5,,71.34,70.59357452392578,13.019172668457031
reaction:2190,CataCXium A,4,,86.44,83.85052490234375,13.01458740234375
reaction:2191,SPhos,4,,73.02,69.36931610107422,13.193490982055664
reaction:2193,XPhos,7,,72.75,62.73011779785156,13.305418014526367
reaction:2197,P(tBu)3,4,,90.92,70.0481948852539,14.501955032348633
reaction:2198,P(Ph)3,4,,95.18,77.93257141113281,14.158166885375977
reaction:2199,AmPhos,2,,95.78,83.184326171875,14.566376686096191
reaction:2200,P(Cy)3,5,,62.9,61.91487503051758,14.069097518920898
reaction:2201,P(o-Tol)3,1,,51.62,69.67638397216797,13.930166244506836
reaction:2202,CataCXium A,7,,74.53,73.85099792480469,13.865840911865234
reaction:2203,SPhos,1,,55.91,54.927181243896484,14.424091339111328
reaction:2205,XPhos,4,,44.36,50.727386474609375,14.43735408782959
reaction:2209,P(tBu)3,6,,80.02,82.51289367675781,15.383045196533203
reaction:2210,P(Ph)3,6,,89.96,84.73907470703125,13.578804969787598
reaction:2211,AmPhos,5,,90.36,86.51106262207031,14.575630187988281
reaction:2212,P(Cy)3,5,,84.38,88.84091186523438,14.69912338256836
reaction:2213,P(o-Tol)3,7,,83.25,89.5262222290039,13.815754890441895
reaction:2214,CataCXium A,0,,84.8,81.97431182861328,13.202736854553223
reaction:2215,SPhos,4,,83.9,91.6692123413086,13.973060607910156
reaction:2217,XPhos,4,,81.05,90.21039581298828,14.500077247619629
reaction:2221,P(tBu)3,4,,77.27,71.45693969726562,13.954316139221191
reaction:2222,P(Ph)3,3,,87.84,85.81782531738281,13.36119556427002
reaction:2223,AmPhos,0,,90.07,88.38604736328125,13.463435173034668
reaction:2224,P(Cy)3,3,,86.58,86.55082702636719,12.833596229553223
reaction:2225,P(o-Tol)3,5,,86.82,88.11958312988281,13.805343627929688
reaction:2226,CataCXium A,1,,83.75,82.71270751953125,13.431154251098633
reaction:2227,SPhos,1,,82.5,84.00244140625,13.337599754333496
reaction:2229,XPhos,2,,81.52,82.8315658569336,13.652596473693848
reaction:2233,P(tBu)3,5,,67.08,68.8236312866211,15.019073486328125
reaction:2234,P(Ph)3,5,,68.0,76.21769714355469,15.399565696716309
reaction:2235,AmPhos,0,,75.68,79.77373504638672,14.797507286071777
reaction:2236,P(Cy)3,5,,77.41,76.64144897460938,15.340398788452148
reaction:2237,P(o-Tol)3,5,,72.92,79.47671508789062,14.975261688232422
reaction:2238,CataCXium A,4,,76.08,74.9740219116211,14.63930606842041
reaction:2239,SPhos,1,,52.18,60.04698944091797,14.721248626708984
reaction:2241,XPhos,3,,49.61,64.84000396728516,13.955635070800781
reaction:2245,P(tBu)3,6,,83.04,82.64157104492188,15.566061019897461
reaction:2246,P(Ph)3,5,,90.36,87.76582336425781,14.591337203979492
reaction:2247,AmPhos,5,,92.58,85.4341812133789,14.856879234313965
reaction:2248,P(Cy)3,0,,88.04,89.33119201660156,13.867924690246582
reaction:2249,P(o-Tol)3,0,,88.19,89.79096984863281,13.706293106079102
reaction:2250,CataCXium A,2,,91.15,85.42745971679688,13.926315307617188
reaction:2251,SPhos,3,,88.96,88.5829086303711,13.545886039733887
reaction:2253,XPhos,4,,85.09,88.58735656738281,14.603960037231445
reaction:2257,P(tBu)3,3,,80.91,77.92984008789062,12.7887544631958
reaction:2258,P(Ph)3,2,,83.21,84.99183654785156,13.48777961730957
reaction:2259,AmPhos,2,,83.8,88.9878158569336,13.665533065795898
reaction:2260,P(Cy)3,5,,78.56,89.53656768798828,14.198777198791504
reaction:2261,P(o-Tol)3,1,,86.4,85.49590301513672,13.348840713500977
reaction:2262,CataCXium A,1,,83.71,81.96691131591797,13.184236526489258
reaction:2263,SPhos,7,,87.81,87.81358337402344,13.217979431152344
reaction:2265,XPhos,2,,82.35,90.5667724609375,13.50411605834961
reaction:2269,P(tBu)3,7,,85.92,80.21485900878906,13.44482707977295
reaction:2270,P(Ph)3,7,,92.33,91.5245590209961,13.489886283874512
reaction:2271,AmPhos,1,,100.0,85.29241180419922,13.802979469299316
reaction:2272,P(Cy)3,5,,89.27,93.01945495605469,14.298434257507324
reaction:2273,P(o-Tol)3,1,,100.0,88.12840270996094,13.64643669128418
reaction:2274,CataCXium A,0,,86.19,85.9881362915039,12.765679359436035
reaction:2275,SPhos,3,,100.0,90.72189331054688,13.010842323303223
reaction:2277,XPhos,4,,91.9,94.48008728027344,14.027310371398926
reaction:2281,P(tBu)3,5,,70.65,72.80487060546875,13.860671043395996
reaction:2282,P(Ph)3,2,,78.77,78.39847564697266,13.505871772766113
reaction:2283,AmPhos,6,,73.96,84.35574340820312,14.678292274475098
reaction:2284,P(Cy)3,3,,84.05,77.7435302734375,12.996023178100586
reaction:2285,P(o-Tol)3,7,,72.18,81.10513305664062,13.816171646118164
reaction:2286,CataCXium A,5,,73.53,81.5760498046875,13.399341583251953
reaction:2287,SPhos,3,,76.43,69.70401763916016,13.004622459411621
reaction:2289,XPhos,5,,78.36,67.5110092163086,13.681648254394531
reaction:2293,P(tBu)3,6,,41.39,59.212120056152344,16.047008514404297
reaction:2294,P(Ph)3,3,,47.4,54.29408264160156,14.173328399658203
reaction:2295,AmPhos,6,,66.14,72.3046646118164,15.608469009399414
reaction:2296,P(Cy)3,6,,72.16,63.69667434692383,14.71646785736084
reaction:2297,P(o-Tol)3,6,,64.73,58.37103271484375,14.087138175964355
reaction:2298,CataCXium A,2,,55.71,63.878440856933594,14.221903800964355
reaction:2299,SPhos,0,,63.75,52.106693267822266,13.845877647399902
reaction:2301,XPhos,1,,66.05,50.485069274902344,14.813990592956543
reaction:2305,P(tBu)3,6,,54.09,75.99793243408203,14.85595417022705
reaction:2306,P(Ph)3,3,,89.89,82.99278259277344,14.806384086608887
reaction:2307,AmPhos,2,,88.23,84.42423248291016,14.965530395507812
reaction:2308,P(Cy)3,4,,71.74,76.87545776367188,14.4238920211792
reaction:2309,P(o-Tol)3,5,,75.74,61.560001373291016,13.92087459564209
reaction:2310,CataCXium A,4,,87.89,84.01882934570312,14.375650405883789
reaction:2311,SPhos,4,,85.64,87.68707275390625,14.123926162719727
reaction:2313,XPhos,6,,73.21,79.7783203125,14.334028244018555
reaction:2317,P(tBu)3,2,,60.99,63.20372772216797,15.007598876953125
reaction:2318,P(Ph)3,0,,68.23,73.82200622558594,13.874561309814453
reaction:2319,AmPhos,6,,66.89,81.75079345703125,14.317500114440918
reaction:2320,P(Cy)3,2,,70.14,62.00215148925781,13.926996231079102
reaction:2321,P(o-Tol)3,1,,59.04,56.06889724731445,13.733012199401855
reaction:2322,CataCXium A,1,,56.68,73.89588928222656,14.337464332580566
reaction:2323,SPhos,0,,73.5,68.30587768554688,13.73097038269043
reaction:2325,XPhos,2,,60.47,62.21697998046875,14.067398071289062
reaction:2329,P(tBu)3,0,,0.0,66.70301055908203,15.756769180297852
reaction:2330,P(Ph)3,3,,53.51,70.03376770019531,15.334859848022461
reaction:2331,AmPhos,0,,68.33,77.9976806640625,15.620962142944336
reaction:2332,P(Cy)3,6,,72.87,51.14628601074219,15.212309837341309
reaction:2333,P(o-Tol)3,6,,70.13,39.41189956665039,15.078193664550781
reaction:2334,CataCXium A,4,,57.5,71.72120666503906,15.064189910888672
reaction:2335,SPhos,4,,73.4,64.10199737548828,14.852770805358887
reaction:2337,XPhos,0,,58.39,57.75242233276367,15.239790916442871
reaction:2341,P(tBu)3,0,,38.56,58.66480255126953,15.214987754821777
reaction:2342,P(Ph)3,2,,59.59,56.11687088012695,14.032368659973145
reaction:2343,AmPhos,0,,61.85,70.50852966308594,14.895039558410645
reaction:2344,P(Cy)3,2,,40.11,42.11001205444336,14.481359481811523
reaction:2345,P(o-Tol)3,4,,35.17,42.48114776611328,13.985145568847656
reaction:2346,CataCXium A,1,,48.02,61.20805358886719,14.857829093933105
reaction:2347,SPhos,5,,53.78,54.424739837646484,14.180246353149414
reaction:2349,XPhos,0,,55.03,47.562767028808594,14.842977523803711
reaction:2353,P(tBu)3,5,,54.09,62.52225875854492,14.765893936157227
reaction:2354,P(Ph)3,6,,70.82,73.82099151611328,14.017534255981445
reaction:2355,AmPhos,5,,81.7,79.53333282470703,14.93366527557373
reaction:2356,P(Cy)3,1,,74.2,67.10940551757812,14.126861572265625
reaction:2357,P(o-Tol)3,0,,61.1,57.938690185546875,13.517228126525879
reaction:2358,CataCXium A,0,,78.09,77.87657165527344,13.147296905517578
reaction:2359,SPhos,7,,89.93,81.83820343017578,13.247097969055176
reaction:2361,XPhos,0,,70.65,77.59059143066406,14.168293952941895
reaction:2365,P(tBu)3,3,,92.06,70.49575805664062,15.213078498840332
reaction:2366,P(Ph)3,1,,73.07,83.28556823730469,14.231587409973145
reaction:2367,AmPhos,4,,85.26,87.02053833007812,14.678084373474121
reaction:2368,P(Cy)3,0,,87.12,76.25885009765625,13.930136680603027
reaction:2369,P(o-Tol)3,5,,76.39,58.894893646240234,13.601319313049316
reaction:2370,CataCXium A,0,,70.45,82.34919738769531,13.363930702209473
reaction:2371,SPhos,0,,82.08,88.82530212402344,13.825468063354492
reaction:2373,XPhos,4,,77.21,71.05421447753906,14.520856857299805
reaction:2377,P(tBu)3,4,,91.87,66.424560546875,15.181328773498535
reaction:2378,P(Ph)3,4,,86.04,73.02391052246094,14.191841125488281
reaction:2379,AmPhos,6,,81.14,86.48773193359375,14.456276893615723
reaction:2380,P(Cy)3,4,,58.71,75.31794738769531,14.051281929016113
reaction:2381,P(o-Tol)3,0,,53.69,62.54701614379883,13.65372085571289
reaction:2382,CataCXium A,5,,82.92,76.05450439453125,13.547626495361328
reaction:2383,SPhos,5,,74.65,75.80387878417969,13.779788970947266
reaction:2385,XPhos,6,,60.58,63.716583251953125,14.272933959960938
reaction:2389,P(tBu)3,2,,90.41,71.80797576904297,15.621391296386719
reaction:2390,P(Ph)3,6,,73.11,69.68635559082031,15.140231132507324
reaction:2391,AmPhos,5,,83.89,78.75350189208984,15.539676666259766
reaction:2392,P(Cy)3,3,,51.13,60.8636474609375,14.835742950439453
reaction:2393,P(o-Tol)3,7,,53.85,56.24600601196289,14.496295928955078
reaction:2394,CataCXium A,2,,75.67,68.07073974609375,14.216341972351074
reaction:2395,SPhos,0,,58.46,64.35199737548828,14.516987800598145
reaction:2397,XPhos,1,,56.14,51.80447769165039,15.03969669342041
reaction:2401,P(tBu)3,3,,91.58,87.36091613769531,15.541394233703613
reaction:2402,P(Ph)3,7,,78.77,84.83081817626953,15.117027282714844
reaction:2403,AmPhos,6,,91.57,88.40142822265625,15.576069831848145
reaction:2404,P(Cy)3,4,,72.23,67.11978912353516,15.159775733947754
reaction:2405,P(o-Tol)3,1,,55.9,62.80380630493164,14.21096134185791
reaction:2406,CataCXium A,4,,95.99,92.79454040527344,14.56732177734375
reaction:2407,SPhos,0,,87.24,85.33537292480469,14.176535606384277
reaction:2409,XPhos,4,,79.27,69.40046691894531,15.250486373901367
reaction:2413,P(tBu)3,7,,94.76,87.72640991210938,15.864174842834473
reaction:2414,P(Ph)3,2,,84.05,80.94557189941406,14.273932456970215
reaction:2415,AmPhos,0,,83.02,83.71817016601562,14.245681762695312
reaction:2416,P(Cy)3,3,,51.05,64.12090301513672,14.75240421295166
reaction:2417,P(o-Tol)3,5,,57.14,55.60194396972656,13.833998680114746
reaction:2418,CataCXium A,0,,87.79,84.25054168701172,13.764524459838867
reaction:2419,SPhos,6,,58.9,64.74070739746094,14.107389450073242
reaction:2421,XPhos,5,,46.82,54.90625762939453,14.175649642944336
reaction:2425,P(tBu)3,5,,62.75,65.92073059082031,15.957317352294922
reaction:2426,P(Ph)3,6,,67.34,69.03868103027344,15.562921524047852
reaction:2427,AmPhos,3,,72.45,71.00257873535156,15.914780616760254
reaction:2428,P(Cy)3,3,,35.86,52.31742477416992,15.483171463012695
reaction:2429,P(o-Tol)3,3,,50.31,45.20900344848633,15.247152328491211
reaction:2430,CataCXium A,7,,77.02,70.00517272949219,15.586898803710938
reaction:2431,SPhos,6,,44.12,46.57495880126953,15.678254127502441
reaction:2433,XPhos,6,,35.27,36.23158264160156,16.106618881225586
reaction:2437,P(tBu)3,2,,63.86,68.60250091552734,15.11030387878418
reaction:2438,P(Ph)3,0,,57.83,64.84070587158203,14.332144737243652
reaction:2439,AmPhos,4,,69.6,69.85409545898438,15.821579933166504
reaction:2440,P(Cy)3,2,,30.49,42.23109817504883,14.851222038269043
reaction:2441,P(o-Tol)3,3,,35.36,37.12447738647461,14.88459587097168
reaction:2442,CataCXium A,7,,76.6,66.55640411376953,14.898337364196777
reaction:2443,SPhos,2,,43.0,48.390045166015625,14.40951156616211
reaction:2445,XPhos,5,,41.3,40.912139892578125,14.753541946411133
reaction:2449,P(tBu)3,7,,84.63,73.61457824707031,15.836223602294922
reaction:2450,P(Ph)3,4,,66.77,74.13066101074219,14.389466285705566
reaction:2451,AmPhos,5,,82.33,77.68524932861328,14.533181190490723
reaction:2452,P(Cy)3,4,,51.68,54.052059173583984,14.682132720947266
reaction:2453,P(o-Tol)3,4,,47.09,51.11846160888672,13.898466110229492
reaction:2454,CataCXium A,6,,87.49,80.63407897949219,13.489913940429688
reaction:2455,SPhos,3,,65.49,69.15580749511719,14.071685791015625
reaction:2457,XPhos,0,,58.58,61.068214416503906,13.805459976196289
reaction:2461,P(tBu)3,7,,95.96,89.69615936279297,15.866188049316406
reaction:2462,P(Ph)3,4,,84.07,81.72004699707031,14.45199966430664
reaction:2463,AmPhos,2,,89.16,83.84870910644531,14.794360160827637
reaction:2464,P(Cy)3,5,,69.93,66.76757049560547,13.916315078735352
reaction:2465,P(o-Tol)3,3,,48.16,65.17031860351562,14.50328540802002
reaction:2466,CataCXium A,0,,96.19,91.25145721435547,13.799845695495605
reaction:2467,SPhos,2,,84.96,75.84198760986328,13.916518211364746
reaction:2469,XPhos,3,,62.77,67.24640655517578,14.561655044555664
reaction:2473,P(tBu)3,5,,96.75,95.19903564453125,15.087597846984863
reaction:2474,P(Ph)3,6,,89.53,80.66116333007812,14.28091049194336
reaction:2475,AmPhos,4,,83.51,86.5297622680664,15.34493350982666
reaction:2476,P(Cy)3,0,,73.54,68.26667022705078,13.83730697631836
reaction:2477,P(o-Tol)3,7,,50.25,61.74116134643555,14.581045150756836
reaction:2478,CataCXium A,7,,94.07,97.4776382446289,14.523619651794434
reaction:2479,SPhos,5,,87.02,81.494873046875,13.80377197265625
reaction:2481,XPhos,4,,78.0,64.54750061035156,14.951825141906738
reaction:2485,P(tBu)3,7,,95.63,92.49565124511719,16.37786865234375
reaction:2486,P(Ph)3,7,,90.28,81.55905151367188,15.56550121307373
reaction:2487,AmPhos,4,,89.01,87.14442443847656,15.971023559570312
reaction:2488,P(Cy)3,4,,68.94,63.407657623291016,15.514555931091309
reaction:2489,P(o-Tol)3,5,,58.19,59.8475456237793,14.58113956451416
reaction:2490,CataCXium A,2,,93.15,93.85377502441406,14.53714370727539
reaction:2491,SPhos,0,,74.94,72.70684814453125,14.833979606628418
reaction:2493,XPhos,3,,62.86,64.1796875,15.351892471313477
reaction:2497,P(tBu)3,3,,76.5,70.2517318725586,15.333854675292969
reaction:2498,P(Ph)3,6,,73.78,69.41454315185547,14.030391693115234
reaction:2499,AmPhos,4,,79.7,64.60000610351562,15.491162300109863
reaction:2500,P(Cy)3,3,,64.78,57.885589599609375,14.831144332885742
reaction:2501,P(o-Tol)3,0,,24.56,36.65144348144531,14.119851112365723
reaction:2502,CataCXium A,7,,65.95,74.79278564453125,13.843317985534668
reaction:2503,SPhos,3,,66.0,52.45845031738281,13.864630699157715
reaction:2505,XPhos,4,,34.74,40.076904296875,14.826081275939941
reaction:2509,P(tBu)3,4,,46.47,44.7623176574707,15.494019508361816
reaction:2510,P(Ph)3,2,,69.04,62.80855178833008,14.467658996582031
reaction:2511,AmPhos,3,,48.07,52.865272521972656,15.097033500671387
reaction:2512,P(Cy)3,2,,51.21,42.26321029663086,14.165474891662598
reaction:2513,P(o-Tol)3,2,,14.81,11.91878890991211,13.54222583770752
reaction:2514,CataCXium A,0,,49.06,56.1041259765625,13.630722999572754
reaction:2515,SPhos,2,,26.04,36.020572662353516,13.430927276611328
reaction:2517,XPhos,0,,22.13,14.223949432373047,14.283195495605469
reaction:2521,P(tBu)3,2,,36.03,18.63060760498047,15.39454174041748
reaction:2522,P(Ph)3,1,,73.12,60.98040771484375,15.927169799804688
reaction:2523,AmPhos,7,,46.27,62.14672088623047,15.726065635681152
reaction:2524,P(Cy)3,0,,36.75,59.873565673828125,15.026300430297852
reaction:2525,P(o-Tol)3,4,,24.77,29.656946182250977,14.85787296295166
reaction:2526,CataCXium A,1,,71.45,62.37515640258789,15.352766990661621
reaction:2527,SPhos,2,,46.34,47.09939956665039,14.377717971801758
reaction:2529,XPhos,7,,21.87,30.82183837890625,15.22309398651123
reaction:2533,P(tBu)3,3,,48.73,46.316009521484375,15.31206226348877
reaction:2534,P(Ph)3,1,,61.38,57.44387435913086,15.064135551452637
reaction:2535,AmPhos,3,,54.47,59.67399597167969,15.498079299926758
reaction:2536,P(Cy)3,1,,20.64,39.24653625488281,15.154494285583496
reaction:2537,P(o-Tol)3,3,,11.81,17.330997467041016,14.493783950805664
reaction:2538,CataCXium A,1,,54.23,57.11412048339844,14.673419952392578
reaction:2539,SPhos,6,,29.16,25.360692977905273,13.912956237792969
reaction:2541,XPhos,0,,15.46,14.821598052978516,14.838799476623535
reaction:2545,P(tBu)3,4,,48.06,62.83465576171875,15.431782722473145
reaction:2546,P(Ph)3,2,,64.78,68.19955444335938,14.245307922363281
reaction:2547,AmPhos,4,,66.62,64.7032699584961,15.026217460632324
reaction:2548,P(Cy)3,0,,67.83,62.03722381591797,13.91349983215332
reaction:2549,P(o-Tol)3,6,,30.73,21.37693977355957,13.602048873901367
reaction:2550,CataCXium A,5,,64.75,75.97798156738281,12.957735061645508
reaction:2551,SPhos,5,,63.96,57.353515625,13.362041473388672
reaction:2553,XPhos,2,,43.51,33.252418518066406,13.497233390808105
reaction:2557,P(tBu)3,4,,78.71,80.33454895019531,15.475639343261719
reaction:2558,P(Ph)3,4,,75.39,72.63427734375,14.125385284423828
reaction:2559,AmPhos,6,,69.89,67.51091003417969,14.768957138061523
reaction:2560,P(Cy)3,4,,64.27,61.169189453125,14.058713912963867
reaction:2561,P(o-Tol)3,0,,26.26,30.796630859375,13.535755157470703
reaction:2562,CataCXium A,0,,82.62,70.07720947265625,13.742988586425781
reaction:2563,SPhos,0,,33.94,50.89590072631836,13.706342697143555
reaction:2565,XPhos,4,,15.32,27.816619873046875,14.481071472167969
reaction:2569,P(tBu)3,7,,80.76,75.26609802246094,14.385787963867188
reaction:2570,P(Ph)3,0,,64.9,61.12050247192383,13.59244441986084
reaction:2571,AmPhos,2,,75.18,56.592288970947266,14.939001083374023
reaction:2572,P(Cy)3,1,,49.02,49.4028434753418,14.560027122497559
reaction:2573,P(o-Tol)3,4,,6.62,28.397747039794922,13.608570098876953
reaction:2574,CataCXium A,0,,72.32,57.41169738769531,13.731842994689941
reaction:2575,SPhos,7,,42.8,37.18073654174805,13.712143898010254
reaction:2577,XPhos,7,,12.06,19.434999465942383,14.16133975982666
reaction:2581,P(tBu)3,0,,80.94,71.89795684814453,15.032111167907715
reaction:2582,P(Ph)3,4,,45.54,62.69013595581055,14.788884162902832
reaction:2583,AmPhos,2,,57.76,59.96582794189453,15.710172653198242
reaction:2584,P(Cy)3,2,,45.11,38.16068649291992,14.967784881591797
reaction:2585,P(o-Tol)3,3,,12.44,20.276721954345703,14.67896556854248
reaction:2586,CataCXium A,7,,64.8,54.51410675048828,14.465181350708008
reaction:2587,SPhos,7,,23.47,30.235448837280273,14.411065101623535
reaction:2589,XPhos,5,,17.57,12.86972427368164,14.699239730834961
reaction:2593,P(tBu)3,4,,59.59,43.16382598876953,15.874217987060547
reaction:2594,P(Ph)3,0,,79.1,70.74028778076172,14.401854515075684
reaction:2595,AmPhos,1,,68.54,64.38970184326172,15.699898719787598
reaction:2596,P(Cy)3,7,,61.92,57.38176727294922,15.385788917541504
reaction:2597,P(o-Tol)3,2,,64.08,71.22526550292969,14.755705833435059
reaction:2598,CataCXium A,7,,64.25,66.0605239868164,14.77100658416748
reaction:2599,SPhos,3,,54.09,56.34644317626953,13.092825889587402
reaction:2601,XPhos,1,,52.82,50.1819953918457,15.371369361877441
reaction:2605,P(tBu)3,2,,31.58,43.91087341308594,15.399179458618164
reaction:2606,P(Ph)3,6,,68.46,66.6116943359375,15.211915016174316
reaction:2607,AmPhos,6,,56.14,60.407142639160156,15.934322357177734
reaction:2608,P(Cy)3,6,,47.07,47.36151885986328,15.053838729858398
reaction:2609,P(o-Tol)3,4,,64.57,61.521888732910156,14.946330070495605
reaction:2610,CataCXium A,0,,58.33,57.76926803588867,12.959014892578125
reaction:2611,SPhos,7,,35.81,41.267112731933594,14.704781532287598
reaction:2613,XPhos,0,,29.62,40.15442657470703,14.35307788848877
reaction:2617,P(tBu)3,6,,43.27,30.122264862060547,17.065900802612305
reaction:2618,P(Ph)3,6,,46.68,50.03990936279297,16.044973373413086
reaction:2619,AmPhos,4,,51.25,56.76788330078125,16.40524673461914
reaction:2620,P(Cy)3,1,,24.51,38.788116455078125,16.273468017578125
reaction:2621,P(o-Tol)3,0,,48.51,56.02455520629883,14.662670135498047
reaction:2622,CataCXium A,7,,42.43,43.74866485595703,15.79189682006836
reaction:2623,SPhos,6,,17.87,19.70220375061035,15.452106475830078
reaction:2625,XPhos,1,,16.19,20.824771881103516,16.28606605529785
reaction:2629,P(tBu)3,4,,42.55,39.97162628173828,16.027359008789062
reaction:2630,P(Ph)3,6,,66.78,69.04507446289062,15.331235885620117
reaction:2631,AmPhos,4,,63.17,59.92564392089844,16.051111221313477
reaction:2632,P(Cy)3,2,,57.3,51.16265106201172,14.796797752380371
reaction:2633,P(o-Tol)3,0,,60.9,65.2689437866211,14.058618545532227
reaction:2634,CataCXium A,7,,65.29,60.9261474609375,15.097738265991211
reaction:2635,SPhos,2,,50.12,50.56906509399414,14.393326759338379
reaction:2637,XPhos,7,,43.98,49.73839569091797,15.720025062561035
reaction:2641,P(tBu)3,0,,39.63,42.07193374633789,14.410057067871094
reaction:2642,P(Ph)3,2,,71.17,69.60868835449219,14.497857093811035
reaction:2643,AmPhos,6,,62.59,59.81433868408203,15.782182693481445
reaction:2644,P(Cy)3,3,,59.71,55.149070739746094,13.39145565032959
reaction:2645,P(o-Tol)3,4,,67.68,65.36748504638672,14.876360893249512
reaction:2646,CataCXium A,6,,69.05,66.52825927734375,14.47577953338623
reaction:2647,SPhos,4,,60.62,53.85299301147461,14.503833770751953
reaction:2649,XPhos,6,,53.64,50.89607238769531,14.949249267578125
reaction:2653,P(tBu)3,2,,44.8,50.83284378051758,15.370015144348145
reaction:2654,P(Ph)3,6,,77.92,68.12216186523438,15.223583221435547
reaction:2655,AmPhos,1,,63.77,59.2012939453125,15.489778518676758
reaction:2656,P(Cy)3,6,,69.81,50.731224060058594,15.132756233215332
reaction:2657,P(o-Tol)3,6,,71.59,63.80443572998047,14.879237174987793
reaction:2658,CataCXium A,3,,58.86,68.7985610961914,13.212737083435059
reaction:2659,SPhos,0,,51.57,59.105560302734375,13.60922908782959
reaction:2661,XPhos,5,,58.45,47.84365463256836,15.12496566772461
reaction:2665,P(tBu)3,6,,29.1,41.623291015625,16.145395278930664
reaction:2666,P(Ph)3,5,,53.9,64.1130599975586,14.49705696105957
reaction:2667,AmPhos,5,,52.82,56.353092193603516,14.936798095703125
reaction:2668,P(Cy)3,7,,23.64,48.278934478759766,15.376155853271484
reaction:2669,P(o-Tol)3,3,,56.7,53.26473617553711,13.3694486618042
reaction:2670,CataCXium A,3,,58.18,50.19664764404297,13.282658576965332
reaction:2671,SPhos,7,,24.98,35.95471954345703,14.858851432800293
reaction:2673,XPhos,7,,17.11,32.303955078125,15.494335174560547
reaction:2677,P(tBu)3,5,,23.95,32.6243896484375,15.680886268615723
reaction:2678,P(Ph)3,0,,34.17,45.73500442504883,14.779318809509277
reaction:2679,AmPhos,4,,42.55,50.5843391418457,16.287912368774414
reaction:2680,P(Cy)3,0,,22.01,32.412742614746094,14.678146362304688
reaction:2681,P(o-Tol)3,2,,45.8,42.09363555908203,15.251823425292969
reaction:2682,CataCXium A,4,,44.01,39.63202667236328,15.262471199035645
reaction:2683,SPhos,0,,21.48,16.10182762145996,14.530879020690918
reaction:2685,XPhos,5,,17.77,19.815134048461914,15.897905349731445
reaction:2689,P(tBu)3,6,,1.2,10.540546417236328,14.929532051086426
reaction:2690,P(Ph)3,3,,18.94,12.521106719970703,14.63016128540039
reaction:2691,AmPhos,4,,4.02,7.469688415527344,15.207612991333008
reaction:2692,P(Cy)3,6,,16.47,15.318817138671875,13.749166488647461
reaction:2693,P(o-Tol)3,7,,2.62,6.505058288574219,14.17109203338623
reaction:2694,CataCXium A,2,,15.97,13.614002227783203,13.734891891479492
reaction:2695,SPhos,6,,41.9,90.34581756591797,13.720495223999023
reaction:2697,XPhos,6,,56.66,98.48286437988281,14.481260299682617
reaction:2701,P(tBu)3,7,,10.73,11.350517272949219,14.654296875
reaction:2702,P(Ph)3,2,,14.74,15.177791595458984,14.635971069335938
reaction:2703,AmPhos,0,,11.22,10.119705200195312,15.838153839111328
reaction:2704,P(Cy)3,0,,12.8,18.347915649414062,14.69151782989502
reaction:2705,P(o-Tol)3,7,,6.61,7.374256134033203,14.040865898132324
reaction:2706,CataCXium A,7,,12.93,19.08395004272461,13.566027641296387
reaction:2707,SPhos,5,,76.92,64.13572692871094,14.870590209960938
reaction:2709,XPhos,3,,76.61,73.98689270019531,14.801268577575684
reaction:2713,P(tBu)3,2,,9.98,4.570980072021484,15.567940711975098
reaction:2714,P(Ph)3,7,,13.89,13.714168548583984,15.534143447875977
reaction:2715,AmPhos,0,,7.66,11.187332153320312,16.736711502075195
reaction:2716,P(Cy)3,2,,13.92,21.91349220275879,15.173620223999023
reaction:2717,P(o-Tol)3,0,,7.8,7.221347808837891,15.030577659606934
reaction:2718,CataCXium A,7,,15.16,16.86716651916504,15.245169639587402
reaction:2719,SPhos,1,,72.09,65.59107208251953,15.034034729003906
reaction:2721,XPhos,3,,77.78,69.2883071899414,15.569869041442871
reaction:2725,P(tBu)3,1,,8.73,9.425853729248047,15.675788879394531
reaction:2726,P(Ph)3,6,,14.02,14.857269287109375,15.11722183227539
reaction:2727,AmPhos,0,,9.68,8.865665435791016,16.191904067993164
reaction:2728,P(Cy)3,0,,12.55,16.257455825805664,15.28364086151123
reaction:2729,P(o-Tol)3,5,,5.79,6.26483154296875,14.910491943359375
reaction:2730,CataCXium A,4,,15.47,15.726381301879883,13.851977348327637
reaction:2731,SPhos,5,,69.42,60.448638916015625,15.282289505004883
reaction:2733,XPhos,2,,68.05,67.26283264160156,14.966870307922363
reaction:2737,P(tBu)3,6,,10.48,8.512943267822266,14.611997604370117
reaction:2738,P(Ph)3,2,,13.89,14.626319885253906,14.521903991699219
reaction:2739,AmPhos,2,,8.09,10.570404052734375,14.933926582336426
reaction:2740,P(Cy)3,5,,12.11,12.647907257080078,15.146770477294922
reaction:2741,P(o-Tol)3,5,,6.6,6.975597381591797,14.249351501464844
reaction:2742,CataCXium A,0,,12.64,14.958431243896484,12.956652641296387
reaction:2743,SPhos,5,,74.54,61.86297607421875,14.860994338989258
reaction:2745,XPhos,5,,81.17,69.25995635986328,15.5624418258667
reaction:2749,P(tBu)3,0,,12.39,12.822952270507812,14.63858413696289
reaction:2750,P(Ph)3,1,,14.63,15.625310897827148,14.312424659729004
reaction:2751,AmPhos,2,,8.7,8.445816040039062,15.021142959594727
reaction:2752,P(Cy)3,5,,12.0,13.713630676269531,15.201353073120117
reaction:2753,P(o-Tol)3,1,,7.08,7.1611328125,13.825940132141113
reaction:2754,CataCXium A,1,,14.51,13.489799499511719,13.497920036315918
reaction:2755,SPhos,2,,75.5,67.95089721679688,13.227547645568848
reaction:2757,XPhos,1,,76.56,73.65162658691406,14.771099090576172
reaction:2761,P(tBu)3,1,,9.28,13.52490234375,15.347986221313477
reaction:2762,P(Ph)3,1,,14.61,16.116254806518555,14.15467357635498
reaction:2763,AmPhos,1,,10.13,6.876766204833984,14.76826286315918
reaction:2764,P(Cy)3,3,,11.6,12.128070831298828,14.565116882324219
reaction:2765,P(o-Tol)3,6,,5.93,5.430835723876953,13.71705436706543
reaction:2766,CataCXium A,7,,14.44,15.713335037231445,13.583162307739258
reaction:2767,SPhos,3,,72.12,64.07195281982422,14.098793983459473
reaction:2769,XPhos,1,,67.73,69.49323272705078,14.725048065185547
reaction:2773,P(tBu)3,6,,12.16,12.404411315917969,15.631240844726562
reaction:2774,P(Ph)3,6,,14.3,16.34559440612793,15.557464599609375
reaction:2775,AmPhos,3,,8.88,9.89764404296875,15.956891059875488
reaction:2776,P(Cy)3,1,,12.44,16.402374267578125,14.681838989257812
reaction:2777,P(o-Tol)3,5,,7.41,4.9229736328125,15.149827003479004
reaction:2778,CataCXium A,1,,18.06,21.83843421936035,14.459921836853027
reaction:2779,SPhos,4,,64.66,59.133724212646484,14.292197227478027
reaction:2781,XPhos,2,,66.37,59.648780822753906,15.346353530883789
reaction:2785,P(tBu)3,2,,22.09,41.82848358154297,16.18958854675293
reaction:2786,P(Ph)3,0,,16.79,16.508838653564453,15.521169662475586
reaction:2787,AmPhos,7,,16.94,20.352819442749023,15.858839988708496
reaction:2788,P(Cy)3,7,,31.86,43.24121856689453,14.714676856994629
reaction:2789,P(o-Tol)3,2,,10.92,7.609550476074219,14.57227611541748
reaction:2790,CataCXium A,0,,49.91,43.781768798828125,14.75287914276123
reaction:2791,SPhos,4,,78.41,73.10905456542969,14.135231971740723
reaction:2793,XPhos,3,,92.16,85.822998046875,15.059431076049805
reaction:2797,P(tBu)3,4,,51.13,45.23605728149414,15.526384353637695
reaction:2798,P(Ph)3,0,,15.63,16.616943359375,15.339617729187012
reaction:2799,AmPhos,6,,30.89,25.273427963256836,15.232879638671875
reaction:2800,P(Cy)3,0,,48.75,33.32112121582031,15.000054359436035
reaction:2801,P(o-Tol)3,0,,7.82,12.368576049804688,14.63905143737793
reaction:2802,CataCXium A,0,,67.8,38.855133056640625,14.52045726776123
reaction:2803,SPhos,6,,50.66,70.77015686035156,13.858541488647461
reaction:2805,XPhos,7,,56.5,79.06629943847656,15.050938606262207
reaction:2809,P(tBu)3,6,,21.19,37.06584548950195,16.243249893188477
reaction:2810,P(Ph)3,6,,15.55,16.815515518188477,16.17657470703125
reaction:2811,AmPhos,1,,25.81,19.146968841552734,16.80148696899414
reaction:2812,P(Cy)3,5,,43.78,30.729650497436523,15.783354759216309
reaction:2813,P(o-Tol)3,2,,5.56,4.3856964111328125,15.281889915466309
reaction:2814,CataCXium A,3,,48.33,43.39799499511719,14.65026569366455
reaction:2815,SPhos,6,,46.59,59.85993194580078,15.269566535949707
reaction:2817,XPhos,5,,57.55,62.092350006103516,16.202714920043945
reaction:2821,P(tBu)3,2,,30.6,43.4062385559082,16.437889099121094
reaction:2822,P(Ph)3,6,,16.41,15.271583557128906,15.452771186828613
reaction:2823,AmPhos,3,,23.82,20.69564437866211,15.519933700561523
reaction:2824,P(Cy)3,2,,37.16,28.469898223876953,15.437192916870117
reaction:2825,P(o-Tol)3,1,,6.45,5.551212310791016,14.223530769348145
reaction:2826,CataCXium A,4,,46.65,41.35403823852539,14.4552583694458
reaction:2827,SPhos,6,,53.72,60.15306091308594,14.439729690551758
reaction:2829,XPhos,5,,68.31,67.72764587402344,15.752881050109863
reaction:2833,P(tBu)3,3,,44.63,39.309364318847656,16.284833908081055
reaction:2834,P(Ph)3,5,,17.78,13.563732147216797,14.16208267211914
reaction:2835,AmPhos,1,,25.22,21.37222671508789,15.866884231567383
reaction:2836,P(Cy)3,2,,46.21,27.032310485839844,14.865899085998535
reaction:2837,P(o-Tol)3,3,,7.62,4.336132049560547,13.993112564086914
reaction:2838,CataCXium A,1,,33.61,50.33293914794922,13.422694206237793
reaction:2839,SPhos,7,,70.67,60.48623275756836,14.00368881225586
reaction:2841,XPhos,4,,79.94,77.381591796875,14.498604774475098
reaction:2845,P(tBu)3,5,,52.95,40.535484313964844,15.221375465393066
reaction:2846,P(Ph)3,6,,18.29,13.75954818725586,15.1412935256958
reaction:2847,AmPhos,1,,15.12,27.566238403320312,15.982832908630371
reaction:2848,P(Cy)3,0,,18.51,38.59101486206055,14.96303653717041
reaction:2849,P(o-Tol)3,5,,9.07,5.427509307861328,14.70268726348877
reaction:2850,CataCXium A,6,,30.62,43.712032318115234,14.052577018737793
reaction:2851,SPhos,7,,77.13,61.98795700073242,14.042755126953125
reaction:2853,XPhos,1,,92.53,78.89142608642578,14.489194869995117
reaction:2857,P(tBu)3,0,,58.57,42.7236442565918,14.502384185791016
reaction:2858,P(Ph)3,0,,18.11,12.853492736816406,15.26378059387207
reaction:2859,AmPhos,0,,11.47,24.377927780151367,15.290937423706055
reaction:2860,P(Cy)3,3,,15.75,43.35063552856445,14.562495231628418
reaction:2861,P(o-Tol)3,2,,7.3,8.806774139404297,14.370245933532715
reaction:2862,CataCXium A,2,,33.7,48.428348541259766,13.74957275390625
reaction:2863,SPhos,3,,76.22,69.92121887207031,13.869241714477539
reaction:2865,XPhos,2,,91.76,80.01499938964844,14.694034576416016
reaction:2869,P(tBu)3,7,,51.1,43.01335144042969,16.262720108032227
reaction:2870,P(Ph)3,3,,17.49,27.250219345092773,14.924427032470703
reaction:2871,AmPhos,2,,31.05,25.95082664489746,16.01019287109375
reaction:2872,P(Cy)3,7,,51.23,50.41429901123047,15.258907318115234
reaction:2873,P(o-Tol)3,0,,6.84,20.162446975708008,15.249789237976074
reaction:2874,CataCXium A,4,,77.06,50.089847564697266,14.710227012634277
reaction:2875,SPhos,5,,69.3,77.64879608154297,15.09738540649414
reaction:2877,XPhos,6,,84.83,74.2405776977539,15.61652660369873
reaction:2881,P(tBu)3,1,,25.34,7.244144439697266,15.664754867553711
reaction:2882,P(Ph)3,2,,13.32,16.90675163269043,14.319572448730469
reaction:2883,AmPhos,1,,11.93,8.461017608642578,15.19831371307373
reaction:2884,P(Cy)3,0,,13.92,27.944608688354492,15.174312591552734
reaction:2885,P(o-Tol)3,7,,7.68,9.083175659179688,14.12134838104248
reaction:2886,CataCXium A,2,,12.29,21.92452621459961,13.871212005615234
reaction:2887,SPhos,7,,72.38,25.835485458374023,13.678975105285645
reaction:2889,XPhos,7,,86.53,26.78274917602539,14.318384170532227
reaction:2893,P(tBu)3,5,,11.13,1.7599868774414062,15.973297119140625
reaction:2894,P(Ph)3,7,,17.02,18.034210205078125,14.287618637084961
reaction:2895,AmPhos,6,,8.53,8.799163818359375,14.654293060302734
reaction:2896,P(Cy)3,4,,32.5,19.3660888671875,14.546968460083008
reaction:2897,P(o-Tol)3,5,,6.25,5.164058685302734,15.312232971191406
reaction:2898,CataCXium A,0,,21.79,20.388538360595703,13.186180114746094
reaction:2899,SPhos,4,,46.5,32.832183837890625,13.556288719177246
reaction:2901,XPhos,5,,52.93,27.732284545898438,15.270134925842285
reaction:2905,P(tBu)3,1,,4.3,-2.3257064819335938,16.390405654907227
reaction:2906,P(Ph)3,0,,16.32,17.936782836914062,15.193075180053711
reaction:2907,AmPhos,0,,9.25,10.982933044433594,16.351329803466797
reaction:2908,P(Cy)3,4,,31.18,27.018251419067383,15.595464706420898
reaction:2909,P(o-Tol)3,2,,5.96,7.276081085205078,14.96689224243164
reaction:2910,CataCXium A,6,,21.02,25.005264282226562,15.32463264465332
reaction:2911,SPhos,4,,56.86,39.940101623535156,14.78310489654541
reaction:2913,XPhos,1,,47.98,45.461509704589844,15.889266967773438
reaction:2917,P(tBu)3,5,,12.78,6.022006988525391,16.288921356201172
reaction:2918,P(Ph)3,4,,15.29,18.04354476928711,14.283398628234863
reaction:2919,AmPhos,3,,9.32,12.136791229248047,16.59292221069336
reaction:2920,P(Cy)3,0,,26.25,20.447898864746094,15.37035846710205
reaction:2921,P(o-Tol)3,2,,7.24,8.562705993652344,14.209611892700195
reaction:2922,CataCXium A,7,,20.58,23.148582458496094,13.921387672424316
reaction:2923,SPhos,0,,40.43,32.78606414794922,14.42291259765625
reaction:2925,XPhos,3,,40.46,30.663789749145508,15.059588432312012
reaction:2929,P(tBu)3,3,,0.0,13.409492492675781,15.32910442352295
reaction:2930,P(Ph)3,7,,16.19,14.888587951660156,14.20547866821289
reaction:2931,AmPhos,3,,10.77,11.963726043701172,16.230676651000977
reaction:2932,P(Cy)3,4,,14.09,12.350231170654297,14.410812377929688
reaction:2933,P(o-Tol)3,4,,7.58,7.1775665283203125,13.003422737121582
reaction:2934,CataCXium A,3,,18.47,13.400421142578125,13.000472068786621
reaction:2935,SPhos,1,,13.53,33.550132751464844,13.379880905151367
reaction:2937,XPhos,6,,10.45,37.29044723510742,13.364339828491211
reaction:2941,P(tBu)3,1,,9.54,15.940128326416016,15.4667387008667
reaction:2942,P(Ph)3,3,,14.96,15.276912689208984,13.872802734375
reaction:2943,AmPhos,0,,10.98,8.525665283203125,15.435741424560547
reaction:2944,P(Cy)3,2,,13.1,11.430171966552734,14.779696464538574
reaction:2945,P(o-Tol)3,0,,8.04,6.238040924072266,14.127296447753906
reaction:2946,CataCXium A,6,,17.26,12.673351287841797,14.033881187438965
reaction:2947,SPhos,5,,12.4,34.714508056640625,14.194058418273926
reaction:2949,XPhos,2,,11.13,36.276390075683594,14.967095375061035
reaction:2953,P(tBu)3,3,,5.84,19.677217483520508,15.44018840789795
reaction:2954,P(Ph)3,5,,15.7,12.549724578857422,15.187291145324707
reaction:2955,AmPhos,6,,9.8,8.54830551147461,14.681859970092773
reaction:2956,P(Cy)3,7,,13.13,9.785140991210938,13.941110610961914
reaction:2957,P(o-Tol)3,5,,8.19,3.9421768188476562,15.395393371582031
reaction:2958,CataCXium A,5,,16.12,11.465087890625,13.500895500183105
reaction:2959,SPhos,3,,10.75,28.596572875976562,13.527792930603027
reaction:2961,XPhos,2,,9.9,32.22562789916992,15.032031059265137
reaction:2965,P(tBu)3,0,,6.69,17.93549346923828,15.419988632202148
reaction:2966,P(Ph)3,6,,15.93,16.419946670532227,15.034930229187012
reaction:2967,AmPhos,4,,8.94,11.982872009277344,15.375926971435547
reaction:2968,P(Cy)3,4,,15.15,11.069217681884766,15.36887264251709
reaction:2969,P(o-Tol)3,5,,10.92,4.296764373779297,15.910880088806152
reaction:2970,CataCXium A,4,,19.53,17.036697387695312,14.148677825927734
reaction:2971,SPhos,2,,15.42,19.078134536743164,15.052617073059082
reaction:2973,XPhos,5,,8.47,18.6386661529541,15.906515121459961
reaction:2977,P(tBu)3,0,,20.19,18.285181045532227,16.658672332763672
reaction:2978,P(Ph)3,4,,12.85,16.018123626708984,15.478572845458984
reaction:2979,AmPhos,4,,8.82,13.677452087402344,15.914990425109863
reaction:2980,P(Cy)3,6,,21.07,35.27212905883789,15.232317924499512
reaction:2981,P(o-Tol)3,3,,7.45,15.762321472167969,14.626235961914062
reaction:2982,CataCXium A,1,,42.98,18.218420028686523,14.458961486816406
reaction:2983,SPhos,1,,63.06,50.68434524536133,14.380396842956543
reaction:2985,XPhos,4,,58.97,52.009830474853516,15.194642066955566
reaction:2989,P(tBu)3,0,,21.2,19.01706886291504,16.315479278564453
reaction:2990,P(Ph)3,5,,11.91,17.55559539794922,14.972845077514648
reaction:2991,AmPhos,5,,12.2,10.059383392333984,15.733786582946777
reaction:2992,P(Cy)3,0,,30.49,20.494314193725586,15.504191398620605
reaction:2993,P(o-Tol)3,7,,7.67,5.945590972900391,13.060856819152832
reaction:2994,CataCXium A,5,,16.27,24.240694046020508,14.29297161102295
reaction:2995,SPhos,4,,35.94,39.42081832885742,14.456072807312012
reaction:2997,XPhos,3,,34.16,40.3548469543457,16.045902252197266
reaction:3001,P(tBu)3,3,,23.39,17.70924949645996,16.956317901611328
reaction:3002,P(Ph)3,4,,11.68,9.733264923095703,16.05461311340332
reaction:3003,AmPhos,1,,9.8,15.958562850952148,16.49639320373535
reaction:3004,P(Cy)3,0,,18.07,16.80294418334961,16.275413513183594
reaction:3005,P(o-Tol)3,0,,8.15,12.839496612548828,15.0908203125
reaction:3006,CataCXium A,6,,21.77,19.29121971130371,15.331341743469238
reaction:3007,SPhos,2,,14.38,27.987829208374023,15.06441593170166
reaction:3009,XPhos,3,,16.18,27.912403106689453,16.65518569946289
reaction:3013,P(tBu)3,2,,15.69,21.270843505859375,16.215682983398438
reaction:3014,P(Ph)3,0,,12.04,9.619430541992188,15.554810523986816
reaction:3015,AmPhos,7,,10.09,10.319511413574219,16.549816131591797
reaction:3016,P(Cy)3,0,,19.35,24.709171295166016,15.85334587097168
reaction:3017,P(o-Tol)3,4,,5.87,5.561206817626953,15.242350578308105
reaction:3018,CataCXium A,7,,15.42,24.611907958984375,14.372097969055176
reaction:3019,SPhos,6,,60.45,45.16844940185547,14.727176666259766
reaction:3021,XPhos,3,,51.75,48.17014694213867,16.32925796508789
reaction:3025,P(tBu)3,6,,15.32,14.899856567382812,14.943066596984863
reaction:3026,P(Ph)3,4,,11.81,10.586044311523438,15.163468360900879
reaction:3027,AmPhos,6,,11.2,11.063804626464844,15.87949275970459
reaction:3028,P(Cy)3,5,,21.42,28.027809143066406,15.094313621520996
reaction:3029,P(o-Tol)3,1,,6.28,8.396190643310547,13.855281829833984
reaction:3030,CataCXium A,1,,13.29,22.677101135253906,14.066258430480957
reaction:3031,SPhos,7,,60.4,44.1842041015625,13.201242446899414
reaction:3033,XPhos,4,,60.85,47.593482971191406,14.785212516784668
reaction:3037,P(tBu)3,5,,17.43,15.962087631225586,15.141488075256348
reaction:3038,P(Ph)3,2,,9.21,14.712642669677734,14.718854904174805
reaction:3039,AmPhos,4,,12.79,8.018905639648438,15.635574340820312
reaction:3040,P(Cy)3,2,,23.45,24.45561981201172,14.792267799377441
reaction:3041,P(o-Tol)3,4,,8.07,5.0447845458984375,14.799142837524414
reaction:3042,CataCXium A,7,,21.18,22.406034469604492,13.714693069458008
reaction:3043,SPhos,4,,60.02,48.8525276184082,14.448199272155762
reaction:3045,XPhos,3,,65.54,49.612735748291016,16.0980167388916
reaction:3049,P(tBu)3,3,,15.05,14.731578826904297,16.281328201293945
reaction:3050,P(Ph)3,3,,11.91,10.363941192626953,15.400969505310059
reaction:3051,AmPhos,1,,10.87,7.727874755859375,15.509450912475586
reaction:3052,P(Cy)3,6,,22.2,18.102279663085938,15.074386596679688
reaction:3053,P(o-Tol)3,3,,6.7,6.069671630859375,14.450249671936035
reaction:3054,CataCXium A,3,,23.44,17.720905303955078,14.405463218688965
reaction:3055,SPhos,5,,18.87,31.346776962280273,13.888178825378418
reaction:3057,XPhos,2,,16.23,32.620849609375,14.837202072143555
reaction:3061,P(tBu)3,4,,12.23,13.257740020751953,16.09783363342285
reaction:3062,P(Ph)3,4,,11.61,7.362308502197266,15.798882484436035
reaction:3063,AmPhos,6,,7.2,15.93355941772461,16.691431045532227
reaction:3064,P(Cy)3,4,,15.05,11.673736572265625,15.451521873474121
reaction:3065,P(o-Tol)3,6,,7.86,7.860988616943359,15.054349899291992
reaction:3066,CataCXium A,5,,19.76,22.769622802734375,15.040340423583984
reaction:3067,SPhos,6,,9.62,23.278717041015625,15.163841247558594
reaction:3069,XPhos,7,,10.31,24.565460205078125,15.696698188781738
reaction:3074,P(tBu)3,4,,7.97,15.17276382446289,16.841066360473633
reaction:3075,P(Ph)3,7,,12.28,14.969276428222656,15.055587768554688
reaction:3076,AmPhos,6,,7.25,17.326677322387695,16.262310028076172
reaction:3077,P(Cy)3,7,,5.75,9.055606842041016,15.74138069152832
reaction:3078,P(o-Tol)3,1,,9.46,8.480178833007812,15.456809043884277
reaction:3079,CataCXium A,4,,8.71,12.94625473022461,14.950898170471191
reaction:3080,SPhos,4,,9.46,8.673538208007812,15.066798210144043
reaction:3082,XPhos,6,,10.67,12.400619506835938,15.573335647583008
reaction:3086,P(tBu)3,1,,17.9,12.668136596679688,16.51239585876465
reaction:3087,P(Ph)3,3,,16.76,21.6097412109375,14.896833419799805
reaction:3088,AmPhos,0,,15.53,14.77423095703125,16.632070541381836
reaction:3089,P(Cy)3,7,,15.45,13.099029541015625,15.196439743041992
reaction:3090,P(o-Tol)3,2,,16.58,15.149593353271484,14.448734283447266
reaction:3091,CataCXium A,6,,17.09,16.427162170410156,13.90038013458252
reaction:3092,SPhos,5,,15.62,15.702949523925781,14.234073638916016
reaction:3094,XPhos,4,,16.83,18.38212776184082,15.700069427490234
reaction:3098,P(tBu)3,1,,13.59,12.170814514160156,16.206371307373047
reaction:3099,P(Ph)3,5,,13.24,17.521663665771484,14.424703598022461
reaction:3100,AmPhos,2,,12.03,13.311180114746094,15.314728736877441
reaction:3101,P(Cy)3,7,,12.97,9.013591766357422,14.927414894104004
reaction:3102,P(o-Tol)3,0,,12.55,11.133121490478516,13.832064628601074
reaction:3103,CataCXium A,1,,14.22,11.178436279296875,14.597702980041504
reaction:3104,SPhos,3,,8.83,10.47610092163086,13.669649124145508
reaction:3106,XPhos,5,,10.59,15.692764282226562,14.772723197937012
reaction:3110,P(tBu)3,5,,9.7,12.181869506835938,16.48076629638672
reaction:3111,P(Ph)3,4,,16.66,14.8900146484375,14.64899730682373
reaction:3112,AmPhos,0,,13.76,10.095489501953125,16.399791717529297
reaction:3113,P(Cy)3,1,,9.29,7.158485412597656,15.51970100402832
reaction:3114,P(o-Tol)3,7,,10.11,11.140106201171875,14.281600952148438
reaction:3115,CataCXium A,2,,10.18,11.353961944580078,14.25025749206543
reaction:3116,SPhos,2,,9.43,10.230968475341797,14.227142333984375
reaction:3118,XPhos,3,,12.72,11.083446502685547,14.84657096862793
reaction:3122,P(tBu)3,5,,11.55,11.974601745605469,16.464597702026367
reaction:3123,P(Ph)3,1,,15.61,17.346214294433594,15.098348617553711
reaction:3124,AmPhos,1,,13.45,13.82861328125,15.660726547241211
reaction:3125,P(Cy)3,6,,11.63,15.107608795166016,13.917222023010254
reaction:3126,P(o-Tol)3,6,,11.83,11.308876037597656,13.778082847595215
reaction:3127,CataCXium A,4,,15.68,12.204147338867188,14.081461906433105
reaction:3128,SPhos,1,,10.54,10.406940460205078,14.257733345031738
reaction:3130,XPhos,2,,12.75,10.852581024169922,15.02161693572998
reaction:3134,P(tBu)3,6,,12.96,17.24528694152832,15.544787406921387
reaction:3135,P(Ph)3,2,,16.54,18.182905197143555,14.6630859375
reaction:3136,AmPhos,4,,12.97,13.395824432373047,16.207515716552734
reaction:3137,P(Cy)3,6,,10.41,20.58173179626465,14.0949125289917
reaction:3138,P(o-Tol)3,7,,13.93,11.184932708740234,14.306458473205566
reaction:3139,CataCXium A,6,,12.92,18.143157958984375,13.812621116638184
reaction:3140,SPhos,4,,9.89,9.952335357666016,14.270830154418945
reaction:3142,XPhos,7,,12.12,11.797115325927734,14.069534301757812
reaction:3146,P(tBu)3,3,,10.08,13.02376937866211,16.085725784301758
reaction:3147,P(Ph)3,7,,15.56,20.3787841796875,15.861846923828125
reaction:3148,AmPhos,5,,13.25,16.75616455078125,16.560148239135742
reaction:3149,P(Cy)3,7,,10.22,18.01979637145996,16.315757751464844
reaction:3150,P(o-Tol)3,7,,13.25,14.355731964111328,15.771145820617676
reaction:3151,CataCXium A,7,,14.27,14.700859069824219,15.422957420349121
reaction:3152,SPhos,7,,11.93,8.532730102539062,15.148934364318848
reaction:3154,XPhos,0,,12.19,19.44713592529297,15.810464859008789
reaction:3158,P(tBu)3,0,,11.12,14.536590576171875,16.413463592529297
reaction:3159,P(Ph)3,2,,15.95,14.017219543457031,15.13484001159668
reaction:3160,AmPhos,6,,13.51,14.379802703857422,15.946308135986328
reaction:3161,P(Cy)3,1,,11.89,12.026908874511719,15.903676986694336
reaction:3162,P(o-Tol)3,3,,13.55,13.106067657470703,14.617159843444824
reaction:3163,CataCXium A,1,,13.55,13.187480926513672,15.243680000305176
reaction:3164,SPhos,6,,12.05,10.077621459960938,14.187082290649414
reaction:3166,XPhos,3,,13.52,16.83794403076172,15.196961402893066
reaction:3170,P(tBu)3,6,,14.0,19.941312789916992,17.659320831298828
reaction:3171,P(Ph)3,2,,47.59,52.530914306640625,16.276124954223633
reaction:3172,AmPhos,5,,23.86,19.296091079711914,16.332733154296875
reaction:3173,P(Cy)3,1,,60.56,45.48843765258789,16.055307388305664
reaction:3174,P(o-Tol)3,4,,20.06,15.351165771484375,15.626762390136719
reaction:3175,CataCXium A,0,,21.28,26.57691764831543,15.664148330688477
reaction:3176,SPhos,3,,24.09,26.41086196899414,14.831368446350098
reaction:3178,XPhos,4,,30.5,28.013729095458984,15.531692504882812
reaction:3182,P(tBu)3,4,,21.09,20.29456329345703,16.7899227142334
reaction:3183,P(Ph)3,7,,70.55,49.72428512573242,14.616255760192871
reaction:3184,AmPhos,4,,20.06,20.183944702148438,16.77968978881836
reaction:3185,P(Cy)3,4,,40.01,50.60655212402344,15.568111419677734
reaction:3186,P(o-Tol)3,3,,20.03,26.928455352783203,13.921737670898438
reaction:3187,CataCXium A,5,,23.24,24.1115665435791,13.578125953674316
reaction:3188,SPhos,7,,22.4,21.57196807861328,14.058226585388184
reaction:3190,XPhos,0,,30.09,25.68658447265625,15.877633094787598
reaction:3194,P(tBu)3,5,,14.49,17.361316680908203,16.15980339050293
reaction:3195,P(Ph)3,1,,71.09,47.30781173706055,14.854879379272461
reaction:3196,AmPhos,6,,12.55,15.439876556396484,16.69375228881836
reaction:3197,P(Cy)3,6,,41.57,47.663963317871094,14.48957633972168
reaction:3198,P(o-Tol)3,5,,17.54,19.661376953125,12.845850944519043
reaction:3199,CataCXium A,2,,17.46,25.314001083374023,15.078398704528809
reaction:3200,SPhos,6,,16.6,15.069263458251953,14.661946296691895
reaction:3202,XPhos,5,,18.41,24.83859634399414,15.218451499938965
reaction:3206,P(tBu)3,6,,13.03,16.694242477416992,17.1737060546875
reaction:3207,P(Ph)3,7,,60.47,44.43667221069336,14.448199272155762
reaction:3208,AmPhos,3,,12.2,16.593679428100586,15.725147247314453
reaction:3209,P(Cy)3,5,,23.17,49.72997283935547,13.778922080993652
reaction:3210,P(o-Tol)3,4,,14.55,16.255355834960938,14.95860767364502
reaction:3211,CataCXium A,2,,13.75,17.533979415893555,15.22492504119873
reaction:3212,SPhos,1,,13.96,11.871452331542969,14.604979515075684
reaction:3214,XPhos,5,,15.29,25.07862091064453,15.327946662902832
reaction:3218,P(tBu)3,0,,16.45,16.93106460571289,16.247940063476562
reaction:3219,P(Ph)3,1,,53.54,50.42505645751953,14.987710952758789
reaction:3220,AmPhos,2,,15.59,17.55401611328125,15.889264106750488
reaction:3221,P(Cy)3,5,,44.32,56.233604431152344,13.751370429992676
reaction:3222,P(o-Tol)3,7,,15.21,18.689014434814453,13.913752555847168
reaction:3223,CataCXium A,2,,24.96,22.063995361328125,15.213417053222656
reaction:3224,SPhos,3,,15.41,17.331520080566406,13.891566276550293
reaction:3226,XPhos,6,,19.47,21.926366806030273,16.166568756103516
reaction:3230,P(tBu)3,5,,16.0,19.842586517333984,16.20855140686035
reaction:3231,P(Ph)3,4,,44.25,58.54568862915039,15.51080322265625
reaction:3232,AmPhos,6,,19.09,15.819725036621094,16.838951110839844
reaction:3233,P(Cy)3,0,,61.14,48.900062561035156,15.64906120300293
reaction:3234,P(o-Tol)3,0,,16.17,15.422931671142578,14.728521347045898
reaction:3235,CataCXium A,3,,23.74,24.31247901916504,12.751405715942383
reaction:3236,SPhos,2,,23.28,21.53439712524414,14.613725662231445
reaction:3238,XPhos,3,,21.02,27.77345085144043,15.533449172973633
reaction:3242,P(tBu)3,7,,17.39,16.339309692382812,17.080854415893555
reaction:3243,P(Ph)3,0,,43.13,55.91705322265625,16.389511108398438
reaction:3244,AmPhos,1,,19.07,18.148115158081055,16.839067459106445
reaction:3245,P(Cy)3,2,,84.64,47.312965393066406,16.16675567626953
reaction:3246,P(o-Tol)3,4,,18.36,11.649856567382812,15.91126537322998
reaction:3247,CataCXium A,1,,29.12,36.3079833984375,15.204972267150879
reaction:3248,SPhos,1,,18.27,34.50666427612305,15.80433464050293
reaction:3250,XPhos,7,,35.39,25.43583106994629,16.34846305847168
reaction:3254,P(tBu)3,2,,20.98,13.550670623779297,16.32625389099121
reaction:3255,P(Ph)3,5,,42.26,56.612159729003906,14.338292121887207
reaction:3256,AmPhos,1,,18.06,16.953828811645508,16.254377365112305
reaction:3257,P(Cy)3,4,,71.96,51.231292724609375,15.751324653625488
reaction:3258,P(o-Tol)3,6,,16.85,14.596454620361328,14.836908340454102
reaction:3259,CataCXium A,6,,30.48,28.310508728027344,14.017983436584473
reaction:3260,SPhos,6,,24.7,27.067607879638672,15.304588317871094
reaction:3262,XPhos,0,,32.07,25.879329681396484,15.955161094665527
reaction:3266,P(tBu)3,4,,11.29,17.244285583496094,17.6485538482666
reaction:3267,P(Ph)3,5,,15.14,16.495153427124023,16.137149810791016
reaction:3268,AmPhos,7,,10.53,10.068492889404297,16.32565689086914
reaction:3269,P(Cy)3,4,,11.98,13.670360565185547,15.579959869384766
reaction:3270,P(o-Tol)3,5,,12.1,12.435821533203125,15.633626937866211
reaction:3271,CataCXium A,5,,12.05,16.81907844543457,15.323071479797363
reaction:3272,SPhos,7,,12.21,8.270729064941406,14.524147033691406
reaction:3274,XPhos,6,,14.92,20.67131233215332,15.402751922607422
reaction:3278,P(tBu)3,7,,18.78,22.036346435546875,15.145047187805176
reaction:3279,P(Ph)3,1,,19.48,21.61298370361328,15.511235237121582
reaction:3280,AmPhos,4,,17.79,14.316993713378906,16.74545669555664
reaction:3281,P(Cy)3,0,,19.5,18.74919319152832,15.053228378295898
reaction:3282,P(o-Tol)3,3,,17.96,15.884773254394531,14.597180366516113
reaction:3283,CataCXium A,5,,18.41,18.063819885253906,14.800820350646973
reaction:3284,SPhos,2,,17.82,14.878265380859375,14.479313850402832
reaction:3286,XPhos,4,,20.84,24.881345748901367,16.054410934448242
reaction:3290,P(tBu)3,4,,18.27,13.254234313964844,17.223979949951172
reaction:3291,P(Ph)3,0,,11.77,21.67965316772461,14.830343246459961
reaction:3292,AmPhos,0,,11.43,11.19753646850586,16.165048599243164
reaction:3293,P(Cy)3,4,,14.02,17.291276931762695,14.822762489318848
reaction:3294,P(o-Tol)3,4,,11.74,10.438770294189453,14.308725357055664
reaction:3295,CataCXium A,3,,12.2,17.770769119262695,14.116419792175293
reaction:3296,SPhos,4,,11.94,12.800300598144531,14.511373519897461
reaction:3298,XPhos,4,,23.37,20.41847801208496,15.702654838562012
reaction:3302,P(tBu)3,3,,12.38,19.286346435546875,15.395584106445312
reaction:3303,P(Ph)3,0,,13.1,22.75546646118164,14.904938697814941
reaction:3304,AmPhos,3,,10.49,11.839775085449219,15.413158416748047
reaction:3305,P(Cy)3,0,,11.45,14.992076873779297,14.698777198791504
reaction:3306,P(o-Tol)3,5,,11.47,11.463706970214844,14.750489234924316
reaction:3307,CataCXium A,1,,15.88,11.70461654663086,14.628434181213379
reaction:3308,SPhos,7,,11.18,10.32229995727539,13.665125846862793
reaction:3310,XPhos,5,,11.72,18.055696487426758,15.198125839233398
reaction:3314,P(tBu)3,2,,11.78,11.086166381835938,14.992920875549316
reaction:3315,P(Ph)3,0,,14.49,23.164134979248047,14.906441688537598
reaction:3316,AmPhos,0,,11.21,9.967926025390625,16.215078353881836
reaction:3317,P(Cy)3,1,,20.77,15.720878601074219,14.980744361877441
reaction:3318,P(o-Tol)3,4,,12.2,8.870471954345703,14.356754302978516
reaction:3319,CataCXium A,3,,13.04,20.02488136291504,14.222455024719238
reaction:3320,SPhos,5,,11.9,11.54510498046875,14.260881423950195
reaction:3322,XPhos,6,,14.73,21.4370059967041,14.35510540008545
reaction:3326,P(tBu)3,4,,28.73,16.194568634033203,17.268177032470703
reaction:3327,P(Ph)3,3,,31.17,18.96959114074707,15.16666030883789
reaction:3328,AmPhos,7,,11.48,12.765399932861328,15.788881301879883
reaction:3329,P(Cy)3,3,,29.54,18.646865844726562,14.989755630493164
reaction:3330,P(o-Tol)3,5,,13.88,20.12448501586914,14.786270141601562
reaction:3331,CataCXium A,6,,30.18,22.48945426940918,13.571853637695312
reaction:3332,SPhos,0,,12.93,13.565093994140625,13.863815307617188
reaction:3334,XPhos,2,,16.19,17.68817710876465,15.03274917602539
reaction:3338,P(tBu)3,1,,11.67,12.567710876464844,16.430343627929688
reaction:3339,P(Ph)3,1,,32.48,16.612184524536133,16.434497833251953
reaction:3340,AmPhos,1,,10.88,16.561656951904297,16.798099517822266
reaction:3341,P(Cy)3,0,,13.65,26.58012580871582,15.68986988067627
reaction:3342,P(o-Tol)3,7,,12.8,18.739633560180664,15.429527282714844
reaction:3343,CataCXium A,1,,14.05,15.939350128173828,15.688301086425781
reaction:3344,SPhos,2,,12.53,17.019166946411133,15.40880298614502
reaction:3346,XPhos,5,,33.09,22.757064819335938,16.155868530273438
reaction:3350,P(tBu)3,0,,11.86,18.527618408203125,16.882980346679688
reaction:3351,P(Ph)3,5,,13.7,28.51634407043457,15.771424293518066
reaction:3352,AmPhos,4,,11.93,13.625049591064453,16.91326332092285
reaction:3353,P(Cy)3,2,,11.79,24.871402740478516,14.961173057556152
reaction:3354,P(o-Tol)3,4,,25.41,15.85157585144043,15.024415016174316
reaction:3355,CataCXium A,1,,33.14,15.936616897583008,15.111920356750488
reaction:3356,SPhos,7,,12.96,21.44220542907715,14.30577564239502
reaction:3358,XPhos,5,,35.78,17.213481903076172,15.580056190490723
reaction:3362,P(tBu)3,0,,24.57,23.673229217529297,16.7562313079834
reaction:3363,P(Ph)3,7,,48.08,78.2528076171875,14.753544807434082
reaction:3364,AmPhos,7,,54.99,29.51268768310547,16.458158493041992
reaction:3365,P(Cy)3,3,,26.1,50.1633186340332,16.244903564453125
reaction:3366,P(o-Tol)3,1,,38.2,47.002052307128906,14.782828330993652
reaction:3367,CataCXium A,3,,71.95,26.046815872192383,15.45205020904541
reaction:3368,SPhos,5,,25.89,30.611230850219727,14.587759017944336
reaction:3370,XPhos,3,,27.69,30.68368911743164,16.586498260498047
reaction:3374,P(tBu)3,5,,23.77,24.04027557373047,17.149303436279297
reaction:3375,P(Ph)3,3,,72.56,66.64689636230469,16.561172485351562
reaction:3376,AmPhos,0,,39.11,35.81131362915039,16.936155319213867
reaction:3377,P(Cy)3,1,,61.53,55.66839599609375,14.626941680908203
reaction:3378,P(o-Tol)3,6,,35.64,37.17047119140625,15.046031951904297
reaction:3379,CataCXium A,4,,35.27,43.97675704956055,13.529759407043457
reaction:3380,SPhos,2,,47.03,46.29219055175781,15.336442947387695
reaction:3382,XPhos,4,,51.17,46.93971252441406,16.61082649230957
reaction:3386,P(tBu)3,4,,20.76,21.3110294342041,17.401107788085938
reaction:3387,P(Ph)3,0,,73.52,70.46674346923828,13.97765064239502
reaction:3388,AmPhos,4,,30.22,37.69853973388672,17.24896812438965
reaction:3389,P(Cy)3,3,,49.15,62.260772705078125,15.378789901733398
reaction:3390,P(o-Tol)3,6,,37.72,35.35321044921875,14.711908340454102
reaction:3391,CataCXium A,1,,36.05,42.73917770385742,13.87634563446045
reaction:3392,SPhos,5,,45.38,40.40484619140625,13.491647720336914
reaction:3394,XPhos,2,,47.38,44.659786224365234,17.133596420288086
reaction:3398,P(tBu)3,7,,20.85,18.29620933532715,15.929794311523438
reaction:3399,P(Ph)3,3,,74.41,63.15216827392578,16.391807556152344
reaction:3400,AmPhos,6,,25.49,35.69210433959961,16.858509063720703
reaction:3401,P(Cy)3,7,,47.92,54.42051696777344,14.721223831176758
reaction:3402,P(o-Tol)3,1,,31.78,37.53180694580078,13.896238327026367
reaction:3403,CataCXium A,1,,29.21,41.94889831542969,14.162643432617188
reaction:3404,SPhos,1,,50.69,40.141273498535156,13.505191802978516
reaction:3406,XPhos,4,,43.22,46.690589904785156,16.336875915527344
reaction:3410,P(tBu)3,0,,21.32,21.73903465270996,16.215970993041992
reaction:3411,P(Ph)3,3,,83.66,68.29896545410156,16.414907455444336
reaction:3412,AmPhos,2,,36.82,36.31623458862305,17.101032257080078
reaction:3413,P(Cy)3,5,,63.05,59.346588134765625,14.028980255126953
reaction:3414,P(o-Tol)3,3,,37.05,38.771427154541016,15.026491165161133
reaction:3415,CataCXium A,1,,40.78,50.26129913330078,14.005852699279785
reaction:3416,SPhos,5,,53.28,41.969940185546875,13.698610305786133
reaction:3418,XPhos,0,,46.27,48.448917388916016,15.403456687927246
reaction:3422,P(tBu)3,6,,18.29,22.02874755859375,17.191621780395508
reaction:3423,P(Ph)3,3,,71.31,67.24180603027344,16.388072967529297
reaction:3424,AmPhos,3,,31.01,35.70745849609375,16.910049438476562
reaction:3425,P(Cy)3,0,,69.26,49.34286880493164,14.326516151428223
reaction:3426,P(o-Tol)3,6,,37.59,34.080257415771484,14.95127010345459
reaction:3427,CataCXium A,2,,37.91,43.539310455322266,13.403267860412598
reaction:3428,SPhos,7,,23.2,45.35665512084961,13.834224700927734
reaction:3430,XPhos,7,,30.62,44.12339401245117,15.607315063476562
reaction:3434,P(tBu)3,4,,23.65,25.888221740722656,17.93223762512207
reaction:3435,P(Ph)3,3,,62.95,68.25507354736328,17.02851676940918
reaction:3436,AmPhos,0,,45.32,34.594322204589844,17.337121963500977
reaction:3437,P(Cy)3,4,,83.06,51.8774528503418,15.643575668334961
reaction:3438,P(o-Tol)3,4,,38.42,37.981590270996094,15.372281074523926
reaction:3439,CataCXium A,3,,43.3,45.19037628173828,15.650969505310059
reaction:3440,SPhos,3,,27.79,50.199703216552734,15.617334365844727
reaction:3442,XPhos,1,,48.35,36.00917434692383,16.604162216186523
reaction:3446,P(tBu)3,5,,20.59,23.414445877075195,17.21727752685547
reaction:3447,P(Ph)3,5,,84.54,68.4364013671875,14.882447242736816
reaction:3448,AmPhos,4,,31.28,41.571189880371094,17.57343101501465
reaction:3449,P(Cy)3,7,,64.63,61.74237823486328,15.383875846862793
reaction:3450,P(o-Tol)3,0,,44.63,38.75197982788086,14.079520225524902
reaction:3451,CataCXium A,7,,31.51,51.06703567504883,13.719372749328613
reaction:3452,SPhos,3,,52.78,44.35816955566406,15.035283088684082
reaction:3454,XPhos,0,,42.62,52.38015365600586,15.845508575439453
reaction:3458,P(tBu)3,6,,14.78,15.614070892333984,17.191017150878906
reaction:3459,P(Ph)3,6,,15.69,17.688575744628906,16.413043975830078
reaction:3460,AmPhos,5,,16.01,17.21038246154785,16.569921493530273
reaction:3461,P(Cy)3,3,,19.35,14.507122039794922,16.516931533813477
reaction:3462,P(o-Tol)3,4,,17.37,16.554882049560547,14.74746322631836
reaction:3463,CataCXium A,6,,15.16,17.97197151184082,15.47592544555664
reaction:3464,SPhos,2,,14.48,15.134136199951172,15.1791410446167
reaction:3466,XPhos,7,,16.12,16.526260375976562,15.067281723022461
reaction:3470,P(tBu)3,3,,17.82,19.559307098388672,15.9165620803833
reaction:3471,P(Ph)3,5,,19.46,22.186742782592773,15.196535110473633
reaction:3472,AmPhos,6,,20.67,20.355911254882812,16.488479614257812
reaction:3473,P(Cy)3,2,,19.64,18.163284301757812,15.638391494750977
reaction:3474,P(o-Tol)3,2,,29.53,21.071382522583008,14.617694854736328
reaction:3475,CataCXium A,1,,19.42,21.933225631713867,14.519721031188965
reaction:3476,SPhos,1,,19.15,18.581356048583984,14.666876792907715
reaction:3478,XPhos,7,,20.14,17.30979347229004,14.443757057189941
reaction:3482,P(tBu)3,6,,18.86,15.540508270263672,16.47079849243164
reaction:3483,P(Ph)3,0,,16.12,16.565349578857422,15.639281272888184
reaction:3484,AmPhos,4,,16.64,14.688915252685547,15.042141914367676
reaction:3485,P(Cy)3,6,,16.07,16.227493286132812,15.225675582885742
reaction:3486,P(o-Tol)3,6,,17.97,22.132699966430664,15.36940860748291
reaction:3487,CataCXium A,4,,17.61,18.535400390625,13.818025588989258
reaction:3488,SPhos,1,,17.31,15.633367538452148,14.207789421081543
reaction:3490,XPhos,3,,16.92,17.93208885192871,14.754522323608398
reaction:3494,P(tBu)3,2,,16.72,21.197893142700195,16.510969161987305
reaction:3495,P(Ph)3,0,,18.91,18.117656707763672,15.787132263183594
reaction:3496,AmPhos,7,,16.35,18.289104461669922,15.370494842529297
reaction:3497,P(Cy)3,6,,15.9,17.215736389160156,15.458110809326172
reaction:3498,P(o-Tol)3,0,,36.68,19.313610076904297,14.73421573638916
reaction:3499,CataCXium A,2,,24.07,19.447799682617188,14.26636791229248
reaction:3500,SPhos,6,,16.43,13.03689193725586,15.503172874450684
reaction:3502,XPhos,3,,4.66,15.847213745117188,14.949257850646973
reaction:3506,P(tBu)3,1,,15.83,16.260046005249023,16.518190383911133
reaction:3507,P(Ph)3,5,,15.34,16.236948013305664,14.798905372619629
reaction:3508,AmPhos,0,,15.09,16.570348739624023,17.170711517333984
reaction:3509,P(Cy)3,1,,15.73,15.089492797851562,15.74124526977539
reaction:3510,P(o-Tol)3,0,,13.61,18.432153701782227,14.788969039916992
reaction:3511,CataCXium A,0,,15.62,18.22102928161621,14.581332206726074
reaction:3512,SPhos,3,,15.39,13.96767807006836,14.305517196655273
reaction:3514,XPhos,2,,14.07,15.200614929199219,15.359466552734375
reaction:3518,P(tBu)3,2,,16.0,16.52681541442871,16.50766372680664
reaction:3519,P(Ph)3,6,,16.23,17.383329391479492,15.73905086517334
reaction:3520,AmPhos,0,,12.4,16.8402042388916,17.137798309326172
reaction:3521,P(Cy)3,1,,14.32,16.57662010192871,15.795014381408691
reaction:3522,P(o-Tol)3,6,,15.59,20.503711700439453,15.51960277557373
reaction:3523,CataCXium A,3,,16.37,18.708194732666016,14.778353691101074
reaction:3524,SPhos,5,,13.25,14.976036071777344,14.176969528198242
reaction:3526,XPhos,5,,15.8,13.68442153930664,14.508752822875977
reaction:3530,P(tBu)3,2,,17.17,16.778085708618164,17.219491958618164
reaction:3531,P(Ph)3,7,,19.75,18.377389907836914,15.339282035827637
reaction:3532,AmPhos,3,,12.94,17.44167709350586,16.548192977905273
reaction:3533,P(Cy)3,7,,14.18,18.72819709777832,15.405688285827637
reaction:3534,P(o-Tol)3,6,,15.69,22.18505859375,16.349817276000977
reaction:3535,CataCXium A,2,,22.51,18.706682205200195,15.277775764465332
reaction:3536,SPhos,6,,15.14,14.867721557617188,16.395687103271484
reaction:3538,XPhos,2,,14.17,15.584808349609375,16.221290588378906
reaction:3542,P(tBu)3,0,,14.14,20.722450256347656,17.342897415161133
reaction:3543,P(Ph)3,6,,15.19,16.39518165588379,16.060319900512695
reaction:3544,AmPhos,6,,16.49,18.216474533081055,16.773908615112305
reaction:3545,P(Cy)3,6,,16.02,17.70927619934082,15.826021194458008
reaction:3546,P(o-Tol)3,0,,15.25,16.40687370300293,15.214792251586914
reaction:3547,CataCXium A,4,,13.53,17.323598861694336,14.5053071975708
reaction:3548,SPhos,6,,14.34,20.467853546142578,15.92597770690918
reaction:3550,XPhos,6,,15.27,21.194774627685547,16.472732543945312
reaction:3554,P(tBu)3,1,,31.76,25.195756912231445,17.234277725219727
reaction:3555,P(Ph)3,4,,51.68,45.82704544067383,15.033581733703613
reaction:3556,AmPhos,3,,37.57,38.1378173828125,16.097370147705078
reaction:3557,P(Cy)3,1,,47.6,37.6248893737793,17.254148483276367
reaction:3558,P(o-Tol)3,1,,34.75,38.877525329589844,16.1574764251709
reaction:3559,CataCXium A,6,,55.11,54.277225494384766,16.652542114257812
reaction:3560,SPhos,0,,31.85,33.23686599731445,16.66855239868164
reaction:3562,XPhos,4,,29.92,29.681228637695312,15.818557739257812
reaction:3566,P(tBu)3,0,,27.16,27.326475143432617,18.2694091796875
reaction:3567,P(Ph)3,7,,47.7,45.61819076538086,15.113698959350586
reaction:3568,AmPhos,4,,43.3,38.90155792236328,16.07830810546875
reaction:3569,P(Cy)3,2,,44.4,33.06827163696289,15.436084747314453
reaction:3570,P(o-Tol)3,4,,34.11,40.08238983154297,14.720711708068848
reaction:3571,CataCXium A,4,,46.43,55.08507537841797,13.871288299560547
reaction:3572,SPhos,5,,27.58,29.767004013061523,15.620489120483398
reaction:3574,XPhos,2,,23.65,28.99943733215332,15.855610847473145
reaction:3578,P(tBu)3,3,,21.26,25.423683166503906,15.88387680053711
reaction:3579,P(Ph)3,6,,42.44,43.8258171081543,16.538238525390625
reaction:3580,AmPhos,6,,30.95,35.89291000366211,16.9536190032959
reaction:3581,P(Cy)3,1,,27.31,34.5853271484375,16.752771377563477
reaction:3582,P(o-Tol)3,5,,34.82,34.959869384765625,14.825845718383789
reaction:3583,CataCXium A,6,,56.37,47.2331428527832,15.905454635620117
reaction:3584,SPhos,7,,27.03,25.92392921447754,14.287820816040039
reaction:3586,XPhos,6,,23.4,26.47577667236328,16.079851150512695
reaction:3590,P(tBu)3,0,,22.12,26.615299224853516,18.176219940185547
reaction:3591,P(Ph)3,7,,34.49,46.242923736572266,15.005435943603516
reaction:3592,AmPhos,0,,36.44,38.41219711303711,18.17888641357422
reaction:3593,P(Cy)3,1,,32.77,29.954713821411133,16.885255813598633
reaction:3594,P(o-Tol)3,1,,35.01,33.494384765625,15.460972785949707
reaction:3595,CataCXium A,7,,41.14,51.524532318115234,14.54670238494873
reaction:3596,SPhos,1,,23.89,25.348020553588867,14.973705291748047
reaction:3598,XPhos,6,,23.11,24.268169403076172,16.24608612060547
reaction:3602,P(tBu)3,7,,26.44,25.403430938720703,16.177644729614258
reaction:3603,P(Ph)3,5,,42.52,44.99873352050781,15.197112083435059
reaction:3604,AmPhos,0,,27.31,39.179386138916016,18.200592041015625
reaction:3605,P(Cy)3,4,,23.96,36.2795524597168,14.881235122680664
reaction:3606,P(o-Tol)3,0,,37.34,35.75551986694336,16.511184692382812
reaction:3607,CataCXium A,1,,49.39,48.134456634521484,15.372074127197266
reaction:3608,SPhos,7,,22.85,24.625667572021484,14.356511116027832
reaction:3610,XPhos,1,,24.26,22.689970016479492,15.660550117492676
reaction:3614,P(tBu)3,6,,26.61,26.658550262451172,17.14847755432129
reaction:3615,P(Ph)3,0,,47.17,44.85962677001953,16.962112426757812
reaction:3616,AmPhos,6,,41.97,37.55977249145508,17.07895278930664
reaction:3617,P(Cy)3,4,,30.56,41.549781799316406,14.92743968963623
reaction:3618,P(o-Tol)3,3,,37.91,39.510498046875,14.802574157714844
reaction:3619,CataCXium A,0,,60.3,49.57398223876953,16.319135665893555
reaction:3620,SPhos,5,,30.31,28.906618118286133,15.430490493774414
reaction:3622,XPhos,5,,29.03,25.68384552001953,16.26626205444336
reaction:3626,P(tBu)3,4,,29.1,26.22027015686035,16.820756912231445
reaction:3627,P(Ph)3,5,,53.77,48.0585823059082,16.134836196899414
reaction:3628,AmPhos,7,,42.75,36.2435188293457,17.079036712646484
reaction:3629,P(Cy)3,5,,38.71,39.73561477661133,15.935569763183594
reaction:3630,P(o-Tol)3,7,,35.42,40.429744720458984,15.36624813079834
reaction:3631,CataCXium A,3,,60.07,53.72821807861328,15.238712310791016
reaction:3632,SPhos,0,,32.04,31.128517150878906,16.80279541015625
reaction:3634,XPhos,7,,28.83,26.829504013061523,16.320289611816406
reaction:3638,P(tBu)3,5,,23.75,29.485116958618164,17.237897872924805
reaction:3639,P(Ph)3,0,,55.89,47.16971206665039,17.21672248840332
reaction:3640,AmPhos,2,,44.98,37.95244598388672,17.168621063232422
reaction:3641,P(Cy)3,1,,43.32,37.06931686401367,17.0968017578125
reaction:3642,P(o-Tol)3,0,,40.65,37.413421630859375,16.826805114746094
reaction:3643,CataCXium A,7,,58.2,56.79775619506836,15.015585899353027
reaction:3644,SPhos,3,,30.76,34.48088455200195,14.69670581817627
reaction:3646,XPhos,1,,31.51,25.718833923339844,16.056360244750977
reaction:3650,P(tBu)3,6,,13.05,19.68191909790039,17.4832820892334
reaction:3651,P(Ph)3,4,,15.86,16.223922729492188,15.782122611999512
reaction:3652,AmPhos,6,,21.99,15.46084213256836,17.197021484375
reaction:3653,P(Cy)3,5,,17.53,17.749492645263672,15.643835067749023
reaction:3654,P(o-Tol)3,0,,14.79,14.040340423583984,15.091833114624023
reaction:3655,CataCXium A,2,,13.97,14.615951538085938,14.776854515075684
reaction:3656,SPhos,3,,14.89,17.869915008544922,15.225452423095703
reaction:3658,XPhos,1,,22.39,14.698944091796875,16.44916343688965
reaction:3662,P(tBu)3,4,,16.21,21.876407623291016,16.50339126586914
reaction:3663,P(Ph)3,5,,20.23,19.736623764038086,15.233565330505371
reaction:3664,AmPhos,4,,19.9,19.805511474609375,16.011571884155273
reaction:3665,P(Cy)3,5,,16.86,19.882307052612305,15.28090763092041
reaction:3666,P(o-Tol)3,5,,19.22,18.901981353759766,15.102513313293457
reaction:3667,CataCXium A,0,,18.83,17.39471435546875,15.110329627990723
reaction:3668,SPhos,0,,18.66,19.125015258789062,15.142572402954102
reaction:3670,XPhos,1,,19.78,17.3607234954834,16.15260887145996
reaction:3674,P(tBu)3,4,,19.09,18.970861434936523,16.165468215942383
reaction:3675,P(Ph)3,6,,16.59,17.369701385498047,14.614319801330566
reaction:3676,AmPhos,3,,13.82,17.50088119506836,15.461788177490234
reaction:3677,P(Cy)3,0,,16.67,15.155654907226562,15.704544067382812
reaction:3678,P(o-Tol)3,7,,20.61,14.796993255615234,13.844310760498047
reaction:3679,CataCXium A,4,,15.85,16.62822723388672,14.165432929992676
reaction:3680,SPhos,0,,14.7,16.75895881652832,14.699259757995605
reaction:3682,XPhos,6,,16.51,17.706031799316406,16.06499671936035
reaction:3686,P(tBu)3,4,,18.87,19.927112579345703,16.260494232177734
reaction:3687,P(Ph)3,2,,15.17,15.263797760009766,14.882948875427246
reaction:3688,AmPhos,5,,12.52,18.229188919067383,16.255081176757812
reaction:3689,P(Cy)3,3,,14.04,14.316780090332031,16.23299789428711
reaction:3690,P(o-Tol)3,4,,14.41,17.926668167114258,14.480384826660156
reaction:3691,CataCXium A,7,,14.16,15.591320037841797,13.80945110321045
reaction:3692,SPhos,6,,8.89,11.82198715209961,15.460597038269043
reaction:3694,XPhos,0,,5.87,13.109188079833984,16.158681869506836
reaction:3698,P(tBu)3,6,,14.85,15.926589965820312,16.823265075683594
reaction:3699,P(Ph)3,0,,15.24,16.96460723876953,15.418960571289062
reaction:3700,AmPhos,2,,13.75,14.975215911865234,15.847412109375
reaction:3701,P(Cy)3,6,,13.5,13.079742431640625,16.055225372314453
reaction:3702,P(o-Tol)3,2,,15.93,13.66897201538086,14.515359878540039
reaction:3703,CataCXium A,6,,14.94,13.909542083740234,14.589550018310547
reaction:3704,SPhos,1,,13.89,15.604778289794922,14.893452644348145
reaction:3706,XPhos,5,,15.15,15.624462127685547,14.600534439086914
reaction:3710,P(tBu)3,7,,15.33,17.764387130737305,16.424596786499023
reaction:3711,P(Ph)3,4,,15.57,15.928800582885742,15.132346153259277
reaction:3712,AmPhos,7,,14.34,16.95145034790039,15.36370849609375
reaction:3713,P(Cy)3,6,,16.56,12.732460021972656,16.038949966430664
reaction:3714,P(o-Tol)3,0,,14.67,13.749092102050781,14.297250747680664
reaction:3715,CataCXium A,3,,13.1,17.31671905517578,15.215568542480469
reaction:3716,SPhos,1,,14.39,14.939807891845703,14.996647834777832
reaction:3718,XPhos,1,,15.63,13.88253402709961,16.017061233520508
reaction:3722,P(tBu)3,5,,13.46,16.6364688873291,17.29786491394043
reaction:3723,P(Ph)3,4,,15.1,20.553302764892578,15.978926658630371
reaction:3724,AmPhos,5,,13.14,19.6796932220459,17.01738166809082
reaction:3725,P(Cy)3,1,,14.73,17.1441650390625,16.278287887573242
reaction:3726,P(o-Tol)3,3,,14.45,14.958248138427734,15.60879135131836
reaction:3727,CataCXium A,6,,19.58,17.21107292175293,15.688936233520508
reaction:3728,SPhos,2,,13.61,17.329601287841797,14.990396499633789
reaction:3730,XPhos,6,,15.96,17.608736038208008,17.05925941467285
reaction:3734,P(tBu)3,7,,31.57,17.42067527770996,16.72850227355957
reaction:3735,P(Ph)3,4,,19.08,17.68476104736328,15.60112476348877
reaction:3736,AmPhos,6,,26.77,20.01157569885254,17.008913040161133
reaction:3737,P(Cy)3,3,,13.69,22.317991256713867,16.524024963378906
reaction:3738,P(o-Tol)3,3,,14.13,21.565113067626953,15.160611152648926
reaction:3739,CataCXium A,3,,14.55,22.281234741210938,15.638442039489746
reaction:3740,SPhos,7,,31.35,13.241950988769531,14.288040161132812
reaction:3742,XPhos,6,,15.82,26.23849868774414,16.570903778076172
reaction:3746,P(tBu)3,7,,16.44,38.947940826416016,15.989919662475586
reaction:3747,P(Ph)3,1,,56.56,56.73014831542969,15.233525276184082
reaction:3748,AmPhos,0,,45.17,57.659523010253906,16.939390182495117
reaction:3749,P(Cy)3,5,,21.88,51.77628707885742,16.71759033203125
reaction:3750,P(o-Tol)3,3,,56.29,53.104652404785156,16.044374465942383
reaction:3751,CataCXium A,3,,43.94,46.22382354736328,14.69665813446045
reaction:3752,SPhos,7,,29.67,38.24162292480469,14.784327507019043
reaction:3754,XPhos,7,,30.14,43.63216018676758,16.91997528076172
reaction:3758,P(tBu)3,6,,48.3,44.3468017578125,17.556188583374023
reaction:3759,P(Ph)3,7,,75.18,76.39154052734375,15.125581741333008
reaction:3760,AmPhos,7,,63.04,66.0989990234375,15.914881706237793
reaction:3761,P(Cy)3,5,,75.06,71.8044204711914,16.484350204467773
reaction:3762,P(o-Tol)3,7,,72.15,73.56046295166016,14.356148719787598
reaction:3763,CataCXium A,4,,70.31,72.77743530273438,13.761029243469238
reaction:3764,SPhos,3,,62.57,64.21337890625,14.35018253326416
reaction:3766,XPhos,7,,61.95,57.901885986328125,16.416484832763672
reaction:3770,P(tBu)3,5,,42.64,44.72712707519531,17.95176887512207
reaction:3771,P(Ph)3,6,,69.39,73.56228637695312,15.359325408935547
reaction:3772,AmPhos,0,,60.07,65.46592712402344,16.30136489868164
reaction:3773,P(Cy)3,2,,68.64,61.540897369384766,16.675172805786133
reaction:3774,P(o-Tol)3,3,,69.92,68.60601043701172,15.153039932250977
reaction:3775,CataCXium A,0,,64.04,68.06719970703125,13.054887771606445
reaction:3776,SPhos,1,,51.08,60.79267120361328,15.78316879272461
reaction:3778,XPhos,2,,57.92,54.900390625,18.005176544189453
reaction:3782,P(tBu)3,4,,44.23,45.472530364990234,17.2579402923584
reaction:3783,P(Ph)3,4,,78.31,73.14167022705078,14.630888938903809
reaction:3784,AmPhos,2,,61.48,65.16187286376953,18.06949234008789
reaction:3785,P(Cy)3,1,,73.72,65.0923080444336,15.844956398010254
reaction:3786,P(o-Tol)3,0,,73.24,70.59292602539062,13.292155265808105
reaction:3787,CataCXium A,3,,63.42,76.33939361572266,13.746490478515625
reaction:3788,SPhos,1,,69.82,62.346595764160156,15.960393905639648
reaction:3790,XPhos,5,,64.55,58.54352569580078,17.420637130737305
reaction:3794,P(tBu)3,3,,53.09,45.71092224121094,17.585905075073242
reaction:3795,P(Ph)3,5,,81.48,80.91548156738281,14.704134941101074
reaction:3796,AmPhos,1,,70.14,66.51470184326172,17.521955490112305
reaction:3797,P(Cy)3,5,,69.95,75.29361724853516,16.228443145751953
reaction:3798,P(o-Tol)3,7,,80.65,76.91153717041016,14.034846305847168
reaction:3799,CataCXium A,7,,82.23,72.6180191040039,13.190917015075684
reaction:3800,SPhos,6,,66.4,63.52009582519531,14.959783554077148
reaction:3802,XPhos,1,,61.03,56.636322021484375,17.286184310913086
reaction:3806,P(tBu)3,0,,46.61,46.797142028808594,16.462268829345703
reaction:3807,P(Ph)3,3,,80.09,79.59542083740234,15.145565032958984
reaction:3808,AmPhos,4,,74.74,62.95955276489258,17.289169311523438
reaction:3809,P(Cy)3,2,,73.91,68.82693481445312,16.804994583129883
reaction:3810,P(o-Tol)3,3,,79.4,77.01830291748047,15.380024909973145
reaction:3811,CataCXium A,6,,81.25,73.41793060302734,14.265727996826172
reaction:3812,SPhos,2,,58.75,61.385772705078125,16.823711395263672
reaction:3814,XPhos,2,,44.35,57.106327056884766,18.088733673095703
reaction:3818,P(tBu)3,4,,53.82,49.23019027709961,17.80477523803711
reaction:3819,P(Ph)3,1,,82.9,78.58264923095703,15.625255584716797
reaction:3820,AmPhos,4,,78.92,64.39017486572266,17.810056686401367
reaction:3821,P(Cy)3,6,,66.13,67.5287857055664,16.476293563842773
reaction:3822,P(o-Tol)3,6,,84.77,80.81886291503906,16.324190139770508
reaction:3823,CataCXium A,4,,74.96,76.45670318603516,14.697019577026367
reaction:3824,SPhos,2,,59.47,56.753536224365234,17.312824249267578
reaction:3826,XPhos,1,,50.87,52.449913024902344,17.90641212463379
reaction:3830,P(tBu)3,3,,49.74,45.73283386230469,17.784250259399414
reaction:3831,P(Ph)3,7,,78.9,77.74443817138672,15.385095596313477
reaction:3832,AmPhos,2,,70.77,65.47677612304688,18.24449920654297
reaction:3833,P(Cy)3,3,,78.59,71.67645263671875,15.0543794631958
reaction:3834,P(o-Tol)3,6,,71.82,76.31106567382812,15.610859870910645
reaction:3835,CataCXium A,2,,76.98,74.59725952148438,14.020464897155762
reaction:3836,SPhos,6,,68.51,69.33834838867188,15.461957931518555
reaction:3838,XPhos,1,,67.02,58.85123825073242,17.510395050048828
reaction:3842,P(tBu)3,6,,12.41,14.652149200439453,17.241785049438477
reaction:3843,P(Ph)3,3,,23.02,20.127849578857422,16.392440795898438
reaction:3844,AmPhos,0,,20.7,18.53923225402832,16.909709930419922
reaction:3845,P(Cy)3,4,,12.94,15.003799438476562,15.86224365234375
reaction:3846,P(o-Tol)3,1,,15.23,12.882080078125,15.445401191711426
reaction:3847,CataCXium A,6,,14.79,19.040037155151367,14.721444129943848
reaction:3848,SPhos,4,,13.01,11.85549545288086,15.181028366088867
reaction:3850,XPhos,2,,13.88,13.807804107666016,16.4599609375
reaction:3854,P(tBu)3,5,,15.81,14.712905883789062,15.506695747375488
reaction:3855,P(Ph)3,1,,18.18,20.593748092651367,15.203959465026855
reaction:3856,AmPhos,7,,17.45,17.46758460998535,16.151010513305664
reaction:3857,P(Cy)3,2,,17.86,19.251445770263672,15.033568382263184
reaction:3858,P(o-Tol)3,1,,17.29,14.349159240722656,15.051934242248535
reaction:3859,CataCXium A,7,,18.96,16.38398551940918,14.086091995239258
reaction:3860,SPhos,6,,17.79,18.110132217407227,14.594074249267578
reaction:3862,XPhos,1,,21.26,16.12135887145996,16.170063018798828
reaction:3866,P(tBu)3,2,,12.17,13.68893814086914,16.456684112548828
reaction:3867,P(Ph)3,5,,17.75,14.887840270996094,15.855720520019531
reaction:3868,AmPhos,5,,13.16,16.31582260131836,15.465153694152832
reaction:3869,P(Cy)3,2,,10.99,16.35519027709961,14.83700180053711
reaction:3870,P(o-Tol)3,3,,12.41,13.535354614257812,15.166324615478516
reaction:3871,CataCXium A,4,,14.15,13.146705627441406,13.983428001403809
reaction:3872,SPhos,2,,12.9,14.951461791992188,14.944087982177734
reaction:3874,XPhos,2,,12.01,15.762502670288086,15.7793550491333
reaction:3878,P(tBu)3,1,,14.14,13.094669342041016,16.824071884155273
reaction:3879,P(Ph)3,5,,22.09,15.529823303222656,15.930551528930664
reaction:3880,AmPhos,1,,11.54,12.657123565673828,16.836759567260742
reaction:3881,P(Cy)3,4,,10.1,13.013687133789062,15.095562934875488
reaction:3882,P(o-Tol)3,3,,10.87,14.530818939208984,15.312255859375
reaction:3883,CataCXium A,5,,11.88,11.767379760742188,14.595823287963867
reaction:3884,SPhos,6,,13.93,13.1497802734375,14.468022346496582
reaction:3886,XPhos,1,,12.89,15.944225311279297,16.028587341308594
reaction:3890,P(tBu)3,0,,10.18,15.661491394042969,16.485733032226562
reaction:3891,P(Ph)3,1,,14.48,18.642423629760742,14.854019165039062
reaction:3892,AmPhos,6,,23.12,15.279067993164062,16.01178741455078
reaction:3893,P(Cy)3,3,,30.88,12.926895141601562,15.727509498596191
reaction:3894,P(o-Tol)3,7,,15.05,13.381317138671875,14.22104549407959
reaction:3895,CataCXium A,3,,15.78,13.20111083984375,14.68724250793457
reaction:3896,SPhos,5,,13.79,16.09082794189453,14.249821662902832
reaction:3898,XPhos,6,,12.72,15.896736145019531,15.033595085144043
reaction:3902,P(tBu)3,1,,11.97,12.751800537109375,16.767364501953125
reaction:3903,P(Ph)3,3,,15.43,20.828041076660156,15.815560340881348
reaction:3904,AmPhos,4,,14.47,17.648406982421875,15.190898895263672
reaction:3905,P(Cy)3,1,,13.34,15.129581451416016,15.02033805847168
reaction:3906,P(o-Tol)3,5,,13.04,11.566150665283203,15.168895721435547
reaction:3907,CataCXium A,7,,14.29,16.394018173217773,13.894766807556152
reaction:3908,SPhos,1,,12.48,12.973045349121094,14.859358787536621
reaction:3910,XPhos,6,,12.47,12.976093292236328,15.078795433044434
reaction:3914,P(tBu)3,1,,15.09,15.119876861572266,17.494298934936523
reaction:3915,P(Ph)3,3,,16.43,20.08637237548828,16.460132598876953
reaction:3916,AmPhos,1,,12.89,26.914043426513672,17.546733856201172
reaction:3917,P(Cy)3,7,,11.29,16.321088790893555,16.153322219848633
reaction:3918,P(o-Tol)3,6,,13.82,15.042797088623047,15.981130599975586
reaction:3919,CataCXium A,0,,14.88,13.568283081054688,14.77315616607666
reaction:3920,SPhos,3,,12.2,12.338813781738281,15.430540084838867
reaction:3922,XPhos,0,,13.04,14.496028900146484,15.825422286987305
reaction:3926,P(tBu)3,4,,12.86,14.47768783569336,16.15029525756836
reaction:3927,P(Ph)3,5,,17.77,19.44060707092285,16.296249389648438
reaction:3928,AmPhos,7,,17.88,19.398725509643555,16.444643020629883
reaction:3929,P(Cy)3,0,,12.99,14.48061752319336,15.397809028625488
reaction:3930,P(o-Tol)3,4,,13.53,15.749740600585938,14.809097290039062
reaction:3931,CataCXium A,4,,13.83,17.946163177490234,14.752918243408203
reaction:3932,SPhos,6,,12.68,11.96371841430664,14.940040588378906
reaction:3934,XPhos,4,,12.83,13.823787689208984,15.516993522644043
reaction:3938,P(tBu)3,0,,20.69,23.389312744140625,17.446229934692383
reaction:3939,P(Ph)3,4,,53.11,48.65575408935547,15.42381763458252
reaction:3940,AmPhos,0,,46.46,32.203067779541016,18.083581924438477
reaction:3941,P(Cy)3,0,,18.38,28.444778442382812,15.827631950378418
reaction:3942,P(o-Tol)3,6,,20.14,34.54322814941406,16.92047691345215
reaction:3943,CataCXium A,3,,58.69,39.517608642578125,16.05352020263672
reaction:3944,SPhos,6,,14.0,20.158554077148438,16.59351348876953
reaction:3946,XPhos,3,,16.74,16.835968017578125,16.477092742919922
reaction:3950,P(tBu)3,5,,17.7,22.41721534729004,17.57129669189453
reaction:3951,P(Ph)3,1,,32.1,35.563636779785156,16.568470001220703
reaction:3952,AmPhos,0,,17.87,32.746315002441406,17.874038696289062
reaction:3953,P(Cy)3,2,,18.72,13.955131530761719,16.15407371520996
reaction:3954,P(o-Tol)3,7,,16.32,6.443901062011719,14.689616203308105
reaction:3955,CataCXium A,3,,17.77,35.880069732666016,15.60840892791748
reaction:3956,SPhos,5,,16.49,13.248382568359375,16.010272979736328
reaction:3958,XPhos,7,,16.07,21.0495548248291,15.008132934570312
reaction:3962,P(tBu)3,1,,28.53,17.80834197998047,16.512388229370117
reaction:3963,P(Ph)3,0,,37.86,38.21578598022461,14.473654747009277
reaction:3964,AmPhos,4,,24.69,33.00827407836914,16.22722053527832
reaction:3965,P(Cy)3,5,,16.02,10.550849914550781,15.414170265197754
reaction:3966,P(o-Tol)3,1,,17.53,11.435855865478516,14.464515686035156
reaction:3967,CataCXium A,6,,19.02,37.06404495239258,15.600751876831055
reaction:3968,SPhos,5,,15.36,10.328495025634766,15.717143058776855
reaction:3970,XPhos,4,,16.52,17.93792152404785,15.449713706970215
reaction:3974,P(tBu)3,1,,18.4,21.103822708129883,16.640134811401367
reaction:3975,P(Ph)3,2,,32.6,43.568321228027344,16.497228622436523
reaction:3976,AmPhos,7,,21.01,29.088146209716797,16.082847595214844
reaction:3977,P(Cy)3,6,,14.75,11.225044250488281,16.708721160888672
reaction:3978,P(o-Tol)3,7,,22.25,9.619373321533203,14.500930786132812
reaction:3979,CataCXium A,1,,21.39,36.892574310302734,15.718324661254883
reaction:3980,SPhos,0,,15.41,15.106346130371094,13.548469543457031
reaction:3982,XPhos,3,,20.14,18.062824249267578,15.893024444580078
reaction:3986,P(tBu)3,5,,19.64,23.323503494262695,17.356754302978516
reaction:3987,P(Ph)3,2,,37.23,43.50850296020508,16.491926193237305
reaction:3988,AmPhos,0,,20.82,33.25542068481445,17.733469009399414
reaction:3989,P(Cy)3,7,,18.83,19.242027282714844,14.69752025604248
reaction:3990,P(o-Tol)3,3,,18.35,13.992111206054688,14.7484130859375
reaction:3991,CataCXium A,5,,33.48,37.65650177001953,13.815580368041992
reaction:3992,SPhos,5,,16.16,15.231266021728516,15.793061256408691
reaction:3994,XPhos,6,,17.41,16.157005310058594,16.985246658325195
reaction:3998,P(tBu)3,5,,22.93,24.858478546142578,17.35600471496582
reaction:3999,P(Ph)3,1,,57.68,47.22075653076172,16.396312713623047
reaction:4000,AmPhos,6,,40.65,26.224756240844727,17.50467872619629
reaction:4001,P(Cy)3,3,,20.38,26.49308967590332,15.988175392150879
reaction:4002,P(o-Tol)3,2,,17.77,29.69651985168457,15.408614158630371
reaction:4003,CataCXium A,4,,57.89,39.784873962402344,13.3264799118042
reaction:4004,SPhos,5,,17.04,18.55381202697754,15.751470565795898
reaction:4006,XPhos,2,,16.0,17.88089942932129,15.307751655578613
reaction:4010,P(tBu)3,0,,25.2,23.56151580810547,17.5772762298584
reaction:4011,P(Ph)3,6,,47.55,52.998687744140625,17.290651321411133
reaction:4012,AmPhos,0,,52.13,31.57143211364746,18.179691314697266
reaction:4013,P(Cy)3,0,,24.81,21.40420913696289,16.20182991027832
reaction:4014,P(o-Tol)3,6,,20.9,37.016841888427734,17.23699951171875
reaction:4015,CataCXium A,0,,57.21,37.488853454589844,14.874505996704102
reaction:4016,SPhos,5,,17.2,20.059476852416992,16.4945068359375
reaction:4018,XPhos,6,,18.91,14.402015686035156,17.813919067382812
reaction:4022,P(tBu)3,6,,28.07,19.28923988342285,18.127197265625
reaction:4023,P(Ph)3,4,,67.49,55.27722930908203,15.379911422729492
reaction:4024,AmPhos,6,,50.05,24.83745002746582,17.75971221923828
reaction:4025,P(Cy)3,6,,20.77,28.92947769165039,16.99991798400879
reaction:4026,P(o-Tol)3,4,,20.88,36.6410026550293,15.286249160766602
reaction:4027,CataCXium A,2,,67.61,41.22291946411133,16.160757064819336
reaction:4028,SPhos,4,,17.3,22.48920249938965,15.046388626098633
reaction:4030,XPhos,6,,16.23,14.132316589355469,17.274805068969727
reaction:4034,P(tBu)3,1,,12.02,16.189952850341797,16.658565521240234
reaction:4035,P(Ph)3,0,,13.72,17.51363754272461,15.244551658630371
reaction:4036,AmPhos,3,,12.47,18.92559051513672,17.34896469116211
reaction:4037,P(Cy)3,4,,11.65,12.842914581298828,15.697860717773438
reaction:4038,P(o-Tol)3,6,,13.9,14.141613006591797,15.491329193115234
reaction:4039,CataCXium A,7,,13.56,16.20245361328125,14.541352272033691
reaction:4040,SPhos,2,,13.75,11.829341888427734,15.518291473388672
reaction:4042,XPhos,7,,14.3,15.150802612304688,15.964226722717285
reaction:4046,P(tBu)3,5,,16.9,18.438474655151367,15.707077980041504
reaction:4047,P(Ph)3,2,,18.3,19.674575805664062,15.794188499450684
reaction:4048,AmPhos,1,,17.09,13.850452423095703,16.77444839477539
reaction:4049,P(Cy)3,4,,18.64,17.54094123840332,15.258583068847656
reaction:4050,P(o-Tol)3,7,,20.27,16.5043888092041,14.738579750061035
reaction:4051,CataCXium A,5,,22.53,14.745746612548828,15.19909954071045
reaction:4052,SPhos,7,,17.32,18.390357971191406,14.651948928833008
reaction:4054,XPhos,5,,17.09,18.861581802368164,15.187607765197754
reaction:4058,P(tBu)3,3,,13.04,13.748855590820312,16.33078384399414
reaction:4059,P(Ph)3,7,,13.51,16.61261558532715,14.302457809448242
reaction:4060,AmPhos,0,,12.36,12.868267059326172,16.387901306152344
reaction:4061,P(Cy)3,2,,14.06,14.306224822998047,15.783636093139648
reaction:4062,P(o-Tol)3,2,,14.22,13.328128814697266,14.768281936645508
reaction:4063,CataCXium A,5,,13.74,12.337509155273438,14.857100486755371
reaction:4064,SPhos,3,,14.1,14.489715576171875,14.638739585876465
reaction:4066,XPhos,7,,14.1,15.851953506469727,15.342031478881836
reaction:4070,P(tBu)3,6,,14.48,16.39417266845703,16.46942138671875
reaction:4071,P(Ph)3,2,,17.99,18.737123489379883,15.686151504516602
reaction:4072,AmPhos,5,,11.6,8.187019348144531,15.794906616210938
reaction:4073,P(Cy)3,4,,12.44,10.864208221435547,14.958781242370605
reaction:4074,P(o-Tol)3,1,,16.27,13.643070220947266,14.494172096252441
reaction:4075,CataCXium A,0,,12.36,14.581790924072266,13.34437370300293
reaction:4076,SPhos,1,,13.53,13.590373992919922,14.737234115600586
reaction:4078,XPhos,2,,13.5,16.213586807250977,15.443781852722168
reaction:4082,P(tBu)3,7,,13.12,11.450942993164062,15.510061264038086
reaction:4083,P(Ph)3,2,,15.23,14.59316635131836,15.688492774963379
reaction:4084,AmPhos,7,,11.83,13.964221954345703,16.08333396911621
reaction:4085,P(Cy)3,5,,13.09,17.183120727539062,15.900647163391113
reaction:4086,P(o-Tol)3,5,,13.77,12.989059448242188,14.996065139770508
reaction:4087,CataCXium A,6,,12.14,13.661766052246094,14.284809112548828
reaction:4088,SPhos,0,,12.62,13.076240539550781,14.130090713500977
reaction:4090,XPhos,7,,14.08,14.48114013671875,15.401294708251953
reaction:4094,P(tBu)3,2,,13.21,14.563159942626953,16.869674682617188
reaction:4095,P(Ph)3,5,,15.71,16.920085906982422,15.63425350189209
reaction:4096,AmPhos,2,,12.61,13.954071044921875,16.703752517700195
reaction:4097,P(Cy)3,6,,12.78,11.439079284667969,15.496074676513672
reaction:4098,P(o-Tol)3,7,,14.74,13.516853332519531,14.590279579162598
reaction:4099,CataCXium A,2,,13.87,16.3031063079834,14.853720664978027
reaction:4100,SPhos,0,,13.37,12.17319107055664,14.187838554382324
reaction:4102,XPhos,3,,14.58,12.617008209228516,15.61752986907959
reaction:4106,P(tBu)3,6,,12.49,13.285717010498047,17.42460060119629
reaction:4107,P(Ph)3,6,,20.36,20.108217239379883,16.399906158447266
reaction:4108,AmPhos,1,,13.01,22.4674129486084,17.43484878540039
reaction:4109,P(Cy)3,7,,13.94,15.274238586425781,16.29396629333496
reaction:4110,P(o-Tol)3,6,,14.48,19.294694900512695,16.26333999633789
reaction:4111,CataCXium A,6,,14.14,20.049827575683594,15.908342361450195
reaction:4112,SPhos,6,,13.14,14.507148742675781,15.520298957824707
reaction:4114,XPhos,7,,13.69,16.25282859802246,16.526992797851562
reaction:4118,P(tBu)3,7,,13.15,14.101753234863281,15.962776184082031
reaction:4119,P(Ph)3,2,,16.14,20.81528091430664,16.036762237548828
reaction:4120,AmPhos,3,,12.26,18.083389282226562,17.153005599975586
reaction:4121,P(Cy)3,3,,14.6,13.074546813964844,15.944214820861816
reaction:4122,P(o-Tol)3,0,,14.35,13.495094299316406,14.764766693115234
reaction:4123,CataCXium A,5,,15.34,16.678329467773438,15.370101928710938
reaction:4124,SPhos,1,,13.64,13.965160369873047,15.107343673706055
reaction:4126,XPhos,2,,14.78,15.36154556274414,15.822494506835938
reaction:4130,P(tBu)3,6,,56.15,47.78083038330078,18.319110870361328
reaction:4131,P(Ph)3,4,,48.5,63.75397491455078,14.928384780883789
reaction:4132,AmPhos,1,,62.12,47.309410095214844,18.155433654785156
reaction:4133,P(Cy)3,7,,20.21,13.627738952636719,15.658881187438965
reaction:4134,P(o-Tol)3,1,,74.71,65.17578887939453,15.515353202819824
reaction:4135,CataCXium A,2,,60.48,51.51158142089844,14.931191444396973
reaction:4136,SPhos,2,,18.91,33.88685607910156,14.251465797424316
reaction:4138,XPhos,3,,29.22,26.526281356811523,17.051977157592773
reaction:4142,P(tBu)3,5,,38.52,44.339385986328125,17.521495819091797
reaction:4143,P(Ph)3,7,,58.94,50.74848937988281,14.04029369354248
reaction:4144,AmPhos,3,,46.32,47.917964935302734,16.42047119140625
reaction:4145,P(Cy)3,7,,27.29,16.421247482299805,15.241657257080078
reaction:4146,P(o-Tol)3,3,,51.26,64.29873657226562,13.537947654724121
reaction:4147,CataCXium A,4,,44.78,56.62895202636719,13.138313293457031
reaction:4148,SPhos,7,,47.02,38.52772903442383,12.978560447692871
reaction:4150,XPhos,4,,41.29,45.646968841552734,15.637739181518555
reaction:4154,P(tBu)3,1,,46.83,51.028743743896484,17.460935592651367
reaction:4155,P(Ph)3,7,,68.15,64.33219146728516,13.70195198059082
reaction:4156,AmPhos,7,,57.98,45.190643310546875,16.089675903320312
reaction:4157,P(Cy)3,2,,31.08,29.146259307861328,13.904877662658691
reaction:4158,P(o-Tol)3,5,,74.84,71.91818237304688,14.864750862121582
reaction:4159,CataCXium A,3,,66.67,62.29923629760742,13.120790481567383
reaction:4160,SPhos,4,,51.04,45.58217239379883,14.012337684631348
reaction:4162,XPhos,3,,49.83,44.13883972167969,16.498804092407227
reaction:4166,P(tBu)3,1,,39.95,42.57963180541992,17.553091049194336
reaction:4167,P(Ph)3,1,,73.12,56.772178649902344,14.650200843811035
reaction:4168,AmPhos,4,,6.65,52.63137435913086,16.223203659057617
reaction:4169,P(Cy)3,3,,0.0,34.56838607788086,14.356947898864746
reaction:4170,P(o-Tol)3,6,,63.01,62.562164306640625,15.21831226348877
reaction:4171,CataCXium A,6,,61.84,55.96727752685547,13.773910522460938
reaction:4172,SPhos,3,,59.43,49.81101989746094,14.09188461303711
reaction:4174,XPhos,0,,58.39,46.78184509277344,17.173919677734375
reaction:4178,P(tBu)3,3,,57.66,47.45000076293945,17.805370330810547
reaction:4179,P(Ph)3,5,,40.92,66.29248809814453,15.030682563781738
reaction:4180,AmPhos,5,,52.74,51.868080139160156,17.61815071105957
reaction:4181,P(Cy)3,7,,35.41,19.18317413330078,14.955930709838867
reaction:4182,P(o-Tol)3,0,,74.05,63.541324615478516,14.482196807861328
reaction:4183,CataCXium A,0,,57.44,54.68365478515625,13.056421279907227
reaction:4184,SPhos,6,,39.32,46.090606689453125,15.235945701599121
reaction:4186,XPhos,3,,46.03,40.1852912902832,16.551528930664062
reaction:4190,P(tBu)3,3,,40.8,47.758399963378906,17.824846267700195
reaction:4191,P(Ph)3,6,,64.11,64.11860656738281,14.899324417114258
reaction:4192,AmPhos,7,,57.24,44.133056640625,16.163257598876953
reaction:4193,P(Cy)3,1,,17.87,25.207773208618164,15.366113662719727
reaction:4194,P(o-Tol)3,2,,71.99,68.59420013427734,13.273956298828125
reaction:4195,CataCXium A,2,,65.69,52.70517349243164,13.998332977294922
reaction:4196,SPhos,1,,21.1,38.04648971557617,14.531342506408691
reaction:4198,XPhos,2,,24.86,33.107322692871094,15.35280990600586
reaction:4202,P(tBu)3,7,,57.08,53.41740417480469,16.650957107543945
reaction:4203,P(Ph)3,2,,64.73,62.61638641357422,15.696322441101074
reaction:4204,AmPhos,0,,71.17,50.93135452270508,18.021713256835938
reaction:4205,P(Cy)3,7,,28.01,20.057764053344727,16.18351936340332
reaction:4206,P(o-Tol)3,7,,74.34,74.7872085571289,15.002296447753906
reaction:4207,CataCXium A,6,,56.68,58.25376510620117,15.23687744140625
reaction:4208,SPhos,3,,32.23,35.76994323730469,14.969359397888184
reaction:4210,XPhos,6,,33.45,34.971073150634766,17.68494987487793
reaction:4214,P(tBu)3,3,,45.81,47.24583053588867,18.009292602539062
reaction:4215,P(Ph)3,3,,72.19,61.16748046875,14.91646671295166
reaction:4216,AmPhos,1,,52.92,48.30963897705078,17.935428619384766
reaction:4217,P(Cy)3,1,,28.32,30.55548858642578,15.662702560424805
reaction:4218,P(o-Tol)3,5,,68.86,69.5874252319336,15.437426567077637
reaction:4219,CataCXium A,3,,59.44,60.6021728515625,13.951067924499512
reaction:4220,SPhos,0,,54.8,42.347232818603516,15.567429542541504
reaction:4222,XPhos,0,,42.55,41.4156494140625,17.4912109375
reaction:4226,P(tBu)3,3,,16.56,18.362335205078125,16.43155288696289
reaction:4227,P(Ph)3,3,,19.58,20.122730255126953,15.560527801513672
reaction:4228,AmPhos,6,,17.09,16.248550415039062,15.836755752563477
reaction:4229,P(Cy)3,3,,17.27,17.490671157836914,15.956727981567383
reaction:4230,P(o-Tol)3,0,,18.46,16.952953338623047,14.765077590942383
reaction:4231,CataCXium A,4,,21.89,18.55272674560547,14.690689086914062
reaction:4232,SPhos,1,,16.09,16.968355178833008,14.997239112854004
reaction:4234,XPhos,1,,17.25,16.98046875,16.384336471557617
reaction:4238,P(tBu)3,1,,16.17,13.326812744140625,16.087221145629883
reaction:4239,P(Ph)3,3,,18.37,18.965192794799805,15.210485458374023
reaction:4240,AmPhos,3,,15.92,15.072914123535156,16.377880096435547
reaction:4241,P(Cy)3,7,,20.33,15.80108642578125,14.448328971862793
reaction:4242,P(o-Tol)3,0,,15.52,15.774208068847656,14.380453109741211
reaction:4243,CataCXium A,3,,16.65,17.45798683166504,14.380036354064941
reaction:4244,SPhos,4,,17.6,15.21523666381836,14.184011459350586
reaction:4246,XPhos,2,,16.82,14.653156280517578,14.860553741455078
reaction:4250,P(tBu)3,1,,19.02,15.483821868896484,15.764007568359375
reaction:4251,P(Ph)3,2,,17.07,18.915611267089844,15.609904289245605
reaction:4252,AmPhos,3,,19.41,16.468814849853516,16.05209732055664
reaction:4253,P(Cy)3,3,,19.05,16.98708724975586,15.312726020812988
reaction:4254,P(o-Tol)3,0,,18.46,16.979942321777344,13.92312240600586
reaction:4255,CataCXium A,2,,16.05,17.286344528198242,14.272148132324219
reaction:4256,SPhos,0,,17.84,17.663454055786133,13.49748706817627
reaction:4258,XPhos,3,,16.16,19.785381317138672,14.243645668029785
reaction:4262,P(tBu)3,7,,15.77,15.693767547607422,15.49775218963623
reaction:4263,P(Ph)3,2,,15.01,16.943273544311523,15.74816608428955
reaction:4264,AmPhos,7,,12.55,15.216354370117188,15.170297622680664
reaction:4265,P(Cy)3,7,,14.57,14.602767944335938,14.269993782043457
reaction:4266,P(o-Tol)3,3,,15.0,15.303604125976562,14.438563346862793
reaction:4267,CataCXium A,2,,13.51,14.625320434570312,14.442696571350098
reaction:4268,SPhos,5,,15.85,17.529205322265625,14.26417350769043
reaction:4270,XPhos,4,,14.19,18.63601303100586,15.134371757507324
reaction:4274,P(tBu)3,4,,13.07,17.082338333129883,14.969527244567871
reaction:4275,P(Ph)3,5,,18.44,17.0545597076416,14.47520637512207
reaction:4276,AmPhos,2,,15.32,15.735210418701172,16.731822967529297
reaction:4277,P(Cy)3,5,,16.18,16.606752395629883,15.635581016540527
reaction:4278,P(o-Tol)3,6,,16.91,15.25754165649414,14.351073265075684
reaction:4279,CataCXium A,5,,16.03,14.824596405029297,14.217799186706543
reaction:4280,SPhos,2,,16.08,17.511661529541016,14.218820571899414
reaction:4282,XPhos,6,,17.59,16.00881576538086,14.856843948364258
reaction:4286,P(tBu)3,5,,12.92,16.96555519104004,15.19800090789795
reaction:4287,P(Ph)3,2,,14.61,18.20412254333496,15.682250022888184
reaction:4288,AmPhos,4,,13.97,16.60784339904785,15.196120262145996
reaction:4289,P(Cy)3,3,,12.83,15.04397201538086,15.438841819763184
reaction:4290,P(o-Tol)3,4,,13.53,15.939237594604492,13.948188781738281
reaction:4291,CataCXium A,1,,14.39,14.8355712890625,13.40568733215332
reaction:4292,SPhos,6,,12.68,16.672170639038086,14.132501602172852
reaction:4294,XPhos,6,,14.31,15.928943634033203,15.024331092834473
reaction:4298,P(tBu)3,0,,14.68,17.528470993041992,16.511436462402344
reaction:4299,P(Ph)3,6,,16.79,17.19183349609375,16.359966278076172
reaction:4300,AmPhos,0,,15.83,17.004253387451172,16.648405075073242
reaction:4301,P(Cy)3,3,,16.64,14.97530746459961,16.05561637878418
reaction:4302,P(o-Tol)3,4,,14.66,16.885025024414062,15.004114151000977
reaction:4303,CataCXium A,6,,13.85,15.455799102783203,15.649069786071777
reaction:4304,SPhos,7,,14.78,17.232479095458984,14.85656452178955
reaction:4306,XPhos,1,,15.62,17.836809158325195,16.665000915527344
reaction:4310,P(tBu)3,6,,13.75,15.556865692138672,15.58501148223877
reaction:4311,P(Ph)3,6,,16.47,16.577089309692383,15.572452545166016
reaction:4312,AmPhos,4,,14.35,17.84714126586914,15.626045227050781
reaction:4313,P(Cy)3,7,,19.04,14.714035034179688,14.825027465820312
reaction:4314,P(o-Tol)3,2,,14.5,16.01687240600586,14.792952537536621
reaction:4315,CataCXium A,0,,14.5,17.38182258605957,13.76557445526123
reaction:4316,SPhos,2,,15.64,18.462844848632812,14.743855476379395
reaction:4318,XPhos,7,,16.17,15.586494445800781,14.949023246765137
reaction:4322,P(tBu)3,3,,15.0,19.728513717651367,17.367372512817383
reaction:4323,P(Ph)3,7,,23.92,22.32610511779785,15.600848197937012
reaction:4324,AmPhos,2,,16.41,20.342212677001953,17.34469223022461
reaction:4325,P(Cy)3,4,,18.72,26.48080825805664,15.481289863586426
reaction:4326,P(o-Tol)3,0,,17.59,18.533424377441406,14.611742973327637
reaction:4327,CataCXium A,3,,30.05,28.574111938476562,15.037842750549316
reaction:4328,SPhos,5,,17.76,20.27086067199707,16.298154830932617
reaction:4330,XPhos,3,,20.28,23.94385528564453,16.903818130493164
reaction:4334,P(tBu)3,5,,13.24,13.399028778076172,17.038658142089844
reaction:4335,P(Ph)3,0,,24.25,21.057859420776367,15.273272514343262
reaction:4336,AmPhos,4,,18.07,18.648496627807617,16.13115119934082
reaction:4337,P(Cy)3,3,,23.95,18.605192184448242,16.37142562866211
reaction:4338,P(o-Tol)3,2,,17.46,15.512260437011719,15.56105899810791
reaction:4339,CataCXium A,5,,20.28,28.86688995361328,15.509944915771484
reaction:4340,SPhos,6,,17.39,16.719186782836914,14.713224411010742
reaction:4342,XPhos,1,,15.9,22.285545349121094,15.492422103881836
reaction:4346,P(tBu)3,3,,15.37,15.181777954101562,16.819387435913086
reaction:4347,P(Ph)3,7,,20.73,20.329181671142578,14.881058692932129
reaction:4348,AmPhos,1,,16.14,16.97395133972168,16.227001190185547
reaction:4349,P(Cy)3,7,,21.08,20.000211715698242,14.633749008178711
reaction:4350,P(o-Tol)3,6,,16.32,15.790351867675781,13.761146545410156
reaction:4351,CataCXium A,5,,21.37,24.82593536376953,15.149081230163574
reaction:4352,SPhos,4,,15.13,16.174339294433594,14.146200180053711
reaction:4354,XPhos,3,,17.4,20.679655075073242,16.335006713867188
reaction:4358,P(tBu)3,6,,14.73,19.194791793823242,16.361162185668945
reaction:4359,P(Ph)3,5,,17.57,20.484235763549805,15.683016777038574
reaction:4360,AmPhos,5,,15.24,17.13543701171875,16.815988540649414
reaction:4361,P(Cy)3,3,,18.65,15.981853485107422,16.238683700561523
reaction:4362,P(o-Tol)3,2,,18.25,13.771133422851562,15.470726013183594
reaction:4363,CataCXium A,2,,17.99,19.75531578063965,14.713082313537598
reaction:4364,SPhos,3,,15.93,20.95623016357422,15.529119491577148
reaction:4366,XPhos,3,,15.94,25.62590789794922,16.514646530151367
reaction:4370,P(tBu)3,7,,15.38,18.824077606201172,16.102798461914062
reaction:4371,P(Ph)3,4,,21.31,20.228151321411133,15.223828315734863
reaction:4372,AmPhos,0,,14.96,19.76883888244629,15.213214874267578
reaction:4373,P(Cy)3,3,,20.82,19.678752899169922,16.157609939575195
reaction:4374,P(o-Tol)3,5,,17.07,16.2828311920166,16.001314163208008
reaction:4375,CataCXium A,5,,18.0,27.327123641967773,15.293285369873047
reaction:4376,SPhos,3,,15.82,14.901714324951172,15.378081321716309
reaction:4378,XPhos,0,,17.56,15.70362663269043,14.65704345703125
reaction:4382,P(tBu)3,5,,13.11,21.367849349975586,16.87652015686035
reaction:4383,P(Ph)3,2,,17.1,22.360004425048828,15.963951110839844
reaction:4384,AmPhos,1,,15.47,14.937854766845703,16.360977172851562
reaction:4385,P(Cy)3,3,,16.8,21.89936637878418,16.227567672729492
reaction:4386,P(o-Tol)3,2,,15.12,15.630884170532227,15.494729995727539
reaction:4387,CataCXium A,7,,23.62,19.31698226928711,14.266365051269531
reaction:4388,SPhos,3,,15.91,19.63612174987793,15.41100788116455
reaction:4390,XPhos,5,,18.72,22.378467559814453,16.234230041503906
reaction:4394,P(tBu)3,6,,17.88,16.270503997802734,17.22190284729004
reaction:4395,P(Ph)3,0,,24.55,22.933870315551758,15.903428077697754
reaction:4396,AmPhos,7,,17.41,20.297218322753906,16.95368003845215
reaction:4397,P(Cy)3,5,,22.84,21.62799835205078,16.92591667175293
reaction:4398,P(o-Tol)3,7,,16.99,18.268144607543945,15.382696151733398
reaction:4399,CataCXium A,7,,27.27,25.293874740600586,15.63589096069336
reaction:4400,SPhos,6,,19.81,18.613088607788086,15.833641052246094
reaction:4402,XPhos,1,,23.55,17.48263931274414,16.335641860961914
reaction:4406,P(tBu)3,3,,18.18,14.24405288696289,17.086454391479492
reaction:4407,P(Ph)3,2,,25.49,23.79584312438965,16.224884033203125
reaction:4408,AmPhos,5,,20.49,17.773435592651367,17.096996307373047
reaction:4409,P(Cy)3,7,,25.25,23.063255310058594,15.224984169006348
reaction:4410,P(o-Tol)3,1,,20.02,20.026453018188477,13.862215042114258
reaction:4411,CataCXium A,6,,27.52,26.170818328857422,13.96057415008545
reaction:4412,SPhos,6,,23.94,17.906829833984375,15.079357147216797
reaction:4414,XPhos,3,,23.22,21.02939796447754,16.65073013305664
reaction:4418,P(tBu)3,2,,16.07,17.157222747802734,17.10179328918457
reaction:4419,P(Ph)3,1,,18.38,19.230690002441406,15.589080810546875
reaction:4420,AmPhos,6,,15.57,15.806907653808594,16.06220817565918
reaction:4421,P(Cy)3,2,,18.48,16.774560928344727,15.832269668579102
reaction:4422,P(o-Tol)3,6,,14.48,17.117883682250977,14.882755279541016
reaction:4423,CataCXium A,5,,18.58,21.53384017944336,15.441877365112305
reaction:4424,SPhos,5,,15.35,16.246028900146484,15.226899147033691
reaction:4426,XPhos,6,,19.2,12.79690933227539,15.141622543334961
reaction:4430,P(tBu)3,3,,15.72,20.645795822143555,16.13625144958496
reaction:4431,P(Ph)3,1,,22.66,18.74760627746582,15.354527473449707
reaction:4432,AmPhos,3,,15.3,17.143857955932617,16.045307159423828
reaction:4433,P(Cy)3,0,,18.47,18.315778732299805,14.815777778625488
reaction:4434,P(o-Tol)3,1,,15.05,17.1640567779541,14.598564147949219
reaction:4435,CataCXium A,1,,17.23,16.895851135253906,14.774340629577637
reaction:4436,SPhos,5,,17.26,23.612154006958008,14.737541198730469
reaction:4438,XPhos,4,,16.94,27.370336532592773,15.50308609008789
reaction:4442,P(tBu)3,7,,15.78,14.951793670654297,15.440154075622559
reaction:4443,P(Ph)3,5,,18.87,21.10941505432129,15.47045612335205
reaction:4444,AmPhos,2,,16.46,17.14633560180664,16.87516975402832
reaction:4445,P(Cy)3,7,,18.4,18.681665420532227,14.4417085647583
reaction:4446,P(o-Tol)3,2,,14.87,18.491455078125,14.167268753051758
reaction:4447,CataCXium A,1,,21.69,17.76481819152832,14.291284561157227
reaction:4448,SPhos,7,,15.27,17.20334815979004,13.816765785217285
reaction:4450,XPhos,4,,17.07,15.80562973022461,15.123635292053223
reaction:4454,P(tBu)3,2,,16.44,17.860857009887695,16.648178100585938
reaction:4455,P(Ph)3,2,,18.56,18.70772361755371,15.061132431030273
reaction:4456,AmPhos,5,,14.0,15.643512725830078,15.538779258728027
reaction:4457,P(Cy)3,4,,20.05,15.211017608642578,14.115055084228516
reaction:4458,P(o-Tol)3,5,,16.21,17.192893981933594,15.106207847595215
reaction:4459,CataCXium A,5,,16.67,18.80257797241211,14.703351974487305
reaction:4460,SPhos,7,,16.39,16.23590850830078,13.844325065612793
reaction:4462,XPhos,0,,16.01,15.3599853515625,15.533367156982422
reaction:4466,P(tBu)3,1,,16.18,13.77248764038086,15.717842102050781
reaction:4467,P(Ph)3,1,,20.35,20.172605514526367,14.982037544250488
reaction:4468,AmPhos,2,,14.9,14.838138580322266,16.956262588500977
reaction:4469,P(Cy)3,6,,16.96,19.980926513671875,15.124312400817871
reaction:4470,P(o-Tol)3,4,,15.58,16.4893798828125,13.500370025634766
reaction:4471,CataCXium A,2,,18.97,17.48457145690918,14.519725799560547
reaction:4472,SPhos,1,,17.13,17.047964096069336,14.54704761505127
reaction:4474,XPhos,0,,17.21,20.85523223876953,15.525671005249023
reaction:4478,P(tBu)3,6,,17.97,16.621252059936523,15.524518013000488
reaction:4479,P(Ph)3,5,,18.63,22.394277572631836,15.572361946105957
reaction:4480,AmPhos,1,,17.25,16.137657165527344,16.0192813873291
reaction:4481,P(Cy)3,1,,15.67,18.588104248046875,15.074197769165039
reaction:4482,P(o-Tol)3,3,,20.33,17.210304260253906,13.738347053527832
reaction:4483,CataCXium A,4,,23.83,17.38202667236328,13.987567901611328
reaction:4484,SPhos,4,,20.55,9.99127197265625,13.908702850341797
reaction:4486,XPhos,4,,21.74,11.41488265991211,15.31014633178711
reaction:4490,P(tBu)3,4,,16.38,13.478023529052734,16.262853622436523
reaction:4491,P(Ph)3,6,,24.48,19.005964279174805,15.717897415161133
reaction:4492,AmPhos,1,,15.65,17.979835510253906,16.85484504699707
reaction:4493,P(Cy)3,1,,15.08,23.711206436157227,16.148950576782227
reaction:4494,P(o-Tol)3,0,,17.56,19.30624008178711,14.905009269714355
reaction:4495,CataCXium A,0,,17.63,21.0512752532959,14.389659881591797
reaction:4496,SPhos,2,,20.91,19.415929794311523,14.977453231811523
reaction:4498,XPhos,0,,20.83,22.73942756652832,16.361886978149414
reaction:4502,P(tBu)3,2,,16.59,18.40679168701172,16.948152542114258
reaction:4503,P(Ph)3,3,,18.58,22.914474487304688,14.62096881866455
reaction:4504,AmPhos,2,,18.45,18.615882873535156,17.2121524810791
reaction:4505,P(Cy)3,0,,19.87,18.58356475830078,14.98509407043457
reaction:4506,P(o-Tol)3,4,,24.19,17.246789932250977,14.161073684692383
reaction:4507,CataCXium A,5,,20.3,22.18604850769043,15.08513069152832
reaction:4508,SPhos,3,,19.59,19.35059356689453,14.111642837524414
reaction:4510,XPhos,1,,17.96,19.589204788208008,16.10458755493164
reaction:4514,P(tBu)3,7,,20.81,19.57021713256836,17.03646469116211
reaction:4515,P(Ph)3,3,,19.75,21.602001190185547,16.188631057739258
reaction:4516,AmPhos,5,,18.21,18.574115753173828,17.820636749267578
reaction:4517,P(Cy)3,5,,15.9,15.909299850463867,17.111228942871094
reaction:4518,P(o-Tol)3,3,,16.42,19.74388313293457,15.06733226776123
reaction:4519,CataCXium A,6,,24.69,21.198699951171875,15.811829566955566
reaction:4520,SPhos,6,,20.73,25.77045440673828,15.475972175598145
reaction:4522,XPhos,2,,22.67,30.403627395629883,15.710803031921387
reaction:4526,P(tBu)3,0,,24.93,22.730148315429688,16.291419982910156
reaction:4527,P(Ph)3,6,,18.72,24.625999450683594,15.968482971191406
reaction:4528,AmPhos,0,,18.15,18.884340286254883,16.61605453491211
reaction:4529,P(Cy)3,1,,19.91,24.251821517944336,14.923908233642578
reaction:4530,P(o-Tol)3,1,,18.3,17.971872329711914,13.74854564666748
reaction:4531,CataCXium A,6,,21.39,23.895170211791992,15.171233177185059
reaction:4532,SPhos,2,,49.99,39.77302551269531,13.238625526428223
reaction:4534,XPhos,5,,48.27,49.06867218017578,17.43899154663086
reaction:4538,P(tBu)3,3,,22.1,21.204238891601562,16.450876235961914
reaction:4539,P(Ph)3,7,,21.95,23.473495483398438,15.574238777160645
reaction:4540,AmPhos,7,,18.31,17.811216354370117,16.666210174560547
reaction:4541,P(Cy)3,6,,18.12,22.054248809814453,15.957331657409668
reaction:4542,P(o-Tol)3,7,,17.6,17.071563720703125,15.276006698608398
reaction:4543,CataCXium A,3,,22.0,21.16433334350586,14.217507362365723
reaction:4544,SPhos,4,,41.19,38.07460021972656,15.094449996948242
reaction:4546,XPhos,0,,47.01,44.06328582763672,15.723550796508789
reaction:4550,P(tBu)3,1,,21.35,20.75836753845215,15.758692741394043
reaction:4551,P(Ph)3,1,,17.63,25.164997100830078,14.082518577575684
reaction:4552,AmPhos,3,,15.26,16.140199661254883,16.67890167236328
reaction:4553,P(Cy)3,3,,16.98,23.21627426147461,14.65683650970459
reaction:4554,P(o-Tol)3,3,,15.16,17.63424301147461,14.20163631439209
reaction:4555,CataCXium A,5,,26.24,16.11286735534668,15.826635360717773
reaction:4556,SPhos,0,,41.97,44.248748779296875,13.704238891601562
reaction:4558,XPhos,1,,59.08,42.255889892578125,14.28249740600586
reaction:4562,P(tBu)3,2,,23.23,22.16497230529785,16.60649871826172
reaction:4563,P(Ph)3,6,,21.3,21.45714569091797,15.721512794494629
reaction:4564,AmPhos,5,,14.78,17.150802612304688,17.477184295654297
reaction:4565,P(Cy)3,2,,19.1,16.441448211669922,14.206795692443848
reaction:4566,P(o-Tol)3,7,,14.98,13.233848571777344,15.2669038772583
reaction:4567,CataCXium A,4,,7.73,22.270191192626953,14.82562255859375
reaction:4568,SPhos,5,,34.85,31.842815399169922,16.214092254638672
reaction:4570,XPhos,3,,38.14,39.89350891113281,15.289008140563965
reaction:4574,P(tBu)3,5,,18.97,21.69303321838379,17.094112396240234
reaction:4575,P(Ph)3,3,,38.79,20.12187957763672,15.59138298034668
reaction:4576,AmPhos,6,,16.74,16.895158767700195,16.993894577026367
reaction:4577,P(Cy)3,6,,17.02,15.572322845458984,16.125516891479492
reaction:4578,P(o-Tol)3,1,,18.27,20.811912536621094,13.45198917388916
reaction:4579,CataCXium A,3,,20.16,19.934316635131836,14.530769348144531
reaction:4580,SPhos,3,,21.06,26.6033935546875,13.44596004486084
reaction:4582,XPhos,5,,23.15,31.080184936523438,17.29494857788086
reaction:4586,P(tBu)3,7,,21.12,25.677845001220703,17.44223403930664
reaction:4587,P(Ph)3,2,,22.31,25.06920051574707,15.59040355682373
reaction:4588,AmPhos,7,,16.35,19.50733184814453,17.4849853515625
reaction:4589,P(Cy)3,4,,19.72,18.163171768188477,16.317928314208984
reaction:4590,P(o-Tol)3,5,,17.77,19.974760055541992,16.704917907714844
reaction:4591,CataCXium A,1,,26.28,19.667430877685547,15.02735424041748
reaction:4592,SPhos,5,,19.93,27.779727935791016,16.91023826599121
reaction:4594,XPhos,0,,29.03,27.985891342163086,16.588695526123047
reaction:4598,P(tBu)3,2,,19.82,24.08911895751953,16.935216903686523
reaction:4599,P(Ph)3,3,,19.28,21.45037269592285,15.820389747619629
reaction:4600,AmPhos,6,,18.14,17.197322845458984,17.256155014038086
reaction:4601,P(Cy)3,2,,21.39,22.661108016967773,14.707311630249023
reaction:4602,P(o-Tol)3,7,,17.83,15.452865600585938,15.74399471282959
reaction:4603,CataCXium A,0,,20.89,22.489070892333984,13.801780700683594
reaction:4604,SPhos,4,,48.66,39.14027404785156,15.742376327514648
reaction:4606,XPhos,4,,43.45,43.93717575073242,15.790247917175293
