row_id,ligand,fold,reference_group,y_true,y_pred,y_std
reaction:1,XPhos,1,XPhos,10.65781182,37.39902114868164,33.552879333496094
reaction:2,XPhos,1,XPhos,14.7478961,37.39902114868164,33.552879333496094
reaction:3,XPhos,1,XPhos,18.27868619,37.39902114868164,33.552879333496094
reaction:4,XPhos,1,XPhos,2.475057616,37.39902114868164,33.552879333496094
reaction:5,XPhos,1,XPhos,6.119058475,37.39902114868164,33.552879333496094
reaction:6,XPhos,1,XPhos,5.449924218,37.39902114868164,33.552879333496094
reaction:7,XPhos,1,XPhos,7.802080337,37.39902114868164,33.552879333496094
reaction:8,XPhos,1,XPhos,14.23417841,37.39902114868164,33.552879333496094
reaction:9,XPhos,1,XPhos,15.41389344,37.39902114868164,33.552879333496094
reaction:10,XPhos,1,XPhos,9.46569581,37.39902114868164,33.552879333496094
reaction:11,XPhos,1,XPhos,15.23875818,37.39902114868164,33.552879333496094
reaction:12,XPhos,1,XPhos,19.59428889,37.39902114868164,33.552879333496094
reaction:13,XPhos,1,XPhos,7.787908452000001,37.39902114868164,33.552879333496094
reaction:14,XPhos,1,XPhos,9.677591971,37.39902114868164,33.552879333496094
reaction:15,XPhos,1,XPhos,13.17521743,37.39902114868164,33.552879333496094
reaction:16,XPhos,1,XPhos,14.01864146,37.39902114868164,33.552879333496094
reaction:17,XPhos,1,XPhos,30.5912617,37.39902114868164,33.552879333496094
reaction:18,XPhos,1,XPhos,38.15573638,37.39902114868164,33.552879333496094
reaction:19,XPhos,1,XPhos,0.456472494,37.39902114868164,33.552879333496094
reaction:20,XPhos,1,XPhos,3.867385769,37.39902114868164,33.552879333496094
reaction:21,XPhos,1,XPhos,7.024622197,37.39902114868164,33.552879333496094
reaction:22,XPhos,1,XPhos,2.84616447,37.39902114868164,33.552879333496094
reaction:23,XPhos,1,XPhos,18.8690087,37.39902114868164,33.552879333496094
reaction:24,XPhos,1,XPhos,25.0736586,37.39902114868164,33.552879333496094
reaction:25,XPhos,1,XPhos,21.66658644,37.39902114868164,33.552879333496094
reaction:26,XPhos,1,XPhos,48.48749388,37.39902114868164,33.552879333496094
reaction:27,XPhos,1,XPhos,58.61075678,37.39902114868164,33.552879333496094
reaction:28,XPhos,1,XPhos,4.169292721000001,37.39902114868164,33.552879333496094
reaction:29,XPhos,1,XPhos,11.38334579,37.39902114868164,33.552879333496094
reaction:30,XPhos,1,XPhos,24.41818234,37.39902114868164,33.552879333496094
reaction:31,XPhos,1,XPhos,14.96739578,37.39902114868164,33.552879333496094
reaction:32,XPhos,1,XPhos,30.28625472,37.39902114868164,33.552879333496094
reaction:33,XPhos,1,XPhos,39.57783871,37.39902114868164,33.552879333496094
reaction:34,XPhos,1,XPhos,0.339837285,37.39902114868164,33.552879333496094
reaction:35,XPhos,1,XPhos,3.12306153,37.39902114868164,33.552879333496094
reaction:36,XPhos,1,XPhos,5.140109821,37.39902114868164,33.552879333496094
reaction:37,XPhos,1,XPhos,3.920306162,37.39902114868164,33.552879333496094
reaction:38,XPhos,1,XPhos,15.39753007,37.39902114868164,33.552879333496094
reaction:39,XPhos,1,XPhos,22.45064906,37.39902114868164,33.552879333496094
reaction:40,XPhos,1,XPhos,23.68617418,37.39902114868164,33.552879333496094
reaction:41,XPhos,1,XPhos,42.69485888,37.39902114868164,33.552879333496094
reaction:42,XPhos,1,XPhos,54.83360857,37.39902114868164,33.552879333496094
reaction:43,XPhos,1,XPhos,6.351542297000001,37.39902114868164,33.552879333496094
reaction:44,XPhos,1,XPhos,14.16472216,37.39902114868164,33.552879333496094
reaction:45,XPhos,1,XPhos,17.378304,37.39902114868164,33.552879333496094
reaction:46,XPhos,1,XPhos,3.606676847,37.39902114868164,33.552879333496094
reaction:47,XPhos,1,XPhos,35.07866175,37.39902114868164,33.552879333496094
reaction:48,XPhos,1,XPhos,43.31814591,37.39902114868164,33.552879333496094
reaction:49,XPhos,1,XPhos,0.0,37.39902114868164,33.552879333496094
reaction:50,XPhos,1,XPhos,29.29817829,37.39902114868164,33.552879333496094
reaction:51,XPhos,1,XPhos,37.56535564,37.39902114868164,33.552879333496094
reaction:52,XPhos,1,XPhos,0.960810012,37.39902114868164,33.552879333496094
reaction:53,XPhos,1,XPhos,59.0196812,37.39902114868164,33.552879333496094
reaction:54,XPhos,1,XPhos,70.96873006,37.39902114868164,33.552879333496094
reaction:55,XPhos,1,XPhos,35.13952712,37.39902114868164,33.552879333496094
reaction:56,XPhos,1,XPhos,37.65445791,37.39902114868164,33.552879333496094
reaction:57,XPhos,1,XPhos,51.10248957,37.39902114868164,33.552879333496094
reaction:58,XPhos,1,XPhos,3.963450153,37.39902114868164,33.552879333496094
reaction:59,XPhos,1,XPhos,31.93031022,37.39902114868164,33.552879333496094
reaction:60,XPhos,1,XPhos,48.70823186,37.39902114868164,33.552879333496094
reaction:61,XPhos,1,XPhos,5.008760546,37.39902114868164,33.552879333496094
reaction:62,XPhos,1,XPhos,35.08872433,37.39902114868164,33.552879333496094
reaction:63,XPhos,1,XPhos,41.2456065,37.39902114868164,33.552879333496094
reaction:64,XPhos,1,XPhos,0.0,37.39902114868164,33.552879333496094
reaction:65,XPhos,1,XPhos,13.9769471,37.39902114868164,33.552879333496094
reaction:66,XPhos,1,XPhos,18.89524916,37.39902114868164,33.552879333496094
reaction:67,XPhos,1,XPhos,0.705195152,37.39902114868164,33.552879333496094
reaction:68,XPhos,1,XPhos,32.63234102,37.39902114868164,33.552879333496094
reaction:69,XPhos,1,XPhos,31.81837229,37.39902114868164,33.552879333496094
reaction:70,XPhos,1,XPhos,30.4254394,37.39902114868164,33.552879333496094
reaction:71,XPhos,1,XPhos,53.63578043,37.39902114868164,33.552879333496094
reaction:72,XPhos,1,XPhos,59.4767437,37.39902114868164,33.552879333496094
reaction:73,XPhos,1,XPhos,2.014671714,37.39902114868164,33.552879333496094
reaction:74,XPhos,1,XPhos,26.51352578,37.39902114868164,33.552879333496094
reaction:75,XPhos,1,XPhos,36.85037948,37.39902114868164,33.552879333496094
reaction:76,XPhos,1,XPhos,4.820162197,37.39902114868164,33.552879333496094
reaction:77,XPhos,1,XPhos,34.80628557,37.39902114868164,33.552879333496094
reaction:78,XPhos,1,XPhos,46.63249784,37.39902114868164,33.552879333496094
reaction:79,XPhos,1,XPhos,0.0,37.39902114868164,33.552879333496094
reaction:80,XPhos,1,XPhos,11.74218494,37.39902114868164,33.552879333496094
reaction:81,XPhos,1,XPhos,26.65189435,37.39902114868164,33.552879333496094
reaction:82,XPhos,1,XPhos,0.5468298979999999,37.39902114868164,33.552879333496094
reaction:83,XPhos,1,XPhos,35.87055638,37.39902114868164,33.552879333496094
reaction:84,XPhos,1,XPhos,68.84449525,37.39902114868164,33.552879333496094
reaction:85,XPhos,1,XPhos,33.8754215,37.39902114868164,33.552879333496094
reaction:86,XPhos,1,XPhos,63.0697188,37.39902114868164,33.552879333496094
reaction:87,XPhos,1,XPhos,70.62989218,37.39902114868164,33.552879333496094
reaction:88,XPhos,1,XPhos,2.481415648,37.39902114868164,33.552879333496094
reaction:89,XPhos,1,XPhos,31.6780045,37.39902114868164,33.552879333496094
reaction:90,XPhos,1,XPhos,46.01420049,37.39902114868164,33.552879333496094
reaction:91,XPhos,1,XPhos,22.16644806,37.39902114868164,33.552879333496094
reaction:92,XPhos,1,XPhos,23.21156884,37.39902114868164,33.552879333496094
reaction:93,XPhos,1,XPhos,34.74876407,37.39902114868164,33.552879333496094
reaction:94,XPhos,1,XPhos,0.948128865,37.39902114868164,33.552879333496094
reaction:95,XPhos,1,XPhos,16.64966496,37.39902114868164,33.552879333496094
reaction:96,XPhos,1,XPhos,19.99982627,37.39902114868164,33.552879333496094
reaction:97,XPhos,1,XPhos,4.9923792360000006,37.39902114868164,33.552879333496094
reaction:98,XPhos,1,XPhos,53.99699311,37.39902114868164,33.552879333496094
reaction:99,XPhos,1,XPhos,57.37548977,37.39902114868164,33.552879333496094
reaction:100,XPhos,1,XPhos,22.61165831,37.39902114868164,33.552879333496094
reaction:101,XPhos,1,XPhos,28.75149591,37.39902114868164,33.552879333496094
reaction:102,XPhos,1,XPhos,26.98890626,37.39902114868164,33.552879333496094
reaction:103,XPhos,1,XPhos,20.85782482,37.39902114868164,33.552879333496094
reaction:104,XPhos,1,XPhos,20.73475671,37.39902114868164,33.552879333496094
reaction:105,XPhos,1,XPhos,30.87112941,37.39902114868164,33.552879333496094
reaction:106,XPhos,1,XPhos,20.36096013,37.39902114868164,33.552879333496094
reaction:107,XPhos,1,XPhos,38.91690391,37.39902114868164,33.552879333496094
reaction:108,XPhos,1,XPhos,41.70005044,37.39902114868164,33.552879333496094
reaction:109,XPhos,1,XPhos,0.940121626,37.39902114868164,33.552879333496094
reaction:110,XPhos,1,XPhos,14.90450687,37.39902114868164,33.552879333496094
reaction:111,XPhos,1,XPhos,19.596159,37.39902114868164,33.552879333496094
reaction:112,XPhos,1,XPhos,4.179760101,37.39902114868164,33.552879333496094
reaction:113,XPhos,1,XPhos,39.00815943,37.39902114868164,33.552879333496094
reaction:114,XPhos,1,XPhos,37.1696242,37.39902114868164,33.552879333496094
reaction:115,XPhos,1,XPhos,31.61725517,37.39902114868164,33.552879333496094
reaction:116,XPhos,1,XPhos,51.21654271,37.39902114868164,33.552879333496094
reaction:117,XPhos,1,XPhos,57.55128922,37.39902114868164,33.552879333496094
reaction:118,XPhos,1,XPhos,16.17382734,37.39902114868164,33.552879333496094
reaction:119,XPhos,1,XPhos,26.58751317,37.39902114868164,33.552879333496094
reaction:120,XPhos,1,XPhos,40.41327646,37.39902114868164,33.552879333496094
reaction:121,XPhos,1,XPhos,16.96531636,37.39902114868164,33.552879333496094
reaction:122,XPhos,1,XPhos,34.37725511,37.39902114868164,33.552879333496094
reaction:123,XPhos,1,XPhos,43.5835106,37.39902114868164,33.552879333496094
reaction:124,XPhos,1,XPhos,0.828206999,37.39902114868164,33.552879333496094
reaction:125,XPhos,1,XPhos,13.33632103,37.39902114868164,33.552879333496094
reaction:126,XPhos,1,XPhos,26.96354436,37.39902114868164,33.552879333496094
reaction:127,XPhos,1,XPhos,4.206951598,37.39902114868164,33.552879333496094
reaction:128,XPhos,1,XPhos,39.80435813,37.39902114868164,33.552879333496094
reaction:129,XPhos,1,XPhos,66.76359549,37.39902114868164,33.552879333496094
reaction:130,XPhos,1,XPhos,38.14302674,37.39902114868164,33.552879333496094
reaction:131,XPhos,1,XPhos,56.51667394,37.39902114868164,33.552879333496094
reaction:132,XPhos,1,XPhos,67.97172842,37.39902114868164,33.552879333496094
reaction:133,XPhos,1,XPhos,13.29271578,37.39902114868164,33.552879333496094
reaction:134,XPhos,1,XPhos,32.5166032,37.39902114868164,33.552879333496094
reaction:135,XPhos,1,XPhos,47.33481015,37.39902114868164,33.552879333496094
reaction:136,t-BuXPhos,3,t-BuXPhos,15.4176361,30.424705505371094,29.913738250732422
reaction:137,t-BuXPhos,3,t-BuXPhos,18.97417112,30.424705505371094,29.913738250732422
reaction:138,t-BuXPhos,3,t-BuXPhos,16.81589184,30.424705505371094,29.913738250732422
reaction:139,t-BuXPhos,3,t-BuXPhos,2.663355036,30.424705505371094,29.913738250732422
reaction:140,t-BuXPhos,3,t-BuXPhos,16.04854773,30.424705505371094,29.913738250732422
reaction:141,t-BuXPhos,3,t-BuXPhos,21.9766332,30.424705505371094,29.913738250732422
reaction:142,t-BuXPhos,3,t-BuXPhos,7.641917877999999,30.424705505371094,29.913738250732422
reaction:143,t-BuXPhos,3,t-BuXPhos,28.39231834,30.424705505371094,29.913738250732422
reaction:144,t-BuXPhos,3,t-BuXPhos,26.6748995,30.424705505371094,29.913738250732422
reaction:145,t-BuXPhos,3,t-BuXPhos,29.97543001,30.424705505371094,29.913738250732422
reaction:146,t-BuXPhos,3,t-BuXPhos,36.30636065,30.424705505371094,29.913738250732422
reaction:147,t-BuXPhos,3,t-BuXPhos,36.58798902,30.424705505371094,29.913738250732422
reaction:148,t-BuXPhos,3,t-BuXPhos,10.54082024,30.424705505371094,29.913738250732422
reaction:149,t-BuXPhos,3,t-BuXPhos,26.25688388,30.424705505371094,29.913738250732422
reaction:150,t-BuXPhos,3,t-BuXPhos,28.58964812,30.424705505371094,29.913738250732422
reaction:151,t-BuXPhos,3,t-BuXPhos,16.88486051,30.424705505371094,29.913738250732422
reaction:152,t-BuXPhos,3,t-BuXPhos,41.29698409,30.424705505371094,29.913738250732422
reaction:153,t-BuXPhos,3,t-BuXPhos,43.73298112,30.424705505371094,29.913738250732422
reaction:154,t-BuXPhos,3,t-BuXPhos,0.655700656,30.424705505371094,29.913738250732422
reaction:155,t-BuXPhos,3,t-BuXPhos,33.62905648,30.424705505371094,29.913738250732422
reaction:156,t-BuXPhos,3,t-BuXPhos,41.48980841,30.424705505371094,29.913738250732422
reaction:157,t-BuXPhos,3,t-BuXPhos,2.599454304,30.424705505371094,29.913738250732422
reaction:158,t-BuXPhos,3,t-BuXPhos,66.02401389,30.424705505371094,29.913738250732422
reaction:159,t-BuXPhos,3,t-BuXPhos,72.39052533,30.424705505371094,29.913738250732422
reaction:160,t-BuXPhos,3,t-BuXPhos,68.84655406,30.424705505371094,29.913738250732422
reaction:161,t-BuXPhos,3,t-BuXPhos,82.1847816,30.424705505371094,29.913738250732422
reaction:162,t-BuXPhos,3,t-BuXPhos,80.58917239,30.424705505371094,29.913738250732422
reaction:163,t-BuXPhos,3,t-BuXPhos,15.19452071,30.424705505371094,29.913738250732422
reaction:164,t-BuXPhos,3,t-BuXPhos,83.87445444,30.424705505371094,29.913738250732422
reaction:165,t-BuXPhos,3,t-BuXPhos,86.003404,30.424705505371094,29.913738250732422
reaction:166,t-BuXPhos,3,t-BuXPhos,30.01215681,30.424705505371094,29.913738250732422
reaction:167,t-BuXPhos,3,t-BuXPhos,51.39708789,30.424705505371094,29.913738250732422
reaction:168,t-BuXPhos,3,t-BuXPhos,50.13634297,30.424705505371094,29.913738250732422
reaction:169,t-BuXPhos,3,t-BuXPhos,2.942173839,30.424705505371094,29.913738250732422
reaction:170,t-BuXPhos,3,t-BuXPhos,34.96324083,30.424705505371094,29.913738250732422
reaction:171,t-BuXPhos,3,t-BuXPhos,51.01008234,30.424705505371094,29.913738250732422
reaction:172,t-BuXPhos,3,t-BuXPhos,15.31942872,30.424705505371094,29.913738250732422
reaction:173,t-BuXPhos,3,t-BuXPhos,81.56943098,30.424705505371094,29.913738250732422
reaction:174,t-BuXPhos,3,t-BuXPhos,77.57371189,30.424705505371094,29.913738250732422
reaction:175,t-BuXPhos,3,t-BuXPhos,86.68959994,30.424705505371094,29.913738250732422
reaction:176,t-BuXPhos,3,t-BuXPhos,92.91423383,30.424705505371094,29.913738250732422
reaction:177,t-BuXPhos,3,t-BuXPhos,97.56849953,30.424705505371094,29.913738250732422
reaction:178,t-BuXPhos,3,t-BuXPhos,35.55504656,30.424705505371094,29.913738250732422
reaction:179,t-BuXPhos,3,t-BuXPhos,98.73132029,30.424705505371094,29.913738250732422
reaction:180,t-BuXPhos,3,t-BuXPhos,98.28722602,30.424705505371094,29.913738250732422
reaction:181,t-BuXPhos,3,t-BuXPhos,5.980979595,30.424705505371094,29.913738250732422
reaction:182,t-BuXPhos,3,t-BuXPhos,50.58289676,30.424705505371094,29.913738250732422
reaction:183,t-BuXPhos,3,t-BuXPhos,45.08048043,30.424705505371094,29.913738250732422
reaction:184,t-BuXPhos,3,t-BuXPhos,0.0,30.424705505371094,29.913738250732422
reaction:185,t-BuXPhos,3,t-BuXPhos,42.11946098,30.424705505371094,29.913738250732422
reaction:186,t-BuXPhos,3,t-BuXPhos,49.11143206,30.424705505371094,29.913738250732422
reaction:187,t-BuXPhos,3,t-BuXPhos,0.705225291,30.424705505371094,29.913738250732422
reaction:188,t-BuXPhos,3,t-BuXPhos,70.86219062,30.424705505371094,29.913738250732422
reaction:189,t-BuXPhos,3,t-BuXPhos,66.44951759,30.424705505371094,29.913738250732422
reaction:190,t-BuXPhos,3,t-BuXPhos,65.93988128,30.424705505371094,29.913738250732422
reaction:191,t-BuXPhos,3,t-BuXPhos,66.07082051,30.424705505371094,29.913738250732422
reaction:192,t-BuXPhos,3,t-BuXPhos,66.20793624,30.424705505371094,29.913738250732422
reaction:193,t-BuXPhos,3,t-BuXPhos,6.110691586000001,30.424705505371094,29.913738250732422
reaction:194,t-BuXPhos,3,t-BuXPhos,67.81850094,30.424705505371094,29.913738250732422
reaction:195,t-BuXPhos,3,t-BuXPhos,72.63064909,30.424705505371094,29.913738250732422
reaction:196,t-BuXPhos,3,t-BuXPhos,7.837919121,30.424705505371094,29.913738250732422
reaction:197,t-BuXPhos,3,t-BuXPhos,46.74711139,30.424705505371094,29.913738250732422
reaction:198,t-BuXPhos,3,t-BuXPhos,46.25838016,30.424705505371094,29.913738250732422
reaction:199,t-BuXPhos,3,t-BuXPhos,0.0,30.424705505371094,29.913738250732422
reaction:200,t-BuXPhos,3,t-BuXPhos,37.03037628,30.424705505371094,29.913738250732422
reaction:201,t-BuXPhos,3,t-BuXPhos,43.69560153,30.424705505371094,29.913738250732422
reaction:202,t-BuXPhos,3,t-BuXPhos,0.595872872,30.424705505371094,29.913738250732422
reaction:203,t-BuXPhos,3,t-BuXPhos,70.54955286,30.424705505371094,29.913738250732422
reaction:204,t-BuXPhos,3,t-BuXPhos,80.90409924,30.424705505371094,29.913738250732422
reaction:205,t-BuXPhos,3,t-BuXPhos,70.2055639,30.424705505371094,29.913738250732422
reaction:206,t-BuXPhos,3,t-BuXPhos,83.08846167,30.424705505371094,29.913738250732422
reaction:207,t-BuXPhos,3,t-BuXPhos,85.14465222,30.424705505371094,29.913738250732422
reaction:208,t-BuXPhos,3,t-BuXPhos,3.149733367,30.424705505371094,29.913738250732422
reaction:209,t-BuXPhos,3,t-BuXPhos,78.08461533,30.424705505371094,29.913738250732422
reaction:210,t-BuXPhos,3,t-BuXPhos,82.13737482,30.424705505371094,29.913738250732422
reaction:211,t-BuXPhos,3,t-BuXPhos,7.782359233999999,30.424705505371094,29.913738250732422
reaction:212,t-BuXPhos,3,t-BuXPhos,53.59986981,30.424705505371094,29.913738250732422
reaction:213,t-BuXPhos,3,t-BuXPhos,51.75674767,30.424705505371094,29.913738250732422
reaction:214,t-BuXPhos,3,t-BuXPhos,0.0,30.424705505371094,29.913738250732422
reaction:215,t-BuXPhos,3,t-BuXPhos,49.61438009,30.424705505371094,29.913738250732422
reaction:216,t-BuXPhos,3,t-BuXPhos,53.675534,30.424705505371094,29.913738250732422
reaction:217,t-BuXPhos,3,t-BuXPhos,0.6467788210000001,30.424705505371094,29.913738250732422
reaction:218,t-BuXPhos,3,t-BuXPhos,86.59757822,30.424705505371094,29.913738250732422
reaction:219,t-BuXPhos,3,t-BuXPhos,84.89551287,30.424705505371094,29.913738250732422
reaction:220,t-BuXPhos,3,t-BuXPhos,91.39064225,30.424705505371094,29.913738250732422
reaction:221,t-BuXPhos,3,t-BuXPhos,97.29293259,30.424705505371094,29.913738250732422
reaction:222,t-BuXPhos,3,t-BuXPhos,99.61910732,30.424705505371094,29.913738250732422
reaction:223,t-BuXPhos,3,t-BuXPhos,4.166287009,30.424705505371094,29.913738250732422
reaction:224,t-BuXPhos,3,t-BuXPhos,92.57247896,30.424705505371094,29.913738250732422
reaction:225,t-BuXPhos,3,t-BuXPhos,94.69105416,30.424705505371094,29.913738250732422
reaction:226,t-BuXPhos,3,t-BuXPhos,45.04873884,30.424705505371094,29.913738250732422
reaction:227,t-BuXPhos,3,t-BuXPhos,45.78100103,30.424705505371094,29.913738250732422
reaction:228,t-BuXPhos,3,t-BuXPhos,44.65371267,30.424705505371094,29.913738250732422
reaction:229,t-BuXPhos,3,t-BuXPhos,0.924541619,30.424705505371094,29.913738250732422
reaction:230,t-BuXPhos,3,t-BuXPhos,44.55887608,30.424705505371094,29.913738250732422
reaction:231,t-BuXPhos,3,t-BuXPhos,43.35721014,30.424705505371094,29.913738250732422
reaction:232,t-BuXPhos,3,t-BuXPhos,3.4201663410000003,30.424705505371094,29.913738250732422
reaction:233,t-BuXPhos,3,t-BuXPhos,72.84831426,30.424705505371094,29.913738250732422
reaction:234,t-BuXPhos,3,t-BuXPhos,65.31185167,30.424705505371094,29.913738250732422
reaction:235,t-BuXPhos,3,t-BuXPhos,56.83280355,30.424705505371094,29.913738250732422
reaction:236,t-BuXPhos,3,t-BuXPhos,76.33726193,30.424705505371094,29.913738250732422
reaction:237,t-BuXPhos,3,t-BuXPhos,73.22050209,30.424705505371094,29.913738250732422
reaction:238,t-BuXPhos,3,t-BuXPhos,36.47724246,30.424705505371094,29.913738250732422
reaction:239,t-BuXPhos,3,t-BuXPhos,68.55764886,30.424705505371094,29.913738250732422
reaction:240,t-BuXPhos,3,t-BuXPhos,69.0890435,30.424705505371094,29.913738250732422
reaction:241,t-BuXPhos,3,t-BuXPhos,31.88044847,30.424705505371094,29.913738250732422
reaction:242,t-BuXPhos,3,t-BuXPhos,44.81754321,30.424705505371094,29.913738250732422
reaction:243,t-BuXPhos,3,t-BuXPhos,46.6498955,30.424705505371094,29.913738250732422
reaction:244,t-BuXPhos,3,t-BuXPhos,0.668792684,30.424705505371094,29.913738250732422
reaction:245,t-BuXPhos,3,t-BuXPhos,39.52986412,30.424705505371094,29.913738250732422
reaction:246,t-BuXPhos,3,t-BuXPhos,43.87183311,30.424705505371094,29.913738250732422
reaction:247,t-BuXPhos,3,t-BuXPhos,2.74612364,30.424705505371094,29.913738250732422
reaction:248,t-BuXPhos,3,t-BuXPhos,72.63770939,30.424705505371094,29.913738250732422
reaction:249,t-BuXPhos,3,t-BuXPhos,82.32885806,30.424705505371094,29.913738250732422
reaction:250,t-BuXPhos,3,t-BuXPhos,73.64322424,30.424705505371094,29.913738250732422
reaction:251,t-BuXPhos,3,t-BuXPhos,87.90201497,30.424705505371094,29.913738250732422
reaction:252,t-BuXPhos,3,t-BuXPhos,86.21979782,30.424705505371094,29.913738250732422
reaction:253,t-BuXPhos,3,t-BuXPhos,34.20844443,30.424705505371094,29.913738250732422
reaction:254,t-BuXPhos,3,t-BuXPhos,77.33294235,30.424705505371094,29.913738250732422
reaction:255,t-BuXPhos,3,t-BuXPhos,80.60055876,30.424705505371094,29.913738250732422
reaction:256,t-BuXPhos,3,t-BuXPhos,42.28229272,30.424705505371094,29.913738250732422
reaction:257,t-BuXPhos,3,t-BuXPhos,50.28665363,30.424705505371094,29.913738250732422
reaction:258,t-BuXPhos,3,t-BuXPhos,49.58296909,30.424705505371094,29.913738250732422
reaction:259,t-BuXPhos,3,t-BuXPhos,1.18600639,30.424705505371094,29.913738250732422
reaction:260,t-BuXPhos,3,t-BuXPhos,48.46327508,30.424705505371094,29.913738250732422
reaction:261,t-BuXPhos,3,t-BuXPhos,49.9274003,30.424705505371094,29.913738250732422
reaction:262,t-BuXPhos,3,t-BuXPhos,4.582095156,30.424705505371094,29.913738250732422
reaction:263,t-BuXPhos,3,t-BuXPhos,78.80108905,30.424705505371094,29.913738250732422
reaction:264,t-BuXPhos,3,t-BuXPhos,79.44483195,30.424705505371094,29.913738250732422
reaction:265,t-BuXPhos,3,t-BuXPhos,84.85609846,30.424705505371094,29.913738250732422
reaction:266,t-BuXPhos,3,t-BuXPhos,93.31083413,30.424705505371094,29.913738250732422
reaction:267,t-BuXPhos,3,t-BuXPhos,93.87454124,30.424705505371094,29.913738250732422
reaction:268,t-BuXPhos,3,t-BuXPhos,44.02752342,30.424705505371094,29.913738250732422
reaction:269,t-BuXPhos,3,t-BuXPhos,89.48065113,30.424705505371094,29.913738250732422
reaction:270,t-BuXPhos,3,t-BuXPhos,91.48509414,30.424705505371094,29.913738250732422
reaction:271,t-BuBrettPhos,2,t-BuBrettPhos,7.372693174,8.362051010131836,25.984609603881836
reaction:272,t-BuBrettPhos,2,t-BuBrettPhos,9.714563227,14.723642349243164,25.734811782836914
reaction:273,t-BuBrettPhos,2,t-BuBrettPhos,9.546870881,18.398221969604492,25.729568481445312
reaction:274,t-BuBrettPhos,2,t-BuBrettPhos,1.0224022940000002,2.605682373046875,26.231592178344727
reaction:275,t-BuBrettPhos,2,t-BuBrettPhos,12.592787,16.8360595703125,25.916542053222656
reaction:276,t-BuBrettPhos,2,t-BuBrettPhos,14.01241706,22.597713470458984,26.258867263793945
reaction:277,t-BuBrettPhos,2,t-BuBrettPhos,4.337310253,5.006044387817383,25.730052947998047
reaction:278,t-BuBrettPhos,2,t-BuBrettPhos,19.47378974,27.870925903320312,25.789785385131836
reaction:279,t-BuBrettPhos,2,t-BuBrettPhos,23.2960789,32.577091217041016,26.131702423095703
reaction:280,t-BuBrettPhos,2,t-BuBrettPhos,24.90011385,27.730548858642578,26.06566047668457
reaction:281,t-BuBrettPhos,2,t-BuBrettPhos,28.47849533,32.74492645263672,25.860816955566406
reaction:282,t-BuBrettPhos,2,t-BuBrettPhos,33.33065232,36.3659782409668,25.784578323364258
reaction:283,t-BuBrettPhos,2,t-BuBrettPhos,6.753074014,9.94767951965332,25.870880126953125
reaction:284,t-BuBrettPhos,2,t-BuBrettPhos,15.06136862,24.711910247802734,25.90126609802246
reaction:285,t-BuBrettPhos,2,t-BuBrettPhos,15.12671706,29.378582000732422,25.881181716918945
reaction:286,t-BuBrettPhos,2,t-BuBrettPhos,3.88663609,18.007492065429688,25.978729248046875
reaction:287,t-BuBrettPhos,2,t-BuBrettPhos,25.83457198,31.377445220947266,25.73274803161621
reaction:288,t-BuBrettPhos,2,t-BuBrettPhos,44.5879911,36.88214111328125,25.727313995361328
reaction:289,t-BuBrettPhos,2,t-BuBrettPhos,0.0,12.040212631225586,26.228300094604492
reaction:290,t-BuBrettPhos,2,t-BuBrettPhos,15.16664871,26.04578971862793,25.90055274963379
reaction:291,t-BuBrettPhos,2,t-BuBrettPhos,40.37403082,36.610198974609375,26.263580322265625
reaction:292,t-BuBrettPhos,2,t-BuBrettPhos,0.0,12.823541641235352,25.661373138427734
reaction:293,t-BuBrettPhos,2,t-BuBrettPhos,27.79577337,38.90302276611328,25.813894271850586
reaction:294,t-BuBrettPhos,2,t-BuBrettPhos,72.31351298,53.851417541503906,26.130477905273438
reaction:295,t-BuBrettPhos,2,t-BuBrettPhos,32.00160024,35.60926818847656,26.06414794921875
reaction:296,t-BuBrettPhos,2,t-BuBrettPhos,51.8134607,44.20915222167969,25.840980529785156
reaction:297,t-BuBrettPhos,2,t-BuBrettPhos,83.36436834,52.070281982421875,25.780920028686523
reaction:298,t-BuBrettPhos,2,t-BuBrettPhos,2.641901391,17.416187286376953,25.849342346191406
reaction:299,t-BuBrettPhos,2,t-BuBrettPhos,57.97752811,49.06146240234375,25.888473510742188
reaction:300,t-BuBrettPhos,2,t-BuBrettPhos,80.28994263,55.60912322998047,25.909099578857422
reaction:301,t-BuBrettPhos,2,t-BuBrettPhos,9.564949769,23.741230010986328,25.96809959411621
reaction:302,t-BuBrettPhos,2,t-BuBrettPhos,37.21381762,39.02964782714844,25.6431827545166
reaction:303,t-BuBrettPhos,2,t-BuBrettPhos,47.09764929,46.10789489746094,25.64629364013672
reaction:304,t-BuBrettPhos,2,t-BuBrettPhos,1.1000305259999998,14.603582382202148,26.215362548828125
reaction:305,t-BuBrettPhos,2,t-BuBrettPhos,35.70389569,35.482452392578125,25.901926040649414
reaction:306,t-BuBrettPhos,2,t-BuBrettPhos,54.89240735,45.39813232421875,26.258602142333984
reaction:307,t-BuBrettPhos,2,t-BuBrettPhos,0.0,16.462181091308594,25.729249954223633
reaction:308,t-BuBrettPhos,2,t-BuBrettPhos,57.45048731,52.74892044067383,25.78822898864746
reaction:309,t-BuBrettPhos,2,t-BuBrettPhos,77.02732986,64.37322235107422,26.13005256652832
reaction:310,t-BuBrettPhos,2,t-BuBrettPhos,69.39855223,57.555641174316406,26.059431076049805
reaction:311,t-BuBrettPhos,2,t-BuBrettPhos,85.4419715,66.29417419433594,25.838937759399414
reaction:312,t-BuBrettPhos,2,t-BuBrettPhos,92.00324978,75.15705871582031,25.77930450439453
reaction:313,t-BuBrettPhos,2,t-BuBrettPhos,21.86178566,24.502195358276367,25.85384178161621
reaction:314,t-BuBrettPhos,2,t-BuBrettPhos,83.65433196,64.63677215576172,25.898761749267578
reaction:315,t-BuBrettPhos,2,t-BuBrettPhos,92.95670274,70.93415069580078,25.895143508911133
reaction:316,t-BuBrettPhos,2,t-BuBrettPhos,1.297818598,15.069061279296875,25.993955612182617
reaction:317,t-BuBrettPhos,2,t-BuBrettPhos,28.35051675,32.87273025512695,25.745084762573242
reaction:318,t-BuBrettPhos,2,t-BuBrettPhos,40.1812432,38.416770935058594,25.739728927612305
reaction:319,t-BuBrettPhos,2,t-BuBrettPhos,0.0,12.38121223449707,26.242273330688477
reaction:320,t-BuBrettPhos,2,t-BuBrettPhos,40.45135336,36.79339599609375,25.92662239074707
reaction:321,t-BuBrettPhos,2,t-BuBrettPhos,42.27311559,43.41750717163086,26.266265869140625
reaction:322,t-BuBrettPhos,2,t-BuBrettPhos,0.910655456,13.48820686340332,25.740251541137695
reaction:323,t-BuBrettPhos,2,t-BuBrettPhos,62.16368477,52.4067268371582,25.803394317626953
reaction:324,t-BuBrettPhos,2,t-BuBrettPhos,66.88608561,57.69947052001953,26.14586067199707
reaction:325,t-BuBrettPhos,2,t-BuBrettPhos,76.83418769,49.67910385131836,26.081384658813477
reaction:326,t-BuBrettPhos,2,t-BuBrettPhos,91.6524383,55.86824035644531,25.871746063232422
reaction:327,t-BuBrettPhos,2,t-BuBrettPhos,66.37274183,58.398292541503906,25.796367645263672
reaction:328,t-BuBrettPhos,2,t-BuBrettPhos,2.534585496,16.891023635864258,25.87828826904297
reaction:329,t-BuBrettPhos,2,t-BuBrettPhos,47.17441756,47.46443176269531,25.912654876708984
reaction:330,t-BuBrettPhos,2,t-BuBrettPhos,52.43589363,53.53721618652344,25.890289306640625
reaction:331,t-BuBrettPhos,2,t-BuBrettPhos,3.542495517,13.245473861694336,25.99048614501953
reaction:332,t-BuBrettPhos,2,t-BuBrettPhos,39.19686382,35.43917465209961,25.745485305786133
reaction:333,t-BuBrettPhos,2,t-BuBrettPhos,45.87563784,41.02202224731445,25.73969268798828
reaction:334,t-BuBrettPhos,2,t-BuBrettPhos,0.0,10.378133773803711,26.24158477783203
reaction:335,t-BuBrettPhos,2,t-BuBrettPhos,24.02819715,30.74691390991211,25.912843704223633
reaction:336,t-BuBrettPhos,2,t-BuBrettPhos,39.3913488,41.43195343017578,26.274038314819336
reaction:337,t-BuBrettPhos,2,t-BuBrettPhos,0.0,10.10983657836914,25.673063278198242
reaction:338,t-BuBrettPhos,2,t-BuBrettPhos,50.04747607,46.239688873291016,25.82939338684082
reaction:339,t-BuBrettPhos,2,t-BuBrettPhos,74.62438876,61.22150802612305,26.146329879760742
reaction:340,t-BuBrettPhos,2,t-BuBrettPhos,54.58472012,41.47032928466797,26.081485748291016
reaction:341,t-BuBrettPhos,2,t-BuBrettPhos,74.81544975,51.40257263183594,25.85433578491211
reaction:342,t-BuBrettPhos,2,t-BuBrettPhos,84.20189779,57.421688079833984,25.79478645324707
reaction:343,t-BuBrettPhos,2,t-BuBrettPhos,2.234092607,12.441686630249023,25.859214782714844
reaction:344,t-BuBrettPhos,2,t-BuBrettPhos,71.60789091,55.80852508544922,25.902172088623047
reaction:345,t-BuBrettPhos,2,t-BuBrettPhos,72.77189285,61.783729553222656,25.920345306396484
reaction:346,t-BuBrettPhos,2,t-BuBrettPhos,4.275083316,15.402366638183594,25.973718643188477
reaction:347,t-BuBrettPhos,2,t-BuBrettPhos,40.44190447,39.57241439819336,25.64990234375
reaction:348,t-BuBrettPhos,2,t-BuBrettPhos,46.6599306,47.4452018737793,25.652944564819336
reaction:349,t-BuBrettPhos,2,t-BuBrettPhos,0.0,10.311386108398438,26.22251319885254
reaction:350,t-BuBrettPhos,2,t-BuBrettPhos,46.64994849,37.60630416870117,25.908628463745117
reaction:351,t-BuBrettPhos,2,t-BuBrettPhos,45.97105208,48.04963684082031,26.262500762939453
reaction:352,t-BuBrettPhos,2,t-BuBrettPhos,0.0,10.595075607299805,25.73592758178711
reaction:353,t-BuBrettPhos,2,t-BuBrettPhos,72.38342011,56.724853515625,25.7979793548584
reaction:354,t-BuBrettPhos,2,t-BuBrettPhos,82.71053034,70.07801055908203,26.140592575073242
reaction:355,t-BuBrettPhos,2,t-BuBrettPhos,77.8707536,60.26323699951172,26.07174301147461
reaction:356,t-BuBrettPhos,2,t-BuBrettPhos,96.59121826,71.35394287109375,25.846261978149414
reaction:357,t-BuBrettPhos,2,t-BuBrettPhos,97.94800557,78.207763671875,25.787656784057617
reaction:358,t-BuBrettPhos,2,t-BuBrettPhos,3.498335753,15.12092399597168,25.85784912109375
reaction:359,t-BuBrettPhos,2,t-BuBrettPhos,89.32288292,67.4913101196289,25.906490325927734
reaction:360,t-BuBrettPhos,2,t-BuBrettPhos,89.21674959,74.6694107055664,25.900638580322266
reaction:361,t-BuBrettPhos,2,t-BuBrettPhos,9.910073167,24.169246673583984,25.860382080078125
reaction:362,t-BuBrettPhos,2,t-BuBrettPhos,33.09515946,34.70851135253906,25.602848052978516
reaction:363,t-BuBrettPhos,2,t-BuBrettPhos,39.91592357,37.04799270629883,25.5969181060791
reaction:364,t-BuBrettPhos,2,t-BuBrettPhos,0.297246729,12.771892547607422,26.1074161529541
reaction:365,t-BuBrettPhos,2,t-BuBrettPhos,43.42467948,40.824012756347656,25.786760330200195
reaction:366,t-BuBrettPhos,2,t-BuBrettPhos,45.27500965,42.74835968017578,26.1412296295166
reaction:367,t-BuBrettPhos,2,t-BuBrettPhos,0.8589748359999999,14.321531295776367,25.595714569091797
reaction:368,t-BuBrettPhos,2,t-BuBrettPhos,68.84924903,57.76797103881836,25.659198760986328
reaction:369,t-BuBrettPhos,2,t-BuBrettPhos,64.60847653,56.623538970947266,25.991653442382812
reaction:370,t-BuBrettPhos,2,t-BuBrettPhos,63.8547365,52.64285659790039,25.923566818237305
reaction:371,t-BuBrettPhos,2,t-BuBrettPhos,76.33612431,57.98723602294922,25.73417854309082
reaction:372,t-BuBrettPhos,2,t-BuBrettPhos,73.13965753,59.537269592285156,25.64975929260254
reaction:373,t-BuBrettPhos,2,t-BuBrettPhos,4.497312078999999,24.711326599121094,25.74243927001953
reaction:374,t-BuBrettPhos,2,t-BuBrettPhos,40.87667176,47.722984313964844,25.767927169799805
reaction:375,t-BuBrettPhos,2,t-BuBrettPhos,40.31664678,51.06172180175781,25.75096893310547
reaction:376,t-BuBrettPhos,2,t-BuBrettPhos,24.27358667,23.423038482666016,25.857187271118164
reaction:377,t-BuBrettPhos,2,t-BuBrettPhos,42.64405348,39.73637390136719,25.60264015197754
reaction:378,t-BuBrettPhos,2,t-BuBrettPhos,47.5989822,41.674713134765625,25.596792221069336
reaction:379,t-BuBrettPhos,2,t-BuBrettPhos,0.345789289,12.231971740722656,26.106340408325195
reaction:380,t-BuBrettPhos,2,t-BuBrettPhos,40.97949244,37.82579803466797,25.773147583007812
reaction:381,t-BuBrettPhos,2,t-BuBrettPhos,43.26194293,42.824424743652344,26.148090362548828
reaction:382,t-BuBrettPhos,2,t-BuBrettPhos,1.497954505,12.43855094909668,25.532041549682617
reaction:383,t-BuBrettPhos,2,t-BuBrettPhos,68.06627781,54.820587158203125,25.686811447143555
reaction:384,t-BuBrettPhos,2,t-BuBrettPhos,74.75498754,62.1987419128418,25.992334365844727
reaction:385,t-BuBrettPhos,2,t-BuBrettPhos,70.28309787,46.88349151611328,25.92414093017578
reaction:386,t-BuBrettPhos,2,t-BuBrettPhos,80.52782377,54.30107498168945,25.7164363861084
reaction:387,t-BuBrettPhos,2,t-BuBrettPhos,85.26909551,59.246009826660156,25.648561477661133
reaction:388,t-BuBrettPhos,2,t-BuBrettPhos,21.94834142,22.621078491210938,25.72303009033203
reaction:389,t-BuBrettPhos,2,t-BuBrettPhos,72.58738213,58.1609992980957,25.75702667236328
reaction:390,t-BuBrettPhos,2,t-BuBrettPhos,77.03264152,61.558929443359375,25.781909942626953
reaction:391,t-BuBrettPhos,2,t-BuBrettPhos,23.09132333,25.528701782226562,25.848478317260742
reaction:392,t-BuBrettPhos,2,t-BuBrettPhos,47.555818,43.652099609375,25.514978408813477
reaction:393,t-BuBrettPhos,2,t-BuBrettPhos,46.76206263,47.03643798828125,25.517465591430664
reaction:394,t-BuBrettPhos,2,t-BuBrettPhos,0.605197064,11.59794807434082,26.095516204833984
reaction:395,t-BuBrettPhos,2,t-BuBrettPhos,47.14534203,44.24421691894531,25.77593421936035
reaction:396,t-BuBrettPhos,2,t-BuBrettPhos,45.98211557,48.315887451171875,26.144899368286133
reaction:397,t-BuBrettPhos,2,t-BuBrettPhos,0.0,12.397340774536133,25.59903907775879
reaction:398,t-BuBrettPhos,2,t-BuBrettPhos,79.73976585,64.04956817626953,25.662824630737305
reaction:399,t-BuBrettPhos,2,t-BuBrettPhos,80.78664078,69.55509185791016,25.99479103088379
reaction:400,t-BuBrettPhos,2,t-BuBrettPhos,84.69021766,65.36152648925781,25.92120361328125
reaction:401,t-BuBrettPhos,2,t-BuBrettPhos,91.05627032,71.77971649169922,25.716739654541016
reaction:402,t-BuBrettPhos,2,t-BuBrettPhos,98.17713445,78.93887329101562,25.64864158630371
reaction:403,t-BuBrettPhos,2,t-BuBrettPhos,23.84150703,25.14470100402832,25.729183197021484
reaction:404,t-BuBrettPhos,2,t-BuBrettPhos,86.41285544,69.24130249023438,25.770004272460938
reaction:405,t-BuBrettPhos,2,t-BuBrettPhos,87.55418753,73.91596221923828,25.769180297851562
reaction:406,AdBrettPhos,0,AdBrettPhos,6.575127297000001,31.57626724243164,29.83621597290039
reaction:407,AdBrettPhos,0,AdBrettPhos,8.742546332,31.930248260498047,29.835859298706055
reaction:408,AdBrettPhos,0,AdBrettPhos,9.935132826,32.2149772644043,29.83587074279785
reaction:409,AdBrettPhos,0,AdBrettPhos,1.705289038,31.416959762573242,29.837181091308594
reaction:410,AdBrettPhos,0,AdBrettPhos,12.29594301,32.042152404785156,29.836896896362305
reaction:411,AdBrettPhos,0,AdBrettPhos,16.85702349,32.24205017089844,29.836977005004883
reaction:412,AdBrettPhos,0,AdBrettPhos,3.595206135,31.559345245361328,29.835830688476562
reaction:413,AdBrettPhos,0,AdBrettPhos,19.90273024,32.4735221862793,29.835981369018555
reaction:414,AdBrettPhos,0,AdBrettPhos,25.2527032,32.79960632324219,29.83646583557129
reaction:415,AdBrettPhos,0,AdBrettPhos,16.1585109,32.55851364135742,29.83742332458496
reaction:416,AdBrettPhos,0,AdBrettPhos,20.64357371,32.8428840637207,29.83677864074707
reaction:417,AdBrettPhos,0,AdBrettPhos,24.16256349,33.13056945800781,29.836719512939453
reaction:418,AdBrettPhos,0,AdBrettPhos,7.938107707999999,31.640987396240234,29.83612632751465
reaction:419,AdBrettPhos,0,AdBrettPhos,13.6465536,32.20988082885742,29.83661651611328
reaction:420,AdBrettPhos,0,AdBrettPhos,14.36737015,32.51801300048828,29.83588218688965
reaction:421,AdBrettPhos,0,AdBrettPhos,3.956885702,31.993379592895508,29.836200714111328
reaction:422,AdBrettPhos,0,AdBrettPhos,22.516172,32.717681884765625,29.835857391357422
reaction:423,AdBrettPhos,0,AdBrettPhos,39.74593472,33.08059310913086,29.835880279541016
reaction:424,AdBrettPhos,0,AdBrettPhos,0.0,31.778928756713867,29.83723258972168
reaction:425,AdBrettPhos,0,AdBrettPhos,15.82179421,32.25870132446289,29.83692169189453
reaction:426,AdBrettPhos,0,AdBrettPhos,40.1396941,32.84812545776367,29.83696937561035
reaction:427,AdBrettPhos,0,AdBrettPhos,0.57693322,31.775617599487305,29.835546493530273
reaction:428,AdBrettPhos,0,AdBrettPhos,29.29795514,32.726661682128906,29.83600425720215
reaction:429,AdBrettPhos,0,AdBrettPhos,73.73993868,33.64320755004883,29.836483001708984
reaction:430,AdBrettPhos,0,AdBrettPhos,24.60602271,32.8381462097168,29.837425231933594
reaction:431,AdBrettPhos,0,AdBrettPhos,39.09372544,33.43832778930664,29.83679962158203
reaction:432,AdBrettPhos,0,AdBrettPhos,65.38933316,34.091209411621094,29.83662986755371
reaction:433,AdBrettPhos,0,AdBrettPhos,2.344713425,31.95825958251953,29.836139678955078
reaction:434,AdBrettPhos,0,AdBrettPhos,48.30710262,33.32279586791992,29.83664894104004
reaction:435,AdBrettPhos,0,AdBrettPhos,72.94185386,33.722782135009766,29.835702896118164
reaction:436,AdBrettPhos,0,AdBrettPhos,10.00188169,32.17557907104492,29.836206436157227
reaction:437,AdBrettPhos,0,AdBrettPhos,37.52076416,32.95161819458008,29.835641860961914
reaction:438,AdBrettPhos,0,AdBrettPhos,52.58811564,33.33908462524414,29.835655212402344
reaction:439,AdBrettPhos,0,AdBrettPhos,0.862838268,31.844680786132812,29.837236404418945
reaction:440,AdBrettPhos,0,AdBrettPhos,34.28507945,32.65559387207031,29.836925506591797
reaction:441,AdBrettPhos,0,AdBrettPhos,53.14523882,33.128963470458984,29.836978912353516
reaction:442,AdBrettPhos,0,AdBrettPhos,2.173414859,31.902606964111328,29.835847854614258
reaction:443,AdBrettPhos,0,AdBrettPhos,59.96800012,33.311363220214844,29.83604621887207
reaction:444,AdBrettPhos,0,AdBrettPhos,80.9780499,34.0787467956543,29.83649444580078
reaction:445,AdBrettPhos,0,AdBrettPhos,68.00656479999999,33.70977020263672,29.83744239807129
reaction:446,AdBrettPhos,0,AdBrettPhos,84.91024962,34.26433181762695,29.836835861206055
reaction:447,AdBrettPhos,0,AdBrettPhos,95.07020116,34.760459899902344,29.83662986755371
reaction:448,AdBrettPhos,0,AdBrettPhos,15.22347574,32.21722412109375,29.83615493774414
reaction:449,AdBrettPhos,0,AdBrettPhos,86.41541039,33.92342758178711,29.836637496948242
reaction:450,AdBrettPhos,0,AdBrettPhos,92.13068227,34.33329391479492,29.835905075073242
reaction:451,AdBrettPhos,0,AdBrettPhos,2.038853369,31.90793228149414,29.83624267578125
reaction:452,AdBrettPhos,0,AdBrettPhos,28.76096277,32.78709411621094,29.835933685302734
reaction:453,AdBrettPhos,0,AdBrettPhos,44.56045142,33.140018463134766,29.835941314697266
reaction:454,AdBrettPhos,0,AdBrettPhos,0.3809182129999999,31.859609603881836,29.837265014648438
reaction:455,AdBrettPhos,0,AdBrettPhos,44.68712072,33.042476654052734,29.83700180053711
reaction:456,AdBrettPhos,0,AdBrettPhos,52.78848387,33.144466400146484,29.83709144592285
reaction:457,AdBrettPhos,0,AdBrettPhos,1.112658983,31.966350555419922,29.83591079711914
reaction:458,AdBrettPhos,0,AdBrettPhos,67.02083729,33.85394287109375,29.836055755615234
reaction:459,AdBrettPhos,0,AdBrettPhos,72.46627889,34.09102249145508,29.83652114868164
reaction:460,AdBrettPhos,0,AdBrettPhos,55.08984272,33.91111373901367,29.837514877319336
reaction:461,AdBrettPhos,0,AdBrettPhos,63.25759385,34.33853530883789,29.836835861206055
reaction:462,AdBrettPhos,0,AdBrettPhos,66.28326385,34.15055847167969,29.836851119995117
reaction:463,AdBrettPhos,0,AdBrettPhos,6.141106311000001,31.961076736450195,29.83616828918457
reaction:464,AdBrettPhos,0,AdBrettPhos,54.56358173,33.29569625854492,29.836658477783203
reaction:465,AdBrettPhos,0,AdBrettPhos,63.22469221,33.548095703125,29.835960388183594
reaction:466,AdBrettPhos,0,AdBrettPhos,2.256359852,31.871492385864258,29.836206436157227
reaction:467,AdBrettPhos,0,AdBrettPhos,32.38635793,33.01325988769531,29.835920333862305
reaction:468,AdBrettPhos,0,AdBrettPhos,44.44197306,33.30044174194336,29.835941314697266
reaction:469,AdBrettPhos,0,AdBrettPhos,0.0,31.75196647644043,29.837303161621094
reaction:470,AdBrettPhos,0,AdBrettPhos,21.71222946,32.63134002685547,29.837018966674805
reaction:471,AdBrettPhos,0,AdBrettPhos,43.86426544,33.050132751464844,29.83707618713379
reaction:472,AdBrettPhos,0,AdBrettPhos,0.0,31.733808517456055,29.835609436035156
reaction:473,AdBrettPhos,0,AdBrettPhos,39.83155733,33.42275619506836,29.836069107055664
reaction:474,AdBrettPhos,0,AdBrettPhos,78.71189796,34.1031379699707,29.836530685424805
reaction:475,AdBrettPhos,0,AdBrettPhos,34.68494953,33.490333557128906,29.837514877319336
reaction:476,AdBrettPhos,0,AdBrettPhos,51.68395023,34.177734375,29.83686065673828
reaction:477,AdBrettPhos,0,AdBrettPhos,69.94718927,34.37226486206055,29.836761474609375
reaction:478,AdBrettPhos,0,AdBrettPhos,1.517636561,31.816667556762695,29.83616828918457
reaction:479,AdBrettPhos,0,AdBrettPhos,65.78374618,33.779808044433594,29.836671829223633
reaction:480,AdBrettPhos,0,AdBrettPhos,79.37053051,33.94590759277344,29.835769653320312
reaction:481,AdBrettPhos,0,AdBrettPhos,2.510510682,31.954490661621094,29.836191177368164
reaction:482,AdBrettPhos,0,AdBrettPhos,36.61548208,33.12898254394531,29.835674285888672
reaction:483,AdBrettPhos,0,AdBrettPhos,52.67302388,33.496490478515625,29.8356876373291
reaction:484,AdBrettPhos,0,AdBrettPhos,0.0,31.749494552612305,29.837284088134766
reaction:485,AdBrettPhos,0,AdBrettPhos,32.99753143,32.98305892944336,29.836990356445312
reaction:486,AdBrettPhos,0,AdBrettPhos,57.53990104,33.247764587402344,29.837066650390625
reaction:487,AdBrettPhos,0,AdBrettPhos,0.544984175,31.788684844970703,29.835891723632812
reaction:488,AdBrettPhos,0,AdBrettPhos,57.85208433,33.92137145996094,29.836071014404297
reaction:489,AdBrettPhos,0,AdBrettPhos,85.89473594,34.58028793334961,29.83652114868164
reaction:490,AdBrettPhos,0,AdBrettPhos,67.67136056,34.22946548461914,29.83750343322754
reaction:491,AdBrettPhos,0,AdBrettPhos,95.55515456,34.9132194519043,29.836851119995117
reaction:492,AdBrettPhos,0,AdBrettPhos,99.03446213,35.038726806640625,29.83673858642578
reaction:493,AdBrettPhos,0,AdBrettPhos,2.310618854,31.9001522064209,29.836149215698242
reaction:494,AdBrettPhos,0,AdBrettPhos,86.53541708,34.281005859375,29.83664321899414
reaction:495,AdBrettPhos,0,AdBrettPhos,94.50096737,34.55098342895508,29.8359375
reaction:496,AdBrettPhos,0,AdBrettPhos,7.7649642,32.16642761230469,29.83611297607422
reaction:497,AdBrettPhos,0,AdBrettPhos,31.45776364,32.72825241088867,29.83578872680664
reaction:498,AdBrettPhos,0,AdBrettPhos,39.80414391,32.97320556640625,29.83580207824707
reaction:499,AdBrettPhos,0,AdBrettPhos,0.230274449,31.734966278076172,29.837120056152344
reaction:500,AdBrettPhos,0,AdBrettPhos,47.71300168,32.99211120605469,29.83685874938965
reaction:501,AdBrettPhos,0,AdBrettPhos,54.76985941,32.9990234375,29.83694076538086
reaction:502,AdBrettPhos,0,AdBrettPhos,0.7376310779999999,31.85865592956543,29.835773468017578
reaction:503,AdBrettPhos,0,AdBrettPhos,74.13888356,33.93808364868164,29.835918426513672
reaction:504,AdBrettPhos,0,AdBrettPhos,71.26504827,33.87298583984375,29.83638572692871
reaction:505,AdBrettPhos,0,AdBrettPhos,64.02888238,33.720401763916016,29.83736801147461
reaction:506,AdBrettPhos,0,AdBrettPhos,74.63930208,33.979190826416016,29.836700439453125
reaction:507,AdBrettPhos,0,AdBrettPhos,76.16070518,33.99813461303711,29.83669662475586
reaction:508,AdBrettPhos,0,AdBrettPhos,5.908085833,32.128910064697266,29.836040496826172
reaction:509,AdBrettPhos,0,AdBrettPhos,52.86647451,33.03684997558594,29.83652687072754
reaction:510,AdBrettPhos,0,AdBrettPhos,56.03413013,33.232215881347656,29.8358154296875
reaction:511,AdBrettPhos,0,AdBrettPhos,12.72121896,32.46463394165039,29.836078643798828
reaction:512,AdBrettPhos,0,AdBrettPhos,41.67771463,33.26861572265625,29.835783004760742
reaction:513,AdBrettPhos,0,AdBrettPhos,43.87448476,33.44997787475586,29.83580207824707
reaction:514,AdBrettPhos,0,AdBrettPhos,0.316193405,31.913013458251953,29.837162017822266
reaction:515,AdBrettPhos,0,AdBrettPhos,40.29418927,32.97189712524414,29.83687973022461
reaction:516,AdBrettPhos,0,AdBrettPhos,45.40015878,33.238182067871094,29.836925506591797
reaction:517,AdBrettPhos,0,AdBrettPhos,0.778234105,31.91861915588379,29.83547592163086
reaction:518,AdBrettPhos,0,AdBrettPhos,65.05218409,33.8787727355957,29.8359375
reaction:519,AdBrettPhos,0,AdBrettPhos,78.61961971,34.22616195678711,29.836393356323242
reaction:520,AdBrettPhos,0,AdBrettPhos,45.30738516,33.779388427734375,29.837371826171875
reaction:521,AdBrettPhos,0,AdBrettPhos,56.65401799,34.22880172729492,29.836727142333984
reaction:522,AdBrettPhos,0,AdBrettPhos,68.60611463,34.517948150634766,29.836610794067383
reaction:523,AdBrettPhos,0,AdBrettPhos,12.48635948,32.36145782470703,29.83604621887207
reaction:524,AdBrettPhos,0,AdBrettPhos,69.81626316,33.86939239501953,29.83654022216797
reaction:525,AdBrettPhos,0,AdBrettPhos,75.30179851,34.05211639404297,29.83563232421875
reaction:526,AdBrettPhos,0,AdBrettPhos,14.49254361,32.429256439208984,29.836084365844727
reaction:527,AdBrettPhos,0,AdBrettPhos,52.13571621,33.286067962646484,29.83555793762207
reaction:528,AdBrettPhos,0,AdBrettPhos,48.86581696,33.51984786987305,29.8355712890625
reaction:529,AdBrettPhos,0,AdBrettPhos,0.364667905,31.80396842956543,29.837160110473633
reaction:530,AdBrettPhos,0,AdBrettPhos,55.18037009,33.12480163574219,29.836868286132812
reaction:531,AdBrettPhos,0,AdBrettPhos,55.01223205,33.30318069458008,29.836929321289062
reaction:532,AdBrettPhos,0,AdBrettPhos,1.087256852,31.858814239501953,29.835769653320312
reaction:533,AdBrettPhos,0,AdBrettPhos,81.22830675,34.19926834106445,29.835960388183594
reaction:534,AdBrettPhos,0,AdBrettPhos,80.71099803,34.563446044921875,29.83640480041504
reaction:535,AdBrettPhos,0,AdBrettPhos,86.20017514,34.36188507080078,29.837377548217773
reaction:536,AdBrettPhos,0,AdBrettPhos,84.17796028,34.78007888793945,29.836746215820312
reaction:537,AdBrettPhos,0,AdBrettPhos,95.67591323,35.0655632019043,29.83660125732422
reaction:538,AdBrettPhos,0,AdBrettPhos,14.50083816,32.33900833129883,29.83604621887207
reaction:539,AdBrettPhos,0,AdBrettPhos,91.52862329,34.24132537841797,29.83652687072754
reaction:540,AdBrettPhos,0,AdBrettPhos,92.65898323,34.51087188720703,29.835819244384766
reaction:541,XPhos,1,XPhos,12.6512469,37.39902114868164,33.552879333496094
reaction:542,XPhos,1,XPhos,13.83708642,37.39902114868164,33.552879333496094
reaction:543,XPhos,1,XPhos,15.0343232,37.39902114868164,33.552879333496094
reaction:544,XPhos,1,XPhos,1.856863727,37.39902114868164,33.552879333496094
reaction:545,XPhos,1,XPhos,4.344676685,37.39902114868164,33.552879333496094
reaction:546,XPhos,1,XPhos,5.971176669,37.39902114868164,33.552879333496094
reaction:547,XPhos,1,XPhos,8.323184663,37.39902114868164,33.552879333496094
reaction:548,XPhos,1,XPhos,13.24692026,37.39902114868164,33.552879333496094
reaction:549,XPhos,1,XPhos,15.01178808,37.39902114868164,33.552879333496094
reaction:550,XPhos,1,XPhos,12.98584411,37.39902114868164,33.552879333496094
reaction:551,XPhos,1,XPhos,17.08756486,37.39902114868164,33.552879333496094
reaction:552,XPhos,1,XPhos,19.42152909,37.39902114868164,33.552879333496094
reaction:553,XPhos,1,XPhos,61.68885211,37.39902114868164,33.552879333496094
reaction:554,XPhos,1,XPhos,64.52902546,37.39902114868164,33.552879333496094
reaction:555,XPhos,1,XPhos,64.66756982,37.39902114868164,33.552879333496094
reaction:556,XPhos,1,XPhos,14.26895253,37.39902114868164,33.552879333496094
reaction:557,XPhos,1,XPhos,24.93013825,37.39902114868164,33.552879333496094
reaction:558,XPhos,1,XPhos,38.55067304,37.39902114868164,33.552879333496094
reaction:559,XPhos,1,XPhos,0.0,37.39902114868164,33.552879333496094
reaction:560,XPhos,1,XPhos,1.224185961,37.39902114868164,33.552879333496094
reaction:561,XPhos,1,XPhos,2.633257106,37.39902114868164,33.552879333496094
reaction:562,XPhos,1,XPhos,1.932595354,37.39902114868164,33.552879333496094
reaction:563,XPhos,1,XPhos,8.432863834,37.39902114868164,33.552879333496094
reaction:564,XPhos,1,XPhos,11.40684881,37.39902114868164,33.552879333496094
reaction:565,XPhos,1,XPhos,16.82928554,37.39902114868164,33.552879333496094
reaction:566,XPhos,1,XPhos,35.53815083,37.39902114868164,33.552879333496094
reaction:567,XPhos,1,XPhos,41.96438983,37.39902114868164,33.552879333496094
reaction:568,XPhos,1,XPhos,2.917168593,37.39902114868164,33.552879333496094
reaction:569,XPhos,1,XPhos,7.768371677,37.39902114868164,33.552879333496094
reaction:570,XPhos,1,XPhos,14.74148388,37.39902114868164,33.552879333496094
reaction:571,XPhos,1,XPhos,21.50977994,37.39902114868164,33.552879333496094
reaction:572,XPhos,1,XPhos,20.96272395,37.39902114868164,33.552879333496094
reaction:573,XPhos,1,XPhos,26.67806508,37.39902114868164,33.552879333496094
reaction:574,XPhos,1,XPhos,0.0,37.39902114868164,33.552879333496094
reaction:575,XPhos,1,XPhos,3.941726457,37.39902114868164,33.552879333496094
reaction:576,XPhos,1,XPhos,7.774794319,37.39902114868164,33.552879333496094
reaction:577,XPhos,1,XPhos,2.331533569,37.39902114868164,33.552879333496094
reaction:578,XPhos,1,XPhos,15.28777504,37.39902114868164,33.552879333496094
reaction:579,XPhos,1,XPhos,23.43579167,37.39902114868164,33.552879333496094
reaction:580,XPhos,1,XPhos,15.69796379,37.39902114868164,33.552879333496094
reaction:581,XPhos,1,XPhos,27.33482675,37.39902114868164,33.552879333496094
reaction:582,XPhos,1,XPhos,34.44632451,37.39902114868164,33.552879333496094
reaction:583,XPhos,1,XPhos,9.061926079,37.39902114868164,33.552879333496094
reaction:584,XPhos,1,XPhos,20.11332693,37.39902114868164,33.552879333496094
reaction:585,XPhos,1,XPhos,25.93974836,37.39902114868164,33.552879333496094
reaction:586,XPhos,1,XPhos,2.968869757,37.39902114868164,33.552879333496094
reaction:587,XPhos,1,XPhos,2.391870808,37.39902114868164,33.552879333496094
reaction:588,XPhos,1,XPhos,20.86747592,37.39902114868164,33.552879333496094
reaction:589,XPhos,1,XPhos,2.064063489,37.39902114868164,33.552879333496094
reaction:590,XPhos,1,XPhos,11.1309805,37.39902114868164,33.552879333496094
reaction:591,XPhos,1,XPhos,14.36693621,37.39902114868164,33.552879333496094
reaction:592,XPhos,1,XPhos,9.085602443,37.39902114868164,33.552879333496094
reaction:593,XPhos,1,XPhos,51.71538404,37.39902114868164,33.552879333496094
reaction:594,XPhos,1,XPhos,53.23936389,37.39902114868164,33.552879333496094
reaction:595,XPhos,1,XPhos,10.59565991,37.39902114868164,33.552879333496094
reaction:596,XPhos,1,XPhos,12.24156469,37.39902114868164,33.552879333496094
reaction:597,XPhos,1,XPhos,12.7214048,37.39902114868164,33.552879333496094
reaction:598,XPhos,1,XPhos,20.53476821,37.39902114868164,33.552879333496094
reaction:599,XPhos,1,XPhos,16.03639807,37.39902114868164,33.552879333496094
reaction:600,XPhos,1,XPhos,19.29401032,37.39902114868164,33.552879333496094
reaction:601,XPhos,1,XPhos,24.42152468,37.39902114868164,33.552879333496094
reaction:602,XPhos,1,XPhos,35.72058232,37.39902114868164,33.552879333496094
reaction:603,XPhos,1,XPhos,34.68866542,37.39902114868164,33.552879333496094
reaction:604,XPhos,1,XPhos,1.299881507,37.39902114868164,33.552879333496094
reaction:605,XPhos,1,XPhos,17.26980964,37.39902114868164,33.552879333496094
reaction:606,XPhos,1,XPhos,28.37187434,37.39902114868164,33.552879333496094
reaction:607,XPhos,1,XPhos,5.370036774,37.39902114868164,33.552879333496094
reaction:608,XPhos,1,XPhos,37.71186321,37.39902114868164,33.552879333496094
reaction:609,XPhos,1,XPhos,36.02889558,37.39902114868164,33.552879333496094
reaction:610,XPhos,1,XPhos,32.92776022,37.39902114868164,33.552879333496094
reaction:611,XPhos,1,XPhos,59.55262648,37.39902114868164,33.552879333496094
reaction:612,XPhos,1,XPhos,57.6053748,37.39902114868164,33.552879333496094
reaction:613,XPhos,1,XPhos,18.46342998,37.39902114868164,33.552879333496094
reaction:614,XPhos,1,XPhos,36.80966237,37.39902114868164,33.552879333496094
reaction:615,XPhos,1,XPhos,44.33084711,37.39902114868164,33.552879333496094
reaction:616,XPhos,1,XPhos,26.52646529,37.39902114868164,33.552879333496094
reaction:617,XPhos,1,XPhos,40.07198822,37.39902114868164,33.552879333496094
reaction:618,XPhos,1,XPhos,44.04700483,37.39902114868164,33.552879333496094
reaction:619,XPhos,1,XPhos,0.844427684,37.39902114868164,33.552879333496094
reaction:620,XPhos,1,XPhos,10.60791195,37.39902114868164,33.552879333496094
reaction:621,XPhos,1,XPhos,19.44976087,37.39902114868164,33.552879333496094
reaction:622,XPhos,1,XPhos,4.67315366,37.39902114868164,33.552879333496094
reaction:623,XPhos,1,XPhos,33.71090461,37.39902114868164,33.552879333496094
reaction:624,XPhos,1,XPhos,58.95423439,37.39902114868164,33.552879333496094
reaction:625,XPhos,1,XPhos,32.36907857,37.39902114868164,33.552879333496094
reaction:626,XPhos,1,XPhos,58.30938102,37.39902114868164,33.552879333496094
reaction:627,XPhos,1,XPhos,63.62909921,37.39902114868164,33.552879333496094
reaction:628,XPhos,1,XPhos,15.1458408,37.39902114868164,33.552879333496094
reaction:629,XPhos,1,XPhos,31.9937252,37.39902114868164,33.552879333496094
reaction:630,XPhos,1,XPhos,53.36463944,37.39902114868164,33.552879333496094
reaction:631,XPhos,1,XPhos,5.928429551,37.39902114868164,33.552879333496094
reaction:632,XPhos,1,XPhos,9.302544665,37.39902114868164,33.552879333496094
reaction:633,XPhos,1,XPhos,34.88077285,37.39902114868164,33.552879333496094
reaction:634,XPhos,1,XPhos,0.47110416,37.39902114868164,33.552879333496094
reaction:635,XPhos,1,XPhos,28.77482765,37.39902114868164,33.552879333496094
reaction:636,XPhos,1,XPhos,35.21497708,37.39902114868164,33.552879333496094
reaction:637,XPhos,1,XPhos,4.111488109,37.39902114868164,33.552879333496094
reaction:638,XPhos,1,XPhos,64.27233548,37.39902114868164,33.552879333496094
reaction:639,XPhos,1,XPhos,65.69456697,37.39902114868164,33.552879333496094
reaction:640,XPhos,1,XPhos,14.11480355,37.39902114868164,33.552879333496094
reaction:641,XPhos,1,XPhos,17.56349703,37.39902114868164,33.552879333496094
reaction:642,XPhos,1,XPhos,15.1215994,37.39902114868164,33.552879333496094
reaction:643,XPhos,1,XPhos,12.74466628,37.39902114868164,33.552879333496094
reaction:644,XPhos,1,XPhos,14.21418921,37.39902114868164,33.552879333496094
reaction:645,XPhos,1,XPhos,16.84841979,37.39902114868164,33.552879333496094
reaction:646,XPhos,1,XPhos,19.58685815,37.39902114868164,33.552879333496094
reaction:647,XPhos,1,XPhos,43.74297776,37.39902114868164,33.552879333496094
reaction:648,XPhos,1,XPhos,41.13226409,37.39902114868164,33.552879333496094
reaction:649,XPhos,1,XPhos,0.43718104,37.39902114868164,33.552879333496094
reaction:650,XPhos,1,XPhos,23.41191123,37.39902114868164,33.552879333496094
reaction:651,XPhos,1,XPhos,34.22871308,37.39902114868164,33.552879333496094
reaction:652,XPhos,1,XPhos,2.005732083,37.39902114868164,33.552879333496094
reaction:653,XPhos,1,XPhos,50.97511306,37.39902114868164,33.552879333496094
reaction:654,XPhos,1,XPhos,50.54514481,37.39902114868164,33.552879333496094
reaction:655,XPhos,1,XPhos,39.19022489,37.39902114868164,33.552879333496094
reaction:656,XPhos,1,XPhos,59.13712916,37.39902114868164,33.552879333496094
reaction:657,XPhos,1,XPhos,63.46127974,37.39902114868164,33.552879333496094
reaction:658,XPhos,1,XPhos,14.56258268,37.39902114868164,33.552879333496094
reaction:659,XPhos,1,XPhos,42.70687587,37.39902114868164,33.552879333496094
reaction:660,XPhos,1,XPhos,51.1783537,37.39902114868164,33.552879333496094
reaction:661,XPhos,1,XPhos,20.79893886,37.39902114868164,33.552879333496094
reaction:662,XPhos,1,XPhos,44.03844861,37.39902114868164,33.552879333496094
reaction:663,XPhos,1,XPhos,47.42870408,37.39902114868164,33.552879333496094
reaction:664,XPhos,1,XPhos,0.389738186,37.39902114868164,33.552879333496094
reaction:665,XPhos,1,XPhos,14.82994008,37.39902114868164,33.552879333496094
reaction:666,XPhos,1,XPhos,27.38026406,37.39902114868164,33.552879333496094
reaction:667,XPhos,1,XPhos,1.922791563,37.39902114868164,33.552879333496094
reaction:668,XPhos,1,XPhos,42.32124218,37.39902114868164,33.552879333496094
reaction:669,XPhos,1,XPhos,66.26745697,37.39902114868164,33.552879333496094
reaction:670,XPhos,1,XPhos,38.26811211,37.39902114868164,33.552879333496094
reaction:671,XPhos,1,XPhos,65.27849508,37.39902114868164,33.552879333496094
reaction:672,XPhos,1,XPhos,69.51698512,37.39902114868164,33.552879333496094
reaction:673,XPhos,1,XPhos,11.65114169,37.39902114868164,33.552879333496094
reaction:674,XPhos,1,XPhos,35.81675951,37.39902114868164,33.552879333496094
reaction:675,XPhos,1,XPhos,49.09682213,37.39902114868164,33.552879333496094
reaction:676,t-BuXPhos,3,t-BuXPhos,14.56538038,30.424705505371094,29.913738250732422
reaction:677,t-BuXPhos,3,t-BuXPhos,18.74350865,30.424705505371094,29.913738250732422
reaction:678,t-BuXPhos,3,t-BuXPhos,19.60839775,30.424705505371094,29.913738250732422
reaction:679,t-BuXPhos,3,t-BuXPhos,2.060581853,30.424705505371094,29.913738250732422
reaction:680,t-BuXPhos,3,t-BuXPhos,16.39030586,30.424705505371094,29.913738250732422
reaction:681,t-BuXPhos,3,t-BuXPhos,19.65840226,30.424705505371094,29.913738250732422
reaction:682,t-BuXPhos,3,t-BuXPhos,6.853480142,30.424705505371094,29.913738250732422
reaction:683,t-BuXPhos,3,t-BuXPhos,26.75645727,30.424705505371094,29.913738250732422
reaction:684,t-BuXPhos,3,t-BuXPhos,27.04861196,30.424705505371094,29.913738250732422
reaction:685,t-BuXPhos,3,t-BuXPhos,31.29909936,30.424705505371094,29.913738250732422
reaction:686,t-BuXPhos,3,t-BuXPhos,35.2030282,30.424705505371094,29.913738250732422
reaction:687,t-BuXPhos,3,t-BuXPhos,40.08669181,30.424705505371094,29.913738250732422
reaction:688,t-BuXPhos,3,t-BuXPhos,68.76495224,30.424705505371094,29.913738250732422
reaction:689,t-BuXPhos,3,t-BuXPhos,74.00970333,30.424705505371094,29.913738250732422
reaction:690,t-BuXPhos,3,t-BuXPhos,70.58038327,30.424705505371094,29.913738250732422
reaction:691,t-BuXPhos,3,t-BuXPhos,12.56300254,30.424705505371094,29.913738250732422
reaction:692,t-BuXPhos,3,t-BuXPhos,47.02427089,30.424705505371094,29.913738250732422
reaction:693,t-BuXPhos,3,t-BuXPhos,48.56121582,30.424705505371094,29.913738250732422
reaction:694,t-BuXPhos,3,t-BuXPhos,0.529819216,30.424705505371094,29.913738250732422
reaction:695,t-BuXPhos,3,t-BuXPhos,47.2768797,30.424705505371094,29.913738250732422
reaction:696,t-BuXPhos,3,t-BuXPhos,55.19349187,30.424705505371094,29.913738250732422
reaction:697,t-BuXPhos,3,t-BuXPhos,73.2728017,30.424705505371094,29.913738250732422
reaction:698,t-BuXPhos,3,t-BuXPhos,77.78682066,30.424705505371094,29.913738250732422
reaction:699,t-BuXPhos,3,t-BuXPhos,69.39495874,30.424705505371094,29.913738250732422
reaction:700,t-BuXPhos,3,t-BuXPhos,84.60201966,30.424705505371094,29.913738250732422
reaction:701,t-BuXPhos,3,t-BuXPhos,85.14015258,30.424705505371094,29.913738250732422
reaction:702,t-BuXPhos,3,t-BuXPhos,12.48383732,30.424705505371094,29.913738250732422
reaction:703,t-BuXPhos,3,t-BuXPhos,78.00495066,30.424705505371094,29.913738250732422
reaction:704,t-BuXPhos,3,t-BuXPhos,83.73721982,30.424705505371094,29.913738250732422
reaction:705,t-BuXPhos,3,t-BuXPhos,26.05284451,30.424705505371094,29.913738250732422
reaction:706,t-BuXPhos,3,t-BuXPhos,53.83922891,30.424705505371094,29.913738250732422
reaction:707,t-BuXPhos,3,t-BuXPhos,52.3137348,30.424705505371094,29.913738250732422
reaction:708,t-BuXPhos,3,t-BuXPhos,3.500057239,30.424705505371094,29.913738250732422
reaction:709,t-BuXPhos,3,t-BuXPhos,49.39865649,30.424705505371094,29.913738250732422
reaction:710,t-BuXPhos,3,t-BuXPhos,56.13504943,30.424705505371094,29.913738250732422
reaction:711,t-BuXPhos,3,t-BuXPhos,16.2490011,30.424705505371094,29.913738250732422
reaction:712,t-BuXPhos,3,t-BuXPhos,79.87241595,30.424705505371094,29.913738250732422
reaction:713,t-BuXPhos,3,t-BuXPhos,81.15116736,30.424705505371094,29.913738250732422
reaction:714,t-BuXPhos,3,t-BuXPhos,88.44637346,30.424705505371094,29.913738250732422
reaction:715,t-BuXPhos,3,t-BuXPhos,93.09950718,30.424705505371094,29.913738250732422
reaction:716,t-BuXPhos,3,t-BuXPhos,99.99999,30.424705505371094,29.913738250732422
reaction:717,t-BuXPhos,3,t-BuXPhos,36.89391539,30.424705505371094,29.913738250732422
reaction:718,t-BuXPhos,3,t-BuXPhos,94.34623373,30.424705505371094,29.913738250732422
reaction:719,t-BuXPhos,3,t-BuXPhos,93.02887198,30.424705505371094,29.913738250732422
reaction:720,t-BuXPhos,3,t-BuXPhos,34.28672739,30.424705505371094,29.913738250732422
reaction:721,t-BuXPhos,3,t-BuXPhos,51.07128287,30.424705505371094,29.913738250732422
reaction:722,t-BuXPhos,3,t-BuXPhos,44.71241275,30.424705505371094,29.913738250732422
reaction:723,t-BuXPhos,3,t-BuXPhos,1.112505085,30.424705505371094,29.913738250732422
reaction:724,t-BuXPhos,3,t-BuXPhos,50.90618574,30.424705505371094,29.913738250732422
reaction:725,t-BuXPhos,3,t-BuXPhos,54.23706048,30.424705505371094,29.913738250732422
reaction:726,t-BuXPhos,3,t-BuXPhos,4.695061055,30.424705505371094,29.913738250732422
reaction:727,t-BuXPhos,3,t-BuXPhos,83.3036144,30.424705505371094,29.913738250732422
reaction:728,t-BuXPhos,3,t-BuXPhos,70.00785114,30.424705505371094,29.913738250732422
reaction:729,t-BuXPhos,3,t-BuXPhos,52.85443039,30.424705505371094,29.913738250732422
reaction:730,t-BuXPhos,3,t-BuXPhos,72.15476775,30.424705505371094,29.913738250732422
reaction:731,t-BuXPhos,3,t-BuXPhos,73.13874552,30.424705505371094,29.913738250732422
reaction:732,t-BuXPhos,3,t-BuXPhos,18.412337,30.424705505371094,29.913738250732422
reaction:733,t-BuXPhos,3,t-BuXPhos,1.57607478,30.424705505371094,29.913738250732422
reaction:734,t-BuXPhos,3,t-BuXPhos,1.834161249,30.424705505371094,29.913738250732422
reaction:735,t-BuXPhos,3,t-BuXPhos,39.94694428,30.424705505371094,29.913738250732422
reaction:736,t-BuXPhos,3,t-BuXPhos,54.22375463,30.424705505371094,29.913738250732422
reaction:737,t-BuXPhos,3,t-BuXPhos,50.12467654,30.424705505371094,29.913738250732422
reaction:738,t-BuXPhos,3,t-BuXPhos,1.102452884,30.424705505371094,29.913738250732422
reaction:739,t-BuXPhos,3,t-BuXPhos,45.39654665,30.424705505371094,29.913738250732422
reaction:740,t-BuXPhos,3,t-BuXPhos,51.57354724,30.424705505371094,29.913738250732422
reaction:741,t-BuXPhos,3,t-BuXPhos,77.85802389,30.424705505371094,29.913738250732422
reaction:742,t-BuXPhos,3,t-BuXPhos,80.13587028,30.424705505371094,29.913738250732422
reaction:743,t-BuXPhos,3,t-BuXPhos,80.58863006,30.424705505371094,29.913738250732422
reaction:744,t-BuXPhos,3,t-BuXPhos,86.25411640000002,30.424705505371094,29.913738250732422
reaction:745,t-BuXPhos,3,t-BuXPhos,91.93340238,30.424705505371094,29.913738250732422
reaction:746,t-BuXPhos,3,t-BuXPhos,49.30997149,30.424705505371094,29.913738250732422
reaction:747,t-BuXPhos,3,t-BuXPhos,86.10507439,30.424705505371094,29.913738250732422
reaction:748,t-BuXPhos,3,t-BuXPhos,88.16754027,30.424705505371094,29.913738250732422
reaction:749,t-BuXPhos,3,t-BuXPhos,45.04099086,30.424705505371094,29.913738250732422
reaction:750,t-BuXPhos,3,t-BuXPhos,52.01896484,30.424705505371094,29.913738250732422
reaction:751,t-BuXPhos,3,t-BuXPhos,50.27132659,30.424705505371094,29.913738250732422
reaction:752,t-BuXPhos,3,t-BuXPhos,1.402918235,30.424705505371094,29.913738250732422
reaction:753,t-BuXPhos,3,t-BuXPhos,50.57898439,30.424705505371094,29.913738250732422
reaction:754,t-BuXPhos,3,t-BuXPhos,51.23480839,30.424705505371094,29.913738250732422
reaction:755,t-BuXPhos,3,t-BuXPhos,6.591475121,30.424705505371094,29.913738250732422
reaction:756,t-BuXPhos,3,t-BuXPhos,83.09647392,30.424705505371094,29.913738250732422
reaction:757,t-BuXPhos,3,t-BuXPhos,79.26160687,30.424705505371094,29.913738250732422
reaction:758,t-BuXPhos,3,t-BuXPhos,86.19439925,30.424705505371094,29.913738250732422
reaction:759,t-BuXPhos,3,t-BuXPhos,91.26694463,30.424705505371094,29.913738250732422
reaction:760,t-BuXPhos,3,t-BuXPhos,95.38648822,30.424705505371094,29.913738250732422
reaction:761,t-BuXPhos,3,t-BuXPhos,63.26443611,30.424705505371094,29.913738250732422
reaction:762,t-BuXPhos,3,t-BuXPhos,94.87994774,30.424705505371094,29.913738250732422
reaction:763,t-BuXPhos,3,t-BuXPhos,93.42111456,30.424705505371094,29.913738250732422
reaction:764,t-BuXPhos,3,t-BuXPhos,31.76101887,30.424705505371094,29.913738250732422
reaction:765,t-BuXPhos,3,t-BuXPhos,47.94242943,30.424705505371094,29.913738250732422
reaction:766,t-BuXPhos,3,t-BuXPhos,42.81292825,30.424705505371094,29.913738250732422
reaction:767,t-BuXPhos,3,t-BuXPhos,0.39886034,30.424705505371094,29.913738250732422
reaction:768,t-BuXPhos,3,t-BuXPhos,45.57576479,30.424705505371094,29.913738250732422
reaction:769,t-BuXPhos,3,t-BuXPhos,49.32093179,30.424705505371094,29.913738250732422
reaction:770,t-BuXPhos,3,t-BuXPhos,3.622466468,30.424705505371094,29.913738250732422
reaction:771,t-BuXPhos,3,t-BuXPhos,75.31115449,30.424705505371094,29.913738250732422
reaction:772,t-BuXPhos,3,t-BuXPhos,67.19184926,30.424705505371094,29.913738250732422
reaction:773,t-BuXPhos,3,t-BuXPhos,54.63079808,30.424705505371094,29.913738250732422
reaction:774,t-BuXPhos,3,t-BuXPhos,63.14714159,30.424705505371094,29.913738250732422
reaction:775,t-BuXPhos,3,t-BuXPhos,63.83709974,30.424705505371094,29.913738250732422
reaction:776,t-BuXPhos,3,t-BuXPhos,20.39347896,30.424705505371094,29.913738250732422
reaction:777,t-BuXPhos,3,t-BuXPhos,0.0,30.424705505371094,29.913738250732422
reaction:778,t-BuXPhos,3,t-BuXPhos,0.0,30.424705505371094,29.913738250732422
reaction:779,t-BuXPhos,3,t-BuXPhos,34.30918762,30.424705505371094,29.913738250732422
reaction:780,t-BuXPhos,3,t-BuXPhos,52.55061961,30.424705505371094,29.913738250732422
reaction:781,t-BuXPhos,3,t-BuXPhos,52.37811419,30.424705505371094,29.913738250732422
reaction:782,t-BuXPhos,3,t-BuXPhos,0.695297498,30.424705505371094,29.913738250732422
reaction:783,t-BuXPhos,3,t-BuXPhos,43.182647,30.424705505371094,29.913738250732422
reaction:784,t-BuXPhos,3,t-BuXPhos,52.5635645,30.424705505371094,29.913738250732422
reaction:785,t-BuXPhos,3,t-BuXPhos,3.012114112,30.424705505371094,29.913738250732422
reaction:786,t-BuXPhos,3,t-BuXPhos,80.58281911,30.424705505371094,29.913738250732422
reaction:787,t-BuXPhos,3,t-BuXPhos,81.02094948,30.424705505371094,29.913738250732422
reaction:788,t-BuXPhos,3,t-BuXPhos,76.63515592,30.424705505371094,29.913738250732422
reaction:789,t-BuXPhos,3,t-BuXPhos,88.44485055,30.424705505371094,29.913738250732422
reaction:790,t-BuXPhos,3,t-BuXPhos,90.22793001,30.424705505371094,29.913738250732422
reaction:791,t-BuXPhos,3,t-BuXPhos,30.758172,30.424705505371094,29.913738250732422
reaction:792,t-BuXPhos,3,t-BuXPhos,85.68357471,30.424705505371094,29.913738250732422
reaction:793,t-BuXPhos,3,t-BuXPhos,86.971127,30.424705505371094,29.913738250732422
reaction:794,t-BuXPhos,3,t-BuXPhos,34.96627405,30.424705505371094,29.913738250732422
reaction:795,t-BuXPhos,3,t-BuXPhos,0.97555089,30.424705505371094,29.913738250732422
reaction:796,t-BuXPhos,3,t-BuXPhos,44.07099157,30.424705505371094,29.913738250732422
reaction:797,t-BuXPhos,3,t-BuXPhos,48.93807733,30.424705505371094,29.913738250732422
reaction:798,t-BuXPhos,3,t-BuXPhos,3.893641215,30.424705505371094,29.913738250732422
reaction:799,t-BuXPhos,3,t-BuXPhos,79.05542624,30.424705505371094,29.913738250732422
reaction:800,t-BuXPhos,3,t-BuXPhos,79.63886176,30.424705505371094,29.913738250732422
reaction:801,t-BuXPhos,3,t-BuXPhos,86.00345438,30.424705505371094,29.913738250732422
reaction:802,t-BuXPhos,3,t-BuXPhos,92.13719474,30.424705505371094,29.913738250732422
reaction:803,t-BuXPhos,3,t-BuXPhos,91.51096876,30.424705505371094,29.913738250732422
reaction:804,t-BuXPhos,3,t-BuXPhos,30.83522639,30.424705505371094,29.913738250732422
reaction:805,t-BuXPhos,3,t-BuXPhos,92.72370704,30.424705505371094,29.913738250732422
reaction:806,t-BuXPhos,3,t-BuXPhos,92.25602815,30.424705505371094,29.913738250732422
reaction:807,t-BuBrettPhos,2,t-BuBrettPhos,9.322132163,15.15462875366211,25.25119972229004
reaction:808,t-BuBrettPhos,2,t-BuBrettPhos,13.23389373,20.890806198120117,24.991819381713867
reaction:809,t-BuBrettPhos,2,t-BuBrettPhos,12.65611523,24.46597671508789,24.98338508605957
reaction:810,t-BuBrettPhos,2,t-BuBrettPhos,0.862512473,8.479646682739258,25.506288528442383
reaction:811,t-BuBrettPhos,2,t-BuBrettPhos,11.12595571,23.34701919555664,25.17879867553711
reaction:812,t-BuBrettPhos,2,t-BuBrettPhos,11.33541199,29.165132522583008,25.537261962890625
reaction:813,t-BuBrettPhos,2,t-BuBrettPhos,3.848767902,12.16853141784668,24.893091201782227
reaction:814,t-BuBrettPhos,2,t-BuBrettPhos,26.55673667,33.153831481933594,25.050195693969727
reaction:815,t-BuBrettPhos,2,t-BuBrettPhos,25.42117806,37.72383499145508,25.39350700378418
reaction:816,t-BuBrettPhos,2,t-BuBrettPhos,23.70056273,31.662822723388672,25.32721710205078
reaction:817,t-BuBrettPhos,2,t-BuBrettPhos,25.95507424,34.234649658203125,25.124238967895508
reaction:818,t-BuBrettPhos,2,t-BuBrettPhos,35.80276164,40.558982849121094,25.040098190307617
reaction:819,t-BuBrettPhos,2,t-BuBrettPhos,66.85191048,33.57553482055664,25.13344955444336
reaction:820,t-BuBrettPhos,2,t-BuBrettPhos,70.56509529,43.685523986816406,25.162334442138672
reaction:821,t-BuBrettPhos,2,t-BuBrettPhos,66.6354412,47.156471252441406,25.13898468017578
reaction:822,t-BuBrettPhos,2,t-BuBrettPhos,3.468901589,16.793872833251953,25.15462875366211
reaction:823,t-BuBrettPhos,2,t-BuBrettPhos,31.17955703,29.542325973510742,24.908693313598633
reaction:824,t-BuBrettPhos,2,t-BuBrettPhos,44.26289513,34.900360107421875,24.90041732788086
reaction:825,t-BuBrettPhos,2,t-BuBrettPhos,0.0,10.383695602416992,25.41594123840332
reaction:826,t-BuBrettPhos,2,t-BuBrettPhos,11.31352123,25.4154109954834,25.0821590423584
reaction:827,t-BuBrettPhos,2,t-BuBrettPhos,33.79435982,36.899349212646484,25.440567016601562
reaction:828,t-BuBrettPhos,2,t-BuBrettPhos,0.0,12.87457275390625,24.75067901611328
reaction:829,t-BuBrettPhos,2,t-BuBrettPhos,36.54381967,36.39079284667969,24.994857788085938
reaction:830,t-BuBrettPhos,2,t-BuBrettPhos,78.50560016,50.774742126464844,25.335060119628906
reaction:831,t-BuBrettPhos,2,t-BuBrettPhos,32.19059222,30.901248931884766,25.26807975769043
reaction:832,t-BuBrettPhos,2,t-BuBrettPhos,55.46040564,36.105262756347656,25.01860809326172
reaction:833,t-BuBrettPhos,2,t-BuBrettPhos,81.63511603,46.88555908203125,24.960723876953125
reaction:834,t-BuBrettPhos,2,t-BuBrettPhos,4.546243303,24.581972122192383,25.025569915771484
reaction:835,t-BuBrettPhos,2,t-BuBrettPhos,60.54913452,51.614559173583984,25.072593688964844
reaction:836,t-BuBrettPhos,2,t-BuBrettPhos,71.15077458,56.712181091308594,25.083999633789062
reaction:837,t-BuBrettPhos,2,t-BuBrettPhos,22.42347536,22.658187866210938,25.233293533325195
reaction:838,t-BuBrettPhos,2,t-BuBrettPhos,41.46468331,35.852203369140625,24.897319793701172
reaction:839,t-BuBrettPhos,2,t-BuBrettPhos,54.24578847,42.73511505126953,24.897502899169922
reaction:840,t-BuBrettPhos,2,t-BuBrettPhos,1.581660756,12.104228973388672,25.488834381103516
reaction:841,t-BuBrettPhos,2,t-BuBrettPhos,20.76458994,33.5573616027832,25.163423538208008
reaction:842,t-BuBrettPhos,2,t-BuBrettPhos,36.05750203,43.52322769165039,25.534591674804688
reaction:843,t-BuBrettPhos,2,t-BuBrettPhos,7.805738503,15.334144592285156,24.892013549804688
reaction:844,t-BuBrettPhos,2,t-BuBrettPhos,52.90774845,48.34490966796875,25.048986434936523
reaction:845,t-BuBrettPhos,2,t-BuBrettPhos,83.29437838,60.505104064941406,25.393796920776367
reaction:846,t-BuBrettPhos,2,t-BuBrettPhos,50.80872036,50.484336853027344,25.32242202758789
reaction:847,t-BuBrettPhos,2,t-BuBrettPhos,71.49385038,56.82464599609375,25.101181030273438
reaction:848,t-BuBrettPhos,2,t-BuBrettPhos,99.99999,68.93894958496094,25.03492546081543
reaction:849,t-BuBrettPhos,2,t-BuBrettPhos,29.94942755,31.873376846313477,25.115095138549805
reaction:850,t-BuBrettPhos,2,t-BuBrettPhos,80.02767877,65.25984954833984,25.15994644165039
reaction:851,t-BuBrettPhos,2,t-BuBrettPhos,88.40427326,71.84735870361328,25.15287971496582
reaction:852,t-BuBrettPhos,2,t-BuBrettPhos,7.021683633,22.33770751953125,25.253265380859375
reaction:853,t-BuBrettPhos,2,t-BuBrettPhos,32.41068171,34.59750747680664,24.99514389038086
reaction:854,t-BuBrettPhos,2,t-BuBrettPhos,34.60429695,35.719295501708984,24.992067337036133
reaction:855,t-BuBrettPhos,2,t-BuBrettPhos,0.51807887,10.351516723632812,25.508560180664062
reaction:856,t-BuBrettPhos,2,t-BuBrettPhos,38.44240466,40.05208969116211,25.18501091003418
reaction:857,t-BuBrettPhos,2,t-BuBrettPhos,50.89816476,41.11495590209961,25.530534744262695
reaction:858,t-BuBrettPhos,2,t-BuBrettPhos,5.429390182,13.233650207519531,24.884984970092773
reaction:859,t-BuBrettPhos,2,t-BuBrettPhos,70.22907456,58.16337585449219,25.057172775268555
reaction:860,t-BuBrettPhos,2,t-BuBrettPhos,73.4448659,55.43995666503906,25.411075592041016
reaction:861,t-BuBrettPhos,2,t-BuBrettPhos,68.99091328,52.969810485839844,25.343978881835938
reaction:862,t-BuBrettPhos,2,t-BuBrettPhos,87.93113193,57.39702606201172,25.12726402282715
reaction:863,t-BuBrettPhos,2,t-BuBrettPhos,89.46707858,59.13099670410156,25.05009651184082
reaction:864,t-BuBrettPhos,2,t-BuBrettPhos,6.160292213,26.51789665222168,25.137069702148438
reaction:865,t-BuBrettPhos,2,t-BuBrettPhos,4.80921591,32.53047561645508,25.169761657714844
reaction:866,t-BuBrettPhos,2,t-BuBrettPhos,4.592618792,34.581138610839844,25.147544860839844
reaction:867,t-BuBrettPhos,2,t-BuBrettPhos,25.85124884,30.140995025634766,25.1762638092041
reaction:868,t-BuBrettPhos,2,t-BuBrettPhos,48.4805474,45.736976623535156,24.91700553894043
reaction:869,t-BuBrettPhos,2,t-BuBrettPhos,47.29404915,46.440895080566406,24.91377830505371
reaction:870,t-BuBrettPhos,2,t-BuBrettPhos,0.682447226,15.628069877624512,25.43412208557129
reaction:871,t-BuBrettPhos,2,t-BuBrettPhos,40.82349272,43.100711822509766,25.09305191040039
reaction:872,t-BuBrettPhos,2,t-BuBrettPhos,45.50089871,47.73600387573242,25.470592498779297
reaction:873,t-BuBrettPhos,2,t-BuBrettPhos,2.461539411,17.577518463134766,24.751062393188477
reaction:874,t-BuBrettPhos,2,t-BuBrettPhos,73.58359974,60.899444580078125,25.005979537963867
reaction:875,t-BuBrettPhos,2,t-BuBrettPhos,79.18190676,65.94923400878906,25.32575035095215
reaction:876,t-BuBrettPhos,2,t-BuBrettPhos,78.17281005,54.37238311767578,25.258243560791016
reaction:877,t-BuBrettPhos,2,t-BuBrettPhos,84.44355873,60.333168029785156,25.03334617614746
reaction:878,t-BuBrettPhos,2,t-BuBrettPhos,91.20970452,64.09009552001953,24.96847915649414
reaction:879,t-BuBrettPhos,2,t-BuBrettPhos,40.48243437,33.580257415771484,25.04166030883789
reaction:880,t-BuBrettPhos,2,t-BuBrettPhos,78.37132703,57.97728729248047,25.079822540283203
reaction:881,t-BuBrettPhos,2,t-BuBrettPhos,23.89038147,30.31304359436035,25.23602867126465
reaction:882,t-BuBrettPhos,2,t-BuBrettPhos,46.79588748,47.195457458496094,24.901350021362305
reaction:883,t-BuBrettPhos,2,t-BuBrettPhos,46.14092963,50.12139129638672,24.907081604003906
reaction:884,t-BuBrettPhos,2,t-BuBrettPhos,0.81239337,13.092130661010742,25.49197006225586
reaction:885,t-BuBrettPhos,2,t-BuBrettPhos,34.83452753,46.75852966308594,25.171031951904297
reaction:886,t-BuBrettPhos,2,t-BuBrettPhos,44.26066466,49.761634826660156,25.529705047607422
reaction:887,t-BuBrettPhos,2,t-BuBrettPhos,9.034825048,15.106206893920898,24.885168075561523
reaction:888,t-BuBrettPhos,2,t-BuBrettPhos,74.23566846,67.2676010131836,25.055927276611328
reaction:889,t-BuBrettPhos,2,t-BuBrettPhos,78.10978605,71.532958984375,25.41114044189453
reaction:890,t-BuBrettPhos,2,t-BuBrettPhos,86.12188158,69.44645690917969,25.34000015258789
reaction:891,t-BuBrettPhos,2,t-BuBrettPhos,87.95919128,75.6424789428711,25.104997634887695
reaction:892,t-BuBrettPhos,2,t-BuBrettPhos,92.35381549,81.36294555664062,25.045806884765625
reaction:893,t-BuBrettPhos,2,t-BuBrettPhos,42.37662469,34.70200729370117,25.12018585205078
reaction:894,t-BuBrettPhos,2,t-BuBrettPhos,89.5866498,66.07935333251953,25.16793441772461
reaction:895,t-BuBrettPhos,2,t-BuBrettPhos,88.35188783,69.46017456054688,25.162446975708008
reaction:896,t-BuBrettPhos,2,t-BuBrettPhos,1.039364305,17.910289764404297,25.215063095092773
reaction:897,t-BuBrettPhos,2,t-BuBrettPhos,23.78240992,28.828716278076172,24.9334774017334
reaction:898,t-BuBrettPhos,2,t-BuBrettPhos,28.58196621,35.04012680053711,24.894987106323242
reaction:899,t-BuBrettPhos,2,t-BuBrettPhos,0.0,9.646759033203125,25.4715576171875
reaction:900,t-BuBrettPhos,2,t-BuBrettPhos,44.72607544,38.89248275756836,25.14927101135254
reaction:901,t-BuBrettPhos,2,t-BuBrettPhos,37.40734019,41.92841720581055,25.491193771362305
reaction:902,t-BuBrettPhos,2,t-BuBrettPhos,7.259312325,11.308881759643555,24.956771850585938
reaction:903,t-BuBrettPhos,2,t-BuBrettPhos,68.29340203,57.72512435913086,25.02161979675293
reaction:904,t-BuBrettPhos,2,t-BuBrettPhos,71.5462211,56.65235137939453,25.38039779663086
reaction:905,t-BuBrettPhos,2,t-BuBrettPhos,69.08248124,51.19685363769531,25.310543060302734
reaction:906,t-BuBrettPhos,2,t-BuBrettPhos,88.30829539,56.932159423828125,25.090635299682617
reaction:907,t-BuBrettPhos,2,t-BuBrettPhos,92.90401218,59.367027282714844,25.014312744140625
reaction:908,t-BuBrettPhos,2,t-BuBrettPhos,1.691952122,18.451419830322266,25.098201751708984
reaction:909,t-BuBrettPhos,2,t-BuBrettPhos,0.955483806,31.53435707092285,25.13481903076172
reaction:910,t-BuBrettPhos,2,t-BuBrettPhos,0.597977578,34.41566467285156,25.108604431152344
reaction:911,t-BuBrettPhos,2,t-BuBrettPhos,13.50296194,23.956432342529297,25.211162567138672
reaction:912,t-BuBrettPhos,2,t-BuBrettPhos,48.49744103,41.947113037109375,24.93125343322754
reaction:913,t-BuBrettPhos,2,t-BuBrettPhos,50.86308576,46.45292282104492,24.894390106201172
reaction:914,t-BuBrettPhos,2,t-BuBrettPhos,0.0,14.62740707397461,25.470495223999023
reaction:915,t-BuBrettPhos,2,t-BuBrettPhos,47.57684436,41.278228759765625,25.134382247924805
reaction:916,t-BuBrettPhos,2,t-BuBrettPhos,54.42113597,48.07423400878906,25.499710083007812
reaction:917,t-BuBrettPhos,2,t-BuBrettPhos,0.0,14.848512649536133,24.885515213012695
reaction:918,t-BuBrettPhos,2,t-BuBrettPhos,77.66498135,60.381324768066406,25.04734230041504
reaction:919,t-BuBrettPhos,2,t-BuBrettPhos,81.47790375,67.13246154785156,25.37938117980957
reaction:920,t-BuBrettPhos,2,t-BuBrettPhos,63.40623793,49.50629425048828,25.30905532836914
reaction:921,t-BuBrettPhos,2,t-BuBrettPhos,77.4707991,58.712806701660156,25.07232666015625
reaction:922,t-BuBrettPhos,2,t-BuBrettPhos,90.37135809,64.78443908691406,25.01181411743164
reaction:923,t-BuBrettPhos,2,t-BuBrettPhos,13.89042777,22.807886123657227,25.078214645385742
reaction:924,t-BuBrettPhos,2,t-BuBrettPhos,81.62368897,56.998600006103516,25.12344741821289
reaction:925,t-BuBrettPhos,2,t-BuBrettPhos,83.33821324,60.389617919921875,25.13897705078125
reaction:926,t-BuBrettPhos,2,t-BuBrettPhos,18.21528105,23.23859405517578,25.138992309570312
reaction:927,t-BuBrettPhos,2,t-BuBrettPhos,49.51819322,42.459781646728516,24.774259567260742
reaction:928,t-BuBrettPhos,2,t-BuBrettPhos,47.67937659,49.12584686279297,24.758302688598633
reaction:929,t-BuBrettPhos,2,t-BuBrettPhos,0.354218547,11.365095138549805,25.39516830444336
reaction:930,t-BuBrettPhos,2,t-BuBrettPhos,48.43208177,43.871150970458984,25.06702995300293
reaction:931,t-BuBrettPhos,2,t-BuBrettPhos,43.57558027,49.38032913208008,25.441791534423828
reaction:932,t-BuBrettPhos,2,t-BuBrettPhos,4.2283815680000005,12.1292724609375,24.88762092590332
reaction:933,t-BuBrettPhos,2,t-BuBrettPhos,79.45834404,65.7868423461914,24.952186584472656
reaction:934,t-BuBrettPhos,2,t-BuBrettPhos,79.06108402,71.39250946044922,25.29709815979004
reaction:935,t-BuBrettPhos,2,t-BuBrettPhos,87.76406197,65.3067855834961,25.221609115600586
reaction:936,t-BuBrettPhos,2,t-BuBrettPhos,93.03255731,73.71739959716797,25.00507354736328
reaction:937,t-BuBrettPhos,2,t-BuBrettPhos,98.84920594,80.70470428466797,24.93810272216797
reaction:938,t-BuBrettPhos,2,t-BuBrettPhos,14.59032311,21.940982818603516,25.017547607421875
reaction:939,t-BuBrettPhos,2,t-BuBrettPhos,93.74857618,63.294227600097656,25.06352424621582
reaction:940,t-BuBrettPhos,2,t-BuBrettPhos,93.10117477,68.53145599365234,25.05831527709961
reaction:941,AdBrettPhos,0,AdBrettPhos,9.062775444,31.964801788330078,29.834022521972656
reaction:942,AdBrettPhos,0,AdBrettPhos,13.5242012,32.2604866027832,29.833717346191406
reaction:943,AdBrettPhos,0,AdBrettPhos,13.8481868,32.520633697509766,29.833721160888672
reaction:944,AdBrettPhos,0,AdBrettPhos,1.858564029,31.684240341186523,29.835044860839844
reaction:945,AdBrettPhos,0,AdBrettPhos,13.88581248,32.157955169677734,29.834781646728516
reaction:946,AdBrettPhos,0,AdBrettPhos,16.72117045,32.32274627685547,29.834871292114258
reaction:947,AdBrettPhos,0,AdBrettPhos,6.264897465,31.856613159179688,29.83349609375
reaction:948,AdBrettPhos,0,AdBrettPhos,23.31600153,32.821807861328125,29.83383560180664
reaction:949,AdBrettPhos,0,AdBrettPhos,26.3918508,33.13591003417969,29.834306716918945
reaction:950,AdBrettPhos,0,AdBrettPhos,19.27582448,32.699790954589844,29.835302352905273
reaction:951,AdBrettPhos,0,AdBrettPhos,20.15990301,32.983299255371094,29.83462142944336
reaction:952,AdBrettPhos,0,AdBrettPhos,27.24737039,33.396331787109375,29.834638595581055
reaction:953,AdBrettPhos,0,AdBrettPhos,68.47251074,32.848636627197266,29.833951950073242
reaction:954,AdBrettPhos,0,AdBrettPhos,71.41375314,33.314579010009766,29.83443832397461
reaction:955,AdBrettPhos,0,AdBrettPhos,68.57486471,33.48499298095703,29.83373260498047
reaction:956,AdBrettPhos,0,AdBrettPhos,3.309805744,31.99959373474121,29.833688735961914
reaction:957,AdBrettPhos,0,AdBrettPhos,19.84794125,32.6883430480957,29.833402633666992
reaction:958,AdBrettPhos,0,AdBrettPhos,35.66483427,33.01335144042969,29.833415985107422
reaction:959,AdBrettPhos,0,AdBrettPhos,0.0,31.68438148498535,29.83478546142578
reaction:960,AdBrettPhos,0,AdBrettPhos,15.1448727,32.00525665283203,29.834503173828125
reaction:961,AdBrettPhos,0,AdBrettPhos,47.46105675,32.544551849365234,29.834558486938477
reaction:962,AdBrettPhos,0,AdBrettPhos,0.620480408,31.718767166137695,29.832889556884766
reaction:963,AdBrettPhos,0,AdBrettPhos,27.30055458,32.706390380859375,29.83355712890625
reaction:964,AdBrettPhos,0,AdBrettPhos,67.48065191,33.61326599121094,29.834009170532227
reaction:965,AdBrettPhos,0,AdBrettPhos,17.316822600000002,32.60519790649414,29.835002899169922
reaction:966,AdBrettPhos,0,AdBrettPhos,16.25514799,33.21967315673828,29.83434295654297
reaction:967,AdBrettPhos,0,AdBrettPhos,50.42857568,33.936119079589844,29.834245681762695
reaction:968,AdBrettPhos,0,AdBrettPhos,4.713893798,32.326148986816406,29.833656311035156
reaction:969,AdBrettPhos,0,AdBrettPhos,45.27091516,33.61423110961914,29.83415412902832
reaction:970,AdBrettPhos,0,AdBrettPhos,58.943816000000005,33.83500289916992,29.83323860168457
reaction:971,AdBrettPhos,0,AdBrettPhos,20.59737033,32.24845886230469,29.833995819091797
reaction:972,AdBrettPhos,0,AdBrettPhos,33.22033214,32.88683319091797,29.833477020263672
reaction:973,AdBrettPhos,0,AdBrettPhos,48.38997285,33.26285934448242,29.83348274230957
reaction:974,AdBrettPhos,0,AdBrettPhos,2.0185504880000003,31.734067916870117,29.835081100463867
reaction:975,AdBrettPhos,0,AdBrettPhos,28.52881836,32.33028030395508,29.83479118347168
reaction:976,AdBrettPhos,0,AdBrettPhos,49.32388819,32.748409271240234,29.83485984802246
reaction:977,AdBrettPhos,0,AdBrettPhos,7.120028255,31.858922958374023,29.83349609375
reaction:978,AdBrettPhos,0,AdBrettPhos,49.40490981,33.21535873413086,29.833881378173828
reaction:979,AdBrettPhos,0,AdBrettPhos,74.16554821,34.059974670410156,29.834320068359375
reaction:980,AdBrettPhos,0,AdBrettPhos,44.47903411,33.3491325378418,29.835304260253906
reaction:981,AdBrettPhos,0,AdBrettPhos,59.28097568,33.92372131347656,29.834667205810547
reaction:982,AdBrettPhos,0,AdBrettPhos,81.51017538,34.629493713378906,29.834535598754883
reaction:983,AdBrettPhos,0,AdBrettPhos,28.30443344,32.6106071472168,29.83395767211914
reaction:984,AdBrettPhos,0,AdBrettPhos,68.89095082,34.183189392089844,29.83443832397461
reaction:985,AdBrettPhos,0,AdBrettPhos,84.40270662,34.48815155029297,29.833736419677734
reaction:986,AdBrettPhos,0,AdBrettPhos,5.298717423,32.03733444213867,29.83403205871582
reaction:987,AdBrettPhos,0,AdBrettPhos,41.59326244,32.61345672607422,29.833723068237305
reaction:988,AdBrettPhos,0,AdBrettPhos,44.78270058,32.788490295410156,29.833730697631836
reaction:989,AdBrettPhos,0,AdBrettPhos,1.262424529,31.694610595703125,29.835054397583008
reaction:990,AdBrettPhos,0,AdBrettPhos,53.17975334,32.78435516357422,29.83479118347168
reaction:991,AdBrettPhos,0,AdBrettPhos,54.63240731,32.9859733581543,29.83487892150879
reaction:992,AdBrettPhos,0,AdBrettPhos,4.246823607,31.919891357421875,29.8333797454834
reaction:993,AdBrettPhos,0,AdBrettPhos,82.46360414,33.8725471496582,29.833845138549805
reaction:994,AdBrettPhos,0,AdBrettPhos,79.07623711,33.899986267089844,29.834314346313477
reaction:995,AdBrettPhos,0,AdBrettPhos,74.61155282,33.71961212158203,29.835308074951172
reaction:996,AdBrettPhos,0,AdBrettPhos,83.37705512,34.01782989501953,29.83462905883789
reaction:997,AdBrettPhos,0,AdBrettPhos,91.37329051,34.06199264526367,29.834640502929688
reaction:998,AdBrettPhos,0,AdBrettPhos,9.147761663,32.28980255126953,29.83396339416504
reaction:999,AdBrettPhos,0,AdBrettPhos,1.707595349,32.623138427734375,29.834447860717773
reaction:1000,AdBrettPhos,0,AdBrettPhos,2.733728741,32.68617630004883,29.833398818969727
reaction:1001,AdBrettPhos,0,AdBrettPhos,25.8434488,32.553226470947266,29.83368492126465
reaction:1002,AdBrettPhos,0,AdBrettPhos,48.06786456,33.36071014404297,29.833402633666992
reaction:1003,AdBrettPhos,0,AdBrettPhos,48.00212967,33.44038772583008,29.83342170715332
reaction:1004,AdBrettPhos,0,AdBrettPhos,0.85894734,32.00239181518555,29.83478546142578
reaction:1005,AdBrettPhos,0,AdBrettPhos,46.19696168,32.93782424926758,29.834503173828125
reaction:1006,AdBrettPhos,0,AdBrettPhos,51.39664392,33.36623764038086,29.83455467224121
reaction:1007,AdBrettPhos,0,AdBrettPhos,2.615785832,32.09268569946289,29.832780838012695
reaction:1008,AdBrettPhos,0,AdBrettPhos,73.85492194,33.96515655517578,29.83354949951172
reaction:1009,AdBrettPhos,0,AdBrettPhos,78.46972259,34.361717224121094,29.834012985229492
reaction:1010,AdBrettPhos,0,AdBrettPhos,61.91869342,33.960323333740234,29.835002899169922
reaction:1011,AdBrettPhos,0,AdBrettPhos,66.70576357,34.41136932373047,29.834346771240234
reaction:1012,AdBrettPhos,0,AdBrettPhos,69.8410056,34.69062423706055,29.834245681762695
reaction:1013,AdBrettPhos,0,AdBrettPhos,35.857904600000005,32.7730598449707,29.833660125732422
reaction:1014,AdBrettPhos,0,AdBrettPhos,81.6084941,33.8975944519043,29.834150314331055
reaction:1015,AdBrettPhos,0,AdBrettPhos,84.55661490000001,33.851314544677734,29.833097457885742
reaction:1016,AdBrettPhos,0,AdBrettPhos,28.68684159,32.437156677246094,29.833999633789062
reaction:1017,AdBrettPhos,0,AdBrettPhos,53.85457225,33.27142333984375,29.833478927612305
reaction:1018,AdBrettPhos,0,AdBrettPhos,55.16379105,33.43798065185547,29.833498001098633
reaction:1019,AdBrettPhos,0,AdBrettPhos,1.0681254059999998,31.807071685791016,29.83509063720703
reaction:1020,AdBrettPhos,0,AdBrettPhos,54.23706273,32.92637252807617,29.834800720214844
reaction:1021,AdBrettPhos,0,AdBrettPhos,50.10376029,33.285762786865234,29.83486557006836
reaction:1022,AdBrettPhos,0,AdBrettPhos,3.135484875,31.98322296142578,29.833389282226562
reaction:1023,AdBrettPhos,0,AdBrettPhos,80.39591728,34.13003158569336,29.83388328552246
reaction:1024,AdBrettPhos,0,AdBrettPhos,82.63071562,34.562686920166016,29.834333419799805
reaction:1025,AdBrettPhos,0,AdBrettPhos,89.88953077,34.403995513916016,29.835315704345703
reaction:1026,AdBrettPhos,0,AdBrettPhos,92.89765441,34.82547378540039,29.83466911315918
reaction:1027,AdBrettPhos,0,AdBrettPhos,94.14846732,35.07719802856445,29.83454132080078
reaction:1028,AdBrettPhos,0,AdBrettPhos,41.58551371,32.66780471801758,29.83397102355957
reaction:1029,AdBrettPhos,0,AdBrettPhos,95.12897845,34.14534378051758,29.834447860717773
reaction:1030,AdBrettPhos,0,AdBrettPhos,92.39124083,34.29437255859375,29.833402633666992
reaction:1031,AdBrettPhos,0,AdBrettPhos,1.261091862,31.851409912109375,29.833993911743164
reaction:1032,AdBrettPhos,0,AdBrettPhos,12.61696696,32.56071472167969,29.833415985107422
reaction:1033,AdBrettPhos,0,AdBrettPhos,36.64285561,32.795738220214844,29.833478927612305
reaction:1034,AdBrettPhos,0,AdBrettPhos,0.0,31.652050018310547,29.83501625061035
reaction:1035,AdBrettPhos,0,AdBrettPhos,52.34346738,33.04213333129883,29.834760665893555
reaction:1036,AdBrettPhos,0,AdBrettPhos,57.08877056,32.96609115600586,29.83484649658203
reaction:1037,AdBrettPhos,0,AdBrettPhos,1.117675591,31.862497329711914,29.833656311035156
reaction:1038,AdBrettPhos,0,AdBrettPhos,83.14947865,33.9702033996582,29.833803176879883
reaction:1039,AdBrettPhos,0,AdBrettPhos,82.84063003,33.9607048034668,29.83428192138672
reaction:1040,AdBrettPhos,0,AdBrettPhos,80.49152522,33.661739349365234,29.835275650024414
reaction:1041,AdBrettPhos,0,AdBrettPhos,89.89767813,34.0203971862793,29.834598541259766
reaction:1042,AdBrettPhos,0,AdBrettPhos,94.29690562,34.14603805541992,29.83460807800293
reaction:1043,AdBrettPhos,0,AdBrettPhos,2.241763673,31.90130043029785,29.83392333984375
reaction:1044,AdBrettPhos,0,AdBrettPhos,1.826315609,32.613590240478516,29.83440399169922
reaction:1045,AdBrettPhos,0,AdBrettPhos,0.747631534,32.74813461303711,29.83371353149414
reaction:1046,AdBrettPhos,0,AdBrettPhos,9.328786223,32.33736038208008,29.83397102355957
reaction:1047,AdBrettPhos,0,AdBrettPhos,45.92980056,33.38197708129883,29.833406448364258
reaction:1048,AdBrettPhos,0,AdBrettPhos,52.24472601,33.5100212097168,29.83348274230957
reaction:1049,AdBrettPhos,0,AdBrettPhos,0.338169234,31.984498977661133,29.835063934326172
reaction:1050,AdBrettPhos,0,AdBrettPhos,43.34412585,33.19917678833008,29.834779739379883
reaction:1051,AdBrettPhos,0,AdBrettPhos,53.38444046,33.4638786315918,29.834836959838867
reaction:1052,AdBrettPhos,0,AdBrettPhos,0.841459123,32.03105163574219,29.833364486694336
reaction:1053,AdBrettPhos,0,AdBrettPhos,72.1822742,34.12789535522461,29.83382225036621
reaction:1054,AdBrettPhos,0,AdBrettPhos,83.93941968,34.475765228271484,29.834300994873047
reaction:1055,AdBrettPhos,0,AdBrettPhos,38.32865111,33.8470573425293,29.835275650024414
reaction:1056,AdBrettPhos,0,AdBrettPhos,59.55424843,34.392704010009766,29.834619522094727
reaction:1057,AdBrettPhos,0,AdBrettPhos,77.75555198,34.787445068359375,29.834518432617188
reaction:1058,AdBrettPhos,0,AdBrettPhos,11.79076705,32.28202438354492,29.833932876586914
reaction:1059,AdBrettPhos,0,AdBrettPhos,83.93526521,33.96762466430664,29.83443832397461
reaction:1060,AdBrettPhos,0,AdBrettPhos,90.73131654,34.07719421386719,29.833524703979492
reaction:1061,AdBrettPhos,0,AdBrettPhos,12.78013721,32.29108428955078,29.833698272705078
reaction:1062,AdBrettPhos,0,AdBrettPhos,49.15372199,33.338470458984375,29.832883834838867
reaction:1063,AdBrettPhos,0,AdBrettPhos,55.56585889,33.52959442138672,29.832937240600586
reaction:1064,AdBrettPhos,0,AdBrettPhos,0.3553679289999999,31.82961654663086,29.834789276123047
reaction:1065,AdBrettPhos,0,AdBrettPhos,50.10834683,33.256351470947266,29.83449935913086
reaction:1066,AdBrettPhos,0,AdBrettPhos,53.33497035,33.371646881103516,29.83456802368164
reaction:1067,AdBrettPhos,0,AdBrettPhos,0.968826586,31.955232620239258,29.83338737487793
reaction:1068,AdBrettPhos,0,AdBrettPhos,80.68492948,34.32279586791992,29.833581924438477
reaction:1069,AdBrettPhos,0,AdBrettPhos,83.05466982,34.691959381103516,29.83403205871582
reaction:1070,AdBrettPhos,0,AdBrettPhos,81.37846659,34.420230865478516,29.835010528564453
reaction:1071,AdBrettPhos,0,AdBrettPhos,89.47412112,34.92572021484375,29.834367752075195
reaction:1072,AdBrettPhos,0,AdBrettPhos,95.75260589,35.25093078613281,29.83423614501953
reaction:1073,AdBrettPhos,0,AdBrettPhos,9.967076399,32.20012664794922,29.83366584777832
reaction:1074,AdBrettPhos,0,AdBrettPhos,86.08980917,34.25307846069336,29.83414649963379
reaction:1075,AdBrettPhos,0,AdBrettPhos,94.54981251,34.46241760253906,29.83344078063965
reaction:1076,XPhos,1,XPhos,11.59050003,37.39902114868164,33.552879333496094
reaction:1077,XPhos,1,XPhos,12.36887401,37.39902114868164,33.552879333496094
reaction:1078,XPhos,1,XPhos,16.16257939,37.39902114868164,33.552879333496094
reaction:1079,XPhos,1,XPhos,1.729864191,37.39902114868164,33.552879333496094
reaction:1080,XPhos,1,XPhos,4.215754471,37.39902114868164,33.552879333496094
reaction:1081,XPhos,1,XPhos,4.112217946,37.39902114868164,33.552879333496094
reaction:1082,XPhos,1,XPhos,7.911192525,37.39902114868164,33.552879333496094
reaction:1083,XPhos,1,XPhos,13.99630758,37.39902114868164,33.552879333496094
reaction:1084,XPhos,1,XPhos,18.40781284,37.39902114868164,33.552879333496094
reaction:1085,XPhos,1,XPhos,13.98755594,37.39902114868164,33.552879333496094
reaction:1086,XPhos,1,XPhos,20.04239857,37.39902114868164,33.552879333496094
reaction:1087,XPhos,1,XPhos,19.49452071,37.39902114868164,33.552879333496094
reaction:1088,XPhos,1,XPhos,9.474964289,37.39902114868164,33.552879333496094
reaction:1089,XPhos,1,XPhos,10.26328927,37.39902114868164,33.552879333496094
reaction:1090,XPhos,1,XPhos,14.9442896,37.39902114868164,33.552879333496094
reaction:1091,XPhos,1,XPhos,15.11582189,37.39902114868164,33.552879333496094
reaction:1092,XPhos,1,XPhos,28.39895545,37.39902114868164,33.552879333496094
reaction:1093,XPhos,1,XPhos,34.38141407,37.39902114868164,33.552879333496094
reaction:1094,XPhos,1,XPhos,0.377050084,37.39902114868164,33.552879333496094
reaction:1095,XPhos,1,XPhos,9.043513945,37.39902114868164,33.552879333496094
reaction:1096,XPhos,1,XPhos,13.524053,37.39902114868164,33.552879333496094
reaction:1097,XPhos,1,XPhos,3.045865819,37.39902114868164,33.552879333496094
reaction:1098,XPhos,1,XPhos,26.51530021,37.39902114868164,33.552879333496094
reaction:1099,XPhos,1,XPhos,28.15132537,37.39902114868164,33.552879333496094
reaction:1100,XPhos,1,XPhos,22.49487977,37.39902114868164,33.552879333496094
reaction:1101,XPhos,1,XPhos,37.83294904,37.39902114868164,33.552879333496094
reaction:1102,XPhos,1,XPhos,43.37501152,37.39902114868164,33.552879333496094
reaction:1103,XPhos,1,XPhos,10.00638892,37.39902114868164,33.552879333496094
reaction:1104,XPhos,1,XPhos,21.4669222,37.39902114868164,33.552879333496094
reaction:1105,XPhos,1,XPhos,32.75793304,37.39902114868164,33.552879333496094
reaction:1106,XPhos,1,XPhos,11.65330714,37.39902114868164,33.552879333496094
reaction:1107,XPhos,1,XPhos,22.58353247,37.39902114868164,33.552879333496094
reaction:1108,XPhos,1,XPhos,35.26155109,37.39902114868164,33.552879333496094
reaction:1109,XPhos,1,XPhos,0.275668441,37.39902114868164,33.552879333496094
reaction:1110,XPhos,1,XPhos,4.057606054,37.39902114868164,33.552879333496094
reaction:1111,XPhos,1,XPhos,8.039691846,37.39902114868164,33.552879333496094
reaction:1112,XPhos,1,XPhos,2.547971795,37.39902114868164,33.552879333496094
reaction:1113,XPhos,1,XPhos,17.09448081,37.39902114868164,33.552879333496094
reaction:1114,XPhos,1,XPhos,30.59514524,37.39902114868164,33.552879333496094
reaction:1115,XPhos,1,XPhos,26.31222578,37.39902114868164,33.552879333496094
reaction:1116,XPhos,1,XPhos,50.09944792,37.39902114868164,33.552879333496094
reaction:1117,XPhos,1,XPhos,55.00354925,37.39902114868164,33.552879333496094
reaction:1118,XPhos,1,XPhos,6.968929302,37.39902114868164,33.552879333496094
reaction:1119,XPhos,1,XPhos,18.1188647,37.39902114868164,33.552879333496094
reaction:1120,XPhos,1,XPhos,29.06844689,37.39902114868164,33.552879333496094
reaction:1121,XPhos,1,XPhos,1.25144582,37.39902114868164,33.552879333496094
reaction:1122,XPhos,1,XPhos,8.110761371,37.39902114868164,33.552879333496094
reaction:1123,XPhos,1,XPhos,9.109122278,37.39902114868164,33.552879333496094
reaction:1124,XPhos,1,XPhos,0.121773863,37.39902114868164,33.552879333496094
reaction:1125,XPhos,1,XPhos,3.267294839,37.39902114868164,33.552879333496094
reaction:1126,XPhos,1,XPhos,9.105544009,37.39902114868164,33.552879333496094
reaction:1127,XPhos,1,XPhos,0.689951869,37.39902114868164,33.552879333496094
reaction:1128,XPhos,1,XPhos,8.876631997,37.39902114868164,33.552879333496094
reaction:1129,XPhos,1,XPhos,6.083579291,37.39902114868164,33.552879333496094
reaction:1130,XPhos,1,XPhos,7.972544215,37.39902114868164,33.552879333496094
reaction:1131,XPhos,1,XPhos,11.17697809,37.39902114868164,33.552879333496094
reaction:1132,XPhos,1,XPhos,13.03686492,37.39902114868164,33.552879333496094
reaction:1133,XPhos,1,XPhos,3.23775549,37.39902114868164,33.552879333496094
reaction:1134,XPhos,1,XPhos,7.996830791,37.39902114868164,33.552879333496094
reaction:1135,XPhos,1,XPhos,9.676524882,37.39902114868164,33.552879333496094
reaction:1136,XPhos,1,XPhos,0.0,37.39902114868164,33.552879333496094
reaction:1137,XPhos,1,XPhos,3.342369627,37.39902114868164,33.552879333496094
reaction:1138,XPhos,1,XPhos,23.70536277,37.39902114868164,33.552879333496094
reaction:1139,XPhos,1,XPhos,0.0,37.39902114868164,33.552879333496094
reaction:1140,XPhos,1,XPhos,0.0,37.39902114868164,33.552879333496094
reaction:1141,XPhos,1,XPhos,1.742923089,37.39902114868164,33.552879333496094
reaction:1142,XPhos,1,XPhos,0.0,37.39902114868164,33.552879333496094
reaction:1143,XPhos,1,XPhos,1.132043957,37.39902114868164,33.552879333496094
reaction:1144,XPhos,1,XPhos,4.889819476,37.39902114868164,33.552879333496094
reaction:1145,XPhos,1,XPhos,4.510171982,37.39902114868164,33.552879333496094
reaction:1146,XPhos,1,XPhos,34.38173794,37.39902114868164,33.552879333496094
reaction:1147,XPhos,1,XPhos,42.29478749,37.39902114868164,33.552879333496094
reaction:1148,XPhos,1,XPhos,0.0,37.39902114868164,33.552879333496094
reaction:1149,XPhos,1,XPhos,5.948041851,37.39902114868164,33.552879333496094
reaction:1150,XPhos,1,XPhos,8.970807297999999,37.39902114868164,33.552879333496094
reaction:1151,XPhos,1,XPhos,0.0,37.39902114868164,33.552879333496094
reaction:1152,XPhos,1,XPhos,3.074612079,37.39902114868164,33.552879333496094
reaction:1153,XPhos,1,XPhos,14.24693951,37.39902114868164,33.552879333496094
reaction:1154,XPhos,1,XPhos,0.0,37.39902114868164,33.552879333496094
reaction:1155,XPhos,1,XPhos,0.0,37.39902114868164,33.552879333496094
reaction:1156,XPhos,1,XPhos,0.878081853,37.39902114868164,33.552879333496094
reaction:1157,XPhos,1,XPhos,0.0,37.39902114868164,33.552879333496094
reaction:1158,XPhos,1,XPhos,0.830867403,37.39902114868164,33.552879333496094
reaction:1159,XPhos,1,XPhos,2.902396599,37.39902114868164,33.552879333496094
reaction:1160,XPhos,1,XPhos,6.536001371,37.39902114868164,33.552879333496094
reaction:1161,XPhos,1,XPhos,46.544616600000005,37.39902114868164,33.552879333496094
reaction:1162,XPhos,1,XPhos,46.08846314,37.39902114868164,33.552879333496094
reaction:1163,XPhos,1,XPhos,0.0,37.39902114868164,33.552879333496094
reaction:1164,XPhos,1,XPhos,3.074693717,37.39902114868164,33.552879333496094
reaction:1165,XPhos,1,XPhos,5.085670913,37.39902114868164,33.552879333496094
reaction:1166,XPhos,1,XPhos,18.46507819,37.39902114868164,33.552879333496094
reaction:1167,XPhos,1,XPhos,13.47157217,37.39902114868164,33.552879333496094
reaction:1168,XPhos,1,XPhos,37.38354754,37.39902114868164,33.552879333496094
reaction:1169,XPhos,1,XPhos,1.208332351,37.39902114868164,33.552879333496094
reaction:1170,XPhos,1,XPhos,39.67142934,37.39902114868164,33.552879333496094
reaction:1171,XPhos,1,XPhos,41.17834608,37.39902114868164,33.552879333496094
reaction:1172,XPhos,1,XPhos,10.30004263,37.39902114868164,33.552879333496094
reaction:1173,XPhos,1,XPhos,61.72597738,37.39902114868164,33.552879333496094
reaction:1174,XPhos,1,XPhos,62.91956913,37.39902114868164,33.552879333496094
reaction:1175,XPhos,1,XPhos,19.78619625,37.39902114868164,33.552879333496094
reaction:1176,XPhos,1,XPhos,23.5354934,37.39902114868164,33.552879333496094
reaction:1177,XPhos,1,XPhos,21.9180702,37.39902114868164,33.552879333496094
reaction:1178,XPhos,1,XPhos,47.96214472,37.39902114868164,33.552879333496094
reaction:1179,XPhos,1,XPhos,27.15198165,37.39902114868164,33.552879333496094
reaction:1180,XPhos,1,XPhos,76.45126838,37.39902114868164,33.552879333496094
reaction:1181,XPhos,1,XPhos,0.0,37.39902114868164,33.552879333496094
reaction:1182,XPhos,1,XPhos,30.36311877,37.39902114868164,33.552879333496094
reaction:1183,XPhos,1,XPhos,31.86956379,37.39902114868164,33.552879333496094
reaction:1184,XPhos,1,XPhos,0.5424974920000001,37.39902114868164,33.552879333496094
reaction:1185,XPhos,1,XPhos,14.09805788,37.39902114868164,33.552879333496094
reaction:1186,XPhos,1,XPhos,17.10738006,37.39902114868164,33.552879333496094
reaction:1187,XPhos,1,XPhos,3.019148584,37.39902114868164,33.552879333496094
reaction:1188,XPhos,1,XPhos,33.44114491,37.39902114868164,33.552879333496094
reaction:1189,XPhos,1,XPhos,35.15374563,37.39902114868164,33.552879333496094
reaction:1190,XPhos,1,XPhos,24.23900204,37.39902114868164,33.552879333496094
reaction:1191,XPhos,1,XPhos,43.49187499,37.39902114868164,33.552879333496094
reaction:1192,XPhos,1,XPhos,48.23965662,37.39902114868164,33.552879333496094
reaction:1193,XPhos,1,XPhos,14.0670777,37.39902114868164,33.552879333496094
reaction:1194,XPhos,1,XPhos,26.30947521,37.39902114868164,33.552879333496094
reaction:1195,XPhos,1,XPhos,35.92744664,37.39902114868164,33.552879333496094
reaction:1196,XPhos,1,XPhos,12.90070345,37.39902114868164,33.552879333496094
reaction:1197,XPhos,1,XPhos,25.0144043,37.39902114868164,33.552879333496094
reaction:1198,XPhos,1,XPhos,42.53147932,37.39902114868164,33.552879333496094
reaction:1199,XPhos,1,XPhos,0.44794504,37.39902114868164,33.552879333496094
reaction:1200,XPhos,1,XPhos,12.94497014,37.39902114868164,33.552879333496094
reaction:1201,XPhos,1,XPhos,24.71545556,37.39902114868164,33.552879333496094
reaction:1202,XPhos,1,XPhos,2.841459947,37.39902114868164,33.552879333496094
reaction:1203,XPhos,1,XPhos,36.58244249,37.39902114868164,33.552879333496094
reaction:1204,XPhos,1,XPhos,64.13599101,37.39902114868164,33.552879333496094
reaction:1205,XPhos,1,XPhos,32.16531055,37.39902114868164,33.552879333496094
reaction:1206,XPhos,1,XPhos,51.64764803,37.39902114868164,33.552879333496094
reaction:1207,XPhos,1,XPhos,58.39892185,37.39902114868164,33.552879333496094
reaction:1208,XPhos,1,XPhos,13.37572764,37.39902114868164,33.552879333496094
reaction:1209,XPhos,1,XPhos,30.61273502,37.39902114868164,33.552879333496094
reaction:1210,XPhos,1,XPhos,47.66948987,37.39902114868164,33.552879333496094
reaction:1211,XPhos,1,XPhos,9.055172217,37.39902114868164,33.552879333496094
reaction:1212,XPhos,1,XPhos,8.916453721,37.39902114868164,33.552879333496094
reaction:1213,XPhos,1,XPhos,8.674987339,37.39902114868164,33.552879333496094
reaction:1214,XPhos,1,XPhos,1.468935867,37.39902114868164,33.552879333496094
reaction:1215,XPhos,1,XPhos,2.627491811,37.39902114868164,33.552879333496094
reaction:1216,XPhos,1,XPhos,4.471163192,37.39902114868164,33.552879333496094
reaction:1217,XPhos,1,XPhos,6.90640733,37.39902114868164,33.552879333496094
reaction:1218,XPhos,1,XPhos,8.653540466,37.39902114868164,33.552879333496094
reaction:1219,XPhos,1,XPhos,10.22354965,37.39902114868164,33.552879333496094
reaction:1220,XPhos,1,XPhos,7.147436012000001,37.39902114868164,33.552879333496094
reaction:1221,XPhos,1,XPhos,9.80291595,37.39902114868164,33.552879333496094
reaction:1222,XPhos,1,XPhos,10.13794025,37.39902114868164,33.552879333496094
reaction:1223,XPhos,1,XPhos,3.031273928,37.39902114868164,33.552879333496094
reaction:1224,XPhos,1,XPhos,4.546819288,37.39902114868164,33.552879333496094
reaction:1225,XPhos,1,XPhos,8.546147234,37.39902114868164,33.552879333496094
reaction:1226,XPhos,1,XPhos,7.131859569,37.39902114868164,33.552879333496094
reaction:1227,XPhos,1,XPhos,17.58389829,37.39902114868164,33.552879333496094
reaction:1228,XPhos,1,XPhos,26.35991815,37.39902114868164,33.552879333496094
reaction:1229,XPhos,1,XPhos,0.0,37.39902114868164,33.552879333496094
reaction:1230,XPhos,1,XPhos,0.665064231,37.39902114868164,33.552879333496094
reaction:1231,XPhos,1,XPhos,2.871965335,37.39902114868164,33.552879333496094
reaction:1232,XPhos,1,XPhos,0.0,37.39902114868164,33.552879333496094
reaction:1233,XPhos,1,XPhos,4.892554111,37.39902114868164,33.552879333496094
reaction:1234,XPhos,1,XPhos,8.121165956,37.39902114868164,33.552879333496094
reaction:1235,XPhos,1,XPhos,11.68964545,37.39902114868164,33.552879333496094
reaction:1236,XPhos,1,XPhos,24.97534285,37.39902114868164,33.552879333496094
reaction:1237,XPhos,1,XPhos,29.2582978,37.39902114868164,33.552879333496094
reaction:1238,XPhos,1,XPhos,0.894637207,37.39902114868164,33.552879333496094
reaction:1239,XPhos,1,XPhos,2.546576237,37.39902114868164,33.552879333496094
reaction:1240,XPhos,1,XPhos,7.473385241,37.39902114868164,33.552879333496094
reaction:1241,XPhos,1,XPhos,9.967512853,37.39902114868164,33.552879333496094
reaction:1242,XPhos,1,XPhos,17.78386933,37.39902114868164,33.552879333496094
reaction:1243,XPhos,1,XPhos,18.90594075,37.39902114868164,33.552879333496094
reaction:1244,XPhos,1,XPhos,0.0,37.39902114868164,33.552879333496094
reaction:1245,XPhos,1,XPhos,2.7859919960000004,37.39902114868164,33.552879333496094
reaction:1246,XPhos,1,XPhos,3.936030958,37.39902114868164,33.552879333496094
reaction:1247,XPhos,1,XPhos,3.462173057,37.39902114868164,33.552879333496094
reaction:1248,XPhos,1,XPhos,12.57060724,37.39902114868164,33.552879333496094
reaction:1249,XPhos,1,XPhos,12.67179243,37.39902114868164,33.552879333496094
reaction:1250,XPhos,1,XPhos,14.22488447,37.39902114868164,33.552879333496094
reaction:1251,XPhos,1,XPhos,19.78249574,37.39902114868164,33.552879333496094
reaction:1252,XPhos,1,XPhos,23.41994655,37.39902114868164,33.552879333496094
reaction:1253,XPhos,1,XPhos,6.131625875,37.39902114868164,33.552879333496094
reaction:1254,XPhos,1,XPhos,9.894361569,37.39902114868164,33.552879333496094
reaction:1255,XPhos,1,XPhos,12.53742021,37.39902114868164,33.552879333496094
reaction:1256,t-BuXPhos,3,t-BuXPhos,9.616112883,30.424705505371094,29.913738250732422
reaction:1257,t-BuXPhos,3,t-BuXPhos,13.66496862,30.424705505371094,29.913738250732422
reaction:1258,t-BuXPhos,3,t-BuXPhos,11.85429164,30.424705505371094,29.913738250732422
reaction:1259,t-BuXPhos,3,t-BuXPhos,2.579332416,30.424705505371094,29.913738250732422
reaction:1260,t-BuXPhos,3,t-BuXPhos,16.4358293,30.424705505371094,29.913738250732422
reaction:1261,t-BuXPhos,3,t-BuXPhos,18.29616546,30.424705505371094,29.913738250732422
reaction:1262,t-BuXPhos,3,t-BuXPhos,2.8893303610000003,30.424705505371094,29.913738250732422
reaction:1263,t-BuXPhos,3,t-BuXPhos,19.25650723,30.424705505371094,29.913738250732422
reaction:1264,t-BuXPhos,3,t-BuXPhos,19.42489921,30.424705505371094,29.913738250732422
reaction:1265,t-BuXPhos,3,t-BuXPhos,30.38899776,30.424705505371094,29.913738250732422
reaction:1266,t-BuXPhos,3,t-BuXPhos,38.88072897,30.424705505371094,29.913738250732422
reaction:1267,t-BuXPhos,3,t-BuXPhos,40.27887601,30.424705505371094,29.913738250732422
reaction:1268,t-BuXPhos,3,t-BuXPhos,11.94269708,30.424705505371094,29.913738250732422
reaction:1269,t-BuXPhos,3,t-BuXPhos,21.93776353,30.424705505371094,29.913738250732422
reaction:1270,t-BuXPhos,3,t-BuXPhos,23.04134387,30.424705505371094,29.913738250732422
reaction:1271,t-BuXPhos,3,t-BuXPhos,10.309392,30.424705505371094,29.913738250732422
reaction:1272,t-BuXPhos,3,t-BuXPhos,32.25917309,30.424705505371094,29.913738250732422
reaction:1273,t-BuXPhos,3,t-BuXPhos,36.38251036,30.424705505371094,29.913738250732422
reaction:1274,t-BuXPhos,3,t-BuXPhos,0.321740184,30.424705505371094,29.913738250732422
reaction:1275,t-BuXPhos,3,t-BuXPhos,33.60384304,30.424705505371094,29.913738250732422
reaction:1276,t-BuXPhos,3,t-BuXPhos,42.00742206,30.424705505371094,29.913738250732422
reaction:1277,t-BuXPhos,3,t-BuXPhos,1.095223411,30.424705505371094,29.913738250732422
reaction:1278,t-BuXPhos,3,t-BuXPhos,52.43953497,30.424705505371094,29.913738250732422
reaction:1279,t-BuXPhos,3,t-BuXPhos,54.90007838,30.424705505371094,29.913738250732422
reaction:1280,t-BuXPhos,3,t-BuXPhos,54.22895975,30.424705505371094,29.913738250732422
reaction:1281,t-BuXPhos,3,t-BuXPhos,63.56431346,30.424705505371094,29.913738250732422
reaction:1282,t-BuXPhos,3,t-BuXPhos,63.2869505,30.424705505371094,29.913738250732422
reaction:1283,t-BuXPhos,3,t-BuXPhos,12.05436323,30.424705505371094,29.913738250732422
reaction:1284,t-BuXPhos,3,t-BuXPhos,57.02971842,30.424705505371094,29.913738250732422
reaction:1285,t-BuXPhos,3,t-BuXPhos,54.65489395,30.424705505371094,29.913738250732422
reaction:1286,t-BuXPhos,3,t-BuXPhos,23.76547665,30.424705505371094,29.913738250732422
reaction:1287,t-BuXPhos,3,t-BuXPhos,35.88987774,30.424705505371094,29.913738250732422
reaction:1288,t-BuXPhos,3,t-BuXPhos,46.36906778,30.424705505371094,29.913738250732422
reaction:1289,t-BuXPhos,3,t-BuXPhos,0.8572553079999999,30.424705505371094,29.913738250732422
reaction:1290,t-BuXPhos,3,t-BuXPhos,44.39407022,30.424705505371094,29.913738250732422
reaction:1291,t-BuXPhos,3,t-BuXPhos,53.10447809,30.424705505371094,29.913738250732422
reaction:1292,t-BuXPhos,3,t-BuXPhos,5.49871711,30.424705505371094,29.913738250732422
reaction:1293,t-BuXPhos,3,t-BuXPhos,68.26027768,30.424705505371094,29.913738250732422
reaction:1294,t-BuXPhos,3,t-BuXPhos,67.19924832,30.424705505371094,29.913738250732422
reaction:1295,t-BuXPhos,3,t-BuXPhos,73.07610721,30.424705505371094,29.913738250732422
reaction:1296,t-BuXPhos,3,t-BuXPhos,81.15618498,30.424705505371094,29.913738250732422
reaction:1297,t-BuXPhos,3,t-BuXPhos,79.52732954,30.424705505371094,29.913738250732422
reaction:1298,t-BuXPhos,3,t-BuXPhos,39.62688642,30.424705505371094,29.913738250732422
reaction:1299,t-BuXPhos,3,t-BuXPhos,82.02772208,30.424705505371094,29.913738250732422
reaction:1300,t-BuXPhos,3,t-BuXPhos,86.76211847,30.424705505371094,29.913738250732422
reaction:1301,t-BuXPhos,3,t-BuXPhos,10.05139356,30.424705505371094,29.913738250732422
reaction:1302,t-BuXPhos,3,t-BuXPhos,12.33593597,30.424705505371094,29.913738250732422
reaction:1303,t-BuXPhos,3,t-BuXPhos,10.49048013,30.424705505371094,29.913738250732422
reaction:1304,t-BuXPhos,3,t-BuXPhos,0.970983294,30.424705505371094,29.913738250732422
reaction:1305,t-BuXPhos,3,t-BuXPhos,13.33701887,30.424705505371094,29.913738250732422
reaction:1306,t-BuXPhos,3,t-BuXPhos,17.14482537,30.424705505371094,29.913738250732422
reaction:1307,t-BuXPhos,3,t-BuXPhos,4.522238884,30.424705505371094,29.913738250732422
reaction:1308,t-BuXPhos,3,t-BuXPhos,14.62829911,30.424705505371094,29.913738250732422
reaction:1309,t-BuXPhos,3,t-BuXPhos,13.95628888,30.424705505371094,29.913738250732422
reaction:1310,t-BuXPhos,3,t-BuXPhos,19.47556274,30.424705505371094,29.913738250732422
reaction:1311,t-BuXPhos,3,t-BuXPhos,21.66443641,30.424705505371094,29.913738250732422
reaction:1312,t-BuXPhos,3,t-BuXPhos,18.99441923,30.424705505371094,29.913738250732422
reaction:1313,t-BuXPhos,3,t-BuXPhos,12.14875689,30.424705505371094,29.913738250732422
reaction:1314,t-BuXPhos,3,t-BuXPhos,14.44407911,30.424705505371094,29.913738250732422
reaction:1315,t-BuXPhos,3,t-BuXPhos,11.72782605,30.424705505371094,29.913738250732422
reaction:1316,t-BuXPhos,3,t-BuXPhos,0.330501293,30.424705505371094,29.913738250732422
reaction:1317,t-BuXPhos,3,t-BuXPhos,5.800095284,30.424705505371094,29.913738250732422
reaction:1318,t-BuXPhos,3,t-BuXPhos,9.518190042,30.424705505371094,29.913738250732422
reaction:1319,t-BuXPhos,3,t-BuXPhos,0.0,30.424705505371094,29.913738250732422
reaction:1320,t-BuXPhos,3,t-BuXPhos,6.77799041,30.424705505371094,29.913738250732422
reaction:1321,t-BuXPhos,3,t-BuXPhos,14.9053934,30.424705505371094,29.913738250732422
reaction:1322,t-BuXPhos,3,t-BuXPhos,0.0,30.424705505371094,29.913738250732422
reaction:1323,t-BuXPhos,3,t-BuXPhos,12.68915479,30.424705505371094,29.913738250732422
reaction:1324,t-BuXPhos,3,t-BuXPhos,30.40581968,30.424705505371094,29.913738250732422
reaction:1325,t-BuXPhos,3,t-BuXPhos,8.246523526,30.424705505371094,29.913738250732422
reaction:1326,t-BuXPhos,3,t-BuXPhos,36.7072802,30.424705505371094,29.913738250732422
reaction:1327,t-BuXPhos,3,t-BuXPhos,54.29333472,30.424705505371094,29.913738250732422
reaction:1328,t-BuXPhos,3,t-BuXPhos,0.0,30.424705505371094,29.913738250732422
reaction:1329,t-BuXPhos,3,t-BuXPhos,19.13564251,30.424705505371094,29.913738250732422
reaction:1330,t-BuXPhos,3,t-BuXPhos,13.7385945,30.424705505371094,29.913738250732422
reaction:1331,t-BuXPhos,3,t-BuXPhos,0.419612341,30.424705505371094,29.913738250732422
reaction:1332,t-BuXPhos,3,t-BuXPhos,11.85943612,30.424705505371094,29.913738250732422
reaction:1333,t-BuXPhos,3,t-BuXPhos,33.82793233,30.424705505371094,29.913738250732422
reaction:1334,t-BuXPhos,3,t-BuXPhos,0.0,30.424705505371094,29.913738250732422
reaction:1335,t-BuXPhos,3,t-BuXPhos,13.87014343,30.424705505371094,29.913738250732422
reaction:1336,t-BuXPhos,3,t-BuXPhos,33.28584241,30.424705505371094,29.913738250732422
reaction:1337,t-BuXPhos,3,t-BuXPhos,0.0,30.424705505371094,29.913738250732422
reaction:1338,t-BuXPhos,3,t-BuXPhos,24.59821074,30.424705505371094,29.913738250732422
reaction:1339,t-BuXPhos,3,t-BuXPhos,66.86881109,30.424705505371094,29.913738250732422
reaction:1340,t-BuXPhos,3,t-BuXPhos,14.03184959,30.424705505371094,29.913738250732422
reaction:1341,t-BuXPhos,3,t-BuXPhos,60.85990802,30.424705505371094,29.913738250732422
reaction:1342,t-BuXPhos,3,t-BuXPhos,80.53864746,30.424705505371094,29.913738250732422
reaction:1343,t-BuXPhos,3,t-BuXPhos,0.0,30.424705505371094,29.913738250732422
reaction:1344,t-BuXPhos,3,t-BuXPhos,46.74806516,30.424705505371094,29.913738250732422
reaction:1345,t-BuXPhos,3,t-BuXPhos,45.53588257,30.424705505371094,29.913738250732422
reaction:1346,t-BuXPhos,3,t-BuXPhos,21.18588073,30.424705505371094,29.913738250732422
reaction:1347,t-BuXPhos,3,t-BuXPhos,23.00642082,30.424705505371094,29.913738250732422
reaction:1348,t-BuXPhos,3,t-BuXPhos,39.51659226,30.424705505371094,29.913738250732422
reaction:1349,t-BuXPhos,3,t-BuXPhos,2.048615833,30.424705505371094,29.913738250732422
reaction:1350,t-BuXPhos,3,t-BuXPhos,44.92520247,30.424705505371094,29.913738250732422
reaction:1351,t-BuXPhos,3,t-BuXPhos,47.05254638,30.424705505371094,29.913738250732422
reaction:1352,t-BuXPhos,3,t-BuXPhos,13.82100293,30.424705505371094,29.913738250732422
reaction:1353,t-BuXPhos,3,t-BuXPhos,72.6088082,30.424705505371094,29.913738250732422
reaction:1354,t-BuXPhos,3,t-BuXPhos,69.38989345,30.424705505371094,29.913738250732422
reaction:1355,t-BuXPhos,3,t-BuXPhos,62.426823,30.424705505371094,29.913738250732422
reaction:1356,t-BuXPhos,3,t-BuXPhos,76.21686958,30.424705505371094,29.913738250732422
reaction:1357,t-BuXPhos,3,t-BuXPhos,70.35430221,30.424705505371094,29.913738250732422
reaction:1358,t-BuXPhos,3,t-BuXPhos,59.99235473,30.424705505371094,29.913738250732422
reaction:1359,t-BuXPhos,3,t-BuXPhos,75.38356191,30.424705505371094,29.913738250732422
reaction:1360,t-BuXPhos,3,t-BuXPhos,78.29631742,30.424705505371094,29.913738250732422
reaction:1361,t-BuXPhos,3,t-BuXPhos,26.29043032,30.424705505371094,29.913738250732422
reaction:1362,t-BuXPhos,3,t-BuXPhos,34.77458228,30.424705505371094,29.913738250732422
reaction:1363,t-BuXPhos,3,t-BuXPhos,37.39782282,30.424705505371094,29.913738250732422
reaction:1364,t-BuXPhos,3,t-BuXPhos,0.96264489,30.424705505371094,29.913738250732422
reaction:1365,t-BuXPhos,3,t-BuXPhos,39.32908802,30.424705505371094,29.913738250732422
reaction:1366,t-BuXPhos,3,t-BuXPhos,40.32887688,30.424705505371094,29.913738250732422
reaction:1367,t-BuXPhos,3,t-BuXPhos,4.451923676,30.424705505371094,29.913738250732422
reaction:1368,t-BuXPhos,3,t-BuXPhos,61.04819615,30.424705505371094,29.913738250732422
reaction:1369,t-BuXPhos,3,t-BuXPhos,59.7575144,30.424705505371094,29.913738250732422
reaction:1370,t-BuXPhos,3,t-BuXPhos,57.84627264,30.424705505371094,29.913738250732422
reaction:1371,t-BuXPhos,3,t-BuXPhos,65.93366748,30.424705505371094,29.913738250732422
reaction:1372,t-BuXPhos,3,t-BuXPhos,63.71103229,30.424705505371094,29.913738250732422
reaction:1373,t-BuXPhos,3,t-BuXPhos,38.01577432,30.424705505371094,29.913738250732422
reaction:1374,t-BuXPhos,3,t-BuXPhos,66.05788910000001,30.424705505371094,29.913738250732422
reaction:1375,t-BuXPhos,3,t-BuXPhos,62.40731324,30.424705505371094,29.913738250732422
reaction:1376,t-BuXPhos,3,t-BuXPhos,28.72536954,30.424705505371094,29.913738250732422
reaction:1377,t-BuXPhos,3,t-BuXPhos,34.91231211,30.424705505371094,29.913738250732422
reaction:1378,t-BuXPhos,3,t-BuXPhos,45.90687609,30.424705505371094,29.913738250732422
reaction:1379,t-BuXPhos,3,t-BuXPhos,1.413781414,30.424705505371094,29.913738250732422
reaction:1380,t-BuXPhos,3,t-BuXPhos,50.43757677,30.424705505371094,29.913738250732422
reaction:1381,t-BuXPhos,3,t-BuXPhos,52.0133379,30.424705505371094,29.913738250732422
reaction:1382,t-BuXPhos,3,t-BuXPhos,5.620589612000001,30.424705505371094,29.913738250732422
reaction:1383,t-BuXPhos,3,t-BuXPhos,73.06292012,30.424705505371094,29.913738250732422
reaction:1384,t-BuXPhos,3,t-BuXPhos,75.59377488,30.424705505371094,29.913738250732422
reaction:1385,t-BuXPhos,3,t-BuXPhos,76.3025428,30.424705505371094,29.913738250732422
reaction:1386,t-BuXPhos,3,t-BuXPhos,80.02551627,30.424705505371094,29.913738250732422
reaction:1387,t-BuXPhos,3,t-BuXPhos,83.65366275,30.424705505371094,29.913738250732422
reaction:1388,t-BuXPhos,3,t-BuXPhos,45.11238212,30.424705505371094,29.913738250732422
reaction:1389,t-BuXPhos,3,t-BuXPhos,78.61845192,30.424705505371094,29.913738250732422
reaction:1390,t-BuXPhos,3,t-BuXPhos,84.40416295,30.424705505371094,29.913738250732422
reaction:1391,t-BuXPhos,3,t-BuXPhos,8.912186757,30.424705505371094,29.913738250732422
reaction:1392,t-BuXPhos,3,t-BuXPhos,10.72342611,30.424705505371094,29.913738250732422
reaction:1393,t-BuXPhos,3,t-BuXPhos,11.81277895,30.424705505371094,29.913738250732422
reaction:1394,t-BuXPhos,3,t-BuXPhos,1.84960131,30.424705505371094,29.913738250732422
reaction:1395,t-BuXPhos,3,t-BuXPhos,9.065649451,30.424705505371094,29.913738250732422
reaction:1396,t-BuXPhos,3,t-BuXPhos,13.83920399,30.424705505371094,29.913738250732422
reaction:1397,t-BuXPhos,3,t-BuXPhos,4.278834497,30.424705505371094,29.913738250732422
reaction:1398,t-BuXPhos,3,t-BuXPhos,16.48404533,30.424705505371094,29.913738250732422
reaction:1399,t-BuXPhos,3,t-BuXPhos,17.45236147,30.424705505371094,29.913738250732422
reaction:1400,t-BuXPhos,3,t-BuXPhos,18.18990312,30.424705505371094,29.913738250732422
reaction:1401,t-BuXPhos,3,t-BuXPhos,23.65087488,30.424705505371094,29.913738250732422
reaction:1402,t-BuXPhos,3,t-BuXPhos,26.69194458,30.424705505371094,29.913738250732422
reaction:1403,t-BuXPhos,3,t-BuXPhos,8.194090633,30.424705505371094,29.913738250732422
reaction:1404,t-BuXPhos,3,t-BuXPhos,14.81646107,30.424705505371094,29.913738250732422
reaction:1405,t-BuXPhos,3,t-BuXPhos,16.67869351,30.424705505371094,29.913738250732422
reaction:1406,t-BuXPhos,3,t-BuXPhos,4.385154303,30.424705505371094,29.913738250732422
reaction:1407,t-BuXPhos,3,t-BuXPhos,27.07281953,30.424705505371094,29.913738250732422
reaction:1408,t-BuXPhos,3,t-BuXPhos,30.11809644,30.424705505371094,29.913738250732422
reaction:1409,t-BuXPhos,3,t-BuXPhos,0.0,30.424705505371094,29.913738250732422
reaction:1410,t-BuXPhos,3,t-BuXPhos,25.94022732,30.424705505371094,29.913738250732422
reaction:1411,t-BuXPhos,3,t-BuXPhos,35.19969401,30.424705505371094,29.913738250732422
reaction:1412,t-BuXPhos,3,t-BuXPhos,0.478819391,30.424705505371094,29.913738250732422
reaction:1413,t-BuXPhos,3,t-BuXPhos,47.92550874,30.424705505371094,29.913738250732422
reaction:1414,t-BuXPhos,3,t-BuXPhos,50.62222146,30.424705505371094,29.913738250732422
reaction:1415,t-BuXPhos,3,t-BuXPhos,38.10999093,30.424705505371094,29.913738250732422
reaction:1416,t-BuXPhos,3,t-BuXPhos,54.30595244,30.424705505371094,29.913738250732422
reaction:1417,t-BuXPhos,3,t-BuXPhos,57.95225277,30.424705505371094,29.913738250732422
reaction:1418,t-BuXPhos,3,t-BuXPhos,3.496970929,30.424705505371094,29.913738250732422
reaction:1419,t-BuXPhos,3,t-BuXPhos,46.50216111,30.424705505371094,29.913738250732422
reaction:1420,t-BuXPhos,3,t-BuXPhos,49.89638876,30.424705505371094,29.913738250732422
reaction:1421,t-BuXPhos,3,t-BuXPhos,14.03295033,30.424705505371094,29.913738250732422
reaction:1422,t-BuXPhos,3,t-BuXPhos,33.32323005,30.424705505371094,29.913738250732422
reaction:1423,t-BuXPhos,3,t-BuXPhos,44.03901684,30.424705505371094,29.913738250732422
reaction:1424,t-BuXPhos,3,t-BuXPhos,4.510108394,30.424705505371094,29.913738250732422
reaction:1425,t-BuXPhos,3,t-BuXPhos,31.15457228,30.424705505371094,29.913738250732422
reaction:1426,t-BuXPhos,3,t-BuXPhos,42.55967392,30.424705505371094,29.913738250732422
reaction:1427,t-BuXPhos,3,t-BuXPhos,16.12823791,30.424705505371094,29.913738250732422
reaction:1428,t-BuXPhos,3,t-BuXPhos,58.864107,30.424705505371094,29.913738250732422
reaction:1429,t-BuXPhos,3,t-BuXPhos,61.87528527,30.424705505371094,29.913738250732422
reaction:1430,t-BuXPhos,3,t-BuXPhos,63.35366236,30.424705505371094,29.913738250732422
reaction:1431,t-BuXPhos,3,t-BuXPhos,81.85780625,30.424705505371094,29.913738250732422
reaction:1432,t-BuXPhos,3,t-BuXPhos,86.21496371,30.424705505371094,29.913738250732422
reaction:1433,t-BuXPhos,3,t-BuXPhos,26.57993699,30.424705505371094,29.913738250732422
reaction:1434,t-BuXPhos,3,t-BuXPhos,73.72948461,30.424705505371094,29.913738250732422
reaction:1435,t-BuXPhos,3,t-BuXPhos,77.85078652,30.424705505371094,29.913738250732422
reaction:1436,t-BuBrettPhos,2,t-BuBrettPhos,3.167837071,5.729368209838867,25.754262924194336
reaction:1437,t-BuBrettPhos,2,t-BuBrettPhos,1.983204496,11.090791702270508,25.496374130249023
reaction:1438,t-BuBrettPhos,2,t-BuBrettPhos,2.106143629,15.049072265625,25.490880966186523
reaction:1439,t-BuBrettPhos,2,t-BuBrettPhos,0.295056228,1.525838851928711,26.00383949279785
reaction:1440,t-BuBrettPhos,2,t-BuBrettPhos,9.853260903,16.91870880126953,25.68023109436035
reaction:1441,t-BuBrettPhos,2,t-BuBrettPhos,9.685019183,20.326297760009766,26.038349151611328
reaction:1442,t-BuBrettPhos,2,t-BuBrettPhos,2.658633939,2.973146438598633,25.490020751953125
reaction:1443,t-BuBrettPhos,2,t-BuBrettPhos,14.46737016,25.26529312133789,25.55132293701172
reaction:1444,t-BuBrettPhos,2,t-BuBrettPhos,17.15607423,27.623645782470703,25.88377571105957
reaction:1445,t-BuBrettPhos,2,t-BuBrettPhos,28.40072634,26.90918731689453,25.816282272338867
reaction:1446,t-BuBrettPhos,2,t-BuBrettPhos,32.01759643,31.187108993530273,25.626672744750977
reaction:1447,t-BuBrettPhos,2,t-BuBrettPhos,39.75657581,33.126564025878906,25.543338775634766
reaction:1448,t-BuBrettPhos,2,t-BuBrettPhos,1.859601121,8.288040161132812,25.636032104492188
reaction:1449,t-BuBrettPhos,2,t-BuBrettPhos,3.947187556,19.625896453857422,25.661083221435547
reaction:1450,t-BuBrettPhos,2,t-BuBrettPhos,5.007207988,23.851383209228516,25.645530700683594
reaction:1451,t-BuBrettPhos,2,t-BuBrettPhos,2.874679313,14.93696403503418,25.744274139404297
reaction:1452,t-BuBrettPhos,2,t-BuBrettPhos,28.48464058,27.445310592651367,25.487531661987305
reaction:1453,t-BuBrettPhos,2,t-BuBrettPhos,35.59381518,32.95586013793945,25.482336044311523
reaction:1454,t-BuBrettPhos,2,t-BuBrettPhos,0.0,10.354564666748047,25.995487213134766
reaction:1455,t-BuBrettPhos,2,t-BuBrettPhos,19.70724871,26.27264976501465,25.658254623413086
reaction:1456,t-BuBrettPhos,2,t-BuBrettPhos,37.2145199,34.167724609375,26.03957176208496
reaction:1457,t-BuBrettPhos,2,t-BuBrettPhos,5.4796607260000005,10.423431396484375,25.41925048828125
reaction:1458,t-BuBrettPhos,2,t-BuBrettPhos,38.82629912,36.57118606567383,25.571073532104492
reaction:1459,t-BuBrettPhos,2,t-BuBrettPhos,64.96884309,47.212554931640625,25.873260498046875
reaction:1460,t-BuBrettPhos,2,t-BuBrettPhos,42.31281665,33.508914947509766,25.805715560913086
reaction:1461,t-BuBrettPhos,2,t-BuBrettPhos,57.9744807,40.35851287841797,25.601091384887695
reaction:1462,t-BuBrettPhos,2,t-BuBrettPhos,65.15148191,44.926063537597656,25.533185958862305
reaction:1463,t-BuBrettPhos,2,t-BuBrettPhos,3.551606076,15.445466995239258,25.608875274658203
reaction:1464,t-BuBrettPhos,2,t-BuBrettPhos,53.91867484,42.85301208496094,25.641141891479492
reaction:1465,t-BuBrettPhos,2,t-BuBrettPhos,62.34681732,47.5145149230957,25.66899871826172
reaction:1466,t-BuBrettPhos,2,t-BuBrettPhos,4.68080841,21.5028076171875,25.731895446777344
reaction:1467,t-BuBrettPhos,2,t-BuBrettPhos,29.59583126,34.96714401245117,25.396806716918945
reaction:1468,t-BuBrettPhos,2,t-BuBrettPhos,43.56818344,43.19679260253906,25.39985466003418
reaction:1469,t-BuBrettPhos,2,t-BuBrettPhos,0.0,13.893617630004883,25.981353759765625
reaction:1470,t-BuBrettPhos,2,t-BuBrettPhos,35.46998729,37.49645233154297,25.657888412475586
reaction:1471,t-BuBrettPhos,2,t-BuBrettPhos,49.74093184,44.04452133178711,26.031814575195312
reaction:1472,t-BuBrettPhos,2,t-BuBrettPhos,5.688672061,14.692325592041016,25.48196792602539
reaction:1473,t-BuBrettPhos,2,t-BuBrettPhos,64.99704829,51.55338668823242,25.543989181518555
reaction:1474,t-BuBrettPhos,2,t-BuBrettPhos,75.71719698,60.001197814941406,25.874908447265625
reaction:1475,t-BuBrettPhos,2,t-BuBrettPhos,77.92695821,56.48638916015625,25.80137062072754
reaction:1476,t-BuBrettPhos,2,t-BuBrettPhos,88.82757824,64.18297576904297,25.598278045654297
reaction:1477,t-BuBrettPhos,2,t-BuBrettPhos,84.31065923,70.61810302734375,25.53061866760254
reaction:1478,t-BuBrettPhos,2,t-BuBrettPhos,8.955957809,23.455726623535156,25.611560821533203
reaction:1479,t-BuBrettPhos,2,t-BuBrettPhos,80.64990682,59.671180725097656,25.651893615722656
reaction:1480,t-BuBrettPhos,2,t-BuBrettPhos,92.20931063,66.41187286376953,25.6527156829834
reaction:1481,t-BuBrettPhos,2,t-BuBrettPhos,2.887815395,6.3585662841796875,26.024600982666016
reaction:1482,t-BuBrettPhos,2,t-BuBrettPhos,11.65626027,8.725618362426758,25.77660369873047
reaction:1483,t-BuBrettPhos,2,t-BuBrettPhos,12.51034862,13.281373977661133,25.771465301513672
reaction:1484,t-BuBrettPhos,2,t-BuBrettPhos,0.1532427999999999,4.571462631225586,26.272266387939453
reaction:1485,t-BuBrettPhos,2,t-BuBrettPhos,10.4212352,12.256633758544922,25.95903778076172
reaction:1486,t-BuBrettPhos,2,t-BuBrettPhos,15.44371593,18.33776092529297,26.295438766479492
reaction:1487,t-BuBrettPhos,2,t-BuBrettPhos,1.034854608,5.819736480712891,25.770750045776367
reaction:1488,t-BuBrettPhos,2,t-BuBrettPhos,15.70792465,16.667465209960938,25.834915161132812
reaction:1489,t-BuBrettPhos,2,t-BuBrettPhos,11.23128528,23.07546615600586,26.178424835205078
reaction:1490,t-BuBrettPhos,2,t-BuBrettPhos,13.20129952,16.234661102294922,26.11150550842285
reaction:1491,t-BuBrettPhos,2,t-BuBrettPhos,14.46827704,21.79543685913086,25.901744842529297
reaction:1492,t-BuBrettPhos,2,t-BuBrettPhos,13.88482007,27.0293025970459,25.827749252319336
reaction:1493,t-BuBrettPhos,2,t-BuBrettPhos,6.968372781,8.007030487060547,25.91227912902832
reaction:1494,t-BuBrettPhos,2,t-BuBrettPhos,15.40870509,11.071334838867188,25.94397735595703
reaction:1495,t-BuBrettPhos,2,t-BuBrettPhos,14.85665703,15.086763381958008,25.922517776489258
reaction:1496,t-BuBrettPhos,2,t-BuBrettPhos,0.0,5.143474578857422,26.017656326293945
reaction:1497,t-BuBrettPhos,2,t-BuBrettPhos,4.220973073,11.898551940917969,25.77308464050293
reaction:1498,t-BuBrettPhos,2,t-BuBrettPhos,11.98186799,17.87071990966797,25.767498016357422
reaction:1499,t-BuBrettPhos,2,t-BuBrettPhos,0.0,3.860736846923828,26.267972946166992
reaction:1500,t-BuBrettPhos,2,t-BuBrettPhos,3.378377543,9.546180725097656,25.941293716430664
reaction:1501,t-BuBrettPhos,2,t-BuBrettPhos,15.30703648,18.455585479736328,26.300495147705078
reaction:1502,t-BuBrettPhos,2,t-BuBrettPhos,3.549284452,3.5592823028564453,25.69953727722168
reaction:1503,t-BuBrettPhos,2,t-BuBrettPhos,7.705318498,14.22236442565918,25.856794357299805
reaction:1504,t-BuBrettPhos,2,t-BuBrettPhos,41.94054392,28.990093231201172,26.173913955688477
reaction:1505,t-BuBrettPhos,2,t-BuBrettPhos,9.609943508,10.218072891235352,26.10651397705078
reaction:1506,t-BuBrettPhos,2,t-BuBrettPhos,15.35251148,19.89574432373047,25.880603790283203
reaction:1507,t-BuBrettPhos,2,t-BuBrettPhos,43.16671419,29.000232696533203,25.821887969970703
reaction:1508,t-BuBrettPhos,2,t-BuBrettPhos,0.0,4.743106842041016,25.889549255371094
reaction:1509,t-BuBrettPhos,2,t-BuBrettPhos,11.61765415,19.62442398071289,25.929454803466797
reaction:1510,t-BuBrettPhos,2,t-BuBrettPhos,12.24697181,23.206375122070312,25.948749542236328
reaction:1511,t-BuBrettPhos,2,t-BuBrettPhos,0.413827697,9.951604843139648,26.005229949951172
reaction:1512,t-BuBrettPhos,2,t-BuBrettPhos,9.508022367,18.596254348754883,25.682621002197266
reaction:1513,t-BuBrettPhos,2,t-BuBrettPhos,32.14841463,29.44938087463379,25.685821533203125
reaction:1514,t-BuBrettPhos,2,t-BuBrettPhos,0.0,6.430418014526367,26.25343894958496
reaction:1515,t-BuBrettPhos,2,t-BuBrettPhos,7.275251821,18.133188247680664,25.942150115966797
reaction:1516,t-BuBrettPhos,2,t-BuBrettPhos,35.33585167,29.498920440673828,26.29267120361328
reaction:1517,t-BuBrettPhos,2,t-BuBrettPhos,3.20619178,6.63609504699707,25.76756477355957
reaction:1518,t-BuBrettPhos,2,t-BuBrettPhos,16.32124134,26.038677215576172,25.8304386138916
reaction:1519,t-BuBrettPhos,2,t-BuBrettPhos,73.16269955,45.108463287353516,26.174297332763672
reaction:1520,t-BuBrettPhos,2,t-BuBrettPhos,21.81045338,28.95960807800293,26.103235244750977
reaction:1521,t-BuBrettPhos,2,t-BuBrettPhos,48.23235239,41.729103088378906,25.877166748046875
reaction:1522,t-BuBrettPhos,2,t-BuBrettPhos,78.78970759,55.76158905029297,25.820100784301758
reaction:1523,t-BuBrettPhos,2,t-BuBrettPhos,0.0,9.935018539428711,25.892921447753906
reaction:1524,t-BuBrettPhos,2,t-BuBrettPhos,12.90161423,33.303985595703125,25.938905715942383
reaction:1525,t-BuBrettPhos,2,t-BuBrettPhos,26.6793303,41.49595642089844,25.933902740478516
reaction:1526,t-BuBrettPhos,2,t-BuBrettPhos,8.171441333999999,20.06883430480957,25.407766342163086
reaction:1527,t-BuBrettPhos,2,t-BuBrettPhos,19.65092582,25.904308319091797,25.162174224853516
reaction:1528,t-BuBrettPhos,2,t-BuBrettPhos,39.13544884,34.319480895996094,25.157817840576172
reaction:1529,t-BuBrettPhos,2,t-BuBrettPhos,0.0,13.286212921142578,25.663606643676758
reaction:1530,t-BuBrettPhos,2,t-BuBrettPhos,47.81434881,40.38213348388672,25.34866714477539
reaction:1531,t-BuBrettPhos,2,t-BuBrettPhos,48.36396181,41.414302825927734,25.670442581176758
reaction:1532,t-BuBrettPhos,2,t-BuBrettPhos,1.372286353,15.90825366973877,25.158823013305664
reaction:1533,t-BuBrettPhos,2,t-BuBrettPhos,67.28395541,53.811073303222656,25.22370147705078
reaction:1534,t-BuBrettPhos,2,t-BuBrettPhos,74.23518284,53.977813720703125,25.595905303955078
reaction:1535,t-BuBrettPhos,2,t-BuBrettPhos,73.53944548,51.6265869140625,25.53028106689453
reaction:1536,t-BuBrettPhos,2,t-BuBrettPhos,79.65524299,56.337371826171875,25.287059783935547
reaction:1537,t-BuBrettPhos,2,t-BuBrettPhos,84.58893866,56.250709533691406,25.219799041748047
reaction:1538,t-BuBrettPhos,2,t-BuBrettPhos,8.990373152,27.14958381652832,25.297544479370117
reaction:1539,t-BuBrettPhos,2,t-BuBrettPhos,48.47717448,42.4061393737793,25.337221145629883
reaction:1540,t-BuBrettPhos,2,t-BuBrettPhos,70.14574928,53.45004653930664,25.308317184448242
reaction:1541,t-BuBrettPhos,2,t-BuBrettPhos,16.06858475,16.00555419921875,25.40706443786621
reaction:1542,t-BuBrettPhos,2,t-BuBrettPhos,33.41994964,28.700923919677734,25.16559600830078
reaction:1543,t-BuBrettPhos,2,t-BuBrettPhos,36.38014621,34.371826171875,25.15991973876953
reaction:1544,t-BuBrettPhos,2,t-BuBrettPhos,0.35921569,8.67813491821289,25.666181564331055
reaction:1545,t-BuBrettPhos,2,t-BuBrettPhos,38.49679424,32.20362091064453,25.336177825927734
reaction:1546,t-BuBrettPhos,2,t-BuBrettPhos,40.47969677,36.418617248535156,25.684894561767578
reaction:1547,t-BuBrettPhos,2,t-BuBrettPhos,5.094725505,9.499256134033203,25.08669662475586
reaction:1548,t-BuBrettPhos,2,t-BuBrettPhos,59.16896654,45.826175689697266,25.250089645385742
reaction:1549,t-BuBrettPhos,2,t-BuBrettPhos,65.19833527,52.5988655090332,25.595069885253906
reaction:1550,t-BuBrettPhos,2,t-BuBrettPhos,57.83107149,39.17222213745117,25.528600692749023
reaction:1551,t-BuBrettPhos,2,t-BuBrettPhos,62.53871196,45.966453552246094,25.272201538085938
reaction:1552,t-BuBrettPhos,2,t-BuBrettPhos,65.59087383,48.73796844482422,25.218904495239258
reaction:1553,t-BuBrettPhos,2,t-BuBrettPhos,21.23653704,19.911895751953125,25.28103256225586
reaction:1554,t-BuBrettPhos,2,t-BuBrettPhos,61.27839379,48.22867202758789,25.328540802001953
reaction:1555,t-BuBrettPhos,2,t-BuBrettPhos,63.81281277,54.836830139160156,25.34048843383789
reaction:1556,t-BuBrettPhos,2,t-BuBrettPhos,14.2414228,20.733259201049805,25.37995719909668
reaction:1557,t-BuBrettPhos,2,t-BuBrettPhos,33.56777138,34.21538543701172,25.058706283569336
reaction:1558,t-BuBrettPhos,2,t-BuBrettPhos,45.52244321,43.489131927490234,25.062763214111328
reaction:1559,t-BuBrettPhos,2,t-BuBrettPhos,0.49264217,10.746284484863281,25.63704490661621
reaction:1560,t-BuBrettPhos,2,t-BuBrettPhos,52.14134094,41.60664367675781,25.324995040893555
reaction:1561,t-BuBrettPhos,2,t-BuBrettPhos,49.57379186,45.32160949707031,25.66185760498047
reaction:1562,t-BuBrettPhos,2,t-BuBrettPhos,7.18319285,12.113195419311523,25.148452758789062
reaction:1563,t-BuBrettPhos,2,t-BuBrettPhos,75.03674068,58.730445861816406,25.210081100463867
reaction:1564,t-BuBrettPhos,2,t-BuBrettPhos,79.76639273,64.96054077148438,25.582923889160156
reaction:1565,t-BuBrettPhos,2,t-BuBrettPhos,79.07949659,60.840431213378906,25.514745712280273
reaction:1566,t-BuBrettPhos,2,t-BuBrettPhos,86.78620377,68.20579528808594,25.2542781829834
reaction:1567,t-BuBrettPhos,2,t-BuBrettPhos,89.32312927,72.8134994506836,25.204635620117188
reaction:1568,t-BuBrettPhos,2,t-BuBrettPhos,20.99661905,24.754961013793945,25.271421432495117
reaction:1569,t-BuBrettPhos,2,t-BuBrettPhos,86.07412603,62.74790954589844,25.32404136657715
reaction:1570,t-BuBrettPhos,2,t-BuBrettPhos,93.58777419,71.98776245117188,25.312877655029297
reaction:1571,t-BuBrettPhos,2,t-BuBrettPhos,6.945630992999999,6.845403671264648,25.582242965698242
reaction:1572,t-BuBrettPhos,2,t-BuBrettPhos,8.368171473,9.949050903320312,25.32842254638672
reaction:1573,t-BuBrettPhos,2,t-BuBrettPhos,10.75855339,14.756227493286133,25.328460693359375
reaction:1574,t-BuBrettPhos,2,t-BuBrettPhos,0.5287626999999999,3.534099578857422,25.836116790771484
reaction:1575,t-BuBrettPhos,2,t-BuBrettPhos,9.492103343,13.254058837890625,25.518543243408203
reaction:1576,t-BuBrettPhos,2,t-BuBrettPhos,12.42396719,18.55940055847168,25.85133934020996
reaction:1577,t-BuBrettPhos,2,t-BuBrettPhos,3.257714985,5.350257873535156,25.328718185424805
reaction:1578,t-BuBrettPhos,2,t-BuBrettPhos,15.67304028,20.105966567993164,25.393198013305664
reaction:1579,t-BuBrettPhos,2,t-BuBrettPhos,16.97838607,25.5716495513916,25.748064041137695
reaction:1580,t-BuBrettPhos,2,t-BuBrettPhos,16.31613355,19.5660457611084,25.68275260925293
reaction:1581,t-BuBrettPhos,2,t-BuBrettPhos,19.93006899,22.57305145263672,25.460391998291016
reaction:1582,t-BuBrettPhos,2,t-BuBrettPhos,24.6686189,27.883499145507812,25.387788772583008
reaction:1583,t-BuBrettPhos,2,t-BuBrettPhos,7.371601311,8.319280624389648,25.467866897583008
reaction:1584,t-BuBrettPhos,2,t-BuBrettPhos,10.88559026,14.468894958496094,25.504932403564453
reaction:1585,t-BuBrettPhos,2,t-BuBrettPhos,13.183779800000002,20.67949104309082,25.480327606201172
reaction:1586,t-BuBrettPhos,2,t-BuBrettPhos,0.8718207459999999,9.256103515625,25.561426162719727
reaction:1587,t-BuBrettPhos,2,t-BuBrettPhos,10.20185762,18.239849090576172,25.31177520751953
reaction:1588,t-BuBrettPhos,2,t-BuBrettPhos,28.77460219,24.56914520263672,25.311126708984375
reaction:1589,t-BuBrettPhos,2,t-BuBrettPhos,0.0,6.320518493652344,25.81859588623047
reaction:1590,t-BuBrettPhos,2,t-BuBrettPhos,4.728362295,15.179887771606445,25.487028121948242
reaction:1591,t-BuBrettPhos,2,t-BuBrettPhos,35.24488191,25.155393600463867,25.843170166015625
reaction:1592,t-BuBrettPhos,2,t-BuBrettPhos,4.103392125,6.582820892333984,25.240697860717773
reaction:1593,t-BuBrettPhos,2,t-BuBrettPhos,10.36729294,22.713619232177734,25.401403427124023
reaction:1594,t-BuBrettPhos,2,t-BuBrettPhos,56.21933491,37.194454193115234,25.73077392578125
reaction:1595,t-BuBrettPhos,2,t-BuBrettPhos,13.57914578,18.470226287841797,25.664886474609375
reaction:1596,t-BuBrettPhos,2,t-BuBrettPhos,24.95867786,24.20335578918457,25.425537109375
reaction:1597,t-BuBrettPhos,2,t-BuBrettPhos,49.7806525,32.43048095703125,25.36830711364746
reaction:1598,t-BuBrettPhos,2,t-BuBrettPhos,0.0,8.861818313598633,25.431379318237305
reaction:1599,t-BuBrettPhos,2,t-BuBrettPhos,26.20309393,28.108123779296875,25.477069854736328
reaction:1600,t-BuBrettPhos,2,t-BuBrettPhos,40.57039192,35.31903839111328,25.49322509765625
reaction:1601,t-BuBrettPhos,2,t-BuBrettPhos,7.387205125,16.103389739990234,25.5560302734375
reaction:1602,t-BuBrettPhos,2,t-BuBrettPhos,22.3492694,26.932109832763672,25.226970672607422
reaction:1603,t-BuBrettPhos,2,t-BuBrettPhos,47.05511825,36.21205139160156,25.235504150390625
reaction:1604,t-BuBrettPhos,2,t-BuBrettPhos,0.987020024,10.200979232788086,25.810871124267578
reaction:1605,t-BuBrettPhos,2,t-BuBrettPhos,17.55880282,25.741426467895508,25.49596405029297
reaction:1606,t-BuBrettPhos,2,t-BuBrettPhos,43.58283319,35.270198822021484,25.84225845336914
reaction:1607,t-BuBrettPhos,2,t-BuBrettPhos,12.47762059,11.668479919433594,25.319786071777344
reaction:1608,t-BuBrettPhos,2,t-BuBrettPhos,32.02304313,37.19488525390625,25.38226890563965
reaction:1609,t-BuBrettPhos,2,t-BuBrettPhos,72.70979963,51.187801361083984,25.7385196685791
reaction:1610,t-BuBrettPhos,2,t-BuBrettPhos,36.05565123,40.45463180541992,25.669681549072266
reaction:1611,t-BuBrettPhos,2,t-BuBrettPhos,46.16924796,46.839500427246094,25.429182052612305
reaction:1612,t-BuBrettPhos,2,t-BuBrettPhos,87.75322874,59.77614212036133,25.374441146850586
reaction:1613,t-BuBrettPhos,2,t-BuBrettPhos,24.93118771,16.897602081298828,25.4425048828125
reaction:1614,t-BuBrettPhos,2,t-BuBrettPhos,45.52509107,44.303863525390625,25.49378776550293
reaction:1615,t-BuBrettPhos,2,t-BuBrettPhos,70.18702806,54.13501739501953,25.48611068725586
reaction:1616,AdBrettPhos,0,AdBrettPhos,1.918248424,31.452600479125977,29.835805892944336
reaction:1617,AdBrettPhos,0,AdBrettPhos,2.933858815,31.755373001098633,29.83550453186035
reaction:1618,AdBrettPhos,0,AdBrettPhos,3.446957245,31.99431037902832,29.835519790649414
reaction:1619,AdBrettPhos,0,AdBrettPhos,0.0,31.3492374420166,29.836841583251953
reaction:1620,AdBrettPhos,0,AdBrettPhos,7.829216765,31.980546951293945,29.836585998535156
reaction:1621,AdBrettPhos,0,AdBrettPhos,11.24955158,32.10294723510742,29.8366756439209
reaction:1622,AdBrettPhos,0,AdBrettPhos,0.628858286,31.559629440307617,29.835485458374023
reaction:1623,AdBrettPhos,0,AdBrettPhos,12.30029297,32.506900787353516,29.835628509521484
reaction:1624,AdBrettPhos,0,AdBrettPhos,17.30024922,32.679962158203125,29.836097717285156
reaction:1625,AdBrettPhos,0,AdBrettPhos,17.08713871,32.697078704833984,29.837099075317383
reaction:1626,AdBrettPhos,0,AdBrettPhos,21.75875381,32.92010498046875,29.83641242980957
reaction:1627,AdBrettPhos,0,AdBrettPhos,27.05720868,33.00124740600586,29.836441040039062
reaction:1628,AdBrettPhos,0,AdBrettPhos,2.029011587,31.481971740722656,29.835744857788086
reaction:1629,AdBrettPhos,0,AdBrettPhos,3.679918653,32.05036544799805,29.836225509643555
reaction:1630,AdBrettPhos,0,AdBrettPhos,5.39705828,32.3170166015625,29.835533142089844
reaction:1631,AdBrettPhos,0,AdBrettPhos,3.399446884,31.993633270263672,29.835777282714844
reaction:1632,AdBrettPhos,0,AdBrettPhos,24.03126631,32.70391845703125,29.835500717163086
reaction:1633,AdBrettPhos,0,AdBrettPhos,37.04718214,32.95296096801758,29.83552360534668
reaction:1634,AdBrettPhos,0,AdBrettPhos,0.0,31.823102951049805,29.83688735961914
reaction:1635,AdBrettPhos,0,AdBrettPhos,20.36820588,32.35832595825195,29.836610794067383
reaction:1636,AdBrettPhos,0,AdBrettPhos,37.1376218,32.841670989990234,29.83666229248047
reaction:1637,AdBrettPhos,0,AdBrettPhos,0.375286042,31.923954010009766,29.835193634033203
reaction:1638,AdBrettPhos,0,AdBrettPhos,34.22216946,32.967979431152344,29.835651397705078
reaction:1639,AdBrettPhos,0,AdBrettPhos,60.33199916,33.616939544677734,29.836111068725586
reaction:1640,AdBrettPhos,0,AdBrettPhos,28.41978949,33.102413177490234,29.83710479736328
reaction:1641,AdBrettPhos,0,AdBrettPhos,37.45572206,33.58907699584961,29.836441040039062
reaction:1642,AdBrettPhos,0,AdBrettPhos,46.33728613,33.887699127197266,29.83635711669922
reaction:1643,AdBrettPhos,0,AdBrettPhos,3.063860217,31.9433536529541,29.83575439453125
reaction:1644,AdBrettPhos,0,AdBrettPhos,43.8122723,33.313533782958984,29.836244583129883
reaction:1645,AdBrettPhos,0,AdBrettPhos,54.92415457,33.582496643066406,29.83535385131836
reaction:1646,AdBrettPhos,0,AdBrettPhos,7.259820865,32.123531341552734,29.83578872680664
reaction:1647,AdBrettPhos,0,AdBrettPhos,29.47262424,32.84376525878906,29.835283279418945
reaction:1648,AdBrettPhos,0,AdBrettPhos,47.11942721,33.22050476074219,29.835302352905273
reaction:1649,AdBrettPhos,0,AdBrettPhos,0.382305168,31.859745025634766,29.83689308166504
reaction:1650,AdBrettPhos,0,AdBrettPhos,42.90896956,32.70452117919922,29.836606979370117
reaction:1651,AdBrettPhos,0,AdBrettPhos,50.10463357,33.08304977416992,29.8366756439209
reaction:1652,AdBrettPhos,0,AdBrettPhos,1.379250532,32.02113723754883,29.835494995117188
reaction:1653,AdBrettPhos,0,AdBrettPhos,66.71317285,33.49916076660156,29.835683822631836
reaction:1654,AdBrettPhos,0,AdBrettPhos,76.22505116,34.07905197143555,29.836130142211914
reaction:1655,AdBrettPhos,0,AdBrettPhos,70.04834525,33.946876525878906,29.83711814880371
reaction:1656,AdBrettPhos,0,AdBrettPhos,82.57086092,34.421321868896484,29.83646583557129
reaction:1657,AdBrettPhos,0,AdBrettPhos,90.31730943,34.624820709228516,29.83635711669922
reaction:1658,AdBrettPhos,0,AdBrettPhos,11.31144666,32.0987548828125,29.83576011657715
reaction:1659,AdBrettPhos,0,AdBrettPhos,79.68761126,33.89167404174805,29.83624267578125
reaction:1660,AdBrettPhos,0,AdBrettPhos,91.69839995,34.28529739379883,29.835548400878906
reaction:1661,AdBrettPhos,0,AdBrettPhos,1.069060713,31.578840255737305,29.83621597290039
reaction:1662,AdBrettPhos,0,AdBrettPhos,5.105134806000001,31.784950256347656,29.83592987060547
reaction:1663,AdBrettPhos,0,AdBrettPhos,3.280980517,32.088645935058594,29.835941314697266
reaction:1664,AdBrettPhos,0,AdBrettPhos,0.0,31.572460174560547,29.837265014648438
reaction:1665,AdBrettPhos,0,AdBrettPhos,3.302452152,31.97789764404297,29.83701515197754
reaction:1666,AdBrettPhos,0,AdBrettPhos,11.0075153,32.21088409423828,29.837108612060547
reaction:1667,AdBrettPhos,0,AdBrettPhos,0.8366448879999999,31.714828491210938,29.83591079711914
reaction:1668,AdBrettPhos,0,AdBrettPhos,7.242678118,32.26385498046875,29.836042404174805
reaction:1669,AdBrettPhos,0,AdBrettPhos,7.957289224,32.58124542236328,29.83652114868164
reaction:1670,AdBrettPhos,0,AdBrettPhos,5.427048525,32.23748779296875,29.837528228759766
reaction:1671,AdBrettPhos,0,AdBrettPhos,4.952408524,32.465545654296875,29.836828231811523
reaction:1672,AdBrettPhos,0,AdBrettPhos,6.244420827999999,32.74984359741211,29.836877822875977
reaction:1673,AdBrettPhos,0,AdBrettPhos,0.750246803,31.683128356933594,29.836158752441406
reaction:1674,AdBrettPhos,0,AdBrettPhos,5.82300352,31.770278930664062,29.83664321899414
reaction:1675,AdBrettPhos,0,AdBrettPhos,6.214566797000001,31.95295524597168,29.835952758789062
reaction:1676,AdBrettPhos,0,AdBrettPhos,0.0,31.578096389770508,29.836172103881836
reaction:1677,AdBrettPhos,0,AdBrettPhos,3.160193721,31.97667694091797,29.83591079711914
reaction:1678,AdBrettPhos,0,AdBrettPhos,8.104754995,32.326595306396484,29.83592987060547
reaction:1679,AdBrettPhos,0,AdBrettPhos,0.0,31.54021644592285,29.83729362487793
reaction:1680,AdBrettPhos,0,AdBrettPhos,2.004686227,31.719865798950195,29.83702850341797
reaction:1681,AdBrettPhos,0,AdBrettPhos,6.894237827,32.235042572021484,29.837081909179688
reaction:1682,AdBrettPhos,0,AdBrettPhos,0.0,31.574207305908203,29.835607528686523
reaction:1683,AdBrettPhos,0,AdBrettPhos,4.677881799,31.971101760864258,29.836055755615234
reaction:1684,AdBrettPhos,0,AdBrettPhos,16.33859929,32.87836456298828,29.836511611938477
reaction:1685,AdBrettPhos,0,AdBrettPhos,3.547951578,31.987768173217773,29.837522506713867
reaction:1686,AdBrettPhos,0,AdBrettPhos,7.467378263,32.49262619018555,29.83684539794922
reaction:1687,AdBrettPhos,0,AdBrettPhos,15.10235685,33.166900634765625,29.836780548095703
reaction:1688,AdBrettPhos,0,AdBrettPhos,0.0,31.570585250854492,29.836158752441406
reaction:1689,AdBrettPhos,0,AdBrettPhos,6.275458681,32.18121337890625,29.83664321899414
reaction:1690,AdBrettPhos,0,AdBrettPhos,6.702513015,32.32174301147461,29.83576011657715
reaction:1691,AdBrettPhos,0,AdBrettPhos,0.299153601,31.640226364135742,29.8361873626709
reaction:1692,AdBrettPhos,0,AdBrettPhos,6.9479336,32.09421157836914,29.835697174072266
reaction:1693,AdBrettPhos,0,AdBrettPhos,39.56647024,32.58949661254883,29.835708618164062
reaction:1694,AdBrettPhos,0,AdBrettPhos,0.0,31.518115997314453,29.837303161621094
reaction:1695,AdBrettPhos,0,AdBrettPhos,4.988380083,31.951011657714844,29.837020874023438
reaction:1696,AdBrettPhos,0,AdBrettPhos,39.27719826,32.47352600097656,29.837099075317383
reaction:1697,AdBrettPhos,0,AdBrettPhos,0.0,31.607900619506836,29.83591079711914
reaction:1698,AdBrettPhos,0,AdBrettPhos,10.46965924,32.36494445800781,29.836084365844727
reaction:1699,AdBrettPhos,0,AdBrettPhos,70.2716235,33.39992904663086,29.83654022216797
reaction:1700,AdBrettPhos,0,AdBrettPhos,13.55922704,32.6334228515625,29.837533950805664
reaction:1701,AdBrettPhos,0,AdBrettPhos,36.35900481,33.281524658203125,29.836870193481445
reaction:1702,AdBrettPhos,0,AdBrettPhos,79.01720716,33.92511749267578,29.836780548095703
reaction:1703,AdBrettPhos,0,AdBrettPhos,0.0,31.625858306884766,29.836162567138672
reaction:1704,AdBrettPhos,0,AdBrettPhos,14.39054676,32.56489562988281,29.836647033691406
reaction:1705,AdBrettPhos,0,AdBrettPhos,47.30915738,32.88124465942383,29.835956573486328
reaction:1706,AdBrettPhos,0,AdBrettPhos,1.831351486,32.19719696044922,29.835128784179688
reaction:1707,AdBrettPhos,0,AdBrettPhos,9.025273637,32.58489990234375,29.834945678710938
reaction:1708,AdBrettPhos,0,AdBrettPhos,31.74709006,33.08266830444336,29.8349552154541
reaction:1709,AdBrettPhos,0,AdBrettPhos,0.0,31.919038772583008,29.83629035949707
reaction:1710,AdBrettPhos,0,AdBrettPhos,45.98289688,33.329193115234375,29.836084365844727
reaction:1711,AdBrettPhos,0,AdBrettPhos,46.93920076,33.300907135009766,29.836200714111328
reaction:1712,AdBrettPhos,0,AdBrettPhos,0.66547915,32.12968826293945,29.83492660522461
reaction:1713,AdBrettPhos,0,AdBrettPhos,61.80395318,34.05835723876953,29.835044860839844
reaction:1714,AdBrettPhos,0,AdBrettPhos,68.3339655,34.140892028808594,29.83551025390625
reaction:1715,AdBrettPhos,0,AdBrettPhos,70.41045785,33.89768981933594,29.83658790588379
reaction:1716,AdBrettPhos,0,AdBrettPhos,77.6347291,34.061317443847656,29.83582878112793
reaction:1717,AdBrettPhos,0,AdBrettPhos,79.76966371,34.123512268066406,29.836017608642578
reaction:1718,AdBrettPhos,0,AdBrettPhos,1.779970363,32.443241119384766,29.83512306213379
reaction:1719,AdBrettPhos,0,AdBrettPhos,31.49662818,33.280216217041016,29.835594177246094
reaction:1720,AdBrettPhos,0,AdBrettPhos,70.31871872,33.898773193359375,29.83497428894043
reaction:1721,AdBrettPhos,0,AdBrettPhos,9.550418032,32.08298110961914,29.83512306213379
reaction:1722,AdBrettPhos,0,AdBrettPhos,33.30841773,32.80559158325195,29.834972381591797
reaction:1723,AdBrettPhos,0,AdBrettPhos,34.84480888,33.1192741394043,29.83498764038086
reaction:1724,AdBrettPhos,0,AdBrettPhos,0.319224301,31.742996215820312,29.836360931396484
reaction:1725,AdBrettPhos,0,AdBrettPhos,31.39385907,32.86628341674805,29.836139678955078
reaction:1726,AdBrettPhos,0,AdBrettPhos,35.25588385,33.09868240356445,29.836212158203125
reaction:1727,AdBrettPhos,0,AdBrettPhos,1.279456438,31.833057403564453,29.834657669067383
reaction:1728,AdBrettPhos,0,AdBrettPhos,50.41927701,33.56914520263672,29.835092544555664
reaction:1729,AdBrettPhos,0,AdBrettPhos,57.65452227,34.00157165527344,29.835542678833008
reaction:1730,AdBrettPhos,0,AdBrettPhos,33.09635306,33.45805740356445,29.836624145507812
reaction:1731,AdBrettPhos,0,AdBrettPhos,40.91072057,33.8209228515625,29.83588981628418
reaction:1732,AdBrettPhos,0,AdBrettPhos,46.38749412,34.097564697265625,29.835962295532227
reaction:1733,AdBrettPhos,0,AdBrettPhos,13.31813914,32.21772003173828,29.835153579711914
reaction:1734,AdBrettPhos,0,AdBrettPhos,53.12382569,33.629356384277344,29.835628509521484
reaction:1735,AdBrettPhos,0,AdBrettPhos,57.26273694,34.00453186035156,29.834814071655273
reaction:1736,AdBrettPhos,0,AdBrettPhos,10.68115857,32.22425842285156,29.835058212280273
reaction:1737,AdBrettPhos,0,AdBrettPhos,33.95037625,32.94236373901367,29.83467674255371
reaction:1738,AdBrettPhos,0,AdBrettPhos,47.09445645,33.416683197021484,29.83469009399414
reaction:1739,AdBrettPhos,0,AdBrettPhos,0.492662711,31.78386688232422,29.83629035949707
reaction:1740,AdBrettPhos,0,AdBrettPhos,48.41843845,33.21289825439453,29.83605194091797
reaction:1741,AdBrettPhos,0,AdBrettPhos,50.21013597,33.35333251953125,29.836158752441406
reaction:1742,AdBrettPhos,0,AdBrettPhos,1.542228309,31.942384719848633,29.834897994995117
reaction:1743,AdBrettPhos,0,AdBrettPhos,74.39518038,34.072078704833984,29.835031509399414
reaction:1744,AdBrettPhos,0,AdBrettPhos,76.98654081,34.54729080200195,29.835500717163086
reaction:1745,AdBrettPhos,0,AdBrettPhos,75.55480498,34.236331939697266,29.83655548095703
reaction:1746,AdBrettPhos,0,AdBrettPhos,87.36384149,34.60953140258789,29.8358154296875
reaction:1747,AdBrettPhos,0,AdBrettPhos,86.76065944,34.86250686645508,29.835891723632812
reaction:1748,AdBrettPhos,0,AdBrettPhos,11.83956232,32.33710479736328,29.8350772857666
reaction:1749,AdBrettPhos,0,AdBrettPhos,83.80386815,34.20847702026367,29.8355655670166
reaction:1750,AdBrettPhos,0,AdBrettPhos,92.12702212,34.736629486083984,29.834930419921875
reaction:1751,AdBrettPhos,0,AdBrettPhos,3.449624718,31.64519691467285,29.836498260498047
reaction:1752,AdBrettPhos,0,AdBrettPhos,3.932288397,31.807327270507812,29.836181640625
reaction:1753,AdBrettPhos,0,AdBrettPhos,5.419599738,32.16946029663086,29.836181640625
reaction:1754,AdBrettPhos,0,AdBrettPhos,0.0,31.514053344726562,29.837509155273438
reaction:1755,AdBrettPhos,0,AdBrettPhos,4.7783658,31.941518783569336,29.83724594116211
reaction:1756,AdBrettPhos,0,AdBrettPhos,8.071196301,32.2370719909668,29.837329864501953
reaction:1757,AdBrettPhos,0,AdBrettPhos,0.526967727,31.743698120117188,29.83615493774414
reaction:1758,AdBrettPhos,0,AdBrettPhos,9.746425367,32.27466583251953,29.8363037109375
reaction:1759,AdBrettPhos,0,AdBrettPhos,14.43785417,32.68312072753906,29.836774826049805
reaction:1760,AdBrettPhos,0,AdBrettPhos,8.586375019,32.27184295654297,29.837759017944336
reaction:1761,AdBrettPhos,0,AdBrettPhos,11.06445724,32.40584182739258,29.837085723876953
reaction:1762,AdBrettPhos,0,AdBrettPhos,15.42196799,32.81161880493164,29.83708953857422
reaction:1763,AdBrettPhos,0,AdBrettPhos,2.238996806,31.75031089782715,29.836427688598633
reaction:1764,AdBrettPhos,0,AdBrettPhos,8.862814973999999,31.874187469482422,29.836912155151367
reaction:1765,AdBrettPhos,0,AdBrettPhos,10.829637599999998,32.23303985595703,29.83620262145996
reaction:1766,AdBrettPhos,0,AdBrettPhos,0.432282788,31.72867202758789,29.836463928222656
reaction:1767,AdBrettPhos,0,AdBrettPhos,4.469322068,32.193302154541016,29.83616828918457
reaction:1768,AdBrettPhos,0,AdBrettPhos,18.53801466,32.62759780883789,29.836181640625
reaction:1769,AdBrettPhos,0,AdBrettPhos,0.0,31.575786590576172,29.837547302246094
reaction:1770,AdBrettPhos,0,AdBrettPhos,3.046255894,31.814029693603516,29.837263107299805
reaction:1771,AdBrettPhos,0,AdBrettPhos,24.02218457,32.51410675048828,29.837310791015625
reaction:1772,AdBrettPhos,0,AdBrettPhos,0.0,31.680673599243164,29.835853576660156
reaction:1773,AdBrettPhos,0,AdBrettPhos,5.605744575,32.12705612182617,29.836315155029297
reaction:1774,AdBrettPhos,0,AdBrettPhos,39.2434395,33.135597229003906,29.836780548095703
reaction:1775,AdBrettPhos,0,AdBrettPhos,3.747141461000001,32.164466857910156,29.837759017944336
reaction:1776,AdBrettPhos,0,AdBrettPhos,6.703331473,32.548336029052734,29.83710479736328
reaction:1777,AdBrettPhos,0,AdBrettPhos,17.35228888,33.281028747558594,29.83699607849121
reaction:1778,AdBrettPhos,0,AdBrettPhos,0.0,31.742483139038086,29.836427688598633
reaction:1779,AdBrettPhos,0,AdBrettPhos,12.57405954,32.5070686340332,29.836925506591797
reaction:1780,AdBrettPhos,0,AdBrettPhos,29.29764197,32.88505172729492,29.836017608642578
reaction:1781,AdBrettPhos,0,AdBrettPhos,6.92498784,31.966413497924805,29.836463928222656
reaction:1782,AdBrettPhos,0,AdBrettPhos,19.60222309,32.479183197021484,29.8359375
reaction:1783,AdBrettPhos,0,AdBrettPhos,43.94123378,33.007347106933594,29.8359432220459
reaction:1784,AdBrettPhos,0,AdBrettPhos,1.061200258,31.69195556640625,29.837541580200195
reaction:1785,AdBrettPhos,0,AdBrettPhos,17.8480573,32.226966857910156,29.837249755859375
reaction:1786,AdBrettPhos,0,AdBrettPhos,39.0058585,32.81541442871094,29.837312698364258
reaction:1787,AdBrettPhos,0,AdBrettPhos,2.373221649,31.90966033935547,29.836145401000977
reaction:1788,AdBrettPhos,0,AdBrettPhos,29.36083658,32.738243103027344,29.836334228515625
reaction:1789,AdBrettPhos,0,AdBrettPhos,68.1907703,33.70405578613281,29.836788177490234
reaction:1790,AdBrettPhos,0,AdBrettPhos,29.35743486,33.01016616821289,29.837759017944336
reaction:1791,AdBrettPhos,0,AdBrettPhos,35.64598437,33.36858367919922,29.83711814880371
reaction:1792,AdBrettPhos,0,AdBrettPhos,77.54677515,34.16259765625,29.83698272705078
reaction:1793,AdBrettPhos,0,AdBrettPhos,7.732563505,32.090240478515625,29.836423873901367
reaction:1794,AdBrettPhos,0,AdBrettPhos,36.03481726,33.1405029296875,29.8369083404541
reaction:1795,AdBrettPhos,0,AdBrettPhos,63.99072189,33.67372131347656,29.836200714111328
reaction:1796,XPhos,1,XPhos,0.0,37.39902114868164,33.552879333496094
reaction:1797,XPhos,1,XPhos,0.296524645,37.39902114868164,33.552879333496094
reaction:1798,XPhos,1,XPhos,0.0,37.39902114868164,33.552879333496094
reaction:1799,XPhos,1,XPhos,0.0,37.39902114868164,33.552879333496094
reaction:1800,XPhos,1,XPhos,0.0,37.39902114868164,33.552879333496094
reaction:1801,XPhos,1,XPhos,0.0,37.39902114868164,33.552879333496094
reaction:1802,XPhos,1,XPhos,0.0,37.39902114868164,33.552879333496094
reaction:1803,XPhos,1,XPhos,0.0,37.39902114868164,33.552879333496094
reaction:1804,XPhos,1,XPhos,0.0,37.39902114868164,33.552879333496094
reaction:1805,XPhos,1,XPhos,0.0,37.39902114868164,33.552879333496094
reaction:1806,XPhos,1,XPhos,0.0,37.39902114868164,33.552879333496094
reaction:1807,XPhos,1,XPhos,0.0,37.39902114868164,33.552879333496094
reaction:1808,XPhos,1,XPhos,0.0,37.39902114868164,33.552879333496094
reaction:1809,XPhos,1,XPhos,0.0,37.39902114868164,33.552879333496094
reaction:1810,XPhos,1,XPhos,0.0,37.39902114868164,33.552879333496094
reaction:1811,XPhos,1,XPhos,17.36491347,37.39902114868164,33.552879333496094
reaction:1812,XPhos,1,XPhos,27.46647446,37.39902114868164,33.552879333496094
reaction:1813,XPhos,1,XPhos,34.89767991,37.39902114868164,33.552879333496094
reaction:1814,XPhos,1,XPhos,0.426836265,37.39902114868164,33.552879333496094
reaction:1815,XPhos,1,XPhos,9.912732719,37.39902114868164,33.552879333496094
reaction:1816,XPhos,1,XPhos,21.7977125,37.39902114868164,33.552879333496094
reaction:1817,XPhos,1,XPhos,2.86790041,37.39902114868164,33.552879333496094
reaction:1818,XPhos,1,XPhos,34.68012306,37.39902114868164,33.552879333496094
reaction:1819,XPhos,1,XPhos,42.17741181,37.39902114868164,33.552879333496094
reaction:1820,XPhos,1,XPhos,26.14998957,37.39902114868164,33.552879333496094
reaction:1821,XPhos,1,XPhos,49.4018977,37.39902114868164,33.552879333496094
reaction:1822,XPhos,1,XPhos,40.9724255,37.39902114868164,33.552879333496094
reaction:1823,XPhos,1,XPhos,11.67138777,37.39902114868164,33.552879333496094
reaction:1824,XPhos,1,XPhos,26.55730378,37.39902114868164,33.552879333496094
reaction:1825,XPhos,1,XPhos,38.4179882,37.39902114868164,33.552879333496094
reaction:1826,XPhos,1,XPhos,18.14790513,37.39902114868164,33.552879333496094
reaction:1827,XPhos,1,XPhos,31.22142105,37.39902114868164,33.552879333496094
reaction:1828,XPhos,1,XPhos,45.90521481,37.39902114868164,33.552879333496094
reaction:1829,XPhos,1,XPhos,0.344428756,37.39902114868164,33.552879333496094
reaction:1830,XPhos,1,XPhos,6.408110436,37.39902114868164,33.552879333496094
reaction:1831,XPhos,1,XPhos,15.48048004,37.39902114868164,33.552879333496094
reaction:1832,XPhos,1,XPhos,2.68757234,37.39902114868164,33.552879333496094
reaction:1833,XPhos,1,XPhos,23.14452899,37.39902114868164,33.552879333496094
reaction:1834,XPhos,1,XPhos,50.86354716,37.39902114868164,33.552879333496094
reaction:1835,XPhos,1,XPhos,28.88381703,37.39902114868164,33.552879333496094
reaction:1836,XPhos,1,XPhos,51.52656955,37.39902114868164,33.552879333496094
reaction:1837,XPhos,1,XPhos,59.0740653,37.39902114868164,33.552879333496094
reaction:1838,XPhos,1,XPhos,8.431077782000001,37.39902114868164,33.552879333496094
reaction:1839,XPhos,1,XPhos,22.07470925,37.39902114868164,33.552879333496094
reaction:1840,XPhos,1,XPhos,34.74690376,37.39902114868164,33.552879333496094
reaction:1841,XPhos,1,XPhos,11.13292009,37.39902114868164,33.552879333496094
reaction:1842,XPhos,1,XPhos,15.0324858,37.39902114868164,33.552879333496094
reaction:1843,XPhos,1,XPhos,14.02259716,37.39902114868164,33.552879333496094
reaction:1844,XPhos,1,XPhos,3.02090007,37.39902114868164,33.552879333496094
reaction:1845,XPhos,1,XPhos,9.070205476,37.39902114868164,33.552879333496094
reaction:1846,XPhos,1,XPhos,6.9996798810000005,37.39902114868164,33.552879333496094
reaction:1847,XPhos,1,XPhos,14.86219247,37.39902114868164,33.552879333496094
reaction:1848,XPhos,1,XPhos,19.33424545,37.39902114868164,33.552879333496094
reaction:1849,XPhos,1,XPhos,12.44362591,37.39902114868164,33.552879333496094
reaction:1850,XPhos,1,XPhos,12.438351,37.39902114868164,33.552879333496094
reaction:1851,XPhos,1,XPhos,18.58444117,37.39902114868164,33.552879333496094
reaction:1852,XPhos,1,XPhos,17.39978172,37.39902114868164,33.552879333496094
reaction:1853,XPhos,1,XPhos,17.22825534,37.39902114868164,33.552879333496094
reaction:1854,XPhos,1,XPhos,8.798104801000001,37.39902114868164,33.552879333496094
reaction:1855,XPhos,1,XPhos,11.59336493,37.39902114868164,33.552879333496094
reaction:1856,XPhos,1,XPhos,2.550915003,37.39902114868164,33.552879333496094
reaction:1857,XPhos,1,XPhos,9.795326165,37.39902114868164,33.552879333496094
reaction:1858,XPhos,1,XPhos,19.55154349,37.39902114868164,33.552879333496094
reaction:1859,XPhos,1,XPhos,0.0,37.39902114868164,33.552879333496094
reaction:1860,XPhos,1,XPhos,0.602239969,37.39902114868164,33.552879333496094
reaction:1861,XPhos,1,XPhos,2.613234135,37.39902114868164,33.552879333496094
reaction:1862,XPhos,1,XPhos,0.0,37.39902114868164,33.552879333496094
reaction:1863,XPhos,1,XPhos,3.339136515,37.39902114868164,33.552879333496094
reaction:1864,XPhos,1,XPhos,3.546985039,37.39902114868164,33.552879333496094
reaction:1865,XPhos,1,XPhos,10.00194934,37.39902114868164,33.552879333496094
reaction:1866,XPhos,1,XPhos,18.5257144,37.39902114868164,33.552879333496094
reaction:1867,XPhos,1,XPhos,21.49059564,37.39902114868164,33.552879333496094
reaction:1868,XPhos,1,XPhos,1.445871909,37.39902114868164,33.552879333496094
reaction:1869,XPhos,1,XPhos,0.929191796,37.39902114868164,33.552879333496094
reaction:1870,XPhos,1,XPhos,3.66151941,37.39902114868164,33.552879333496094
reaction:1871,XPhos,1,XPhos,10.78337463,37.39902114868164,33.552879333496094
reaction:1872,XPhos,1,XPhos,27.09846988,37.39902114868164,33.552879333496094
reaction:1873,XPhos,1,XPhos,23.3532112,37.39902114868164,33.552879333496094
reaction:1874,XPhos,1,XPhos,0.0,37.39902114868164,33.552879333496094
reaction:1875,XPhos,1,XPhos,5.298016227,37.39902114868164,33.552879333496094
reaction:1876,XPhos,1,XPhos,10.26938874,37.39902114868164,33.552879333496094
reaction:1877,XPhos,1,XPhos,1.52899949,37.39902114868164,33.552879333496094
reaction:1878,XPhos,1,XPhos,19.26994536,37.39902114868164,33.552879333496094
reaction:1879,XPhos,1,XPhos,30.9794262,37.39902114868164,33.552879333496094
reaction:1880,XPhos,1,XPhos,18.83260332,37.39902114868164,33.552879333496094
reaction:1881,XPhos,1,XPhos,28.69582004,37.39902114868164,33.552879333496094
reaction:1882,XPhos,1,XPhos,28.02951353,37.39902114868164,33.552879333496094
reaction:1883,XPhos,1,XPhos,4.247160433,37.39902114868164,33.552879333496094
reaction:1884,XPhos,1,XPhos,18.76658525,37.39902114868164,33.552879333496094
reaction:1885,XPhos,1,XPhos,26.7561311,37.39902114868164,33.552879333496094
reaction:1886,XPhos,1,XPhos,0.522267307,37.39902114868164,33.552879333496094
reaction:1887,XPhos,1,XPhos,0.0,37.39902114868164,33.552879333496094
reaction:1888,XPhos,1,XPhos,0.0,37.39902114868164,33.552879333496094
reaction:1889,XPhos,1,XPhos,0.0,37.39902114868164,33.552879333496094
reaction:1890,XPhos,1,XPhos,0.0,37.39902114868164,33.552879333496094
reaction:1891,XPhos,1,XPhos,0.0,37.39902114868164,33.552879333496094
reaction:1892,XPhos,1,XPhos,0.0,37.39902114868164,33.552879333496094
reaction:1893,XPhos,1,XPhos,0.0,37.39902114868164,33.552879333496094
reaction:1894,XPhos,1,XPhos,0.0,37.39902114868164,33.552879333496094
reaction:1895,XPhos,1,XPhos,0.0,37.39902114868164,33.552879333496094
reaction:1896,XPhos,1,XPhos,0.0,37.39902114868164,33.552879333496094
reaction:1897,XPhos,1,XPhos,0.0,37.39902114868164,33.552879333496094
reaction:1898,XPhos,1,XPhos,0.0,37.39902114868164,33.552879333496094
reaction:1899,XPhos,1,XPhos,0.0,37.39902114868164,33.552879333496094
reaction:1900,XPhos,1,XPhos,0.0,37.39902114868164,33.552879333496094
reaction:1901,XPhos,1,XPhos,0.7575191240000001,37.39902114868164,33.552879333496094
reaction:1902,XPhos,1,XPhos,0.5467913839999999,37.39902114868164,33.552879333496094
reaction:1903,XPhos,1,XPhos,0.70766924,37.39902114868164,33.552879333496094
reaction:1904,XPhos,1,XPhos,0.0,37.39902114868164,33.552879333496094
reaction:1905,XPhos,1,XPhos,0.0,37.39902114868164,33.552879333496094
reaction:1906,XPhos,1,XPhos,1.933202382,37.39902114868164,33.552879333496094
reaction:1907,XPhos,1,XPhos,0.0,37.39902114868164,33.552879333496094
reaction:1908,XPhos,1,XPhos,1.204026973,37.39902114868164,33.552879333496094
reaction:1909,XPhos,1,XPhos,0.602410789,37.39902114868164,33.552879333496094
reaction:1910,XPhos,1,XPhos,0.0,37.39902114868164,33.552879333496094
reaction:1911,XPhos,1,XPhos,1.437346554,37.39902114868164,33.552879333496094
reaction:1912,XPhos,1,XPhos,1.530768374,37.39902114868164,33.552879333496094
reaction:1913,XPhos,1,XPhos,0.0,37.39902114868164,33.552879333496094
reaction:1914,XPhos,1,XPhos,0.0,37.39902114868164,33.552879333496094
reaction:1915,XPhos,1,XPhos,0.027450906,37.39902114868164,33.552879333496094
reaction:1916,XPhos,1,XPhos,16.82018282,37.39902114868164,33.552879333496094
reaction:1917,XPhos,1,XPhos,21.42393699,37.39902114868164,33.552879333496094
reaction:1918,XPhos,1,XPhos,19.15166059,37.39902114868164,33.552879333496094
reaction:1919,XPhos,1,XPhos,0.423167396,37.39902114868164,33.552879333496094
reaction:1920,XPhos,1,XPhos,4.73013199,37.39902114868164,33.552879333496094
reaction:1921,XPhos,1,XPhos,9.35930625,37.39902114868164,33.552879333496094
reaction:1922,XPhos,1,XPhos,3.525705852,37.39902114868164,33.552879333496094
reaction:1923,XPhos,1,XPhos,17.85871647,37.39902114868164,33.552879333496094
reaction:1924,XPhos,1,XPhos,21.48672588,37.39902114868164,33.552879333496094
reaction:1925,XPhos,1,XPhos,7.156167612999999,37.39902114868164,33.552879333496094
reaction:1926,XPhos,1,XPhos,11.85200713,37.39902114868164,33.552879333496094
reaction:1927,XPhos,1,XPhos,13.49999802,37.39902114868164,33.552879333496094
reaction:1928,XPhos,1,XPhos,4.333466821,37.39902114868164,33.552879333496094
reaction:1929,XPhos,1,XPhos,12.51722888,37.39902114868164,33.552879333496094
reaction:1930,XPhos,1,XPhos,18.54827099,37.39902114868164,33.552879333496094
reaction:1931,XPhos,1,XPhos,16.76617673,37.39902114868164,33.552879333496094
reaction:1932,XPhos,1,XPhos,27.47304315,37.39902114868164,33.552879333496094
reaction:1933,XPhos,1,XPhos,35.89724622,37.39902114868164,33.552879333496094
reaction:1934,XPhos,1,XPhos,0.8503584259999999,37.39902114868164,33.552879333496094
reaction:1935,XPhos,1,XPhos,9.607508599,37.39902114868164,33.552879333496094
reaction:1936,XPhos,1,XPhos,11.82938133,37.39902114868164,33.552879333496094
reaction:1937,XPhos,1,XPhos,8.822068949,37.39902114868164,33.552879333496094
reaction:1938,XPhos,1,XPhos,25.87549138,37.39902114868164,33.552879333496094
reaction:1939,XPhos,1,XPhos,34.29689514,37.39902114868164,33.552879333496094
reaction:1940,XPhos,1,XPhos,17.200701000000002,37.39902114868164,33.552879333496094
reaction:1941,XPhos,1,XPhos,24.04057337,37.39902114868164,33.552879333496094
reaction:1942,XPhos,1,XPhos,23.94536549,37.39902114868164,33.552879333496094
reaction:1943,XPhos,1,XPhos,15.22072074,37.39902114868164,33.552879333496094
reaction:1944,XPhos,1,XPhos,20.45508721,37.39902114868164,33.552879333496094
reaction:1945,XPhos,1,XPhos,28.5480245,37.39902114868164,33.552879333496094
reaction:1946,XPhos,1,XPhos,13.87079949,37.39902114868164,33.552879333496094
reaction:1947,XPhos,1,XPhos,22.22290277,37.39902114868164,33.552879333496094
reaction:1948,XPhos,1,XPhos,26.64038865,37.39902114868164,33.552879333496094
reaction:1949,XPhos,1,XPhos,0.0,37.39902114868164,33.552879333496094
reaction:1950,XPhos,1,XPhos,1.629425083,37.39902114868164,33.552879333496094
reaction:1951,XPhos,1,XPhos,2.128691227,37.39902114868164,33.552879333496094
reaction:1952,XPhos,1,XPhos,2.570236026,37.39902114868164,33.552879333496094
reaction:1953,XPhos,1,XPhos,8.384736601,37.39902114868164,33.552879333496094
reaction:1954,XPhos,1,XPhos,11.20904607,37.39902114868164,33.552879333496094
reaction:1955,XPhos,1,XPhos,6.819997972,37.39902114868164,33.552879333496094
reaction:1956,XPhos,1,XPhos,13.1450619,37.39902114868164,33.552879333496094
reaction:1957,XPhos,1,XPhos,12.68763797,37.39902114868164,33.552879333496094
reaction:1958,XPhos,1,XPhos,3.235819119,37.39902114868164,33.552879333496094
reaction:1959,XPhos,1,XPhos,5.972926182,37.39902114868164,33.552879333496094
reaction:1960,XPhos,1,XPhos,8.041639597,37.39902114868164,33.552879333496094
reaction:1961,XPhos,1,XPhos,18.97711675,37.39902114868164,33.552879333496094
reaction:1962,XPhos,1,XPhos,28.60232004,37.39902114868164,33.552879333496094
reaction:1963,XPhos,1,XPhos,40.27113975,37.39902114868164,33.552879333496094
reaction:1964,XPhos,1,XPhos,0.0,37.39902114868164,33.552879333496094
reaction:1965,XPhos,1,XPhos,1.79441071,37.39902114868164,33.552879333496094
reaction:1966,XPhos,1,XPhos,2.066222749,37.39902114868164,33.552879333496094
reaction:1967,XPhos,1,XPhos,5.163801227,37.39902114868164,33.552879333496094
reaction:1968,XPhos,1,XPhos,11.8907701,37.39902114868164,33.552879333496094
reaction:1969,XPhos,1,XPhos,29.83775681,37.39902114868164,33.552879333496094
reaction:1970,XPhos,1,XPhos,16.58042552,37.39902114868164,33.552879333496094
reaction:1971,XPhos,1,XPhos,26.94242513,37.39902114868164,33.552879333496094
reaction:1972,XPhos,1,XPhos,27.31009438,37.39902114868164,33.552879333496094
reaction:1973,XPhos,1,XPhos,5.543745956,37.39902114868164,33.552879333496094
reaction:1974,XPhos,1,XPhos,10.25341715,37.39902114868164,33.552879333496094
reaction:1975,XPhos,1,XPhos,14.86685885,37.39902114868164,33.552879333496094
reaction:1976,t-BuXPhos,3,t-BuXPhos,0.0,30.424705505371094,29.913738250732422
reaction:1977,t-BuXPhos,3,t-BuXPhos,0.0,30.424705505371094,29.913738250732422
reaction:1978,t-BuXPhos,3,t-BuXPhos,0.0,30.424705505371094,29.913738250732422
reaction:1979,t-BuXPhos,3,t-BuXPhos,0.0,30.424705505371094,29.913738250732422
reaction:1980,t-BuXPhos,3,t-BuXPhos,0.8010865229999999,30.424705505371094,29.913738250732422
reaction:1981,t-BuXPhos,3,t-BuXPhos,2.97427716,30.424705505371094,29.913738250732422
reaction:1982,t-BuXPhos,3,t-BuXPhos,0.0,30.424705505371094,29.913738250732422
reaction:1983,t-BuXPhos,3,t-BuXPhos,1.599458738,30.424705505371094,29.913738250732422
reaction:1984,t-BuXPhos,3,t-BuXPhos,2.601590615,30.424705505371094,29.913738250732422
reaction:1985,t-BuXPhos,3,t-BuXPhos,3.510094374,30.424705505371094,29.913738250732422
reaction:1986,t-BuXPhos,3,t-BuXPhos,8.008432112000001,30.424705505371094,29.913738250732422
reaction:1987,t-BuXPhos,3,t-BuXPhos,9.011992674,30.424705505371094,29.913738250732422
reaction:1988,t-BuXPhos,3,t-BuXPhos,0.0,30.424705505371094,29.913738250732422
reaction:1989,t-BuXPhos,3,t-BuXPhos,0.0,30.424705505371094,29.913738250732422
reaction:1990,t-BuXPhos,3,t-BuXPhos,1.171055965,30.424705505371094,29.913738250732422
reaction:1991,t-BuXPhos,3,t-BuXPhos,24.21309665,30.424705505371094,29.913738250732422
reaction:1992,t-BuXPhos,3,t-BuXPhos,35.9238924,30.424705505371094,29.913738250732422
reaction:1993,t-BuXPhos,3,t-BuXPhos,35.32665147,30.424705505371094,29.913738250732422
reaction:1994,t-BuXPhos,3,t-BuXPhos,0.5535074839999999,30.424705505371094,29.913738250732422
reaction:1995,t-BuXPhos,3,t-BuXPhos,36.52871122,30.424705505371094,29.913738250732422
reaction:1996,t-BuXPhos,3,t-BuXPhos,40.65115531,30.424705505371094,29.913738250732422
reaction:1997,t-BuXPhos,3,t-BuXPhos,2.408749938,30.424705505371094,29.913738250732422
reaction:1998,t-BuXPhos,3,t-BuXPhos,56.843372200000005,30.424705505371094,29.913738250732422
reaction:1999,t-BuXPhos,3,t-BuXPhos,58.99233401,30.424705505371094,29.913738250732422
reaction:2000,t-BuXPhos,3,t-BuXPhos,60.26102193,30.424705505371094,29.913738250732422
reaction:2001,t-BuXPhos,3,t-BuXPhos,60.25206697,30.424705505371094,29.913738250732422
reaction:2002,t-BuXPhos,3,t-BuXPhos,63.42879895,30.424705505371094,29.913738250732422
reaction:2003,t-BuXPhos,3,t-BuXPhos,25.82773903,30.424705505371094,29.913738250732422
reaction:2004,t-BuXPhos,3,t-BuXPhos,60.28357539,30.424705505371094,29.913738250732422
reaction:2005,t-BuXPhos,3,t-BuXPhos,61.92858478,30.424705505371094,29.913738250732422
reaction:2006,t-BuXPhos,3,t-BuXPhos,28.132793300000003,30.424705505371094,29.913738250732422
reaction:2007,t-BuXPhos,3,t-BuXPhos,40.09723237,30.424705505371094,29.913738250732422
reaction:2008,t-BuXPhos,3,t-BuXPhos,48.69500261,30.424705505371094,29.913738250732422
reaction:2009,t-BuXPhos,3,t-BuXPhos,0.723968187,30.424705505371094,29.913738250732422
reaction:2010,t-BuXPhos,3,t-BuXPhos,51.38895599,30.424705505371094,29.913738250732422
reaction:2011,t-BuXPhos,3,t-BuXPhos,56.62080434,30.424705505371094,29.913738250732422
reaction:2012,t-BuXPhos,3,t-BuXPhos,2.853941347,30.424705505371094,29.913738250732422
reaction:2013,t-BuXPhos,3,t-BuXPhos,73.31932313,30.424705505371094,29.913738250732422
reaction:2014,t-BuXPhos,3,t-BuXPhos,74.44046437,30.424705505371094,29.913738250732422
reaction:2015,t-BuXPhos,3,t-BuXPhos,81.53694628,30.424705505371094,29.913738250732422
reaction:2016,t-BuXPhos,3,t-BuXPhos,85.40177854,30.424705505371094,29.913738250732422
reaction:2017,t-BuXPhos,3,t-BuXPhos,88.51390693,30.424705505371094,29.913738250732422
reaction:2018,t-BuXPhos,3,t-BuXPhos,31.87466664,30.424705505371094,29.913738250732422
reaction:2019,t-BuXPhos,3,t-BuXPhos,85.8122803,30.424705505371094,29.913738250732422
reaction:2020,t-BuXPhos,3,t-BuXPhos,83.31333267,30.424705505371094,29.913738250732422
reaction:2021,t-BuXPhos,3,t-BuXPhos,13.02655322,30.424705505371094,29.913738250732422
reaction:2022,t-BuXPhos,3,t-BuXPhos,16.09836574,30.424705505371094,29.913738250732422
reaction:2023,t-BuXPhos,3,t-BuXPhos,15.87410565,30.424705505371094,29.913738250732422
reaction:2024,t-BuXPhos,3,t-BuXPhos,1.879419954,30.424705505371094,29.913738250732422
reaction:2025,t-BuXPhos,3,t-BuXPhos,14.85699263,30.424705505371094,29.913738250732422
reaction:2026,t-BuXPhos,3,t-BuXPhos,19.37897224,30.424705505371094,29.913738250732422
reaction:2027,t-BuXPhos,3,t-BuXPhos,4.57865157,30.424705505371094,29.913738250732422
reaction:2028,t-BuXPhos,3,t-BuXPhos,22.0084522,30.424705505371094,29.913738250732422
reaction:2029,t-BuXPhos,3,t-BuXPhos,22.22340072,30.424705505371094,29.913738250732422
reaction:2030,t-BuXPhos,3,t-BuXPhos,21.68221926,30.424705505371094,29.913738250732422
reaction:2031,t-BuXPhos,3,t-BuXPhos,35.06478929,30.424705505371094,29.913738250732422
reaction:2032,t-BuXPhos,3,t-BuXPhos,30.72459608,30.424705505371094,29.913738250732422
reaction:2033,t-BuXPhos,3,t-BuXPhos,10.88472418,30.424705505371094,29.913738250732422
reaction:2034,t-BuXPhos,3,t-BuXPhos,21.37540077,30.424705505371094,29.913738250732422
reaction:2035,t-BuXPhos,3,t-BuXPhos,23.67114189,30.424705505371094,29.913738250732422
reaction:2036,t-BuXPhos,3,t-BuXPhos,0.7474117720000001,30.424705505371094,29.913738250732422
reaction:2037,t-BuXPhos,3,t-BuXPhos,9.794715203,30.424705505371094,29.913738250732422
reaction:2038,t-BuXPhos,3,t-BuXPhos,23.9717282,30.424705505371094,29.913738250732422
reaction:2039,t-BuXPhos,3,t-BuXPhos,0.0,30.424705505371094,29.913738250732422
reaction:2040,t-BuXPhos,3,t-BuXPhos,6.683677134,30.424705505371094,29.913738250732422
reaction:2041,t-BuXPhos,3,t-BuXPhos,25.46788478,30.424705505371094,29.913738250732422
reaction:2042,t-BuXPhos,3,t-BuXPhos,0.0,30.424705505371094,29.913738250732422
reaction:2043,t-BuXPhos,3,t-BuXPhos,14.43583555,30.424705505371094,29.913738250732422
reaction:2044,t-BuXPhos,3,t-BuXPhos,41.96736477,30.424705505371094,29.913738250732422
reaction:2045,t-BuXPhos,3,t-BuXPhos,12.36409536,30.424705505371094,29.913738250732422
reaction:2046,t-BuXPhos,3,t-BuXPhos,33.74087377,30.424705505371094,29.913738250732422
reaction:2047,t-BuXPhos,3,t-BuXPhos,44.53583158,30.424705505371094,29.913738250732422
reaction:2048,t-BuXPhos,3,t-BuXPhos,0.0,30.424705505371094,29.913738250732422
reaction:2049,t-BuXPhos,3,t-BuXPhos,30.43973822,30.424705505371094,29.913738250732422
reaction:2050,t-BuXPhos,3,t-BuXPhos,39.10680932,30.424705505371094,29.913738250732422
reaction:2051,t-BuXPhos,3,t-BuXPhos,22.894141,30.424705505371094,29.913738250732422
reaction:2052,t-BuXPhos,3,t-BuXPhos,27.11496768,30.424705505371094,29.913738250732422
reaction:2053,t-BuXPhos,3,t-BuXPhos,41.66866973,30.424705505371094,29.913738250732422
reaction:2054,t-BuXPhos,3,t-BuXPhos,2.863405084,30.424705505371094,29.913738250732422
reaction:2055,t-BuXPhos,3,t-BuXPhos,21.62255716,30.424705505371094,29.913738250732422
reaction:2056,t-BuXPhos,3,t-BuXPhos,35.07362546,30.424705505371094,29.913738250732422
reaction:2057,t-BuXPhos,3,t-BuXPhos,13.56968075,30.424705505371094,29.913738250732422
reaction:2058,t-BuXPhos,3,t-BuXPhos,44.17785429999999,30.424705505371094,29.913738250732422
reaction:2059,t-BuXPhos,3,t-BuXPhos,61.501693200000005,30.424705505371094,29.913738250732422
reaction:2060,t-BuXPhos,3,t-BuXPhos,48.36115435,30.424705505371094,29.913738250732422
reaction:2061,t-BuXPhos,3,t-BuXPhos,61.11611165,30.424705505371094,29.913738250732422
reaction:2062,t-BuXPhos,3,t-BuXPhos,70.86807008,30.424705505371094,29.913738250732422
reaction:2063,t-BuXPhos,3,t-BuXPhos,39.35843617,30.424705505371094,29.913738250732422
reaction:2064,t-BuXPhos,3,t-BuXPhos,54.8424453,30.424705505371094,29.913738250732422
reaction:2065,t-BuXPhos,3,t-BuXPhos,60.06619639,30.424705505371094,29.913738250732422
reaction:2066,t-BuXPhos,3,t-BuXPhos,1.009269411,30.424705505371094,29.913738250732422
reaction:2067,t-BuXPhos,3,t-BuXPhos,5.034974824,30.424705505371094,29.913738250732422
reaction:2068,t-BuXPhos,3,t-BuXPhos,4.765281768,30.424705505371094,29.913738250732422
reaction:2069,t-BuXPhos,3,t-BuXPhos,0.359225753,30.424705505371094,29.913738250732422
reaction:2070,t-BuXPhos,3,t-BuXPhos,4.621114909,30.424705505371094,29.913738250732422
reaction:2071,t-BuXPhos,3,t-BuXPhos,3.876829723,30.424705505371094,29.913738250732422
reaction:2072,t-BuXPhos,3,t-BuXPhos,0.400015161,30.424705505371094,29.913738250732422
reaction:2073,t-BuXPhos,3,t-BuXPhos,5.425616594,30.424705505371094,29.913738250732422
reaction:2074,t-BuXPhos,3,t-BuXPhos,8.36792795,30.424705505371094,29.913738250732422
reaction:2075,t-BuXPhos,3,t-BuXPhos,3.451949517,30.424705505371094,29.913738250732422
reaction:2076,t-BuXPhos,3,t-BuXPhos,4.84059533,30.424705505371094,29.913738250732422
reaction:2077,t-BuXPhos,3,t-BuXPhos,10.03634536,30.424705505371094,29.913738250732422
reaction:2078,t-BuXPhos,3,t-BuXPhos,1.309393322,30.424705505371094,29.913738250732422
reaction:2079,t-BuXPhos,3,t-BuXPhos,2.689766175,30.424705505371094,29.913738250732422
reaction:2080,t-BuXPhos,3,t-BuXPhos,4.416019864,30.424705505371094,29.913738250732422
reaction:2081,t-BuXPhos,3,t-BuXPhos,0.0,30.424705505371094,29.913738250732422
reaction:2082,t-BuXPhos,3,t-BuXPhos,1.785587557,30.424705505371094,29.913738250732422
reaction:2083,t-BuXPhos,3,t-BuXPhos,3.141934656,30.424705505371094,29.913738250732422
reaction:2084,t-BuXPhos,3,t-BuXPhos,0.0,30.424705505371094,29.913738250732422
reaction:2085,t-BuXPhos,3,t-BuXPhos,0.74784749,30.424705505371094,29.913738250732422
reaction:2086,t-BuXPhos,3,t-BuXPhos,2.732925094,30.424705505371094,29.913738250732422
reaction:2087,t-BuXPhos,3,t-BuXPhos,0.518126221,30.424705505371094,29.913738250732422
reaction:2088,t-BuXPhos,3,t-BuXPhos,2.39251025,30.424705505371094,29.913738250732422
reaction:2089,t-BuXPhos,3,t-BuXPhos,6.363967977000001,30.424705505371094,29.913738250732422
reaction:2090,t-BuXPhos,3,t-BuXPhos,1.986478634,30.424705505371094,29.913738250732422
reaction:2091,t-BuXPhos,3,t-BuXPhos,6.315944702,30.424705505371094,29.913738250732422
reaction:2092,t-BuXPhos,3,t-BuXPhos,8.140819585,30.424705505371094,29.913738250732422
reaction:2093,t-BuXPhos,3,t-BuXPhos,0.0,30.424705505371094,29.913738250732422
reaction:2094,t-BuXPhos,3,t-BuXPhos,2.39840777,30.424705505371094,29.913738250732422
reaction:2095,t-BuXPhos,3,t-BuXPhos,3.973986769,30.424705505371094,29.913738250732422
reaction:2096,t-BuXPhos,3,t-BuXPhos,21.36830036,30.424705505371094,29.913738250732422
reaction:2097,t-BuXPhos,3,t-BuXPhos,21.54675104,30.424705505371094,29.913738250732422
reaction:2098,t-BuXPhos,3,t-BuXPhos,23.06691402,30.424705505371094,29.913738250732422
reaction:2099,t-BuXPhos,3,t-BuXPhos,2.7209239710000004,30.424705505371094,29.913738250732422
reaction:2100,t-BuXPhos,3,t-BuXPhos,15.47495789,30.424705505371094,29.913738250732422
reaction:2101,t-BuXPhos,3,t-BuXPhos,19.40320705,30.424705505371094,29.913738250732422
reaction:2102,t-BuXPhos,3,t-BuXPhos,14.32160153,30.424705505371094,29.913738250732422
reaction:2103,t-BuXPhos,3,t-BuXPhos,28.13311375,30.424705505371094,29.913738250732422
reaction:2104,t-BuXPhos,3,t-BuXPhos,30.76250124,30.424705505371094,29.913738250732422
reaction:2105,t-BuXPhos,3,t-BuXPhos,40.21576406,30.424705505371094,29.913738250732422
reaction:2106,t-BuXPhos,3,t-BuXPhos,46.05681806,30.424705505371094,29.913738250732422
reaction:2107,t-BuXPhos,3,t-BuXPhos,51.15306518,30.424705505371094,29.913738250732422
reaction:2108,t-BuXPhos,3,t-BuXPhos,30.05876834,30.424705505371094,29.913738250732422
reaction:2109,t-BuXPhos,3,t-BuXPhos,30.11566658,30.424705505371094,29.913738250732422
reaction:2110,t-BuXPhos,3,t-BuXPhos,33.8132368,30.424705505371094,29.913738250732422
reaction:2111,t-BuXPhos,3,t-BuXPhos,20.05913492,30.424705505371094,29.913738250732422
reaction:2112,t-BuXPhos,3,t-BuXPhos,34.2208852,30.424705505371094,29.913738250732422
reaction:2113,t-BuXPhos,3,t-BuXPhos,40.30244069,30.424705505371094,29.913738250732422
reaction:2114,t-BuXPhos,3,t-BuXPhos,1.194006928,30.424705505371094,29.913738250732422
reaction:2115,t-BuXPhos,3,t-BuXPhos,27.35092133,30.424705505371094,29.913738250732422
reaction:2116,t-BuXPhos,3,t-BuXPhos,26.91242644,30.424705505371094,29.913738250732422
reaction:2117,t-BuXPhos,3,t-BuXPhos,5.628261366,30.424705505371094,29.913738250732422
reaction:2118,t-BuXPhos,3,t-BuXPhos,51.85571731,30.424705505371094,29.913738250732422
reaction:2119,t-BuXPhos,3,t-BuXPhos,49.62220517,30.424705505371094,29.913738250732422
reaction:2120,t-BuXPhos,3,t-BuXPhos,53.94447324,30.424705505371094,29.913738250732422
reaction:2121,t-BuXPhos,3,t-BuXPhos,65.48767084,30.424705505371094,29.913738250732422
reaction:2122,t-BuXPhos,3,t-BuXPhos,66.1445595,30.424705505371094,29.913738250732422
reaction:2123,t-BuXPhos,3,t-BuXPhos,38.1181996,30.424705505371094,29.913738250732422
reaction:2124,t-BuXPhos,3,t-BuXPhos,64.2716813,30.424705505371094,29.913738250732422
reaction:2125,t-BuXPhos,3,t-BuXPhos,65.73471929,30.424705505371094,29.913738250732422
reaction:2126,t-BuXPhos,3,t-BuXPhos,18.75584418,30.424705505371094,29.913738250732422
reaction:2127,t-BuXPhos,3,t-BuXPhos,28.59018557,30.424705505371094,29.913738250732422
reaction:2128,t-BuXPhos,3,t-BuXPhos,31.83731475,30.424705505371094,29.913738250732422
reaction:2129,t-BuXPhos,3,t-BuXPhos,0.7070455170000001,30.424705505371094,29.913738250732422
reaction:2130,t-BuXPhos,3,t-BuXPhos,13.25145725,30.424705505371094,29.913738250732422
reaction:2131,t-BuXPhos,3,t-BuXPhos,15.92909866,30.424705505371094,29.913738250732422
reaction:2132,t-BuXPhos,3,t-BuXPhos,4.0644436960000005,30.424705505371094,29.913738250732422
reaction:2133,t-BuXPhos,3,t-BuXPhos,32.63137063,30.424705505371094,29.913738250732422
reaction:2134,t-BuXPhos,3,t-BuXPhos,32.03830806,30.424705505371094,29.913738250732422
reaction:2135,t-BuXPhos,3,t-BuXPhos,38.03832948,30.424705505371094,29.913738250732422
reaction:2136,t-BuXPhos,3,t-BuXPhos,50.50908656,30.424705505371094,29.913738250732422
reaction:2137,t-BuXPhos,3,t-BuXPhos,46.64490818,30.424705505371094,29.913738250732422
reaction:2138,t-BuXPhos,3,t-BuXPhos,27.15209242,30.424705505371094,29.913738250732422
reaction:2139,t-BuXPhos,3,t-BuXPhos,46.97084661,30.424705505371094,29.913738250732422
reaction:2140,t-BuXPhos,3,t-BuXPhos,47.28268345,30.424705505371094,29.913738250732422
reaction:2141,t-BuXPhos,3,t-BuXPhos,29.17558441,30.424705505371094,29.913738250732422
reaction:2142,t-BuXPhos,3,t-BuXPhos,36.5598853,30.424705505371094,29.913738250732422
reaction:2143,t-BuXPhos,3,t-BuXPhos,49.46796695,30.424705505371094,29.913738250732422
reaction:2144,t-BuXPhos,3,t-BuXPhos,1.858400826,30.424705505371094,29.913738250732422
reaction:2145,t-BuXPhos,3,t-BuXPhos,31.25713511,30.424705505371094,29.913738250732422
reaction:2146,t-BuXPhos,3,t-BuXPhos,34.0355551,30.424705505371094,29.913738250732422
reaction:2147,t-BuXPhos,3,t-BuXPhos,11.31698923,30.424705505371094,29.913738250732422
reaction:2148,t-BuXPhos,3,t-BuXPhos,62.64758393,30.424705505371094,29.913738250732422
reaction:2149,t-BuXPhos,3,t-BuXPhos,60.28741502,30.424705505371094,29.913738250732422
reaction:2150,t-BuXPhos,3,t-BuXPhos,77.39811795,30.424705505371094,29.913738250732422
reaction:2151,t-BuXPhos,3,t-BuXPhos,83.68183531,30.424705505371094,29.913738250732422
reaction:2152,t-BuXPhos,3,t-BuXPhos,84.53852223,30.424705505371094,29.913738250732422
reaction:2153,t-BuXPhos,3,t-BuXPhos,49.15752148,30.424705505371094,29.913738250732422
reaction:2154,t-BuXPhos,3,t-BuXPhos,76.23035085,30.424705505371094,29.913738250732422
reaction:2155,t-BuXPhos,3,t-BuXPhos,75.20935081,30.424705505371094,29.913738250732422
reaction:2156,t-BuBrettPhos,2,t-BuBrettPhos,0.0,2.0388126373291016,25.658323287963867
reaction:2157,t-BuBrettPhos,2,t-BuBrettPhos,0.0,6.772459030151367,25.401782989501953
reaction:2158,t-BuBrettPhos,2,t-BuBrettPhos,10.5253011,11.306499481201172,25.39591407775879
reaction:2159,t-BuBrettPhos,2,t-BuBrettPhos,0.0,-2.984376907348633,25.91225814819336
reaction:2160,t-BuBrettPhos,2,t-BuBrettPhos,0.0,11.728179931640625,25.586427688598633
reaction:2161,t-BuBrettPhos,2,t-BuBrettPhos,2.458138496,14.331743240356445,25.944501876831055
reaction:2162,t-BuBrettPhos,2,t-BuBrettPhos,9.08121194,-1.9072132110595703,25.39774513244629
reaction:2163,t-BuBrettPhos,2,t-BuBrettPhos,9.636653904,19.692657470703125,25.45953941345215
reaction:2164,t-BuBrettPhos,2,t-BuBrettPhos,10.37235966,21.585277557373047,25.797338485717773
reaction:2165,t-BuBrettPhos,2,t-BuBrettPhos,1.660025621,20.062713623046875,25.730409622192383
reaction:2166,t-BuBrettPhos,2,t-BuBrettPhos,2.145304957,21.896028518676758,25.529895782470703
reaction:2167,t-BuBrettPhos,2,t-BuBrettPhos,27.04583578,25.313982009887695,25.451963424682617
reaction:2168,t-BuBrettPhos,2,t-BuBrettPhos,0.0,3.6307144165039062,25.54430389404297
reaction:2169,t-BuBrettPhos,2,t-BuBrettPhos,0.0,14.762983322143555,25.570789337158203
reaction:2170,t-BuBrettPhos,2,t-BuBrettPhos,0.0,19.105798721313477,25.55423927307129
reaction:2171,t-BuBrettPhos,2,t-BuBrettPhos,15.09367159,20.75659942626953,25.65940284729004
reaction:2172,t-BuBrettPhos,2,t-BuBrettPhos,34.51239146,32.51740646362305,25.406383514404297
reaction:2173,t-BuBrettPhos,2,t-BuBrettPhos,35.6149447,36.516021728515625,25.400575637817383
reaction:2174,t-BuBrettPhos,2,t-BuBrettPhos,0.438548426,13.268814086914062,25.915504455566406
reaction:2175,t-BuBrettPhos,2,t-BuBrettPhos,31.2588772,31.02168846130371,25.577417373657227
reaction:2176,t-BuBrettPhos,2,t-BuBrettPhos,34.24307349,36.62259292602539,25.955158233642578
reaction:2177,t-BuBrettPhos,2,t-BuBrettPhos,6.866213056,13.244749069213867,25.337736129760742
reaction:2178,t-BuBrettPhos,2,t-BuBrettPhos,62.44858365,42.01698303222656,25.491924285888672
reaction:2179,t-BuBrettPhos,2,t-BuBrettPhos,65.94190973,50.13387680053711,25.803619384765625
reaction:2180,t-BuBrettPhos,2,t-BuBrettPhos,58.32558385,38.543331146240234,25.73650550842285
reaction:2181,t-BuBrettPhos,2,t-BuBrettPhos,60.47798465,42.85584259033203,25.5165958404541
reaction:2182,t-BuBrettPhos,2,t-BuBrettPhos,63.18914382,47.37261199951172,25.45567512512207
reaction:2183,t-BuBrettPhos,2,t-BuBrettPhos,18.36789148,20.611827850341797,25.52927589416504
reaction:2184,t-BuBrettPhos,2,t-BuBrettPhos,59.7949718,48.01197052001953,25.564802169799805
reaction:2185,t-BuBrettPhos,2,t-BuBrettPhos,64.64035682,50.882484436035156,25.589920043945312
reaction:2186,t-BuBrettPhos,2,t-BuBrettPhos,17.38451108,26.017343521118164,25.64517593383789
reaction:2187,t-BuBrettPhos,2,t-BuBrettPhos,38.46400948,39.315547943115234,25.311656951904297
reaction:2188,t-BuBrettPhos,2,t-BuBrettPhos,51.11682644,46.79439163208008,25.314252853393555
reaction:2189,t-BuBrettPhos,2,t-BuBrettPhos,0.578158424,15.965019226074219,25.89901351928711
reaction:2190,t-BuBrettPhos,2,t-BuBrettPhos,45.97256872,40.947479248046875,25.573854446411133
reaction:2191,t-BuBrettPhos,2,t-BuBrettPhos,47.70226953,45.91164016723633,25.947599411010742
reaction:2192,t-BuBrettPhos,2,t-BuBrettPhos,7.228003442999999,16.43191909790039,25.399497985839844
reaction:2193,t-BuBrettPhos,2,t-BuBrettPhos,79.8902752,55.536048889160156,25.461397171020508
reaction:2194,t-BuBrettPhos,2,t-BuBrettPhos,80.5818059,62.81193542480469,25.797868728637695
reaction:2195,t-BuBrettPhos,2,t-BuBrettPhos,84.93002270000001,60.567596435546875,25.725399017333984
reaction:2196,t-BuBrettPhos,2,t-BuBrettPhos,89.419451,66.14241790771484,25.510940551757812
reaction:2197,t-BuBrettPhos,2,t-BuBrettPhos,89.55924552,72.85985565185547,25.449047088623047
reaction:2198,t-BuBrettPhos,2,t-BuBrettPhos,13.66378067,25.8128604888916,25.529542922973633
reaction:2199,t-BuBrettPhos,2,t-BuBrettPhos,86.89971677,63.87755584716797,25.57114028930664
reaction:2200,t-BuBrettPhos,2,t-BuBrettPhos,87.237545,67.97108459472656,25.57108497619629
reaction:2201,t-BuBrettPhos,2,t-BuBrettPhos,11.30133212,10.787151336669922,25.94915771484375
reaction:2202,t-BuBrettPhos,2,t-BuBrettPhos,10.82736056,14.114482879638672,25.705053329467773
reaction:2203,t-BuBrettPhos,2,t-BuBrettPhos,12.11048821,17.513896942138672,25.700721740722656
reaction:2204,t-BuBrettPhos,2,t-BuBrettPhos,1.03540736,6.396028518676758,26.198287963867188
reaction:2205,t-BuBrettPhos,2,t-BuBrettPhos,15.16491224,17.162799835205078,25.88745880126953
reaction:2206,t-BuBrettPhos,2,t-BuBrettPhos,19.46778248,20.584346771240234,26.212282180786133
reaction:2207,t-BuBrettPhos,2,t-BuBrettPhos,8.038113026,8.397132873535156,25.702898025512695
reaction:2208,t-BuBrettPhos,2,t-BuBrettPhos,23.73944169,23.736671447753906,25.76523780822754
reaction:2209,t-BuBrettPhos,2,t-BuBrettPhos,30.46158728,27.794464111328125,26.11931800842285
reaction:2210,t-BuBrettPhos,2,t-BuBrettPhos,24.62070452,24.206125259399414,26.05412483215332
reaction:2211,t-BuBrettPhos,2,t-BuBrettPhos,28.5763008,27.138051986694336,25.829853057861328
reaction:2212,t-BuBrettPhos,2,t-BuBrettPhos,36.14968182,30.076812744140625,25.758272171020508
reaction:2213,t-BuBrettPhos,2,t-BuBrettPhos,13.71916528,12.676876068115234,25.83932113647461
reaction:2214,t-BuBrettPhos,2,t-BuBrettPhos,13.98206369,17.577228546142578,25.874927520751953
reaction:2215,t-BuBrettPhos,2,t-BuBrettPhos,18.13660134,21.428442001342773,25.848363876342773
reaction:2216,t-BuBrettPhos,2,t-BuBrettPhos,0.927604534,6.771062850952148,25.95273208618164
reaction:2217,t-BuBrettPhos,2,t-BuBrettPhos,7.316239252000001,14.964570999145508,25.712989807128906
reaction:2218,t-BuBrettPhos,2,t-BuBrettPhos,21.43045359,20.189960479736328,25.707714080810547
reaction:2219,t-BuBrettPhos,2,t-BuBrettPhos,0.0,3.527750015258789,26.20496368408203
reaction:2220,t-BuBrettPhos,2,t-BuBrettPhos,3.292807267,11.602279663085938,25.880369186401367
reaction:2221,t-BuBrettPhos,2,t-BuBrettPhos,23.04423411,19.636474609375,26.229026794433594
reaction:2222,t-BuBrettPhos,2,t-BuBrettPhos,0.0,3.7661209106445312,25.639108657836914
reaction:2223,t-BuBrettPhos,2,t-BuBrettPhos,7.479579469,18.20906639099121,25.79680633544922
reaction:2224,t-BuBrettPhos,2,t-BuBrettPhos,39.99701682,31.373266220092773,26.125242233276367
reaction:2225,t-BuBrettPhos,2,t-BuBrettPhos,9.836570629,15.466407775878906,26.059419631958008
reaction:2226,t-BuBrettPhos,2,t-BuBrettPhos,16.26033077,20.90353012084961,25.81980323791504
reaction:2227,t-BuBrettPhos,2,t-BuBrettPhos,36.05690183,27.03765106201172,25.763011932373047
reaction:2228,t-BuBrettPhos,2,t-BuBrettPhos,0.0,6.629339218139648,25.827640533447266
reaction:2229,t-BuBrettPhos,2,t-BuBrettPhos,15.39357697,23.73137664794922,25.871484756469727
reaction:2230,t-BuBrettPhos,2,t-BuBrettPhos,27.678997100000004,28.221832275390625,25.884899139404297
reaction:2231,t-BuBrettPhos,2,t-BuBrettPhos,20.24596352,16.017593383789062,25.952362060546875
reaction:2232,t-BuBrettPhos,2,t-BuBrettPhos,29.08430143,26.978689193725586,25.634220123291016
reaction:2233,t-BuBrettPhos,2,t-BuBrettPhos,38.79638342,33.605628967285156,25.63816261291504
reaction:2234,t-BuBrettPhos,2,t-BuBrettPhos,0.851812248,9.002195358276367,26.202075958251953
reaction:2235,t-BuBrettPhos,2,t-BuBrettPhos,26.7810647,25.112712860107422,25.89421272277832
reaction:2236,t-BuBrettPhos,2,t-BuBrettPhos,29.42310745,31.258071899414062,26.233030319213867
reaction:2237,t-BuBrettPhos,2,t-BuBrettPhos,7.689322987000001,10.354158401489258,25.723041534423828
reaction:2238,t-BuBrettPhos,2,t-BuBrettPhos,45.3883139,36.83677673339844,25.782922744750977
reaction:2239,t-BuBrettPhos,2,t-BuBrettPhos,59.85587044,47.553466796875,26.13715171813965
reaction:2240,t-BuBrettPhos,2,t-BuBrettPhos,49.94868445,41.41924285888672,26.06888771057129
reaction:2241,t-BuBrettPhos,2,t-BuBrettPhos,50.70720641,46.81049346923828,25.828195571899414
reaction:2242,t-BuBrettPhos,2,t-BuBrettPhos,77.95754061,55.361385345458984,25.773868560791016
reaction:2243,t-BuBrettPhos,2,t-BuBrettPhos,15.1222891,16.774978637695312,25.843603134155273
reaction:2244,t-BuBrettPhos,2,t-BuBrettPhos,45.50180654,42.82023620605469,25.89250373840332
reaction:2245,t-BuBrettPhos,2,t-BuBrettPhos,48.17982197,48.46187973022461,25.88294219970703
reaction:2246,t-BuBrettPhos,2,t-BuBrettPhos,1.232632372,7.007040023803711,25.843345642089844
reaction:2247,t-BuBrettPhos,2,t-BuBrettPhos,5.992320527,8.270185470581055,25.597944259643555
reaction:2248,t-BuBrettPhos,2,t-BuBrettPhos,4.022257677,9.096677780151367,25.593952178955078
reaction:2249,t-BuBrettPhos,2,t-BuBrettPhos,0.0,3.8832015991210938,26.094186782836914
reaction:2250,t-BuBrettPhos,2,t-BuBrettPhos,3.26158183,10.929941177368164,25.780170440673828
reaction:2251,t-BuBrettPhos,2,t-BuBrettPhos,6.286120839,11.969781875610352,26.10919761657715
reaction:2252,t-BuBrettPhos,2,t-BuBrettPhos,9.606838288,5.590261459350586,25.595258712768555
reaction:2253,t-BuBrettPhos,2,t-BuBrettPhos,13.59760256,14.981182098388672,25.657833099365234
reaction:2254,t-BuBrettPhos,2,t-BuBrettPhos,10.04227922,15.048894882202148,26.01655387878418
reaction:2255,t-BuBrettPhos,2,t-BuBrettPhos,4.444109893,15.052831649780273,25.949087142944336
reaction:2256,t-BuBrettPhos,2,t-BuBrettPhos,2.413308832,15.544496536254883,25.723608016967773
reaction:2257,t-BuBrettPhos,2,t-BuBrettPhos,12.05269157,16.84109115600586,25.653562545776367
reaction:2258,t-BuBrettPhos,2,t-BuBrettPhos,0.0,8.687889099121094,25.73281478881836
reaction:2259,t-BuBrettPhos,2,t-BuBrettPhos,6.360003901000001,7.874628067016602,25.769580841064453
reaction:2260,t-BuBrettPhos,2,t-BuBrettPhos,6.499222361,11.428997039794922,25.743431091308594
reaction:2261,t-BuBrettPhos,2,t-BuBrettPhos,0.7015522279999999,4.932668685913086,25.845361709594727
reaction:2262,t-BuBrettPhos,2,t-BuBrettPhos,2.069098233,10.392496109008789,25.606082916259766
reaction:2263,t-BuBrettPhos,2,t-BuBrettPhos,3.566410027,11.523326873779297,25.601152420043945
reaction:2264,t-BuBrettPhos,2,t-BuBrettPhos,0.0,1.8797416687011719,26.09974479675293
reaction:2265,t-BuBrettPhos,2,t-BuBrettPhos,0.64714493,7.158365249633789,25.773099899291992
reaction:2266,t-BuBrettPhos,2,t-BuBrettPhos,2.042704931,11.030925750732422,26.122413635253906
reaction:2267,t-BuBrettPhos,2,t-BuBrettPhos,0.8551124720000001,2.3060169219970703,25.530744552612305
reaction:2268,t-BuBrettPhos,2,t-BuBrettPhos,2.370474153,11.5400390625,25.68971061706543
reaction:2269,t-BuBrettPhos,2,t-BuBrettPhos,6.026719466,17.750940322875977,26.026399612426758
reaction:2270,t-BuBrettPhos,2,t-BuBrettPhos,0.0,8.395652770996094,25.958255767822266
reaction:2271,t-BuBrettPhos,2,t-BuBrettPhos,1.592422994,11.017515182495117,25.712793350219727
reaction:2272,t-BuBrettPhos,2,t-BuBrettPhos,2.633148758,13.910280227661133,25.659194946289062
reaction:2273,t-BuBrettPhos,2,t-BuBrettPhos,0.0,4.7323760986328125,25.72031593322754
reaction:2274,t-BuBrettPhos,2,t-BuBrettPhos,1.73070141,14.672208786010742,25.76689338684082
reaction:2275,t-BuBrettPhos,2,t-BuBrettPhos,2.661542727,17.601776123046875,25.779598236083984
reaction:2276,t-BuBrettPhos,2,t-BuBrettPhos,20.0833829,15.890753746032715,25.829572677612305
reaction:2277,t-BuBrettPhos,2,t-BuBrettPhos,22.43503561,23.162525177001953,25.51039695739746
reaction:2278,t-BuBrettPhos,2,t-BuBrettPhos,22.47082227,26.077714920043945,25.514812469482422
reaction:2279,t-BuBrettPhos,2,t-BuBrettPhos,0.788355769,8.062044143676758,26.081375122070312
reaction:2280,t-BuBrettPhos,2,t-BuBrettPhos,15.37805239,20.844682693481445,25.7708740234375
reaction:2281,t-BuBrettPhos,2,t-BuBrettPhos,15.73387398,24.280160903930664,26.11220359802246
reaction:2282,t-BuBrettPhos,2,t-BuBrettPhos,13.65409275,10.018682479858398,25.599348068237305
reaction:2283,t-BuBrettPhos,2,t-BuBrettPhos,30.87951231,29.69723129272461,25.659454345703125
reaction:2284,t-BuBrettPhos,2,t-BuBrettPhos,33.69627508,35.182979583740234,26.020153045654297
reaction:2285,t-BuBrettPhos,2,t-BuBrettPhos,40.01187418,34.15190124511719,25.949764251708984
reaction:2286,t-BuBrettPhos,2,t-BuBrettPhos,40.89777506,37.4156608581543,25.705219268798828
reaction:2287,t-BuBrettPhos,2,t-BuBrettPhos,44.9389876,42.55928039550781,25.653379440307617
reaction:2288,t-BuBrettPhos,2,t-BuBrettPhos,28.90716664,16.294639587402344,25.720550537109375
reaction:2289,t-BuBrettPhos,2,t-BuBrettPhos,32.16902238,33.69384002685547,25.771268844604492
reaction:2290,t-BuBrettPhos,2,t-BuBrettPhos,33.39106531,39.198280334472656,25.761730194091797
reaction:2291,t-BuBrettPhos,2,t-BuBrettPhos,16.27214516,18.233055114746094,25.97258758544922
reaction:2292,t-BuBrettPhos,2,t-BuBrettPhos,30.61272696,23.850139617919922,25.724578857421875
reaction:2293,t-BuBrettPhos,2,t-BuBrettPhos,42.70251629,30.531599044799805,25.71820068359375
reaction:2294,t-BuBrettPhos,2,t-BuBrettPhos,0.593797719,10.49217414855957,26.219545364379883
reaction:2295,t-BuBrettPhos,2,t-BuBrettPhos,23.1010236,24.976703643798828,25.906030654907227
reaction:2296,t-BuBrettPhos,2,t-BuBrettPhos,29.85245303,29.44357681274414,26.241127014160156
reaction:2297,t-BuBrettPhos,2,t-BuBrettPhos,9.228754169,12.825014114379883,25.71945571899414
reaction:2298,t-BuBrettPhos,2,t-BuBrettPhos,54.9141799,37.13904571533203,25.782514572143555
reaction:2299,t-BuBrettPhos,2,t-BuBrettPhos,59.29246641,41.54875946044922,26.130290985107422
reaction:2300,t-BuBrettPhos,2,t-BuBrettPhos,56.49708288,35.72859191894531,26.06557273864746
reaction:2301,t-BuBrettPhos,2,t-BuBrettPhos,63.56506276,39.6681022644043,25.850738525390625
reaction:2302,t-BuBrettPhos,2,t-BuBrettPhos,68.44214129,43.29163360595703,25.777267456054688
reaction:2303,t-BuBrettPhos,2,t-BuBrettPhos,36.10795647,22.449539184570312,25.86004066467285
reaction:2304,t-BuBrettPhos,2,t-BuBrettPhos,70.74157393,34.973785400390625,25.892311096191406
reaction:2305,t-BuBrettPhos,2,t-BuBrettPhos,73.24639173,45.70273971557617,25.870262145996094
reaction:2306,t-BuBrettPhos,2,t-BuBrettPhos,16.10027076,13.343181610107422,25.969715118408203
reaction:2307,t-BuBrettPhos,2,t-BuBrettPhos,29.89972719,23.82086753845215,25.726266860961914
reaction:2308,t-BuBrettPhos,2,t-BuBrettPhos,33.0062022,30.22237205505371,25.719263076782227
reaction:2309,t-BuBrettPhos,2,t-BuBrettPhos,0.0,5.915285110473633,26.219627380371094
reaction:2310,t-BuBrettPhos,2,t-BuBrettPhos,11.92095297,17.966726303100586,25.893199920654297
reaction:2311,t-BuBrettPhos,2,t-BuBrettPhos,18.20662132,25.212236404418945,26.24945640563965
reaction:2312,t-BuBrettPhos,2,t-BuBrettPhos,9.58087319,6.744407653808594,25.651893615722656
reaction:2313,t-BuBrettPhos,2,t-BuBrettPhos,38.52322666,30.183664321899414,25.80912208557129
reaction:2314,t-BuBrettPhos,2,t-BuBrettPhos,44.01604328,39.989139556884766,26.13264274597168
reaction:2315,t-BuBrettPhos,2,t-BuBrettPhos,36.66758858,25.154251098632812,26.06740379333496
reaction:2316,t-BuBrettPhos,2,t-BuBrettPhos,43.48269562,31.06862449645996,25.834318161010742
reaction:2317,t-BuBrettPhos,2,t-BuBrettPhos,47.63381676,36.153507232666016,25.77676773071289
reaction:2318,t-BuBrettPhos,2,t-BuBrettPhos,24.80297238,14.95431137084961,25.841909408569336
reaction:2319,t-BuBrettPhos,2,t-BuBrettPhos,53.55291415,38.378822326660156,25.883176803588867
reaction:2320,t-BuBrettPhos,2,t-BuBrettPhos,58.6831586,46.77442932128906,25.90107536315918
reaction:2321,t-BuBrettPhos,2,t-BuBrettPhos,22.90680768,21.459300994873047,25.959192276000977
reaction:2322,t-BuBrettPhos,2,t-BuBrettPhos,36.5499256,33.42416000366211,25.636789321899414
reaction:2323,t-BuBrettPhos,2,t-BuBrettPhos,49.30223849,42.55202865600586,25.63878631591797
reaction:2324,t-BuBrettPhos,2,t-BuBrettPhos,0.710304987,10.442926406860352,26.20676040649414
reaction:2325,t-BuBrettPhos,2,t-BuBrettPhos,29.57593303,30.42909049987793,25.895648956298828
reaction:2326,t-BuBrettPhos,2,t-BuBrettPhos,35.50826326,36.913734436035156,26.244365692138672
reaction:2327,t-BuBrettPhos,2,t-BuBrettPhos,13.45243807,12.116039276123047,25.722646713256836
reaction:2328,t-BuBrettPhos,2,t-BuBrettPhos,65.066599,46.48992919921875,25.784122467041016
reaction:2329,t-BuBrettPhos,2,t-BuBrettPhos,69.13479769,55.87401580810547,26.132722854614258
reaction:2330,t-BuBrettPhos,2,t-BuBrettPhos,80.10225068,50.56678009033203,26.06403350830078
reaction:2331,t-BuBrettPhos,2,t-BuBrettPhos,85.13318487,56.83681106567383,25.832317352294922
reaction:2332,t-BuBrettPhos,2,t-BuBrettPhos,89.59877790000002,64.68143463134766,25.776033401489258
reaction:2333,t-BuBrettPhos,2,t-BuBrettPhos,40.91094026,22.831125259399414,25.847021102905273
reaction:2334,t-BuBrettPhos,2,t-BuBrettPhos,80.00019125,54.1382942199707,25.893465042114258
reaction:2335,t-BuBrettPhos,2,t-BuBrettPhos,83.40919805,65.36865234375,25.887964248657227
reaction:2336,AdBrettPhos,0,AdBrettPhos,0.0,31.338403701782227,29.835067749023438
reaction:2337,AdBrettPhos,0,AdBrettPhos,0.0,31.60089683532715,29.83472442626953
reaction:2338,AdBrettPhos,0,AdBrettPhos,12.15190247,31.909013748168945,29.834739685058594
reaction:2339,AdBrettPhos,0,AdBrettPhos,0.0,31.165822982788086,29.8360595703125
reaction:2340,AdBrettPhos,0,AdBrettPhos,0.0,31.800214767456055,29.835786819458008
reaction:2341,AdBrettPhos,0,AdBrettPhos,7.843927615,31.823516845703125,29.83586311340332
reaction:2342,AdBrettPhos,0,AdBrettPhos,0.0,31.439496994018555,29.834705352783203
reaction:2343,AdBrettPhos,0,AdBrettPhos,1.023181291,32.458892822265625,29.834856033325195
reaction:2344,AdBrettPhos,0,AdBrettPhos,14.17510686,32.43788146972656,29.835330963134766
reaction:2345,AdBrettPhos,0,AdBrettPhos,0.0,32.298500061035156,29.836305618286133
reaction:2346,AdBrettPhos,0,AdBrettPhos,0.0,32.36975860595703,29.835641860961914
reaction:2347,AdBrettPhos,0,AdBrettPhos,17.5357483,32.62168502807617,29.835617065429688
reaction:2348,AdBrettPhos,0,AdBrettPhos,0.0,31.35894775390625,29.834983825683594
reaction:2349,AdBrettPhos,0,AdBrettPhos,0.0,31.86813735961914,29.83547592163086
reaction:2350,AdBrettPhos,0,AdBrettPhos,16.7720232,32.02609634399414,29.83475685119629
reaction:2351,AdBrettPhos,0,AdBrettPhos,12.19056007,32.327354431152344,29.835044860839844
reaction:2352,AdBrettPhos,0,AdBrettPhos,34.43934364,32.94721603393555,29.83472442626953
reaction:2353,AdBrettPhos,0,AdBrettPhos,36.629676,33.18349075317383,29.834747314453125
reaction:2354,AdBrettPhos,0,AdBrettPhos,0.4065857229999999,31.967939376831055,29.83610725402832
reaction:2355,AdBrettPhos,0,AdBrettPhos,33.21564888,32.63661193847656,29.835811614990234
reaction:2356,AdBrettPhos,0,AdBrettPhos,37.49278178,32.93996047973633,29.835857391357422
reaction:2357,AdBrettPhos,0,AdBrettPhos,1.161532817,32.11433410644531,29.83441734313965
reaction:2358,AdBrettPhos,0,AdBrettPhos,50.13324447,33.45594787597656,29.83487892150879
reaction:2359,AdBrettPhos,0,AdBrettPhos,58.15311301,33.819297790527344,29.835346221923828
reaction:2360,AdBrettPhos,0,AdBrettPhos,43.94688122,33.31537628173828,29.8363094329834
reaction:2361,AdBrettPhos,0,AdBrettPhos,46.59177534,33.62004852294922,29.835670471191406
reaction:2362,AdBrettPhos,0,AdBrettPhos,51.25885662,33.942989349365234,29.835533142089844
reaction:2363,AdBrettPhos,0,AdBrettPhos,14.93339955,32.27098083496094,29.834997177124023
reaction:2364,AdBrettPhos,0,AdBrettPhos,55.59012858,33.55329513549805,29.835500717163086
reaction:2365,AdBrettPhos,0,AdBrettPhos,55.78951841,33.7137451171875,29.834577560424805
reaction:2366,AdBrettPhos,0,AdBrettPhos,14.51047679,32.46232223510742,29.835054397583008
reaction:2367,AdBrettPhos,0,AdBrettPhos,38.37909694,33.1231689453125,29.83450698852539
reaction:2368,AdBrettPhos,0,AdBrettPhos,52.49415636,33.515804290771484,29.834522247314453
reaction:2369,AdBrettPhos,0,AdBrettPhos,0.7862553109999999,32.0048942565918,29.836111068725586
reaction:2370,AdBrettPhos,0,AdBrettPhos,47.61178197,32.98277282714844,29.8358097076416
reaction:2371,AdBrettPhos,0,AdBrettPhos,50.83768511,33.187679290771484,29.835866928100586
reaction:2372,AdBrettPhos,0,AdBrettPhos,1.226267555,32.21011734008789,29.834718704223633
reaction:2373,AdBrettPhos,0,AdBrettPhos,75.29152855,33.93524169921875,29.834917068481445
reaction:2374,AdBrettPhos,0,AdBrettPhos,79.19714754,34.3178825378418,29.835359573364258
reaction:2375,AdBrettPhos,0,AdBrettPhos,83.03295526,34.10982894897461,29.836322784423828
reaction:2376,AdBrettPhos,0,AdBrettPhos,93.56409267,34.42499542236328,29.8356990814209
reaction:2377,AdBrettPhos,0,AdBrettPhos,96.13228316,34.73908996582031,29.835529327392578
reaction:2378,AdBrettPhos,0,AdBrettPhos,11.53765302,32.35609817504883,29.835006713867188
reaction:2379,AdBrettPhos,0,AdBrettPhos,89.97416157,34.13115310668945,29.835491180419922
reaction:2380,AdBrettPhos,0,AdBrettPhos,86.79260178,34.36952590942383,29.83477210998535
reaction:2381,AdBrettPhos,0,AdBrettPhos,7.257395781,31.924270629882812,29.835405349731445
reaction:2382,AdBrettPhos,0,AdBrettPhos,9.576264128,32.05803680419922,29.83517074584961
reaction:2383,AdBrettPhos,0,AdBrettPhos,10.75553549,32.27579879760742,29.835180282592773
reaction:2384,AdBrettPhos,0,AdBrettPhos,0.6131578329999999,31.684497833251953,29.836505889892578
reaction:2385,AdBrettPhos,0,AdBrettPhos,10.63604029,32.25743103027344,29.836273193359375
reaction:2386,AdBrettPhos,0,AdBrettPhos,14.35852859,32.35493087768555,29.836376190185547
reaction:2387,AdBrettPhos,0,AdBrettPhos,1.582170389,31.933927536010742,29.83514404296875
reaction:2388,AdBrettPhos,0,AdBrettPhos,13.89350209,32.66689682006836,29.83527374267578
reaction:2389,AdBrettPhos,0,AdBrettPhos,23.26106265,32.86334228515625,29.83574867248535
reaction:2390,AdBrettPhos,0,AdBrettPhos,15.64688259,32.635887145996094,29.836780548095703
reaction:2391,AdBrettPhos,0,AdBrettPhos,16.4099085,32.704132080078125,29.83605194091797
reaction:2392,AdBrettPhos,0,AdBrettPhos,23.02454867,33.00641632080078,29.83617401123047
reaction:2393,AdBrettPhos,0,AdBrettPhos,7.488530825,31.967906951904297,29.835363388061523
reaction:2394,AdBrettPhos,0,AdBrettPhos,12.60415393,32.05836868286133,29.835840225219727
reaction:2395,AdBrettPhos,0,AdBrettPhos,14.36942688,32.295833587646484,29.835189819335938
reaction:2396,AdBrettPhos,0,AdBrettPhos,0.0,31.682353973388672,29.835372924804688
reaction:2397,AdBrettPhos,0,AdBrettPhos,3.835722246,32.08734130859375,29.835166931152344
reaction:2398,AdBrettPhos,0,AdBrettPhos,13.98397961,32.37116241455078,29.83518409729004
reaction:2399,AdBrettPhos,0,AdBrettPhos,0.0,31.457672119140625,29.836549758911133
reaction:2400,AdBrettPhos,0,AdBrettPhos,1.520182439,31.777908325195312,29.836305618286133
reaction:2401,AdBrettPhos,0,AdBrettPhos,16.00671459,32.228370666503906,29.83636474609375
reaction:2402,AdBrettPhos,0,AdBrettPhos,0.0,31.522449493408203,29.834856033325195
reaction:2403,AdBrettPhos,0,AdBrettPhos,3.744544243,32.12471389770508,29.835302352905273
reaction:2404,AdBrettPhos,0,AdBrettPhos,27.85496925,32.84785461425781,29.83575439453125
reaction:2405,AdBrettPhos,0,AdBrettPhos,3.964447459,32.14572525024414,29.836788177490234
reaction:2406,AdBrettPhos,0,AdBrettPhos,6.168096918,32.415428161621094,29.836084365844727
reaction:2407,AdBrettPhos,0,AdBrettPhos,14.42398425,33.01204299926758,29.836091995239258
reaction:2408,AdBrettPhos,0,AdBrettPhos,0.0,31.609603881835938,29.83537483215332
reaction:2409,AdBrettPhos,0,AdBrettPhos,7.466671245,32.30518341064453,29.835859298706055
reaction:2410,AdBrettPhos,0,AdBrettPhos,17.36013023,32.54145050048828,29.835006713867188
reaction:2411,AdBrettPhos,0,AdBrettPhos,5.889073661,32.170230865478516,29.83538246154785
reaction:2412,AdBrettPhos,0,AdBrettPhos,27.06341711,32.630149841308594,29.834945678710938
reaction:2413,AdBrettPhos,0,AdBrettPhos,34.65614692,32.93296432495117,29.834959030151367
reaction:2414,AdBrettPhos,0,AdBrettPhos,0.0,31.732370376586914,29.8365535736084
reaction:2415,AdBrettPhos,0,AdBrettPhos,24.41645938,32.42137908935547,29.836294174194336
reaction:2416,AdBrettPhos,0,AdBrettPhos,25.12838943,32.69501876831055,29.836376190185547
reaction:2417,AdBrettPhos,0,AdBrettPhos,0.954745242,31.902542114257812,29.83515739440918
reaction:2418,AdBrettPhos,0,AdBrettPhos,43.35191306,33.01521301269531,29.8353214263916
reaction:2419,AdBrettPhos,0,AdBrettPhos,51.5902696,33.6496696472168,29.835773468017578
reaction:2420,AdBrettPhos,0,AdBrettPhos,48.18783868,33.268646240234375,29.836793899536133
reaction:2421,AdBrettPhos,0,AdBrettPhos,49.14544471,33.50099182128906,29.836101531982422
reaction:2422,AdBrettPhos,0,AdBrettPhos,63.351286,34.100608825683594,29.836084365844727
reaction:2423,AdBrettPhos,0,AdBrettPhos,3.647451971,32.070045471191406,29.83537483215332
reaction:2424,AdBrettPhos,0,AdBrettPhos,43.17813797,33.17835235595703,29.835857391357422
reaction:2425,AdBrettPhos,0,AdBrettPhos,47.34357171,33.4747428894043,29.8351993560791
reaction:2426,AdBrettPhos,0,AdBrettPhos,0.698318685,31.653165817260742,29.836162567138672
reaction:2427,AdBrettPhos,0,AdBrettPhos,2.97486192,31.73827362060547,29.835830688476562
reaction:2428,AdBrettPhos,0,AdBrettPhos,3.10979023,31.800308227539062,29.835838317871094
reaction:2429,AdBrettPhos,0,AdBrettPhos,0.0,31.5369930267334,29.83716583251953
reaction:2430,AdBrettPhos,0,AdBrettPhos,0.489044772,31.89104652404785,29.836896896362305
reaction:2431,AdBrettPhos,0,AdBrettPhos,4.88514688,31.88201332092285,29.836973190307617
reaction:2432,AdBrettPhos,0,AdBrettPhos,0.0,31.811565399169922,29.835811614990234
reaction:2433,AdBrettPhos,0,AdBrettPhos,1.305562617,32.25674819946289,29.835960388183594
reaction:2434,AdBrettPhos,0,AdBrettPhos,6.931862367000001,32.144134521484375,29.836427688598633
reaction:2435,AdBrettPhos,0,AdBrettPhos,0.0,32.10154724121094,29.837413787841797
reaction:2436,AdBrettPhos,0,AdBrettPhos,0.0,32.04935073852539,29.83673858642578
reaction:2437,AdBrettPhos,0,AdBrettPhos,6.151237345,32.14659881591797,29.836732864379883
reaction:2438,AdBrettPhos,0,AdBrettPhos,0.0,31.708398818969727,29.836088180541992
reaction:2439,AdBrettPhos,0,AdBrettPhos,2.42482932,31.687725067138672,29.836572647094727
reaction:2440,AdBrettPhos,0,AdBrettPhos,7.121202502999999,31.792646408081055,29.835857391357422
reaction:2441,AdBrettPhos,0,AdBrettPhos,0.0,31.542938232421875,29.83611297607422
reaction:2442,AdBrettPhos,0,AdBrettPhos,1.12036933,31.83135986328125,29.8358154296875
reaction:2443,AdBrettPhos,0,AdBrettPhos,1.896181594,31.87706756591797,29.83582878112793
reaction:2444,AdBrettPhos,0,AdBrettPhos,0.0,31.3748836517334,29.83719253540039
reaction:2445,AdBrettPhos,0,AdBrettPhos,0.0,31.534584045410156,29.83690643310547
reaction:2446,AdBrettPhos,0,AdBrettPhos,0.974444275,31.773067474365234,29.836944580078125
reaction:2447,AdBrettPhos,0,AdBrettPhos,0.0,31.48278045654297,29.835500717163086
reaction:2448,AdBrettPhos,0,AdBrettPhos,0.9560868,31.83346939086914,29.835969924926758
reaction:2449,AdBrettPhos,0,AdBrettPhos,2.600006823,32.1120719909668,29.83641815185547
reaction:2450,AdBrettPhos,0,AdBrettPhos,0.0,31.729814529418945,29.837404251098633
reaction:2451,AdBrettPhos,0,AdBrettPhos,0.0,31.87993621826172,29.836755752563477
reaction:2452,AdBrettPhos,0,AdBrettPhos,0.0,32.13688659667969,29.83662986755371
reaction:2453,AdBrettPhos,0,AdBrettPhos,0.0,31.516700744628906,29.836082458496094
reaction:2454,AdBrettPhos,0,AdBrettPhos,0.0,31.96373176574707,29.836572647094727
reaction:2455,AdBrettPhos,0,AdBrettPhos,1.40959558,32.02327346801758,29.835668563842773
reaction:2456,AdBrettPhos,0,AdBrettPhos,17.87933698,32.088993072509766,29.836130142211914
reaction:2457,AdBrettPhos,0,AdBrettPhos,24.40165539,32.41740417480469,29.83559799194336
reaction:2458,AdBrettPhos,0,AdBrettPhos,24.45376754,32.52172088623047,29.835607528686523
reaction:2459,AdBrettPhos,0,AdBrettPhos,1.682541771,31.691614151000977,29.83719825744629
reaction:2460,AdBrettPhos,0,AdBrettPhos,18.44134196,32.17182922363281,29.836902618408203
reaction:2461,AdBrettPhos,0,AdBrettPhos,18.87491239,32.32540512084961,29.836957931518555
reaction:2462,AdBrettPhos,0,AdBrettPhos,6.9499718360000005,31.936723709106445,29.83580207824707
reaction:2463,AdBrettPhos,0,AdBrettPhos,30.37188127,32.713172912597656,29.83599853515625
reaction:2464,AdBrettPhos,0,AdBrettPhos,33.47151562,32.98725509643555,29.836441040039062
reaction:2465,AdBrettPhos,0,AdBrettPhos,34.48220577,32.891666412353516,29.83741569519043
reaction:2466,AdBrettPhos,0,AdBrettPhos,35.36016156,33.04241180419922,29.83678436279297
reaction:2467,AdBrettPhos,0,AdBrettPhos,35.68280094,33.29212188720703,29.83662986755371
reaction:2468,AdBrettPhos,0,AdBrettPhos,18.37316337,32.0908317565918,29.836091995239258
reaction:2469,AdBrettPhos,0,AdBrettPhos,27.82910373,32.87117385864258,29.836566925048828
reaction:2470,AdBrettPhos,0,AdBrettPhos,37.08543096,33.05006408691406,29.835859298706055
reaction:2471,AdBrettPhos,0,AdBrettPhos,8.62455294,32.3988037109375,29.83629035949707
reaction:2472,AdBrettPhos,0,AdBrettPhos,14.26125924,32.781925201416016,29.835981369018555
reaction:2473,AdBrettPhos,0,AdBrettPhos,28.49871025,33.13673782348633,29.83599090576172
reaction:2474,AdBrettPhos,0,AdBrettPhos,0.538585368,31.950450897216797,29.837316513061523
reaction:2475,AdBrettPhos,0,AdBrettPhos,13.34881918,32.67736053466797,29.83705711364746
reaction:2476,AdBrettPhos,0,AdBrettPhos,28.28230111,32.769256591796875,29.837142944335938
reaction:2477,AdBrettPhos,0,AdBrettPhos,1.999177844,32.30116653442383,29.835969924926758
reaction:2478,AdBrettPhos,0,AdBrettPhos,27.16016891,33.58052062988281,29.83610725402832
reaction:2479,AdBrettPhos,0,AdBrettPhos,50.52138402,33.643699645996094,29.83656883239746
reaction:2480,AdBrettPhos,0,AdBrettPhos,20.00288675,33.568233489990234,29.837566375732422
reaction:2481,AdBrettPhos,0,AdBrettPhos,25.99050807,33.709510803222656,29.836883544921875
reaction:2482,AdBrettPhos,0,AdBrettPhos,40.32898976,33.77719497680664,29.83690643310547
reaction:2483,AdBrettPhos,0,AdBrettPhos,13.34689497,32.75957107543945,29.836225509643555
reaction:2484,AdBrettPhos,0,AdBrettPhos,40.63647217,33.40065002441406,29.836708068847656
reaction:2485,AdBrettPhos,0,AdBrettPhos,74.04736649,33.606727600097656,29.836008071899414
reaction:2486,AdBrettPhos,0,AdBrettPhos,5.195732957,32.07439041137695,29.836280822753906
reaction:2487,AdBrettPhos,0,AdBrettPhos,19.31180946,32.66923141479492,29.83599853515625
reaction:2488,AdBrettPhos,0,AdBrettPhos,30.77223842,32.92793655395508,29.836017608642578
reaction:2489,AdBrettPhos,0,AdBrettPhos,0.0,31.573945999145508,29.83738136291504
reaction:2490,AdBrettPhos,0,AdBrettPhos,11.75749506,32.04098129272461,29.837100982666016
reaction:2491,AdBrettPhos,0,AdBrettPhos,23.34747951,32.379154205322266,29.8371524810791
reaction:2492,AdBrettPhos,0,AdBrettPhos,1.039903259,31.7982234954834,29.835689544677734
reaction:2493,AdBrettPhos,0,AdBrettPhos,28.39783953,32.8688850402832,29.83614158630371
reaction:2494,AdBrettPhos,0,AdBrettPhos,39.89470015,33.279747009277344,29.83660125732422
reaction:2495,AdBrettPhos,0,AdBrettPhos,13.79100096,32.87143325805664,29.837594985961914
reaction:2496,AdBrettPhos,0,AdBrettPhos,19.53099508,33.18837356567383,29.836938858032227
reaction:2497,AdBrettPhos,0,AdBrettPhos,26.870862899999995,33.45689392089844,29.83684539794922
reaction:2498,AdBrettPhos,0,AdBrettPhos,9.396462800000002,32.26484298706055,29.836252212524414
reaction:2499,AdBrettPhos,0,AdBrettPhos,40.58293806,33.356475830078125,29.836742401123047
reaction:2500,AdBrettPhos,0,AdBrettPhos,52.66349061,33.51351547241211,29.835847854614258
reaction:2501,AdBrettPhos,0,AdBrettPhos,15.85078385,32.41764450073242,29.836273193359375
reaction:2502,AdBrettPhos,0,AdBrettPhos,32.88980878,33.03810501098633,29.83576011657715
reaction:2503,AdBrettPhos,0,AdBrettPhos,47.13760632,33.44309616088867,29.835773468017578
reaction:2504,AdBrettPhos,0,AdBrettPhos,0.7072545920000001,31.78487205505371,29.83736801147461
reaction:2505,AdBrettPhos,0,AdBrettPhos,32.71728338,32.58317947387695,29.83707618713379
reaction:2506,AdBrettPhos,0,AdBrettPhos,41.68551837,32.83269119262695,29.83715057373047
reaction:2507,AdBrettPhos,0,AdBrettPhos,1.753987647,32.09369659423828,29.835979461669922
reaction:2508,AdBrettPhos,0,AdBrettPhos,54.56471519,33.609169006347656,29.836153030395508
reaction:2509,AdBrettPhos,0,AdBrettPhos,68.58213231,34.03539276123047,29.836606979370117
reaction:2510,AdBrettPhos,0,AdBrettPhos,60.52865164,33.954872131347656,29.837589263916016
reaction:2511,AdBrettPhos,0,AdBrettPhos,67.75052852,34.26301956176758,29.836938858032227
reaction:2512,AdBrettPhos,0,AdBrettPhos,80.80959568,34.50910949707031,29.83682632446289
reaction:2513,AdBrettPhos,0,AdBrettPhos,6.777260235,32.656044006347656,29.836238861083984
reaction:2514,AdBrettPhos,0,AdBrettPhos,48.77228165,34.12206268310547,29.836727142333984
reaction:2515,AdBrettPhos,0,AdBrettPhos,74.51133845,34.37782669067383,29.836021423339844
reaction:2516,XPhos,1,XPhos,24.10905766,37.39902114868164,33.552879333496094
reaction:2517,XPhos,1,XPhos,32.87780619,37.39902114868164,33.552879333496094
reaction:2518,XPhos,1,XPhos,43.39942952,37.39902114868164,33.552879333496094
reaction:2519,XPhos,1,XPhos,1.221284135,37.39902114868164,33.552879333496094
reaction:2520,XPhos,1,XPhos,25.1779767,37.39902114868164,33.552879333496094
reaction:2521,XPhos,1,XPhos,32.37253744,37.39902114868164,33.552879333496094
reaction:2522,XPhos,1,XPhos,7.676008537,37.39902114868164,33.552879333496094
reaction:2523,XPhos,1,XPhos,60.41732712,37.39902114868164,33.552879333496094
reaction:2524,XPhos,1,XPhos,64.50667156,37.39902114868164,33.552879333496094
reaction:2525,XPhos,1,XPhos,36.55522639,37.39902114868164,33.552879333496094
reaction:2526,XPhos,1,XPhos,46.64960106,37.39902114868164,33.552879333496094
reaction:2527,XPhos,1,XPhos,47.85301388,37.39902114868164,33.552879333496094
reaction:2528,XPhos,1,XPhos,21.44960942,37.39902114868164,33.552879333496094
reaction:2529,XPhos,1,XPhos,27.71714775,37.39902114868164,33.552879333496094
reaction:2530,XPhos,1,XPhos,52.2237426,37.39902114868164,33.552879333496094
reaction:2531,XPhos,1,XPhos,15.42545497,37.39902114868164,33.552879333496094
reaction:2532,XPhos,1,XPhos,30.08596307,37.39902114868164,33.552879333496094
reaction:2533,XPhos,1,XPhos,35.8368136,37.39902114868164,33.552879333496094
reaction:2534,XPhos,1,XPhos,0.0,37.39902114868164,33.552879333496094
reaction:2535,XPhos,1,XPhos,11.6535106,37.39902114868164,33.552879333496094
reaction:2536,XPhos,1,XPhos,17.02843498,37.39902114868164,33.552879333496094
reaction:2537,XPhos,1,XPhos,1.188847918,37.39902114868164,33.552879333496094
reaction:2538,XPhos,1,XPhos,32.40012299,37.39902114868164,33.552879333496094
reaction:2539,XPhos,1,XPhos,27.27757284,37.39902114868164,33.552879333496094
reaction:2540,XPhos,1,XPhos,24.95662893,37.39902114868164,33.552879333496094
reaction:2541,XPhos,1,XPhos,45.54864618,37.39902114868164,33.552879333496094
reaction:2542,XPhos,1,XPhos,42.79858664,37.39902114868164,33.552879333496094
reaction:2543,XPhos,1,XPhos,8.905135224,37.39902114868164,33.552879333496094
reaction:2544,XPhos,1,XPhos,18.1199602,37.39902114868164,33.552879333496094
reaction:2545,XPhos,1,XPhos,27.22195897,37.39902114868164,33.552879333496094
reaction:2546,XPhos,1,XPhos,8.286467695,37.39902114868164,33.552879333496094
reaction:2547,XPhos,1,XPhos,22.46669781,37.39902114868164,33.552879333496094
reaction:2548,XPhos,1,XPhos,37.70168941,37.39902114868164,33.552879333496094
reaction:2549,XPhos,1,XPhos,0.0,37.39902114868164,33.552879333496094
reaction:2550,XPhos,1,XPhos,8.034140762,37.39902114868164,33.552879333496094
reaction:2551,XPhos,1,XPhos,20.18480169,37.39902114868164,33.552879333496094
reaction:2552,XPhos,1,XPhos,0.662349524,37.39902114868164,33.552879333496094
reaction:2553,XPhos,1,XPhos,21.77773542,37.39902114868164,33.552879333496094
reaction:2554,XPhos,1,XPhos,53.28001638,37.39902114868164,33.552879333496094
reaction:2555,XPhos,1,XPhos,23.90935743,37.39902114868164,33.552879333496094
reaction:2556,XPhos,1,XPhos,47.15771685,37.39902114868164,33.552879333496094
reaction:2557,XPhos,1,XPhos,62.53548833,37.39902114868164,33.552879333496094
reaction:2558,XPhos,1,XPhos,4.577603745,37.39902114868164,33.552879333496094
reaction:2559,XPhos,1,XPhos,21.19444726,37.39902114868164,33.552879333496094
reaction:2560,XPhos,1,XPhos,42.00065126,37.39902114868164,33.552879333496094
reaction:2561,XPhos,1,XPhos,18.40035471,37.39902114868164,33.552879333496094
reaction:2562,XPhos,1,XPhos,16.25238798,37.39902114868164,33.552879333496094
reaction:2563,XPhos,1,XPhos,42.71521565,37.39902114868164,33.552879333496094
reaction:2564,XPhos,1,XPhos,0.0,37.39902114868164,33.552879333496094
reaction:2565,XPhos,1,XPhos,39.12148383,37.39902114868164,33.552879333496094
reaction:2566,XPhos,1,XPhos,47.59873076,37.39902114868164,33.552879333496094
reaction:2567,XPhos,1,XPhos,3.5977898880000003,37.39902114868164,33.552879333496094
reaction:2568,XPhos,1,XPhos,69.98737297,37.39902114868164,33.552879333496094
reaction:2569,XPhos,1,XPhos,70.05483344,37.39902114868164,33.552879333496094
reaction:2570,XPhos,1,XPhos,20.97581455,37.39902114868164,33.552879333496094
reaction:2571,XPhos,1,XPhos,23.18775097,37.39902114868164,33.552879333496094
reaction:2572,XPhos,1,XPhos,22.00500964,37.39902114868164,33.552879333496094
reaction:2573,XPhos,1,XPhos,18.04784884,37.39902114868164,33.552879333496094
reaction:2574,XPhos,1,XPhos,23.57347354,37.39902114868164,33.552879333496094
reaction:2575,XPhos,1,XPhos,81.35759178,37.39902114868164,33.552879333496094
reaction:2576,XPhos,1,XPhos,14.75153907,37.39902114868164,33.552879333496094
reaction:2577,XPhos,1,XPhos,31.62416369,37.39902114868164,33.552879333496094
reaction:2578,XPhos,1,XPhos,37.39576088,37.39902114868164,33.552879333496094
reaction:2579,XPhos,1,XPhos,0.448085745,37.39902114868164,33.552879333496094
reaction:2580,XPhos,1,XPhos,13.27473408,37.39902114868164,33.552879333496094
reaction:2581,XPhos,1,XPhos,17.72318391,37.39902114868164,33.552879333496094
reaction:2582,XPhos,1,XPhos,3.418730848,37.39902114868164,33.552879333496094
reaction:2583,XPhos,1,XPhos,25.1224442,37.39902114868164,33.552879333496094
reaction:2584,XPhos,1,XPhos,30.07190595,37.39902114868164,33.552879333496094
reaction:2585,XPhos,1,XPhos,22.54874195,37.39902114868164,33.552879333496094
reaction:2586,XPhos,1,XPhos,36.80117668,37.39902114868164,33.552879333496094
reaction:2587,XPhos,1,XPhos,42.20791273,37.39902114868164,33.552879333496094
reaction:2588,XPhos,1,XPhos,8.748271212999999,37.39902114868164,33.552879333496094
reaction:2589,XPhos,1,XPhos,19.13281286,37.39902114868164,33.552879333496094
reaction:2590,XPhos,1,XPhos,27.47497093,37.39902114868164,33.552879333496094
reaction:2591,XPhos,1,XPhos,9.361658454,37.39902114868164,33.552879333496094
reaction:2592,XPhos,1,XPhos,22.12521071,37.39902114868164,33.552879333496094
reaction:2593,XPhos,1,XPhos,38.83428513,37.39902114868164,33.552879333496094
reaction:2594,XPhos,1,XPhos,0.0,37.39902114868164,33.552879333496094
reaction:2595,XPhos,1,XPhos,9.540244592,37.39902114868164,33.552879333496094
reaction:2596,XPhos,1,XPhos,21.41511712,37.39902114868164,33.552879333496094
reaction:2597,XPhos,1,XPhos,2.217163117,37.39902114868164,33.552879333496094
reaction:2598,XPhos,1,XPhos,25.83582864,37.39902114868164,33.552879333496094
reaction:2599,XPhos,1,XPhos,53.84533811,37.39902114868164,33.552879333496094
reaction:2600,XPhos,1,XPhos,25.36847762,37.39902114868164,33.552879333496094
reaction:2601,XPhos,1,XPhos,50.91041247,37.39902114868164,33.552879333496094
reaction:2602,XPhos,1,XPhos,62.69909879,37.39902114868164,33.552879333496094
reaction:2603,XPhos,1,XPhos,5.005508734,37.39902114868164,33.552879333496094
reaction:2604,XPhos,1,XPhos,24.92895829,37.39902114868164,33.552879333496094
reaction:2605,XPhos,1,XPhos,43.08223061,37.39902114868164,33.552879333496094
reaction:2606,XPhos,1,XPhos,26.47105008,37.39902114868164,33.552879333496094
reaction:2607,XPhos,1,XPhos,15.00790512,37.39902114868164,33.552879333496094
reaction:2608,XPhos,1,XPhos,40.67066673,37.39902114868164,33.552879333496094
reaction:2609,XPhos,1,XPhos,10.03471889,37.39902114868164,33.552879333496094
reaction:2610,XPhos,1,XPhos,44.50757189,37.39902114868164,33.552879333496094
reaction:2611,XPhos,1,XPhos,50.81226991,37.39902114868164,33.552879333496094
reaction:2612,XPhos,1,XPhos,13.26153778,37.39902114868164,33.552879333496094
reaction:2613,XPhos,1,XPhos,66.43295508,37.39902114868164,33.552879333496094
reaction:2614,XPhos,1,XPhos,69.21564786,37.39902114868164,33.552879333496094
reaction:2615,XPhos,1,XPhos,16.47592229,37.39902114868164,33.552879333496094
reaction:2616,XPhos,1,XPhos,19.59466142,37.39902114868164,33.552879333496094
reaction:2617,XPhos,1,XPhos,19.12358264,37.39902114868164,33.552879333496094
reaction:2618,XPhos,1,XPhos,37.0158274,37.39902114868164,33.552879333496094
reaction:2619,XPhos,1,XPhos,10.02539168,37.39902114868164,33.552879333496094
reaction:2620,XPhos,1,XPhos,41.01536377,37.39902114868164,33.552879333496094
reaction:2621,XPhos,1,XPhos,17.88950545,37.39902114868164,33.552879333496094
reaction:2622,XPhos,1,XPhos,30.84474943,37.39902114868164,33.552879333496094
reaction:2623,XPhos,1,XPhos,42.94679968,37.39902114868164,33.552879333496094
reaction:2624,XPhos,1,XPhos,39.22831543,37.39902114868164,33.552879333496094
reaction:2625,XPhos,1,XPhos,47.13740479,37.39902114868164,33.552879333496094
reaction:2626,XPhos,1,XPhos,49.46765787,37.39902114868164,33.552879333496094
reaction:2627,XPhos,1,XPhos,6.2629300720000005,37.39902114868164,33.552879333496094
reaction:2628,XPhos,1,XPhos,24.92429214,37.39902114868164,33.552879333496094
reaction:2629,XPhos,1,XPhos,29.29928272,37.39902114868164,33.552879333496094
reaction:2630,XPhos,1,XPhos,26.0695387,37.39902114868164,33.552879333496094
reaction:2631,XPhos,1,XPhos,40.32928262,37.39902114868164,33.552879333496094
reaction:2632,XPhos,1,XPhos,46.57912629,37.39902114868164,33.552879333496094
reaction:2633,XPhos,1,XPhos,10.87603871,37.39902114868164,33.552879333496094
reaction:2634,XPhos,1,XPhos,19.12422917,37.39902114868164,33.552879333496094
reaction:2635,XPhos,1,XPhos,30.41179661,37.39902114868164,33.552879333496094
reaction:2636,XPhos,1,XPhos,12.69227905,37.39902114868164,33.552879333496094
reaction:2637,XPhos,1,XPhos,24.01338043,37.39902114868164,33.552879333496094
reaction:2638,XPhos,1,XPhos,38.95047983,37.39902114868164,33.552879333496094
reaction:2639,XPhos,1,XPhos,38.99137319,37.39902114868164,33.552879333496094
reaction:2640,XPhos,1,XPhos,45.82883908,37.39902114868164,33.552879333496094
reaction:2641,XPhos,1,XPhos,50.09626002,37.39902114868164,33.552879333496094
reaction:2642,XPhos,1,XPhos,5.967393026,37.39902114868164,33.552879333496094
reaction:2643,XPhos,1,XPhos,28.83921229,37.39902114868164,33.552879333496094
reaction:2644,XPhos,1,XPhos,55.76912496,37.39902114868164,33.552879333496094
reaction:2645,XPhos,1,XPhos,27.19452945,37.39902114868164,33.552879333496094
reaction:2646,XPhos,1,XPhos,55.41075316,37.39902114868164,33.552879333496094
reaction:2647,XPhos,1,XPhos,64.88423444,37.39902114868164,33.552879333496094
reaction:2648,XPhos,1,XPhos,7.65708472,37.39902114868164,33.552879333496094
reaction:2649,XPhos,1,XPhos,24.91728565,37.39902114868164,33.552879333496094
reaction:2650,XPhos,1,XPhos,43.47281583,37.39902114868164,33.552879333496094
reaction:2651,XPhos,1,XPhos,6.618305452,37.39902114868164,33.552879333496094
reaction:2652,XPhos,1,XPhos,19.22189421,37.39902114868164,33.552879333496094
reaction:2653,XPhos,1,XPhos,38.88169758,37.39902114868164,33.552879333496094
reaction:2654,XPhos,1,XPhos,0.0,37.39902114868164,33.552879333496094
reaction:2655,XPhos,1,XPhos,8.123761297,37.39902114868164,33.552879333496094
reaction:2656,XPhos,1,XPhos,9.226197008,37.39902114868164,33.552879333496094
reaction:2657,XPhos,1,XPhos,0.340410651,37.39902114868164,33.552879333496094
reaction:2658,XPhos,1,XPhos,32.95642094,37.39902114868164,33.552879333496094
reaction:2659,XPhos,1,XPhos,47.36333704,37.39902114868164,33.552879333496094
reaction:2660,XPhos,1,XPhos,24.01631717,37.39902114868164,33.552879333496094
reaction:2661,XPhos,1,XPhos,30.07960625,37.39902114868164,33.552879333496094
reaction:2662,XPhos,1,XPhos,29.79340439,37.39902114868164,33.552879333496094
reaction:2663,XPhos,1,XPhos,3.1690993310000004,37.39902114868164,33.552879333496094
reaction:2664,XPhos,1,XPhos,18.20970217,37.39902114868164,33.552879333496094
reaction:2665,XPhos,1,XPhos,28.27747642,37.39902114868164,33.552879333496094
reaction:2666,XPhos,1,XPhos,9.330486935,37.39902114868164,33.552879333496094
reaction:2667,XPhos,1,XPhos,24.08891574,37.39902114868164,33.552879333496094
reaction:2668,XPhos,1,XPhos,26.99117029,37.39902114868164,33.552879333496094
reaction:2669,XPhos,1,XPhos,0.0,37.39902114868164,33.552879333496094
reaction:2670,XPhos,1,XPhos,7.405890222999999,37.39902114868164,33.552879333496094
reaction:2671,XPhos,1,XPhos,8.430071853,37.39902114868164,33.552879333496094
reaction:2672,XPhos,1,XPhos,0.72962294,37.39902114868164,33.552879333496094
reaction:2673,XPhos,1,XPhos,20.3250042,37.39902114868164,33.552879333496094
reaction:2674,XPhos,1,XPhos,20.51920273,37.39902114868164,33.552879333496094
reaction:2675,XPhos,1,XPhos,21.60400316,37.39902114868164,33.552879333496094
reaction:2676,XPhos,1,XPhos,30.2871506,37.39902114868164,33.552879333496094
reaction:2677,XPhos,1,XPhos,38.85520908,37.39902114868164,33.552879333496094
reaction:2678,XPhos,1,XPhos,4.143900161,37.39902114868164,33.552879333496094
reaction:2679,XPhos,1,XPhos,16.01570816,37.39902114868164,33.552879333496094
reaction:2680,XPhos,1,XPhos,19.48013153,37.39902114868164,33.552879333496094
reaction:2681,XPhos,1,XPhos,5.982836529,37.39902114868164,33.552879333496094
reaction:2682,XPhos,1,XPhos,19.02499104,37.39902114868164,33.552879333496094
reaction:2683,XPhos,1,XPhos,34.0336157,37.39902114868164,33.552879333496094
reaction:2684,XPhos,1,XPhos,0.0,37.39902114868164,33.552879333496094
reaction:2685,XPhos,1,XPhos,4.698019536,37.39902114868164,33.552879333496094
reaction:2686,XPhos,1,XPhos,8.109204436,37.39902114868164,33.552879333496094
reaction:2687,XPhos,1,XPhos,0.94272788,37.39902114868164,33.552879333496094
reaction:2688,XPhos,1,XPhos,17.29489164,37.39902114868164,33.552879333496094
reaction:2689,XPhos,1,XPhos,38.16631108,37.39902114868164,33.552879333496094
reaction:2690,XPhos,1,XPhos,25.48313253,37.39902114868164,33.552879333496094
reaction:2691,XPhos,1,XPhos,49.96376516,37.39902114868164,33.552879333496094
reaction:2692,XPhos,1,XPhos,54.07334238,37.39902114868164,33.552879333496094
reaction:2693,XPhos,1,XPhos,3.609434473,37.39902114868164,33.552879333496094
reaction:2694,XPhos,1,XPhos,16.57162393,37.39902114868164,33.552879333496094
reaction:2695,XPhos,1,XPhos,32.51941474,37.39902114868164,33.552879333496094
reaction:2696,t-BuXPhos,3,t-BuXPhos,24.17024028,30.424705505371094,29.913738250732422
reaction:2697,t-BuXPhos,3,t-BuXPhos,35.80552258,30.424705505371094,29.913738250732422
reaction:2698,t-BuXPhos,3,t-BuXPhos,40.2947746,30.424705505371094,29.913738250732422
reaction:2699,t-BuXPhos,3,t-BuXPhos,3.120933892,30.424705505371094,29.913738250732422
reaction:2700,t-BuXPhos,3,t-BuXPhos,42.30149711,30.424705505371094,29.913738250732422
reaction:2701,t-BuXPhos,3,t-BuXPhos,40.31193463,30.424705505371094,29.913738250732422
reaction:2702,t-BuXPhos,3,t-BuXPhos,10.90397812,30.424705505371094,29.913738250732422
reaction:2703,t-BuXPhos,3,t-BuXPhos,61.05645885,30.424705505371094,29.913738250732422
reaction:2704,t-BuXPhos,3,t-BuXPhos,64.44051661,30.424705505371094,29.913738250732422
reaction:2705,t-BuXPhos,3,t-BuXPhos,70.14701034,30.424705505371094,29.913738250732422
reaction:2706,t-BuXPhos,3,t-BuXPhos,70.25926715,30.424705505371094,29.913738250732422
reaction:2707,t-BuXPhos,3,t-BuXPhos,73.95050649,30.424705505371094,29.913738250732422
reaction:2708,t-BuXPhos,3,t-BuXPhos,27.32089436,30.424705505371094,29.913738250732422
reaction:2709,t-BuXPhos,3,t-BuXPhos,72.8784855,30.424705505371094,29.913738250732422
reaction:2710,t-BuXPhos,3,t-BuXPhos,74.62339174,30.424705505371094,29.913738250732422
reaction:2711,t-BuXPhos,3,t-BuXPhos,21.83853262,30.424705505371094,29.913738250732422
reaction:2712,t-BuXPhos,3,t-BuXPhos,34.89766998,30.424705505371094,29.913738250732422
reaction:2713,t-BuXPhos,3,t-BuXPhos,40.40712226,30.424705505371094,29.913738250732422
reaction:2714,t-BuXPhos,3,t-BuXPhos,0.3399420529999999,30.424705505371094,29.913738250732422
reaction:2715,t-BuXPhos,3,t-BuXPhos,37.12675544,30.424705505371094,29.913738250732422
reaction:2716,t-BuXPhos,3,t-BuXPhos,34.27058432,30.424705505371094,29.913738250732422
reaction:2717,t-BuXPhos,3,t-BuXPhos,1.3589469669999998,30.424705505371094,29.913738250732422
reaction:2718,t-BuXPhos,3,t-BuXPhos,57.33300234,30.424705505371094,29.913738250732422
reaction:2719,t-BuXPhos,3,t-BuXPhos,64.45105489,30.424705505371094,29.913738250732422
reaction:2720,t-BuXPhos,3,t-BuXPhos,61.13755675,30.424705505371094,29.913738250732422
reaction:2721,t-BuXPhos,3,t-BuXPhos,70.67829218,30.424705505371094,29.913738250732422
reaction:2722,t-BuXPhos,3,t-BuXPhos,58.46064001,30.424705505371094,29.913738250732422
reaction:2723,t-BuXPhos,3,t-BuXPhos,21.26152094,30.424705505371094,29.913738250732422
reaction:2724,t-BuXPhos,3,t-BuXPhos,61.01774399,30.424705505371094,29.913738250732422
reaction:2725,t-BuXPhos,3,t-BuXPhos,68.67316565,30.424705505371094,29.913738250732422
reaction:2726,t-BuXPhos,3,t-BuXPhos,24.48223218,30.424705505371094,29.913738250732422
reaction:2727,t-BuXPhos,3,t-BuXPhos,38.35488356,30.424705505371094,29.913738250732422
reaction:2728,t-BuXPhos,3,t-BuXPhos,42.68462411,30.424705505371094,29.913738250732422
reaction:2729,t-BuXPhos,3,t-BuXPhos,0.399824711,30.424705505371094,29.913738250732422
reaction:2730,t-BuXPhos,3,t-BuXPhos,47.37471195,30.424705505371094,29.913738250732422
reaction:2731,t-BuXPhos,3,t-BuXPhos,42.52654707,30.424705505371094,29.913738250732422
reaction:2732,t-BuXPhos,3,t-BuXPhos,1.442502721,30.424705505371094,29.913738250732422
reaction:2733,t-BuXPhos,3,t-BuXPhos,67.97015702,30.424705505371094,29.913738250732422
reaction:2734,t-BuXPhos,3,t-BuXPhos,67.99152053,30.424705505371094,29.913738250732422
reaction:2735,t-BuXPhos,3,t-BuXPhos,83.17489955,30.424705505371094,29.913738250732422
reaction:2736,t-BuXPhos,3,t-BuXPhos,81.27460019,30.424705505371094,29.913738250732422
reaction:2737,t-BuXPhos,3,t-BuXPhos,84.68245385,30.424705505371094,29.913738250732422
reaction:2738,t-BuXPhos,3,t-BuXPhos,23.79770547,30.424705505371094,29.913738250732422
reaction:2739,t-BuXPhos,3,t-BuXPhos,79.51166554,30.424705505371094,29.913738250732422
reaction:2740,t-BuXPhos,3,t-BuXPhos,79.64252926,30.424705505371094,29.913738250732422
reaction:2741,t-BuXPhos,3,t-BuXPhos,31.73318055,30.424705505371094,29.913738250732422
reaction:2742,t-BuXPhos,3,t-BuXPhos,33.92093167,30.424705505371094,29.913738250732422
reaction:2743,t-BuXPhos,3,t-BuXPhos,38.41251828,30.424705505371094,29.913738250732422
reaction:2744,t-BuXPhos,3,t-BuXPhos,1.277604509,30.424705505371094,29.913738250732422
reaction:2745,t-BuXPhos,3,t-BuXPhos,46.04956103,30.424705505371094,29.913738250732422
reaction:2746,t-BuXPhos,3,t-BuXPhos,43.335395,30.424705505371094,29.913738250732422
reaction:2747,t-BuXPhos,3,t-BuXPhos,9.850315112,30.424705505371094,29.913738250732422
reaction:2748,t-BuXPhos,3,t-BuXPhos,63.8388463,30.424705505371094,29.913738250732422
reaction:2749,t-BuXPhos,3,t-BuXPhos,64.60187181,30.424705505371094,29.913738250732422
reaction:2750,t-BuXPhos,3,t-BuXPhos,54.53336611,30.424705505371094,29.913738250732422
reaction:2751,t-BuXPhos,3,t-BuXPhos,55.70352222,30.424705505371094,29.913738250732422
reaction:2752,t-BuXPhos,3,t-BuXPhos,57.7580975,30.424705505371094,29.913738250732422
reaction:2753,t-BuXPhos,3,t-BuXPhos,51.955783200000006,30.424705505371094,29.913738250732422
reaction:2754,t-BuXPhos,3,t-BuXPhos,71.32414041,30.424705505371094,29.913738250732422
reaction:2755,t-BuXPhos,3,t-BuXPhos,78.36249844,30.424705505371094,29.913738250732422
reaction:2756,t-BuXPhos,3,t-BuXPhos,31.26129694,30.424705505371094,29.913738250732422
reaction:2757,t-BuXPhos,3,t-BuXPhos,38.72175402,30.424705505371094,29.913738250732422
reaction:2758,t-BuXPhos,3,t-BuXPhos,36.57290373,30.424705505371094,29.913738250732422
reaction:2759,t-BuXPhos,3,t-BuXPhos,0.719285108,30.424705505371094,29.913738250732422
reaction:2760,t-BuXPhos,3,t-BuXPhos,36.22635154,30.424705505371094,29.913738250732422
reaction:2761,t-BuXPhos,3,t-BuXPhos,33.94655387,30.424705505371094,29.913738250732422
reaction:2762,t-BuXPhos,3,t-BuXPhos,3.373624056,30.424705505371094,29.913738250732422
reaction:2763,t-BuXPhos,3,t-BuXPhos,54.46826622,30.424705505371094,29.913738250732422
reaction:2764,t-BuXPhos,3,t-BuXPhos,62.7905956,30.424705505371094,29.913738250732422
reaction:2765,t-BuXPhos,3,t-BuXPhos,66.11270607,30.424705505371094,29.913738250732422
reaction:2766,t-BuXPhos,3,t-BuXPhos,66.35401825,30.424705505371094,29.913738250732422
reaction:2767,t-BuXPhos,3,t-BuXPhos,65.50261834,30.424705505371094,29.913738250732422
reaction:2768,t-BuXPhos,3,t-BuXPhos,33.03335054,30.424705505371094,29.913738250732422
reaction:2769,t-BuXPhos,3,t-BuXPhos,65.91039362,30.424705505371094,29.913738250732422
reaction:2770,t-BuXPhos,3,t-BuXPhos,67.31022474,30.424705505371094,29.913738250732422
reaction:2771,t-BuXPhos,3,t-BuXPhos,33.931236600000005,30.424705505371094,29.913738250732422
reaction:2772,t-BuXPhos,3,t-BuXPhos,40.60161129,30.424705505371094,29.913738250732422
reaction:2773,t-BuXPhos,3,t-BuXPhos,42.25144884,30.424705505371094,29.913738250732422
reaction:2774,t-BuXPhos,3,t-BuXPhos,1.152603634,30.424705505371094,29.913738250732422
reaction:2775,t-BuXPhos,3,t-BuXPhos,46.21141257,30.424705505371094,29.913738250732422
reaction:2776,t-BuXPhos,3,t-BuXPhos,44.40779423,30.424705505371094,29.913738250732422
reaction:2777,t-BuXPhos,3,t-BuXPhos,3.864236463,30.424705505371094,29.913738250732422
reaction:2778,t-BuXPhos,3,t-BuXPhos,69.25619095,30.424705505371094,29.913738250732422
reaction:2779,t-BuXPhos,3,t-BuXPhos,68.71737558,30.424705505371094,29.913738250732422
reaction:2780,t-BuXPhos,3,t-BuXPhos,82.51131881,30.424705505371094,29.913738250732422
reaction:2781,t-BuXPhos,3,t-BuXPhos,84.42429873,30.424705505371094,29.913738250732422
reaction:2782,t-BuXPhos,3,t-BuXPhos,83.82528245,30.424705505371094,29.913738250732422
reaction:2783,t-BuXPhos,3,t-BuXPhos,33.61928283,30.424705505371094,29.913738250732422
reaction:2784,t-BuXPhos,3,t-BuXPhos,76.73725946,30.424705505371094,29.913738250732422
reaction:2785,t-BuXPhos,3,t-BuXPhos,78.2529931,30.424705505371094,29.913738250732422
reaction:2786,t-BuXPhos,3,t-BuXPhos,33.44709826,30.424705505371094,29.913738250732422
reaction:2787,t-BuXPhos,3,t-BuXPhos,36.56526068,30.424705505371094,29.913738250732422
reaction:2788,t-BuXPhos,3,t-BuXPhos,39.55792883,30.424705505371094,29.913738250732422
reaction:2789,t-BuXPhos,3,t-BuXPhos,8.38964842,30.424705505371094,29.913738250732422
reaction:2790,t-BuXPhos,3,t-BuXPhos,65.92742304,30.424705505371094,29.913738250732422
reaction:2791,t-BuXPhos,3,t-BuXPhos,63.53284655,30.424705505371094,29.913738250732422
reaction:2792,t-BuXPhos,3,t-BuXPhos,9.771808987,30.424705505371094,29.913738250732422
reaction:2793,t-BuXPhos,3,t-BuXPhos,64.80559966,30.424705505371094,29.913738250732422
reaction:2794,t-BuXPhos,3,t-BuXPhos,63.41514905,30.424705505371094,29.913738250732422
reaction:2795,t-BuXPhos,3,t-BuXPhos,62.46560879,30.424705505371094,29.913738250732422
reaction:2796,t-BuXPhos,3,t-BuXPhos,64.57811697,30.424705505371094,29.913738250732422
reaction:2797,t-BuXPhos,3,t-BuXPhos,63.222267,30.424705505371094,29.913738250732422
reaction:2798,t-BuXPhos,3,t-BuXPhos,65.33671460000001,30.424705505371094,29.913738250732422
reaction:2799,t-BuXPhos,3,t-BuXPhos,72.70586315,30.424705505371094,29.913738250732422
reaction:2800,t-BuXPhos,3,t-BuXPhos,76.79526891,30.424705505371094,29.913738250732422
reaction:2801,t-BuXPhos,3,t-BuXPhos,33.27025402,30.424705505371094,29.913738250732422
reaction:2802,t-BuXPhos,3,t-BuXPhos,39.35320613,30.424705505371094,29.913738250732422
reaction:2803,t-BuXPhos,3,t-BuXPhos,39.02512557,30.424705505371094,29.913738250732422
reaction:2804,t-BuXPhos,3,t-BuXPhos,41.03794598,30.424705505371094,29.913738250732422
reaction:2805,t-BuXPhos,3,t-BuXPhos,57.95486785,30.424705505371094,29.913738250732422
reaction:2806,t-BuXPhos,3,t-BuXPhos,52.14546944,30.424705505371094,29.913738250732422
reaction:2807,t-BuXPhos,3,t-BuXPhos,5.06261629,30.424705505371094,29.913738250732422
reaction:2808,t-BuXPhos,3,t-BuXPhos,57.19204969,30.424705505371094,29.913738250732422
reaction:2809,t-BuXPhos,3,t-BuXPhos,59.81582481,30.424705505371094,29.913738250732422
reaction:2810,t-BuXPhos,3,t-BuXPhos,62.39976577,30.424705505371094,29.913738250732422
reaction:2811,t-BuXPhos,3,t-BuXPhos,66.50686069,30.424705505371094,29.913738250732422
reaction:2812,t-BuXPhos,3,t-BuXPhos,62.22086343,30.424705505371094,29.913738250732422
reaction:2813,t-BuXPhos,3,t-BuXPhos,37.522573,30.424705505371094,29.913738250732422
reaction:2814,t-BuXPhos,3,t-BuXPhos,60.65973957,30.424705505371094,29.913738250732422
reaction:2815,t-BuXPhos,3,t-BuXPhos,65.9488999,30.424705505371094,29.913738250732422
reaction:2816,t-BuXPhos,3,t-BuXPhos,37.07516302,30.424705505371094,29.913738250732422
reaction:2817,t-BuXPhos,3,t-BuXPhos,39.89366621,30.424705505371094,29.913738250732422
reaction:2818,t-BuXPhos,3,t-BuXPhos,41.55598689,30.424705505371094,29.913738250732422
reaction:2819,t-BuXPhos,3,t-BuXPhos,42.05804129999999,30.424705505371094,29.913738250732422
reaction:2820,t-BuXPhos,3,t-BuXPhos,66.26538653,30.424705505371094,29.913738250732422
reaction:2821,t-BuXPhos,3,t-BuXPhos,56.80622374,30.424705505371094,29.913738250732422
reaction:2822,t-BuXPhos,3,t-BuXPhos,5.460903942000001,30.424705505371094,29.913738250732422
reaction:2823,t-BuXPhos,3,t-BuXPhos,69.07936453,30.424705505371094,29.913738250732422
reaction:2824,t-BuXPhos,3,t-BuXPhos,67.52036403,30.424705505371094,29.913738250732422
reaction:2825,t-BuXPhos,3,t-BuXPhos,84.81458604,30.424705505371094,29.913738250732422
reaction:2826,t-BuXPhos,3,t-BuXPhos,83.82537223,30.424705505371094,29.913738250732422
reaction:2827,t-BuXPhos,3,t-BuXPhos,85.99469652,30.424705505371094,29.913738250732422
reaction:2828,t-BuXPhos,3,t-BuXPhos,45.19876304,30.424705505371094,29.913738250732422
reaction:2829,t-BuXPhos,3,t-BuXPhos,78.63353277,30.424705505371094,29.913738250732422
reaction:2830,t-BuXPhos,3,t-BuXPhos,81.63071985,30.424705505371094,29.913738250732422
reaction:2831,t-BuXPhos,3,t-BuXPhos,17.50108516,30.424705505371094,29.913738250732422
reaction:2832,t-BuXPhos,3,t-BuXPhos,38.94339394,30.424705505371094,29.913738250732422
reaction:2833,t-BuXPhos,3,t-BuXPhos,40.11142329,30.424705505371094,29.913738250732422
reaction:2834,t-BuXPhos,3,t-BuXPhos,0.0,30.424705505371094,29.913738250732422
reaction:2835,t-BuXPhos,3,t-BuXPhos,42.74477554,30.424705505371094,29.913738250732422
reaction:2836,t-BuXPhos,3,t-BuXPhos,44.8781348,30.424705505371094,29.913738250732422
reaction:2837,t-BuXPhos,3,t-BuXPhos,0.6491105420000001,30.424705505371094,29.913738250732422
reaction:2838,t-BuXPhos,3,t-BuXPhos,65.57301901,30.424705505371094,29.913738250732422
reaction:2839,t-BuXPhos,3,t-BuXPhos,66.67600965,30.424705505371094,29.913738250732422
reaction:2840,t-BuXPhos,3,t-BuXPhos,70.24905586,30.424705505371094,29.913738250732422
reaction:2841,t-BuXPhos,3,t-BuXPhos,69.97972982,30.424705505371094,29.913738250732422
reaction:2842,t-BuXPhos,3,t-BuXPhos,75.73582011,30.424705505371094,29.913738250732422
reaction:2843,t-BuXPhos,3,t-BuXPhos,8.776630532999999,30.424705505371094,29.913738250732422
reaction:2844,t-BuXPhos,3,t-BuXPhos,74.07785582,30.424705505371094,29.913738250732422
reaction:2845,t-BuXPhos,3,t-BuXPhos,75.28558302,30.424705505371094,29.913738250732422
reaction:2846,t-BuXPhos,3,t-BuXPhos,12.26279814,30.424705505371094,29.913738250732422
reaction:2847,t-BuXPhos,3,t-BuXPhos,37.31441052,30.424705505371094,29.913738250732422
reaction:2848,t-BuXPhos,3,t-BuXPhos,36.58867026,30.424705505371094,29.913738250732422
reaction:2849,t-BuXPhos,3,t-BuXPhos,0.0,30.424705505371094,29.913738250732422
reaction:2850,t-BuXPhos,3,t-BuXPhos,38.66523027,30.424705505371094,29.913738250732422
reaction:2851,t-BuXPhos,3,t-BuXPhos,31.57364304,30.424705505371094,29.913738250732422
reaction:2852,t-BuXPhos,3,t-BuXPhos,0.638545637,30.424705505371094,29.913738250732422
reaction:2853,t-BuXPhos,3,t-BuXPhos,57.71086681,30.424705505371094,29.913738250732422
reaction:2854,t-BuXPhos,3,t-BuXPhos,59.93143231,30.424705505371094,29.913738250732422
reaction:2855,t-BuXPhos,3,t-BuXPhos,61.82340519,30.424705505371094,29.913738250732422
reaction:2856,t-BuXPhos,3,t-BuXPhos,71.09717455,30.424705505371094,29.913738250732422
reaction:2857,t-BuXPhos,3,t-BuXPhos,59.66718586,30.424705505371094,29.913738250732422
reaction:2858,t-BuXPhos,3,t-BuXPhos,6.7680647810000005,30.424705505371094,29.913738250732422
reaction:2859,t-BuXPhos,3,t-BuXPhos,63.07769687,30.424705505371094,29.913738250732422
reaction:2860,t-BuXPhos,3,t-BuXPhos,68.10761052,30.424705505371094,29.913738250732422
reaction:2861,t-BuXPhos,3,t-BuXPhos,12.21708819,30.424705505371094,29.913738250732422
reaction:2862,t-BuXPhos,3,t-BuXPhos,40.36775448,30.424705505371094,29.913738250732422
reaction:2863,t-BuXPhos,3,t-BuXPhos,42.68363634,30.424705505371094,29.913738250732422
reaction:2864,t-BuXPhos,3,t-BuXPhos,0.0,30.424705505371094,29.913738250732422
reaction:2865,t-BuXPhos,3,t-BuXPhos,47.71503964,30.424705505371094,29.913738250732422
reaction:2866,t-BuXPhos,3,t-BuXPhos,44.37252425,30.424705505371094,29.913738250732422
reaction:2867,t-BuXPhos,3,t-BuXPhos,0.609947969,30.424705505371094,29.913738250732422
reaction:2868,t-BuXPhos,3,t-BuXPhos,70.19925962,30.424705505371094,29.913738250732422
reaction:2869,t-BuXPhos,3,t-BuXPhos,65.42133393,30.424705505371094,29.913738250732422
reaction:2870,t-BuXPhos,3,t-BuXPhos,84.64975432,30.424705505371094,29.913738250732422
reaction:2871,t-BuXPhos,3,t-BuXPhos,83.38501147,30.424705505371094,29.913738250732422
reaction:2872,t-BuXPhos,3,t-BuXPhos,86.49714531,30.424705505371094,29.913738250732422
reaction:2873,t-BuXPhos,3,t-BuXPhos,0.0,30.424705505371094,29.913738250732422
reaction:2874,t-BuXPhos,3,t-BuXPhos,78.00288409,30.424705505371094,29.913738250732422
reaction:2875,t-BuXPhos,3,t-BuXPhos,79.34654649,30.424705505371094,29.913738250732422
reaction:2876,t-BuBrettPhos,2,t-BuBrettPhos,7.147036957999999,21.60755157470703,25.691884994506836
reaction:2877,t-BuBrettPhos,2,t-BuBrettPhos,28.25277351,31.16930389404297,25.43617057800293
reaction:2878,t-BuBrettPhos,2,t-BuBrettPhos,34.79607292,37.4453010559082,25.428958892822266
reaction:2879,t-BuBrettPhos,2,t-BuBrettPhos,0.4713272579999999,15.00711441040039,25.941129684448242
reaction:2880,t-BuBrettPhos,2,t-BuBrettPhos,38.40946204,38.552513122558594,25.620956420898438
reaction:2881,t-BuBrettPhos,2,t-BuBrettPhos,42.82874785,42.192283630371094,25.96957015991211
reaction:2882,t-BuBrettPhos,2,t-BuBrettPhos,6.975926865,17.101158142089844,25.43035888671875
reaction:2883,t-BuBrettPhos,2,t-BuBrettPhos,54.39040243,51.21246337890625,25.493654251098633
reaction:2884,t-BuBrettPhos,2,t-BuBrettPhos,68.43167679,55.477394104003906,25.8333683013916
reaction:2885,t-BuBrettPhos,2,t-BuBrettPhos,70.51359377,52.930442810058594,25.767372131347656
reaction:2886,t-BuBrettPhos,2,t-BuBrettPhos,72.16100406,56.870948791503906,25.5661563873291
reaction:2887,t-BuBrettPhos,2,t-BuBrettPhos,78.28452045,59.34129333496094,25.485506057739258
reaction:2888,t-BuBrettPhos,2,t-BuBrettPhos,6.877576478,23.283626556396484,25.575286865234375
reaction:2889,t-BuBrettPhos,2,t-BuBrettPhos,47.63735715,44.72180938720703,25.603260040283203
reaction:2890,t-BuBrettPhos,2,t-BuBrettPhos,52.16406686,52.547584533691406,25.584508895874023
reaction:2891,t-BuBrettPhos,2,t-BuBrettPhos,3.849200649,14.649858474731445,25.703752517700195
reaction:2892,t-BuBrettPhos,2,t-BuBrettPhos,35.33279168,29.194786071777344,25.452348709106445
reaction:2893,t-BuBrettPhos,2,t-BuBrettPhos,37.62624076,35.6412467956543,25.44512176513672
reaction:2894,t-BuBrettPhos,2,t-BuBrettPhos,0.0,8.409444808959961,25.955520629882812
reaction:2895,t-BuBrettPhos,2,t-BuBrettPhos,25.94389985,28.462509155273438,25.62327003479004
reaction:2896,t-BuBrettPhos,2,t-BuBrettPhos,42.12607272,35.91831970214844,25.991037368774414
reaction:2897,t-BuBrettPhos,2,t-BuBrettPhos,3.554195282,8.700765609741211,25.380531311035156
reaction:2898,t-BuBrettPhos,2,t-BuBrettPhos,50.4472159,40.732173919677734,25.536880493164062
reaction:2899,t-BuBrettPhos,2,t-BuBrettPhos,62.03548199,52.73155975341797,25.851505279541016
reaction:2900,t-BuBrettPhos,2,t-BuBrettPhos,55.58164705,37.348419189453125,25.785324096679688
reaction:2901,t-BuBrettPhos,2,t-BuBrettPhos,56.60877307,44.3760986328125,25.56410026550293
reaction:2902,t-BuBrettPhos,2,t-BuBrettPhos,69.52780108,48.767295837402344,25.500642776489258
reaction:2903,t-BuBrettPhos,2,t-BuBrettPhos,2.7908224180000003,13.973495483398438,25.571531295776367
reaction:2904,t-BuBrettPhos,2,t-BuBrettPhos,55.60412419,47.04943084716797,25.608821868896484
reaction:2905,t-BuBrettPhos,2,t-BuBrettPhos,65.50667277,54.34442901611328,25.6311092376709
reaction:2906,t-BuBrettPhos,2,t-BuBrettPhos,3.638207936,16.43804168701172,25.684782028198242
reaction:2907,t-BuBrettPhos,2,t-BuBrettPhos,35.20060583,32.78647994995117,25.35334587097168
reaction:2908,t-BuBrettPhos,2,t-BuBrettPhos,40.48594286,41.361778259277344,25.354707717895508
reaction:2909,t-BuBrettPhos,2,t-BuBrettPhos,0.0,8.02623176574707,25.934412002563477
reaction:2910,t-BuBrettPhos,2,t-BuBrettPhos,31.9378098,34.65742111206055,25.615968704223633
reaction:2911,t-BuBrettPhos,2,t-BuBrettPhos,49.97942971,41.70710754394531,25.978116989135742
reaction:2912,t-BuBrettPhos,2,t-BuBrettPhos,4.04132523,8.81170654296875,25.439571380615234
reaction:2913,t-BuBrettPhos,2,t-BuBrettPhos,55.23935567,49.778160095214844,25.50238800048828
reaction:2914,t-BuBrettPhos,2,t-BuBrettPhos,71.83207772,61.53318786621094,25.84258460998535
reaction:2915,t-BuBrettPhos,2,t-BuBrettPhos,71.00136701,55.07946014404297,25.771596908569336
reaction:2916,t-BuBrettPhos,2,t-BuBrettPhos,80.78104004,63.15095520019531,25.553817749023438
reaction:2917,t-BuBrettPhos,2,t-BuBrettPhos,91.13914928,71.4439926147461,25.490352630615234
reaction:2918,t-BuBrettPhos,2,t-BuBrettPhos,2.354282195,16.178569793701172,25.567590713500977
reaction:2919,t-BuBrettPhos,2,t-BuBrettPhos,72.70181754,57.71754455566406,25.61089515686035
reaction:2920,t-BuBrettPhos,2,t-BuBrettPhos,81.99763098,67.40084075927734,25.608360290527344
reaction:2921,t-BuBrettPhos,2,t-BuBrettPhos,1.2229069259999998,20.483440399169922,25.737106323242188
reaction:2922,t-BuBrettPhos,2,t-BuBrettPhos,24.60563466,28.40188217163086,25.480804443359375
reaction:2923,t-BuBrettPhos,2,t-BuBrettPhos,33.55651029,33.815040588378906,25.47576904296875
reaction:2924,t-BuBrettPhos,2,t-BuBrettPhos,0.0,12.828989028930664,25.983810424804688
reaction:2925,t-BuBrettPhos,2,t-BuBrettPhos,46.67086698,38.71442794799805,25.665864944458008
reaction:2926,t-BuBrettPhos,2,t-BuBrettPhos,49.72808893,41.44681167602539,26.017620086669922
reaction:2927,t-BuBrettPhos,2,t-BuBrettPhos,7.810317962999999,14.802148818969727,25.474346160888672
reaction:2928,t-BuBrettPhos,2,t-BuBrettPhos,64.56169067,51.87748718261719,25.53758430480957
reaction:2929,t-BuBrettPhos,2,t-BuBrettPhos,69.13688603,53.360694885253906,25.87558937072754
reaction:2930,t-BuBrettPhos,2,t-BuBrettPhos,80.28534176,51.707786560058594,25.808490753173828
reaction:2931,t-BuBrettPhos,2,t-BuBrettPhos,77.62777181,53.691864013671875,25.6114444732666
reaction:2932,t-BuBrettPhos,2,t-BuBrettPhos,82.33244396,55.995155334472656,25.529842376708984
reaction:2933,t-BuBrettPhos,2,t-BuBrettPhos,0.0,23.178678512573242,25.61932945251465
reaction:2934,t-BuBrettPhos,2,t-BuBrettPhos,35.33291059,39.5452766418457,25.648107528686523
reaction:2935,t-BuBrettPhos,2,t-BuBrettPhos,55.96628365,51.66242218017578,25.62970733642578
reaction:2936,t-BuBrettPhos,2,t-BuBrettPhos,13.70204119,17.781494140625,25.734487533569336
reaction:2937,t-BuBrettPhos,2,t-BuBrettPhos,37.08529427,31.631874084472656,25.48134994506836
reaction:2938,t-BuBrettPhos,2,t-BuBrettPhos,36.0162633,35.73090362548828,25.476274490356445
reaction:2939,t-BuBrettPhos,2,t-BuBrettPhos,0.0,9.550395965576172,25.98341178894043
reaction:2940,t-BuBrettPhos,2,t-BuBrettPhos,34.74723042,32.05792236328125,25.652679443359375
reaction:2941,t-BuBrettPhos,2,t-BuBrettPhos,40.08752213,37.68867111206055,26.025466918945312
reaction:2942,t-BuBrettPhos,2,t-BuBrettPhos,4.7108856,10.003974914550781,25.409791946411133
reaction:2943,t-BuBrettPhos,2,t-BuBrettPhos,59.00727735,44.84904479980469,25.56543731689453
reaction:2944,t-BuBrettPhos,2,t-BuBrettPhos,60.61766338,53.94966125488281,25.87676429748535
reaction:2945,t-BuBrettPhos,2,t-BuBrettPhos,56.33395035,40.99238204956055,25.809446334838867
reaction:2946,t-BuBrettPhos,2,t-BuBrettPhos,60.94658978,45.70624542236328,25.594289779663086
reaction:2947,t-BuBrettPhos,2,t-BuBrettPhos,63.37225968,50.14295959472656,25.529075622558594
reaction:2948,t-BuBrettPhos,2,t-BuBrettPhos,8.39178019,17.443084716796875,25.600526809692383
reaction:2949,t-BuBrettPhos,2,t-BuBrettPhos,56.79309437,47.884422302246094,25.637880325317383
reaction:2950,t-BuBrettPhos,2,t-BuBrettPhos,61.57150807,55.58019256591797,25.661191940307617
reaction:2951,t-BuBrettPhos,2,t-BuBrettPhos,11.32681683,19.777690887451172,25.72081184387207
reaction:2952,t-BuBrettPhos,2,t-BuBrettPhos,38.5374711,35.285438537597656,25.38766860961914
reaction:2953,t-BuBrettPhos,2,t-BuBrettPhos,41.728023,41.831268310546875,25.39105224609375
reaction:2954,t-BuBrettPhos,2,t-BuBrettPhos,0.0,9.429956436157227,25.967472076416016
reaction:2955,t-BuBrettPhos,2,t-BuBrettPhos,46.19860459,38.50091552734375,25.65016746520996
reaction:2956,t-BuBrettPhos,2,t-BuBrettPhos,49.53018855,43.78238296508789,26.01809310913086
reaction:2957,t-BuBrettPhos,2,t-BuBrettPhos,4.961974313,10.374807357788086,25.472707748413086
reaction:2958,t-BuBrettPhos,2,t-BuBrettPhos,70.71411309999999,54.741153717041016,25.535913467407227
reaction:2959,t-BuBrettPhos,2,t-BuBrettPhos,71.82751675,62.732059478759766,25.872467041015625
reaction:2960,t-BuBrettPhos,2,t-BuBrettPhos,86.6996801,60.000526428222656,25.799880981445312
reaction:2961,t-BuBrettPhos,2,t-BuBrettPhos,84.33974431,65.658935546875,25.58925437927246
reaction:2962,t-BuBrettPhos,2,t-BuBrettPhos,89.12987666,72.42687225341797,25.523515701293945
reaction:2963,t-BuBrettPhos,2,t-BuBrettPhos,6.458217991000001,19.79452896118164,25.601627349853516
reaction:2964,t-BuBrettPhos,2,t-BuBrettPhos,76.47373216,58.99014663696289,25.6450138092041
reaction:2965,t-BuBrettPhos,2,t-BuBrettPhos,83.59935968,68.65869903564453,25.64327621459961
reaction:2966,t-BuBrettPhos,2,t-BuBrettPhos,14.29478531,24.089113235473633,25.858413696289062
reaction:2967,t-BuBrettPhos,2,t-BuBrettPhos,28.32846401,29.057912826538086,25.60771369934082
reaction:2968,t-BuBrettPhos,2,t-BuBrettPhos,36.31466019,34.177452087402344,25.602569580078125
reaction:2969,t-BuBrettPhos,2,t-BuBrettPhos,7.206982067,25.74382781982422,26.107934951782227
reaction:2970,t-BuBrettPhos,2,t-BuBrettPhos,57.87284649,51.043487548828125,25.789535522460938
reaction:2971,t-BuBrettPhos,2,t-BuBrettPhos,60.98476598,50.75432586669922,26.132911682128906
reaction:2972,t-BuBrettPhos,2,t-BuBrettPhos,9.444894792,16.08887481689453,25.60357093811035
reaction:2973,t-BuBrettPhos,2,t-BuBrettPhos,65.10791868,55.002197265625,25.665353775024414
reaction:2974,t-BuBrettPhos,2,t-BuBrettPhos,72.37220718,53.392696380615234,26.009714126586914
reaction:2975,t-BuBrettPhos,2,t-BuBrettPhos,78.76794462,54.10530090332031,25.942964553833008
reaction:2976,t-BuBrettPhos,2,t-BuBrettPhos,77.82985513,54.94568634033203,25.736032485961914
reaction:2977,t-BuBrettPhos,2,t-BuBrettPhos,79.30639259,56.724918365478516,25.65842628479004
reaction:2978,t-BuBrettPhos,2,t-BuBrettPhos,6.010382761,29.346174240112305,25.744962692260742
reaction:2979,t-BuBrettPhos,2,t-BuBrettPhos,37.26514805,40.65264892578125,25.77591323852539
reaction:2980,t-BuBrettPhos,2,t-BuBrettPhos,54.37431586,50.84204864501953,25.755189895629883
reaction:2981,t-BuBrettPhos,2,t-BuBrettPhos,27.94500953,23.21959686279297,25.84877586364746
reaction:2982,t-BuBrettPhos,2,t-BuBrettPhos,36.81475234,33.71812057495117,25.60173225402832
reaction:2983,t-BuBrettPhos,2,t-BuBrettPhos,36.76661903,37.44873046875,25.59624481201172
reaction:2984,t-BuBrettPhos,2,t-BuBrettPhos,39.97323526,28.85567855834961,26.10095977783203
reaction:2985,t-BuBrettPhos,2,t-BuBrettPhos,57.13220837,46.700225830078125,25.769514083862305
reaction:2986,t-BuBrettPhos,2,t-BuBrettPhos,60.30536067,49.123512268066406,26.134532928466797
reaction:2987,t-BuBrettPhos,2,t-BuBrettPhos,7.74850436,12.500789642333984,25.530433654785156
reaction:2988,t-BuBrettPhos,2,t-BuBrettPhos,57.9781308,49.49074935913086,25.685535430908203
reaction:2989,t-BuBrettPhos,2,t-BuBrettPhos,66.51493362,55.199317932128906,26.003976821899414
reaction:2990,t-BuBrettPhos,2,t-BuBrettPhos,58.92871095,44.19548797607422,25.936981201171875
reaction:2991,t-BuBrettPhos,2,t-BuBrettPhos,59.21092574,47.98632049560547,25.712242126464844
reaction:2992,t-BuBrettPhos,2,t-BuBrettPhos,60.412252,52.041038513183594,25.65064811706543
reaction:2993,t-BuBrettPhos,2,t-BuBrettPhos,32.73462184,24.977375030517578,25.719541549682617
reaction:2994,t-BuBrettPhos,2,t-BuBrettPhos,59.47851607,50.317710876464844,25.759153366088867
reaction:2995,t-BuBrettPhos,2,t-BuBrettPhos,64.00575958,57.00751495361328,25.77933692932129
reaction:2996,t-BuBrettPhos,2,t-BuBrettPhos,29.60669897,26.758472442626953,25.830312728881836
reaction:2997,t-BuBrettPhos,2,t-BuBrettPhos,38.03109863,38.41444396972656,25.50366973876953
reaction:2998,t-BuBrettPhos,2,t-BuBrettPhos,41.71330917,44.537681579589844,25.5068302154541
reaction:2999,t-BuBrettPhos,2,t-BuBrettPhos,41.98383636,30.20085906982422,26.0802001953125
reaction:3000,t-BuBrettPhos,2,t-BuBrettPhos,67.81431274,54.20857238769531,25.76298713684082
reaction:3001,t-BuBrettPhos,2,t-BuBrettPhos,65.94429183,56.04346466064453,26.121862411499023
reaction:3002,t-BuBrettPhos,2,t-BuBrettPhos,12.64243358,14.092348098754883,25.59075927734375
reaction:3003,t-BuBrettPhos,2,t-BuBrettPhos,74.21032846,60.70893859863281,25.651752471923828
reaction:3004,t-BuBrettPhos,2,t-BuBrettPhos,75.06056887,65.26805114746094,25.99532127380371
reaction:3005,t-BuBrettPhos,2,t-BuBrettPhos,90.99050642,65.99089050292969,25.924137115478516
reaction:3006,t-BuBrettPhos,2,t-BuBrettPhos,84.34096533,69.3582534790039,25.7022762298584
reaction:3007,t-BuBrettPhos,2,t-BuBrettPhos,88.72522624,76.0009994506836,25.64104652404785
reaction:3008,t-BuBrettPhos,2,t-BuBrettPhos,36.05104123,29.332509994506836,25.716215133666992
reaction:3009,t-BuBrettPhos,2,t-BuBrettPhos,77.28415340000001,63.2005615234375,25.761390686035156
reaction:3010,t-BuBrettPhos,2,t-BuBrettPhos,85.60572483,71.85629272460938,25.75738525390625
reaction:3011,t-BuBrettPhos,2,t-BuBrettPhos,1.637827855,16.187358856201172,25.859981536865234
reaction:3012,t-BuBrettPhos,2,t-BuBrettPhos,27.00233561,27.29641342163086,25.61133575439453
reaction:3013,t-BuBrettPhos,2,t-BuBrettPhos,31.38632484,32.68671417236328,25.60667610168457
reaction:3014,t-BuBrettPhos,2,t-BuBrettPhos,0.0,12.19224739074707,26.10932159423828
reaction:3015,t-BuBrettPhos,2,t-BuBrettPhos,38.20230031,27.620750427246094,25.794885635375977
reaction:3016,t-BuBrettPhos,2,t-BuBrettPhos,39.32745332,37.75578689575195,26.12953758239746
reaction:3017,t-BuBrettPhos,2,t-BuBrettPhos,4.950264204,13.193050384521484,25.607723236083984
reaction:3018,t-BuBrettPhos,2,t-BuBrettPhos,63.52683766,44.79780197143555,25.6702823638916
reaction:3019,t-BuBrettPhos,2,t-BuBrettPhos,64.23525691,50.529876708984375,26.017831802368164
reaction:3020,t-BuBrettPhos,2,t-BuBrettPhos,75.99606764,46.95711898803711,25.9527530670166
reaction:3021,t-BuBrettPhos,2,t-BuBrettPhos,73.60085469,50.974300384521484,25.73817253112793
reaction:3022,t-BuBrettPhos,2,t-BuBrettPhos,77.54678733,54.89093017578125,25.66355323791504
reaction:3023,t-BuBrettPhos,2,t-BuBrettPhos,0.970209889,16.008628845214844,25.746868133544922
reaction:3024,t-BuBrettPhos,2,t-BuBrettPhos,45.30338681,36.44795227050781,25.7807674407959
reaction:3025,t-BuBrettPhos,2,t-BuBrettPhos,49.87050942,46.8190803527832,25.757705688476562
reaction:3026,t-BuBrettPhos,2,t-BuBrettPhos,5.265059572,11.622304916381836,25.853296279907227
reaction:3027,t-BuBrettPhos,2,t-BuBrettPhos,36.39098731,28.314359664916992,25.6075382232666
reaction:3028,t-BuBrettPhos,2,t-BuBrettPhos,36.44138063,32.701480865478516,25.602209091186523
reaction:3029,t-BuBrettPhos,2,t-BuBrettPhos,0.0,7.695810317993164,26.10529899597168
reaction:3030,t-BuBrettPhos,2,t-BuBrettPhos,35.28694368,23.129379272460938,25.776535034179688
reaction:3031,t-BuBrettPhos,2,t-BuBrettPhos,42.09555031,33.42527770996094,26.136211395263672
reaction:3032,t-BuBrettPhos,2,t-BuBrettPhos,3.678633066,7.443031311035156,25.53491973876953
reaction:3033,t-BuBrettPhos,2,t-BuBrettPhos,50.63065751,37.56473922729492,25.691503524780273
reaction:3034,t-BuBrettPhos,2,t-BuBrettPhos,61.65083258,49.625091552734375,26.01089096069336
reaction:3035,t-BuBrettPhos,2,t-BuBrettPhos,52.72286451,34.80830001831055,25.94538116455078
reaction:3036,t-BuBrettPhos,2,t-BuBrettPhos,62.07451283,41.52775573730469,25.716981887817383
reaction:3037,t-BuBrettPhos,2,t-BuBrettPhos,61.80067802,47.297889709472656,25.656795501708984
reaction:3038,t-BuBrettPhos,2,t-BuBrettPhos,3.0359005960000003,9.583389282226562,25.724075317382812
reaction:3039,t-BuBrettPhos,2,t-BuBrettPhos,58.2347243,36.83366775512695,25.765518188476562
reaction:3040,t-BuBrettPhos,2,t-BuBrettPhos,66.48281999,51.0606803894043,25.783811569213867
reaction:3041,t-BuBrettPhos,2,t-BuBrettPhos,4.477162725,13.766702651977539,25.836559295654297
reaction:3042,t-BuBrettPhos,2,t-BuBrettPhos,37.34827699,31.989320755004883,25.511920928955078
reaction:3043,t-BuBrettPhos,2,t-BuBrettPhos,41.73289196,39.04875946044922,25.515552520751953
reaction:3044,t-BuBrettPhos,2,t-BuBrettPhos,0.0,7.733970642089844,26.086225509643555
reaction:3045,t-BuBrettPhos,2,t-BuBrettPhos,37.72387007,29.219688415527344,25.773061752319336
reaction:3046,t-BuBrettPhos,2,t-BuBrettPhos,49.04564688,39.65540313720703,26.124319076538086
reaction:3047,t-BuBrettPhos,2,t-BuBrettPhos,4.390150349,7.991828918457031,25.599380493164062
reaction:3048,t-BuBrettPhos,2,t-BuBrettPhos,57.96795904,46.45801544189453,25.660560607910156
reaction:3049,t-BuBrettPhos,2,t-BuBrettPhos,73.57415684,58.75466537475586,26.006574630737305
reaction:3050,t-BuBrettPhos,2,t-BuBrettPhos,74.69880742,52.72003936767578,25.93745231628418
reaction:3051,t-BuBrettPhos,2,t-BuBrettPhos,87.52908706,60.52909469604492,25.709030151367188
reaction:3052,t-BuBrettPhos,2,t-BuBrettPhos,89.61417594,69.8901596069336,25.650476455688477
reaction:3053,t-BuBrettPhos,2,t-BuBrettPhos,2.405254053,11.929323196411133,25.723154067993164
reaction:3054,t-BuBrettPhos,2,t-BuBrettPhos,77.09161451,51.999942779541016,25.770402908325195
reaction:3055,t-BuBrettPhos,2,t-BuBrettPhos,83.01646677,65.05594635009766,25.76459312438965
reaction:3056,AdBrettPhos,0,AdBrettPhos,6.891124522,32.10108947753906,29.836380004882812
reaction:3057,AdBrettPhos,0,AdBrettPhos,24.99527669,32.76853942871094,29.836097717285156
reaction:3058,AdBrettPhos,0,AdBrettPhos,37.54624547,33.03456497192383,29.836111068725586
reaction:3059,AdBrettPhos,0,AdBrettPhos,0.7063810420000001,31.919504165649414,29.837425231933594
reaction:3060,AdBrettPhos,0,AdBrettPhos,42.52691913,32.97229766845703,29.837181091308594
reaction:3061,AdBrettPhos,0,AdBrettPhos,47.95299992,33.22133255004883,29.8372745513916
reaction:3062,AdBrettPhos,0,AdBrettPhos,2.294941324,32.15363693237305,29.836069107055664
reaction:3063,AdBrettPhos,0,AdBrettPhos,62.78571552,33.72587585449219,29.836212158203125
reaction:3064,AdBrettPhos,0,AdBrettPhos,69.97034068,33.989585876464844,29.836687088012695
reaction:3065,AdBrettPhos,0,AdBrettPhos,74.06067797,33.848876953125,29.837697982788086
reaction:3066,AdBrettPhos,0,AdBrettPhos,77.51023369,33.989742279052734,29.83700180053711
reaction:3067,AdBrettPhos,0,AdBrettPhos,80.90631241,34.186519622802734,29.837053298950195
reaction:3068,AdBrettPhos,0,AdBrettPhos,8.332944957,32.11090087890625,29.836322784423828
reaction:3069,AdBrettPhos,0,AdBrettPhos,47.89881593,33.137542724609375,29.836807250976562
reaction:3070,AdBrettPhos,0,AdBrettPhos,61.03423565,33.5221061706543,29.836122512817383
reaction:3071,AdBrettPhos,0,AdBrettPhos,3.42165598,31.9161376953125,29.83638572692871
reaction:3072,AdBrettPhos,0,AdBrettPhos,26.24845362,32.8763542175293,29.83612632751465
reaction:3073,AdBrettPhos,0,AdBrettPhos,39.43512545,33.073028564453125,29.836145401000977
reaction:3074,AdBrettPhos,0,AdBrettPhos,0.0,31.710914611816406,29.837505340576172
reaction:3075,AdBrettPhos,0,AdBrettPhos,23.50114845,32.49264144897461,29.837236404418945
reaction:3076,AdBrettPhos,0,AdBrettPhos,39.99682926,33.051692962646484,29.83729362487793
reaction:3077,AdBrettPhos,0,AdBrettPhos,0.695599064,31.7938175201416,29.835811614990234
reaction:3078,AdBrettPhos,0,AdBrettPhos,39.03126202,33.23955535888672,29.83626365661621
reaction:3079,AdBrettPhos,0,AdBrettPhos,61.69857953,33.825172424316406,29.836732864379883
reaction:3080,AdBrettPhos,0,AdBrettPhos,27.69709095,33.350399017333984,29.83773422241211
reaction:3081,AdBrettPhos,0,AdBrettPhos,36.62142901,33.69425582885742,29.837060928344727
reaction:3082,AdBrettPhos,0,AdBrettPhos,45.52130306,34.117469787597656,29.83699607849121
reaction:3083,AdBrettPhos,0,AdBrettPhos,2.782548169,31.827194213867188,29.83636474609375
reaction:3084,AdBrettPhos,0,AdBrettPhos,53.27735781,33.41417694091797,29.83686065673828
reaction:3085,AdBrettPhos,0,AdBrettPhos,64.8702395,33.74932861328125,29.83597183227539
reaction:3086,AdBrettPhos,0,AdBrettPhos,3.382805594,31.90843963623047,29.836383819580078
reaction:3087,AdBrettPhos,0,AdBrettPhos,31.53029931,32.894004821777344,29.835895538330078
reaction:3088,AdBrettPhos,0,AdBrettPhos,45.77926691,33.198184967041016,29.835908889770508
reaction:3089,AdBrettPhos,0,AdBrettPhos,0.0,31.636028289794922,29.837499618530273
reaction:3090,AdBrettPhos,0,AdBrettPhos,32.33228249,32.6767463684082,29.837223052978516
reaction:3091,AdBrettPhos,0,AdBrettPhos,49.75811265,33.17276382446289,29.837297439575195
reaction:3092,AdBrettPhos,0,AdBrettPhos,0.665471445,31.778100967407227,29.83610725402832
reaction:3093,AdBrettPhos,0,AdBrettPhos,50.28049867,33.5367431640625,29.836286544799805
reaction:3094,AdBrettPhos,0,AdBrettPhos,75.02467082,34.21523666381836,29.83673858642578
reaction:3095,AdBrettPhos,0,AdBrettPhos,52.59936901,33.965118408203125,29.83773422241211
reaction:3096,AdBrettPhos,0,AdBrettPhos,74.31911492,34.35110855102539,29.837072372436523
reaction:3097,AdBrettPhos,0,AdBrettPhos,92.11972779,34.7806282043457,29.836986541748047
reaction:3098,AdBrettPhos,0,AdBrettPhos,2.135901423,31.819679260253906,29.836360931396484
reaction:3099,AdBrettPhos,0,AdBrettPhos,64.185973,33.8377571105957,29.83684539794922
reaction:3100,AdBrettPhos,0,AdBrettPhos,85.22067267,34.29304885864258,29.836158752441406
reaction:3101,AdBrettPhos,0,AdBrettPhos,0.552049908,32.093074798583984,29.835222244262695
reaction:3102,AdBrettPhos,0,AdBrettPhos,15.46929664,32.68364334106445,29.834922790527344
reaction:3103,AdBrettPhos,0,AdBrettPhos,29.68665622,33.01624298095703,29.834932327270508
reaction:3104,AdBrettPhos,0,AdBrettPhos,0.0,31.902175903320312,29.836252212524414
reaction:3105,AdBrettPhos,0,AdBrettPhos,42.07740888,33.2498664855957,29.835994720458984
reaction:3106,AdBrettPhos,0,AdBrettPhos,50.20384511,33.337127685546875,29.836084365844727
reaction:3107,AdBrettPhos,0,AdBrettPhos,0.0,32.15513229370117,29.834890365600586
reaction:3108,AdBrettPhos,0,AdBrettPhos,63.12102891,34.00267028808594,29.83503532409668
reaction:3109,AdBrettPhos,0,AdBrettPhos,67.79255716,34.00946044921875,29.83551597595215
reaction:3110,AdBrettPhos,0,AdBrettPhos,74.22961906,33.98176193237305,29.836511611938477
reaction:3111,AdBrettPhos,0,AdBrettPhos,75.06901133,33.992191314697266,29.83582878112793
reaction:3112,AdBrettPhos,0,AdBrettPhos,83.08232968,34.07412338256836,29.835857391357422
reaction:3113,AdBrettPhos,0,AdBrettPhos,0.0,32.05307388305664,29.835153579711914
reaction:3114,AdBrettPhos,0,AdBrettPhos,22.62644976,33.01158142089844,29.835636138916016
reaction:3115,AdBrettPhos,0,AdBrettPhos,62.72600186,33.66065216064453,29.834945678710938
reaction:3116,AdBrettPhos,0,AdBrettPhos,8.178111662000001,32.014530181884766,29.835203170776367
reaction:3117,AdBrettPhos,0,AdBrettPhos,33.60174029,32.87205123901367,29.834922790527344
reaction:3118,AdBrettPhos,0,AdBrettPhos,39.12761896,33.06455993652344,29.834945678710938
reaction:3119,AdBrettPhos,0,AdBrettPhos,0.0,31.709617614746094,29.836305618286133
reaction:3120,AdBrettPhos,0,AdBrettPhos,32.36655355,32.75201416015625,29.836023330688477
reaction:3121,AdBrettPhos,0,AdBrettPhos,40.59375347,33.093780517578125,29.836082458496094
reaction:3122,AdBrettPhos,0,AdBrettPhos,0.817066768,31.821046829223633,29.83461570739746
reaction:3123,AdBrettPhos,0,AdBrettPhos,50.58160419,33.476043701171875,29.835071563720703
reaction:3124,AdBrettPhos,0,AdBrettPhos,63.72449893,33.834739685058594,29.835533142089844
reaction:3125,AdBrettPhos,0,AdBrettPhos,33.94683682,33.484642028808594,29.83652114868164
reaction:3126,AdBrettPhos,0,AdBrettPhos,41.28086675,33.737388610839844,29.835859298706055
reaction:3127,AdBrettPhos,0,AdBrettPhos,47.58772845,34.02768325805664,29.835773468017578
reaction:3128,AdBrettPhos,0,AdBrettPhos,5.956665819,31.844030380249023,29.835172653198242
reaction:3129,AdBrettPhos,0,AdBrettPhos,57.2826498,33.385520935058594,29.835670471191406
reaction:3130,AdBrettPhos,0,AdBrettPhos,64.80074025,33.78877639770508,29.83477210998535
reaction:3131,AdBrettPhos,0,AdBrettPhos,7.126598877999999,32.081939697265625,29.835186004638672
reaction:3132,AdBrettPhos,0,AdBrettPhos,37.93567028,32.976375579833984,29.83468246459961
reaction:3133,AdBrettPhos,0,AdBrettPhos,45.20399384,33.2897834777832,29.834692001342773
reaction:3134,AdBrettPhos,0,AdBrettPhos,0.0,31.7171630859375,29.836280822753906
reaction:3135,AdBrettPhos,0,AdBrettPhos,41.28466002,33.04855728149414,29.835994720458984
reaction:3136,AdBrettPhos,0,AdBrettPhos,49.61017751,33.309295654296875,29.836061477661133
reaction:3137,AdBrettPhos,0,AdBrettPhos,0.789038452,31.886016845703125,29.834888458251953
reaction:3138,AdBrettPhos,0,AdBrettPhos,63.68559531,33.92113494873047,29.835081100463867
reaction:3139,AdBrettPhos,0,AdBrettPhos,73.08177999,34.312477111816406,29.83552360534668
reaction:3140,AdBrettPhos,0,AdBrettPhos,72.98033012,34.268428802490234,29.836505889892578
reaction:3141,AdBrettPhos,0,AdBrettPhos,82.64502167,34.50496292114258,29.83586311340332
reaction:3142,AdBrettPhos,0,AdBrettPhos,90.64441503,34.79286575317383,29.83574104309082
reaction:3143,AdBrettPhos,0,AdBrettPhos,4.936303419,31.91142463684082,29.835161209106445
reaction:3144,AdBrettPhos,0,AdBrettPhos,73.81395251,33.9069709777832,29.83563232421875
reaction:3145,AdBrettPhos,0,AdBrettPhos,82.20776042,34.447669982910156,29.834945678710938
reaction:3146,AdBrettPhos,0,AdBrettPhos,4.618730656,32.39605712890625,29.836456298828125
reaction:3147,AdBrettPhos,0,AdBrettPhos,15.74680272,32.6496696472168,29.83612060546875
reaction:3148,AdBrettPhos,0,AdBrettPhos,30.87761179,32.983516693115234,29.836130142211914
reaction:3149,AdBrettPhos,0,AdBrettPhos,6.9705672320000005,32.4962158203125,29.837451934814453
reaction:3150,AdBrettPhos,0,AdBrettPhos,65.46891846,33.66770553588867,29.837175369262695
reaction:3151,AdBrettPhos,0,AdBrettPhos,66.01585424,33.69657516479492,29.83725929260254
reaction:3152,AdBrettPhos,0,AdBrettPhos,2.350274713,32.21251678466797,29.836097717285156
reaction:3153,AdBrettPhos,0,AdBrettPhos,70.85918563,33.943965911865234,29.83624839782715
reaction:3154,AdBrettPhos,0,AdBrettPhos,68.53030279,34.03169250488281,29.83671760559082
reaction:3155,AdBrettPhos,0,AdBrettPhos,76.3099624,33.928558349609375,29.837692260742188
reaction:3156,AdBrettPhos,0,AdBrettPhos,75.95426954,33.91594696044922,29.83702850341797
reaction:3157,AdBrettPhos,0,AdBrettPhos,82.34937004,33.9532585144043,29.837011337280273
reaction:3158,AdBrettPhos,0,AdBrettPhos,4.974394565,32.4305419921875,29.836380004882812
reaction:3159,AdBrettPhos,0,AdBrettPhos,25.79072036,32.935523986816406,29.836868286132812
reaction:3160,AdBrettPhos,0,AdBrettPhos,62.08187356,33.449928283691406,29.836145401000977
reaction:3161,AdBrettPhos,0,AdBrettPhos,19.16223306,32.51072311401367,29.836395263671875
reaction:3162,AdBrettPhos,0,AdBrettPhos,35.94447354,33.013160705566406,29.836082458496094
reaction:3163,AdBrettPhos,0,AdBrettPhos,37.90012178,33.235267639160156,29.836103439331055
reaction:3164,AdBrettPhos,0,AdBrettPhos,41.26452613,32.76341247558594,29.837461471557617
reaction:3165,AdBrettPhos,0,AdBrettPhos,59.06928985,33.49026870727539,29.837162017822266
reaction:3166,AdBrettPhos,0,AdBrettPhos,59.60099255,33.759063720703125,29.83721351623535
reaction:3167,AdBrettPhos,0,AdBrettPhos,2.42184546,32.06986999511719,29.835769653320312
reaction:3168,AdBrettPhos,0,AdBrettPhos,58.63301817,33.614349365234375,29.836233139038086
reaction:3169,AdBrettPhos,0,AdBrettPhos,63.99950596,34.0676155090332,29.83669662475586
reaction:3170,AdBrettPhos,0,AdBrettPhos,34.05189508,33.6603889465332,29.837663650512695
reaction:3171,AdBrettPhos,0,AdBrettPhos,41.4297554,33.857177734375,29.837020874023438
reaction:3172,AdBrettPhos,0,AdBrettPhos,47.77426479,34.1140251159668,29.836889266967773
reaction:3173,AdBrettPhos,0,AdBrettPhos,20.34813867,32.47650146484375,29.836347579956055
reaction:3174,AdBrettPhos,0,AdBrettPhos,60.49224443,33.53532409667969,29.836851119995117
reaction:3175,AdBrettPhos,0,AdBrettPhos,63.88080478,33.89009094238281,29.83592987060547
reaction:3176,AdBrettPhos,0,AdBrettPhos,21.60119174,32.62153625488281,29.836408615112305
reaction:3177,AdBrettPhos,0,AdBrettPhos,38.59563351,33.141231536865234,29.83586311340332
reaction:3178,AdBrettPhos,0,AdBrettPhos,44.68109157,33.462764739990234,29.83587646484375
reaction:3179,AdBrettPhos,0,AdBrettPhos,44.14137034,32.8029670715332,29.83746337890625
reaction:3180,AdBrettPhos,0,AdBrettPhos,66.81498604,33.80691146850586,29.837162017822266
reaction:3181,AdBrettPhos,0,AdBrettPhos,68.24812709999999,33.96357727050781,29.83722686767578
reaction:3182,AdBrettPhos,0,AdBrettPhos,2.579355469,32.18223571777344,29.836074829101562
reaction:3183,AdBrettPhos,0,AdBrettPhos,74.10582409999999,34.10921859741211,29.836267471313477
reaction:3184,AdBrettPhos,0,AdBrettPhos,72.8478499,34.55803298950195,29.836713790893555
reaction:3185,AdBrettPhos,0,AdBrettPhos,89.07661609,34.47404861450195,29.837678909301758
reaction:3186,AdBrettPhos,0,AdBrettPhos,85.65923047,34.656009674072266,29.83704376220703
reaction:3187,AdBrettPhos,0,AdBrettPhos,94.15173815,34.91233825683594,29.836889266967773
reaction:3188,AdBrettPhos,0,AdBrettPhos,24.93961347,32.5986328125,29.836360931396484
reaction:3189,AdBrettPhos,0,AdBrettPhos,80.06524350000001,34.07160186767578,29.83684539794922
reaction:3190,AdBrettPhos,0,AdBrettPhos,86.19820374,34.56460952758789,29.836122512817383
reaction:3191,AdBrettPhos,0,AdBrettPhos,1.252505333,31.900104522705078,29.836153030395508
reaction:3192,AdBrettPhos,0,AdBrettPhos,16.04849725,32.61428451538086,29.835773468017578
reaction:3193,AdBrettPhos,0,AdBrettPhos,30.7124479,32.87395477294922,29.835786819458008
reaction:3194,AdBrettPhos,0,AdBrettPhos,0.0,31.82303810119629,29.83710479736328
reaction:3195,AdBrettPhos,0,AdBrettPhos,0.0,32.89031219482422,29.836816787719727
reaction:3196,AdBrettPhos,0,AdBrettPhos,43.09475613,32.966400146484375,29.836889266967773
reaction:3197,AdBrettPhos,0,AdBrettPhos,0.0,32.01968765258789,29.835758209228516
reaction:3198,AdBrettPhos,0,AdBrettPhos,47.34816594,33.62263488769531,29.83591079711914
reaction:3199,AdBrettPhos,0,AdBrettPhos,64.24887053,33.76576232910156,29.836383819580078
reaction:3200,AdBrettPhos,0,AdBrettPhos,57.59970402,33.77534866333008,29.837329864501953
reaction:3201,AdBrettPhos,0,AdBrettPhos,64.01092118,33.90264892578125,29.83669090270996
reaction:3202,AdBrettPhos,0,AdBrettPhos,72.26820117,33.94563293457031,29.836624145507812
reaction:3203,AdBrettPhos,0,AdBrettPhos,0.8684296779999999,31.908023834228516,29.836055755615234
reaction:3204,AdBrettPhos,0,AdBrettPhos,42.09636278,33.01640701293945,29.836545944213867
reaction:3205,AdBrettPhos,0,AdBrettPhos,50.25936964,33.301856994628906,29.83580207824707
reaction:3206,AdBrettPhos,0,AdBrettPhos,2.443106533,31.881425857543945,29.836122512817383
reaction:3207,AdBrettPhos,0,AdBrettPhos,28.78693437,32.85668182373047,29.835769653320312
reaction:3208,AdBrettPhos,0,AdBrettPhos,34.85762141,33.01888656616211,29.835792541503906
reaction:3209,AdBrettPhos,0,AdBrettPhos,0.0,31.72759437561035,29.83715057373047
reaction:3210,AdBrettPhos,0,AdBrettPhos,20.89901676,32.596961975097656,29.836841583251953
reaction:3211,AdBrettPhos,0,AdBrettPhos,36.0742325,32.94803237915039,29.83687973022461
reaction:3212,AdBrettPhos,0,AdBrettPhos,0.489724505,31.79883575439453,29.835458755493164
reaction:3213,AdBrettPhos,0,AdBrettPhos,37.99056967,33.22378921508789,29.83592987060547
reaction:3214,AdBrettPhos,0,AdBrettPhos,56.47944581,33.74589920043945,29.836395263671875
reaction:3215,AdBrettPhos,0,AdBrettPhos,26.8260429,33.35757827758789,29.83733558654785
reaction:3216,AdBrettPhos,0,AdBrettPhos,36.10071383,33.73845291137695,29.836719512939453
reaction:3217,AdBrettPhos,0,AdBrettPhos,46.52870973,33.974449157714844,29.836536407470703
reaction:3218,AdBrettPhos,0,AdBrettPhos,1.470956156,31.79564094543457,29.836061477661133
reaction:3219,AdBrettPhos,0,AdBrettPhos,0.0,33.442604064941406,29.836566925048828
reaction:3220,AdBrettPhos,0,AdBrettPhos,57.24624739,33.686885833740234,29.83562660217285
reaction:3221,AdBrettPhos,0,AdBrettPhos,2.103607287,31.918804168701172,29.83611297607422
reaction:3222,AdBrettPhos,0,AdBrettPhos,29.62604669,32.92738723754883,29.835529327392578
reaction:3223,AdBrettPhos,0,AdBrettPhos,40.21154517,33.21288299560547,29.835546493530273
reaction:3224,AdBrettPhos,0,AdBrettPhos,0.0,31.6945743560791,29.83713150024414
reaction:3225,AdBrettPhos,0,AdBrettPhos,23.916357,32.80473327636719,29.836816787719727
reaction:3226,AdBrettPhos,0,AdBrettPhos,44.44845486,33.101707458496094,29.836868286132812
reaction:3227,AdBrettPhos,0,AdBrettPhos,0.490842961,31.827768325805664,29.835739135742188
reaction:3228,AdBrettPhos,0,AdBrettPhos,39.51845686,33.59428024291992,29.8359432220459
reaction:3229,AdBrettPhos,0,AdBrettPhos,69.71995068,34.17287826538086,29.836389541625977
reaction:3230,AdBrettPhos,0,AdBrettPhos,47.18415816,34.06101989746094,29.837326049804688
reaction:3231,AdBrettPhos,0,AdBrettPhos,65.99016493,34.48406982421875,29.836732864379883
reaction:3232,AdBrettPhos,0,AdBrettPhos,87.94083651,34.70405197143555,29.836511611938477
reaction:3233,AdBrettPhos,0,AdBrettPhos,1.573799128,31.83083152770996,29.83605194091797
reaction:3234,AdBrettPhos,0,AdBrettPhos,61.50487524,33.909881591796875,29.83653450012207
reaction:3235,AdBrettPhos,0,AdBrettPhos,83.95560608,34.26930618286133,29.835796356201172
reaction:3236,XPhos,1,XPhos,13.9614152,37.39902114868164,33.552879333496094
reaction:3237,XPhos,1,XPhos,15.08609068,37.39902114868164,33.552879333496094
reaction:3238,XPhos,1,XPhos,15.9216391,37.39902114868164,33.552879333496094
reaction:3239,XPhos,1,XPhos,2.548391087,37.39902114868164,33.552879333496094
reaction:3240,XPhos,1,XPhos,8.641168314,37.39902114868164,33.552879333496094
reaction:3241,XPhos,1,XPhos,6.654637209,37.39902114868164,33.552879333496094
reaction:3242,XPhos,1,XPhos,7.713999512000001,37.39902114868164,33.552879333496094
reaction:3243,XPhos,1,XPhos,14.761892499999998,37.39902114868164,33.552879333496094
reaction:3244,XPhos,1,XPhos,16.70711364,37.39902114868164,33.552879333496094
reaction:3245,XPhos,1,XPhos,12.25099464,37.39902114868164,33.552879333496094
reaction:3246,XPhos,1,XPhos,16.43551115,37.39902114868164,33.552879333496094
reaction:3247,XPhos,1,XPhos,17.06361217,37.39902114868164,33.552879333496094
reaction:3248,XPhos,1,XPhos,12.13886151,37.39902114868164,33.552879333496094
reaction:3249,XPhos,1,XPhos,10.08173564,37.39902114868164,33.552879333496094
reaction:3250,XPhos,1,XPhos,12.79205877,37.39902114868164,33.552879333496094
reaction:3251,XPhos,1,XPhos,11.31960299,37.39902114868164,33.552879333496094
reaction:3252,XPhos,1,XPhos,22.30541273,37.39902114868164,33.552879333496094
reaction:3253,XPhos,1,XPhos,25.45694196,37.39902114868164,33.552879333496094
reaction:3254,XPhos,1,XPhos,0.0,37.39902114868164,33.552879333496094
reaction:3255,XPhos,1,XPhos,2.840028013,37.39902114868164,33.552879333496094
reaction:3256,XPhos,1,XPhos,4.296191189,37.39902114868164,33.552879333496094
reaction:3257,XPhos,1,XPhos,1.896990139,37.39902114868164,33.552879333496094
reaction:3258,XPhos,1,XPhos,9.250516466,37.39902114868164,33.552879333496094
reaction:3259,XPhos,1,XPhos,13.02243467,37.39902114868164,33.552879333496094
reaction:3260,XPhos,1,XPhos,15.10135263,37.39902114868164,33.552879333496094
reaction:3261,XPhos,1,XPhos,24.44251918,37.39902114868164,33.552879333496094
reaction:3262,XPhos,1,XPhos,26.61192771,37.39902114868164,33.552879333496094
reaction:3263,XPhos,1,XPhos,2.419663487,37.39902114868164,33.552879333496094
reaction:3264,XPhos,1,XPhos,6.251282484,37.39902114868164,33.552879333496094
reaction:3265,XPhos,1,XPhos,12.75397423,37.39902114868164,33.552879333496094
reaction:3266,XPhos,1,XPhos,13.18136791,37.39902114868164,33.552879333496094
reaction:3267,XPhos,1,XPhos,22.67787637,37.39902114868164,33.552879333496094
reaction:3268,XPhos,1,XPhos,24.0555231,37.39902114868164,33.552879333496094
reaction:3269,XPhos,1,XPhos,0.0,37.39902114868164,33.552879333496094
reaction:3270,XPhos,1,XPhos,2.373234972,37.39902114868164,33.552879333496094
reaction:3271,XPhos,1,XPhos,5.371995824,37.39902114868164,33.552879333496094
reaction:3272,XPhos,1,XPhos,2.067024275,37.39902114868164,33.552879333496094
reaction:3273,XPhos,1,XPhos,9.241578451,37.39902114868164,33.552879333496094
reaction:3274,XPhos,1,XPhos,20.36311527,37.39902114868164,33.552879333496094
reaction:3275,XPhos,1,XPhos,14.60964787,37.39902114868164,33.552879333496094
reaction:3276,XPhos,1,XPhos,28.761729100000004,37.39902114868164,33.552879333496094
reaction:3277,XPhos,1,XPhos,23.20886991,37.39902114868164,33.552879333496094
reaction:3278,XPhos,1,XPhos,3.338911929,37.39902114868164,33.552879333496094
reaction:3279,XPhos,1,XPhos,11.07544016,37.39902114868164,33.552879333496094
reaction:3280,XPhos,1,XPhos,16.38360507,37.39902114868164,33.552879333496094
reaction:3281,XPhos,1,XPhos,8.599290827999999,37.39902114868164,33.552879333496094
reaction:3282,XPhos,1,XPhos,8.073391293,37.39902114868164,33.552879333496094
reaction:3283,XPhos,1,XPhos,8.373801377000001,37.39902114868164,33.552879333496094
reaction:3284,XPhos,1,XPhos,2.086409943,37.39902114868164,33.552879333496094
reaction:3285,XPhos,1,XPhos,3.898269895,37.39902114868164,33.552879333496094
reaction:3286,XPhos,1,XPhos,2.8197473260000003,37.39902114868164,33.552879333496094
reaction:3287,XPhos,1,XPhos,9.734031055,37.39902114868164,33.552879333496094
reaction:3288,XPhos,1,XPhos,14.02250347,37.39902114868164,33.552879333496094
reaction:3289,XPhos,1,XPhos,13.30215474,37.39902114868164,33.552879333496094
reaction:3290,XPhos,1,XPhos,11.84842444,37.39902114868164,33.552879333496094
reaction:3291,XPhos,1,XPhos,12.48722349,37.39902114868164,33.552879333496094
reaction:3292,XPhos,1,XPhos,13.26217146,37.39902114868164,33.552879333496094
reaction:3293,XPhos,1,XPhos,7.007309831000001,37.39902114868164,33.552879333496094
reaction:3294,XPhos,1,XPhos,3.803167764,37.39902114868164,33.552879333496094
reaction:3295,XPhos,1,XPhos,9.3396983,37.39902114868164,33.552879333496094
reaction:3296,XPhos,1,XPhos,2.8287389710000004,37.39902114868164,33.552879333496094
reaction:3297,XPhos,1,XPhos,11.73173458,37.39902114868164,33.552879333496094
reaction:3298,XPhos,1,XPhos,32.01377764,37.39902114868164,33.552879333496094
reaction:3299,XPhos,1,XPhos,0.0,37.39902114868164,33.552879333496094
reaction:3300,XPhos,1,XPhos,0.597123544,37.39902114868164,33.552879333496094
reaction:3301,XPhos,1,XPhos,1.6246243130000002,37.39902114868164,33.552879333496094
reaction:3302,XPhos,1,XPhos,1.378417368,37.39902114868164,33.552879333496094
reaction:3303,XPhos,1,XPhos,5.748911262999999,37.39902114868164,33.552879333496094
reaction:3304,XPhos,1,XPhos,15.88279637,37.39902114868164,33.552879333496094
reaction:3305,XPhos,1,XPhos,15.03293541,37.39902114868164,33.552879333496094
reaction:3306,XPhos,1,XPhos,36.25474039,37.39902114868164,33.552879333496094
reaction:3307,XPhos,1,XPhos,40.83653695,37.39902114868164,33.552879333496094
reaction:3308,XPhos,1,XPhos,0.0,37.39902114868164,33.552879333496094
reaction:3309,XPhos,1,XPhos,3.383758574,37.39902114868164,33.552879333496094
reaction:3310,XPhos,1,XPhos,9.091321628,37.39902114868164,33.552879333496094
reaction:3311,XPhos,1,XPhos,1.249008464,37.39902114868164,33.552879333496094
reaction:3312,XPhos,1,XPhos,7.593500734,37.39902114868164,33.552879333496094
reaction:3313,XPhos,1,XPhos,23.19251783,37.39902114868164,33.552879333496094
reaction:3314,XPhos,1,XPhos,0.0,37.39902114868164,33.552879333496094
reaction:3315,XPhos,1,XPhos,0.0,37.39902114868164,33.552879333496094
reaction:3316,XPhos,1,XPhos,0.0,37.39902114868164,33.552879333496094
reaction:3317,XPhos,1,XPhos,0.0,37.39902114868164,33.552879333496094
reaction:3318,XPhos,1,XPhos,3.304153664,37.39902114868164,33.552879333496094
reaction:3319,XPhos,1,XPhos,4.972241085,37.39902114868164,33.552879333496094
reaction:3320,XPhos,1,XPhos,11.6539798,37.39902114868164,33.552879333496094
reaction:3321,XPhos,1,XPhos,23.14100825,37.39902114868164,33.552879333496094
reaction:3322,XPhos,1,XPhos,30.73323241,37.39902114868164,33.552879333496094
reaction:3323,XPhos,1,XPhos,0.0,37.39902114868164,33.552879333496094
reaction:3324,XPhos,1,XPhos,0.0,37.39902114868164,33.552879333496094
reaction:3325,XPhos,1,XPhos,0.0,37.39902114868164,33.552879333496094
reaction:3326,XPhos,1,XPhos,25.79234273,37.39902114868164,33.552879333496094
reaction:3327,XPhos,1,XPhos,21.1852936,37.39902114868164,33.552879333496094
reaction:3328,XPhos,1,XPhos,41.0055284,37.39902114868164,33.552879333496094
reaction:3329,XPhos,1,XPhos,1.426630798,37.39902114868164,33.552879333496094
reaction:3330,XPhos,1,XPhos,41.22664286,37.39902114868164,33.552879333496094
reaction:3331,XPhos,1,XPhos,47.37967992,37.39902114868164,33.552879333496094
reaction:3332,XPhos,1,XPhos,11.25218088,37.39902114868164,33.552879333496094
reaction:3333,XPhos,1,XPhos,66.85183325,37.39902114868164,33.552879333496094
reaction:3334,XPhos,1,XPhos,67.69619533,37.39902114868164,33.552879333496094
reaction:3335,XPhos,1,XPhos,18.57739993,37.39902114868164,33.552879333496094
reaction:3336,XPhos,1,XPhos,22.20180478,37.39902114868164,33.552879333496094
reaction:3337,XPhos,1,XPhos,22.35512226,37.39902114868164,33.552879333496094
reaction:3338,XPhos,1,XPhos,38.752824100000005,37.39902114868164,33.552879333496094
reaction:3339,XPhos,1,XPhos,24.97274403,37.39902114868164,33.552879333496094
reaction:3340,XPhos,1,XPhos,75.11548375,37.39902114868164,33.552879333496094
reaction:3341,XPhos,1,XPhos,19.41980511,37.39902114868164,33.552879333496094
reaction:3342,XPhos,1,XPhos,32.07542073,37.39902114868164,33.552879333496094
reaction:3343,XPhos,1,XPhos,34.52065187,37.39902114868164,33.552879333496094
reaction:3344,XPhos,1,XPhos,2.069142775,37.39902114868164,33.552879333496094
reaction:3345,XPhos,1,XPhos,14.42253285,37.39902114868164,33.552879333496094
reaction:3346,XPhos,1,XPhos,22.92734992,37.39902114868164,33.552879333496094
reaction:3347,XPhos,1,XPhos,5.821778043999999,37.39902114868164,33.552879333496094
reaction:3348,XPhos,1,XPhos,33.78601477,37.39902114868164,33.552879333496094
reaction:3349,XPhos,1,XPhos,37.39742705,37.39902114868164,33.552879333496094
reaction:3350,XPhos,1,XPhos,26.66040937,37.39902114868164,33.552879333496094
reaction:3351,XPhos,1,XPhos,44.30153891,37.39902114868164,33.552879333496094
reaction:3352,XPhos,1,XPhos,44.76424476,37.39902114868164,33.552879333496094
reaction:3353,XPhos,1,XPhos,12.63535619,37.39902114868164,33.552879333496094
reaction:3354,XPhos,1,XPhos,32.89151252,37.39902114868164,33.552879333496094
reaction:3355,XPhos,1,XPhos,41.00150742,37.39902114868164,33.552879333496094
reaction:3356,XPhos,1,XPhos,19.39344332,37.39902114868164,33.552879333496094
reaction:3357,XPhos,1,XPhos,31.15934188,37.39902114868164,33.552879333496094
reaction:3358,XPhos,1,XPhos,38.74519603,37.39902114868164,33.552879333496094
reaction:3359,XPhos,1,XPhos,1.798923194,37.39902114868164,33.552879333496094
reaction:3360,XPhos,1,XPhos,9.508784567,37.39902114868164,33.552879333496094
reaction:3361,XPhos,1,XPhos,17.33987768,37.39902114868164,33.552879333496094
reaction:3362,XPhos,1,XPhos,5.235495595,37.39902114868164,33.552879333496094
reaction:3363,XPhos,1,XPhos,28.74353219,37.39902114868164,33.552879333496094
reaction:3364,XPhos,1,XPhos,53.88645108,37.39902114868164,33.552879333496094
reaction:3365,XPhos,1,XPhos,27.32636453,37.39902114868164,33.552879333496094
reaction:3366,XPhos,1,XPhos,52.36462009,37.39902114868164,33.552879333496094
reaction:3367,XPhos,1,XPhos,62.64059826,37.39902114868164,33.552879333496094
reaction:3368,XPhos,1,XPhos,7.71156711,37.39902114868164,33.552879333496094
reaction:3369,XPhos,1,XPhos,25.62052054,37.39902114868164,33.552879333496094
reaction:3370,XPhos,1,XPhos,43.30658798,37.39902114868164,33.552879333496094
reaction:3371,XPhos,1,XPhos,6.70191803,37.39902114868164,33.552879333496094
reaction:3372,XPhos,1,XPhos,15.721696,37.39902114868164,33.552879333496094
reaction:3373,XPhos,1,XPhos,32.03839032,37.39902114868164,33.552879333496094
reaction:3374,XPhos,1,XPhos,0.0,37.39902114868164,33.552879333496094
reaction:3375,XPhos,1,XPhos,5.529906697,37.39902114868164,33.552879333496094
reaction:3376,XPhos,1,XPhos,6.840870887,37.39902114868164,33.552879333496094
reaction:3377,XPhos,1,XPhos,0.566845941,37.39902114868164,33.552879333496094
reaction:3378,XPhos,1,XPhos,22.16483544,37.39902114868164,33.552879333496094
reaction:3379,XPhos,1,XPhos,31.41749034,37.39902114868164,33.552879333496094
reaction:3380,XPhos,1,XPhos,22.29411196,37.39902114868164,33.552879333496094
reaction:3381,XPhos,1,XPhos,31.22952549,37.39902114868164,33.552879333496094
reaction:3382,XPhos,1,XPhos,31.17670784,37.39902114868164,33.552879333496094
reaction:3383,XPhos,1,XPhos,3.037744154,37.39902114868164,33.552879333496094
reaction:3384,XPhos,1,XPhos,13.63572226,37.39902114868164,33.552879333496094
reaction:3385,XPhos,1,XPhos,21.33105034,37.39902114868164,33.552879333496094
reaction:3386,XPhos,1,XPhos,10.4860128,37.39902114868164,33.552879333496094
reaction:3387,XPhos,1,XPhos,26.29886063,37.39902114868164,33.552879333496094
reaction:3388,XPhos,1,XPhos,23.69345333,37.39902114868164,33.552879333496094
reaction:3389,XPhos,1,XPhos,0.0,37.39902114868164,33.552879333496094
reaction:3390,XPhos,1,XPhos,6.730455291,37.39902114868164,33.552879333496094
reaction:3391,XPhos,1,XPhos,13.41857273,37.39902114868164,33.552879333496094
reaction:3392,XPhos,1,XPhos,1.036456102,37.39902114868164,33.552879333496094
reaction:3393,XPhos,1,XPhos,22.99620882,37.39902114868164,33.552879333496094
reaction:3394,XPhos,1,XPhos,37.021541,37.39902114868164,33.552879333496094
reaction:3395,XPhos,1,XPhos,22.69659515,37.39902114868164,33.552879333496094
reaction:3396,XPhos,1,XPhos,37.46429839,37.39902114868164,33.552879333496094
reaction:3397,XPhos,1,XPhos,39.38981845,37.39902114868164,33.552879333496094
reaction:3398,XPhos,1,XPhos,4.58213428,37.39902114868164,33.552879333496094
reaction:3399,XPhos,1,XPhos,22.70660834,37.39902114868164,33.552879333496094
reaction:3400,XPhos,1,XPhos,33.31806917,37.39902114868164,33.552879333496094
reaction:3401,XPhos,1,XPhos,7.343376414,37.39902114868164,33.552879333496094
reaction:3402,XPhos,1,XPhos,26.03173318,37.39902114868164,33.552879333496094
reaction:3403,XPhos,1,XPhos,36.25454831,37.39902114868164,33.552879333496094
reaction:3404,XPhos,1,XPhos,0.0,37.39902114868164,33.552879333496094
reaction:3405,XPhos,1,XPhos,4.191040534,37.39902114868164,33.552879333496094
reaction:3406,XPhos,1,XPhos,6.114675165,37.39902114868164,33.552879333496094
reaction:3407,XPhos,1,XPhos,0.884950948,37.39902114868164,33.552879333496094
reaction:3408,XPhos,1,XPhos,16.69067663,37.39902114868164,33.552879333496094
reaction:3409,XPhos,1,XPhos,31.26628393,37.39902114868164,33.552879333496094
reaction:3410,XPhos,1,XPhos,24.66006055,37.39902114868164,33.552879333496094
reaction:3411,XPhos,1,XPhos,45.98390905,37.39902114868164,33.552879333496094
reaction:3412,XPhos,1,XPhos,52.56128921,37.39902114868164,33.552879333496094
reaction:3413,XPhos,1,XPhos,3.35256921,37.39902114868164,33.552879333496094
reaction:3414,XPhos,1,XPhos,15.35819367,37.39902114868164,33.552879333496094
reaction:3415,XPhos,1,XPhos,29.91552733,37.39902114868164,33.552879333496094
reaction:3416,t-BuXPhos,3,t-BuXPhos,13.16893511,30.424705505371094,29.913738250732422
reaction:3417,t-BuXPhos,3,t-BuXPhos,16.79477369,30.424705505371094,29.913738250732422
reaction:3418,t-BuXPhos,3,t-BuXPhos,16.24533971,30.424705505371094,29.913738250732422
reaction:3419,t-BuXPhos,3,t-BuXPhos,2.118660091,30.424705505371094,29.913738250732422
reaction:3420,t-BuXPhos,3,t-BuXPhos,15.85894672,30.424705505371094,29.913738250732422
reaction:3421,t-BuXPhos,3,t-BuXPhos,15.94900479,30.424705505371094,29.913738250732422
reaction:3422,t-BuXPhos,3,t-BuXPhos,7.108204477,30.424705505371094,29.913738250732422
reaction:3423,t-BuXPhos,3,t-BuXPhos,24.76005147,30.424705505371094,29.913738250732422
reaction:3424,t-BuXPhos,3,t-BuXPhos,28.11243479,30.424705505371094,29.913738250732422
reaction:3425,t-BuXPhos,3,t-BuXPhos,27.24876847,30.424705505371094,29.913738250732422
reaction:3426,t-BuXPhos,3,t-BuXPhos,31.76624566,30.424705505371094,29.913738250732422
reaction:3427,t-BuXPhos,3,t-BuXPhos,37.29673945,30.424705505371094,29.913738250732422
reaction:3428,t-BuXPhos,3,t-BuXPhos,16.87891597,30.424705505371094,29.913738250732422
reaction:3429,t-BuXPhos,3,t-BuXPhos,22.41656552,30.424705505371094,29.913738250732422
reaction:3430,t-BuXPhos,3,t-BuXPhos,23.46293461,30.424705505371094,29.913738250732422
reaction:3431,t-BuXPhos,3,t-BuXPhos,9.295516532,30.424705505371094,29.913738250732422
reaction:3432,t-BuXPhos,3,t-BuXPhos,35.04870846,30.424705505371094,29.913738250732422
reaction:3433,t-BuXPhos,3,t-BuXPhos,35.39709887,30.424705505371094,29.913738250732422
reaction:3434,t-BuXPhos,3,t-BuXPhos,0.0,30.424705505371094,29.913738250732422
reaction:3435,t-BuXPhos,3,t-BuXPhos,34.88973455,30.424705505371094,29.913738250732422
reaction:3436,t-BuXPhos,3,t-BuXPhos,35.68810141,30.424705505371094,29.913738250732422
reaction:3437,t-BuXPhos,3,t-BuXPhos,1.257407502,30.424705505371094,29.913738250732422
reaction:3438,t-BuXPhos,3,t-BuXPhos,55.96431027,30.424705505371094,29.913738250732422
reaction:3439,t-BuXPhos,3,t-BuXPhos,59.93053961,30.424705505371094,29.913738250732422
reaction:3440,t-BuXPhos,3,t-BuXPhos,56.99401844,30.424705505371094,29.913738250732422
reaction:3441,t-BuXPhos,3,t-BuXPhos,63.00725217,30.424705505371094,29.913738250732422
reaction:3442,t-BuXPhos,3,t-BuXPhos,59.18255708,30.424705505371094,29.913738250732422
reaction:3443,t-BuXPhos,3,t-BuXPhos,7.66652575,30.424705505371094,29.913738250732422
reaction:3444,t-BuXPhos,3,t-BuXPhos,54.77135423,30.424705505371094,29.913738250732422
reaction:3445,t-BuXPhos,3,t-BuXPhos,62.18465229,30.424705505371094,29.913738250732422
reaction:3446,t-BuXPhos,3,t-BuXPhos,17.84178388,30.424705505371094,29.913738250732422
reaction:3447,t-BuXPhos,3,t-BuXPhos,40.13524468,30.424705505371094,29.913738250732422
reaction:3448,t-BuXPhos,3,t-BuXPhos,46.24961136,30.424705505371094,29.913738250732422
reaction:3449,t-BuXPhos,3,t-BuXPhos,2.890686767,30.424705505371094,29.913738250732422
reaction:3450,t-BuXPhos,3,t-BuXPhos,45.52184766,30.424705505371094,29.913738250732422
reaction:3451,t-BuXPhos,3,t-BuXPhos,47.90925553,30.424705505371094,29.913738250732422
reaction:3452,t-BuXPhos,3,t-BuXPhos,11.25502625,30.424705505371094,29.913738250732422
reaction:3453,t-BuXPhos,3,t-BuXPhos,71.70514407,30.424705505371094,29.913738250732422
reaction:3454,t-BuXPhos,3,t-BuXPhos,72.13959481,30.424705505371094,29.913738250732422
reaction:3455,t-BuXPhos,3,t-BuXPhos,79.78226496,30.424705505371094,29.913738250732422
reaction:3456,t-BuXPhos,3,t-BuXPhos,79.62575679,30.424705505371094,29.913738250732422
reaction:3457,t-BuXPhos,3,t-BuXPhos,82.21280375,30.424705505371094,29.913738250732422
reaction:3458,t-BuXPhos,3,t-BuXPhos,33.50615076,30.424705505371094,29.913738250732422
reaction:3459,t-BuXPhos,3,t-BuXPhos,78.67116412,30.424705505371094,29.913738250732422
reaction:3460,t-BuXPhos,3,t-BuXPhos,79.16863895,30.424705505371094,29.913738250732422
reaction:3461,t-BuXPhos,3,t-BuXPhos,10.16290719,30.424705505371094,29.913738250732422
reaction:3462,t-BuXPhos,3,t-BuXPhos,10.72653134,30.424705505371094,29.913738250732422
reaction:3463,t-BuXPhos,3,t-BuXPhos,11.56918225,30.424705505371094,29.913738250732422
reaction:3464,t-BuXPhos,3,t-BuXPhos,1.924092177,30.424705505371094,29.913738250732422
reaction:3465,t-BuXPhos,3,t-BuXPhos,9.627089409,30.424705505371094,29.913738250732422
reaction:3466,t-BuXPhos,3,t-BuXPhos,11.09901507,30.424705505371094,29.913738250732422
reaction:3467,t-BuXPhos,3,t-BuXPhos,6.581266652999999,30.424705505371094,29.913738250732422
reaction:3468,t-BuXPhos,3,t-BuXPhos,16.8324099,30.424705505371094,29.913738250732422
reaction:3469,t-BuXPhos,3,t-BuXPhos,21.40006849,30.424705505371094,29.913738250732422
reaction:3470,t-BuXPhos,3,t-BuXPhos,42.78380779,30.424705505371094,29.913738250732422
reaction:3471,t-BuXPhos,3,t-BuXPhos,53.50463767,30.424705505371094,29.913738250732422
reaction:3472,t-BuXPhos,3,t-BuXPhos,60.63710952,30.424705505371094,29.913738250732422
reaction:3473,t-BuXPhos,3,t-BuXPhos,13.25100229,30.424705505371094,29.913738250732422
reaction:3474,t-BuXPhos,3,t-BuXPhos,18.48421566,30.424705505371094,29.913738250732422
reaction:3475,t-BuXPhos,3,t-BuXPhos,20.6070389,30.424705505371094,29.913738250732422
reaction:3476,t-BuXPhos,3,t-BuXPhos,1.71151259,30.424705505371094,29.913738250732422
reaction:3477,t-BuXPhos,3,t-BuXPhos,7.321293774,30.424705505371094,29.913738250732422
reaction:3478,t-BuXPhos,3,t-BuXPhos,34.91039433,30.424705505371094,29.913738250732422
reaction:3479,t-BuXPhos,3,t-BuXPhos,0.0,30.424705505371094,29.913738250732422
reaction:3480,t-BuXPhos,3,t-BuXPhos,5.935933532999999,30.424705505371094,29.913738250732422
reaction:3481,t-BuXPhos,3,t-BuXPhos,58.0174464,30.424705505371094,29.913738250732422
reaction:3482,t-BuXPhos,3,t-BuXPhos,1.7819099669999998,30.424705505371094,29.913738250732422
reaction:3483,t-BuXPhos,3,t-BuXPhos,22.74107385,30.424705505371094,29.913738250732422
reaction:3484,t-BuXPhos,3,t-BuXPhos,57.01120739,30.424705505371094,29.913738250732422
reaction:3485,t-BuXPhos,3,t-BuXPhos,33.66124955,30.424705505371094,29.913738250732422
reaction:3486,t-BuXPhos,3,t-BuXPhos,51.21151631,30.424705505371094,29.913738250732422
reaction:3487,t-BuXPhos,3,t-BuXPhos,60.13886073,30.424705505371094,29.913738250732422
reaction:3488,t-BuXPhos,3,t-BuXPhos,2.249906301,30.424705505371094,29.913738250732422
reaction:3489,t-BuXPhos,3,t-BuXPhos,41.72955132,30.424705505371094,29.913738250732422
reaction:3490,t-BuXPhos,3,t-BuXPhos,60.45904469,30.424705505371094,29.913738250732422
reaction:3491,t-BuXPhos,3,t-BuXPhos,16.47949658,30.424705505371094,29.913738250732422
reaction:3492,t-BuXPhos,3,t-BuXPhos,27.36893381,30.424705505371094,29.913738250732422
reaction:3493,t-BuXPhos,3,t-BuXPhos,39.35756061,30.424705505371094,29.913738250732422
reaction:3494,t-BuXPhos,3,t-BuXPhos,0.712699399,30.424705505371094,29.913738250732422
reaction:3495,t-BuXPhos,3,t-BuXPhos,8.970204017,30.424705505371094,29.913738250732422
reaction:3496,t-BuXPhos,3,t-BuXPhos,44.46296659,30.424705505371094,29.913738250732422
reaction:3497,t-BuXPhos,3,t-BuXPhos,4.28271464,30.424705505371094,29.913738250732422
reaction:3498,t-BuXPhos,3,t-BuXPhos,39.55034963,30.424705505371094,29.913738250732422
reaction:3499,t-BuXPhos,3,t-BuXPhos,63.92666602,30.424705505371094,29.913738250732422
reaction:3500,t-BuXPhos,3,t-BuXPhos,79.04497323,30.424705505371094,29.913738250732422
reaction:3501,t-BuXPhos,3,t-BuXPhos,78.70773698,30.424705505371094,29.913738250732422
reaction:3502,t-BuXPhos,3,t-BuXPhos,84.10193793,30.424705505371094,29.913738250732422
reaction:3503,t-BuXPhos,3,t-BuXPhos,12.67223423,30.424705505371094,29.913738250732422
reaction:3504,t-BuXPhos,3,t-BuXPhos,55.95219042,30.424705505371094,29.913738250732422
reaction:3505,t-BuXPhos,3,t-BuXPhos,80.67857489,30.424705505371094,29.913738250732422
reaction:3506,t-BuXPhos,3,t-BuXPhos,30.59884697,30.424705505371094,29.913738250732422
reaction:3507,t-BuXPhos,3,t-BuXPhos,33.91258635,30.424705505371094,29.913738250732422
reaction:3508,t-BuXPhos,3,t-BuXPhos,36.80129147,30.424705505371094,29.913738250732422
reaction:3509,t-BuXPhos,3,t-BuXPhos,2.495636052,30.424705505371094,29.913738250732422
reaction:3510,t-BuXPhos,3,t-BuXPhos,47.27988184,30.424705505371094,29.913738250732422
reaction:3511,t-BuXPhos,3,t-BuXPhos,44.44212826,30.424705505371094,29.913738250732422
reaction:3512,t-BuXPhos,3,t-BuXPhos,12.51112995,30.424705505371094,29.913738250732422
reaction:3513,t-BuXPhos,3,t-BuXPhos,66.1081674,30.424705505371094,29.913738250732422
reaction:3514,t-BuXPhos,3,t-BuXPhos,63.53604944,30.424705505371094,29.913738250732422
reaction:3515,t-BuXPhos,3,t-BuXPhos,53.37807808,30.424705505371094,29.913738250732422
reaction:3516,t-BuXPhos,3,t-BuXPhos,62.99169098,30.424705505371094,29.913738250732422
reaction:3517,t-BuXPhos,3,t-BuXPhos,63.44404456,30.424705505371094,29.913738250732422
reaction:3518,t-BuXPhos,3,t-BuXPhos,52.55158103,30.424705505371094,29.913738250732422
reaction:3519,t-BuXPhos,3,t-BuXPhos,68.74074216,30.424705505371094,29.913738250732422
reaction:3520,t-BuXPhos,3,t-BuXPhos,77.66689194,30.424705505371094,29.913738250732422
reaction:3521,t-BuXPhos,3,t-BuXPhos,34.08344524,30.424705505371094,29.913738250732422
reaction:3522,t-BuXPhos,3,t-BuXPhos,38.11608188,30.424705505371094,29.913738250732422
reaction:3523,t-BuXPhos,3,t-BuXPhos,39.909465,30.424705505371094,29.913738250732422
reaction:3524,t-BuXPhos,3,t-BuXPhos,1.029883817,30.424705505371094,29.913738250732422
reaction:3525,t-BuXPhos,3,t-BuXPhos,39.21368937,30.424705505371094,29.913738250732422
reaction:3526,t-BuXPhos,3,t-BuXPhos,35.2237201,30.424705505371094,29.913738250732422
reaction:3527,t-BuXPhos,3,t-BuXPhos,3.311093961,30.424705505371094,29.913738250732422
reaction:3528,t-BuXPhos,3,t-BuXPhos,57.74229286,30.424705505371094,29.913738250732422
reaction:3529,t-BuXPhos,3,t-BuXPhos,59.48668549,30.424705505371094,29.913738250732422
reaction:3530,t-BuXPhos,3,t-BuXPhos,64.60204454,30.424705505371094,29.913738250732422
reaction:3531,t-BuXPhos,3,t-BuXPhos,61.25906652,30.424705505371094,29.913738250732422
reaction:3532,t-BuXPhos,3,t-BuXPhos,62.35242374,30.424705505371094,29.913738250732422
reaction:3533,t-BuXPhos,3,t-BuXPhos,36.30128303,30.424705505371094,29.913738250732422
reaction:3534,t-BuXPhos,3,t-BuXPhos,63.06191521,30.424705505371094,29.913738250732422
reaction:3535,t-BuXPhos,3,t-BuXPhos,62.65745672,30.424705505371094,29.913738250732422
reaction:3536,t-BuXPhos,3,t-BuXPhos,33.03637259,30.424705505371094,29.913738250732422
reaction:3537,t-BuXPhos,3,t-BuXPhos,39.20587876,30.424705505371094,29.913738250732422
reaction:3538,t-BuXPhos,3,t-BuXPhos,41.26140824,30.424705505371094,29.913738250732422
reaction:3539,t-BuXPhos,3,t-BuXPhos,1.728296665,30.424705505371094,29.913738250732422
reaction:3540,t-BuXPhos,3,t-BuXPhos,49.69104828,30.424705505371094,29.913738250732422
reaction:3541,t-BuXPhos,3,t-BuXPhos,41.80838188,30.424705505371094,29.913738250732422
reaction:3542,t-BuXPhos,3,t-BuXPhos,3.524318044,30.424705505371094,29.913738250732422
reaction:3543,t-BuXPhos,3,t-BuXPhos,71.55294754,30.424705505371094,29.913738250732422
reaction:3544,t-BuXPhos,3,t-BuXPhos,72.58292155,30.424705505371094,29.913738250732422
reaction:3545,t-BuXPhos,3,t-BuXPhos,83.76441682,30.424705505371094,29.913738250732422
reaction:3546,t-BuXPhos,3,t-BuXPhos,82.77010873,30.424705505371094,29.913738250732422
reaction:3547,t-BuXPhos,3,t-BuXPhos,80.16290148,30.424705505371094,29.913738250732422
reaction:3548,t-BuXPhos,3,t-BuXPhos,44.56568658,30.424705505371094,29.913738250732422
reaction:3549,t-BuXPhos,3,t-BuXPhos,80.07437026,30.424705505371094,29.913738250732422
reaction:3550,t-BuXPhos,3,t-BuXPhos,81.27546311,30.424705505371094,29.913738250732422
reaction:3551,t-BuXPhos,3,t-BuXPhos,15.75654156,30.424705505371094,29.913738250732422
reaction:3552,t-BuXPhos,3,t-BuXPhos,40.52594956,30.424705505371094,29.913738250732422
reaction:3553,t-BuXPhos,3,t-BuXPhos,38.16592165,30.424705505371094,29.913738250732422
reaction:3554,t-BuXPhos,3,t-BuXPhos,0.390715033,30.424705505371094,29.913738250732422
reaction:3555,t-BuXPhos,3,t-BuXPhos,45.77689221,30.424705505371094,29.913738250732422
reaction:3556,t-BuXPhos,3,t-BuXPhos,41.36745101,30.424705505371094,29.913738250732422
reaction:3557,t-BuXPhos,3,t-BuXPhos,0.8602956559999999,30.424705505371094,29.913738250732422
reaction:3558,t-BuXPhos,3,t-BuXPhos,63.69608906,30.424705505371094,29.913738250732422
reaction:3559,t-BuXPhos,3,t-BuXPhos,64.24487271,30.424705505371094,29.913738250732422
reaction:3560,t-BuXPhos,3,t-BuXPhos,63.65319734,30.424705505371094,29.913738250732422
reaction:3561,t-BuXPhos,3,t-BuXPhos,73.26731184,30.424705505371094,29.913738250732422
reaction:3562,t-BuXPhos,3,t-BuXPhos,70.29330199,30.424705505371094,29.913738250732422
reaction:3563,t-BuXPhos,3,t-BuXPhos,8.47025224,30.424705505371094,29.913738250732422
reaction:3564,t-BuXPhos,3,t-BuXPhos,70.27327326,30.424705505371094,29.913738250732422
reaction:3565,t-BuXPhos,3,t-BuXPhos,75.8997955,30.424705505371094,29.913738250732422
reaction:3566,t-BuXPhos,3,t-BuXPhos,12.88972347,30.424705505371094,29.913738250732422
reaction:3567,t-BuXPhos,3,t-BuXPhos,36.29421793,30.424705505371094,29.913738250732422
reaction:3568,t-BuXPhos,3,t-BuXPhos,37.37794419,30.424705505371094,29.913738250732422
reaction:3569,t-BuXPhos,3,t-BuXPhos,0.252253584,30.424705505371094,29.913738250732422
reaction:3570,t-BuXPhos,3,t-BuXPhos,37.13655068,30.424705505371094,29.913738250732422
reaction:3571,t-BuXPhos,3,t-BuXPhos,32.814438300000006,30.424705505371094,29.913738250732422
reaction:3572,t-BuXPhos,3,t-BuXPhos,0.83326199,30.424705505371094,29.913738250732422
reaction:3573,t-BuXPhos,3,t-BuXPhos,55.17541483,30.424705505371094,29.913738250732422
reaction:3574,t-BuXPhos,3,t-BuXPhos,57.50576347,30.424705505371094,29.913738250732422
reaction:3575,t-BuXPhos,3,t-BuXPhos,66.07394644,30.424705505371094,29.913738250732422
reaction:3576,t-BuXPhos,3,t-BuXPhos,64.68492451,30.424705505371094,29.913738250732422
reaction:3577,t-BuXPhos,3,t-BuXPhos,60.93427362,30.424705505371094,29.913738250732422
reaction:3578,t-BuXPhos,3,t-BuXPhos,6.684386034,30.424705505371094,29.913738250732422
reaction:3579,t-BuXPhos,3,t-BuXPhos,63.13467167,30.424705505371094,29.913738250732422
reaction:3580,t-BuXPhos,3,t-BuXPhos,65.07775968,30.424705505371094,29.913738250732422
reaction:3581,t-BuXPhos,3,t-BuXPhos,11.91198349,30.424705505371094,29.913738250732422
reaction:3582,t-BuXPhos,3,t-BuXPhos,39.35316158,30.424705505371094,29.913738250732422
reaction:3583,t-BuXPhos,3,t-BuXPhos,43.82916168,30.424705505371094,29.913738250732422
reaction:3584,t-BuXPhos,3,t-BuXPhos,0.381599662,30.424705505371094,29.913738250732422
reaction:3585,t-BuXPhos,3,t-BuXPhos,49.01650319,30.424705505371094,29.913738250732422
reaction:3586,t-BuXPhos,3,t-BuXPhos,42.67624543,30.424705505371094,29.913738250732422
reaction:3587,t-BuXPhos,3,t-BuXPhos,0.7454308609999999,30.424705505371094,29.913738250732422
reaction:3588,t-BuXPhos,3,t-BuXPhos,69.58481273,30.424705505371094,29.913738250732422
reaction:3589,t-BuXPhos,3,t-BuXPhos,71.48272249,30.424705505371094,29.913738250732422
reaction:3590,t-BuXPhos,3,t-BuXPhos,82.32171897,30.424705505371094,29.913738250732422
reaction:3591,t-BuXPhos,3,t-BuXPhos,81.29892199,30.424705505371094,29.913738250732422
reaction:3592,t-BuXPhos,3,t-BuXPhos,82.34381979999999,30.424705505371094,29.913738250732422
reaction:3593,t-BuXPhos,3,t-BuXPhos,7.182520972000001,30.424705505371094,29.913738250732422
reaction:3594,t-BuXPhos,3,t-BuXPhos,75.98553455,30.424705505371094,29.913738250732422
reaction:3595,t-BuXPhos,3,t-BuXPhos,82.40046293,30.424705505371094,29.913738250732422
reaction:3596,t-BuBrettPhos,2,t-BuBrettPhos,9.973367678,10.920772552490234,25.531482696533203
reaction:3597,t-BuBrettPhos,2,t-BuBrettPhos,12.38761085,16.194799423217773,25.277198791503906
reaction:3598,t-BuBrettPhos,2,t-BuBrettPhos,12.79513925,19.890106201171875,25.271907806396484
reaction:3599,t-BuBrettPhos,2,t-BuBrettPhos,0.746156967,5.46232795715332,25.783592224121094
reaction:3600,t-BuBrettPhos,2,t-BuBrettPhos,12.59161714,20.09654426574707,25.463180541992188
reaction:3601,t-BuBrettPhos,2,t-BuBrettPhos,14.72607829,24.443599700927734,25.809526443481445
reaction:3602,t-BuBrettPhos,2,t-BuBrettPhos,12.28165388,7.8430328369140625,25.272043228149414
reaction:3603,t-BuBrettPhos,2,t-BuBrettPhos,24.42477517,27.433944702148438,25.336196899414062
reaction:3604,t-BuBrettPhos,2,t-BuBrettPhos,26.50151753,33.705841064453125,25.68345069885254
reaction:3605,t-BuBrettPhos,2,t-BuBrettPhos,24.72320112,27.127994537353516,25.616443634033203
reaction:3606,t-BuBrettPhos,2,t-BuBrettPhos,27.98543221,30.45779037475586,25.405290603637695
reaction:3607,t-BuBrettPhos,2,t-BuBrettPhos,32.32915323,36.57798767089844,25.328584671020508
reaction:3608,t-BuBrettPhos,2,t-BuBrettPhos,8.50474803,13.064102172851562,25.415950775146484
reaction:3609,t-BuBrettPhos,2,t-BuBrettPhos,15.43456925,20.340534210205078,25.446413040161133
reaction:3610,t-BuBrettPhos,2,t-BuBrettPhos,19.90695412,28.602861404418945,25.426647186279297
reaction:3611,t-BuBrettPhos,2,t-BuBrettPhos,2.74121661,15.071067810058594,25.53072166442871
reaction:3612,t-BuBrettPhos,2,t-BuBrettPhos,20.07939568,26.898481369018555,25.27939224243164
reaction:3613,t-BuBrettPhos,2,t-BuBrettPhos,33.6420654,32.58383560180664,25.273733139038086
reaction:3614,t-BuBrettPhos,2,t-BuBrettPhos,0.328567973,10.299829483032227,25.785236358642578
reaction:3615,t-BuBrettPhos,2,t-BuBrettPhos,12.21281347,24.338972091674805,25.4510498046875
reaction:3616,t-BuBrettPhos,2,t-BuBrettPhos,33.66516566,33.826622009277344,25.820934295654297
reaction:3617,t-BuBrettPhos,2,t-BuBrettPhos,1.993041801,10.854000091552734,25.20637321472168
reaction:3618,t-BuBrettPhos,2,t-BuBrettPhos,24.96800216,32.73081588745117,25.36476707458496
reaction:3619,t-BuBrettPhos,2,t-BuBrettPhos,59.5664451,48.08965301513672,25.68400001525879
reaction:3620,t-BuBrettPhos,2,t-BuBrettPhos,32.57727167,28.90009880065918,25.616657257080078
reaction:3621,t-BuBrettPhos,2,t-BuBrettPhos,44.24461772,34.84401321411133,25.389820098876953
reaction:3622,t-BuBrettPhos,2,t-BuBrettPhos,61.37532466,44.61360168457031,25.328523635864258
reaction:3623,t-BuBrettPhos,2,t-BuBrettPhos,1.607816561,14.466812133789062,25.398822784423828
reaction:3624,t-BuBrettPhos,2,t-BuBrettPhos,42.1300284,37.436336517333984,25.43726348876953
reaction:3625,t-BuBrettPhos,2,t-BuBrettPhos,55.13286563,47.20170593261719,25.459585189819336
reaction:3626,t-BuBrettPhos,2,t-BuBrettPhos,13.51164782,17.216733932495117,25.518285751342773
reaction:3627,t-BuBrettPhos,2,t-BuBrettPhos,36.28377215,30.998485565185547,25.18777847290039
reaction:3628,t-BuBrettPhos,2,t-BuBrettPhos,43.31119655,38.615055084228516,25.19101905822754
reaction:3629,t-BuBrettPhos,2,t-BuBrettPhos,0.568210949,9.45675277709961,25.770761489868164
reaction:3630,t-BuBrettPhos,2,t-BuBrettPhos,31.09780796,30.312814712524414,25.45230484008789
reaction:3631,t-BuBrettPhos,2,t-BuBrettPhos,44.42036094,39.04500198364258,25.812841415405273
reaction:3632,t-BuBrettPhos,2,t-BuBrettPhos,6.604799576,10.873367309570312,25.275169372558594
reaction:3633,t-BuBrettPhos,2,t-BuBrettPhos,53.30648897,41.6131477355957,25.33834457397461
reaction:3634,t-BuBrettPhos,2,t-BuBrettPhos,73.95398123,56.250816345214844,25.6857852935791
reaction:3635,t-BuBrettPhos,2,t-BuBrettPhos,64.98015189,44.77970504760742,25.614334106445312
reaction:3636,t-BuBrettPhos,2,t-BuBrettPhos,71.05445565,51.10274124145508,25.38676643371582
reaction:3637,t-BuBrettPhos,2,t-BuBrettPhos,83.94468409,64.91053771972656,25.32724380493164
reaction:3638,t-BuBrettPhos,2,t-BuBrettPhos,2.019729051,17.19336700439453,25.402517318725586
reaction:3639,t-BuBrettPhos,2,t-BuBrettPhos,55.99062735,46.08049011230469,25.447708129882812
reaction:3640,t-BuBrettPhos,2,t-BuBrettPhos,83.04189522,59.70849609375,25.444684982299805
reaction:3641,t-BuBrettPhos,2,t-BuBrettPhos,17.35437544,15.793020248413086,25.83649253845215
reaction:3642,t-BuBrettPhos,2,t-BuBrettPhos,28.92940614,21.998600006103516,25.58707046508789
reaction:3643,t-BuBrettPhos,2,t-BuBrettPhos,34.70800352,26.864255905151367,25.582111358642578
reaction:3644,t-BuBrettPhos,2,t-BuBrettPhos,0.572188732,10.308897018432617,26.087308883666992
reaction:3645,t-BuBrettPhos,2,t-BuBrettPhos,38.02062933,24.068769454956055,25.76972007751465
reaction:3646,t-BuBrettPhos,2,t-BuBrettPhos,38.77000873,33.013999938964844,26.111568450927734
reaction:3647,t-BuBrettPhos,2,t-BuBrettPhos,13.95905877,12.605863571166992,25.582353591918945
reaction:3648,t-BuBrettPhos,2,t-BuBrettPhos,60.55316321,34.17610549926758,25.645166397094727
reaction:3649,t-BuBrettPhos,2,t-BuBrettPhos,63.14360639,41.03833770751953,25.989038467407227
reaction:3650,t-BuBrettPhos,2,t-BuBrettPhos,41.14460565,34.3712043762207,25.924644470214844
reaction:3651,t-BuBrettPhos,2,t-BuBrettPhos,47.20893463,38.59608459472656,25.714982986450195
reaction:3652,t-BuBrettPhos,2,t-BuBrettPhos,58.17261114,46.089996337890625,25.637367248535156
reaction:3653,t-BuBrettPhos,2,t-BuBrettPhos,13.53376242,17.035541534423828,25.723989486694336
reaction:3654,t-BuBrettPhos,2,t-BuBrettPhos,53.60304102,30.20844078063965,25.75438117980957
reaction:3655,t-BuBrettPhos,2,t-BuBrettPhos,58.45828833,38.756675720214844,25.73454475402832
reaction:3656,t-BuBrettPhos,2,t-BuBrettPhos,5.492602222,13.709529876708984,25.834501266479492
reaction:3657,t-BuBrettPhos,2,t-BuBrettPhos,30.47937114,25.9361572265625,25.588428497314453
reaction:3658,t-BuBrettPhos,2,t-BuBrettPhos,38.18576353,33.08428955078125,25.58302879333496
reaction:3659,t-BuBrettPhos,2,t-BuBrettPhos,0.0,9.537214279174805,26.087852478027344
reaction:3660,t-BuBrettPhos,2,t-BuBrettPhos,21.09483753,20.666358947753906,25.756851196289062
reaction:3661,t-BuBrettPhos,2,t-BuBrettPhos,57.7087314,37.407012939453125,26.121286392211914
reaction:3662,t-BuBrettPhos,2,t-BuBrettPhos,6.312401384,10.085708618164062,25.51612663269043
reaction:3663,t-BuBrettPhos,2,t-BuBrettPhos,40.61436819,31.001977920532227,25.67242431640625
reaction:3664,t-BuBrettPhos,2,t-BuBrettPhos,62.94407370000001,48.16434860229492,25.989402770996094
reaction:3665,t-BuBrettPhos,2,t-BuBrettPhos,29.74076309,27.938791275024414,25.924585342407227
reaction:3666,t-BuBrettPhos,2,t-BuBrettPhos,38.06656269,35.28799057006836,25.698585510253906
reaction:3667,t-BuBrettPhos,2,t-BuBrettPhos,64.15465798,46.865901947021484,25.63650894165039
reaction:3668,t-BuBrettPhos,2,t-BuBrettPhos,4.069080612,12.667631149291992,25.70599937438965
reaction:3669,t-BuBrettPhos,2,t-BuBrettPhos,49.17268474,39.32579040527344,25.744598388671875
reaction:3670,t-BuBrettPhos,2,t-BuBrettPhos,57.52960259,48.927207946777344,25.766056060791016
reaction:3671,t-BuBrettPhos,2,t-BuBrettPhos,12.78962475,13.654363632202148,25.821828842163086
reaction:3672,t-BuBrettPhos,2,t-BuBrettPhos,31.88542104,27.703067779541016,25.496652603149414
reaction:3673,t-BuBrettPhos,2,t-BuBrettPhos,41.17290032,35.93754577636719,25.500043869018555
reaction:3674,t-BuBrettPhos,2,t-BuBrettPhos,0.0,6.521091461181641,26.07296371459961
reaction:3675,t-BuBrettPhos,2,t-BuBrettPhos,36.44526769,23.496910095214844,25.756790161132812
reaction:3676,t-BuBrettPhos,2,t-BuBrettPhos,47.11829387,38.28599166870117,26.113990783691406
reaction:3677,t-BuBrettPhos,2,t-BuBrettPhos,6.880494812999999,7.630332946777344,25.58315086364746
reaction:3678,t-BuBrettPhos,2,t-BuBrettPhos,62.86856054,37.255271911621094,25.645105361938477
reaction:3679,t-BuBrettPhos,2,t-BuBrettPhos,72.345187,53.638221740722656,25.988061904907227
reaction:3680,t-BuBrettPhos,2,t-BuBrettPhos,72.24358198,42.8269157409668,25.91916275024414
reaction:3681,t-BuBrettPhos,2,t-BuBrettPhos,73.49750543,49.402313232421875,25.694725036621094
reaction:3682,t-BuBrettPhos,2,t-BuBrettPhos,86.32465757,64.51341247558594,25.63355827331543
reaction:3683,t-BuBrettPhos,2,t-BuBrettPhos,2.394294255,12.547597885131836,25.708812713623047
reaction:3684,t-BuBrettPhos,2,t-BuBrettPhos,47.68791361,44.340858459472656,25.75334358215332
reaction:3685,t-BuBrettPhos,2,t-BuBrettPhos,81.55614964,58.20416259765625,25.750396728515625
reaction:3686,t-BuBrettPhos,2,t-BuBrettPhos,11.04036087,23.332645416259766,25.896474838256836
reaction:3687,t-BuBrettPhos,2,t-BuBrettPhos,24.23482722,29.406291961669922,25.642681121826172
reaction:3688,t-BuBrettPhos,2,t-BuBrettPhos,31.2993075,33.50055694580078,25.63749885559082
reaction:3689,t-BuBrettPhos,2,t-BuBrettPhos,0.337596865,13.354940414428711,26.14406967163086
reaction:3690,t-BuBrettPhos,2,t-BuBrettPhos,46.64890669,41.216827392578125,25.825881958007812
reaction:3691,t-BuBrettPhos,2,t-BuBrettPhos,45.17206702,41.357635498046875,26.17397117614746
reaction:3692,t-BuBrettPhos,2,t-BuBrettPhos,9.993569506,15.83165168762207,25.636995315551758
reaction:3693,t-BuBrettPhos,2,t-BuBrettPhos,68.91825786,54.203365325927734,25.69989776611328
reaction:3694,t-BuBrettPhos,2,t-BuBrettPhos,69.27632316,53.46379852294922,26.036651611328125
reaction:3695,t-BuBrettPhos,2,t-BuBrettPhos,78.77070783,53.03797912597656,25.9698543548584
reaction:3696,t-BuBrettPhos,2,t-BuBrettPhos,76.11415284,55.02726745605469,25.771785736083984
reaction:3697,t-BuBrettPhos,2,t-BuBrettPhos,81.78695125,56.859439849853516,25.691137313842773
reaction:3698,t-BuBrettPhos,2,t-BuBrettPhos,3.724806832,26.200288772583008,25.780607223510742
reaction:3699,t-BuBrettPhos,2,t-BuBrettPhos,17.80357266,37.81553649902344,25.808984756469727
reaction:3700,t-BuBrettPhos,2,t-BuBrettPhos,61.99734129,51.331581115722656,25.790328979492188
reaction:3701,t-BuBrettPhos,2,t-BuBrettPhos,27.20831726,21.958255767822266,25.894346237182617
reaction:3702,t-BuBrettPhos,2,t-BuBrettPhos,38.14083048,33.23628616333008,25.643762588500977
reaction:3703,t-BuBrettPhos,2,t-BuBrettPhos,36.4250561,36.31981658935547,25.638477325439453
reaction:3704,t-BuBrettPhos,2,t-BuBrettPhos,1.088494579,11.007585525512695,26.144241333007812
reaction:3705,t-BuBrettPhos,2,t-BuBrettPhos,37.85579692,35.43198776245117,25.813243865966797
reaction:3706,t-BuBrettPhos,2,t-BuBrettPhos,41.07404232,38.597225189208984,26.18248748779297
reaction:3707,t-BuBrettPhos,2,t-BuBrettPhos,8.955312407000001,11.610088348388672,25.57297706604004
reaction:3708,t-BuBrettPhos,2,t-BuBrettPhos,59.10146589,48.61412048339844,25.72796058654785
reaction:3709,t-BuBrettPhos,2,t-BuBrettPhos,65.48133698,54.81854248046875,26.037975311279297
reaction:3710,t-BuBrettPhos,2,t-BuBrettPhos,62.79572595,44.193992614746094,25.970989227294922
reaction:3711,t-BuBrettPhos,2,t-BuBrettPhos,65.86005497,48.642333984375,25.755281448364258
reaction:3712,t-BuBrettPhos,2,t-BuBrettPhos,64.68104609,52.41343688964844,25.69075584411621
reaction:3713,t-BuBrettPhos,2,t-BuBrettPhos,25.61137798,21.66347885131836,25.762451171875
reaction:3714,t-BuBrettPhos,2,t-BuBrettPhos,56.47869884,47.95452117919922,25.799266815185547
reaction:3715,t-BuBrettPhos,2,t-BuBrettPhos,60.5253289,55.937599182128906,25.822072982788086
reaction:3716,t-BuBrettPhos,2,t-BuBrettPhos,28.57251929,22.417434692382812,25.881088256835938
reaction:3717,t-BuBrettPhos,2,t-BuBrettPhos,38.20471013,35.4677848815918,25.551095962524414
reaction:3718,t-BuBrettPhos,2,t-BuBrettPhos,41.63261266,40.897850036621094,25.554243087768555
reaction:3719,t-BuBrettPhos,2,t-BuBrettPhos,1.226874544,9.538280487060547,26.128673553466797
reaction:3720,t-BuBrettPhos,2,t-BuBrettPhos,47.15627467,40.181636810302734,25.8112850189209
reaction:3721,t-BuBrettPhos,2,t-BuBrettPhos,49.15467449,42.909053802490234,26.175180435180664
reaction:3722,t-BuBrettPhos,2,t-BuBrettPhos,9.293896224,10.57438850402832,25.636343002319336
reaction:3723,t-BuBrettPhos,2,t-BuBrettPhos,74.97052076,56.88744354248047,25.699054718017578
reaction:3724,t-BuBrettPhos,2,t-BuBrettPhos,75.97219172,62.74186325073242,26.034523010253906
reaction:3725,t-BuBrettPhos,2,t-BuBrettPhos,85.53405964,61.5062255859375,25.962499618530273
reaction:3726,t-BuBrettPhos,2,t-BuBrettPhos,80.79670421,66.03269958496094,25.750579833984375
reaction:3727,t-BuBrettPhos,2,t-BuBrettPhos,85.64532689,71.82611083984375,25.68585205078125
reaction:3728,t-BuBrettPhos,2,t-BuBrettPhos,21.70039266,22.560606002807617,25.76388931274414
reaction:3729,t-BuBrettPhos,2,t-BuBrettPhos,76.95155975,56.4854736328125,25.806819915771484
reaction:3730,t-BuBrettPhos,2,t-BuBrettPhos,80.79774090000001,67.24720001220703,25.804746627807617
reaction:3731,t-BuBrettPhos,2,t-BuBrettPhos,2.008708666,16.333881378173828,25.677936553955078
reaction:3732,t-BuBrettPhos,2,t-BuBrettPhos,25.56755062,27.821640014648438,25.4228458404541
reaction:3733,t-BuBrettPhos,2,t-BuBrettPhos,32.35958784,31.927526473999023,25.417131423950195
reaction:3734,t-BuBrettPhos,2,t-BuBrettPhos,0.0,12.456621170043945,25.92816162109375
reaction:3735,t-BuBrettPhos,2,t-BuBrettPhos,41.6263458,32.3709831237793,25.607423782348633
reaction:3736,t-BuBrettPhos,2,t-BuBrettPhos,41.53702825,37.93132781982422,25.95578384399414
reaction:3737,t-BuBrettPhos,2,t-BuBrettPhos,5.761815995,13.448230743408203,25.41687774658203
reaction:3738,t-BuBrettPhos,2,t-BuBrettPhos,63.22828466,44.06477355957031,25.481048583984375
reaction:3739,t-BuBrettPhos,2,t-BuBrettPhos,66.89026205,49.98575210571289,25.823776245117188
reaction:3740,t-BuBrettPhos,2,t-BuBrettPhos,72.60987428,45.52880859375,25.756959915161133
reaction:3741,t-BuBrettPhos,2,t-BuBrettPhos,78.22401013,51.40132522583008,25.552654266357422
reaction:3742,t-BuBrettPhos,2,t-BuBrettPhos,70.14060434,54.086368560791016,25.473167419433594
reaction:3743,t-BuBrettPhos,2,t-BuBrettPhos,0.810171959,16.462905883789062,25.561525344848633
reaction:3744,t-BuBrettPhos,2,t-BuBrettPhos,48.96975625,39.099632263183594,25.590843200683594
reaction:3745,t-BuBrettPhos,2,t-BuBrettPhos,50.40479784,44.84208679199219,25.571121215820312
reaction:3746,t-BuBrettPhos,2,t-BuBrettPhos,6.090802245,13.174383163452148,25.675188064575195
reaction:3747,t-BuBrettPhos,2,t-BuBrettPhos,38.90083473,29.761198043823242,25.421932220458984
reaction:3748,t-BuBrettPhos,2,t-BuBrettPhos,37.47062049,33.58211135864258,25.41596031188965
reaction:3749,t-BuBrettPhos,2,t-BuBrettPhos,0.0,9.193471908569336,25.927490234375
reaction:3750,t-BuBrettPhos,2,t-BuBrettPhos,35.15329281,26.577659606933594,25.592559814453125
reaction:3751,t-BuBrettPhos,2,t-BuBrettPhos,41.08459601,34.90875244140625,25.965803146362305
reaction:3752,t-BuBrettPhos,2,t-BuBrettPhos,4.12761042,8.942001342773438,25.35005760192871
reaction:3753,t-BuBrettPhos,2,t-BuBrettPhos,56.83415199,37.87763595581055,25.506946563720703
reaction:3754,t-BuBrettPhos,2,t-BuBrettPhos,65.44832937,51.33838653564453,25.819623947143555
reaction:3755,t-BuBrettPhos,2,t-BuBrettPhos,58.01064055,35.53921890258789,25.752717971801758
reaction:3756,t-BuBrettPhos,2,t-BuBrettPhos,63.16520406,43.18831253051758,25.534605026245117
reaction:3757,t-BuBrettPhos,2,t-BuBrettPhos,66.65248144,49.258148193359375,25.469886779785156
reaction:3758,t-BuBrettPhos,2,t-BuBrettPhos,2.68455705,11.318260192871094,25.54197883605957
reaction:3759,t-BuBrettPhos,2,t-BuBrettPhos,58.35068095,45.65191650390625,25.578380584716797
reaction:3760,t-BuBrettPhos,2,t-BuBrettPhos,61.04278074,50.81299591064453,25.601472854614258
reaction:3761,t-BuBrettPhos,2,t-BuBrettPhos,6.03417912,12.322898864746094,25.661745071411133
reaction:3762,t-BuBrettPhos,2,t-BuBrettPhos,38.15565558,30.23723030090332,25.32962989807129
reaction:3763,t-BuBrettPhos,2,t-BuBrettPhos,45.15638688,37.190452575683594,25.332244873046875
reaction:3764,t-BuBrettPhos,2,t-BuBrettPhos,0.0,6.267004013061523,25.912046432495117
reaction:3765,t-BuBrettPhos,2,t-BuBrettPhos,36.98776703,29.600717544555664,25.591936111450195
reaction:3766,t-BuBrettPhos,2,t-BuBrettPhos,44.33872807,38.19354248046875,25.957012176513672
reaction:3767,t-BuBrettPhos,2,t-BuBrettPhos,4.225486824,6.51171875,25.415287017822266
reaction:3768,t-BuBrettPhos,2,t-BuBrettPhos,59.21946541,43.47761535644531,25.479080200195312
reaction:3769,t-BuBrettPhos,2,t-BuBrettPhos,74.59845802,57.260318756103516,25.819669723510742
reaction:3770,t-BuBrettPhos,2,t-BuBrettPhos,78.02488381,49.277679443359375,25.747880935668945
reaction:3771,t-BuBrettPhos,2,t-BuBrettPhos,80.73687357,57.936668395996094,25.530517578125
reaction:3772,t-BuBrettPhos,2,t-BuBrettPhos,88.24637541,67.73490905761719,25.466793060302734
reaction:3773,t-BuBrettPhos,2,t-BuBrettPhos,1.957264533,10.980789184570312,25.544105529785156
reaction:3774,t-BuBrettPhos,2,t-BuBrettPhos,65.74098646,51.56629180908203,25.58743667602539
reaction:3775,t-BuBrettPhos,2,t-BuBrettPhos,83.83843021,60.73284149169922,25.58490753173828
reaction:3776,AdBrettPhos,0,AdBrettPhos,10.47269891,31.778257369995117,29.836023330688477
reaction:3777,AdBrettPhos,0,AdBrettPhos,12.16304801,32.04649353027344,29.8356990814209
reaction:3778,AdBrettPhos,0,AdBrettPhos,10.78771766,32.2564697265625,29.835708618164062
reaction:3779,AdBrettPhos,0,AdBrettPhos,1.152131483,31.549697875976562,29.83702850341797
reaction:3780,AdBrettPhos,0,AdBrettPhos,14.89842021,32.134376525878906,29.836761474609375
reaction:3781,AdBrettPhos,0,AdBrettPhos,16.26779165,32.2959098815918,29.836841583251953
reaction:3782,AdBrettPhos,0,AdBrettPhos,4.656693452,31.834064483642578,29.835674285888672
reaction:3783,AdBrettPhos,0,AdBrettPhos,21.20587604,32.61634826660156,29.835824966430664
reaction:3784,AdBrettPhos,0,AdBrettPhos,27.685942800000003,32.87605285644531,29.83629608154297
reaction:3785,AdBrettPhos,0,AdBrettPhos,21.50066765,32.66991424560547,29.837278366088867
reaction:3786,AdBrettPhos,0,AdBrettPhos,25.90827653,32.812889099121094,29.836606979370117
reaction:3787,AdBrettPhos,0,AdBrettPhos,28.29509241,32.99378204345703,29.83660125732422
reaction:3788,AdBrettPhos,0,AdBrettPhos,14.747497199999998,31.693389892578125,29.83595085144043
reaction:3789,AdBrettPhos,0,AdBrettPhos,17.65611496,32.124794006347656,29.836435317993164
reaction:3790,AdBrettPhos,0,AdBrettPhos,19.96336659,32.51584243774414,29.835718154907227
reaction:3791,AdBrettPhos,0,AdBrettPhos,2.505489323,31.907228469848633,29.835988998413086
reaction:3792,AdBrettPhos,0,AdBrettPhos,15.19101144,32.51547622680664,29.835683822631836
reaction:3793,AdBrettPhos,0,AdBrettPhos,34.181383399999994,32.76604080200195,29.83570671081543
reaction:3794,AdBrettPhos,0,AdBrettPhos,0.4677335079999999,31.662450790405273,29.83706283569336
reaction:3795,AdBrettPhos,0,AdBrettPhos,14.98944103,32.07691955566406,29.836774826049805
reaction:3796,AdBrettPhos,0,AdBrettPhos,40.85999304,32.60197067260742,29.836822509765625
reaction:3797,AdBrettPhos,0,AdBrettPhos,0.648980669,31.76421546936035,29.83537483215332
reaction:3798,AdBrettPhos,0,AdBrettPhos,24.05265274,32.549720764160156,29.835838317871094
reaction:3799,AdBrettPhos,0,AdBrettPhos,60.8676331,33.34345245361328,29.836299896240234
reaction:3800,AdBrettPhos,0,AdBrettPhos,20.28381752,32.6761474609375,29.83727264404297
reaction:3801,AdBrettPhos,0,AdBrettPhos,30.24326754,33.05451202392578,29.836624145507812
reaction:3802,AdBrettPhos,0,AdBrettPhos,53.5695113,33.51069259643555,29.836505889892578
reaction:3803,AdBrettPhos,0,AdBrettPhos,1.726024029,31.721757888793945,29.83595085144043
reaction:3804,AdBrettPhos,0,AdBrettPhos,36.92601799,32.86910629272461,29.83644676208496
reaction:3805,AdBrettPhos,0,AdBrettPhos,56.57387493,33.2693977355957,29.835533142089844
reaction:3806,AdBrettPhos,0,AdBrettPhos,7.949590253999999,32.132789611816406,29.835994720458984
reaction:3807,AdBrettPhos,0,AdBrettPhos,30.30978378,32.79051971435547,29.83546257019043
reaction:3808,AdBrettPhos,0,AdBrettPhos,47.10591975,33.07723617553711,29.83547592163086
reaction:3809,AdBrettPhos,0,AdBrettPhos,0.256451547,31.740924835205078,29.837060928344727
reaction:3810,AdBrettPhos,0,AdBrettPhos,26.95590806,32.4884147644043,29.83676528930664
reaction:3811,AdBrettPhos,0,AdBrettPhos,49.01475041,32.8872184753418,29.83682632446289
reaction:3812,AdBrettPhos,0,AdBrettPhos,0.727174946,31.92930030822754,29.835670471191406
reaction:3813,AdBrettPhos,0,AdBrettPhos,34.67021781,33.151546478271484,29.83586311340332
reaction:3814,AdBrettPhos,0,AdBrettPhos,73.39202626,33.874542236328125,29.8363094329834
reaction:3815,AdBrettPhos,0,AdBrettPhos,29.55686861,33.53525161743164,29.837278366088867
reaction:3816,AdBrettPhos,0,AdBrettPhos,41.06227561,33.885738372802734,29.836647033691406
reaction:3817,AdBrettPhos,0,AdBrettPhos,86.42573792,34.2774772644043,29.83649444580078
reaction:3818,AdBrettPhos,0,AdBrettPhos,0.0,31.895977020263672,29.835952758789062
reaction:3819,AdBrettPhos,0,AdBrettPhos,27.34305282,33.432594299316406,29.8364315032959
reaction:3820,AdBrettPhos,0,AdBrettPhos,76.73986616,34.00575256347656,29.835718154907227
reaction:3821,AdBrettPhos,0,AdBrettPhos,15.5615648,32.21259689331055,29.83537483215332
reaction:3822,AdBrettPhos,0,AdBrettPhos,24.35604753,32.61390686035156,29.8350772857666
reaction:3823,AdBrettPhos,0,AdBrettPhos,28.85136629,32.89022445678711,29.83509063720703
reaction:3824,AdBrettPhos,0,AdBrettPhos,0.979807222,31.93079948425293,29.836414337158203
reaction:3825,AdBrettPhos,0,AdBrettPhos,29.01476311,32.91069030761719,29.836158752441406
reaction:3826,AdBrettPhos,0,AdBrettPhos,33.20741805,33.065547943115234,29.83624839782715
reaction:3827,AdBrettPhos,0,AdBrettPhos,4.08442672,32.27568054199219,29.835063934326172
reaction:3828,AdBrettPhos,0,AdBrettPhos,46.70548466,33.582706451416016,29.8351993560791
reaction:3829,AdBrettPhos,0,AdBrettPhos,49.28704587,33.65899658203125,29.835668563842773
reaction:3830,AdBrettPhos,0,AdBrettPhos,31.37415917,33.27756881713867,29.836666107177734
reaction:3831,AdBrettPhos,0,AdBrettPhos,37.12306374,33.398521423339844,29.835979461669922
reaction:3832,AdBrettPhos,0,AdBrettPhos,42.69698784,33.720130920410156,29.836013793945312
reaction:3833,AdBrettPhos,0,AdBrettPhos,16.74814495,32.14409255981445,29.835311889648438
reaction:3834,AdBrettPhos,0,AdBrettPhos,52.20286143,32.91162872314453,29.835798263549805
reaction:3835,AdBrettPhos,0,AdBrettPhos,56.41870071,33.29436492919922,29.835105895996094
reaction:3836,AdBrettPhos,0,AdBrettPhos,3.434831672,31.983919143676758,29.835344314575195
reaction:3837,AdBrettPhos,0,AdBrettPhos,26.32369704,32.704551696777344,29.835073471069336
reaction:3838,AdBrettPhos,0,AdBrettPhos,36.14852387,33.01557540893555,29.835092544555664
reaction:3839,AdBrettPhos,0,AdBrettPhos,0.0,31.721208572387695,29.83646011352539
reaction:3840,AdBrettPhos,0,AdBrettPhos,16.7341519,32.43046188354492,29.8361873626709
reaction:3841,AdBrettPhos,0,AdBrettPhos,49.985461,33.0698127746582,29.83623504638672
reaction:3842,AdBrettPhos,0,AdBrettPhos,0.995077613,31.892871856689453,29.834766387939453
reaction:3843,AdBrettPhos,0,AdBrettPhos,30.16614104,33.058868408203125,29.835222244262695
reaction:3844,AdBrettPhos,0,AdBrettPhos,59.31991617,33.63849639892578,29.835678100585938
reaction:3845,AdBrettPhos,0,AdBrettPhos,20.49711258,32.83073425292969,29.8366756439209
reaction:3846,AdBrettPhos,0,AdBrettPhos,31.02334366,33.19026184082031,29.83601188659668
reaction:3847,AdBrettPhos,0,AdBrettPhos,56.03747384,33.81228256225586,29.835933685302734
reaction:3848,AdBrettPhos,0,AdBrettPhos,2.039001868,31.840442657470703,29.835317611694336
reaction:3849,AdBrettPhos,0,AdBrettPhos,47.55321922,33.16488265991211,29.835811614990234
reaction:3850,AdBrettPhos,0,AdBrettPhos,59.16216512,33.528602600097656,29.83492660522461
reaction:3851,AdBrettPhos,0,AdBrettPhos,5.071740985,32.03934097290039,29.835355758666992
reaction:3852,AdBrettPhos,0,AdBrettPhos,31.60555467,32.751346588134766,29.83485221862793
reaction:3853,AdBrettPhos,0,AdBrettPhos,41.60266431,33.122100830078125,29.834869384765625
reaction:3854,AdBrettPhos,0,AdBrettPhos,0.0,31.64887809753418,29.836463928222656
reaction:3855,AdBrettPhos,0,AdBrettPhos,20.44948228,32.66926956176758,29.836177825927734
reaction:3856,AdBrettPhos,0,AdBrettPhos,46.3015164,33.06753921508789,29.83624839782715
reaction:3857,AdBrettPhos,0,AdBrettPhos,1.005881291,31.8795108795166,29.835071563720703
reaction:3858,AdBrettPhos,0,AdBrettPhos,34.47263315,33.475006103515625,29.83524513244629
reaction:3859,AdBrettPhos,0,AdBrettPhos,72.29221067,33.951698303222656,29.8356990814209
reaction:3860,AdBrettPhos,0,AdBrettPhos,31.19527434,33.605899810791016,29.836685180664062
reaction:3861,AdBrettPhos,0,AdBrettPhos,39.71442231,33.890419006347656,29.836030960083008
reaction:3862,AdBrettPhos,0,AdBrettPhos,83.49602396,34.415122985839844,29.83592987060547
reaction:3863,AdBrettPhos,0,AdBrettPhos,0.0,31.842884063720703,29.8353214263916
reaction:3864,AdBrettPhos,0,AdBrettPhos,27.15696835,33.472599029541016,29.835811614990234
reaction:3865,AdBrettPhos,0,AdBrettPhos,67.35182955,34.07068634033203,29.835115432739258
reaction:3866,AdBrettPhos,0,AdBrettPhos,6.112603375,32.39510726928711,29.836585998535156
reaction:3867,AdBrettPhos,0,AdBrettPhos,19.11941212,32.68364334106445,29.836261749267578
reaction:3868,AdBrettPhos,0,AdBrettPhos,29.76126623,32.943328857421875,29.836267471313477
reaction:3869,AdBrettPhos,0,AdBrettPhos,0.0,31.89348793029785,29.837589263916016
reaction:3870,AdBrettPhos,0,AdBrettPhos,49.20462645,33.241920471191406,29.837322235107422
reaction:3871,AdBrettPhos,0,AdBrettPhos,49.50904012,33.25529861450195,29.837404251098633
reaction:3872,AdBrettPhos,0,AdBrettPhos,1.743650282,32.23115158081055,29.83623504638672
reaction:3873,AdBrettPhos,0,AdBrettPhos,67.14890203,34.04351806640625,29.83638572692871
reaction:3874,AdBrettPhos,0,AdBrettPhos,68.20094264,34.02950668334961,29.836854934692383
reaction:3875,AdBrettPhos,0,AdBrettPhos,74.20453315,33.96022033691406,29.83783721923828
reaction:3876,AdBrettPhos,0,AdBrettPhos,74.49984474,33.96266174316406,29.83716583251953
reaction:3877,AdBrettPhos,0,AdBrettPhos,83.44233536,34.0294189453125,29.837162017822266
reaction:3878,AdBrettPhos,0,AdBrettPhos,2.899493403,32.32510757446289,29.83650779724121
reaction:3879,AdBrettPhos,0,AdBrettPhos,16.85617983,32.8094367980957,29.83699607849121
reaction:3880,AdBrettPhos,0,AdBrettPhos,65.67896113,33.67023468017578,29.83628273010254
reaction:3881,AdBrettPhos,0,AdBrettPhos,17.43734901,32.46002197265625,29.836549758911133
reaction:3882,AdBrettPhos,0,AdBrettPhos,35.28597628,32.99635314941406,29.836244583129883
reaction:3883,AdBrettPhos,0,AdBrettPhos,36.96535355,33.13355255126953,29.83626365661621
reaction:3884,AdBrettPhos,0,AdBrettPhos,0.926720681,31.831371307373047,29.837627410888672
reaction:3885,AdBrettPhos,0,AdBrettPhos,38.563334600000005,32.88679504394531,29.83733558654785
reaction:3886,AdBrettPhos,0,AdBrettPhos,39.70763397,33.1804313659668,29.837383270263672
reaction:3887,AdBrettPhos,0,AdBrettPhos,1.666950752,32.021751403808594,29.835933685302734
reaction:3888,AdBrettPhos,0,AdBrettPhos,57.55922845,33.64616394042969,29.836395263671875
reaction:3889,AdBrettPhos,0,AdBrettPhos,61.437310200000006,34.026309967041016,29.83686065673828
reaction:3890,AdBrettPhos,0,AdBrettPhos,44.04139335,33.646820068359375,29.837833404541016
reaction:3891,AdBrettPhos,0,AdBrettPhos,53.66497703,33.87925338745117,29.83718490600586
reaction:3892,AdBrettPhos,0,AdBrettPhos,58.26903703,34.11839294433594,29.837066650390625
reaction:3893,AdBrettPhos,0,AdBrettPhos,15.287626800000002,32.281890869140625,29.836505889892578
reaction:3894,AdBrettPhos,0,AdBrettPhos,59.26239712,33.43003463745117,29.83700942993164
reaction:3895,AdBrettPhos,0,AdBrettPhos,62.55956501,33.9260368347168,29.836097717285156
reaction:3896,AdBrettPhos,0,AdBrettPhos,15.21649465,32.4931640625,29.83655548095703
reaction:3897,AdBrettPhos,0,AdBrettPhos,37.4061745,33.047340393066406,29.836023330688477
reaction:3898,AdBrettPhos,0,AdBrettPhos,43.02832469,33.29543685913086,29.83603286743164
reaction:3899,AdBrettPhos,0,AdBrettPhos,1.126878627,31.776580810546875,29.83762550354004
reaction:3900,AdBrettPhos,0,AdBrettPhos,43.83894822,33.10578918457031,29.837326049804688
reaction:3901,AdBrettPhos,0,AdBrettPhos,48.45171074,33.3023796081543,29.837392807006836
reaction:3902,AdBrettPhos,0,AdBrettPhos,1.342248202,32.024688720703125,29.836233139038086
reaction:3903,AdBrettPhos,0,AdBrettPhos,69.84952946,34.037315368652344,29.836421966552734
reaction:3904,AdBrettPhos,0,AdBrettPhos,74.90352783,34.425724029541016,29.836870193481445
reaction:3905,AdBrettPhos,0,AdBrettPhos,78.41262052,34.322654724121094,29.837839126586914
reaction:3906,AdBrettPhos,0,AdBrettPhos,80.77035612,34.52647018432617,29.837203979492188
reaction:3907,AdBrettPhos,0,AdBrettPhos,84.70172213,34.78786087036133,29.837060928344727
reaction:3908,AdBrettPhos,0,AdBrettPhos,9.540861126,32.27753448486328,29.836511611938477
reaction:3909,AdBrettPhos,0,AdBrettPhos,61.6695561,33.86833953857422,29.836999893188477
reaction:3910,AdBrettPhos,0,AdBrettPhos,74.59231799,34.4883918762207,29.83628273010254
reaction:3911,AdBrettPhos,0,AdBrettPhos,1.159391266,31.91313934326172,29.835693359375
reaction:3912,AdBrettPhos,0,AdBrettPhos,19.7798759,32.61159133911133,29.835359573364258
reaction:3913,AdBrettPhos,0,AdBrettPhos,27.25583167,32.871917724609375,29.835369110107422
reaction:3914,AdBrettPhos,0,AdBrettPhos,0.0,31.813350677490234,29.836687088012695
reaction:3915,AdBrettPhos,0,AdBrettPhos,27.61595801,32.902549743652344,29.836414337158203
reaction:3916,AdBrettPhos,0,AdBrettPhos,44.94211074,32.94546890258789,29.836498260498047
reaction:3917,AdBrettPhos,0,AdBrettPhos,0.0,32.022239685058594,29.835330963134766
reaction:3918,AdBrettPhos,0,AdBrettPhos,49.88008869,33.617454528808594,29.835481643676758
reaction:3919,AdBrettPhos,0,AdBrettPhos,61.83593039,33.766624450683594,29.835960388183594
reaction:3920,AdBrettPhos,0,AdBrettPhos,54.69797468,33.7705078125,29.836938858032227
reaction:3921,AdBrettPhos,0,AdBrettPhos,66.42814295,33.92819595336914,29.836273193359375
reaction:3922,AdBrettPhos,0,AdBrettPhos,66.04767415,33.87949752807617,29.836254119873047
reaction:3923,AdBrettPhos,0,AdBrettPhos,0.899554125,31.88715934753418,29.835609436035156
reaction:3924,AdBrettPhos,0,AdBrettPhos,41.91155944,32.97697830200195,29.836097717285156
reaction:3925,AdBrettPhos,0,AdBrettPhos,45.77046106,33.26438522338867,29.835386276245117
reaction:3926,AdBrettPhos,0,AdBrettPhos,2.749074467,31.966020584106445,29.835668563842773
reaction:3927,AdBrettPhos,0,AdBrettPhos,28.74221631,32.95115280151367,29.835350036621094
reaction:3928,AdBrettPhos,0,AdBrettPhos,33.74215602,33.0917854309082,29.835372924804688
reaction:3929,AdBrettPhos,0,AdBrettPhos,0.0,31.783000946044922,29.836732864379883
reaction:3930,AdBrettPhos,0,AdBrettPhos,20.54633014,32.656028747558594,29.836435317993164
reaction:3931,AdBrettPhos,0,AdBrettPhos,34.2854552,32.993743896484375,29.836484909057617
reaction:3932,AdBrettPhos,0,AdBrettPhos,0.52608193,31.864761352539062,29.835039138793945
reaction:3933,AdBrettPhos,0,AdBrettPhos,35.20097749,33.347625732421875,29.83549690246582
reaction:3934,AdBrettPhos,0,AdBrettPhos,57.87416713,33.8877067565918,29.83597183227539
reaction:3935,AdBrettPhos,0,AdBrettPhos,28.17135486,33.478515625,29.83693504333496
reaction:3936,AdBrettPhos,0,AdBrettPhos,42.18931962,33.816314697265625,29.836294174194336
reaction:3937,AdBrettPhos,0,AdBrettPhos,54.86277738,34.042999267578125,29.836158752441406
reaction:3938,AdBrettPhos,0,AdBrettPhos,1.7201850419999998,31.84027099609375,29.835617065429688
reaction:3939,AdBrettPhos,0,AdBrettPhos,52.96278289,33.47577667236328,29.83612632751465
reaction:3940,AdBrettPhos,0,AdBrettPhos,55.26466335,33.724124908447266,29.835195541381836
reaction:3941,AdBrettPhos,0,AdBrettPhos,2.565604497,31.919504165649414,29.835683822631836
reaction:3942,AdBrettPhos,0,AdBrettPhos,25.67305216,32.93516159057617,29.835142135620117
reaction:3943,AdBrettPhos,0,AdBrettPhos,40.24019595,33.22319412231445,29.83515167236328
reaction:3944,AdBrettPhos,0,AdBrettPhos,0.0,31.66237449645996,29.836742401123047
reaction:3945,AdBrettPhos,0,AdBrettPhos,20.84643886,32.77509689331055,29.836444854736328
reaction:3946,AdBrettPhos,0,AdBrettPhos,46.31398784,33.022640228271484,29.836502075195312
reaction:3947,AdBrettPhos,0,AdBrettPhos,0.553317014,31.801822662353516,29.835350036621094
reaction:3948,AdBrettPhos,0,AdBrettPhos,32.70750682,33.597713470458984,29.835546493530273
reaction:3949,AdBrettPhos,0,AdBrettPhos,69.61841713,34.167449951171875,29.83599090576172
reaction:3950,AdBrettPhos,0,AdBrettPhos,38.40380593,34.075042724609375,29.836957931518555
reaction:3951,AdBrettPhos,0,AdBrettPhos,57.42667045,34.4102783203125,29.836332321166992
reaction:3952,AdBrettPhos,0,AdBrettPhos,86.23315653,34.64297103881836,29.836164474487305
reaction:3953,AdBrettPhos,0,AdBrettPhos,1.44008073,31.7906494140625,29.83563804626465
reaction:3954,AdBrettPhos,0,AdBrettPhos,43.53836522,33.77452087402344,29.83612060546875
reaction:3955,AdBrettPhos,0,AdBrettPhos,69.79590237,34.22184371948242,29.835405349731445
