row_id,ligand,fold,reference_group,y_true,y_pred,y_std
reaction:1,P(tBu)3,3,,4.76,27.960371017456055,34.2327766418457
reaction:2,P(Ph)3,1,,4.12,28.225404739379883,34.09065246582031
reaction:3,AmPhos,4,,2.58,25.70693588256836,34.02444076538086
reaction:4,P(Cy)3,1,,4.44,28.127016067504883,33.96490478515625
reaction:5,P(o-Tol)3,2,,1.95,22.593050003051758,34.089820861816406
reaction:6,CataCXium A,0,,3.25,26.400386810302734,34.113441467285156
reaction:7,SPhos,4,,86.26,60.41526794433594,34.00566101074219
reaction:9,XPhos,3,,93.67,62.572383880615234,34.18537521362305
reaction:13,P(tBu)3,3,,3.16,27.27829360961914,34.24233627319336
reaction:14,P(Ph)3,3,,4.75,26.093467712402344,34.14683532714844
reaction:15,AmPhos,1,,2.46,26.709577560424805,34.0303955078125
reaction:16,P(Cy)3,3,,5.27,28.659622192382812,34.13157272338867
reaction:17,P(o-Tol)3,4,,1.96,24.48321533203125,34.04855728149414
reaction:18,CataCXium A,4,,3.35,30.083206176757812,33.975772857666016
reaction:19,SPhos,1,,69.22,57.8399543762207,34.043067932128906
reaction:21,XPhos,0,,83.19,60.539222717285156,34.1628303527832
reaction:25,P(tBu)3,4,,1.79,27.558242797851562,34.0273323059082
reaction:26,P(Ph)3,1,,4.36,25.85932159423828,34.076473236083984
reaction:27,AmPhos,4,,2.71,25.43536949157715,33.983802795410156
reaction:28,P(Cy)3,3,,6.49,29.10387420654297,34.109283447265625
reaction:29,P(o-Tol)3,3,,2.1,21.467113494873047,34.1193733215332
reaction:30,CataCXium A,1,,3.32,26.368078231811523,33.97928237915039
reaction:31,SPhos,4,,68.44,55.628639221191406,34.017147064208984
reaction:33,XPhos,3,,73.02,58.49800109863281,34.20039749145508
reaction:37,P(tBu)3,4,,3.0,27.647293090820312,34.03019714355469
reaction:38,P(Ph)3,2,,4.73,23.86130142211914,34.13895034790039
reaction:39,AmPhos,2,,2.58,24.293376922607422,34.17727279663086
reaction:40,P(Cy)3,2,,5.83,25.922571182250977,34.1458854675293
reaction:41,P(o-Tol)3,1,,1.88,20.8063907623291,33.9808349609375
reaction:42,CataCXium A,3,,3.69,28.319692611694336,34.181610107421875
reaction:43,SPhos,3,,53.34,53.837379455566406,34.121253967285156
reaction:45,XPhos,2,,60.67,58.633575439453125,34.0368766784668
reaction:49,P(tBu)3,0,,5.6,29.3809814453125,34.21892166137695
reaction:50,P(Ph)3,1,,4.82,28.378164291381836,34.104061126708984
reaction:51,AmPhos,0,,2.49,25.400388717651367,34.15352249145508
reaction:52,P(Cy)3,2,,6.46,28.969390869140625,34.17885971069336
reaction:53,P(o-Tol)3,1,,2.06,23.766464233398438,33.99519348144531
reaction:54,CataCXium A,3,,3.22,29.12633514404297,34.143577575683594
reaction:55,SPhos,0,,78.42,60.288307189941406,34.16267776489258
reaction:57,XPhos,1,,92.22,65.79071807861328,34.00054931640625
reaction:61,P(tBu)3,4,,7.08,30.655874252319336,34.01879119873047
reaction:62,P(Ph)3,2,,5.45,24.171512603759766,34.105220794677734
reaction:63,AmPhos,3,,1.99,25.692407608032227,34.125404357910156
reaction:64,P(Cy)3,0,,6.08,27.908056259155273,34.086387634277344
reaction:65,P(o-Tol)3,4,,2.45,24.292247772216797,34.01566696166992
reaction:66,CataCXium A,3,,3.57,26.78768539428711,34.155277252197266
reaction:67,SPhos,2,,85.77,58.8115234375,34.080074310302734
reaction:69,XPhos,4,,92.83,63.57267761230469,33.90690231323242
reaction:73,P(tBu)3,0,,7.82,28.435916900634766,34.19263458251953
reaction:74,P(Ph)3,3,,6.14,23.839759826660156,34.143436431884766
reaction:75,AmPhos,1,,2.13,24.051965713500977,34.0285758972168
reaction:76,P(Cy)3,4,,5.05,29.956012725830078,33.92351150512695
reaction:77,P(o-Tol)3,4,,1.98,22.382720947265625,33.994720458984375
reaction:78,CataCXium A,4,,4.47,29.94364356994629,33.99058151245117
reaction:79,SPhos,0,,78.96,58.272865295410156,34.12188720703125
reaction:81,XPhos,0,,90.3,61.41138458251953,34.13667297363281
reaction:85,P(tBu)3,1,,9.76,27.111656188964844,33.96574020385742
reaction:86,P(Ph)3,4,,4.15,24.65492057800293,33.921791076660156
reaction:87,AmPhos,0,,1.53,27.18482208251953,34.17609786987305
reaction:88,P(Cy)3,4,,5.8,27.138751983642578,33.923667907714844
reaction:89,P(o-Tol)3,2,,2.65,22.15673828125,34.10559844970703
reaction:90,CataCXium A,4,,4.43,31.396663665771484,33.94677734375
reaction:91,SPhos,1,,66.8,54.611183166503906,34.06143569946289
reaction:93,XPhos,3,,78.23,59.20274353027344,34.204376220703125
reaction:97,P(tBu)3,4,,33.79,43.479736328125,33.95489501953125
reaction:98,P(Ph)3,1,,8.08,31.555309295654297,34.07542419433594
reaction:99,AmPhos,4,,61.2,40.90040969848633,34.038875579833984
reaction:100,P(Cy)3,0,,69.94,47.03420639038086,34.139015197753906
reaction:101,P(o-Tol)3,1,,7.2,25.266210556030273,33.98211669921875
reaction:102,CataCXium A,2,,79.47,47.98281478881836,34.203636169433594
reaction:103,SPhos,1,,87.06,61.1604118347168,33.99678421020508
reaction:105,XPhos,2,,88.97,65.18122100830078,34.102378845214844
reaction:109,P(tBu)3,3,,66.74,42.41077423095703,34.25141906738281
reaction:110,P(Ph)3,1,,8.11,29.447586059570312,34.04170608520508
reaction:111,AmPhos,3,,57.48,38.05524826049805,34.170326232910156
reaction:112,P(Cy)3,0,,61.89,46.62460708618164,34.145938873291016
reaction:113,P(o-Tol)3,0,,2.23,22.37391471862793,34.1392707824707
reaction:114,CataCXium A,0,,70.45,49.90443801879883,34.10363006591797
reaction:115,SPhos,2,,79.85,55.32524490356445,34.15605163574219
reaction:117,XPhos,1,,80.77,56.0366096496582,34.013519287109375
reaction:121,P(tBu)3,3,,39.17,38.42131423950195,34.23167037963867
reaction:122,P(Ph)3,1,,7.24,28.94019889831543,34.06591796875
reaction:123,AmPhos,1,,44.98,41.64027404785156,34.0146484375
reaction:124,P(Cy)3,2,,50.95,48.938480377197266,34.189491271972656
reaction:125,P(o-Tol)3,2,,2.23,20.854005813598633,34.076847076416016
reaction:126,CataCXium A,4,,61.29,48.294918060302734,33.992523193359375
reaction:127,SPhos,4,,60.83,53.84714126586914,34.04926681518555
reaction:129,XPhos,2,,53.52,57.95754623413086,34.081546783447266
reaction:133,P(tBu)3,1,,41.23,41.55550003051758,34.03207015991211
reaction:134,P(Ph)3,3,,6.66,27.770641326904297,34.197505950927734
reaction:135,AmPhos,2,,33.02,43.60417938232422,34.219581604003906
reaction:136,P(Cy)3,0,,50.06,44.76832580566406,34.138389587402344
reaction:137,P(o-Tol)3,4,,2.68,21.47834014892578,33.98569869995117
reaction:138,CataCXium A,2,,55.85,46.5643196105957,34.2032470703125
reaction:139,SPhos,0,,47.94,56.6976318359375,34.07822799682617
reaction:141,XPhos,0,,52.33,55.121246337890625,34.18757629394531
reaction:145,P(tBu)3,2,,48.56,42.099937438964844,34.16690444946289
reaction:146,P(Ph)3,3,,7.77,26.67426109313965,34.180789947509766
reaction:147,AmPhos,3,,42.73,37.67484664916992,34.138458251953125
reaction:148,P(Cy)3,4,,55.08,49.47021484375,33.91272735595703
reaction:149,P(o-Tol)3,1,,3.03,23.52974510192871,33.9739990234375
reaction:150,CataCXium A,4,,62.33,46.34584426879883,33.969383239746094
reaction:151,SPhos,4,,73.31,55.37134552001953,34.06026077270508
reaction:153,XPhos,0,,72.0,60.26097869873047,34.19560623168945
reaction:157,P(tBu)3,3,,66.16,43.545494079589844,34.27306365966797
reaction:158,P(Ph)3,1,,9.92,28.7504940032959,34.03561019897461
reaction:159,AmPhos,4,,58.51,37.242130279541016,33.97804641723633
reaction:160,P(Cy)3,2,,78.15,43.42146682739258,34.157920837402344
reaction:161,P(o-Tol)3,4,,5.12,24.317731857299805,34.011817932128906
reaction:162,CataCXium A,2,,62.02,44.7961540222168,34.17393493652344
reaction:163,SPhos,4,,85.95,57.630516052246094,34.03781509399414
reaction:165,XPhos,0,,85.21,60.931640625,34.18246841430664
reaction:169,P(tBu)3,1,,68.72,44.25183868408203,34.00472640991211
reaction:170,P(Ph)3,2,,10.16,28.65635871887207,34.16181182861328
reaction:171,AmPhos,1,,48.8,39.75287628173828,34.02183151245117
reaction:172,P(Cy)3,3,,82.65,45.94972610473633,34.088623046875
reaction:173,P(o-Tol)3,0,,5.97,21.58958625793457,34.136566162109375
reaction:174,CataCXium A,4,,80.74,49.14900588989258,34.01029586791992
reaction:175,SPhos,2,,87.82,58.6661376953125,34.216461181640625
reaction:177,XPhos,3,,88.93,64.86529541015625,34.17000961303711
reaction:181,P(tBu)3,2,,67.57,44.098506927490234,34.165584564208984
reaction:182,P(Ph)3,2,,9.44,27.13898277282715,34.1379508972168
reaction:183,AmPhos,3,,64.56,39.85911560058594,34.1569938659668
reaction:184,P(Cy)3,1,,73.97,47.38450622558594,33.95198059082031
reaction:185,P(o-Tol)3,4,,4.81,23.062681198120117,33.99474334716797
reaction:186,CataCXium A,1,,83.62,51.34208679199219,33.991397857666016
reaction:187,SPhos,1,,89.17,55.22770690917969,34.027801513671875
reaction:189,XPhos,1,,91.35,58.2857551574707,34.00428771972656
reaction:193,P(tBu)3,1,,17.33,29.17643928527832,34.0174674987793
reaction:194,P(Ph)3,1,,6.27,28.381237030029297,34.045654296875
reaction:195,AmPhos,3,,5.34,25.690114974975586,34.06896209716797
reaction:196,P(Cy)3,2,,12.74,34.53306579589844,34.22172546386719
reaction:197,P(o-Tol)3,0,,5.37,23.174972534179688,34.15513610839844
reaction:198,CataCXium A,2,,8.6,27.300573348999023,34.18893814086914
reaction:199,SPhos,3,,77.85,57.1301155090332,34.14863204956055
reaction:201,XPhos,1,,88.28,54.69715118408203,33.97431564331055
reaction:205,P(tBu)3,4,,3.5,28.608022689819336,33.984073638916016
reaction:206,P(Ph)3,4,,6.84,27.32282257080078,34.008766174316406
reaction:207,AmPhos,4,,2.54,24.934804916381836,33.97353744506836
reaction:208,P(Cy)3,2,,10.59,34.073020935058594,34.224937438964844
reaction:209,P(o-Tol)3,2,,1.19,20.786476135253906,34.1548957824707
reaction:210,CataCXium A,0,,7.85,28.377269744873047,34.15061569213867
reaction:211,SPhos,0,,42.13,53.7735710144043,34.14039993286133
reaction:213,XPhos,0,,37.01,52.93455505371094,34.22999954223633
reaction:217,P(tBu)3,4,,1.22,27.49936294555664,34.01140594482422
reaction:218,P(Ph)3,0,,6.24,25.48357391357422,34.144493103027344
reaction:219,AmPhos,1,,4.25,24.37567710876465,33.992149353027344
reaction:220,P(Cy)3,2,,42.54,34.09593200683594,34.246604919433594
reaction:221,P(o-Tol)3,4,,1.05,21.541873931884766,33.97248077392578
reaction:222,CataCXium A,2,,12.89,30.68796730041504,34.16580581665039
reaction:223,SPhos,4,,63.88,49.60877227783203,34.005653381347656
reaction:225,XPhos,3,,60.88,51.63816452026367,34.190711975097656
reaction:229,P(tBu)3,3,,3.69,27.230497360229492,34.21950912475586
reaction:230,P(Ph)3,3,,5.3,24.55658721923828,34.13462448120117
reaction:231,AmPhos,2,,5.08,30.1072998046875,34.26389694213867
reaction:232,P(Cy)3,2,,6.97,33.464073181152344,34.241798400878906
reaction:233,P(o-Tol)3,0,,0.99,22.829954147338867,34.16128921508789
reaction:234,CataCXium A,3,,11.91,29.882780075073242,34.166831970214844
reaction:235,SPhos,0,,39.83,50.2859001159668,34.169979095458984
reaction:237,XPhos,3,,39.49,48.661048889160156,34.18135452270508
reaction:241,P(tBu)3,0,,13.55,28.911588668823242,34.20082092285156
reaction:242,P(Ph)3,1,,4.36,25.5836238861084,34.01324462890625
reaction:243,AmPhos,2,,3.3,30.52389144897461,34.24211502075195
reaction:244,P(Cy)3,2,,7.47,37.053985595703125,34.273765563964844
reaction:245,P(o-Tol)3,4,,3.54,20.86041259765625,33.9599494934082
reaction:246,CataCXium A,1,,10.67,28.346614837646484,33.99653625488281
reaction:247,SPhos,4,,62.77,49.23086166381836,34.0217170715332
reaction:249,XPhos,0,,79.14,50.552940368652344,34.21084213256836
reaction:253,P(tBu)3,0,,23.07,30.646921157836914,34.19974136352539
reaction:254,P(Ph)3,4,,7.07,26.17071533203125,34.01013946533203
reaction:255,AmPhos,2,,4.12,29.516944885253906,34.23916244506836
reaction:256,P(Cy)3,0,,6.71,31.032554626464844,34.08668899536133
reaction:257,P(o-Tol)3,0,,2.67,23.693544387817383,34.16192626953125
reaction:258,CataCXium A,0,,6.27,27.918554306030273,34.11054229736328
reaction:259,SPhos,3,,71.54,53.500579833984375,34.160011291503906
reaction:261,XPhos,2,,61.47,50.9330940246582,33.995216369628906
reaction:265,P(tBu)3,0,,17.9,30.443326950073242,34.19330596923828
reaction:266,P(Ph)3,2,,4.61,25.718538284301758,34.111854553222656
reaction:267,AmPhos,2,,4.6,30.07765769958496,34.244380950927734
reaction:268,P(Cy)3,4,,7.56,32.31013870239258,33.94871520996094
reaction:269,P(o-Tol)3,3,,2.56,21.70841407775879,34.17079544067383
reaction:270,CataCXium A,2,,6.26,31.631874084472656,34.21011734008789
reaction:271,SPhos,2,,72.84,50.875762939453125,34.175655364990234
reaction:273,XPhos,1,,67.48,51.47929763793945,34.00918197631836
reaction:277,P(tBu)3,1,,19.08,30.373807907104492,34.018028259277344
reaction:278,P(Ph)3,4,,4.88,25.8278751373291,34.00997543334961
reaction:279,AmPhos,2,,5.43,32.04530334472656,34.2487678527832
reaction:280,P(Cy)3,2,,7.06,32.9626350402832,34.220584869384766
reaction:281,P(o-Tol)3,2,,1.22,21.9540958404541,34.14806365966797
reaction:282,CataCXium A,3,,8.89,31.330013275146484,34.15110778808594
reaction:283,SPhos,1,,49.12,48.336673736572266,34.03897476196289
reaction:285,XPhos,0,,43.52,50.64940643310547,34.200050354003906
reaction:289,P(tBu)3,0,,33.37,33.91298294067383,34.25105667114258
reaction:290,P(Ph)3,0,,15.35,29.846942901611328,34.18501663208008
reaction:291,AmPhos,4,,30.96,31.38920783996582,34.07020950317383
reaction:292,P(Cy)3,4,,32.72,36.26068115234375,33.94984817504883
reaction:293,P(o-Tol)3,0,,34.24,31.188793182373047,34.2269172668457
reaction:294,CataCXium A,1,,14.91,37.50450897216797,34.04941177368164
reaction:295,SPhos,3,,43.3,47.82184600830078,34.18767166137695
reaction:297,XPhos,2,,37.65,50.452083587646484,34.09214782714844
reaction:301,P(tBu)3,0,,27.3,34.07118606567383,34.224945068359375
reaction:302,P(Ph)3,0,,37.47,30.1534481048584,34.17511749267578
reaction:303,AmPhos,2,,13.08,32.06615447998047,34.199771881103516
reaction:304,P(Cy)3,1,,27.89,35.13230514526367,33.930789947509766
reaction:305,P(o-Tol)3,3,,14.4,28.171314239501953,34.16392135620117
reaction:306,CataCXium A,0,,25.15,32.792686462402344,34.150115966796875
reaction:307,SPhos,3,,16.51,42.905548095703125,34.17820739746094
reaction:309,XPhos,1,,30.98,45.697998046875,34.03158187866211
reaction:313,P(tBu)3,1,,28.45,30.265472412109375,33.972740173339844
reaction:314,P(Ph)3,0,,13.64,30.94432830810547,34.200721740722656
reaction:315,AmPhos,2,,31.82,31.12763214111328,34.188053131103516
reaction:316,P(Cy)3,3,,30.94,38.848392486572266,34.17298126220703
reaction:317,P(o-Tol)3,4,,31.98,27.423002243041992,33.978660583496094
reaction:318,CataCXium A,1,,28.13,37.146053314208984,34.08393478393555
reaction:319,SPhos,1,,18.42,40.031429290771484,34.0173225402832
reaction:321,XPhos,3,,35.0,40.99939727783203,34.239959716796875
reaction:325,P(tBu)3,4,,26.85,30.86726188659668,33.96183395385742
reaction:326,P(Ph)3,2,,15.5,32.99299621582031,34.206146240234375
reaction:327,AmPhos,1,,12.57,29.779529571533203,33.92971420288086
reaction:328,P(Cy)3,4,,14.4,34.23796081542969,33.93037414550781
reaction:329,P(o-Tol)3,0,,13.04,30.0640811920166,34.21651077270508
reaction:330,CataCXium A,4,,15.23,35.053619384765625,33.924888610839844
reaction:331,SPhos,1,,22.25,41.117706298828125,34.009552001953125
reaction:333,XPhos,1,,22.24,44.94296646118164,34.01565170288086
reaction:337,P(tBu)3,0,,14.91,34.98919677734375,34.23577117919922
reaction:338,P(Ph)3,2,,18.37,30.410829544067383,34.16223907470703
reaction:339,AmPhos,4,,22.52,30.65226173400879,34.034156799316406
reaction:340,P(Cy)3,2,,39.31,35.79481887817383,34.10838317871094
reaction:341,P(o-Tol)3,1,,18.24,29.966867446899414,33.96120071411133
reaction:342,CataCXium A,0,,30.77,34.51602554321289,34.12125015258789
reaction:343,SPhos,0,,19.02,44.62730407714844,34.133399963378906
reaction:345,XPhos,3,,40.25,51.736000061035156,34.219703674316406
reaction:349,P(tBu)3,3,,12.85,32.75132369995117,34.22935104370117
reaction:350,P(Ph)3,4,,22.93,29.984025955200195,33.939701080322266
reaction:351,AmPhos,3,,12.79,32.75872802734375,34.10703659057617
reaction:352,P(Cy)3,3,,13.31,36.5750732421875,34.195579528808594
reaction:353,P(o-Tol)3,0,,11.64,30.170692443847656,34.2039909362793
reaction:354,CataCXium A,1,,13.56,35.19569778442383,34.07645034790039
reaction:355,SPhos,3,,16.83,47.61595916748047,34.176429748535156
reaction:357,XPhos,4,,27.33,50.18681335449219,33.90731430053711
reaction:361,P(tBu)3,1,,12.62,32.054710388183594,34.01055908203125
reaction:362,P(Ph)3,2,,17.43,35.15392303466797,34.21536636352539
reaction:363,AmPhos,2,,13.35,33.13613510131836,34.220767974853516
reaction:364,P(Cy)3,3,,27.89,35.048912048339844,34.177940368652344
reaction:365,P(o-Tol)3,3,,14.65,29.669767379760742,34.175350189208984
reaction:366,CataCXium A,2,,31.02,36.85284423828125,34.13925552368164
reaction:367,SPhos,2,,18.02,38.19469451904297,34.158958435058594
reaction:369,XPhos,3,,32.86,45.41315460205078,34.25404357910156
reaction:373,P(tBu)3,0,,13.88,33.204566955566406,34.21288299560547
reaction:374,P(Ph)3,0,,14.7,28.41077423095703,34.17835235595703
reaction:375,AmPhos,0,,32.25,31.564603805541992,34.10323715209961
reaction:376,P(Cy)3,3,,17.65,36.1191520690918,34.197269439697266
reaction:377,P(o-Tol)3,0,,16.99,27.922992706298828,34.194305419921875
reaction:378,CataCXium A,1,,41.59,33.865291595458984,34.08391189575195
reaction:379,SPhos,0,,21.47,38.053070068359375,34.1263313293457
reaction:381,XPhos,3,,37.87,41.62053680419922,34.23686981201172
reaction:385,P(tBu)3,4,,79.31,63.572044372558594,33.99155807495117
reaction:386,P(Ph)3,0,,85.43,67.14935302734375,34.17485046386719
reaction:387,AmPhos,1,,86.82,61.9483757019043,34.017974853515625
reaction:388,P(Cy)3,2,,75.98,60.848697662353516,34.142398834228516
reaction:389,P(o-Tol)3,1,,41.8,42.440696716308594,34.07404327392578
reaction:390,CataCXium A,0,,96.38,68.0248794555664,34.18001937866211
reaction:391,SPhos,1,,92.63,59.04840087890625,34.0050048828125
reaction:393,XPhos,0,,90.21,55.90594482421875,34.102237701416016
reaction:397,P(tBu)3,1,,93.3,55.990638732910156,34.034278869628906
reaction:398,P(Ph)3,2,,90.89,61.603084564208984,34.212284088134766
reaction:399,AmPhos,2,,93.44,62.007564544677734,34.15596389770508
reaction:400,P(Cy)3,0,,86.13,60.09479904174805,34.14824676513672
reaction:401,P(o-Tol)3,1,,28.22,39.32097625732422,34.07023620605469
reaction:402,CataCXium A,0,,93.94,64.96038818359375,34.16325378417969
reaction:403,SPhos,0,,71.11,56.61177062988281,34.165950775146484
reaction:405,XPhos,4,,56.96,50.862884521484375,34.02716064453125
reaction:409,P(tBu)3,1,,76.51,53.18557357788086,34.0448112487793
reaction:410,P(Ph)3,3,,68.5,62.975765228271484,34.100555419921875
reaction:411,AmPhos,0,,83.6,64.65186309814453,34.14749526977539
reaction:412,P(Cy)3,0,,71.0,58.13554382324219,34.1533088684082
reaction:413,P(o-Tol)3,4,,39.98,40.72752380371094,34.008907318115234
reaction:414,CataCXium A,3,,84.02,65.56287384033203,34.18545150756836
reaction:415,SPhos,2,,46.81,54.059478759765625,34.187625885009766
reaction:417,XPhos,3,,46.08,50.04072570800781,34.20952606201172
reaction:421,P(tBu)3,4,,67.14,59.29062271118164,33.9792594909668
reaction:422,P(Ph)3,4,,62.56,64.16758728027344,33.95576095581055
reaction:423,AmPhos,1,,77.71,62.023475646972656,33.9867057800293
reaction:424,P(Cy)3,4,,48.17,51.79030227661133,33.98447799682617
reaction:425,P(o-Tol)3,1,,30.4,39.716678619384766,34.04378128051758
reaction:426,CataCXium A,3,,82.69,64.28079223632812,34.18210983276367
reaction:427,SPhos,3,,36.08,56.8302116394043,34.17578887939453
reaction:429,XPhos,3,,34.03,53.84426498413086,34.26923751831055
reaction:433,P(tBu)3,2,,78.75,61.907920837402344,34.092811584472656
reaction:434,P(Ph)3,0,,76.72,64.72682189941406,34.12630081176758
reaction:435,AmPhos,3,,87.47,66.21073913574219,34.12166213989258
reaction:436,P(Cy)3,2,,63.2,58.041358947753906,34.1257438659668
reaction:437,P(o-Tol)3,4,,40.06,41.90282440185547,33.982242584228516
reaction:438,CataCXium A,1,,95.57,68.9696044921875,33.98215866088867
reaction:439,SPhos,2,,71.71,56.374908447265625,34.211143493652344
reaction:441,XPhos,4,,74.15,52.413238525390625,33.93846130371094
reaction:445,P(tBu)3,0,,90.99,68.25272369384766,34.19816589355469
reaction:446,P(Ph)3,2,,96.76,62.17009353637695,34.21453094482422
reaction:447,AmPhos,1,,91.93,62.632118225097656,34.01652908325195
reaction:448,P(Cy)3,4,,87.49,60.41032409667969,33.983856201171875
reaction:449,P(o-Tol)3,4,,34.73,44.733116149902344,33.99345779418945
reaction:450,CataCXium A,2,,95.88,70.1527099609375,34.06583023071289
reaction:451,SPhos,2,,92.53,56.44145965576172,34.186119079589844
reaction:453,XPhos,4,,75.54,51.176849365234375,33.96223831176758
reaction:457,P(tBu)3,4,,91.95,65.25904083251953,33.978702545166016
reaction:458,P(Ph)3,2,,88.9,62.19116973876953,34.217491149902344
reaction:459,AmPhos,2,,91.32,64.75658416748047,34.181373596191406
reaction:460,P(Cy)3,4,,90.6,56.41276931762695,33.982154846191406
reaction:461,P(o-Tol)3,0,,25.72,41.19601058959961,34.1655387878418
reaction:462,CataCXium A,3,,96.05,65.59011840820312,34.20179748535156
reaction:463,SPhos,4,,81.16,55.43973922729492,33.92263412475586
reaction:465,XPhos,3,,64.3,51.73140335083008,34.25480270385742
reaction:469,P(tBu)3,3,,91.09,64.80992889404297,34.09682846069336
reaction:470,P(Ph)3,3,,83.34,63.13360595703125,34.13425064086914
reaction:471,AmPhos,2,,90.34,61.62580108642578,34.178096771240234
reaction:472,P(Cy)3,4,,67.73,53.52756881713867,33.966487884521484
reaction:473,P(o-Tol)3,0,,21.43,41.065616607666016,34.20793914794922
reaction:474,CataCXium A,0,,91.81,62.675376892089844,34.1965217590332
reaction:475,SPhos,1,,61.6,50.853755950927734,33.981597900390625
reaction:477,XPhos,2,,42.69,49.264888763427734,34.137821197509766
reaction:481,P(tBu)3,1,,87.82,60.34452819824219,34.074886322021484
reaction:482,P(Ph)3,2,,90.21,69.02375793457031,34.15996551513672
reaction:483,AmPhos,1,,86.25,60.555213928222656,34.04841232299805
reaction:484,P(Cy)3,1,,78.26,60.25474548339844,33.98609924316406
reaction:485,P(o-Tol)3,1,,70.18,46.03189468383789,34.08330535888672
reaction:486,CataCXium A,1,,96.57,69.0206298828125,34.072147369384766
reaction:487,SPhos,1,,72.44,56.28165817260742,33.94785690307617
reaction:489,XPhos,2,,71.64,48.98945236206055,34.209808349609375
reaction:493,P(tBu)3,1,,93.99,56.62917709350586,34.068016052246094
reaction:494,P(Ph)3,4,,95.93,68.53363037109375,34.0189094543457
reaction:495,AmPhos,0,,91.69,64.44371795654297,34.16114044189453
reaction:496,P(Cy)3,2,,74.19,57.31885528564453,34.14292907714844
reaction:497,P(o-Tol)3,1,,56.2,44.99230194091797,34.09138870239258
reaction:498,CataCXium A,2,,96.89,70.29784393310547,34.09126281738281
reaction:499,SPhos,0,,67.2,52.573692321777344,34.23981475830078
reaction:501,XPhos,0,,48.37,45.866661071777344,34.15427780151367
reaction:505,P(tBu)3,1,,72.82,52.78266143798828,34.078575134277344
reaction:506,P(Ph)3,4,,75.08,62.93012237548828,34.04795455932617
reaction:507,AmPhos,1,,74.79,61.27904510498047,34.055870056152344
reaction:508,P(Cy)3,3,,55.51,57.1064338684082,34.18418502807617
reaction:509,P(o-Tol)3,1,,51.71,44.930908203125,34.07077407836914
reaction:510,CataCXium A,1,,75.62,66.19485473632812,34.10335159301758
reaction:511,SPhos,0,,32.56,48.422767639160156,34.220680236816406
reaction:513,XPhos,1,,19.33,45.64022445678711,34.028079986572266
reaction:517,P(tBu)3,2,,60.2,62.320556640625,34.16608810424805
reaction:518,P(Ph)3,1,,70.78,65.28812408447266,33.967735290527344
reaction:519,AmPhos,4,,70.16,64.73482513427734,34.01430130004883
reaction:520,P(Cy)3,2,,34.61,52.19936752319336,34.150997161865234
reaction:521,P(o-Tol)3,1,,34.54,45.47811508178711,34.06812286376953
reaction:522,CataCXium A,0,,79.66,71.02522277832031,34.0933837890625
reaction:523,SPhos,2,,34.88,51.34488296508789,34.061737060546875
reaction:525,XPhos,2,,24.48,46.03131866455078,34.17654800415039
reaction:529,P(tBu)3,1,,66.68,60.570526123046875,34.07355880737305
reaction:530,P(Ph)3,2,,73.8,67.56649780273438,34.180511474609375
reaction:531,AmPhos,1,,75.63,60.84954833984375,34.02541732788086
reaction:532,P(Cy)3,3,,44.1,59.076637268066406,34.170352935791016
reaction:533,P(o-Tol)3,1,,52.45,46.81993103027344,34.0494499206543
reaction:534,CataCXium A,1,,87.88,66.03646087646484,34.076683044433594
reaction:535,SPhos,0,,51.15,55.29621887207031,34.20003890991211
reaction:537,XPhos,0,,50.12,46.61207580566406,34.18286895751953
reaction:541,P(tBu)3,0,,92.77,67.07697296142578,34.19157409667969
reaction:542,P(Ph)3,3,,87.78,69.14409637451172,34.08882141113281
reaction:543,AmPhos,1,,89.22,57.75342559814453,34.071414947509766
reaction:544,P(Cy)3,3,,73.6,61.30387878417969,34.176177978515625
reaction:545,P(o-Tol)3,0,,73.33,44.701560974121094,34.14961624145508
reaction:546,CataCXium A,1,,97.29,67.28555297851562,34.09025573730469
reaction:547,SPhos,3,,68.32,57.25895690917969,34.19319534301758
reaction:549,XPhos,1,,45.58,51.777523040771484,34.029945373535156
reaction:553,P(tBu)3,0,,94.67,64.68952941894531,34.17406463623047
reaction:554,P(Ph)3,4,,94.88,66.6423568725586,34.03767395019531
reaction:555,AmPhos,1,,91.88,61.547245025634766,34.017189025878906
reaction:556,P(Cy)3,0,,80.43,56.51832962036133,34.10411071777344
reaction:557,P(o-Tol)3,4,,41.28,46.81868362426758,33.979095458984375
reaction:558,CataCXium A,4,,97.83,71.25750732421875,33.919525146484375
reaction:559,SPhos,0,,70.45,53.32465744018555,34.2305793762207
reaction:561,XPhos,1,,60.95,51.13241958618164,34.05897521972656
reaction:565,P(tBu)3,1,,92.98,61.16657257080078,34.05746841430664
reaction:566,P(Ph)3,1,,95.48,68.21078491210938,33.98482894897461
reaction:567,AmPhos,2,,92.22,63.311119079589844,34.16016387939453
reaction:568,P(Cy)3,2,,81.47,54.49957275390625,34.15176010131836
reaction:569,P(o-Tol)3,0,,65.14,45.746307373046875,34.16817092895508
reaction:570,CataCXium A,0,,97.86,69.12281799316406,34.14057922363281
reaction:571,SPhos,3,,61.39,49.82662582397461,34.20589828491211
reaction:573,XPhos,0,,63.04,43.10068130493164,34.14995193481445
reaction:577,P(tBu)3,1,,72.57,51.767669677734375,34.000240325927734
reaction:578,P(Ph)3,0,,75.94,63.786521911621094,34.15613555908203
reaction:579,AmPhos,2,,66.37,54.698265075683594,34.15018081665039
reaction:580,P(Cy)3,4,,55.56,52.16058349609375,33.86066818237305
reaction:581,P(o-Tol)3,0,,17.1,38.19462966918945,34.16960144042969
reaction:582,CataCXium A,3,,81.09,63.63285827636719,34.134971618652344
reaction:583,SPhos,0,,59.55,52.71308898925781,34.237457275390625
reaction:585,XPhos,3,,26.44,47.985618591308594,34.256900787353516
reaction:589,P(tBu)3,0,,13.2,55.38263702392578,34.178741455078125
reaction:590,P(Ph)3,2,,84.39,62.39753723144531,34.17206954956055
reaction:591,AmPhos,4,,29.98,56.69755554199219,34.02643585205078
reaction:592,P(Cy)3,3,,37.34,53.50218200683594,34.20793914794922
reaction:593,P(o-Tol)3,2,,11.56,35.71601867675781,34.15715789794922
reaction:594,CataCXium A,0,,50.79,58.96123123168945,34.17548370361328
reaction:595,SPhos,0,,27.28,46.371280670166016,34.276092529296875
reaction:597,XPhos,4,,10.88,38.23479461669922,34.0355110168457
reaction:601,P(tBu)3,0,,9.48,51.57870864868164,34.150760650634766
reaction:602,P(Ph)3,4,,84.61,61.70258331298828,34.04145812988281
reaction:603,AmPhos,1,,57.94,52.195804595947266,34.0123405456543
reaction:604,P(Cy)3,3,,57.56,50.774044036865234,34.189857482910156
reaction:605,P(o-Tol)3,3,,14.51,34.8653678894043,34.09618377685547
reaction:606,CataCXium A,1,,80.36,57.896888732910156,34.0533447265625
reaction:607,SPhos,0,,62.26,44.32776641845703,34.237552642822266
reaction:609,XPhos,4,,44.81,37.52650833129883,34.00587844848633
reaction:613,P(tBu)3,0,,50.79,53.70247268676758,34.166194915771484
reaction:614,P(Ph)3,4,,72.94,60.96281051635742,34.00808334350586
reaction:615,AmPhos,3,,56.65,53.1523323059082,34.09767532348633
reaction:616,P(Cy)3,0,,29.96,43.573402404785156,34.20137405395508
reaction:617,P(o-Tol)3,2,,16.2,36.15540313720703,34.154300689697266
reaction:618,CataCXium A,2,,65.71,60.421142578125,34.11863708496094
reaction:619,SPhos,4,,22.24,44.278072357177734,33.96061325073242
reaction:621,XPhos,3,,29.35,38.98564529418945,34.25678253173828
reaction:625,P(tBu)3,4,,49.15,50.6431999206543,33.90105056762695
reaction:626,P(Ph)3,3,,80.18,63.15559005737305,34.07752227783203
reaction:627,AmPhos,4,,67.22,54.773887634277344,34.011566162109375
reaction:628,P(Cy)3,0,,60.71,47.958984375,34.18799591064453
reaction:629,P(o-Tol)3,0,,20.57,36.00128173828125,34.1573486328125
reaction:630,CataCXium A,0,,84.99,61.29727554321289,34.15415573120117
reaction:631,SPhos,2,,62.66,45.64111328125,34.117279052734375
reaction:633,XPhos,3,,30.55,44.8138427734375,34.25333023071289
reaction:637,P(tBu)3,2,,82.07,53.0555534362793,34.15492248535156
reaction:638,P(Ph)3,2,,81.23,61.313568115234375,34.196022033691406
reaction:639,AmPhos,4,,59.02,54.80950164794922,34.03682327270508
reaction:640,P(Cy)3,0,,64.13,52.44683074951172,34.1716194152832
reaction:641,P(o-Tol)3,1,,16.87,37.548072814941406,34.036041259765625
reaction:642,CataCXium A,1,,77.38,60.4495849609375,34.032798767089844
reaction:643,SPhos,0,,48.5,52.09439468383789,34.26347351074219
reaction:645,XPhos,2,,18.95,38.68562698364258,34.16255187988281
reaction:649,P(tBu)3,1,,66.97,55.435020446777344,34.00215530395508
reaction:650,P(Ph)3,1,,69.58,64.68592834472656,33.906166076660156
reaction:651,AmPhos,0,,50.06,56.08550262451172,34.13011932373047
reaction:652,P(Cy)3,3,,38.25,53.017982482910156,34.15593338012695
reaction:653,P(o-Tol)3,1,,23.23,31.906539916992188,34.00968551635742
reaction:654,CataCXium A,2,,65.03,62.709068298339844,34.115638732910156
reaction:655,SPhos,3,,22.76,47.081321716308594,34.130374908447266
reaction:657,XPhos,4,,22.27,39.279510498046875,33.99335861206055
reaction:661,P(tBu)3,3,,68.5,51.83405685424805,34.12075424194336
reaction:662,P(Ph)3,0,,72.85,62.373497009277344,34.16283416748047
reaction:663,AmPhos,1,,57.54,53.06171798706055,33.98369216918945
reaction:664,P(Cy)3,3,,28.7,49.96952438354492,34.173866271972656
reaction:665,P(o-Tol)3,2,,17.91,35.35853576660156,34.15210723876953
reaction:666,CataCXium A,0,,62.32,55.870670318603516,34.20630645751953
reaction:667,SPhos,0,,20.77,41.894775390625,34.240089416503906
reaction:669,XPhos,3,,15.1,39.54125213623047,34.27689743041992
reaction:673,P(tBu)3,2,,85.05,61.30718231201172,34.19997024536133
reaction:674,P(Ph)3,4,,92.8,70.04024505615234,34.03321075439453
reaction:675,AmPhos,0,,77.34,63.02576446533203,34.19033432006836
reaction:676,P(Cy)3,3,,91.24,63.289527893066406,34.12759017944336
reaction:677,P(o-Tol)3,1,,87.0,56.93705368041992,34.082061767578125
reaction:678,CataCXium A,0,,91.58,67.37797546386719,34.061866760253906
reaction:679,SPhos,3,,92.88,64.78752136230469,34.136024475097656
reaction:681,XPhos,2,,91.27,56.875221252441406,34.218441009521484
reaction:685,P(tBu)3,0,,77.88,60.798492431640625,34.21331024169922
reaction:686,P(Ph)3,0,,92.6,69.73191833496094,34.13209915161133
reaction:687,AmPhos,1,,81.73,61.884246826171875,33.85614013671875
reaction:688,P(Cy)3,3,,92.24,63.33484649658203,34.15673828125
reaction:689,P(o-Tol)3,1,,93.79,58.51552963256836,34.07490158081055
reaction:690,CataCXium A,4,,86.98,66.00375366210938,33.995025634765625
reaction:691,SPhos,1,,85.69,56.00098419189453,33.989601135253906
reaction:693,XPhos,4,,82.19,54.898380279541016,33.92104721069336
reaction:697,P(tBu)3,0,,69.56,58.73112106323242,34.188499450683594
reaction:698,P(Ph)3,4,,75.46,64.92898559570312,34.0346565246582
reaction:699,AmPhos,2,,75.58,62.96343231201172,34.11408615112305
reaction:700,P(Cy)3,1,,75.43,61.54082489013672,33.96503448486328
reaction:701,P(o-Tol)3,1,,87.41,57.699119567871094,34.049049377441406
reaction:702,CataCXium A,1,,80.5,63.68935012817383,34.059818267822266
reaction:703,SPhos,4,,56.64,57.09762191772461,33.858802795410156
reaction:705,XPhos,2,,45.64,49.26604080200195,34.169410705566406
reaction:709,P(tBu)3,2,,84.62,57.16822052001953,34.23782730102539
reaction:710,P(Ph)3,1,,94.67,64.88059997558594,34.01350784301758
reaction:711,AmPhos,4,,76.31,61.15927505493164,34.02142333984375
reaction:712,P(Cy)3,0,,88.84,59.49441909790039,34.11426544189453
reaction:713,P(o-Tol)3,3,,90.31,59.10151672363281,34.11600112915039
reaction:714,CataCXium A,1,,89.42,65.81612396240234,34.040889739990234
reaction:715,SPhos,1,,92.54,53.82247543334961,34.00803756713867
reaction:717,XPhos,0,,90.69,50.396636962890625,34.154048919677734
reaction:721,P(tBu)3,0,,81.33,57.58781433105469,34.22483444213867
reaction:722,P(Ph)3,1,,92.61,67.32917022705078,34.0071907043457
reaction:723,AmPhos,0,,71.62,62.37565994262695,34.185646057128906
reaction:724,P(Cy)3,2,,89.74,59.56391525268555,34.147300720214844
reaction:725,P(o-Tol)3,2,,88.24,62.154937744140625,34.075050354003906
reaction:726,CataCXium A,4,,85.46,68.33639526367188,34.01063919067383
reaction:727,SPhos,2,,91.14,57.37366485595703,34.187129974365234
reaction:729,XPhos,0,,90.55,56.07078552246094,34.14298629760742
reaction:733,P(tBu)3,3,,82.44,65.0599365234375,34.113826751708984
reaction:734,P(Ph)3,0,,92.9,71.7281494140625,34.12541580200195
reaction:735,AmPhos,0,,69.6,59.338279724121094,34.20608901977539
reaction:736,P(Cy)3,2,,89.34,62.22555923461914,34.1424560546875
reaction:737,P(o-Tol)3,0,,88.09,61.66311264038086,34.15746307373047
reaction:738,CataCXium A,4,,85.58,66.95498657226562,34.01261520385742
reaction:739,SPhos,2,,92.27,58.11275100708008,34.17119216918945
reaction:741,XPhos,2,,90.62,57.63496398925781,34.15114974975586
reaction:745,P(tBu)3,0,,74.15,57.73074722290039,34.224517822265625
reaction:746,P(Ph)3,3,,82.99,71.20773315429688,34.08333969116211
reaction:747,AmPhos,4,,73.01,61.7667121887207,34.012088775634766
reaction:748,P(Cy)3,2,,75.99,59.15147399902344,34.13370132446289
reaction:749,P(o-Tol)3,4,,85.28,61.37641525268555,33.94401168823242
reaction:750,CataCXium A,3,,82.84,67.65480041503906,34.07944107055664
reaction:751,SPhos,0,,58.79,56.09200668334961,34.12754440307617
reaction:753,XPhos,1,,52.37,54.61069869995117,33.99271011352539
reaction:757,P(tBu)3,3,,53.8,62.14285659790039,34.18465805053711
reaction:758,P(Ph)3,1,,62.78,62.639278411865234,34.01736831665039
reaction:759,AmPhos,4,,61.57,62.22459411621094,34.00105285644531
reaction:760,P(Cy)3,1,,52.54,59.17652893066406,33.990440368652344
reaction:761,P(o-Tol)3,0,,63.78,60.46030044555664,34.18269729614258
reaction:762,CataCXium A,4,,62.37,65.3468017578125,33.98487091064453
reaction:763,SPhos,3,,36.2,53.07759094238281,34.161373138427734
reaction:765,XPhos,3,,26.69,56.45924377441406,34.22199630737305
reaction:769,P(tBu)3,3,,56.38,53.18294906616211,34.130218505859375
reaction:770,P(Ph)3,2,,96.6,73.31171417236328,34.16240692138672
reaction:771,AmPhos,2,,83.79,62.91826248168945,34.14893341064453
reaction:772,P(Cy)3,4,,87.57,62.4541015625,33.97402572631836
reaction:773,P(o-Tol)3,0,,69.99,53.046173095703125,34.17827224731445
reaction:774,CataCXium A,2,,91.47,63.258296966552734,34.16612243652344
reaction:775,SPhos,1,,91.47,62.82135772705078,33.95097351074219
reaction:777,XPhos,0,,92.69,61.46868896484375,34.140228271484375
reaction:781,P(tBu)3,2,,66.86,49.494972229003906,34.14931869506836
reaction:782,P(Ph)3,3,,98.53,73.13937377929688,34.066062927246094
reaction:783,AmPhos,4,,94.26,57.78057098388672,34.02068328857422
reaction:784,P(Cy)3,3,,93.05,63.991695404052734,34.18716049194336
reaction:785,P(o-Tol)3,4,,78.44,52.290672302246094,34.035221099853516
reaction:786,CataCXium A,3,,92.77,60.596435546875,34.16411209106445
reaction:787,SPhos,3,,78.31,60.52744674682617,34.140602111816406
reaction:789,XPhos,4,,78.08,59.358192443847656,33.980308532714844
reaction:793,P(tBu)3,4,,66.13,47.78445816040039,33.98388671875
reaction:794,P(Ph)3,0,,96.49,64.06710815429688,34.16523742675781
reaction:795,AmPhos,4,,93.69,60.043304443359375,34.014739990234375
reaction:796,P(Cy)3,1,,76.46,65.00236511230469,33.95486068725586
reaction:797,P(o-Tol)3,4,,61.39,52.75572967529297,34.02433776855469
reaction:798,CataCXium A,1,,88.31,68.68482971191406,34.00761795043945
reaction:799,SPhos,4,,45.46,58.426551818847656,33.97614669799805
reaction:801,XPhos,4,,66.46,56.78315734863281,33.98986053466797
reaction:805,P(tBu)3,1,,70.25,46.0862922668457,33.973175048828125
reaction:806,P(Ph)3,4,,87.68,68.88533020019531,33.9776725769043
reaction:807,AmPhos,4,,87.91,59.620849609375,34.028778076171875
reaction:808,P(Cy)3,2,,41.08,62.38044738769531,34.0817985534668
reaction:809,P(o-Tol)3,4,,44.26,49.029056549072266,33.96922302246094
reaction:810,CataCXium A,0,,82.41,61.110816955566406,34.114234924316406
reaction:811,SPhos,0,,44.11,57.57644271850586,34.1578254699707
reaction:813,XPhos,0,,47.08,57.44820022583008,34.109657287597656
reaction:817,P(tBu)3,4,,68.06,50.56107711791992,33.948490142822266
reaction:818,P(Ph)3,0,,96.49,67.34455871582031,34.116878509521484
reaction:819,AmPhos,1,,90.23,64.13121032714844,33.981327056884766
reaction:820,P(Cy)3,4,,81.84,63.399383544921875,33.985328674316406
reaction:821,P(o-Tol)3,3,,64.29,51.17555236816406,34.145606994628906
reaction:822,CataCXium A,1,,92.96,63.75975799560547,34.000038146972656
reaction:823,SPhos,3,,80.73,60.23063659667969,34.16774368286133
reaction:825,XPhos,1,,84.67,61.01200866699219,34.03795623779297
reaction:829,P(tBu)3,0,,68.43,54.0689697265625,34.18003845214844
reaction:830,P(Ph)3,0,,97.42,65.35552215576172,34.16584777832031
reaction:831,AmPhos,4,,84.74,58.19530487060547,34.026123046875
reaction:832,P(Cy)3,3,,92.09,55.94786834716797,34.225162506103516
reaction:833,P(o-Tol)3,1,,82.77,50.96989440917969,33.96536636352539
reaction:834,CataCXium A,3,,91.17,59.634273529052734,34.176612854003906
reaction:835,SPhos,0,,90.89,60.524635314941406,34.19572448730469
reaction:837,XPhos,2,,91.1,63.25226974487305,34.128822326660156
reaction:841,P(tBu)3,0,,67.59,50.972801208496094,34.20881652832031
reaction:842,P(Ph)3,4,,97.45,70.67623901367188,33.97233963012695
reaction:843,AmPhos,3,,85.04,64.77398681640625,34.0934944152832
reaction:844,P(Cy)3,1,,92.7,60.377838134765625,33.952457427978516
reaction:845,P(o-Tol)3,3,,70.45,51.36796188354492,34.09973907470703
reaction:846,CataCXium A,2,,92.52,61.646541595458984,34.18873596191406
reaction:847,SPhos,4,,91.37,59.71493911743164,33.9685173034668
reaction:849,XPhos,1,,80.59,57.97864532470703,34.01544952392578
reaction:853,P(tBu)3,1,,74.74,51.23206329345703,33.971885681152344
reaction:854,P(Ph)3,0,,97.46,62.983970642089844,34.182125091552734
reaction:855,AmPhos,0,,90.67,62.77195739746094,34.16362762451172
reaction:856,P(Cy)3,3,,84.05,55.4023323059082,34.1795768737793
reaction:857,P(o-Tol)3,0,,58.44,48.90634536743164,34.182926177978516
reaction:858,CataCXium A,4,,88.7,63.59626007080078,33.86641311645508
reaction:859,SPhos,0,,71.35,55.85318374633789,34.165435791015625
reaction:861,XPhos,3,,66.77,55.733585357666016,34.09498596191406
reaction:865,P(tBu)3,1,,51.22,44.1761474609375,34.00556564331055
reaction:866,P(Ph)3,3,,96.32,69.74623107910156,34.17030334472656
reaction:867,AmPhos,3,,33.57,41.567481994628906,34.16773223876953
reaction:868,P(Cy)3,4,,89.35,60.717803955078125,33.96574020385742
reaction:869,P(o-Tol)3,4,,60.68,42.33305740356445,33.92683029174805
reaction:870,CataCXium A,3,,29.57,46.9120979309082,34.20935821533203
reaction:871,SPhos,0,,93.86,63.07160949707031,34.169410705566406
reaction:873,XPhos,4,,95.8,65.70861053466797,33.91938018798828
reaction:877,P(tBu)3,2,,54.85,40.25335693359375,34.179813385009766
reaction:878,P(Ph)3,2,,87.25,67.23245239257812,34.22669982910156
reaction:879,AmPhos,3,,25.72,42.87009048461914,34.212921142578125
reaction:880,P(Cy)3,4,,92.7,66.38446044921875,33.92961120605469
reaction:881,P(o-Tol)3,0,,43.75,40.432125091552734,34.16179275512695
reaction:882,CataCXium A,2,,30.6,43.89305877685547,34.16830062866211
reaction:883,SPhos,2,,86.7,65.18281555175781,34.195220947265625
reaction:885,XPhos,1,,87.65,61.36288070678711,34.061973571777344
reaction:889,P(tBu)3,0,,22.37,42.08229064941406,34.16697692871094
reaction:890,P(Ph)3,2,,67.88,67.23770141601562,34.21826934814453
reaction:891,AmPhos,2,,15.15,44.41046905517578,34.17585372924805
reaction:892,P(Cy)3,0,,83.84,69.88497924804688,34.1289176940918
reaction:893,P(o-Tol)3,1,,11.83,43.583763122558594,34.01764678955078
reaction:894,CataCXium A,1,,29.45,45.836936950683594,33.955482482910156
reaction:895,SPhos,3,,52.91,59.533897399902344,34.160430908203125
reaction:897,XPhos,1,,55.66,61.990142822265625,34.05931854248047
reaction:901,P(tBu)3,3,,27.63,42.381004333496094,34.20328140258789
reaction:902,P(Ph)3,3,,65.66,68.54692840576172,34.1946907043457
reaction:903,AmPhos,3,,14.99,42.90438461303711,34.16324234008789
reaction:904,P(Cy)3,4,,73.07,60.38727569580078,33.9370231628418
reaction:905,P(o-Tol)3,2,,9.33,42.660926818847656,34.13855743408203
reaction:906,CataCXium A,3,,23.78,46.43920135498047,34.187007904052734
reaction:907,SPhos,2,,54.78,60.400508880615234,34.19624710083008
reaction:909,XPhos,1,,47.9,59.25419235229492,34.06803894042969
reaction:913,P(tBu)3,1,,33.26,43.512489318847656,33.983726501464844
reaction:914,P(Ph)3,2,,84.51,70.28789520263672,34.18647003173828
reaction:915,AmPhos,0,,11.46,41.185794830322266,34.17549133300781
reaction:916,P(Cy)3,1,,65.64,65.296630859375,33.98135757446289
reaction:917,P(o-Tol)3,2,,26.99,44.47829818725586,34.141326904296875
reaction:918,CataCXium A,3,,24.54,45.242698669433594,34.1820182800293
reaction:919,SPhos,2,,61.35,65.21304321289062,34.17938995361328
reaction:921,XPhos,1,,80.83,62.0428466796875,34.07112121582031
reaction:925,P(tBu)3,2,,53.78,43.694236755371094,34.16504669189453
reaction:926,P(Ph)3,3,,85.88,69.91162109375,34.16903305053711
reaction:927,AmPhos,2,,23.63,41.182762145996094,34.18430709838867
reaction:928,P(Cy)3,1,,65.74,65.8200454711914,33.96580123901367
reaction:929,P(o-Tol)3,1,,48.33,41.49628448486328,34.010353088378906
reaction:930,CataCXium A,2,,26.71,41.397220611572266,34.13689041137695
reaction:931,SPhos,0,,93.67,63.56011199951172,34.2100944519043
reaction:933,XPhos,3,,95.5,69.04093933105469,34.115516662597656
reaction:937,P(tBu)3,4,,49.02,45.66239547729492,33.94790267944336
reaction:938,P(Ph)3,0,,86.07,69.05805206298828,34.07377624511719
reaction:939,AmPhos,2,,28.08,41.00516128540039,34.175514221191406
reaction:940,P(Cy)3,0,,75.26,63.525535583496094,34.185203552246094
reaction:941,P(o-Tol)3,1,,54.06,43.21565628051758,34.0120964050293
reaction:942,CataCXium A,4,,26.61,42.68462371826172,33.90217208862305
reaction:943,SPhos,0,,93.81,60.31429672241211,34.1700553894043
reaction:945,XPhos,4,,95.85,61.77430725097656,33.91337585449219
reaction:949,P(tBu)3,2,,56.78,43.229740142822266,34.17301559448242
reaction:950,P(Ph)3,4,,82.3,66.34745788574219,33.95411682128906
reaction:951,AmPhos,1,,42.8,38.75798416137695,33.942710876464844
reaction:952,P(Cy)3,2,,75.64,63.46660614013672,34.14728546142578
reaction:953,P(o-Tol)3,0,,55.96,39.22694778442383,34.19629669189453
reaction:954,CataCXium A,3,,25.66,45.548866271972656,34.186790466308594
reaction:955,SPhos,3,,95.21,59.13452911376953,34.159393310546875
reaction:957,XPhos,1,,95.19,57.6663818359375,34.048213958740234
reaction:961,P(tBu)3,1,,40.2,37.55552291870117,33.92969512939453
reaction:962,P(Ph)3,1,,66.32,67.53048706054688,33.9908561706543
reaction:963,AmPhos,2,,43.18,49.83955764770508,34.2309455871582
reaction:964,P(Cy)3,1,,57.08,59.367950439453125,33.99873352050781
reaction:965,P(o-Tol)3,0,,33.92,43.422569274902344,34.16001510620117
reaction:966,CataCXium A,2,,54.3,49.6352424621582,34.14570617675781
reaction:967,SPhos,2,,55.27,60.88785171508789,34.19729232788086
reaction:969,XPhos,2,,47.22,60.33598709106445,34.20977783203125
reaction:973,P(tBu)3,3,,9.29,35.947288513183594,34.13689041137695
reaction:974,P(Ph)3,2,,92.28,63.328399658203125,34.1993293762207
reaction:975,AmPhos,4,,54.36,46.71514129638672,33.967857360839844
reaction:976,P(Cy)3,2,,88.55,56.43357849121094,34.15380859375
reaction:977,P(o-Tol)3,1,,27.55,43.16747283935547,33.98051834106445
reaction:978,CataCXium A,4,,43.2,54.60752868652344,33.89605712890625
reaction:979,SPhos,4,,64.69,51.15242004394531,33.98017883300781
reaction:981,XPhos,2,,52.85,53.90861892700195,34.194847106933594
reaction:985,P(tBu)3,4,,8.71,31.741073608398438,34.01334762573242
reaction:986,P(Ph)3,1,,91.14,65.34960174560547,33.95518493652344
reaction:987,AmPhos,3,,76.44,50.40623474121094,34.122711181640625
reaction:988,P(Cy)3,2,,94.46,57.46185302734375,34.12471008300781
reaction:989,P(o-Tol)3,2,,60.0,40.55683135986328,34.171138763427734
reaction:990,CataCXium A,0,,94.8,54.98606491088867,34.20259475708008
reaction:991,SPhos,4,,77.9,49.44503402709961,33.97889709472656
reaction:993,XPhos,4,,87.99,49.622230529785156,33.98227310180664
reaction:997,P(tBu)3,2,,19.62,35.58592987060547,34.14602279663086
reaction:998,P(Ph)3,0,,89.87,60.576416015625,34.16542053222656
reaction:999,AmPhos,2,,69.93,49.10239791870117,34.1947021484375
reaction:1000,P(Cy)3,0,,55.64,55.362369537353516,34.15690612792969
reaction:1001,P(o-Tol)3,3,,46.83,38.90345001220703,34.15583801269531
reaction:1002,CataCXium A,0,,69.48,48.348323822021484,34.21269607543945
reaction:1003,SPhos,3,,46.44,46.656410217285156,34.135128021240234
reaction:1005,XPhos,1,,43.5,50.37083435058594,33.98944091796875
reaction:1009,P(tBu)3,2,,27.96,38.832725524902344,34.15993118286133
reaction:1010,P(Ph)3,4,,83.95,64.75574493408203,33.99051284790039
reaction:1011,AmPhos,0,,56.65,52.25090026855469,34.19652557373047
reaction:1012,P(Cy)3,4,,74.22,57.137290954589844,33.91141128540039
reaction:1013,P(o-Tol)3,3,,40.11,40.042381286621094,34.18492889404297
reaction:1014,CataCXium A,0,,64.54,48.77899932861328,34.175167083740234
reaction:1015,SPhos,3,,67.16,52.111488342285156,34.149070739746094
reaction:1017,XPhos,2,,64.39,55.89244079589844,34.24186325073242
reaction:1021,P(tBu)3,4,,52.58,40.5727424621582,33.98783874511719
reaction:1022,P(Ph)3,0,,82.96,63.19679641723633,34.19403839111328
reaction:1023,AmPhos,4,,56.07,47.589637756347656,33.96302032470703
reaction:1024,P(Cy)3,3,,75.36,53.996238708496094,34.12946319580078
reaction:1025,P(o-Tol)3,2,,37.35,43.760379791259766,34.196685791015625
reaction:1026,CataCXium A,1,,60.94,53.527748107910156,33.948577880859375
reaction:1027,SPhos,2,,68.7,58.3511962890625,34.21151351928711
reaction:1029,XPhos,4,,66.93,53.92073059082031,33.91938400268555
reaction:1033,P(tBu)3,4,,20.74,41.239967346191406,33.99161148071289
reaction:1034,P(Ph)3,4,,60.18,65.14791870117188,33.98633575439453
reaction:1035,AmPhos,1,,35.88,49.30905532836914,33.9940071105957
reaction:1036,P(Cy)3,0,,34.25,58.797264099121094,34.194942474365234
reaction:1037,P(o-Tol)3,2,,27.1,42.85210037231445,34.20133972167969
reaction:1038,CataCXium A,2,,43.02,51.00933074951172,34.179534912109375
reaction:1039,SPhos,2,,23.33,57.557247161865234,34.21676254272461
reaction:1041,XPhos,2,,27.91,54.95922088623047,34.21184158325195
reaction:1045,P(tBu)3,2,,20.9,40.217899322509766,34.21649169921875
reaction:1046,P(Ph)3,2,,57.19,63.68730163574219,34.15153121948242
reaction:1047,AmPhos,3,,41.02,49.276206970214844,34.13273239135742
reaction:1048,P(Cy)3,1,,33.78,58.29176330566406,33.977027893066406
reaction:1049,P(o-Tol)3,1,,31.67,42.42216873168945,33.98418045043945
reaction:1050,CataCXium A,0,,48.48,47.17426300048828,34.20485305786133
reaction:1051,SPhos,2,,26.47,54.05257797241211,34.202484130859375
reaction:1053,XPhos,4,,26.28,50.18635177612305,33.95661926269531
reaction:1057,P(tBu)3,0,,45.03,43.78038787841797,34.2334098815918
reaction:1058,P(Ph)3,0,,96.7,70.8620376586914,34.18257141113281
reaction:1059,AmPhos,0,,70.76,53.3571891784668,34.22414016723633
reaction:1060,P(Cy)3,1,,93.33,66.93438720703125,34.044105529785156
reaction:1061,P(o-Tol)3,0,,63.28,50.951602935791016,34.16606140136719
reaction:1062,CataCXium A,1,,61.13,55.814876556396484,33.97492218017578
reaction:1063,SPhos,3,,94.82,63.23561096191406,34.19923782348633
reaction:1065,XPhos,0,,88.97,62.01906967163086,34.179203033447266
reaction:1069,P(tBu)3,3,,40.73,42.69792938232422,34.22599792480469
reaction:1070,P(Ph)3,2,,88.59,70.51106262207031,34.23758316040039
reaction:1071,AmPhos,3,,58.43,57.75183868408203,34.13827133178711
reaction:1072,P(Cy)3,1,,89.13,70.386962890625,33.9904670715332
reaction:1073,P(o-Tol)3,3,,55.72,50.937843322753906,34.17705535888672
reaction:1074,CataCXium A,3,,64.52,54.501468658447266,34.164154052734375
reaction:1075,SPhos,0,,81.73,65.16661071777344,34.11864471435547
reaction:1077,XPhos,4,,75.35,59.667537689208984,33.95269012451172
reaction:1081,P(tBu)3,4,,43.13,38.85895538330078,33.949867248535156
reaction:1082,P(Ph)3,3,,85.73,71.22270202636719,34.1562385559082
reaction:1083,AmPhos,0,,77.72,54.263065338134766,34.1929931640625
reaction:1084,P(Cy)3,4,,89.81,71.86114501953125,33.904537200927734
reaction:1085,P(o-Tol)3,3,,48.91,49.252254486083984,34.16210174560547
reaction:1086,CataCXium A,2,,86.51,56.430625915527344,34.10934066772461
reaction:1087,SPhos,0,,71.88,57.16436767578125,34.11433029174805
reaction:1089,XPhos,4,,60.51,55.49913787841797,33.957794189453125
reaction:1093,P(tBu)3,0,,32.15,41.1638298034668,34.24586486816406
reaction:1094,P(Ph)3,0,,94.15,69.48119354248047,34.18659973144531
reaction:1095,AmPhos,2,,61.84,55.221961975097656,34.21651840209961
reaction:1096,P(Cy)3,3,,83.83,65.87190246582031,34.109859466552734
reaction:1097,P(o-Tol)3,4,,58.94,49.55321502685547,33.96040344238281
reaction:1098,CataCXium A,1,,59.67,55.195220947265625,33.96824264526367
reaction:1099,SPhos,3,,90.1,58.83019256591797,34.20513153076172
reaction:1101,XPhos,2,,83.35,53.08601379394531,34.203914642333984
reaction:1105,P(tBu)3,0,,33.02,41.2948112487793,34.23051071166992
reaction:1106,P(Ph)3,3,,93.94,74.56758880615234,34.147525787353516
reaction:1107,AmPhos,4,,61.96,54.77214813232422,33.94397735595703
reaction:1108,P(Cy)3,0,,82.1,66.96949768066406,34.12476348876953
reaction:1109,P(o-Tol)3,3,,55.13,48.96370315551758,34.217525482177734
reaction:1110,CataCXium A,4,,62.96,57.311180114746094,33.905517578125
reaction:1111,SPhos,1,,88.13,64.857177734375,33.99110412597656
reaction:1113,XPhos,2,,82.32,60.01618194580078,34.18759536743164
reaction:1117,P(tBu)3,3,,33.37,43.68952178955078,34.199180603027344
reaction:1118,P(Ph)3,0,,95.31,68.5504150390625,34.209224700927734
reaction:1119,AmPhos,3,,58.42,55.37431716918945,34.1362419128418
reaction:1120,P(Cy)3,3,,80.68,63.295013427734375,34.19898223876953
reaction:1121,P(o-Tol)3,2,,48.82,52.304290771484375,34.141807556152344
reaction:1122,CataCXium A,3,,57.05,53.48137664794922,34.14619827270508
reaction:1123,SPhos,3,,90.9,66.01740264892578,34.17795181274414
reaction:1125,XPhos,2,,82.88,60.429996490478516,34.18251037597656
reaction:1129,P(tBu)3,0,,40.22,40.19687271118164,34.25114822387695
reaction:1130,P(Ph)3,2,,88.74,72.32185363769531,34.189414978027344
reaction:1131,AmPhos,1,,72.98,53.25517654418945,33.94121170043945
reaction:1132,P(Cy)3,0,,88.05,65.89532470703125,34.18402099609375
reaction:1133,P(o-Tol)3,2,,56.98,51.30353927612305,34.139976501464844
reaction:1134,CataCXium A,2,,80.85,52.277217864990234,34.18256378173828
reaction:1135,SPhos,2,,76.89,62.611812591552734,34.104896545410156
reaction:1137,XPhos,0,,68.57,57.66429138183594,34.15681457519531
reaction:1141,P(tBu)3,0,,30.34,42.68266677856445,34.241676330566406
reaction:1142,P(Ph)3,0,,75.36,63.1287727355957,34.19765853881836
reaction:1143,AmPhos,2,,53.38,56.68003463745117,34.19315719604492
reaction:1144,P(Cy)3,0,,75.13,60.98310852050781,34.132877349853516
reaction:1145,P(o-Tol)3,4,,37.06,49.43663787841797,33.963375091552734
reaction:1146,CataCXium A,0,,58.78,57.891197204589844,34.122406005859375
reaction:1147,SPhos,1,,40.21,58.80097961425781,33.97373962402344
reaction:1149,XPhos,0,,29.42,55.019859313964844,34.14556884765625
reaction:1153,P(tBu)3,1,,93.31,67.0247802734375,34.02486038208008
reaction:1154,P(Ph)3,0,,93.7,70.29298400878906,34.1589241027832
reaction:1155,AmPhos,3,,94.33,66.61375427246094,34.22208786010742
reaction:1156,P(Cy)3,0,,87.35,65.47772216796875,34.1505012512207
reaction:1157,P(o-Tol)3,3,,84.09,64.33992767333984,34.145835876464844
reaction:1158,CataCXium A,3,,95.65,68.2507553100586,34.17897415161133
reaction:1159,SPhos,1,,87.6,67.18675231933594,34.031349182128906
reaction:1161,XPhos,4,,86.6,67.49674987792969,33.94812774658203
reaction:1165,P(tBu)3,4,,91.47,60.25166320800781,33.95575714111328
reaction:1166,P(Ph)3,4,,93.27,70.60649871826172,33.94613265991211
reaction:1167,AmPhos,3,,94.03,66.56727600097656,34.178794860839844
reaction:1168,P(Cy)3,0,,84.04,65.80491638183594,34.12168502807617
reaction:1169,P(o-Tol)3,3,,86.92,60.640602111816406,34.18056106567383
reaction:1170,CataCXium A,2,,92.01,67.49002075195312,34.14668655395508
reaction:1171,SPhos,1,,87.49,60.75678253173828,34.061458587646484
reaction:1173,XPhos,2,,84.94,61.23159408569336,34.137977600097656
reaction:1177,P(tBu)3,4,,87.61,56.01139450073242,34.015480041503906
reaction:1178,P(Ph)3,2,,95.85,67.49311065673828,34.15110778808594
reaction:1179,AmPhos,2,,90.3,68.91934967041016,34.16704559326172
reaction:1180,P(Cy)3,4,,88.99,66.73632049560547,33.999813079833984
reaction:1181,P(o-Tol)3,3,,80.55,63.4328498840332,34.215362548828125
reaction:1182,CataCXium A,3,,91.07,65.70289611816406,34.169349670410156
reaction:1183,SPhos,0,,83.98,61.202911376953125,34.16061019897461
reaction:1185,XPhos,4,,79.93,61.95059585571289,33.954227447509766
reaction:1189,P(tBu)3,1,,83.54,58.42228317260742,34.03269577026367
reaction:1190,P(Ph)3,0,,91.18,67.48851013183594,34.14783477783203
reaction:1191,AmPhos,2,,86.92,67.45001220703125,34.17957305908203
reaction:1192,P(Cy)3,2,,81.31,62.70732879638672,34.134071350097656
reaction:1193,P(o-Tol)3,4,,73.72,57.83722686767578,34.02040481567383
reaction:1194,CataCXium A,3,,85.75,64.85919189453125,34.16990280151367
reaction:1195,SPhos,4,,71.78,64.29053497314453,33.95722961425781
reaction:1197,XPhos,2,,65.69,59.89701843261719,34.11440658569336
reaction:1201,P(tBu)3,2,,82.29,63.41725158691406,34.18101501464844
reaction:1202,P(Ph)3,4,,91.35,69.56978607177734,33.964176177978516
reaction:1203,AmPhos,1,,89.74,70.54161834716797,33.9666862487793
reaction:1204,P(Cy)3,1,,83.91,67.44257354736328,33.99433898925781
reaction:1205,P(o-Tol)3,4,,81.25,62.28911590576172,34.033634185791016
reaction:1206,CataCXium A,4,,93.12,69.2682876586914,33.909271240234375
reaction:1207,SPhos,0,,86.64,67.91291809082031,34.201385498046875
reaction:1209,XPhos,0,,85.95,63.08433151245117,34.19738006591797
reaction:1213,P(tBu)3,3,,92.92,69.15289306640625,34.10398864746094
reaction:1214,P(Ph)3,2,,98.2,68.52430725097656,34.17018508911133
reaction:1215,AmPhos,4,,90.96,70.83203125,33.971805572509766
reaction:1216,P(Cy)3,2,,91.73,67.23700714111328,34.12498474121094
reaction:1217,P(o-Tol)3,1,,90.03,64.43121337890625,33.99903106689453
reaction:1218,CataCXium A,0,,94.64,72.68231964111328,34.091896057128906
reaction:1219,SPhos,2,,93.43,65.76663208007812,34.16855239868164
reaction:1221,XPhos,0,,88.37,64.36265563964844,34.17646789550781
reaction:1225,P(tBu)3,4,,91.89,65.93486022949219,33.96372985839844
reaction:1226,P(Ph)3,1,,94.82,69.35128784179688,33.97621154785156
reaction:1227,AmPhos,3,,91.24,64.9266357421875,34.20651626586914
reaction:1228,P(Cy)3,4,,91.4,63.767974853515625,33.99292755126953
reaction:1229,P(o-Tol)3,4,,85.85,62.53221130371094,34.05726623535156
reaction:1230,CataCXium A,2,,92.03,66.40518188476562,34.17904281616211
reaction:1231,SPhos,1,,85.21,59.81153869628906,34.057987213134766
reaction:1233,XPhos,3,,79.09,62.38606262207031,34.271488189697266
reaction:1237,P(tBu)3,3,,80.43,67.69378662109375,34.1600456237793
reaction:1238,P(Ph)3,2,,81.66,65.22140502929688,34.074607849121094
reaction:1239,AmPhos,3,,80.71,65.8461685180664,34.222835540771484
reaction:1240,P(Cy)3,1,,71.35,62.976661682128906,34.001251220703125
reaction:1241,P(o-Tol)3,4,,68.84,57.45748519897461,34.036685943603516
reaction:1242,CataCXium A,1,,80.77,66.95849609375,33.92925262451172
reaction:1243,SPhos,4,,67.76,60.525672912597656,33.95576477050781
reaction:1245,XPhos,3,,63.55,57.02598190307617,34.22721481323242
reaction:1249,P(tBu)3,0,,88.5,59.96556854248047,34.15612030029297
reaction:1250,P(Ph)3,3,,95.95,69.78524780273438,34.13302230834961
reaction:1251,AmPhos,4,,94.08,64.28971099853516,34.0228271484375
reaction:1252,P(Cy)3,2,,88.6,64.65733337402344,34.1712532043457
reaction:1253,P(o-Tol)3,1,,83.3,57.26565933227539,34.00351333618164
reaction:1254,CataCXium A,2,,96.14,68.74353790283203,34.17082214355469
reaction:1255,SPhos,2,,86.88,61.738525390625,34.14039993286133
reaction:1257,XPhos,0,,83.93,56.801212310791016,34.213680267333984
reaction:1261,P(tBu)3,1,,83.82,56.816532135009766,34.041202545166016
reaction:1262,P(Ph)3,2,,91.34,66.35975646972656,34.163963317871094
reaction:1263,AmPhos,4,,83.05,60.473289489746094,34.04464340209961
reaction:1264,P(Cy)3,1,,81.74,64.12493896484375,34.01065444946289
reaction:1265,P(o-Tol)3,3,,64.98,56.767818450927734,34.18463897705078
reaction:1266,CataCXium A,3,,74.43,68.77586364746094,34.06122589111328
reaction:1267,SPhos,0,,60.4,58.06485366821289,34.181453704833984
reaction:1269,XPhos,1,,55.47,56.47185134887695,34.03297424316406
reaction:1273,P(tBu)3,4,,55.62,54.93531036376953,34.01305389404297
reaction:1274,P(Ph)3,0,,70.45,68.61384582519531,34.1879768371582
reaction:1275,AmPhos,3,,63.78,66.14530944824219,34.12649917602539
reaction:1276,P(Cy)3,1,,62.81,62.805728912353516,34.03428268432617
reaction:1277,P(o-Tol)3,3,,48.77,56.94782257080078,34.189022064208984
reaction:1278,CataCXium A,1,,62.9,68.36349487304688,33.9486198425293
reaction:1279,SPhos,4,,39.4,57.881385803222656,33.836669921875
reaction:1281,XPhos,4,,40.12,57.18949508666992,33.99700164794922
reaction:1285,P(tBu)3,2,,47.62,55.808860778808594,34.162864685058594
reaction:1286,P(Ph)3,3,,61.51,68.30123901367188,34.13026428222656
reaction:1287,AmPhos,2,,59.14,64.90703582763672,34.18214416503906
reaction:1288,P(Cy)3,3,,52.8,64.98795318603516,34.055816650390625
reaction:1289,P(o-Tol)3,3,,45.49,55.79951095581055,34.18110275268555
reaction:1290,CataCXium A,2,,63.2,66.66667175292969,34.15162658691406
reaction:1291,SPhos,2,,39.21,57.66481399536133,34.1943359375
reaction:1293,XPhos,3,,38.17,55.78447341918945,34.23844909667969
reaction:1297,P(tBu)3,4,,52.95,61.524024963378906,33.9798469543457
reaction:1298,P(Ph)3,0,,65.45,68.57050323486328,34.191802978515625
reaction:1299,AmPhos,4,,68.9,63.54560089111328,34.048583984375
reaction:1300,P(Cy)3,1,,65.74,62.57358169555664,34.033267974853516
reaction:1301,P(o-Tol)3,1,,48.98,55.02513885498047,34.010372161865234
reaction:1302,CataCXium A,0,,69.93,67.25958251953125,34.12830352783203
reaction:1303,SPhos,0,,59.54,58.76577377319336,34.225276947021484
reaction:1305,XPhos,1,,60.62,56.9434700012207,34.043861389160156
reaction:1309,P(tBu)3,1,,73.2,60.6546630859375,34.03508758544922
reaction:1310,P(Ph)3,4,,81.77,71.61338806152344,33.95656967163086
reaction:1311,AmPhos,2,,77.13,68.31398010253906,34.15491485595703
reaction:1312,P(Cy)3,2,,77.57,62.39120101928711,34.19953536987305
reaction:1313,P(o-Tol)3,4,,67.75,59.272377014160156,33.95094299316406
reaction:1314,CataCXium A,1,,84.72,69.17190551757812,33.94563674926758
reaction:1315,SPhos,1,,73.5,59.57451629638672,33.972469329833984
reaction:1317,XPhos,4,,73.95,61.22342300415039,33.98436737060547
reaction:1321,P(tBu)3,1,,81.91,62.29334259033203,34.03266143798828
reaction:1322,P(Ph)3,1,,87.64,66.97478485107422,34.002838134765625
reaction:1323,AmPhos,4,,84.9,61.845619201660156,34.070472717285156
reaction:1324,P(Cy)3,2,,80.13,63.45276641845703,34.17198944091797
reaction:1325,P(o-Tol)3,2,,70.14,56.49367904663086,34.147953033447266
reaction:1326,CataCXium A,4,,87.87,68.58258056640625,33.91600036621094
reaction:1327,SPhos,1,,74.29,55.42506408691406,33.995697021484375
reaction:1329,XPhos,3,,67.97,56.63726043701172,34.259822845458984
reaction:1333,P(tBu)3,0,,81.08,60.5797004699707,34.1485595703125
reaction:1334,P(Ph)3,0,,88.67,67.35401916503906,34.20053482055664
reaction:1335,AmPhos,1,,84.67,65.33281707763672,34.00468444824219
reaction:1336,P(Cy)3,0,,82.58,63.513816833496094,34.127044677734375
reaction:1337,P(o-Tol)3,2,,69.32,53.94508743286133,34.10836410522461
reaction:1338,CataCXium A,0,,81.6,65.51956176757812,34.11629867553711
reaction:1339,SPhos,0,,70.57,54.81599807739258,34.23464584350586
reaction:1341,XPhos,1,,62.62,53.6614875793457,34.07130813598633
reaction:1345,P(tBu)3,2,,64.95,54.96244812011719,34.17860794067383
reaction:1346,P(Ph)3,4,,93.38,68.73800659179688,33.978111267089844
reaction:1347,AmPhos,3,,89.51,67.93898010253906,34.14406967163086
reaction:1348,P(Cy)3,0,,91.29,66.98347473144531,34.120399475097656
reaction:1349,P(o-Tol)3,2,,74.87,57.90890884399414,34.18275833129883
reaction:1350,CataCXium A,3,,91.79,66.0484848022461,34.176666259765625
reaction:1351,SPhos,0,,83.02,63.86018371582031,34.22555923461914
reaction:1353,XPhos,0,,75.62,59.709747314453125,34.24431610107422
reaction:1357,P(tBu)3,0,,9.62,48.875450134277344,34.100982666015625
reaction:1358,P(Ph)3,3,,89.45,69.36969757080078,34.15322494506836
reaction:1359,AmPhos,4,,81.29,64.04167938232422,33.9954719543457
reaction:1360,P(Cy)3,4,,84.98,65.70417022705078,33.9783821105957
reaction:1361,P(o-Tol)3,0,,65.69,55.658145904541016,34.157039642333984
reaction:1362,CataCXium A,2,,73.08,64.94209289550781,34.14308166503906
reaction:1363,SPhos,1,,68.07,58.88954162597656,34.017276763916016
reaction:1365,XPhos,3,,72.44,57.608154296875,34.252315521240234
reaction:1369,P(tBu)3,2,,8.8,45.93018341064453,34.17303466796875
reaction:1370,P(Ph)3,3,,90.61,68.07830810546875,34.142826080322266
reaction:1371,AmPhos,0,,87.35,66.08818054199219,34.07072067260742
reaction:1372,P(Cy)3,1,,89.78,66.33866882324219,34.01323318481445
reaction:1373,P(o-Tol)3,4,,79.47,56.814422607421875,33.984500885009766
reaction:1374,CataCXium A,3,,90.18,65.97315216064453,34.208251953125
reaction:1375,SPhos,2,,83.1,57.42964553833008,34.11659622192383
reaction:1377,XPhos,1,,85.48,55.22587966918945,34.02195358276367
reaction:1381,P(tBu)3,4,,12.07,52.75591278076172,33.956504821777344
reaction:1382,P(Ph)3,4,,88.27,67.74177551269531,33.94551086425781
reaction:1383,AmPhos,1,,82.92,67.26888275146484,33.97722625732422
reaction:1384,P(Cy)3,1,,80.35,61.45841979980469,33.97836685180664
reaction:1385,P(o-Tol)3,4,,66.72,53.32703399658203,33.991424560546875
reaction:1386,CataCXium A,4,,83.56,65.15632629394531,33.96312713623047
reaction:1387,SPhos,0,,59.91,56.275001525878906,34.216304779052734
reaction:1389,XPhos,3,,57.98,55.43585968017578,34.243080139160156
reaction:1393,P(tBu)3,1,,49.99,46.63380813598633,34.05159378051758
reaction:1394,P(Ph)3,2,,92.73,66.39503479003906,34.17546081542969
reaction:1395,AmPhos,2,,90.14,68.32808685302734,34.17525863647461
reaction:1396,P(Cy)3,3,,90.79,66.52607727050781,34.143856048583984
reaction:1397,P(o-Tol)3,2,,67.92,56.155738830566406,34.174232482910156
reaction:1398,CataCXium A,2,,92.7,67.76023864746094,34.12165069580078
reaction:1399,SPhos,1,,85.37,60.24504470825195,33.964046478271484
reaction:1401,XPhos,0,,66.05,57.425716400146484,34.20283889770508
reaction:1405,P(tBu)3,1,,76.2,49.036598205566406,34.080936431884766
reaction:1406,P(Ph)3,2,,96.42,67.75909423828125,34.17141342163086
reaction:1407,AmPhos,4,,94.57,65.265869140625,33.98612594604492
reaction:1408,P(Cy)3,4,,92.8,65.68826293945312,33.96672058105469
reaction:1409,P(o-Tol)3,0,,73.68,59.58589172363281,34.148067474365234
reaction:1410,CataCXium A,4,,94.57,68.0745849609375,34.00758361816406
reaction:1411,SPhos,4,,86.08,64.53771209716797,33.91358184814453
reaction:1413,XPhos,2,,75.29,59.38581466674805,34.061927795410156
reaction:1417,P(tBu)3,3,,82.54,52.29301834106445,34.08020782470703
reaction:1418,P(Ph)3,1,,87.27,67.47334289550781,33.97598648071289
reaction:1419,AmPhos,0,,80.07,66.91778564453125,34.103214263916016
reaction:1420,P(Cy)3,3,,62.34,65.60887908935547,34.14330291748047
reaction:1421,P(o-Tol)3,4,,60.03,55.79762268066406,33.98834228515625
reaction:1422,CataCXium A,3,,79.46,65.69512176513672,34.1619758605957
reaction:1423,SPhos,3,,52.43,59.98174285888672,34.1395263671875
reaction:1425,XPhos,3,,50.85,55.09507751464844,34.26323699951172
reaction:1429,P(tBu)3,1,,71.32,49.09747314453125,34.04533386230469
reaction:1430,P(Ph)3,3,,84.47,65.20777130126953,34.147823333740234
reaction:1431,AmPhos,2,,78.24,66.47209167480469,34.15138626098633
reaction:1432,P(Cy)3,3,,66.87,63.93932342529297,34.18350601196289
reaction:1433,P(o-Tol)3,3,,56.86,55.945980072021484,34.09273147583008
reaction:1434,CataCXium A,0,,72.38,64.08250427246094,34.06304168701172
reaction:1435,SPhos,0,,47.9,54.30818557739258,34.238643646240234
reaction:1437,XPhos,1,,48.25,51.92266082763672,34.04096984863281
reaction:1441,P(tBu)3,3,,86.11,67.82636260986328,34.17070770263672
reaction:1442,P(Ph)3,0,,93.65,72.387939453125,34.189395904541016
reaction:1443,AmPhos,1,,92.07,71.52298736572266,34.04478073120117
reaction:1444,P(Cy)3,4,,93.78,74.39726257324219,33.97701644897461
reaction:1445,P(o-Tol)3,1,,91.83,68.98092651367188,33.98787307739258
reaction:1446,CataCXium A,1,,94.15,72.80675506591797,34.00318908691406
reaction:1447,SPhos,0,,90.26,65.98606872558594,34.19756317138672
reaction:1449,XPhos,0,,91.45,65.2899169921875,34.214881896972656
reaction:1453,P(tBu)3,3,,71.72,63.80381774902344,34.13764572143555
reaction:1454,P(Ph)3,2,,93.82,71.74560546875,34.1649055480957
reaction:1455,AmPhos,4,,92.52,70.20559692382812,33.977203369140625
reaction:1456,P(Cy)3,0,,92.43,68.82655334472656,34.18070983886719
reaction:1457,P(o-Tol)3,0,,91.08,69.70079040527344,34.13300704956055
reaction:1458,CataCXium A,1,,93.13,70.52095031738281,33.99580764770508
reaction:1459,SPhos,3,,86.63,67.54420471191406,34.105018615722656
reaction:1461,XPhos,3,,86.36,66.03768920898438,34.2099494934082
reaction:1465,P(tBu)3,4,,75.91,57.842689514160156,34.01117706298828
reaction:1466,P(Ph)3,4,,89.29,72.31169891357422,33.927650451660156
reaction:1467,AmPhos,1,,85.76,69.46971893310547,34.0378532409668
reaction:1468,P(Cy)3,3,,88.01,71.46187591552734,34.09245681762695
reaction:1469,P(o-Tol)3,0,,88.6,69.40118408203125,34.11131286621094
reaction:1470,CataCXium A,4,,90.39,71.55994415283203,33.973045349121094
reaction:1471,SPhos,2,,65.6,60.774166107177734,34.17027282714844
reaction:1473,XPhos,1,,77.72,61.66597366333008,34.0427131652832
reaction:1477,P(tBu)3,2,,91.29,57.78178787231445,34.23487854003906
reaction:1478,P(Ph)3,1,,96.74,72.1875,33.95411682128906
reaction:1479,AmPhos,3,,92.82,68.08526611328125,34.171321868896484
reaction:1480,P(Cy)3,0,,96.3,66.39116668701172,34.200462341308594
reaction:1481,P(o-Tol)3,3,,93.73,69.18001556396484,34.08953857421875
reaction:1482,CataCXium A,1,,95.37,66.53257751464844,34.04827880859375
reaction:1483,SPhos,0,,91.37,62.15242004394531,34.19454574584961
reaction:1485,XPhos,0,,90.79,62.84134292602539,34.19934844970703
reaction:1489,P(tBu)3,2,,92.06,57.44611358642578,34.236793518066406
reaction:1490,P(Ph)3,2,,94.47,69.58090209960938,34.1616096496582
reaction:1491,AmPhos,0,,92.08,70.3900375366211,34.12001037597656
reaction:1492,P(Cy)3,0,,92.52,68.15354919433594,34.19011688232422
reaction:1493,P(o-Tol)3,1,,91.99,68.79307556152344,33.9964599609375
reaction:1494,CataCXium A,0,,95.06,72.38992309570312,34.11357116699219
reaction:1495,SPhos,2,,90.53,67.0310287475586,34.140193939208984
reaction:1497,XPhos,2,,90.57,67.12028503417969,34.1072883605957
reaction:1501,P(tBu)3,4,,94.01,64.36129760742188,33.99468231201172
reaction:1502,P(Ph)3,0,,98.69,73.92951965332031,34.17417907714844
reaction:1503,AmPhos,1,,93.28,67.53972625732422,34.07273864746094
reaction:1504,P(Cy)3,0,,92.97,69.21722412109375,34.18292236328125
reaction:1505,P(o-Tol)3,4,,92.65,71.84021759033203,34.029727935791016
reaction:1506,CataCXium A,4,,96.04,71.02796936035156,34.021751403808594
reaction:1507,SPhos,0,,91.75,68.35443878173828,34.17813491821289
reaction:1509,XPhos,4,,91.45,69.03575897216797,33.9520378112793
reaction:1513,P(tBu)3,2,,81.58,63.7384033203125,34.216304779052734
reaction:1514,P(Ph)3,0,,89.8,72.53871154785156,34.176246643066406
reaction:1515,AmPhos,3,,86.54,67.20301818847656,34.19097900390625
reaction:1516,P(Cy)3,4,,88.06,70.17411041259766,33.97598648071289
reaction:1517,P(o-Tol)3,2,,87.76,67.80781555175781,34.117374420166016
reaction:1518,CataCXium A,2,,89.09,72.6091079711914,34.149627685546875
reaction:1519,SPhos,1,,72.51,61.48716354370117,34.045082092285156
reaction:1521,XPhos,4,,73.77,63.227149963378906,33.904319763183594
reaction:1525,P(tBu)3,3,,59.54,62.283897399902344,34.19514083862305
reaction:1526,P(Ph)3,0,,46.28,65.79747772216797,34.186302185058594
reaction:1527,AmPhos,3,,72.03,66.23869323730469,34.17436599731445
reaction:1528,P(Cy)3,1,,73.65,66.45484924316406,33.956722259521484
reaction:1529,P(o-Tol)3,4,,68.96,65.6796646118164,34.00615692138672
reaction:1530,CataCXium A,4,,72.18,67.12162780761719,33.999149322509766
reaction:1531,SPhos,3,,48.82,60.328407287597656,34.113548278808594
reaction:1533,XPhos,1,,48.59,60.21491241455078,34.056060791015625
reaction:1537,P(tBu)3,1,,34.3,49.95407485961914,33.96076583862305
reaction:1538,P(Ph)3,0,,78.03,68.35394287109375,34.07209014892578
reaction:1539,AmPhos,1,,62.59,57.04680633544922,34.08536148071289
reaction:1540,P(Cy)3,3,,50.25,53.08273696899414,34.20762252807617
reaction:1541,P(o-Tol)3,4,,50.56,48.45128631591797,33.98964309692383
reaction:1542,CataCXium A,3,,95.62,56.44696044921875,34.180973052978516
reaction:1543,SPhos,2,,74.84,62.50027847290039,34.124237060546875
reaction:1545,XPhos,3,,67.97,56.87195587158203,34.18817138671875
reaction:1549,P(tBu)3,2,,44.24,45.971317291259766,34.206626892089844
reaction:1550,P(Ph)3,1,,87.31,67.3993911743164,34.020477294921875
reaction:1551,AmPhos,2,,89.54,58.823204040527344,34.157188415527344
reaction:1552,P(Cy)3,2,,60.21,58.468441009521484,34.104026794433594
reaction:1553,P(o-Tol)3,4,,52.95,47.809242248535156,34.01327896118164
reaction:1554,CataCXium A,1,,80.64,63.336429595947266,33.940582275390625
reaction:1555,SPhos,0,,60.49,58.566959381103516,34.14576721191406
reaction:1557,XPhos,1,,50.2,57.11399841308594,34.02827072143555
reaction:1561,P(tBu)3,2,,42.57,47.116214752197266,34.19630813598633
reaction:1562,P(Ph)3,0,,83.05,64.32796478271484,34.095455169677734
reaction:1563,AmPhos,1,,88.28,59.01417922973633,34.09379959106445
reaction:1564,P(Cy)3,3,,73.25,57.586669921875,34.191768646240234
reaction:1565,P(o-Tol)3,1,,69.46,47.824485778808594,34.07993698120117
reaction:1566,CataCXium A,2,,98.61,63.823936462402344,34.141387939453125
reaction:1567,SPhos,4,,68.95,56.365882873535156,33.90568923950195
reaction:1569,XPhos,3,,60.14,51.161582946777344,34.17230987548828
reaction:1573,P(tBu)3,4,,42.91,43.42787170410156,33.99225997924805
reaction:1574,P(Ph)3,4,,74.45,66.31536865234375,34.00489807128906
reaction:1575,AmPhos,1,,84.23,58.81114959716797,34.05989074707031
reaction:1576,P(Cy)3,4,,42.55,53.06861877441406,33.96604537963867
reaction:1577,P(o-Tol)3,1,,58.61,46.00801467895508,34.051456451416016
reaction:1578,CataCXium A,0,,70.52,62.624332427978516,34.07090377807617
reaction:1579,SPhos,4,,61.21,55.23082733154297,33.95512390136719
reaction:1581,XPhos,4,,55.94,52.246883392333984,33.96796417236328
reaction:1585,P(tBu)3,2,,65.86,47.11598587036133,34.1551399230957
reaction:1586,P(Ph)3,1,,91.46,68.44078063964844,34.01940155029297
reaction:1587,AmPhos,3,,90.4,61.414085388183594,34.044559478759766
reaction:1588,P(Cy)3,1,,71.78,55.33837127685547,33.942413330078125
reaction:1589,P(o-Tol)3,4,,71.66,49.44837188720703,33.98613739013672
reaction:1590,CataCXium A,2,,96.15,60.795719146728516,34.136966705322266
reaction:1591,SPhos,1,,84.76,56.23158645629883,34.056915283203125
reaction:1593,XPhos,3,,79.44,56.84465408325195,34.229522705078125
reaction:1597,P(tBu)3,4,,72.9,47.62004089355469,34.01128005981445
reaction:1598,P(Ph)3,4,,95.86,68.01629638671875,34.001895904541016
reaction:1599,AmPhos,2,,93.84,58.15996551513672,34.17723846435547
reaction:1600,P(Cy)3,3,,71.12,52.583831787109375,34.238460540771484
reaction:1601,P(o-Tol)3,3,,59.47,51.490413665771484,34.14025115966797
reaction:1602,CataCXium A,3,,95.78,55.719444274902344,34.19287109375
reaction:1603,SPhos,0,,86.28,61.00437545776367,34.16448974609375
reaction:1605,XPhos,1,,60.54,59.273494720458984,34.02704620361328
reaction:1609,P(tBu)3,0,,72.09,48.56719207763672,34.15427780151367
reaction:1610,P(Ph)3,2,,92.43,69.19055938720703,34.0962028503418
reaction:1611,AmPhos,1,,92.49,56.08235168457031,34.0898323059082
reaction:1612,P(Cy)3,4,,58.64,58.86563491821289,34.002132415771484
reaction:1613,P(o-Tol)3,1,,49.79,48.410221099853516,34.04375457763672
reaction:1614,CataCXium A,1,,95.36,62.43305206298828,33.97644805908203
reaction:1615,SPhos,1,,70.77,55.62921142578125,34.03312683105469
reaction:1617,XPhos,4,,61.61,57.63916778564453,34.00154113769531
reaction:1621,P(tBu)3,4,,80.99,47.933799743652344,34.01579666137695
reaction:1622,P(Ph)3,3,,86.63,67.45673370361328,34.111629486083984
reaction:1623,AmPhos,4,,89.02,59.58195495605469,33.96833419799805
reaction:1624,P(Cy)3,3,,44.82,52.27583312988281,34.20805740356445
reaction:1625,P(o-Tol)3,0,,52.39,47.54072952270508,34.1167106628418
reaction:1626,CataCXium A,3,,97.25,57.651790618896484,34.17356872558594
reaction:1627,SPhos,2,,61.68,58.56973648071289,34.15131759643555
reaction:1629,XPhos,4,,49.48,55.42964553833008,34.04535675048828
reaction:1633,P(tBu)3,2,,31.45,40.42413330078125,34.15242004394531
reaction:1634,P(Ph)3,1,,92.89,71.60978698730469,34.065040588378906
reaction:1635,AmPhos,1,,23.2,37.19363021850586,34.00757598876953
reaction:1636,P(Cy)3,3,,66.25,64.21165466308594,34.163490295410156
reaction:1637,P(o-Tol)3,1,,32.29,39.658912658691406,34.04331970214844
reaction:1638,CataCXium A,2,,26.8,40.773460388183594,34.17075729370117
reaction:1639,SPhos,4,,90.94,64.27311706542969,33.91203308105469
reaction:1641,XPhos,0,,90.0,62.328468322753906,34.21087646484375
reaction:1645,P(tBu)3,4,,35.1,38.98683166503906,33.96219253540039
reaction:1646,P(Ph)3,1,,96.16,70.18496704101562,34.07769775390625
reaction:1647,AmPhos,3,,22.19,41.16755294799805,34.16249084472656
reaction:1648,P(Cy)3,1,,95.29,62.54435348510742,33.977352142333984
reaction:1649,P(o-Tol)3,3,,16.72,39.00812911987305,34.14277267456055
reaction:1650,CataCXium A,2,,30.07,44.86606979370117,34.187381744384766
reaction:1651,SPhos,1,,76.37,58.698978424072266,34.028438568115234
reaction:1653,XPhos,4,,80.96,61.88994216918945,33.98750686645508
reaction:1657,P(tBu)3,3,,17.48,35.81431579589844,34.15876770019531
reaction:1658,P(Ph)3,2,,85.82,70.99095153808594,34.134986877441406
reaction:1659,AmPhos,1,,19.11,36.67653274536133,34.010005950927734
reaction:1660,P(Cy)3,1,,95.0,65.93103790283203,33.97264099121094
reaction:1661,P(o-Tol)3,1,,22.65,38.25904846191406,34.11865234375
reaction:1662,CataCXium A,4,,37.69,43.975921630859375,33.987640380859375
reaction:1663,SPhos,1,,53.23,54.007720947265625,34.04976272583008
reaction:1665,XPhos,0,,70.51,55.784751892089844,34.233646392822266
reaction:1669,P(tBu)3,0,,21.44,36.52388000488281,34.14250564575195
reaction:1670,P(Ph)3,0,,83.61,70.77017974853516,34.05446243286133
reaction:1671,AmPhos,0,,29.86,38.824974060058594,34.240360260009766
reaction:1672,P(Cy)3,0,,77.59,62.4387321472168,34.16115188598633
reaction:1673,P(o-Tol)3,0,,20.35,37.08008575439453,34.1392707824707
reaction:1674,CataCXium A,1,,31.69,40.21253204345703,33.9322509765625
reaction:1675,SPhos,2,,55.07,61.3742790222168,34.0897102355957
reaction:1677,XPhos,0,,65.8,55.99829864501953,34.22190856933594
reaction:1681,P(tBu)3,1,,37.31,38.977684020996094,33.97678756713867
reaction:1682,P(Ph)3,3,,90.75,75.08592987060547,34.129207611083984
reaction:1683,AmPhos,0,,23.77,40.31201934814453,34.23207473754883
reaction:1684,P(Cy)3,3,,75.02,66.88021850585938,34.148380279541016
reaction:1685,P(o-Tol)3,1,,33.92,39.35572814941406,34.06288146972656
reaction:1686,CataCXium A,4,,23.22,42.72130584716797,34.01677703857422
reaction:1687,SPhos,1,,82.31,55.638999938964844,34.0873908996582
reaction:1689,XPhos,2,,84.34,65.64047241210938,34.120750427246094
reaction:1693,P(tBu)3,2,,38.88,40.97181701660156,34.17433166503906
reaction:1694,P(Ph)3,4,,94.45,71.09516143798828,34.028045654296875
reaction:1695,AmPhos,4,,20.51,39.33110046386719,33.93463134765625
reaction:1696,P(Cy)3,0,,79.1,64.21707916259766,34.13151931762695
reaction:1697,P(o-Tol)3,3,,30.29,39.87964630126953,34.158382415771484
reaction:1698,CataCXium A,4,,18.55,42.52383804321289,33.976226806640625
reaction:1699,SPhos,4,,94.27,62.88238525390625,33.906253814697266
reaction:1701,XPhos,0,,93.61,60.75883483886719,34.18877410888672
reaction:1705,P(tBu)3,0,,37.8,41.47990417480469,34.15534210205078
reaction:1706,P(Ph)3,1,,96.02,70.61588287353516,34.0560188293457
reaction:1707,AmPhos,3,,15.05,40.349544525146484,34.12978744506836
reaction:1708,P(Cy)3,4,,73.27,66.89979553222656,33.90554428100586
reaction:1709,P(o-Tol)3,1,,35.32,38.8979377746582,34.092655181884766
reaction:1710,CataCXium A,3,,28.86,42.30954360961914,34.03703689575195
reaction:1711,SPhos,1,,95.06,58.634620666503906,34.07931900024414
reaction:1713,XPhos,0,,91.7,59.03343200683594,34.18159103393555
reaction:1717,P(tBu)3,4,,39.91,41.052730560302734,33.985076904296875
reaction:1718,P(Ph)3,4,,96.15,67.61972045898438,34.04116439819336
reaction:1719,AmPhos,0,,25.97,40.114837646484375,34.21781539916992
reaction:1720,P(Cy)3,2,,94.3,63.36964416503906,34.154850006103516
reaction:1721,P(o-Tol)3,0,,25.48,37.78941345214844,34.19396209716797
reaction:1722,CataCXium A,2,,26.31,42.77192306518555,34.16555404663086
reaction:1723,SPhos,0,,82.24,63.12688446044922,34.13753890991211
reaction:1725,XPhos,4,,81.88,64.13645935058594,33.99222183227539
reaction:1729,P(tBu)3,4,,52.87,41.50675964355469,33.96018981933594
reaction:1730,P(Ph)3,3,,71.41,65.43926239013672,34.177799224853516
reaction:1731,AmPhos,2,,43.54,47.99395751953125,34.22660827636719
reaction:1732,P(Cy)3,0,,54.68,57.75238800048828,34.131065368652344
reaction:1733,P(o-Tol)3,0,,29.2,44.945369720458984,34.14803695678711
reaction:1734,CataCXium A,1,,23.29,52.535465240478516,33.920101165771484
reaction:1735,SPhos,4,,70.63,56.99508285522461,34.002174377441406
reaction:1737,XPhos,1,,68.92,55.559024810791016,33.987937927246094
reaction:1741,P(tBu)3,0,,22.8,38.304298400878906,34.10675811767578
reaction:1742,P(Ph)3,4,,90.99,65.64405822753906,34.015628814697266
reaction:1743,AmPhos,3,,46.17,51.56416320800781,34.106727600097656
reaction:1744,P(Cy)3,2,,60.25,59.74712371826172,34.186771392822266
reaction:1745,P(o-Tol)3,3,,31.45,43.23862075805664,34.192115783691406
reaction:1746,CataCXium A,3,,68.31,47.677974700927734,34.14727020263672
reaction:1747,SPhos,4,,66.35,54.09584426879883,33.9815673828125
reaction:1749,XPhos,3,,52.63,53.89939880371094,34.218406677246094
reaction:1753,P(tBu)3,2,,10.33,35.90358352661133,34.18452072143555
reaction:1754,P(Ph)3,0,,92.04,68.13064575195312,34.07841873168945
reaction:1755,AmPhos,2,,66.56,48.836124420166016,34.178199768066406
reaction:1756,P(Cy)3,4,,93.1,59.25313186645508,33.98674392700195
reaction:1757,P(o-Tol)3,1,,58.79,43.511260986328125,34.05394744873047
reaction:1758,CataCXium A,4,,91.26,53.09144592285156,34.000335693359375
reaction:1759,SPhos,1,,72.82,55.19966506958008,34.048343658447266
reaction:1761,XPhos,0,,67.02,56.610008239746094,34.19679260253906
reaction:1765,P(tBu)3,1,,23.79,39.051761627197266,34.00018310546875
reaction:1766,P(Ph)3,1,,83.36,65.80580139160156,33.996063232421875
reaction:1767,AmPhos,0,,66.09,50.602840423583984,34.21987533569336
reaction:1768,P(Cy)3,0,,52.88,55.141056060791016,34.16063690185547
reaction:1769,P(o-Tol)3,1,,43.96,42.611358642578125,34.02828598022461
reaction:1770,CataCXium A,3,,65.1,50.63816833496094,34.1455078125
reaction:1771,SPhos,1,,47.6,52.82828140258789,34.0224723815918
reaction:1773,XPhos,0,,48.02,54.03873825073242,34.17927551269531
reaction:1777,P(tBu)3,1,,39.79,41.53518295288086,34.010650634765625
reaction:1778,P(Ph)3,4,,83.87,63.71636199951172,34.03779983520508
reaction:1779,AmPhos,0,,61.52,51.64554214477539,34.22990417480469
reaction:1780,P(Cy)3,1,,89.01,58.120723724365234,33.96613311767578
reaction:1781,P(o-Tol)3,1,,54.78,44.454566955566406,34.016902923583984
reaction:1782,CataCXium A,4,,52.04,51.26517868041992,34.0284423828125
reaction:1783,SPhos,1,,74.8,52.97051239013672,34.08430099487305
reaction:1785,XPhos,0,,71.36,58.09477996826172,34.148468017578125
reaction:1789,P(tBu)3,2,,61.88,44.54707336425781,34.19575500488281
reaction:1790,P(Ph)3,3,,89.04,66.14219665527344,34.19565963745117
reaction:1791,AmPhos,2,,67.24,46.6242561340332,34.22407913208008
reaction:1792,P(Cy)3,4,,71.21,57.52524185180664,33.962890625
reaction:1793,P(o-Tol)3,3,,57.62,45.66437911987305,34.224483489990234
reaction:1794,CataCXium A,2,,53.67,50.60984420776367,34.11644744873047
reaction:1795,SPhos,2,,77.06,59.82618713378906,34.13529586791992
reaction:1797,XPhos,1,,75.0,56.24587631225586,34.012359619140625
reaction:1801,P(tBu)3,3,,65.32,42.320770263671875,34.1523551940918
reaction:1802,P(Ph)3,3,,85.9,66.57002258300781,34.17804718017578
reaction:1803,AmPhos,1,,57.78,46.062984466552734,34.0625
reaction:1804,P(Cy)3,2,,70.55,55.4871826171875,34.171241760253906
reaction:1805,P(o-Tol)3,3,,45.41,43.55168533325195,34.19829177856445
reaction:1806,CataCXium A,2,,53.78,51.6981086730957,34.17812728881836
reaction:1807,SPhos,1,,75.33,49.008094787597656,34.06392288208008
reaction:1809,XPhos,3,,65.57,51.21278762817383,34.201107025146484
reaction:1813,P(tBu)3,2,,60.05,44.16333770751953,34.210205078125
reaction:1814,P(Ph)3,4,,79.66,60.998558044433594,34.024200439453125
reaction:1815,AmPhos,1,,45.66,47.4483757019043,34.02417755126953
reaction:1816,P(Cy)3,4,,68.03,51.77244567871094,33.95938491821289
reaction:1817,P(o-Tol)3,0,,52.13,42.22153091430664,34.158607482910156
reaction:1818,CataCXium A,4,,49.82,47.34266662597656,33.99016571044922
reaction:1819,SPhos,4,,71.12,51.852378845214844,33.96238327026367
reaction:1821,XPhos,3,,74.08,49.07954406738281,34.2129020690918
reaction:1825,P(tBu)3,4,,28.74,36.17499542236328,33.94789505004883
reaction:1826,P(Ph)3,2,,91.0,72.07987976074219,34.13677978515625
reaction:1827,AmPhos,3,,46.01,47.23275375366211,34.13962173461914
reaction:1828,P(Cy)3,1,,62.34,60.92723846435547,34.05565643310547
reaction:1829,P(o-Tol)3,3,,54.12,48.86025619506836,34.18255615234375
reaction:1830,CataCXium A,4,,36.3,46.1340217590332,33.953277587890625
reaction:1831,SPhos,3,,72.63,58.61942672729492,34.16400909423828
reaction:1833,XPhos,4,,63.61,59.0086669921875,33.98762893676758
reaction:1837,P(tBu)3,2,,26.25,34.8752326965332,34.10398483276367
reaction:1838,P(Ph)3,4,,92.54,72.5843505859375,33.97984313964844
reaction:1839,AmPhos,2,,54.75,46.80781555175781,34.20222091674805
reaction:1840,P(Cy)3,1,,89.22,62.844688415527344,34.02492904663086
reaction:1841,P(o-Tol)3,1,,55.28,47.68671417236328,33.97720718383789
reaction:1842,CataCXium A,3,,46.34,46.5248908996582,34.16194152832031
reaction:1843,SPhos,0,,57.38,57.320255279541016,34.17071533203125
reaction:1845,XPhos,4,,56.03,52.07498550415039,34.04502868652344
reaction:1849,P(tBu)3,3,,30.54,36.3311767578125,34.21123504638672
reaction:1850,P(Ph)3,3,,80.77,70.86386108398438,34.19736099243164
reaction:1851,AmPhos,4,,38.15,52.7161979675293,33.96753692626953
reaction:1852,P(Cy)3,4,,79.56,66.22865295410156,33.980926513671875
reaction:1853,P(o-Tol)3,1,,48.82,49.03724670410156,34.02418899536133
reaction:1854,CataCXium A,0,,41.54,53.7723274230957,34.14139175415039
reaction:1855,SPhos,2,,31.36,55.183223724365234,34.100162506103516
reaction:1857,XPhos,0,,36.08,53.1205940246582,34.14398956298828
reaction:1861,P(tBu)3,1,,25.47,36.7845573425293,34.0211067199707
reaction:1862,P(Ph)3,1,,94.74,71.6341323852539,33.985965728759766
reaction:1863,AmPhos,0,,55.38,48.859336853027344,34.16692352294922
reaction:1864,P(Cy)3,0,,83.07,62.03251647949219,34.10179901123047
reaction:1865,P(o-Tol)3,3,,61.24,48.915855407714844,34.17305374145508
reaction:1866,CataCXium A,3,,40.4,45.864112854003906,34.14334487915039
reaction:1867,SPhos,4,,74.29,53.82895278930664,33.934139251708984
reaction:1869,XPhos,2,,68.52,52.2303466796875,34.141136169433594
reaction:1873,P(tBu)3,3,,19.33,39.0487174987793,34.194820404052734
reaction:1874,P(Ph)3,4,,94.2,71.86571502685547,33.9857177734375
reaction:1875,AmPhos,3,,51.1,47.29902648925781,34.137123107910156
reaction:1876,P(Cy)3,4,,82.87,65.86262512207031,33.94097137451172
reaction:1877,P(o-Tol)3,2,,58.21,51.181243896484375,34.148590087890625
reaction:1878,CataCXium A,4,,35.0,48.60395812988281,34.00978469848633
reaction:1879,SPhos,1,,73.51,52.8897705078125,34.06418991088867
reaction:1881,XPhos,3,,71.6,57.228004455566406,34.09989547729492
reaction:1885,P(tBu)3,1,,22.38,40.95832061767578,33.98296356201172
reaction:1886,P(Ph)3,3,,94.74,73.42922973632812,34.19883346557617
reaction:1887,AmPhos,2,,50.15,45.92827606201172,34.22753143310547
reaction:1888,P(Cy)3,3,,86.78,62.28209686279297,34.12846374511719
reaction:1889,P(o-Tol)3,2,,58.07,50.542259216308594,34.16831588745117
reaction:1890,CataCXium A,1,,36.27,46.53139877319336,33.9510383605957
reaction:1891,SPhos,4,,76.49,58.172813415527344,33.921531677246094
reaction:1893,XPhos,4,,76.38,58.69903564453125,33.9882698059082
reaction:1897,P(tBu)3,3,,22.3,40.88056564331055,34.2270393371582
reaction:1898,P(Ph)3,0,,86.35,74.44200134277344,34.08712387084961
reaction:1899,AmPhos,4,,39.96,50.349239349365234,33.97180938720703
reaction:1900,P(Cy)3,2,,74.99,64.64136505126953,34.07188034057617
reaction:1901,P(o-Tol)3,2,,48.59,49.00797653198242,34.171783447265625
reaction:1902,CataCXium A,2,,42.82,46.778099060058594,34.15671920776367
reaction:1903,SPhos,3,,38.93,56.963279724121094,34.14950180053711
reaction:1905,XPhos,2,,40.32,54.299293518066406,34.118595123291016
reaction:1909,P(tBu)3,1,,24.85,40.15927505493164,34.007057189941406
reaction:1910,P(Ph)3,3,,67.67,67.78521728515625,34.19464111328125
reaction:1911,AmPhos,2,,31.33,49.30406188964844,34.192344665527344
reaction:1912,P(Cy)3,1,,60.57,62.09092712402344,34.02669143676758
reaction:1913,P(o-Tol)3,2,,39.76,47.593719482421875,34.15111541748047
reaction:1914,CataCXium A,0,,34.18,49.47978973388672,34.14739227294922
reaction:1915,SPhos,0,,29.22,52.00105285644531,34.16671371459961
reaction:1917,XPhos,4,,28.87,49.658416748046875,34.04168701171875
reaction:1921,P(tBu)3,0,,93.45,65.54535675048828,34.1821403503418
reaction:1922,P(Ph)3,1,,91.77,69.24691772460938,33.989139556884766
reaction:1923,AmPhos,1,,94.83,71.32367706298828,34.012184143066406
reaction:1924,P(Cy)3,0,,85.66,62.97267532348633,34.12195587158203
reaction:1925,P(o-Tol)3,2,,84.89,61.94533157348633,34.139129638671875
reaction:1926,CataCXium A,0,,94.39,69.15966033935547,34.16621017456055
reaction:1927,SPhos,2,,91.96,64.50157928466797,34.196475982666016
reaction:1929,XPhos,1,,90.64,62.76646041870117,34.065834045410156
reaction:1933,P(tBu)3,1,,90.21,61.072628021240234,34.03739929199219
reaction:1934,P(Ph)3,0,,86.31,70.04771423339844,34.125083923339844
reaction:1935,AmPhos,0,,94.41,68.22708129882812,34.22627639770508
reaction:1936,P(Cy)3,1,,83.44,64.67935943603516,33.93302917480469
reaction:1937,P(o-Tol)3,1,,78.9,59.9725227355957,34.03030776977539
reaction:1938,CataCXium A,0,,87.12,69.05328369140625,34.124053955078125
reaction:1939,SPhos,1,,73.94,63.693580627441406,33.98350143432617
reaction:1941,XPhos,2,,74.99,60.86757278442383,34.08015823364258
reaction:1945,P(tBu)3,1,,77.29,61.71072769165039,34.0784912109375
reaction:1946,P(Ph)3,0,,82.9,66.60686492919922,34.123783111572266
reaction:1947,AmPhos,0,,91.18,65.41134643554688,34.1764030456543
reaction:1948,P(Cy)3,3,,73.98,59.25049591064453,34.194068908691406
reaction:1949,P(o-Tol)3,2,,77.15,60.16694259643555,34.11160659790039
reaction:1950,CataCXium A,4,,88.58,68.44998168945312,33.91184616088867
reaction:1951,SPhos,4,,76.2,61.47034454345703,33.866050720214844
reaction:1953,XPhos,1,,72.25,58.789512634277344,34.061397552490234
reaction:1957,P(tBu)3,1,,73.51,59.467559814453125,34.07887268066406
reaction:1958,P(Ph)3,2,,76.58,66.8459243774414,34.108402252197266
reaction:1959,AmPhos,4,,85.14,72.72171783447266,33.95468521118164
reaction:1960,P(Cy)3,2,,65.61,61.08967971801758,34.09248352050781
reaction:1961,P(o-Tol)3,1,,66.38,57.65074920654297,34.014312744140625
reaction:1962,CataCXium A,3,,83.98,65.085205078125,34.13346481323242
reaction:1963,SPhos,3,,81.32,62.48467254638672,34.09724426269531
reaction:1965,XPhos,4,,71.22,57.91168975830078,33.972442626953125
reaction:1969,P(tBu)3,3,,91.28,65.3338394165039,34.14677047729492
reaction:1970,P(Ph)3,3,,94.13,67.49610900878906,34.1132698059082
reaction:1971,AmPhos,3,,99.05,70.79669189453125,34.12943649291992
reaction:1972,P(Cy)3,0,,91.07,62.93647003173828,34.11852264404297
reaction:1973,P(o-Tol)3,3,,86.97,63.30608367919922,34.168983459472656
reaction:1974,CataCXium A,4,,95.97,67.9112777709961,33.96066665649414
reaction:1975,SPhos,4,,93.95,64.9527587890625,33.93303680419922
reaction:1977,XPhos,3,,93.06,64.53245544433594,34.19603729248047
reaction:1981,P(tBu)3,1,,98.42,67.00666046142578,34.07110595703125
reaction:1982,P(Ph)3,4,,94.7,67.69711303710938,33.965816497802734
reaction:1983,AmPhos,0,,99.15,67.68817901611328,34.20186996459961
reaction:1984,P(Cy)3,3,,92.42,62.565277099609375,34.17387771606445
reaction:1985,P(o-Tol)3,1,,88.64,62.03978729248047,34.05678176879883
reaction:1986,CataCXium A,3,,96.48,66.57754516601562,34.14225769042969
reaction:1987,SPhos,2,,93.44,60.86387252807617,34.25071716308594
reaction:1989,XPhos,4,,92.77,64.51612854003906,33.958740234375
reaction:1993,P(tBu)3,3,,96.3,68.9072265625,34.1477165222168
reaction:1994,P(Ph)3,3,,94.38,68.4285888671875,34.106842041015625
reaction:1995,AmPhos,0,,97.98,68.78079223632812,34.201114654541016
reaction:1996,P(Cy)3,3,,85.57,63.5994758605957,34.1457633972168
reaction:1997,P(o-Tol)3,0,,83.26,62.68645095825195,34.10647201538086
reaction:1998,CataCXium A,2,,94.32,66.45199584960938,34.11106491088867
reaction:1999,SPhos,2,,84.9,60.372650146484375,34.234405517578125
reaction:2001,XPhos,1,,72.37,61.53288650512695,34.04493713378906
reaction:2005,P(tBu)3,0,,90.88,65.6741714477539,34.162498474121094
reaction:2006,P(Ph)3,1,,79.83,64.62071228027344,34.0161018371582
reaction:2007,AmPhos,1,,86.16,67.6549072265625,34.0329704284668
reaction:2008,P(Cy)3,3,,61.84,58.50769805908203,34.19137954711914
reaction:2009,P(o-Tol)3,3,,58.42,60.09979248046875,34.20543670654297
reaction:2010,CataCXium A,1,,71.98,65.35313415527344,34.006771087646484
reaction:2011,SPhos,2,,63.7,58.1446647644043,34.20310974121094
reaction:2013,XPhos,0,,48.24,58.84341049194336,34.1918830871582
reaction:2017,P(tBu)3,0,,87.52,62.46153259277344,34.24040985107422
reaction:2018,P(Ph)3,2,,86.4,69.85899353027344,34.15717315673828
reaction:2019,AmPhos,3,,91.17,70.33818054199219,34.12443542480469
reaction:2020,P(Cy)3,4,,75.17,62.702049255371094,34.00654220581055
reaction:2021,P(o-Tol)3,4,,73.61,60.62830352783203,33.913368225097656
reaction:2022,CataCXium A,0,,92.59,67.93987274169922,34.15321731567383
reaction:2023,SPhos,1,,81.41,62.690765380859375,33.993003845214844
reaction:2025,XPhos,4,,82.69,63.81764602661133,33.95697784423828
reaction:2029,P(tBu)3,0,,95.58,61.34400177001953,34.202674865722656
reaction:2030,P(Ph)3,2,,94.23,67.35935974121094,34.18651580810547
reaction:2031,AmPhos,2,,91.47,67.55198669433594,34.15924835205078
reaction:2032,P(Cy)3,2,,75.42,64.89806365966797,34.144866943359375
reaction:2033,P(o-Tol)3,3,,63.8,55.12891387939453,34.251319885253906
reaction:2034,CataCXium A,1,,87.5,69.10842895507812,33.97977828979492
reaction:2035,SPhos,3,,68.79,60.6379508972168,34.14882278442383
reaction:2037,XPhos,3,,56.96,58.9969482421875,34.232933044433594
reaction:2041,P(tBu)3,1,,70.1,61.60617446899414,34.01497268676758
reaction:2042,P(Ph)3,2,,73.19,64.67056274414062,34.18553161621094
reaction:2043,AmPhos,3,,79.38,66.76432037353516,34.14598846435547
reaction:2044,P(Cy)3,0,,64.74,63.71343994140625,34.141746520996094
reaction:2045,P(o-Tol)3,3,,51.31,53.868072509765625,34.26742172241211
reaction:2046,CataCXium A,3,,73.74,67.95779418945312,34.16809844970703
reaction:2047,SPhos,2,,50.98,58.10681915283203,34.18000030517578
reaction:2049,XPhos,4,,41.21,57.635284423828125,33.98627471923828
reaction:2053,P(tBu)3,1,,62.64,62.285125732421875,34.008140563964844
reaction:2054,P(Ph)3,0,,63.24,66.99302673339844,34.13874816894531
reaction:2055,AmPhos,1,,72.78,69.3291015625,34.00959777832031
reaction:2056,P(Cy)3,0,,53.88,59.95805358886719,34.19558334350586
reaction:2057,P(o-Tol)3,3,,46.37,54.657997131347656,34.23485565185547
reaction:2058,CataCXium A,3,,70.7,66.46482849121094,34.182289123535156
reaction:2059,SPhos,2,,47.47,61.84687042236328,34.22610855102539
reaction:2061,XPhos,3,,43.93,57.367271423339844,34.23318862915039
reaction:2065,P(tBu)3,0,,79.77,61.44862365722656,34.18836212158203
reaction:2066,P(Ph)3,4,,77.32,70.18673706054688,33.94639587402344
reaction:2067,AmPhos,2,,84.23,67.83897399902344,34.15456771850586
reaction:2068,P(Cy)3,0,,68.45,63.924034118652344,34.19743347167969
reaction:2069,P(o-Tol)3,1,,64.85,59.38987350463867,34.04557418823242
reaction:2070,CataCXium A,3,,86.12,66.98324584960938,34.2158317565918
reaction:2071,SPhos,1,,73.7,60.256126403808594,33.97541427612305
reaction:2073,XPhos,1,,72.71,59.53358840942383,34.02434158325195
reaction:2077,P(tBu)3,4,,93.55,67.17601013183594,33.945289611816406
reaction:2078,P(Ph)3,3,,94.71,69.93445587158203,34.04143142700195
reaction:2079,AmPhos,4,,95.53,68.6413345336914,33.99633026123047
reaction:2080,P(Cy)3,4,,82.19,63.4539794921875,33.99259948730469
reaction:2081,P(o-Tol)3,3,,87.04,59.911800384521484,34.215972900390625
reaction:2082,CataCXium A,3,,96.61,65.2686767578125,34.20792770385742
reaction:2083,SPhos,1,,95.34,62.08147430419922,34.009056091308594
reaction:2085,XPhos,0,,93.67,60.698402404785156,34.182979583740234
reaction:2089,P(tBu)3,2,,96.25,68.94314575195312,34.107078552246094
reaction:2090,P(Ph)3,0,,97.09,69.04774475097656,34.16172409057617
reaction:2091,AmPhos,4,,96.0,66.00669860839844,34.05593490600586
reaction:2092,P(Cy)3,4,,90.29,62.34492874145508,33.975059509277344
reaction:2093,P(o-Tol)3,3,,84.87,56.10996627807617,34.226627349853516
reaction:2094,CataCXium A,0,,94.85,69.65362548828125,34.1451416015625
reaction:2095,SPhos,2,,85.37,60.87391662597656,34.2108039855957
reaction:2097,XPhos,3,,80.34,59.435401916503906,34.2646369934082
reaction:2101,P(tBu)3,3,,89.61,68.68826293945312,34.105892181396484
reaction:2102,P(Ph)3,1,,88.95,67.07968139648438,33.99153518676758
reaction:2103,AmPhos,4,,89.95,66.9500961303711,34.013633728027344
reaction:2104,P(Cy)3,1,,77.56,62.03422546386719,33.94142150878906
reaction:2105,P(o-Tol)3,1,,65.8,55.925907135009766,34.05232620239258
reaction:2106,CataCXium A,1,,86.35,66.27603149414062,34.00633239746094
reaction:2107,SPhos,3,,68.0,58.814613342285156,34.13822937011719
reaction:2109,XPhos,0,,61.65,54.17097091674805,34.213130950927734
reaction:2113,P(tBu)3,3,,74.71,59.25569152832031,34.14968490600586
reaction:2114,P(Ph)3,4,,88.53,65.30421447753906,34.017093658447266
reaction:2115,AmPhos,0,,93.09,70.06002044677734,34.15093994140625
reaction:2116,P(Cy)3,4,,93.81,62.0651969909668,33.962772369384766
reaction:2117,P(o-Tol)3,2,,82.45,54.12476348876953,34.226924896240234
reaction:2118,CataCXium A,2,,94.6,68.92533874511719,34.125980377197266
reaction:2119,SPhos,4,,91.09,65.29466247558594,33.9182243347168
reaction:2121,XPhos,1,,90.34,58.84646224975586,34.03480911254883
reaction:2125,P(tBu)3,4,,9.76,54.193904876708984,33.93357467651367
reaction:2126,P(Ph)3,4,,93.09,68.32599639892578,33.97158432006836
reaction:2127,AmPhos,2,,88.64,67.36319732666016,34.171775817871094
reaction:2128,P(Cy)3,2,,70.05,62.186424255371094,34.16828918457031
reaction:2129,P(o-Tol)3,1,,62.61,58.854637145996094,33.98490524291992
reaction:2130,CataCXium A,4,,84.49,68.73613739013672,33.97437286376953
reaction:2131,SPhos,0,,75.87,62.4493293762207,34.09548568725586
reaction:2133,XPhos,4,,72.62,58.711727142333984,33.95854949951172
reaction:2137,P(tBu)3,1,,8.72,48.01284408569336,34.02995681762695
reaction:2138,P(Ph)3,2,,90.92,67.44759368896484,34.21586608886719
reaction:2139,AmPhos,3,,91.83,68.50529479980469,34.17755889892578
reaction:2140,P(Cy)3,3,,82.68,61.68175506591797,34.1965217590332
reaction:2141,P(o-Tol)3,3,,77.72,56.52213668823242,34.187461853027344
reaction:2142,CataCXium A,1,,94.69,67.42444610595703,33.97002029418945
reaction:2143,SPhos,3,,82.58,58.47825241088867,34.15970230102539
reaction:2145,XPhos,0,,75.7,57.341957092285156,34.18961715698242
reaction:2149,P(tBu)3,1,,67.21,51.092750549316406,34.035526275634766
reaction:2150,P(Ph)3,2,,82.49,65.6295166015625,34.20111083984375
reaction:2151,AmPhos,2,,85.38,69.0653305053711,34.16613006591797
reaction:2152,P(Cy)3,0,,60.87,61.39410400390625,34.09646224975586
reaction:2153,P(o-Tol)3,2,,55.43,55.24541473388672,34.20703125
reaction:2154,CataCXium A,1,,80.23,64.7916488647461,34.0110969543457
reaction:2155,SPhos,4,,65.91,61.637752532958984,33.95466995239258
reaction:2157,XPhos,4,,51.28,57.10145950317383,33.99785614013672
reaction:2161,P(tBu)3,2,,56.56,54.444610595703125,34.2012939453125
reaction:2162,P(Ph)3,0,,93.46,69.13412475585938,34.08631134033203
reaction:2163,AmPhos,3,,91.35,67.34619903564453,34.154659271240234
reaction:2164,P(Cy)3,4,,93.62,62.71266174316406,33.940185546875
reaction:2165,P(o-Tol)3,2,,82.14,55.75366973876953,34.21001052856445
reaction:2166,CataCXium A,3,,94.13,68.9286117553711,34.1754264831543
reaction:2167,SPhos,3,,88.89,62.8419075012207,34.149539947509766
reaction:2169,XPhos,2,,85.96,61.43970489501953,34.11431121826172
reaction:2173,P(tBu)3,1,,88.33,56.44588851928711,34.0024299621582
reaction:2174,P(Ph)3,4,,95.49,66.455322265625,34.01227951049805
reaction:2175,AmPhos,0,,96.28,69.12462615966797,34.1751708984375
reaction:2176,P(Cy)3,2,,89.03,66.62274169921875,34.158226013183594
reaction:2177,P(o-Tol)3,2,,82.58,58.58203887939453,34.18317413330078
reaction:2178,CataCXium A,3,,96.97,65.38396453857422,34.18159103393555
reaction:2179,SPhos,2,,93.79,61.804039001464844,34.160484313964844
reaction:2181,XPhos,1,,82.14,60.88192367553711,34.01524353027344
reaction:2185,P(tBu)3,4,,92.96,61.7127685546875,33.96110916137695
reaction:2186,P(Ph)3,0,,89.15,67.45530700683594,34.12287521362305
reaction:2187,AmPhos,1,,90.81,68.08677673339844,33.99665832519531
reaction:2188,P(Cy)3,2,,76.98,60.84038543701172,34.15790939331055
reaction:2189,P(o-Tol)3,3,,71.34,56.077781677246094,34.140594482421875
reaction:2190,CataCXium A,2,,86.44,65.37802124023438,34.14209747314453
reaction:2191,SPhos,3,,73.02,60.402286529541016,34.178611755371094
reaction:2193,XPhos,4,,72.75,58.25458526611328,33.968868255615234
reaction:2197,P(tBu)3,2,,90.92,54.0272102355957,34.154258728027344
reaction:2198,P(Ph)3,2,,95.18,67.11558532714844,34.199623107910156
reaction:2199,AmPhos,1,,95.78,65.32038116455078,34.024600982666016
reaction:2200,P(Cy)3,3,,62.9,61.00383758544922,34.214271545410156
reaction:2201,P(o-Tol)3,0,,51.62,57.17640686035156,34.090736389160156
reaction:2202,CataCXium A,4,,74.53,64.40571594238281,33.960182189941406
reaction:2203,SPhos,0,,55.91,58.5439567565918,34.156524658203125
reaction:2205,XPhos,2,,44.36,54.921852111816406,34.121917724609375
reaction:2209,P(tBu)3,4,,80.02,64.49864196777344,33.930137634277344
reaction:2210,P(Ph)3,4,,89.96,67.06655883789062,33.9900016784668
reaction:2211,AmPhos,3,,90.36,69.58641052246094,34.15730285644531
reaction:2212,P(Cy)3,3,,84.38,67.89268493652344,34.2363166809082
reaction:2213,P(o-Tol)3,4,,83.25,68.38798522949219,33.999717712402344
reaction:2214,CataCXium A,0,,84.8,66.19227600097656,34.184669494628906
reaction:2215,SPhos,3,,83.9,70.67782592773438,34.149681091308594
reaction:2217,XPhos,2,,81.05,68.16670227050781,34.14846420288086
reaction:2221,P(tBu)3,2,,77.27,58.94752502441406,34.163822174072266
reaction:2222,P(Ph)3,1,,87.84,71.10098266601562,34.03050231933594
reaction:2223,AmPhos,0,,90.07,69.12223815917969,34.19669723510742
reaction:2224,P(Cy)3,1,,86.58,68.61497497558594,33.938419342041016
reaction:2225,P(o-Tol)3,3,,86.82,67.65669250488281,34.167396545410156
reaction:2226,CataCXium A,0,,83.75,67.73919677734375,34.14580154418945
reaction:2227,SPhos,1,,82.5,65.56488037109375,34.03019714355469
reaction:2229,XPhos,1,,81.52,64.54063415527344,34.03230285644531
reaction:2233,P(tBu)3,3,,67.08,59.124473571777344,34.1988525390625
reaction:2234,P(Ph)3,3,,68.0,69.46263122558594,34.113250732421875
reaction:2235,AmPhos,0,,75.68,69.54165649414062,34.15951919555664
reaction:2236,P(Cy)3,3,,77.41,62.6762809753418,34.26862335205078
reaction:2237,P(o-Tol)3,3,,72.92,65.23202514648438,34.22783279418945
reaction:2238,CataCXium A,2,,76.08,68.76420593261719,34.0985221862793
reaction:2239,SPhos,1,,52.18,62.45340347290039,34.013519287109375
reaction:2241,XPhos,2,,49.61,60.52328109741211,34.14455032348633
reaction:2245,P(tBu)3,3,,83.04,62.65290832519531,34.19866943359375
reaction:2246,P(Ph)3,3,,90.36,68.82308959960938,34.11252212524414
reaction:2247,AmPhos,3,,92.58,67.35735321044922,34.147071838378906
reaction:2248,P(Cy)3,0,,88.04,65.80461120605469,34.13851547241211
reaction:2249,P(o-Tol)3,0,,88.19,64.62248992919922,34.131736755371094
reaction:2250,CataCXium A,1,,91.15,63.122337341308594,34.06269454956055
reaction:2251,SPhos,1,,88.96,66.04429626464844,33.9820442199707
reaction:2253,XPhos,2,,85.09,61.76948165893555,34.153873443603516
reaction:2257,P(tBu)3,2,,80.91,59.92390441894531,34.18373107910156
reaction:2258,P(Ph)3,1,,83.21,69.54503631591797,34.046173095703125
reaction:2259,AmPhos,1,,83.8,70.19185638427734,34.02226257324219
reaction:2260,P(Cy)3,3,,78.56,68.95909881591797,34.219024658203125
reaction:2261,P(o-Tol)3,0,,86.4,68.63209533691406,34.12852478027344
reaction:2262,CataCXium A,1,,83.71,69.71038055419922,33.99536895751953
reaction:2263,SPhos,4,,87.81,67.3741455078125,33.909095764160156
reaction:2265,XPhos,1,,82.35,66.7197265625,34.05813217163086
reaction:2269,P(tBu)3,4,,85.92,62.131710052490234,33.981712341308594
reaction:2270,P(Ph)3,4,,92.33,68.4186782836914,33.98844528198242
reaction:2271,AmPhos,1,,100.0,68.31207275390625,34.06060791015625
reaction:2272,P(Cy)3,3,,89.27,67.19324493408203,34.23573684692383
reaction:2273,P(o-Tol)3,1,,100.0,68.9295654296875,33.958343505859375
reaction:2274,CataCXium A,0,,86.19,69.78767395019531,34.130435943603516
reaction:2275,SPhos,2,,100.0,66.40693664550781,34.18680953979492
reaction:2277,XPhos,2,,91.9,68.48388671875,34.11028289794922
reaction:2281,P(tBu)3,3,,70.65,65.39350128173828,34.21277618408203
reaction:2282,P(Ph)3,1,,78.77,70.82050323486328,34.058475494384766
reaction:2283,AmPhos,4,,73.96,71.67057037353516,33.96868896484375
reaction:2284,P(Cy)3,2,,84.05,69.739501953125,34.07181167602539
reaction:2285,P(o-Tol)3,4,,72.18,70.12667083740234,33.94149398803711
reaction:2286,CataCXium A,3,,73.53,70.65165710449219,34.055023193359375
reaction:2287,SPhos,2,,76.43,61.652793884277344,34.19023513793945
reaction:2289,XPhos,3,,78.36,62.357383728027344,34.18955612182617
reaction:2293,P(tBu)3,3,,41.39,61.26173782348633,34.225460052490234
reaction:2294,P(Ph)3,2,,47.4,65.85115051269531,34.12147903442383
reaction:2295,AmPhos,4,,66.14,68.3721694946289,33.96255874633789
reaction:2296,P(Cy)3,3,,72.16,61.50214385986328,34.263092041015625
reaction:2297,P(o-Tol)3,3,,64.73,62.73881912231445,34.18768310546875
reaction:2298,CataCXium A,1,,55.71,62.10435485839844,34.03158950805664
reaction:2299,SPhos,0,,63.75,59.69903564453125,34.09403991699219
reaction:2301,XPhos,0,,66.05,56.477298736572266,34.208099365234375
reaction:2305,P(tBu)3,4,,54.09,56.34846115112305,33.9684944152832
reaction:2306,P(Ph)3,2,,89.89,60.070709228515625,34.2013053894043
reaction:2307,AmPhos,1,,88.23,61.40584182739258,34.01332092285156
reaction:2308,P(Cy)3,2,,71.74,55.56342315673828,34.208335876464844
reaction:2309,P(o-Tol)3,3,,75.74,47.909912109375,34.08721160888672
reaction:2310,CataCXium A,3,,87.89,59.30702590942383,34.13224411010742
reaction:2311,SPhos,2,,85.64,60.10587692260742,34.18398666381836
reaction:2313,XPhos,4,,73.21,57.27077865600586,33.91376495361328
reaction:2317,P(tBu)3,1,,60.99,50.321067810058594,33.99705123901367
reaction:2318,P(Ph)3,0,,68.23,62.86140823364258,34.171669006347656
reaction:2319,AmPhos,3,,66.89,59.90205383300781,34.231815338134766
reaction:2320,P(Cy)3,1,,70.14,55.8780517578125,34.03400802612305
reaction:2321,P(o-Tol)3,0,,59.04,47.86322021484375,34.17685317993164
reaction:2322,CataCXium A,0,,56.68,55.526100158691406,34.2411994934082
reaction:2323,SPhos,0,,73.5,53.17652893066406,34.16632843017578
reaction:2325,XPhos,1,,60.47,50.38679885864258,33.963382720947266
reaction:2329,P(tBu)3,0,,0.0,54.975337982177734,34.051273345947266
reaction:2330,P(Ph)3,2,,53.51,56.99878692626953,34.21530532836914
reaction:2331,AmPhos,0,,68.33,58.762176513671875,34.15962600708008
reaction:2332,P(Cy)3,3,,72.87,49.755592346191406,34.06037139892578
reaction:2333,P(o-Tol)3,4,,70.13,47.63361358642578,33.98928451538086
reaction:2334,CataCXium A,2,,57.5,58.7808837890625,34.09941864013672
reaction:2335,SPhos,2,,73.4,53.34889602661133,34.18751907348633
reaction:2337,XPhos,0,,58.39,47.6378173828125,34.2033576965332
reaction:2341,P(tBu)3,0,,38.56,55.37822341918945,34.10954666137695
reaction:2342,P(Ph)3,1,,59.59,57.7969970703125,33.88401794433594
reaction:2343,AmPhos,0,,61.85,60.98439025878906,34.131710052490234
reaction:2344,P(Cy)3,1,,40.11,49.60676956176758,34.05451965332031
reaction:2345,P(o-Tol)3,2,,35.17,50.09629821777344,34.0668830871582
reaction:2346,CataCXium A,0,,48.02,57.442626953125,34.16529846191406
reaction:2347,SPhos,3,,53.78,55.42176818847656,34.18970489501953
reaction:2349,XPhos,0,,55.03,47.765663146972656,34.216922760009766
reaction:2353,P(tBu)3,3,,54.09,53.34207534790039,34.114009857177734
reaction:2354,P(Ph)3,4,,70.82,59.592864990234375,33.92709732055664
reaction:2355,AmPhos,3,,81.7,56.90238952636719,34.277748107910156
reaction:2356,P(Cy)3,0,,74.2,51.613712310791016,34.151859283447266
reaction:2357,P(o-Tol)3,0,,61.1,49.16399383544922,34.17272186279297
reaction:2358,CataCXium A,0,,78.09,60.979164123535156,34.15444564819336
reaction:2359,SPhos,4,,89.93,59.45900344848633,33.941768646240234
reaction:2361,XPhos,0,,70.65,53.023536682128906,34.211875915527344
reaction:2365,P(tBu)3,2,,92.06,52.14628219604492,34.176029205322266
reaction:2366,P(Ph)3,0,,73.07,63.276668548583984,34.14198303222656
reaction:2367,AmPhos,2,,85.26,63.026947021484375,34.15971374511719
reaction:2368,P(Cy)3,0,,87.12,56.59194564819336,34.12313461303711
reaction:2369,P(o-Tol)3,3,,76.39,47.49523162841797,34.088409423828125
reaction:2370,CataCXium A,0,,70.45,57.862918853759766,34.2276611328125
reaction:2371,SPhos,0,,82.08,59.94695281982422,34.186580657958984
reaction:2373,XPhos,2,,77.21,54.48472595214844,34.090972900390625
reaction:2377,P(tBu)3,2,,91.87,52.88486099243164,34.16453552246094
reaction:2378,P(Ph)3,2,,86.04,58.08283615112305,34.21268081665039
reaction:2379,AmPhos,3,,81.14,60.20258712768555,34.2210578918457
reaction:2380,P(Cy)3,2,,58.71,54.91217803955078,34.16250228881836
reaction:2381,P(o-Tol)3,0,,53.69,46.67655944824219,34.19148254394531
reaction:2382,CataCXium A,3,,82.92,57.17559051513672,34.13740921020508
reaction:2383,SPhos,3,,74.65,56.98210144042969,34.170074462890625
reaction:2385,XPhos,3,,60.58,50.5421257019043,34.229888916015625
reaction:2389,P(tBu)3,1,,90.41,53.87551498413086,33.95501708984375
reaction:2390,P(Ph)3,3,,73.11,56.45582580566406,34.11168670654297
reaction:2391,AmPhos,3,,83.89,59.074310302734375,34.20783615112305
reaction:2392,P(Cy)3,2,,51.13,53.59759521484375,34.18462371826172
reaction:2393,P(o-Tol)3,4,,53.85,45.41004180908203,33.97065734863281
reaction:2394,CataCXium A,1,,75.67,57.212120056152344,33.97608947753906
reaction:2395,SPhos,0,,58.46,52.70833206176758,34.185035705566406
reaction:2397,XPhos,0,,56.14,47.1760139465332,34.18583679199219
reaction:2401,P(tBu)3,2,,91.58,62.333255767822266,34.188297271728516
reaction:2402,P(Ph)3,4,,78.77,62.71316146850586,34.031532287597656
reaction:2403,AmPhos,4,,91.57,65.74958038330078,33.94707107543945
reaction:2404,P(Cy)3,3,,72.23,53.31404495239258,34.167076110839844
reaction:2405,P(o-Tol)3,0,,55.9,50.01715087890625,34.15206527709961
reaction:2406,CataCXium A,2,,95.99,69.77825927734375,34.14823532104492
reaction:2407,SPhos,0,,87.24,57.73160171508789,34.157676696777344
reaction:2409,XPhos,2,,79.27,47.91160583496094,34.23078918457031
reaction:2413,P(tBu)3,4,,94.76,57.53428649902344,34.025550842285156
reaction:2414,P(Ph)3,1,,84.05,64.54837799072266,33.9571418762207
reaction:2415,AmPhos,0,,83.02,62.295448303222656,34.15925979614258
reaction:2416,P(Cy)3,1,,51.05,53.17692184448242,34.01806640625
reaction:2417,P(o-Tol)3,3,,57.14,45.45359802246094,34.16315460205078
reaction:2418,CataCXium A,0,,87.79,63.786834716796875,34.11791229248047
reaction:2419,SPhos,3,,58.9,55.093990325927734,34.22191619873047
reaction:2421,XPhos,3,,46.82,50.35598373413086,34.21096420288086
reaction:2425,P(tBu)3,3,,62.75,56.205684661865234,34.14037322998047
reaction:2426,P(Ph)3,3,,67.34,61.565940856933594,34.16240310668945
reaction:2427,AmPhos,2,,72.45,60.58892059326172,34.19854736328125
reaction:2428,P(Cy)3,2,,35.86,51.70934295654297,34.11882400512695
reaction:2429,P(o-Tol)3,2,,50.31,47.61507797241211,34.16943359375
reaction:2430,CataCXium A,4,,77.02,64.25257110595703,34.0265998840332
reaction:2431,SPhos,3,,44.12,51.896480560302734,34.22174072265625
reaction:2433,XPhos,4,,35.27,48.200462341308594,33.9321174621582
reaction:2437,P(tBu)3,1,,63.86,60.519954681396484,33.88962936401367
reaction:2438,P(Ph)3,0,,57.83,63.70659637451172,34.120601654052734
reaction:2439,AmPhos,2,,69.6,60.31595230102539,34.23703384399414
reaction:2440,P(Cy)3,1,,30.49,48.49213409423828,34.039100646972656
reaction:2441,P(o-Tol)3,2,,35.36,46.8218994140625,34.21156311035156
reaction:2442,CataCXium A,4,,76.6,63.26750564575195,34.031524658203125
reaction:2443,SPhos,1,,43.0,50.540382385253906,33.99948501586914
reaction:2445,XPhos,3,,41.3,48.36752700805664,34.21601104736328
reaction:2449,P(tBu)3,4,,84.63,55.396400451660156,34.02317428588867
reaction:2450,P(Ph)3,2,,66.77,63.252140045166016,34.15491485595703
reaction:2451,AmPhos,3,,82.33,62.05901336669922,34.203853607177734
reaction:2452,P(Cy)3,2,,51.68,54.07438659667969,34.123870849609375
reaction:2453,P(o-Tol)3,3,,47.09,46.35000228881836,34.16033935546875
reaction:2454,CataCXium A,4,,87.49,65.19512939453125,34.06230163574219
reaction:2455,SPhos,2,,65.49,58.804603576660156,34.10832977294922
reaction:2457,XPhos,0,,58.58,50.8338623046875,34.143062591552734
reaction:2461,P(tBu)3,4,,95.96,61.656124114990234,34.018497467041016
reaction:2462,P(Ph)3,3,,84.07,62.2414436340332,34.1682243347168
reaction:2463,AmPhos,1,,89.16,63.219512939453125,33.96693420410156
reaction:2464,P(Cy)3,3,,69.93,53.07646179199219,34.20936965942383
reaction:2465,P(o-Tol)3,2,,48.16,51.028472900390625,34.132957458496094
reaction:2466,CataCXium A,0,,96.19,65.44309997558594,34.13042068481445
reaction:2467,SPhos,1,,84.96,56.531558990478516,33.97977066040039
reaction:2469,XPhos,2,,62.77,48.38204574584961,34.23069763183594
reaction:2473,P(tBu)3,3,,96.75,69.54226684570312,34.17891311645508
reaction:2474,P(Ph)3,4,,89.53,61.22641372680664,34.02018737792969
reaction:2475,AmPhos,2,,83.51,63.835880279541016,34.20561218261719
reaction:2476,P(Cy)3,0,,73.54,49.02043151855469,34.119075775146484
reaction:2477,P(o-Tol)3,4,,50.25,44.6558837890625,33.95515823364258
reaction:2478,CataCXium A,4,,94.07,66.29006958007812,34.03535842895508
reaction:2479,SPhos,3,,87.02,55.601409912109375,34.242610931396484
reaction:2481,XPhos,2,,78.0,44.20482635498047,34.19720458984375
reaction:2485,P(tBu)3,4,,95.63,60.68449401855469,34.02857971191406
reaction:2486,P(Ph)3,4,,90.28,59.29861068725586,33.99045181274414
reaction:2487,AmPhos,2,,89.01,62.01263427734375,34.242950439453125
reaction:2488,P(Cy)3,3,,68.94,48.90471649169922,34.14738845825195
reaction:2489,P(o-Tol)3,3,,58.19,44.659183502197266,34.16140365600586
reaction:2490,CataCXium A,1,,93.15,67.62061309814453,34.008056640625
reaction:2491,SPhos,0,,74.94,50.97926712036133,34.20259475708008
reaction:2493,XPhos,2,,62.86,44.40027618408203,34.1949348449707
reaction:2497,P(tBu)3,2,,76.5,50.947452545166016,34.255558013916016
reaction:2498,P(Ph)3,4,,73.78,58.30756759643555,33.983154296875
reaction:2499,AmPhos,2,,79.7,56.798152923583984,34.22310256958008
reaction:2500,P(Cy)3,2,,64.78,49.676795959472656,34.1411018371582
reaction:2501,P(o-Tol)3,0,,24.56,37.720951080322266,34.19001007080078
reaction:2502,CataCXium A,4,,65.95,59.71562194824219,33.994686126708984
reaction:2503,SPhos,2,,66.0,47.257057189941406,34.08709716796875
reaction:2505,XPhos,2,,34.74,39.219078063964844,34.1444091796875
reaction:2509,P(tBu)3,3,,46.47,49.660980224609375,34.11140060424805
reaction:2510,P(Ph)3,1,,69.04,57.50986099243164,34.001068115234375
reaction:2511,AmPhos,2,,48.07,51.33647155761719,34.19842529296875
reaction:2512,P(Cy)3,1,,51.21,45.693546295166016,34.04996109008789
reaction:2513,P(o-Tol)3,1,,14.81,34.163658142089844,33.91830825805664
reaction:2514,CataCXium A,0,,49.06,51.05006790161133,34.2343864440918
reaction:2515,SPhos,1,,26.04,43.773685455322266,33.97689437866211
reaction:2517,XPhos,0,,22.13,35.9010124206543,34.15102005004883
reaction:2521,P(tBu)3,1,,36.03,44.31779479980469,33.91699981689453
reaction:2522,P(Ph)3,1,,73.12,54.0421142578125,33.97487258911133
reaction:2523,AmPhos,4,,46.27,53.73512268066406,33.95817947387695
reaction:2524,P(Cy)3,0,,36.75,49.89079666137695,34.18349075317383
reaction:2525,P(o-Tol)3,2,,24.77,37.88629150390625,34.21160125732422
reaction:2526,CataCXium A,0,,71.45,53.40677261352539,34.156585693359375
reaction:2527,SPhos,1,,46.34,44.96002960205078,33.974853515625
reaction:2529,XPhos,4,,21.87,37.802791595458984,33.99079513549805
reaction:2533,P(tBu)3,2,,48.73,47.448123931884766,34.24846267700195
reaction:2534,P(Ph)3,0,,61.38,55.48998260498047,34.180606842041016
reaction:2535,AmPhos,2,,54.47,53.37384033203125,34.25246047973633
reaction:2536,P(Cy)3,0,,20.64,45.601627349853516,34.176841735839844
reaction:2537,P(o-Tol)3,2,,11.81,38.63029098510742,34.243927001953125
reaction:2538,CataCXium A,1,,54.23,55.464630126953125,33.98493957519531
reaction:2539,SPhos,4,,29.16,44.420379638671875,34.027809143066406
reaction:2541,XPhos,0,,15.46,35.42097473144531,34.1417350769043
reaction:2545,P(tBu)3,2,,48.06,51.3533821105957,34.21913146972656
reaction:2546,P(Ph)3,1,,64.78,55.16472244262695,33.98878479003906
reaction:2547,AmPhos,3,,66.62,52.558597564697266,34.139835357666016
reaction:2548,P(Cy)3,0,,67.83,48.97759246826172,34.20054626464844
reaction:2549,P(o-Tol)3,4,,30.73,34.43475341796875,33.91358184814453
reaction:2550,CataCXium A,3,,64.75,61.37810134887695,34.14598846435547
reaction:2551,SPhos,3,,63.96,46.84230422973633,34.13721466064453
reaction:2553,XPhos,1,,43.51,36.82521438598633,33.97273254394531
reaction:2557,P(tBu)3,2,,78.71,52.033721923828125,34.2459602355957
reaction:2558,P(Ph)3,2,,75.39,58.272193908691406,34.17768859863281
reaction:2559,AmPhos,4,,69.89,55.95942306518555,33.98436737060547
reaction:2560,P(Cy)3,2,,64.27,52.814205169677734,34.131954193115234
reaction:2561,P(o-Tol)3,0,,26.26,36.4132080078125,34.15596008300781
reaction:2562,CataCXium A,0,,82.62,54.68320083618164,34.229251861572266
reaction:2563,SPhos,0,,33.94,49.07232666015625,34.22660827636719
reaction:2565,XPhos,2,,15.32,37.38773727416992,34.1651611328125
reaction:2569,P(tBu)3,4,,80.76,55.59709167480469,33.94598388671875
reaction:2570,P(Ph)3,0,,64.9,57.70262908935547,34.15804672241211
reaction:2571,AmPhos,1,,75.18,54.69718551635742,34.00902557373047
reaction:2572,P(Cy)3,1,,49.02,45.233184814453125,34.041786193847656
reaction:2573,P(o-Tol)3,2,,6.62,37.60553741455078,34.209110260009766
reaction:2574,CataCXium A,0,,72.32,55.198116302490234,34.14861297607422
reaction:2575,SPhos,4,,42.8,46.83238220214844,34.025840759277344
reaction:2577,XPhos,4,,12.06,39.241485595703125,33.97587203979492
reaction:2581,P(tBu)3,0,,80.94,54.41438674926758,34.044681549072266
reaction:2582,P(Ph)3,2,,45.54,56.29676055908203,34.15235137939453
reaction:2583,AmPhos,1,,57.76,53.250545501708984,34.00457763671875
reaction:2584,P(Cy)3,1,,45.11,43.65840148925781,34.0340690612793
reaction:2585,P(o-Tol)3,2,,12.44,38.117584228515625,34.197513580322266
reaction:2586,CataCXium A,4,,64.8,56.959320068359375,33.99746322631836
reaction:2587,SPhos,4,,23.47,42.717994689941406,34.013423919677734
reaction:2589,XPhos,3,,17.57,36.47593688964844,34.239017486572266
reaction:2593,P(tBu)3,2,,59.59,44.90168380737305,34.223289489746094
reaction:2594,P(Ph)3,0,,79.1,63.39005661010742,34.163909912109375
reaction:2595,AmPhos,1,,68.54,57.93076705932617,33.97972869873047
reaction:2596,P(Cy)3,4,,61.92,55.40608215332031,33.963096618652344
reaction:2597,P(o-Tol)3,1,,64.08,54.42097854614258,33.97665023803711
reaction:2598,CataCXium A,4,,64.25,59.29576110839844,34.03908920288086
reaction:2599,SPhos,2,,54.09,51.60926818847656,34.12369918823242
reaction:2601,XPhos,1,,52.82,50.61371994018555,33.99177169799805
reaction:2605,P(tBu)3,1,,31.58,50.510398864746094,33.96305847167969
reaction:2606,P(Ph)3,4,,68.46,60.42946243286133,33.99506759643555
reaction:2607,AmPhos,3,,56.14,56.77460479736328,34.24750518798828
reaction:2608,P(Cy)3,4,,47.07,53.50275421142578,33.970489501953125
reaction:2609,P(o-Tol)3,2,,64.57,55.59958267211914,34.15628433227539
reaction:2610,CataCXium A,0,,58.33,55.0070915222168,34.07278060913086
reaction:2611,SPhos,4,,35.81,51.04451370239258,33.99589157104492
reaction:2613,XPhos,0,,29.62,46.862762451171875,34.15545654296875
reaction:2617,P(tBu)3,4,,43.27,41.674190521240234,33.96800994873047
reaction:2618,P(Ph)3,3,,46.68,58.801597595214844,34.16131591796875
reaction:2619,AmPhos,3,,51.25,57.587974548339844,34.22227478027344
reaction:2620,P(Cy)3,0,,24.51,51.930641174316406,34.12543869018555
reaction:2621,P(o-Tol)3,0,,48.51,57.52714538574219,34.13363265991211
reaction:2622,CataCXium A,4,,42.43,55.91947555541992,34.03961944580078
reaction:2623,SPhos,4,,17.87,47.86417770385742,33.971656799316406
reaction:2625,XPhos,1,,16.19,40.8641357421875,34.00283432006836
reaction:2629,P(tBu)3,2,,42.55,43.24325942993164,34.22856903076172
reaction:2630,P(Ph)3,4,,66.78,59.75117111206055,34.001277923583984
reaction:2631,AmPhos,2,,63.17,55.552978515625,34.20249938964844
reaction:2632,P(Cy)3,1,,57.3,46.60165023803711,34.049320220947266
reaction:2633,P(o-Tol)3,0,,60.9,53.470458984375,34.14002227783203
reaction:2634,CataCXium A,4,,65.29,55.459449768066406,34.03603744506836
reaction:2635,SPhos,1,,50.12,45.304908752441406,34.0021858215332
reaction:2637,XPhos,4,,43.98,46.226036071777344,33.9022102355957
reaction:2641,P(tBu)3,0,,39.63,46.706634521484375,34.1038703918457
reaction:2642,P(Ph)3,1,,71.17,58.25658416748047,33.97241973876953
reaction:2643,AmPhos,3,,62.59,55.351497650146484,34.25263977050781
reaction:2644,P(Cy)3,1,,59.71,52.03662872314453,34.035396575927734
reaction:2645,P(o-Tol)3,2,,67.68,53.83335876464844,34.16744613647461
reaction:2646,CataCXium A,4,,69.05,56.857276916503906,34.05799102783203
reaction:2647,SPhos,3,,60.62,51.500213623046875,34.17424392700195
reaction:2649,XPhos,3,,53.64,49.78190231323242,34.20580291748047
reaction:2653,P(tBu)3,1,,44.8,54.370609283447266,33.921653747558594
reaction:2654,P(Ph)3,3,,77.92,62.535499572753906,34.157928466796875
reaction:2655,AmPhos,0,,63.77,54.78746032714844,34.13956832885742
reaction:2656,P(Cy)3,3,,69.81,49.766815185546875,34.09957504272461
reaction:2657,P(o-Tol)3,4,,71.59,55.5916633605957,33.945613861083984
reaction:2658,CataCXium A,1,,58.86,61.28274154663086,34.00725555419922
reaction:2659,SPhos,0,,51.57,53.213783264160156,34.15483474731445
reaction:2661,XPhos,3,,58.45,49.32992172241211,34.221981048583984
reaction:2665,P(tBu)3,3,,29.1,53.70802688598633,34.13622283935547
reaction:2666,P(Ph)3,3,,53.9,62.37285614013672,34.15471267700195
reaction:2667,AmPhos,3,,52.82,57.8144645690918,34.23332977294922
reaction:2668,P(Cy)3,4,,23.64,51.333309173583984,33.933624267578125
reaction:2669,P(o-Tol)3,2,,56.7,55.05998611450195,34.18100357055664
reaction:2670,CataCXium A,1,,58.18,60.23265838623047,34.024845123291016
reaction:2671,SPhos,4,,24.98,50.55249786376953,34.022056579589844
reaction:2673,XPhos,4,,17.11,45.44704818725586,33.94563674926758
reaction:2677,P(tBu)3,3,,23.95,54.61418914794922,34.14397430419922
reaction:2678,P(Ph)3,0,,34.17,57.54253005981445,34.166011810302734
reaction:2679,AmPhos,2,,42.55,56.56330871582031,34.19426345825195
reaction:2680,P(Cy)3,0,,22.01,48.648277282714844,34.09540939331055
reaction:2681,P(o-Tol)3,1,,45.8,52.04111099243164,33.98056411743164
reaction:2682,CataCXium A,2,,44.01,58.01361846923828,34.09505844116211
reaction:2683,SPhos,0,,21.48,40.56733322143555,34.15345001220703
reaction:2685,XPhos,3,,17.77,42.83023452758789,34.241275787353516
reaction:2689,P(tBu)3,3,,1.2,27.57025909423828,34.20787811279297
reaction:2690,P(Ph)3,2,,18.94,28.239408493041992,34.14686965942383
reaction:2691,AmPhos,3,,4.02,23.95706558227539,34.02073287963867
reaction:2692,P(Cy)3,4,,16.47,28.66841697692871,33.93074035644531
reaction:2693,P(o-Tol)3,4,,2.62,24.215991973876953,33.959503173828125
reaction:2694,CataCXium A,1,,15.97,32.280086517333984,34.03539276123047
reaction:2695,SPhos,4,,41.9,59.980934143066406,34.01190185546875
reaction:2697,XPhos,4,,56.66,62.641517639160156,33.9493293762207
reaction:2701,P(tBu)3,4,,10.73,27.6644287109375,33.99628829956055
reaction:2702,P(Ph)3,1,,14.74,28.222999572753906,34.019020080566406
reaction:2703,AmPhos,0,,11.22,27.72406768798828,34.217735290527344
reaction:2704,P(Cy)3,0,,12.8,30.939388275146484,34.17591094970703
reaction:2705,P(o-Tol)3,4,,6.61,26.331417083740234,34.00075912475586
reaction:2706,CataCXium A,4,,12.93,33.488887786865234,33.99338150024414
reaction:2707,SPhos,3,,76.92,51.95071792602539,34.16969299316406
reaction:2709,XPhos,2,,76.61,54.95492935180664,34.09052658081055
reaction:2713,P(tBu)3,1,,9.98,25.33918571472168,33.98082733154297
reaction:2714,P(Ph)3,4,,13.89,28.58683204650879,33.97993087768555
reaction:2715,AmPhos,0,,7.66,30.77451515197754,34.27225875854492
reaction:2716,P(Cy)3,1,,13.92,28.735807418823242,33.99089431762695
reaction:2717,P(o-Tol)3,0,,7.8,22.323951721191406,34.089134216308594
reaction:2718,CataCXium A,4,,15.16,32.75373840332031,34.01188278198242
reaction:2719,SPhos,0,,72.09,52.48934555053711,34.08705520629883
reaction:2721,XPhos,2,,77.78,54.585296630859375,34.118019104003906
reaction:2725,P(tBu)3,0,,8.73,25.448768615722656,34.17567443847656
reaction:2726,P(Ph)3,4,,14.02,27.595062255859375,33.97600555419922
reaction:2727,AmPhos,0,,9.68,26.691091537475586,34.186283111572266
reaction:2728,P(Cy)3,0,,12.55,29.846412658691406,34.158721923828125
reaction:2729,P(o-Tol)3,3,,5.79,23.697288513183594,34.19326400756836
reaction:2730,CataCXium A,3,,15.47,28.794904708862305,34.13517761230469
reaction:2731,SPhos,3,,69.42,50.66562271118164,34.20713806152344
reaction:2733,XPhos,1,,68.05,52.97812271118164,34.08834457397461
reaction:2737,P(tBu)3,4,,10.48,26.993043899536133,33.9995002746582
reaction:2738,P(Ph)3,1,,13.89,30.812976837158203,34.06229782104492
reaction:2739,AmPhos,1,,8.09,27.179161071777344,34.03529739379883
reaction:2740,P(Cy)3,3,,12.11,29.532997131347656,34.150856018066406
reaction:2741,P(o-Tol)3,3,,6.6,24.42498016357422,34.201446533203125
reaction:2742,CataCXium A,0,,12.64,30.425952911376953,34.1700325012207
reaction:2743,SPhos,3,,74.54,53.68505859375,34.16304397583008
reaction:2745,XPhos,3,,81.17,60.51648712158203,34.144248962402344
reaction:2749,P(tBu)3,0,,12.39,29.041399002075195,34.19639205932617
reaction:2750,P(Ph)3,1,,14.63,32.02510070800781,34.07950210571289
reaction:2751,AmPhos,1,,8.7,26.651443481445312,34.030296325683594
reaction:2752,P(Cy)3,3,,12.0,26.391918182373047,34.12873077392578
reaction:2753,P(o-Tol)3,1,,7.08,21.414108276367188,33.95991516113281
reaction:2754,CataCXium A,0,,14.51,28.16591453552246,34.1373291015625
reaction:2755,SPhos,1,,75.5,57.248592376708984,33.970558166503906
reaction:2757,XPhos,1,,76.56,57.13277816772461,34.10961151123047
reaction:2761,P(tBu)3,1,,9.28,29.014724731445312,33.990081787109375
reaction:2762,P(Ph)3,0,,14.61,27.90812873840332,34.09394836425781
reaction:2763,AmPhos,0,,10.13,29.019533157348633,34.2537956237793
reaction:2764,P(Cy)3,1,,11.6,26.158798217773438,33.997493743896484
reaction:2765,P(o-Tol)3,3,,5.93,25.240617752075195,34.21775817871094
reaction:2766,CataCXium A,4,,14.44,32.145381927490234,33.97502517700195
reaction:2767,SPhos,2,,72.12,52.87450408935547,34.21155548095703
reaction:2769,XPhos,1,,67.73,54.49352264404297,34.12049102783203
reaction:2773,P(tBu)3,4,,12.16,27.490089416503906,34.02280044555664
reaction:2774,P(Ph)3,3,,14.3,27.092275619506836,34.155399322509766
reaction:2775,AmPhos,1,,8.88,26.462608337402344,34.03783416748047
reaction:2776,P(Cy)3,0,,12.44,28.72715187072754,34.115230560302734
reaction:2777,P(o-Tol)3,3,,7.41,26.466053009033203,34.23288345336914
reaction:2778,CataCXium A,1,,18.06,31.113670349121094,34.031578063964844
reaction:2779,SPhos,2,,64.66,50.6339111328125,34.156532287597656
reaction:2781,XPhos,1,,66.37,51.020545959472656,34.084171295166016
reaction:2785,P(tBu)3,1,,22.09,39.19293975830078,33.98948287963867
reaction:2786,P(Ph)3,0,,16.79,31.317550659179688,34.1724853515625
reaction:2787,AmPhos,4,,16.94,30.279335021972656,33.997215270996094
reaction:2788,P(Cy)3,4,,31.86,40.975852966308594,33.95419692993164
reaction:2789,P(o-Tol)3,1,,10.92,25.795957565307617,34.026451110839844
reaction:2790,CataCXium A,0,,49.91,43.41399002075195,34.15538024902344
reaction:2791,SPhos,2,,78.41,56.220680236816406,34.16672897338867
reaction:2793,XPhos,1,,92.16,61.940792083740234,34.07213592529297
reaction:2797,P(tBu)3,3,,51.13,38.57196044921875,34.24393081665039
reaction:2798,P(Ph)3,0,,15.63,30.370033264160156,34.1417236328125
reaction:2799,AmPhos,3,,30.89,31.167470932006836,34.119380950927734
reaction:2800,P(Cy)3,0,,48.75,41.53458786010742,34.17424774169922
reaction:2801,P(o-Tol)3,0,,7.82,24.725322723388672,34.16794204711914
reaction:2802,CataCXium A,0,,67.8,41.328819274902344,34.16082763671875
reaction:2803,SPhos,4,,50.66,54.26592254638672,34.042327880859375
reaction:2805,XPhos,4,,56.5,61.599708557128906,33.92563247680664
reaction:2809,P(tBu)3,4,,21.19,38.60466003417969,34.00025177001953
reaction:2810,P(Ph)3,3,,15.55,30.245037078857422,34.232852935791016
reaction:2811,AmPhos,0,,25.81,35.925559997558594,34.2157096862793
reaction:2812,P(Cy)3,3,,43.78,39.61798858642578,34.1480712890625
reaction:2813,P(o-Tol)3,1,,5.56,24.256818771362305,34.011600494384766
reaction:2814,CataCXium A,2,,48.33,41.50684356689453,34.166141510009766
reaction:2815,SPhos,3,,46.59,52.87300109863281,34.12934494018555
reaction:2817,XPhos,3,,57.55,55.81890106201172,34.15424728393555
reaction:2821,P(tBu)3,1,,30.6,40.40947341918945,34.038307189941406
reaction:2822,P(Ph)3,3,,16.41,31.585594177246094,34.24789047241211
reaction:2823,AmPhos,2,,23.82,30.233049392700195,34.144832611083984
reaction:2824,P(Cy)3,1,,37.16,37.65148162841797,34.007286071777344
reaction:2825,P(o-Tol)3,0,,6.45,23.2257137298584,34.18572998046875
reaction:2826,CataCXium A,2,,46.65,40.184478759765625,34.188228607177734
reaction:2827,SPhos,4,,53.72,52.86075973510742,34.05467224121094
reaction:2829,XPhos,3,,68.31,57.290157318115234,34.16990661621094
reaction:2833,P(tBu)3,2,,44.63,39.61455154418945,34.16804504394531
reaction:2834,P(Ph)3,3,,17.78,32.61922073364258,34.25541687011719
reaction:2835,AmPhos,0,,25.22,33.05238342285156,34.18747329711914
reaction:2836,P(Cy)3,1,,46.21,36.64874267578125,34.005462646484375
reaction:2837,P(o-Tol)3,2,,7.62,22.23490333557129,34.0774040222168
reaction:2838,CataCXium A,0,,33.61,43.7402229309082,34.171356201171875
reaction:2839,SPhos,4,,70.67,50.85381317138672,34.06731033325195
reaction:2841,XPhos,2,,79.94,59.66423797607422,34.11492156982422
reaction:2845,P(tBu)3,3,,52.95,39.25035858154297,34.26049041748047
reaction:2846,P(Ph)3,3,,18.29,30.702043533325195,34.24546813964844
reaction:2847,AmPhos,1,,15.12,32.98863220214844,33.991912841796875
reaction:2848,P(Cy)3,0,,18.51,39.780277252197266,34.102867126464844
reaction:2849,P(o-Tol)3,3,,9.07,22.25143051147461,34.128700256347656
reaction:2850,CataCXium A,4,,30.62,45.33607864379883,33.97104263305664
reaction:2851,SPhos,4,,77.13,52.393150329589844,34.05021667480469
reaction:2853,XPhos,1,,92.53,57.43343734741211,34.084842681884766
reaction:2857,P(tBu)3,0,,58.57,38.31220245361328,34.10856628417969
reaction:2858,P(Ph)3,0,,18.11,30.758018493652344,34.163291931152344
reaction:2859,AmPhos,0,,11.47,36.19866180419922,34.223663330078125
reaction:2860,P(Cy)3,2,,15.75,42.55120086669922,34.08414840698242
reaction:2861,P(o-Tol)3,1,,7.3,24.7086238861084,34.01568603515625
reaction:2862,CataCXium A,1,,33.7,46.036903381347656,34.00962829589844
reaction:2863,SPhos,2,,76.22,51.4217414855957,34.239315032958984
reaction:2865,XPhos,1,,91.76,56.466712951660156,34.09587860107422
reaction:2869,P(tBu)3,4,,51.1,40.784385681152344,33.995967864990234
reaction:2870,P(Ph)3,2,,17.49,31.485593795776367,34.15324783325195
reaction:2871,AmPhos,1,,31.05,34.82893753051758,34.022178649902344
reaction:2872,P(Cy)3,4,,51.23,39.681907653808594,33.90204620361328
reaction:2873,P(o-Tol)3,0,,6.84,24.814624786376953,34.18736267089844
reaction:2874,CataCXium A,2,,77.06,44.91685485839844,34.212554931640625
reaction:2875,SPhos,3,,69.3,53.280033111572266,34.14464569091797
reaction:2877,XPhos,3,,84.83,58.037193298339844,34.186363220214844
reaction:2881,P(tBu)3,0,,25.34,26.605484008789062,34.171897888183594
reaction:2882,P(Ph)3,1,,13.32,30.119956970214844,33.98556137084961
reaction:2883,AmPhos,0,,11.93,24.70316505432129,34.19154357910156
reaction:2884,P(Cy)3,0,,13.92,30.988542556762695,34.13124084472656
reaction:2885,P(o-Tol)3,4,,7.68,22.77271842956543,33.897605895996094
reaction:2886,CataCXium A,1,,12.29,33.540740966796875,34.04026412963867
reaction:2887,SPhos,4,,72.38,44.5206298828125,33.97891616821289
reaction:2889,XPhos,4,,86.53,44.555118560791016,33.86799621582031
reaction:2893,P(tBu)3,3,,11.13,23.934362411499023,34.20954132080078
reaction:2894,P(Ph)3,4,,17.02,28.776601791381836,33.98611831665039
reaction:2895,AmPhos,4,,8.53,26.620309829711914,34.00485610961914
reaction:2896,P(Cy)3,3,,32.5,32.10356903076172,34.18632125854492
reaction:2897,P(o-Tol)3,3,,6.25,22.508214950561523,34.20555114746094
reaction:2898,CataCXium A,0,,21.79,29.641321182250977,34.084815979003906
reaction:2899,SPhos,2,,46.5,41.372703552246094,34.195377349853516
reaction:2901,XPhos,3,,52.93,43.23932647705078,34.14778137207031
reaction:2905,P(tBu)3,1,,4.3,22.99171257019043,33.956764221191406
reaction:2906,P(Ph)3,0,,16.32,28.776304244995117,34.117549896240234
reaction:2907,AmPhos,0,,9.25,29.95441246032715,34.239845275878906
reaction:2908,P(Cy)3,3,,31.18,32.01500701904297,34.13303756713867
reaction:2909,P(o-Tol)3,1,,5.96,23.37147331237793,33.98188781738281
reaction:2910,CataCXium A,3,,21.02,31.454315185546875,34.12627029418945
reaction:2911,SPhos,2,,56.86,41.25008773803711,34.17219161987305
reaction:2913,XPhos,0,,47.98,42.253395080566406,34.09619140625
reaction:2917,P(tBu)3,3,,12.78,25.294471740722656,34.214317321777344
reaction:2918,P(Ph)3,2,,15.29,27.29109001159668,34.13461685180664
reaction:2919,AmPhos,1,,9.32,24.922435760498047,33.9958381652832
reaction:2920,P(Cy)3,0,,26.25,31.91558837890625,34.181156158447266
reaction:2921,P(o-Tol)3,1,,7.24,22.01703643798828,33.956695556640625
reaction:2922,CataCXium A,4,,20.58,31.494977951049805,33.93717575073242
reaction:2923,SPhos,0,,40.43,43.97209167480469,34.137451171875
reaction:2925,XPhos,2,,40.46,41.22190475463867,34.07318878173828
reaction:2929,P(tBu)3,2,,0.0,27.080509185791016,34.165321350097656
reaction:2930,P(Ph)3,4,,16.19,27.34258460998535,33.96897888183594
reaction:2931,AmPhos,2,,10.77,26.925823211669922,34.178733825683594
reaction:2932,P(Cy)3,2,,14.09,32.971378326416016,34.07339096069336
reaction:2933,P(o-Tol)3,2,,7.58,21.961780548095703,34.09758377075195
reaction:2934,CataCXium A,2,,18.47,29.238569259643555,34.1405143737793
reaction:2935,SPhos,0,,13.53,47.27080154418945,34.11854934692383
reaction:2937,XPhos,3,,10.45,48.95448303222656,34.185855865478516
reaction:2941,P(tBu)3,0,,9.54,30.797611236572266,34.20045852661133
reaction:2942,P(Ph)3,1,,14.96,31.710739135742188,34.01862335205078
reaction:2943,AmPhos,0,,10.98,25.00515365600586,34.1911735534668
reaction:2944,P(Cy)3,1,,13.1,29.27596092224121,33.97361373901367
reaction:2945,P(o-Tol)3,0,,8.04,22.784215927124023,34.08967208862305
reaction:2946,CataCXium A,4,,17.26,30.82341957092285,33.9665412902832
reaction:2947,SPhos,3,,12.4,46.563941955566406,34.146671295166016
reaction:2949,XPhos,1,,11.13,45.770503997802734,34.04482650756836
reaction:2953,P(tBu)3,2,,5.84,29.344911575317383,34.13554000854492
reaction:2954,P(Ph)3,3,,15.7,28.20362091064453,34.20669937133789
reaction:2955,AmPhos,4,,9.8,24.602144241333008,33.99888610839844
reaction:2956,P(Cy)3,4,,13.13,30.206058502197266,33.94480895996094
reaction:2957,P(o-Tol)3,3,,8.19,25.224397659301758,34.23124313354492
reaction:2958,CataCXium A,3,,16.12,29.29139518737793,34.12550354003906
reaction:2959,SPhos,2,,10.75,39.085750579833984,34.23630905151367
reaction:2961,XPhos,1,,9.9,43.840965270996094,34.0775146484375
reaction:2965,P(tBu)3,0,,6.69,27.82138442993164,34.15991973876953
reaction:2966,P(Ph)3,3,,15.93,27.80409812927246,34.189544677734375
reaction:2967,AmPhos,2,,8.94,26.792652130126953,34.19589614868164
reaction:2968,P(Cy)3,3,,15.15,29.662620544433594,34.16120529174805
reaction:2969,P(o-Tol)3,3,,10.92,24.908891677856445,34.231754302978516
reaction:2970,CataCXium A,2,,19.53,29.514812469482422,34.1485710144043
reaction:2971,SPhos,1,,15.42,40.13773727416992,33.99042892456055
reaction:2973,XPhos,3,,8.47,41.27828598022461,34.19254684448242
reaction:2977,P(tBu)3,0,,20.19,30.99728775024414,34.22645568847656
reaction:2978,P(Ph)3,2,,12.85,31.24641990661621,34.21870422363281
reaction:2979,AmPhos,2,,8.82,27.22327423095703,34.137107849121094
reaction:2980,P(Cy)3,4,,21.07,34.919464111328125,33.971282958984375
reaction:2981,P(o-Tol)3,2,,7.45,28.601333618164062,34.17848205566406
reaction:2982,CataCXium A,0,,42.98,31.045095443725586,34.135032653808594
reaction:2983,SPhos,0,,63.06,48.4519157409668,34.0869140625
reaction:2985,XPhos,3,,58.97,49.865108489990234,34.172088623046875
reaction:2989,P(tBu)3,0,,21.2,31.48514175415039,34.190799713134766
reaction:2990,P(Ph)3,3,,11.91,30.300254821777344,34.17564392089844
reaction:2991,AmPhos,3,,12.2,28.118671417236328,34.136077880859375
reaction:2992,P(Cy)3,0,,30.49,36.059078216552734,34.15745162963867
reaction:2993,P(o-Tol)3,4,,7.67,26.32616424560547,33.937259674072266
reaction:2994,CataCXium A,3,,16.27,34.785640716552734,34.123497009277344
reaction:2995,SPhos,2,,35.94,44.46592330932617,34.19304275512695
reaction:2997,XPhos,1,,34.16,48.904666900634766,34.06889724731445
reaction:3001,P(tBu)3,2,,23.39,28.928913116455078,34.12145233154297
reaction:3002,P(Ph)3,2,,11.68,29.980567932128906,34.19590759277344
reaction:3003,AmPhos,0,,9.8,31.061471939086914,34.20735168457031
reaction:3004,P(Cy)3,0,,18.07,35.32093048095703,34.092262268066406
reaction:3005,P(o-Tol)3,0,,8.15,26.6744441986084,34.15515899658203
reaction:3006,CataCXium A,4,,21.77,36.48713684082031,33.96574783325195
reaction:3007,SPhos,1,,14.38,45.725189208984375,33.97242736816406
reaction:3009,XPhos,2,,16.18,42.63096237182617,34.152320861816406
reaction:3013,P(tBu)3,1,,15.69,31.89605140686035,33.97100067138672
reaction:3014,P(Ph)3,0,,12.04,27.778289794921875,34.142425537109375
reaction:3015,AmPhos,4,,10.09,27.875459671020508,34.03534698486328
reaction:3016,P(Cy)3,0,,19.35,34.40142059326172,34.146812438964844
reaction:3017,P(o-Tol)3,2,,5.87,27.313400268554688,34.17994689941406
reaction:3018,CataCXium A,4,,15.42,36.30144119262695,33.98996353149414
reaction:3019,SPhos,3,,60.45,45.35004806518555,34.17287826538086
reaction:3021,XPhos,1,,51.75,48.1174430847168,34.076541900634766
reaction:3025,P(tBu)3,3,,15.32,29.727020263671875,34.231849670410156
reaction:3026,P(Ph)3,3,,11.81,30.038368225097656,34.193519592285156
reaction:3027,AmPhos,3,,11.2,27.324010848999023,34.07596969604492
reaction:3028,P(Cy)3,3,,21.42,35.50681686401367,34.164466857910156
reaction:3029,P(o-Tol)3,0,,6.28,25.23615837097168,34.119991302490234
reaction:3030,CataCXium A,0,,13.29,33.948699951171875,34.17591857910156
reaction:3031,SPhos,4,,60.4,44.5513916015625,33.9930534362793
reaction:3033,XPhos,2,,60.85,44.78223419189453,34.15077590942383
reaction:3037,P(tBu)3,3,,17.43,31.04073715209961,34.24861526489258
reaction:3038,P(Ph)3,1,,9.21,30.642499923706055,33.95403289794922
reaction:3039,AmPhos,2,,12.79,26.582195281982422,34.167457580566406
reaction:3040,P(Cy)3,1,,23.45,30.79176902770996,33.97276306152344
reaction:3041,P(o-Tol)3,2,,8.07,28.224008560180664,34.1944465637207
reaction:3042,CataCXium A,4,,21.18,34.24485778808594,33.99663543701172
reaction:3043,SPhos,2,,60.02,44.757110595703125,34.18202209472656
reaction:3045,XPhos,2,,65.54,46.59376907348633,34.11326599121094
reaction:3049,P(tBu)3,1,,15.05,32.64055633544922,33.984859466552734
reaction:3050,P(Ph)3,2,,11.91,32.76166534423828,34.20131301879883
reaction:3051,AmPhos,0,,10.87,28.688045501708984,34.20357131958008
reaction:3052,P(Cy)3,4,,22.2,32.962158203125,33.968265533447266
reaction:3053,P(o-Tol)3,2,,6.7,26.801916122436523,34.18558883666992
reaction:3054,CataCXium A,1,,23.44,32.792503356933594,34.011287689208984
reaction:3055,SPhos,3,,18.87,42.73465347290039,34.17339324951172
reaction:3057,XPhos,1,,16.23,44.27325439453125,34.09792709350586
reaction:3061,P(tBu)3,2,,12.23,28.946474075317383,34.11976623535156
reaction:3062,P(Ph)3,2,,11.61,30.522096633911133,34.23667907714844
reaction:3063,AmPhos,4,,7.2,27.749614715576172,34.03480529785156
reaction:3064,P(Cy)3,2,,15.05,30.549606323242188,34.02478790283203
reaction:3065,P(o-Tol)3,3,,7.86,25.448200225830078,34.209468841552734
reaction:3066,CataCXium A,3,,19.76,37.45013427734375,34.14011001586914
reaction:3067,SPhos,4,,9.62,41.620277404785156,33.97182083129883
reaction:3069,XPhos,4,,10.31,43.737449645996094,33.92961502075195
reaction:3074,P(tBu)3,2,,7.97,36.29476547241211,34.14846420288086
reaction:3075,P(Ph)3,4,,12.28,40.66989517211914,33.96551513671875
reaction:3076,AmPhos,3,,7.25,40.5271110534668,34.15869903564453
reaction:3077,P(Cy)3,4,,5.75,38.31076431274414,34.01992416381836
reaction:3078,P(o-Tol)3,1,,9.46,31.45649528503418,33.952659606933594
reaction:3079,CataCXium A,2,,8.71,37.279354095458984,34.14793014526367
reaction:3080,SPhos,2,,9.46,34.74201965332031,34.21101760864258
reaction:3082,XPhos,4,,10.67,34.42433547973633,33.99342346191406
reaction:3086,P(tBu)3,1,,17.9,29.92641258239746,33.93357849121094
reaction:3087,P(Ph)3,2,,16.76,39.784000396728516,34.19781494140625
reaction:3088,AmPhos,0,,15.53,35.065364837646484,34.23555374145508
reaction:3089,P(Cy)3,4,,15.45,39.75551223754883,34.03879165649414
reaction:3090,P(o-Tol)3,1,,16.58,33.28279495239258,33.91559982299805
reaction:3091,CataCXium A,4,,17.09,39.76682662963867,33.956539154052734
reaction:3092,SPhos,3,,15.62,36.073516845703125,34.1412353515625
reaction:3094,XPhos,2,,16.83,40.4398193359375,34.19655227661133
reaction:3098,P(tBu)3,0,,13.59,33.01093673706055,34.167022705078125
reaction:3099,P(Ph)3,3,,13.24,41.49677658081055,34.093265533447266
reaction:3100,AmPhos,1,,12.03,34.49745559692383,34.01995086669922
reaction:3101,P(Cy)3,4,,12.97,40.31698989868164,34.06745147705078
reaction:3102,P(o-Tol)3,0,,12.55,32.47054672241211,34.11788558959961
reaction:3103,CataCXium A,0,,14.22,35.82308578491211,34.11418533325195
reaction:3104,SPhos,2,,8.83,39.2938232421875,34.191131591796875
reaction:3106,XPhos,3,,10.59,36.489990234375,34.1934700012207
reaction:3110,P(tBu)3,3,,9.7,34.67218017578125,34.200172424316406
reaction:3111,P(Ph)3,2,,16.66,41.2324333190918,34.16350555419922
reaction:3112,AmPhos,0,,13.76,35.238059997558594,34.216739654541016
reaction:3113,P(Cy)3,0,,9.29,35.533226013183594,34.056453704833984
reaction:3114,P(o-Tol)3,4,,10.11,36.707340240478516,34.0462532043457
reaction:3115,CataCXium A,1,,10.18,39.42497253417969,34.03412628173828
reaction:3116,SPhos,1,,9.43,37.12186813354492,34.026893615722656
reaction:3118,XPhos,2,,12.72,35.259647369384766,34.19038391113281
reaction:3122,P(tBu)3,3,,11.55,33.01813888549805,34.209716796875
reaction:3123,P(Ph)3,0,,15.61,43.2748908996582,34.07670593261719
reaction:3124,AmPhos,1,,13.45,38.60408401489258,34.05630874633789
reaction:3125,P(Cy)3,3,,11.63,34.630271911621094,34.175262451171875
reaction:3126,P(o-Tol)3,4,,11.83,35.1951789855957,34.08540344238281
reaction:3127,CataCXium A,2,,15.68,38.28753662109375,34.15469741821289
reaction:3128,SPhos,1,,10.54,34.580421447753906,34.00469970703125
reaction:3130,XPhos,1,,12.75,33.67457580566406,33.981056213378906
reaction:3134,P(tBu)3,3,,12.96,38.1837272644043,34.228885650634766
reaction:3135,P(Ph)3,1,,16.54,41.363155364990234,34.01951217651367
reaction:3136,AmPhos,3,,12.97,36.627227783203125,34.17198181152344
reaction:3137,P(Cy)3,4,,10.41,44.1787109375,34.036460876464844
reaction:3138,P(o-Tol)3,4,,13.93,35.48326873779297,34.057884216308594
reaction:3139,CataCXium A,4,,12.92,41.30445861816406,33.97923278808594
reaction:3140,SPhos,2,,9.89,36.23970031738281,34.175357818603516
reaction:3142,XPhos,4,,12.12,35.204402923583984,33.991798400878906
reaction:3146,P(tBu)3,2,,10.08,31.783241271972656,34.16556167602539
reaction:3147,P(Ph)3,4,,15.56,41.49866485595703,33.94822692871094
reaction:3148,AmPhos,3,,13.25,39.15913772583008,34.147979736328125
reaction:3149,P(Cy)3,4,,10.22,45.83137512207031,34.0294189453125
reaction:3150,P(o-Tol)3,4,,13.25,36.70177459716797,34.066986083984375
reaction:3151,CataCXium A,4,,14.27,39.914546966552734,33.948856353759766
reaction:3152,SPhos,4,,11.93,30.898990631103516,33.924320220947266
reaction:3154,XPhos,0,,12.19,35.52214050292969,34.06675720214844
reaction:3158,P(tBu)3,0,,11.12,32.39460754394531,34.20240783691406
reaction:3159,P(Ph)3,1,,15.95,39.31220245361328,34.02590560913086
reaction:3160,AmPhos,4,,13.51,32.795780181884766,33.96025848388672
reaction:3161,P(Cy)3,1,,11.89,33.545082092285156,33.94263458251953
reaction:3162,P(o-Tol)3,2,,13.55,31.335962295532227,34.03091049194336
reaction:3163,CataCXium A,1,,13.55,36.4188117980957,33.998756408691406
reaction:3164,SPhos,4,,12.05,32.960872650146484,33.96085739135742
reaction:3166,XPhos,2,,13.52,34.83709716796875,34.15625
reaction:3170,P(tBu)3,3,,14.0,33.870452880859375,34.2108039855957
reaction:3171,P(Ph)3,1,,47.59,49.504600524902344,34.04979705810547
reaction:3172,AmPhos,3,,23.86,33.44953918457031,34.12672424316406
reaction:3173,P(Cy)3,0,,60.56,47.50184631347656,34.116455078125
reaction:3174,P(o-Tol)3,2,,20.06,32.28694152832031,34.179649353027344
reaction:3175,CataCXium A,0,,21.28,34.69292449951172,34.140403747558594
reaction:3176,SPhos,2,,24.09,39.604679107666016,34.15032196044922
reaction:3178,XPhos,2,,30.5,40.81436538696289,34.1611213684082
reaction:3182,P(tBu)3,2,,21.09,31.413171768188477,34.12080001831055
reaction:3183,P(Ph)3,4,,70.55,52.117042541503906,33.96339797973633
reaction:3184,AmPhos,2,,20.06,31.562332153320312,34.141868591308594
reaction:3185,P(Cy)3,2,,40.01,50.190895080566406,34.15447235107422
reaction:3186,P(o-Tol)3,2,,20.03,34.992027282714844,34.19784164428711
reaction:3187,CataCXium A,3,,23.24,35.11956787109375,34.1080207824707
reaction:3188,SPhos,4,,22.4,39.59691619873047,33.91291046142578
reaction:3190,XPhos,0,,30.09,40.82917404174805,34.14629364013672
reaction:3194,P(tBu)3,3,,14.49,32.01388168334961,34.21326446533203
reaction:3195,P(Ph)3,1,,71.09,50.208168029785156,34.05896759033203
reaction:3196,AmPhos,4,,12.55,28.39043617248535,33.94705581665039
reaction:3197,P(Cy)3,4,,41.57,49.90167236328125,33.90007781982422
reaction:3198,P(o-Tol)3,3,,17.54,29.473623275756836,34.12348937988281
reaction:3199,CataCXium A,1,,17.46,32.90787887573242,34.02180099487305
reaction:3200,SPhos,4,,16.6,36.48975372314453,33.93194580078125
reaction:3202,XPhos,3,,18.41,43.66066360473633,34.128841400146484
reaction:3206,P(tBu)3,4,,13.03,32.414093017578125,33.98148727416992
reaction:3207,P(Ph)3,4,,60.47,49.66823959350586,33.98344802856445
reaction:3208,AmPhos,1,,12.2,30.32959747314453,34.00605010986328
reaction:3209,P(Cy)3,3,,23.17,49.96767044067383,34.14189529418945
reaction:3210,P(o-Tol)3,2,,14.55,32.03977966308594,34.193538665771484
reaction:3211,CataCXium A,1,,13.75,34.92665100097656,34.04133605957031
reaction:3212,SPhos,0,,13.96,39.30046081542969,34.155921936035156
reaction:3214,XPhos,3,,15.29,43.266483306884766,34.146575927734375
reaction:3218,P(tBu)3,0,,16.45,31.87179183959961,34.160919189453125
reaction:3219,P(Ph)3,1,,53.54,50.789241790771484,34.07371520996094
reaction:3220,AmPhos,1,,15.59,32.14258575439453,34.02495574951172
reaction:3221,P(Cy)3,3,,44.32,55.58530044555664,34.16107177734375
reaction:3222,P(o-Tol)3,4,,15.21,30.535207748413086,33.945518493652344
reaction:3223,CataCXium A,1,,24.96,34.490623474121094,33.98585510253906
reaction:3224,SPhos,2,,15.41,36.845420837402344,34.146297454833984
reaction:3226,XPhos,4,,19.47,38.635066986083984,33.95767593383789
reaction:3230,P(tBu)3,3,,16.0,37.43227767944336,34.25199508666992
reaction:3231,P(Ph)3,2,,44.25,55.26741027832031,34.16968536376953
reaction:3232,AmPhos,4,,19.09,30.34404182434082,33.98112869262695
reaction:3233,P(Cy)3,0,,61.14,47.41621398925781,34.176170349121094
reaction:3234,P(o-Tol)3,0,,16.17,31.450510025024414,34.112091064453125
reaction:3235,CataCXium A,2,,23.74,33.76222229003906,34.13075637817383
reaction:3236,SPhos,1,,23.28,35.39446258544922,33.96998596191406
reaction:3238,XPhos,2,,21.02,41.25334930419922,34.12749481201172
reaction:3242,P(tBu)3,4,,17.39,28.141504287719727,33.94943618774414
reaction:3243,P(Ph)3,0,,43.13,52.15407943725586,34.077919006347656
reaction:3244,AmPhos,0,,19.07,28.469314575195312,34.2087287902832
reaction:3245,P(Cy)3,1,,84.64,48.54466247558594,33.96171569824219
reaction:3246,P(o-Tol)3,2,,18.36,29.312721252441406,34.20728302001953
reaction:3247,CataCXium A,0,,29.12,35.51387405395508,34.14626693725586
reaction:3248,SPhos,0,,18.27,32.86860656738281,34.1292610168457
reaction:3250,XPhos,4,,35.39,38.19156265258789,33.93050765991211
reaction:3254,P(tBu)3,1,,20.98,27.01783561706543,33.91437530517578
reaction:3255,P(Ph)3,3,,42.26,51.9494514465332,34.12465286254883
reaction:3256,AmPhos,0,,18.06,29.149866104125977,34.21855926513672
reaction:3257,P(Cy)3,2,,71.96,48.37764358520508,34.15681838989258
reaction:3258,P(o-Tol)3,3,,16.85,28.533384323120117,34.11398696899414
reaction:3259,CataCXium A,4,,30.48,33.31101608276367,33.919044494628906
reaction:3260,SPhos,3,,24.7,32.88400650024414,34.14812469482422
reaction:3262,XPhos,0,,32.07,36.1785774230957,34.165550231933594
reaction:3266,P(tBu)3,2,,11.29,33.350624084472656,34.24275207519531
reaction:3267,P(Ph)3,3,,15.14,37.482330322265625,34.13010787963867
reaction:3268,AmPhos,4,,10.53,30.143102645874023,33.99876403808594
reaction:3269,P(Cy)3,3,,11.98,32.104610443115234,34.07386779785156
reaction:3270,P(o-Tol)3,3,,12.1,31.23780059814453,34.12494659423828
reaction:3271,CataCXium A,3,,12.05,35.381195068359375,34.109596252441406
reaction:3272,SPhos,4,,12.21,29.31020164489746,33.97602462768555
reaction:3274,XPhos,4,,14.92,35.56259536743164,33.93396759033203
reaction:3278,P(tBu)3,4,,18.78,30.467586517333984,33.926029205322266
reaction:3279,P(Ph)3,1,,19.48,40.14411926269531,34.004905700683594
reaction:3280,AmPhos,2,,17.79,30.832351684570312,34.1649284362793
reaction:3281,P(Cy)3,0,,19.5,37.74283981323242,34.181880950927734
reaction:3282,P(o-Tol)3,2,,17.96,30.995203018188477,34.19547653198242
reaction:3283,CataCXium A,3,,18.41,32.934242248535156,34.13755416870117
reaction:3284,SPhos,1,,17.82,34.48568344116211,34.03329086303711
reaction:3286,XPhos,2,,20.84,39.813289642333984,34.1874885559082
reaction:3290,P(tBu)3,2,,18.27,31.86144256591797,34.206478118896484
reaction:3291,P(Ph)3,0,,11.77,45.04484176635742,34.16166305541992
reaction:3292,AmPhos,0,,11.43,30.509376525878906,34.26103210449219
reaction:3293,P(Cy)3,2,,14.02,38.188209533691406,34.139495849609375
reaction:3294,P(o-Tol)3,2,,11.74,32.024261474609375,34.17766189575195
reaction:3295,CataCXium A,2,,12.2,34.90874099731445,34.10422897338867
reaction:3296,SPhos,2,,11.94,35.131351470947266,34.146270751953125
reaction:3298,XPhos,2,,23.37,35.928348541259766,34.15826416015625
reaction:3302,P(tBu)3,2,,12.38,32.44603729248047,34.205387115478516
reaction:3303,P(Ph)3,0,,13.1,44.73985290527344,34.16352462768555
reaction:3304,AmPhos,1,,10.49,32.86478805541992,34.01554489135742
reaction:3305,P(Cy)3,0,,11.45,39.147891998291016,34.18828201293945
reaction:3306,P(o-Tol)3,3,,11.47,31.004070281982422,34.15707015991211
reaction:3307,CataCXium A,1,,15.88,34.70293045043945,34.0093994140625
reaction:3308,SPhos,4,,11.18,35.77962112426758,33.9794921875
reaction:3310,XPhos,3,,11.72,39.20599365234375,34.23242950439453
reaction:3314,P(tBu)3,1,,11.78,24.332155227661133,33.912506103515625
reaction:3315,P(Ph)3,0,,14.49,48.839942932128906,34.15306854248047
reaction:3316,AmPhos,0,,11.21,30.179258346557617,34.229835510253906
reaction:3317,P(Cy)3,1,,20.77,37.65365982055664,33.96097946166992
reaction:3318,P(o-Tol)3,2,,12.2,29.864200592041016,34.21194839477539
reaction:3319,CataCXium A,2,,13.04,36.01225280761719,34.14301681518555
reaction:3320,SPhos,3,,11.9,31.732851028442383,34.15013885498047
reaction:3322,XPhos,3,,14.73,35.69074630737305,34.218448638916016
reaction:3326,P(tBu)3,2,,28.73,32.349117279052734,34.181663513183594
reaction:3327,P(Ph)3,2,,31.17,38.61347198486328,34.145904541015625
reaction:3328,AmPhos,4,,11.48,31.24472999572754,34.00782775878906
reaction:3329,P(Cy)3,2,,29.54,34.294124603271484,34.16441345214844
reaction:3330,P(o-Tol)3,3,,13.88,30.511011123657227,34.15827560424805
reaction:3331,CataCXium A,4,,30.18,33.34298324584961,33.9361686706543
reaction:3332,SPhos,0,,12.93,28.54258918762207,34.062381744384766
reaction:3334,XPhos,1,,16.19,31.949024200439453,33.91340637207031
reaction:3338,P(tBu)3,0,,11.67,24.43734359741211,34.14971923828125
reaction:3339,P(Ph)3,0,,32.48,44.169952392578125,34.1861457824707
reaction:3340,AmPhos,1,,10.88,34.48971176147461,34.01459503173828
reaction:3341,P(Cy)3,0,,13.65,46.685951232910156,34.16201400756836
reaction:3342,P(o-Tol)3,4,,12.8,33.67460250854492,33.91584396362305
reaction:3343,CataCXium A,0,,14.05,37.659751892089844,34.174617767333984
reaction:3344,SPhos,1,,12.53,33.207218170166016,34.02484130859375
reaction:3346,XPhos,3,,33.09,40.584842681884766,34.18102264404297
reaction:3350,P(tBu)3,0,,11.86,28.387025833129883,34.16608810424805
reaction:3351,P(Ph)3,3,,13.7,41.65324783325195,34.17133331298828
reaction:3352,AmPhos,3,,11.93,31.991901397705078,34.07155990600586
reaction:3353,P(Cy)3,1,,11.79,37.879798889160156,33.98299026489258
reaction:3354,P(o-Tol)3,2,,25.41,33.71091842651367,34.21563720703125
reaction:3355,CataCXium A,0,,33.14,33.55979537963867,34.1473503112793
reaction:3356,SPhos,4,,12.96,34.262733459472656,34.0136833190918
reaction:3358,XPhos,3,,35.78,35.196510314941406,34.20383071899414
reaction:3362,P(tBu)3,0,,24.57,29.535369873046875,34.18080139160156
reaction:3363,P(Ph)3,4,,48.08,56.549110412597656,33.937191009521484
reaction:3364,AmPhos,4,,54.99,37.148231506347656,33.9861946105957
reaction:3365,P(Cy)3,1,,26.1,50.17304611206055,34.02701950073242
reaction:3366,P(o-Tol)3,0,,38.2,37.00825500488281,34.12815475463867
reaction:3367,CataCXium A,2,,71.95,38.866722106933594,34.13731384277344
reaction:3368,SPhos,3,,25.89,36.15559768676758,34.1902961730957
reaction:3370,XPhos,2,,27.69,37.397789001464844,34.15122604370117
reaction:3374,P(tBu)3,3,,23.77,33.94314193725586,34.22886657714844
reaction:3375,P(Ph)3,2,,72.56,57.619720458984375,34.24551010131836
reaction:3376,AmPhos,0,,39.11,39.873226165771484,34.25630187988281
reaction:3377,P(Cy)3,1,,61.53,50.54106903076172,34.051856994628906
reaction:3378,P(o-Tol)3,3,,35.64,41.108680725097656,34.10783386230469
reaction:3379,CataCXium A,2,,35.27,39.428245544433594,34.12293243408203
reaction:3380,SPhos,1,,47.03,45.55952835083008,34.048492431640625
reaction:3382,XPhos,2,,51.17,48.34941482543945,34.18635940551758
reaction:3386,P(tBu)3,2,,20.76,31.05504608154297,34.118446350097656
reaction:3387,P(Ph)3,0,,73.52,61.61422348022461,34.10719680786133
reaction:3388,AmPhos,2,,30.22,40.12214660644531,34.18118667602539
reaction:3389,P(Cy)3,1,,49.15,52.51658630371094,34.015625
reaction:3390,P(o-Tol)3,4,,37.72,40.53422546386719,33.97724533081055
reaction:3391,CataCXium A,1,,36.05,41.25225067138672,34.037288665771484
reaction:3392,SPhos,3,,45.38,43.63060760498047,34.203407287597656
reaction:3394,XPhos,1,,47.38,43.961971282958984,33.972293853759766
reaction:3398,P(tBu)3,4,,20.85,30.58592987060547,33.9372673034668
reaction:3399,P(Ph)3,2,,74.41,57.98947525024414,34.22239685058594
reaction:3400,AmPhos,3,,25.49,38.671104431152344,34.06881332397461
reaction:3401,P(Cy)3,4,,47.92,49.49238967895508,33.92333221435547
reaction:3402,P(o-Tol)3,0,,31.78,39.34684371948242,34.14952850341797
reaction:3403,CataCXium A,0,,29.21,39.65576171875,34.13377380371094
reaction:3404,SPhos,1,,50.69,44.82923889160156,34.05583572387695
reaction:3406,XPhos,2,,43.22,44.28865432739258,34.165523529052734
reaction:3410,P(tBu)3,0,,21.32,31.935043334960938,34.198822021484375
reaction:3411,P(Ph)3,2,,83.66,53.999629974365234,34.23352813720703
reaction:3412,AmPhos,1,,36.82,41.62907791137695,33.96197509765625
reaction:3413,P(Cy)3,3,,63.05,54.71833801269531,34.11051940917969
reaction:3414,P(o-Tol)3,2,,37.05,40.98064422607422,34.14495849609375
reaction:3415,CataCXium A,0,,40.78,41.83079147338867,34.07435607910156
reaction:3416,SPhos,3,,53.28,43.07110595703125,34.228633880615234
reaction:3418,XPhos,0,,46.27,42.379981994628906,34.14381790161133
reaction:3422,P(tBu)3,3,,18.29,36.99613952636719,34.26449966430664
reaction:3423,P(Ph)3,1,,71.31,59.66851806640625,33.978511810302734
reaction:3424,AmPhos,2,,31.01,40.577247619628906,34.19200897216797
reaction:3425,P(Cy)3,0,,69.26,49.83314514160156,34.11137008666992
reaction:3426,P(o-Tol)3,4,,37.59,40.95094680786133,33.99140930175781
reaction:3427,CataCXium A,1,,37.91,43.65011978149414,34.03024673461914
reaction:3428,SPhos,4,,23.2,40.73221206665039,33.85964584350586
reaction:3430,XPhos,4,,30.62,42.08460235595703,33.932979583740234
reaction:3434,P(tBu)3,2,,23.65,32.942604064941406,34.140132904052734
reaction:3435,P(Ph)3,2,,62.95,54.52532196044922,34.2122917175293
reaction:3436,AmPhos,0,,45.32,38.114986419677734,34.2210578918457
reaction:3437,P(Cy)3,2,,83.06,52.644718170166016,34.06454849243164
reaction:3438,P(o-Tol)3,2,,38.42,39.97066879272461,34.138275146484375
reaction:3439,CataCXium A,1,,43.3,43.24714660644531,34.01860046386719
reaction:3440,SPhos,2,,27.79,40.38160705566406,34.09672927856445
reaction:3442,XPhos,1,,48.35,40.42335891723633,33.97547149658203
reaction:3446,P(tBu)3,3,,20.59,31.82048797607422,34.22636413574219
reaction:3447,P(Ph)3,3,,84.54,59.77626037597656,34.137813568115234
reaction:3448,AmPhos,2,,31.28,40.45415115356445,34.212162017822266
reaction:3449,P(Cy)3,4,,64.63,53.2795524597168,33.91964340209961
reaction:3450,P(o-Tol)3,0,,44.63,41.45534133911133,34.1563606262207
reaction:3451,CataCXium A,4,,31.51,43.250484466552734,33.91698455810547
reaction:3452,SPhos,1,,52.78,43.573341369628906,34.03473663330078
reaction:3454,XPhos,0,,42.62,45.93663787841797,34.14687728881836
reaction:3458,P(tBu)3,3,,14.78,34.54841995239258,34.1369743347168
reaction:3459,P(Ph)3,4,,15.69,41.657325744628906,33.980716705322266
reaction:3460,AmPhos,3,,16.01,38.743438720703125,34.145992279052734
reaction:3461,P(Cy)3,2,,19.35,32.90285873413086,34.0550422668457
reaction:3462,P(o-Tol)3,3,,17.37,37.04016876220703,34.126617431640625
reaction:3463,CataCXium A,3,,15.16,38.73550796508789,34.11405563354492
reaction:3464,SPhos,1,,14.48,35.44895553588867,34.00761413574219
reaction:3466,XPhos,4,,16.12,34.105499267578125,33.98104476928711
reaction:3470,P(tBu)3,2,,17.82,37.52014923095703,34.13054656982422
reaction:3471,P(Ph)3,3,,19.46,45.7837028503418,34.19667434692383
reaction:3472,AmPhos,4,,20.67,42.22581481933594,34.01470947265625
reaction:3473,P(Cy)3,1,,19.64,42.238773345947266,34.042938232421875
reaction:3474,P(o-Tol)3,1,,29.53,39.693641662597656,33.963905334472656
reaction:3475,CataCXium A,0,,19.42,42.35536575317383,34.16442108154297
reaction:3476,SPhos,1,,19.15,38.45437240600586,34.01297378540039
reaction:3478,XPhos,4,,20.14,37.66564178466797,34.00650405883789
reaction:3482,P(tBu)3,4,,18.86,36.39329528808594,33.940887451171875
reaction:3483,P(Ph)3,0,,16.12,40.999053955078125,34.107032775878906
reaction:3484,AmPhos,3,,16.64,37.51863479614258,34.12160110473633
reaction:3485,P(Cy)3,4,,16.07,42.13445281982422,34.01363754272461
reaction:3486,P(o-Tol)3,4,,17.97,41.03459548950195,34.010406494140625
reaction:3487,CataCXium A,3,,17.61,44.22130584716797,34.1729736328125
reaction:3488,SPhos,0,,17.31,39.18031692504883,34.15274429321289
reaction:3490,XPhos,2,,16.92,40.361083984375,34.10756301879883
reaction:3494,P(tBu)3,1,,16.72,38.63336944580078,33.954078674316406
reaction:3495,P(Ph)3,0,,18.91,41.78620910644531,34.11029815673828
reaction:3496,AmPhos,4,,16.35,40.10182189941406,34.01079559326172
reaction:3497,P(Cy)3,4,,15.9,43.46174621582031,34.016239166259766
reaction:3498,P(o-Tol)3,0,,36.68,41.510520935058594,34.18406677246094
reaction:3499,CataCXium A,1,,24.07,42.67190170288086,33.99598693847656
reaction:3500,SPhos,4,,16.43,43.437808990478516,34.033447265625
reaction:3502,XPhos,2,,4.66,40.15696716308594,34.083961486816406
reaction:3506,P(tBu)3,0,,15.83,39.1955680847168,34.176414489746094
reaction:3507,P(Ph)3,3,,15.34,42.83474349975586,34.222503662109375
reaction:3508,AmPhos,0,,15.09,39.237220764160156,34.200618743896484
reaction:3509,P(Cy)3,1,,15.73,38.36578369140625,34.034202575683594
reaction:3510,P(o-Tol)3,0,,13.61,42.251564025878906,34.19110107421875
reaction:3511,CataCXium A,0,,15.62,40.71406173706055,34.12015151977539
reaction:3512,SPhos,2,,15.39,37.60239028930664,34.108238220214844
reaction:3514,XPhos,1,,14.07,38.17314529418945,34.006004333496094
reaction:3518,P(tBu)3,1,,16.0,40.8517951965332,33.96481704711914
reaction:3519,P(Ph)3,4,,16.23,44.207828521728516,33.98503875732422
reaction:3520,AmPhos,0,,12.4,40.03654479980469,34.15959167480469
reaction:3521,P(Cy)3,1,,14.32,40.11756896972656,34.03541946411133
reaction:3522,P(o-Tol)3,4,,15.59,40.3716926574707,33.986087799072266
reaction:3523,CataCXium A,1,,16.37,46.26004409790039,34.022090911865234
reaction:3524,SPhos,3,,13.25,40.581783294677734,34.173458099365234
reaction:3526,XPhos,3,,15.8,36.31520462036133,34.26307678222656
reaction:3530,P(tBu)3,1,,17.17,37.498863220214844,33.97804260253906
reaction:3531,P(Ph)3,4,,19.75,44.19438934326172,33.992698669433594
reaction:3532,AmPhos,2,,12.94,36.948692321777344,34.130653381347656
reaction:3533,P(Cy)3,4,,14.18,40.128807067871094,34.04082107543945
reaction:3534,P(o-Tol)3,3,,15.69,38.5185546875,34.171077728271484
reaction:3535,CataCXium A,1,,22.51,43.64787292480469,33.99177551269531
reaction:3536,SPhos,3,,15.14,38.5334358215332,34.13821029663086
reaction:3538,XPhos,1,,14.17,36.09369659423828,34.015262603759766
reaction:3542,P(tBu)3,0,,14.14,38.10621643066406,34.1666259765625
reaction:3543,P(Ph)3,3,,15.19,44.932498931884766,34.19071960449219
reaction:3544,AmPhos,4,,16.49,41.32920837402344,34.0144157409668
reaction:3545,P(Cy)3,4,,16.02,40.837154388427734,34.00424575805664
reaction:3546,P(o-Tol)3,0,,15.25,39.27142333984375,34.18928909301758
reaction:3547,CataCXium A,2,,13.53,42.28528594970703,34.143524169921875
reaction:3548,SPhos,4,,14.34,38.254981994628906,34.064361572265625
reaction:3550,XPhos,3,,15.27,36.87798309326172,34.233367919921875
reaction:3554,P(tBu)3,0,,31.76,38.56793975830078,34.21718215942383
reaction:3555,P(Ph)3,2,,51.68,50.72804641723633,34.08075714111328
reaction:3556,AmPhos,1,,37.57,43.68671417236328,34.0085563659668
reaction:3557,P(Cy)3,1,,47.6,40.79026412963867,34.02438735961914
reaction:3558,P(o-Tol)3,1,,34.75,41.09721374511719,33.99758529663086
reaction:3559,CataCXium A,4,,55.11,50.1163215637207,33.99171829223633
reaction:3560,SPhos,0,,31.85,37.976078033447266,34.188560485839844
reaction:3562,XPhos,3,,29.92,37.91547775268555,34.2074089050293
reaction:3566,P(tBu)3,0,,27.16,38.2482795715332,34.22481918334961
reaction:3567,P(Ph)3,4,,47.7,50.806884765625,34.01399230957031
reaction:3568,AmPhos,2,,43.3,47.852783203125,34.124061584472656
reaction:3569,P(Cy)3,1,,44.4,46.467987060546875,34.01955795288086
reaction:3570,P(o-Tol)3,2,,34.11,45.45603942871094,34.12112808227539
reaction:3571,CataCXium A,2,,46.43,49.84794998168945,34.18778610229492
reaction:3572,SPhos,3,,27.58,44.49363708496094,34.13923645019531
reaction:3574,XPhos,1,,23.65,43.24569320678711,33.977027893066406
reaction:3578,P(tBu)3,2,,21.26,39.263126373291016,34.196022033691406
reaction:3579,P(Ph)3,4,,42.44,47.37822341918945,34.02126693725586
reaction:3580,AmPhos,4,,30.95,43.43515396118164,34.02588653564453
reaction:3581,P(Cy)3,0,,27.31,44.900814056396484,34.182464599609375
reaction:3582,P(o-Tol)3,3,,34.82,40.88778305053711,34.052467346191406
reaction:3583,CataCXium A,3,,56.37,51.628204345703125,34.137306213378906
reaction:3584,SPhos,4,,27.03,39.6104736328125,33.99619674682617
reaction:3586,XPhos,4,,23.4,40.95753479003906,33.94773483276367
reaction:3590,P(tBu)3,0,,22.12,41.649505615234375,34.1966552734375
reaction:3591,P(Ph)3,4,,34.49,50.5665397644043,34.008792877197266
reaction:3592,AmPhos,0,,36.44,45.66547393798828,34.13325119018555
reaction:3593,P(Cy)3,0,,32.77,44.43612289428711,34.16029357910156
reaction:3594,P(o-Tol)3,1,,35.01,45.25780487060547,33.98433303833008
reaction:3595,CataCXium A,4,,41.14,53.49803924560547,34.007511138916016
reaction:3596,SPhos,0,,23.89,43.95940017700195,34.16366195678711
reaction:3598,XPhos,4,,23.11,41.776329040527344,34.00558090209961
reaction:3602,P(tBu)3,4,,26.44,42.39154052734375,33.96598815917969
reaction:3603,P(Ph)3,3,,42.52,51.441680908203125,34.189388275146484
reaction:3604,AmPhos,0,,27.31,46.95838928222656,34.17013931274414
reaction:3605,P(Cy)3,2,,23.96,44.64445877075195,34.129642486572266
reaction:3606,P(o-Tol)3,0,,37.34,43.894596099853516,34.147117614746094
reaction:3607,CataCXium A,1,,49.39,50.346290588378906,33.92668914794922
reaction:3608,SPhos,4,,22.85,39.52424240112305,33.99750900268555
reaction:3610,XPhos,0,,24.26,37.35758590698242,34.2121696472168
reaction:3614,P(tBu)3,4,,26.61,43.57515335083008,33.99077224731445
reaction:3615,P(Ph)3,0,,47.17,48.56303787231445,34.13768005371094
reaction:3616,AmPhos,4,,41.97,44.683753967285156,34.06306838989258
reaction:3617,P(Cy)3,3,,30.56,46.40597152709961,34.1157112121582
reaction:3618,P(o-Tol)3,2,,37.91,41.59496307373047,34.14326858520508
reaction:3619,CataCXium A,0,,60.3,50.798248291015625,34.07817077636719
reaction:3620,SPhos,3,,30.31,44.50736618041992,34.17550277709961
reaction:3622,XPhos,3,,29.03,39.448211669921875,34.259281158447266
reaction:3626,P(tBu)3,2,,29.1,36.700531005859375,34.178462982177734
reaction:3627,P(Ph)3,3,,53.77,48.07255935668945,34.15428161621094
reaction:3628,AmPhos,4,,42.75,44.23797607421875,34.00031280517578
reaction:3629,P(Cy)3,3,,38.71,43.289215087890625,34.11068344116211
reaction:3630,P(o-Tol)3,4,,35.42,40.22938537597656,33.917423248291016
reaction:3631,CataCXium A,2,,60.07,48.39735794067383,34.14751052856445
reaction:3632,SPhos,0,,32.04,36.74796676635742,34.1597785949707
reaction:3634,XPhos,4,,28.83,39.86833953857422,34.04413986206055
reaction:3638,P(tBu)3,3,,23.75,36.71221923828125,34.078556060791016
reaction:3639,P(Ph)3,0,,55.89,46.11872100830078,34.13731002807617
reaction:3640,AmPhos,1,,44.98,41.87004852294922,34.02028274536133
reaction:3641,P(Cy)3,0,,43.32,42.70378494262695,34.13233184814453
reaction:3642,P(o-Tol)3,0,,40.65,40.07240295410156,34.14560317993164
reaction:3643,CataCXium A,4,,58.2,49.197261810302734,33.97506332397461
reaction:3644,SPhos,2,,30.76,39.437808990478516,34.103355407714844
reaction:3646,XPhos,0,,31.51,35.68730163574219,34.20043182373047
reaction:3650,P(tBu)3,4,,13.05,38.4192008972168,33.99381637573242
reaction:3651,P(Ph)3,2,,15.86,39.662841796875,34.182220458984375
reaction:3652,AmPhos,3,,21.99,41.95943832397461,34.198177337646484
reaction:3653,P(Cy)3,3,,17.53,35.303794860839844,34.193668365478516
reaction:3654,P(o-Tol)3,0,,14.79,33.55649948120117,34.146156311035156
reaction:3655,CataCXium A,1,,13.97,36.422279357910156,33.93571090698242
reaction:3656,SPhos,1,,14.89,35.914608001708984,34.04001235961914
reaction:3658,XPhos,0,,22.39,33.0811882019043,34.20710754394531
reaction:3662,P(tBu)3,3,,16.21,36.47993087768555,34.18377685546875
reaction:3663,P(Ph)3,3,,20.23,44.537532806396484,34.20093536376953
reaction:3664,AmPhos,2,,19.9,40.83803939819336,34.146148681640625
reaction:3665,P(Cy)3,3,,16.86,39.488224029541016,34.15806579589844
reaction:3666,P(o-Tol)3,3,,19.22,38.69215393066406,34.104915618896484
reaction:3667,CataCXium A,0,,18.83,40.511165618896484,34.10148239135742
reaction:3668,SPhos,0,,18.66,38.86124801635742,34.155330657958984
reaction:3670,XPhos,0,,19.78,40.106689453125,34.235843658447266
reaction:3674,P(tBu)3,2,,19.09,34.495750427246094,34.218143463134766
reaction:3675,P(Ph)3,3,,16.59,42.29976272583008,34.18852615356445
reaction:3676,AmPhos,2,,13.82,38.20990753173828,34.143959045410156
reaction:3677,P(Cy)3,0,,16.67,39.09946823120117,34.08235549926758
reaction:3678,P(o-Tol)3,4,,20.61,37.82292175292969,33.95918655395508
reaction:3679,CataCXium A,3,,15.85,40.80781555175781,34.192684173583984
reaction:3680,SPhos,0,,14.7,40.73417663574219,34.19460678100586
reaction:3682,XPhos,3,,16.51,37.52735900878906,34.231842041015625
reaction:3686,P(tBu)3,2,,18.87,37.416038513183594,34.189876556396484
reaction:3687,P(Ph)3,1,,15.17,41.02033233642578,33.947879791259766
reaction:3688,AmPhos,3,,12.52,43.24921798706055,34.16913986206055
reaction:3689,P(Cy)3,2,,14.04,38.38552474975586,34.1434211730957
reaction:3690,P(o-Tol)3,3,,14.41,39.49129104614258,34.0965690612793
reaction:3691,CataCXium A,4,,14.16,39.78314971923828,33.985015869140625
reaction:3692,SPhos,4,,8.89,39.947593688964844,34.01206588745117
reaction:3694,XPhos,0,,5.87,38.917171478271484,34.186946868896484
reaction:3698,P(tBu)3,3,,14.85,28.435815811157227,34.13955307006836
reaction:3699,P(Ph)3,0,,15.24,40.93928146362305,34.037193298339844
reaction:3700,AmPhos,1,,13.75,37.218162536621094,33.953407287597656
reaction:3701,P(Cy)3,4,,13.5,35.880069732666016,33.997501373291016
reaction:3702,P(o-Tol)3,1,,15.93,34.732357025146484,33.95101547241211
reaction:3703,CataCXium A,4,,14.94,36.772491455078125,33.99044418334961
reaction:3704,SPhos,1,,13.89,38.824153900146484,34.059837341308594
reaction:3706,XPhos,3,,15.15,35.173744201660156,34.24851989746094
reaction:3710,P(tBu)3,4,,15.33,38.505035400390625,34.024288177490234
reaction:3711,P(Ph)3,2,,15.57,41.729888916015625,34.162811279296875
reaction:3712,AmPhos,4,,14.34,39.14506530761719,33.955142974853516
reaction:3713,P(Cy)3,4,,16.56,36.418617248535156,33.9754753112793
reaction:3714,P(o-Tol)3,0,,14.67,36.292266845703125,34.1302490234375
reaction:3715,CataCXium A,1,,13.1,42.715721130371094,33.986637115478516
reaction:3716,SPhos,1,,14.39,36.79986572265625,34.05252456665039
reaction:3718,XPhos,0,,15.63,36.097373962402344,34.215023040771484
reaction:3722,P(tBu)3,3,,13.46,28.095355987548828,34.146663665771484
reaction:3723,P(Ph)3,2,,15.1,43.097801208496094,34.18621063232422
reaction:3724,AmPhos,3,,13.14,41.68683624267578,34.19586944580078
reaction:3725,P(Cy)3,1,,14.73,36.718196868896484,33.96269607543945
reaction:3726,P(o-Tol)3,2,,14.45,39.00445556640625,34.14010238647461
reaction:3727,CataCXium A,3,,19.58,41.11954116821289,34.1499137878418
reaction:3728,SPhos,1,,13.61,41.184593200683594,34.03404998779297
reaction:3730,XPhos,4,,15.96,38.441917419433594,33.935482025146484
reaction:3734,P(tBu)3,4,,31.57,34.89134979248047,33.997802734375
reaction:3735,P(Ph)3,3,,19.08,44.99375534057617,34.19322204589844
reaction:3736,AmPhos,3,,26.77,42.753868103027344,34.18607711791992
reaction:3737,P(Cy)3,2,,13.69,36.464622497558594,34.14836120605469
reaction:3738,P(o-Tol)3,2,,14.13,36.507659912109375,34.155967712402344
reaction:3739,CataCXium A,2,,14.55,41.06069564819336,34.130889892578125
reaction:3740,SPhos,4,,31.35,36.17546463012695,34.03358459472656
reaction:3742,XPhos,4,,15.82,35.06304931640625,33.91416549682617
reaction:3746,P(tBu)3,4,,16.44,43.04207992553711,33.956443786621094
reaction:3747,P(Ph)3,1,,56.56,51.97215270996094,34.011634826660156
reaction:3748,AmPhos,0,,45.17,51.39359664916992,34.15129089355469
reaction:3749,P(Cy)3,3,,21.88,53.743186950683594,34.20832061767578
reaction:3750,P(o-Tol)3,2,,56.29,52.73934555053711,34.14423370361328
reaction:3751,CataCXium A,2,,43.94,51.8028564453125,34.18950653076172
reaction:3752,SPhos,4,,29.67,45.420806884765625,33.991233825683594
reaction:3754,XPhos,4,,30.14,47.1435432434082,33.94916534423828
reaction:3758,P(tBu)3,3,,48.3,45.68788528442383,34.18104553222656
reaction:3759,P(Ph)3,4,,75.18,57.03685760498047,34.036834716796875
reaction:3760,AmPhos,4,,63.04,57.16584014892578,33.981388092041016
reaction:3761,P(Cy)3,3,,75.06,56.7635498046875,34.207340240478516
reaction:3762,P(o-Tol)3,4,,72.15,55.44754409790039,34.034420013427734
reaction:3763,CataCXium A,2,,70.31,56.23564529418945,34.218746185302734
reaction:3764,SPhos,2,,62.57,52.59642028808594,34.089866638183594
reaction:3766,XPhos,4,,61.95,52.679256439208984,33.95169448852539
reaction:3770,P(tBu)3,3,,42.64,45.50885772705078,34.155513763427734
reaction:3771,P(Ph)3,4,,69.39,57.632484436035156,34.016944885253906
reaction:3772,AmPhos,0,,60.07,51.68622589111328,34.1749382019043
reaction:3773,P(Cy)3,1,,68.64,52.93780517578125,33.98201370239258
reaction:3774,P(o-Tol)3,2,,69.92,56.3664436340332,34.15822219848633
reaction:3775,CataCXium A,0,,64.04,56.33114242553711,34.10616683959961
reaction:3776,SPhos,0,,51.08,56.100852966308594,34.116371154785156
reaction:3778,XPhos,1,,57.92,48.6334228515625,34.046897888183594
reaction:3782,P(tBu)3,2,,44.23,45.28240966796875,34.22384262084961
reaction:3783,P(Ph)3,2,,78.31,58.31172561645508,34.12303161621094
reaction:3784,AmPhos,1,,61.48,49.744022369384766,34.04167938232422
reaction:3785,P(Cy)3,0,,73.72,53.52637481689453,34.09823226928711
reaction:3786,P(o-Tol)3,0,,73.24,60.05896759033203,34.187538146972656
reaction:3787,CataCXium A,2,,63.42,55.624664306640625,34.18087387084961
reaction:3788,SPhos,1,,69.82,50.67670822143555,34.02328109741211
reaction:3790,XPhos,3,,64.55,49.525245666503906,34.20549011230469
reaction:3794,P(tBu)3,2,,53.09,41.03158950805664,34.2403678894043
reaction:3795,P(Ph)3,3,,81.48,61.531185150146484,34.14044189453125
reaction:3796,AmPhos,0,,70.14,54.64896011352539,34.222511291503906
reaction:3797,P(Cy)3,3,,69.95,54.94586944580078,34.16730880737305
reaction:3798,P(o-Tol)3,4,,80.65,55.97346496582031,34.020606994628906
reaction:3799,CataCXium A,4,,82.23,57.08625411987305,33.951171875
reaction:3800,SPhos,4,,66.4,51.331451416015625,34.012489318847656
reaction:3802,XPhos,0,,61.03,49.69013214111328,34.234886169433594
reaction:3806,P(tBu)3,0,,46.61,43.14892578125,34.118125915527344
reaction:3807,P(Ph)3,2,,80.09,59.075279235839844,34.1204948425293
reaction:3808,AmPhos,3,,74.74,51.00624084472656,34.07959747314453
reaction:3809,P(Cy)3,1,,73.91,54.5565299987793,33.99264907836914
reaction:3810,P(o-Tol)3,2,,79.4,54.007469177246094,34.19160842895508
reaction:3811,CataCXium A,3,,81.25,55.60654067993164,34.077449798583984
reaction:3812,SPhos,1,,58.75,47.30805969238281,34.05971145629883
reaction:3814,XPhos,1,,44.35,46.94398880004883,34.036277770996094
reaction:3818,P(tBu)3,2,,53.82,42.8138542175293,34.244895935058594
reaction:3819,P(Ph)3,1,,82.9,57.18307113647461,34.00374221801758
reaction:3820,AmPhos,2,,78.92,53.885231018066406,34.11476516723633
reaction:3821,P(Cy)3,4,,66.13,55.6667366027832,33.96944046020508
reaction:3822,P(o-Tol)3,3,,84.77,56.918060302734375,34.113712310791016
reaction:3823,CataCXium A,2,,74.96,54.74648666381836,34.215599060058594
reaction:3824,SPhos,1,,59.47,47.361915588378906,34.046451568603516
reaction:3826,XPhos,0,,50.87,45.638572692871094,34.21924591064453
reaction:3830,P(tBu)3,2,,49.74,42.1859245300293,34.243011474609375
reaction:3831,P(Ph)3,4,,78.9,59.109764099121094,33.99351501464844
reaction:3832,AmPhos,1,,70.77,54.924198150634766,34.023433685302734
reaction:3833,P(Cy)3,2,,78.59,56.82316589355469,34.07645797729492
reaction:3834,P(o-Tol)3,4,,71.82,56.17422866821289,34.009422302246094
reaction:3835,CataCXium A,1,,76.98,52.87761688232422,33.997779846191406
reaction:3836,SPhos,4,,68.51,54.972389221191406,34.02104187011719
reaction:3838,XPhos,1,,67.02,49.989845275878906,34.02400207519531
reaction:3842,P(tBu)3,4,,12.41,35.94532775878906,33.96378707885742
reaction:3843,P(Ph)3,1,,23.02,37.63780975341797,33.77798843383789
reaction:3844,AmPhos,0,,20.7,40.51302719116211,34.1845588684082
reaction:3845,P(Cy)3,2,,12.94,33.50676727294922,34.20874786376953
reaction:3846,P(o-Tol)3,0,,15.23,32.27827453613281,34.11069869995117
reaction:3847,CataCXium A,3,,14.79,39.84080505371094,34.173423767089844
reaction:3848,SPhos,3,,13.01,32.94398880004883,34.200077056884766
reaction:3850,XPhos,1,,13.88,34.04937744140625,34.06541061401367
reaction:3854,P(tBu)3,3,,15.81,36.404598236083984,34.154056549072266
reaction:3855,P(Ph)3,0,,18.18,38.94300079345703,34.13821792602539
reaction:3856,AmPhos,4,,17.45,38.242671966552734,33.993186950683594
reaction:3857,P(Cy)3,1,,17.86,37.539493560791016,34.063777923583984
reaction:3858,P(o-Tol)3,1,,17.29,34.45451354980469,34.01639938354492
reaction:3859,CataCXium A,4,,18.96,38.38750076293945,33.93759536743164
reaction:3860,SPhos,4,,17.79,39.864192962646484,34.013824462890625
reaction:3862,XPhos,0,,21.26,34.857418060302734,34.14929962158203
reaction:3866,P(tBu)3,1,,12.17,34.9514274597168,33.9815559387207
reaction:3867,P(Ph)3,3,,17.75,40.30168914794922,34.178123474121094
reaction:3868,AmPhos,3,,13.16,36.302024841308594,34.22348403930664
reaction:3869,P(Cy)3,1,,10.99,36.895389556884766,34.07344055175781
reaction:3870,P(o-Tol)3,2,,12.41,33.22168731689453,34.036956787109375
reaction:3871,CataCXium A,2,,14.15,38.19020080566406,34.20085144042969
reaction:3872,SPhos,1,,12.9,37.618221282958984,33.967613220214844
reaction:3874,XPhos,1,,12.01,38.197723388671875,34.053409576416016
reaction:3878,P(tBu)3,0,,14.14,39.28962326049805,34.22657012939453
reaction:3879,P(Ph)3,3,,22.09,42.187564849853516,34.17551803588867
reaction:3880,AmPhos,0,,11.54,35.58732604980469,34.1619987487793
reaction:3881,P(Cy)3,2,,10.1,35.885189056396484,34.17969512939453
reaction:3882,P(o-Tol)3,1,,10.87,35.41270446777344,34.01677322387695
reaction:3883,CataCXium A,3,,11.88,37.208675384521484,34.17808151245117
reaction:3884,SPhos,4,,13.93,39.58319091796875,33.969295501708984
reaction:3886,XPhos,1,,12.89,40.42470932006836,34.07138442993164
reaction:3890,P(tBu)3,0,,10.18,37.852561950683594,34.18213653564453
reaction:3891,P(Ph)3,0,,14.48,38.04263687133789,34.13799285888672
reaction:3892,AmPhos,3,,23.12,36.293426513671875,34.19793701171875
reaction:3893,P(Cy)3,2,,30.88,36.18082046508789,34.16859817504883
reaction:3894,P(o-Tol)3,4,,15.05,32.50904083251953,33.98847961425781
reaction:3895,CataCXium A,2,,15.78,38.25023651123047,34.1843147277832
reaction:3896,SPhos,3,,13.79,37.7906608581543,34.217552185058594
reaction:3898,XPhos,4,,12.72,35.3353271484375,34.026275634765625
reaction:3902,P(tBu)3,0,,11.97,38.90888214111328,34.17609405517578
reaction:3903,P(Ph)3,2,,15.43,38.55856704711914,34.16139221191406
reaction:3904,AmPhos,2,,14.47,37.073055267333984,34.130889892578125
reaction:3905,P(Cy)3,1,,13.34,36.543968200683594,34.064186096191406
reaction:3906,P(o-Tol)3,3,,13.04,33.808624267578125,34.18834686279297
reaction:3907,CataCXium A,4,,14.29,41.58932113647461,33.93970489501953
reaction:3908,SPhos,1,,12.48,36.363243103027344,33.993988037109375
reaction:3910,XPhos,4,,12.47,33.811580657958984,33.98614501953125
reaction:3914,P(tBu)3,1,,15.09,29.28133773803711,33.98674774169922
reaction:3915,P(Ph)3,2,,16.43,38.41876983642578,34.16520309448242
reaction:3916,AmPhos,1,,12.89,39.05485534667969,33.991634368896484
reaction:3917,P(Cy)3,4,,11.29,35.86720275878906,33.941043853759766
reaction:3918,P(o-Tol)3,3,,13.82,36.40967559814453,34.196754455566406
reaction:3919,CataCXium A,0,,14.88,36.0794677734375,34.1007080078125
reaction:3920,SPhos,2,,12.2,31.41280746459961,34.16353225708008
reaction:3922,XPhos,0,,13.04,32.07527542114258,34.14646530151367
reaction:3926,P(tBu)3,2,,12.86,30.990882873535156,34.134193420410156
reaction:3927,P(Ph)3,3,,17.77,39.48357391357422,34.18867874145508
reaction:3928,AmPhos,4,,17.88,37.21834182739258,34.007476806640625
reaction:3929,P(Cy)3,0,,12.99,29.49491310119629,34.0940055847168
reaction:3930,P(o-Tol)3,3,,13.53,31.599729537963867,34.214534759521484
reaction:3931,CataCXium A,2,,13.83,38.78264617919922,34.19322204589844
reaction:3932,SPhos,3,,12.68,34.45805740356445,34.22908401489258
reaction:3934,XPhos,3,,12.83,33.131614685058594,34.215721130371094
reaction:3938,P(tBu)3,0,,20.69,42.83909606933594,34.163291931152344
reaction:3939,P(Ph)3,3,,53.11,47.60930633544922,34.178924560546875
reaction:3940,AmPhos,0,,46.46,48.05351638793945,34.1976432800293
reaction:3941,P(Cy)3,0,,18.38,36.429298400878906,34.111595153808594
reaction:3942,P(o-Tol)3,4,,20.14,39.220436096191406,34.02659606933594
reaction:3943,CataCXium A,2,,58.69,48.023597717285156,34.19427490234375
reaction:3944,SPhos,4,,14.0,33.67670440673828,33.90827178955078
reaction:3946,XPhos,1,,16.74,36.09370040893555,34.05158615112305
reaction:3950,P(tBu)3,3,,17.7,45.25191879272461,34.198585510253906
reaction:3951,P(Ph)3,1,,32.1,52.67140197753906,34.02847671508789
reaction:3952,AmPhos,0,,17.87,45.41107177734375,34.18737030029297
reaction:3953,P(Cy)3,1,,18.72,36.337379455566406,34.00315856933594
reaction:3954,P(o-Tol)3,4,,16.32,38.9849739074707,34.03055953979492
reaction:3955,CataCXium A,2,,17.77,46.17568588256836,34.236732482910156
reaction:3956,SPhos,3,,16.49,42.602561950683594,34.24508285522461
reaction:3958,XPhos,4,,16.07,38.322452545166016,33.896419525146484
reaction:3962,P(tBu)3,1,,28.53,37.80083084106445,33.98729705810547
reaction:3963,P(Ph)3,0,,37.86,47.17115020751953,34.0599250793457
reaction:3964,AmPhos,3,,24.69,42.52483367919922,34.1546630859375
reaction:3965,P(Cy)3,3,,16.02,33.77298355102539,34.149818420410156
reaction:3966,P(o-Tol)3,0,,17.53,34.07007598876953,34.076171875
reaction:3967,CataCXium A,4,,19.02,46.185482025146484,33.9407844543457
reaction:3968,SPhos,3,,15.36,38.48683166503906,34.25354766845703
reaction:3970,XPhos,2,,16.52,34.49003601074219,34.170921325683594
reaction:3974,P(tBu)3,0,,18.4,42.515724182128906,34.213623046875
reaction:3975,P(Ph)3,1,,32.6,52.644447326660156,34.063140869140625
reaction:3976,AmPhos,4,,21.01,40.23739242553711,34.015377044677734
reaction:3977,P(Cy)3,3,,14.75,32.327392578125,34.158843994140625
reaction:3978,P(o-Tol)3,4,,22.25,37.6451416015625,34.049461364746094
reaction:3979,CataCXium A,0,,21.39,47.1933479309082,34.12599182128906
reaction:3980,SPhos,0,,15.41,39.47248077392578,34.127830505371094
reaction:3982,XPhos,2,,20.14,35.479026794433594,34.121482849121094
reaction:3986,P(tBu)3,3,,19.64,43.23700714111328,34.131893157958984
reaction:3987,P(Ph)3,1,,37.23,50.27510452270508,34.03175735473633
reaction:3988,AmPhos,0,,20.82,42.49623107910156,34.2231559753418
reaction:3989,P(Cy)3,4,,18.83,36.714683532714844,33.954551696777344
reaction:3990,P(o-Tol)3,2,,18.35,35.681663513183594,34.10546112060547
reaction:3991,CataCXium A,3,,33.48,49.18864059448242,34.13492202758789
reaction:3992,SPhos,3,,16.16,39.831443786621094,34.27900695800781
reaction:3994,XPhos,3,,17.41,33.787017822265625,34.19906234741211
reaction:3998,P(tBu)3,3,,22.93,41.38655471801758,34.16754150390625
reaction:3999,P(Ph)3,1,,57.68,51.634029388427734,33.98175811767578
reaction:4000,AmPhos,4,,40.65,42.62973403930664,34.02598190307617
reaction:4001,P(Cy)3,2,,20.38,35.84408187866211,34.14150619506836
reaction:4002,P(o-Tol)3,1,,17.77,32.882041931152344,33.99518966674805
reaction:4003,CataCXium A,2,,57.89,48.514583587646484,34.1981315612793
reaction:4004,SPhos,3,,17.04,38.130184173583984,34.263370513916016
reaction:4006,XPhos,1,,16.0,37.1983757019043,34.07148361206055
reaction:4010,P(tBu)3,0,,25.2,38.57256317138672,34.11124801635742
reaction:4011,P(Ph)3,3,,47.55,44.9045295715332,34.191383361816406
reaction:4012,AmPhos,0,,52.13,43.6596565246582,34.222450256347656
reaction:4013,P(Cy)3,0,,24.81,32.71320724487305,34.126670837402344
reaction:4014,P(o-Tol)3,4,,20.9,36.711021423339844,34.055545806884766
reaction:4015,CataCXium A,0,,57.21,46.91840362548828,34.108665466308594
reaction:4016,SPhos,3,,17.2,34.29416275024414,34.25536346435547
reaction:4018,XPhos,4,,18.91,32.42302322387695,33.952667236328125
reaction:4022,P(tBu)3,4,,28.07,35.706687927246094,33.93574142456055
reaction:4023,P(Ph)3,3,,67.49,46.238250732421875,34.19257736206055
reaction:4024,AmPhos,4,,50.05,41.82627868652344,34.03448486328125
reaction:4025,P(Cy)3,4,,20.77,30.98358917236328,33.9263916015625
reaction:4026,P(o-Tol)3,2,,20.88,32.99299240112305,34.110557556152344
reaction:4027,CataCXium A,1,,67.61,43.69218826293945,33.954280853271484
reaction:4028,SPhos,2,,17.3,31.96819305419922,34.06040954589844
reaction:4030,XPhos,3,,16.23,32.70795822143555,34.2220458984375
reaction:4034,P(tBu)3,1,,12.02,35.81945037841797,33.95499038696289
reaction:4035,P(Ph)3,0,,13.72,34.74518585205078,34.093727111816406
reaction:4036,AmPhos,2,,12.47,35.699764251708984,34.14078903198242
reaction:4037,P(Cy)3,2,,11.65,30.947534561157227,34.18001174926758
reaction:4038,P(o-Tol)3,3,,13.9,29.69365692138672,34.12839889526367
reaction:4039,CataCXium A,4,,13.56,35.94783020019531,33.98081970214844
reaction:4040,SPhos,1,,13.75,26.14984703063965,33.966434478759766
reaction:4042,XPhos,4,,14.3,28.8063907623291,33.99507141113281
reaction:4046,P(tBu)3,3,,16.9,38.18588638305664,34.19182205200195
reaction:4047,P(Ph)3,1,,18.3,42.19508361816406,34.01074981689453
reaction:4048,AmPhos,1,,17.09,34.25469207763672,33.99250793457031
reaction:4049,P(Cy)3,2,,18.64,33.20231628417969,34.18114471435547
reaction:4050,P(o-Tol)3,4,,20.27,30.93430519104004,34.00065994262695
reaction:4051,CataCXium A,3,,22.53,35.501312255859375,34.22880554199219
reaction:4052,SPhos,4,,17.32,35.915000915527344,33.99457550048828
reaction:4054,XPhos,3,,17.09,31.68134117126465,34.190330505371094
reaction:4058,P(tBu)3,2,,13.04,31.222885131835938,34.11222839355469
reaction:4059,P(Ph)3,4,,13.51,37.44083023071289,33.971683502197266
reaction:4060,AmPhos,0,,12.36,34.68194580078125,34.13679504394531
reaction:4061,P(Cy)3,1,,14.06,33.88569641113281,34.0131721496582
reaction:4062,P(o-Tol)3,1,,14.22,30.888622283935547,33.969337463378906
reaction:4063,CataCXium A,3,,13.74,38.17763900756836,34.227516174316406
reaction:4064,SPhos,2,,14.1,32.06834030151367,34.092262268066406
reaction:4066,XPhos,4,,14.1,33.350555419921875,33.973724365234375
reaction:4070,P(tBu)3,4,,14.48,36.61579895019531,33.991641998291016
reaction:4071,P(Ph)3,1,,17.99,42.836181640625,34.03395462036133
reaction:4072,AmPhos,3,,11.6,30.107555389404297,34.07120132446289
reaction:4073,P(Cy)3,2,,12.44,33.07839584350586,34.204158782958984
reaction:4074,P(o-Tol)3,1,,16.27,32.7619743347168,34.02568054199219
reaction:4075,CataCXium A,0,,12.36,35.635684967041016,34.085025787353516
reaction:4076,SPhos,0,,13.53,37.00421142578125,34.23362731933594
reaction:4078,XPhos,1,,13.5,31.581695556640625,34.067771911621094
reaction:4082,P(tBu)3,4,,13.12,29.443941116333008,33.985496520996094
reaction:4083,P(Ph)3,1,,15.23,39.95655822753906,34.03009796142578
reaction:4084,AmPhos,4,,11.83,31.54571533203125,33.988956451416016
reaction:4085,P(Cy)3,3,,13.09,32.36083221435547,34.11725616455078
reaction:4086,P(o-Tol)3,3,,13.77,29.167770385742188,34.126441955566406
reaction:4087,CataCXium A,3,,12.14,36.24751281738281,34.229949951171875
reaction:4088,SPhos,0,,12.62,32.149322509765625,34.19078063964844
reaction:4090,XPhos,4,,14.08,33.2444953918457,34.0296630859375
reaction:4094,P(tBu)3,1,,13.21,34.368438720703125,33.97987365722656
reaction:4095,P(Ph)3,3,,15.71,37.50536346435547,34.0833625793457
reaction:4096,AmPhos,1,,12.61,33.23664093017578,34.00872802734375
reaction:4097,P(Cy)3,4,,12.78,29.45014762878418,33.95469665527344
reaction:4098,P(o-Tol)3,4,,14.74,29.486608505249023,34.00031661987305
reaction:4099,CataCXium A,1,,13.87,35.90598678588867,33.98176956176758
reaction:4100,SPhos,0,,13.37,30.11569595336914,34.176204681396484
reaction:4102,XPhos,1,,14.58,29.638675689697266,34.083763122558594
reaction:4106,P(tBu)3,3,,12.49,27.21663475036621,34.140838623046875
reaction:4107,P(Ph)3,4,,20.36,38.654300689697266,33.97751998901367
reaction:4108,AmPhos,0,,13.01,33.40296173095703,34.17914581298828
reaction:4109,P(Cy)3,4,,13.94,33.63512420654297,33.979103088378906
reaction:4110,P(o-Tol)3,4,,14.48,31.034515380859375,34.02311706542969
reaction:4111,CataCXium A,4,,14.14,38.94448471069336,33.932796478271484
reaction:4112,SPhos,4,,13.14,32.27170944213867,33.92504119873047
reaction:4114,XPhos,4,,13.69,34.24921417236328,34.070438385009766
reaction:4118,P(tBu)3,4,,13.15,33.07525634765625,34.01164245605469
reaction:4119,P(Ph)3,1,,16.14,41.09994888305664,33.99263000488281
reaction:4120,AmPhos,2,,12.26,34.890052795410156,34.158782958984375
reaction:4121,P(Cy)3,2,,14.6,29.22575569152832,34.16018295288086
reaction:4122,P(o-Tol)3,0,,14.35,28.357736587524414,34.07770919799805
reaction:4123,CataCXium A,3,,15.34,39.301387786865234,34.21473693847656
reaction:4124,SPhos,0,,13.64,30.660079956054688,34.199974060058594
reaction:4126,XPhos,1,,14.78,28.957530975341797,34.03468322753906
reaction:4130,P(tBu)3,4,,56.15,39.542510986328125,33.9757080078125
reaction:4131,P(Ph)3,2,,48.5,49.361122131347656,34.078147888183594
reaction:4132,AmPhos,1,,62.12,43.88772964477539,33.97238540649414
reaction:4133,P(Cy)3,4,,20.21,32.164207458496094,33.99638366699219
reaction:4134,P(o-Tol)3,1,,74.71,49.53669357299805,34.03397750854492
reaction:4135,CataCXium A,1,,60.48,47.42949676513672,34.00491714477539
reaction:4136,SPhos,1,,18.91,37.8917236328125,33.98497772216797
reaction:4138,XPhos,2,,29.22,34.803409576416016,34.17133712768555
reaction:4142,P(tBu)3,3,,38.52,50.091468811035156,34.169532775878906
reaction:4143,P(Ph)3,4,,58.94,50.464725494384766,34.00782775878906
reaction:4144,AmPhos,2,,46.32,49.06965637207031,34.13376235961914
reaction:4145,P(Cy)3,4,,27.29,38.9112548828125,34.0189208984375
reaction:4146,P(o-Tol)3,2,,51.26,55.603511810302734,34.032962799072266
reaction:4147,CataCXium A,2,,44.78,51.5279655456543,34.19990158081055
reaction:4148,SPhos,4,,47.02,46.710025787353516,33.948692321777344
reaction:4150,XPhos,2,,41.29,41.92951965332031,34.197425842285156
reaction:4154,P(tBu)3,0,,46.83,42.67540740966797,34.183834075927734
reaction:4155,P(Ph)3,4,,68.15,53.122337341308594,34.008575439453125
reaction:4156,AmPhos,4,,57.98,44.428955078125,34.000606536865234
reaction:4157,P(Cy)3,1,,31.08,42.16702651977539,34.07970428466797
reaction:4158,P(o-Tol)3,3,,74.84,52.96831512451172,34.15574264526367
reaction:4159,CataCXium A,2,,66.67,50.442291259765625,34.18453598022461
reaction:4160,SPhos,2,,51.04,41.07695388793945,34.20743179321289
reaction:4162,XPhos,2,,49.83,44.112396240234375,34.1882209777832
reaction:4166,P(tBu)3,0,,39.95,46.7852668762207,34.191490173339844
reaction:4167,P(Ph)3,1,,73.12,54.39348602294922,34.034149169921875
reaction:4168,AmPhos,2,,6.65,47.52329635620117,34.13755416870117
reaction:4169,P(Cy)3,1,,0.0,40.22749328613281,34.01335525512695
reaction:4170,P(o-Tol)3,4,,63.01,53.68804168701172,34.027015686035156
reaction:4171,CataCXium A,4,,61.84,46.36161422729492,33.973655700683594
reaction:4172,SPhos,2,,59.43,39.59574508666992,34.171356201171875
reaction:4174,XPhos,0,,58.39,43.45100021362305,34.09696960449219
reaction:4178,P(tBu)3,2,,57.66,41.245506286621094,34.18809509277344
reaction:4179,P(Ph)3,3,,40.92,54.162506103515625,34.11174392700195
reaction:4180,AmPhos,3,,52.74,47.23667907714844,34.149085998535156
reaction:4181,P(Cy)3,4,,35.41,40.80955123901367,34.04153060913086
reaction:4182,P(o-Tol)3,0,,74.05,54.014747619628906,34.08214569091797
reaction:4183,CataCXium A,0,,57.44,49.57408142089844,34.018856048583984
reaction:4184,SPhos,3,,39.32,44.469879150390625,34.187171936035156
reaction:4186,XPhos,2,,46.03,40.88096618652344,34.173789978027344
reaction:4190,P(tBu)3,2,,40.8,40.855506896972656,34.18840026855469
reaction:4191,P(Ph)3,4,,64.11,51.27573776245117,33.989585876464844
reaction:4192,AmPhos,4,,57.24,44.3325309753418,34.03163146972656
reaction:4193,P(Cy)3,1,,17.87,38.17918014526367,34.0598258972168
reaction:4194,P(o-Tol)3,1,,71.99,52.53737258911133,34.024566650390625
reaction:4195,CataCXium A,1,,65.69,51.99199676513672,34.0424919128418
reaction:4196,SPhos,1,,21.1,41.10276794433594,33.97196578979492
reaction:4198,XPhos,1,,24.86,40.52418899536133,34.03318405151367
reaction:4202,P(tBu)3,4,,57.08,41.43465042114258,33.96396255493164
reaction:4203,P(Ph)3,1,,64.73,48.2209358215332,33.97098159790039
reaction:4204,AmPhos,0,,71.17,46.449462890625,34.16915512084961
reaction:4205,P(Cy)3,4,,28.01,38.140472412109375,34.01310348510742
reaction:4206,P(o-Tol)3,4,,74.34,54.381996154785156,34.013580322265625
reaction:4207,CataCXium A,3,,56.68,50.06298065185547,34.08134078979492
reaction:4208,SPhos,2,,32.23,37.155757904052734,34.193050384521484
reaction:4210,XPhos,4,,33.45,39.20294189453125,33.970882415771484
reaction:4214,P(tBu)3,2,,45.81,42.351463317871094,34.23841857910156
reaction:4215,P(Ph)3,1,,72.19,51.83491897583008,34.015342712402344
reaction:4216,AmPhos,1,,52.92,46.813724517822266,33.9742431640625
reaction:4217,P(Cy)3,0,,28.32,35.78458023071289,34.11054992675781
reaction:4218,P(o-Tol)3,3,,68.86,51.892913818359375,34.19289016723633
reaction:4219,CataCXium A,2,,59.44,53.57807159423828,34.19480514526367
reaction:4220,SPhos,0,,54.8,43.634254455566406,34.08140182495117
reaction:4222,XPhos,0,,42.55,39.245574951171875,34.14482879638672
reaction:4226,P(tBu)3,2,,16.56,28.856285095214844,34.108619689941406
reaction:4227,P(Ph)3,1,,19.58,30.631376266479492,34.061767578125
reaction:4228,AmPhos,4,,17.09,27.921241760253906,33.99488067626953
reaction:4229,P(Cy)3,2,,17.27,29.468883514404297,34.182701110839844
reaction:4230,P(o-Tol)3,0,,18.46,27.283843994140625,34.16505813598633
reaction:4231,CataCXium A,2,,21.89,29.531715393066406,34.14605712890625
reaction:4232,SPhos,0,,16.09,33.389068603515625,34.1092529296875
reaction:4234,XPhos,0,,17.25,34.70097351074219,34.17233657836914
reaction:4238,P(tBu)3,0,,16.17,27.031360626220703,34.20444107055664
reaction:4239,P(Ph)3,2,,18.37,29.339908599853516,34.122371673583984
reaction:4240,AmPhos,2,,15.92,28.11423110961914,34.14988327026367
reaction:4241,P(Cy)3,4,,20.33,29.684925079345703,33.9536247253418
reaction:4242,P(o-Tol)3,0,,15.52,27.75303840637207,34.15891647338867
reaction:4243,CataCXium A,2,,16.65,27.909727096557617,34.13587951660156
reaction:4244,SPhos,3,,17.6,38.432350158691406,34.16546630859375
reaction:4246,XPhos,1,,16.82,39.23708724975586,34.003028869628906
reaction:4250,P(tBu)3,0,,19.02,29.362716674804688,34.18522644042969
reaction:4251,P(Ph)3,1,,17.07,33.2042236328125,34.100914001464844
reaction:4252,AmPhos,1,,19.41,29.326316833496094,34.061973571777344
reaction:4253,P(Cy)3,1,,19.05,27.13826560974121,33.9565315246582
reaction:4254,P(o-Tol)3,0,,18.46,27.13930320739746,34.14068603515625
reaction:4255,CataCXium A,1,,16.05,28.784046173095703,34.03797149658203
reaction:4256,SPhos,0,,17.84,35.93050003051758,34.12547302246094
reaction:4258,XPhos,1,,16.16,37.51434326171875,33.99302291870117
reaction:4262,P(tBu)3,4,,15.77,29.48361587524414,34.02489471435547
reaction:4263,P(Ph)3,1,,15.01,32.63777160644531,34.09835433959961
reaction:4264,AmPhos,4,,12.55,27.094383239746094,33.94813537597656
reaction:4265,P(Cy)3,4,,14.57,28.6318416595459,33.94287872314453
reaction:4266,P(o-Tol)3,2,,15.0,29.096559524536133,34.15904235839844
reaction:4267,CataCXium A,1,,13.51,29.779132843017578,34.03127670288086
reaction:4268,SPhos,3,,15.85,38.43886947631836,34.15400314331055
reaction:4270,XPhos,2,,14.19,40.383026123046875,34.12207794189453
reaction:4274,P(tBu)3,3,,13.07,29.44820213317871,34.25222396850586
reaction:4275,P(Ph)3,3,,18.44,29.924352645874023,34.112770080566406
reaction:4276,AmPhos,1,,15.32,29.94321632385254,34.06142044067383
reaction:4277,P(Cy)3,3,,16.18,30.125085830688477,34.13003921508789
reaction:4278,P(o-Tol)3,4,,16.91,29.94444465637207,33.98701095581055
reaction:4279,CataCXium A,3,,16.03,27.277509689331055,34.15700912475586
reaction:4280,SPhos,1,,16.08,35.14189910888672,34.032440185546875
reaction:4282,XPhos,4,,17.59,36.888999938964844,33.962547302246094
reaction:4286,P(tBu)3,3,,12.92,30.52520179748535,34.263057708740234
reaction:4287,P(Ph)3,1,,14.61,32.57921600341797,34.10255813598633
reaction:4288,AmPhos,3,,13.97,27.453018188476562,34.1474723815918
reaction:4289,P(Cy)3,2,,12.83,29.53834342956543,34.17451095581055
reaction:4290,P(o-Tol)3,2,,13.53,28.045072555541992,34.167381286621094
reaction:4291,CataCXium A,0,,14.39,28.934616088867188,34.11851501464844
reaction:4292,SPhos,4,,12.68,35.83903884887695,33.99264907836914
reaction:4294,XPhos,3,,14.31,37.88705825805664,34.110530853271484
reaction:4298,P(tBu)3,0,,14.68,27.17436981201172,34.1601448059082
reaction:4299,P(Ph)3,4,,16.79,31.274675369262695,34.001731872558594
reaction:4300,AmPhos,0,,15.83,28.394105911254883,34.15292739868164
reaction:4301,P(Cy)3,2,,16.64,29.42437171936035,34.17028045654297
reaction:4302,P(o-Tol)3,2,,14.66,27.76605796813965,34.16122055053711
reaction:4303,CataCXium A,4,,13.85,29.914335250854492,33.87563705444336
reaction:4304,SPhos,4,,14.78,35.15814208984375,34.017539978027344
reaction:4306,XPhos,0,,15.62,39.077857971191406,34.20722579956055
reaction:4310,P(tBu)3,4,,13.75,28.15215301513672,34.02403259277344
reaction:4311,P(Ph)3,4,,16.47,29.425085067749023,33.979530334472656
reaction:4312,AmPhos,3,,14.35,28.567636489868164,34.160648345947266
reaction:4313,P(Cy)3,4,,19.04,28.594709396362305,33.95063400268555
reaction:4314,P(o-Tol)3,1,,14.5,27.263044357299805,33.99745559692383
reaction:4315,CataCXium A,0,,14.5,28.766206741333008,34.136680603027344
reaction:4316,SPhos,1,,15.64,36.075477600097656,34.031124114990234
reaction:4318,XPhos,4,,16.17,34.82244110107422,33.952369689941406
reaction:4322,P(tBu)3,2,,15.0,33.757728576660156,34.204341888427734
reaction:4323,P(Ph)3,4,,23.92,31.39554214477539,33.958126068115234
reaction:4324,AmPhos,1,,16.41,32.76048278808594,34.00830841064453
reaction:4325,P(Cy)3,2,,18.72,39.52835464477539,34.218814849853516
reaction:4326,P(o-Tol)3,0,,17.59,28.661521911621094,34.201786041259766
reaction:4327,CataCXium A,2,,30.05,38.013648986816406,34.18332290649414
reaction:4328,SPhos,3,,17.76,36.44768524169922,34.14751052856445
reaction:4330,XPhos,2,,20.28,41.167076110839844,34.15847396850586
reaction:4334,P(tBu)3,3,,13.24,32.183921813964844,34.232112884521484
reaction:4335,P(Ph)3,0,,24.25,33.15776824951172,34.154884338378906
reaction:4336,AmPhos,2,,18.07,32.785255432128906,34.14187240600586
reaction:4337,P(Cy)3,2,,23.95,37.58763122558594,34.1849365234375
reaction:4338,P(o-Tol)3,1,,17.46,31.303768157958984,34.069236755371094
reaction:4339,CataCXium A,3,,20.28,39.93921661376953,34.16767120361328
reaction:4340,SPhos,4,,17.39,40.35594940185547,34.03875732421875
reaction:4342,XPhos,1,,15.9,40.028865814208984,33.9782829284668
reaction:4346,P(tBu)3,2,,15.37,32.224327087402344,34.195072174072266
reaction:4347,P(Ph)3,4,,20.73,31.921337127685547,33.97727584838867
reaction:4348,AmPhos,0,,16.14,32.720458984375,34.18560791015625
reaction:4349,P(Cy)3,4,,21.08,34.35814666748047,33.98368453979492
reaction:4350,P(o-Tol)3,4,,16.32,27.568883895874023,33.97651290893555
reaction:4351,CataCXium A,3,,21.37,36.45140838623047,34.16632843017578
reaction:4352,SPhos,2,,15.13,37.90849304199219,34.177345275878906
reaction:4354,XPhos,2,,17.4,40.39588928222656,34.210453033447266
reaction:4358,P(tBu)3,3,,14.73,33.49226760864258,34.263553619384766
reaction:4359,P(Ph)3,3,,17.57,31.12778663635254,34.1240234375
reaction:4360,AmPhos,3,,15.24,31.621877670288086,34.19615173339844
reaction:4361,P(Cy)3,1,,18.65,33.705078125,33.95013427734375
reaction:4362,P(o-Tol)3,1,,18.25,28.11602020263672,34.0141487121582
reaction:4363,CataCXium A,1,,17.99,35.203487396240234,34.014678955078125
reaction:4364,SPhos,1,,15.93,37.423091888427734,33.96748352050781
reaction:4366,XPhos,2,,15.94,44.99760818481445,34.15716552734375
reaction:4370,P(tBu)3,4,,15.38,34.1813850402832,33.99917221069336
reaction:4371,P(Ph)3,2,,21.31,30.594945907592773,34.10969161987305
reaction:4372,AmPhos,0,,14.96,32.92635726928711,34.168907165527344
reaction:4373,P(Cy)3,2,,20.82,37.67881774902344,34.18535232543945
reaction:4374,P(o-Tol)3,3,,17.07,26.19386100769043,34.10205841064453
reaction:4375,CataCXium A,3,,18.0,39.3848876953125,34.18611145019531
reaction:4376,SPhos,2,,15.82,35.37133026123047,34.178585052490234
reaction:4378,XPhos,0,,17.56,37.58861541748047,34.17620086669922
reaction:4382,P(tBu)3,3,,13.11,38.414608001708984,34.243507385253906
reaction:4383,P(Ph)3,1,,17.1,33.17227554321289,34.03799819946289
reaction:4384,AmPhos,0,,15.47,33.28471374511719,34.17497634887695
reaction:4385,P(Cy)3,2,,16.8,39.62541198730469,34.228702545166016
reaction:4386,P(o-Tol)3,1,,15.12,29.489742279052734,34.04595184326172
reaction:4387,CataCXium A,4,,23.62,34.50677490234375,33.964962005615234
reaction:4388,SPhos,2,,15.91,36.404151916503906,34.225257873535156
reaction:4390,XPhos,3,,18.72,39.42669677734375,34.137847900390625
reaction:4394,P(tBu)3,4,,17.88,31.213706970214844,34.038169860839844
reaction:4395,P(Ph)3,0,,24.55,30.966073989868164,34.12797927856445
reaction:4396,AmPhos,4,,17.41,31.06016731262207,33.974666595458984
reaction:4397,P(Cy)3,3,,22.84,33.405059814453125,34.05340576171875
reaction:4398,P(o-Tol)3,4,,16.99,26.34096908569336,33.950069427490234
reaction:4399,CataCXium A,4,,27.27,36.309715270996094,33.98564147949219
reaction:4400,SPhos,4,,19.81,33.770294189453125,34.04523849487305
reaction:4402,XPhos,0,,23.55,36.398704528808594,34.190216064453125
reaction:4406,P(tBu)3,1,,18.18,31.0891056060791,34.0108642578125
reaction:4407,P(Ph)3,1,,25.49,30.22950553894043,34.00253677368164
reaction:4408,AmPhos,3,,20.49,31.05953598022461,34.18791198730469
reaction:4409,P(Cy)3,4,,25.25,34.188377380371094,33.95988082885742
reaction:4410,P(o-Tol)3,0,,20.02,27.40838623046875,34.186859130859375
reaction:4411,CataCXium A,4,,27.52,35.59342956542969,33.92238998413086
reaction:4412,SPhos,4,,23.94,34.179073333740234,34.04701614379883
reaction:4414,XPhos,2,,23.22,37.23912048339844,34.186439514160156
reaction:4418,P(tBu)3,1,,16.07,30.949485778808594,34.071292877197266
reaction:4419,P(Ph)3,0,,18.38,30.196136474609375,34.154388427734375
reaction:4420,AmPhos,4,,15.57,27.02779197692871,33.959774017333984
reaction:4421,P(Cy)3,1,,18.48,27.124414443969727,33.99562072753906
reaction:4422,P(o-Tol)3,4,,14.48,25.83551597595215,33.875919342041016
reaction:4423,CataCXium A,3,,18.58,32.98138427734375,34.23944854736328
reaction:4424,SPhos,3,,15.35,32.00791931152344,34.18973159790039
reaction:4426,XPhos,4,,19.2,27.966201782226562,33.889408111572266
reaction:4430,P(tBu)3,1,,15.72,32.03516387939453,34.07158660888672
reaction:4431,P(Ph)3,0,,22.66,30.73705291748047,34.16515350341797
reaction:4432,AmPhos,2,,15.3,28.529109954833984,34.138023376464844
reaction:4433,P(Cy)3,0,,18.47,31.414710998535156,34.177490234375
reaction:4434,P(o-Tol)3,1,,15.05,27.72783851623535,33.973182678222656
reaction:4435,CataCXium A,1,,17.23,30.698394775390625,34.060752868652344
reaction:4436,SPhos,3,,17.26,38.94087219238281,34.190635681152344
reaction:4438,XPhos,2,,16.94,40.19032669067383,34.161685943603516
reaction:4442,P(tBu)3,4,,15.78,26.255760192871094,33.981624603271484
reaction:4443,P(Ph)3,3,,18.87,30.106828689575195,34.14038848876953
reaction:4444,AmPhos,1,,16.46,29.0261173248291,34.065399169921875
reaction:4445,P(Cy)3,4,,18.4,28.521434783935547,33.9102783203125
reaction:4446,P(o-Tol)3,1,,14.87,27.04818344116211,33.97233200073242
reaction:4447,CataCXium A,1,,21.69,31.843202590942383,34.08171081542969
reaction:4448,SPhos,4,,15.27,31.83679962158203,34.016658782958984
reaction:4450,XPhos,2,,17.07,35.63489532470703,34.178932189941406
reaction:4454,P(tBu)3,1,,16.44,30.55418586730957,34.0339469909668
reaction:4455,P(Ph)3,1,,18.56,31.562946319580078,33.994239807128906
reaction:4456,AmPhos,3,,14.0,27.797426223754883,34.12013244628906
reaction:4457,P(Cy)3,2,,20.05,27.73623275756836,34.15133285522461
reaction:4458,P(o-Tol)3,3,,16.21,26.368148803710938,34.09914779663086
reaction:4459,CataCXium A,3,,16.67,29.995580673217773,34.225406646728516
reaction:4460,SPhos,4,,16.39,33.11331558227539,33.996803283691406
reaction:4462,XPhos,0,,16.01,33.53362274169922,34.22894287109375
reaction:4466,P(tBu)3,1,,16.18,27.710620880126953,34.06847381591797
reaction:4467,P(Ph)3,0,,20.35,31.34748649597168,34.15525436401367
reaction:4468,AmPhos,1,,14.9,28.02466583251953,34.061805725097656
reaction:4469,P(Cy)3,3,,16.96,29.97603988647461,34.14154815673828
reaction:4470,P(o-Tol)3,2,,15.58,27.264673233032227,34.20256423950195
reaction:4471,CataCXium A,1,,18.97,28.049970626831055,34.03129196166992
reaction:4472,SPhos,0,,17.13,32.042320251464844,34.06306076049805
reaction:4474,XPhos,0,,17.21,36.715301513671875,34.24374771118164
reaction:4478,P(tBu)3,4,,17.97,27.285106658935547,33.9856071472168
reaction:4479,P(Ph)3,3,,18.63,31.36030387878418,34.162044525146484
reaction:4480,AmPhos,1,,17.25,27.391738891601562,34.05768585205078
reaction:4481,P(Cy)3,0,,15.67,27.628896713256836,34.13572692871094
reaction:4482,P(o-Tol)3,2,,20.33,27.211017608642578,34.19942092895508
reaction:4483,CataCXium A,2,,23.83,30.162551879882812,34.13219451904297
reaction:4484,SPhos,3,,20.55,31.291780471801758,34.161033630371094
reaction:4486,XPhos,2,,21.74,31.26544952392578,34.13161849975586
reaction:4490,P(tBu)3,2,,16.38,23.785839080810547,34.112186431884766
reaction:4491,P(Ph)3,4,,24.48,30.857358932495117,33.98844909667969
reaction:4492,AmPhos,0,,15.65,28.500579833984375,34.11981964111328
reaction:4493,P(Cy)3,1,,15.08,32.02067184448242,33.99732971191406
reaction:4494,P(o-Tol)3,0,,17.56,25.855798721313477,34.092525482177734
reaction:4495,CataCXium A,0,,17.63,30.541263580322266,34.1030158996582
reaction:4496,SPhos,1,,20.91,34.083457946777344,34.01836013793945
reaction:4498,XPhos,0,,20.83,38.53687286376953,34.266014099121094
reaction:4502,P(tBu)3,1,,16.59,29.971675872802734,34.08449935913086
reaction:4503,P(Ph)3,2,,18.58,31.03885841369629,34.1447639465332
reaction:4504,AmPhos,1,,18.45,29.228111267089844,34.0731086730957
reaction:4505,P(Cy)3,0,,19.87,29.750499725341797,34.152469635009766
reaction:4506,P(o-Tol)3,2,,24.19,26.89665985107422,34.191043853759766
reaction:4507,CataCXium A,3,,20.3,31.906675338745117,34.22808074951172
reaction:4508,SPhos,1,,19.59,33.46631622314453,34.02787780761719
reaction:4510,XPhos,0,,17.96,34.340049743652344,34.22176742553711
reaction:4514,P(tBu)3,4,,20.81,28.518190383911133,33.988311767578125
reaction:4515,P(Ph)3,2,,19.75,32.333248138427734,34.19368362426758
reaction:4516,AmPhos,3,,18.21,29.186738967895508,34.132564544677734
reaction:4517,P(Cy)3,3,,15.9,30.32679557800293,34.14604187011719
reaction:4518,P(o-Tol)3,1,,16.42,27.64971351623535,33.930152893066406
reaction:4519,CataCXium A,3,,24.69,35.31853103637695,34.197662353515625
reaction:4520,SPhos,3,,20.73,36.16673278808594,34.22236251831055
reaction:4522,XPhos,1,,22.67,35.58408737182617,33.936038970947266
reaction:4526,P(tBu)3,0,,24.93,32.725311279296875,34.20524215698242
reaction:4527,P(Ph)3,3,,18.72,32.87501907348633,34.09263229370117
reaction:4528,AmPhos,0,,18.15,28.974735260009766,34.121124267578125
reaction:4529,P(Cy)3,0,,19.91,32.463958740234375,34.09199142456055
reaction:4530,P(o-Tol)3,0,,18.3,30.76255226135254,34.18528366088867
reaction:4531,CataCXium A,3,,21.39,33.76446533203125,34.16044998168945
reaction:4532,SPhos,1,,49.99,39.12716293334961,33.97768020629883
reaction:4534,XPhos,3,,48.27,40.24925231933594,34.13404846191406
reaction:4538,P(tBu)3,2,,22.1,30.141895294189453,34.16749954223633
reaction:4539,P(Ph)3,4,,21.95,33.274654388427734,33.97372055053711
reaction:4540,AmPhos,4,,18.31,31.60087776184082,34.02545928955078
reaction:4541,P(Cy)3,3,,18.12,33.489158630371094,34.16286849975586
reaction:4542,P(o-Tol)3,4,,17.6,31.438888549804688,34.00312042236328
reaction:4543,CataCXium A,2,,22.0,33.089412689208984,34.15935516357422
reaction:4544,SPhos,2,,41.19,38.78816223144531,34.19252395629883
reaction:4546,XPhos,0,,47.01,39.58878707885742,34.19623565673828
reaction:4550,P(tBu)3,0,,21.35,29.68247413635254,34.15033721923828
reaction:4551,P(Ph)3,0,,17.63,31.823223114013672,34.13872146606445
reaction:4552,AmPhos,2,,15.26,28.582168579101562,34.171504974365234
reaction:4553,P(Cy)3,2,,16.98,30.538240432739258,34.13560104370117
reaction:4554,P(o-Tol)3,2,,15.16,30.918363571166992,34.12479019165039
reaction:4555,CataCXium A,3,,26.24,31.336565017700195,34.18455505371094
reaction:4556,SPhos,0,,41.97,37.48508071899414,34.049991607666016
reaction:4558,XPhos,0,,59.08,40.29893112182617,34.200801849365234
reaction:4562,P(tBu)3,1,,23.23,31.76030731201172,33.97801971435547
reaction:4563,P(Ph)3,4,,21.3,34.13867950439453,33.95399856567383
reaction:4564,AmPhos,3,,14.78,29.952173233032227,34.14996337890625
reaction:4565,P(Cy)3,1,,19.1,31.711162567138672,33.95920944213867
reaction:4566,P(o-Tol)3,4,,14.98,32.473514556884766,34.02615737915039
reaction:4567,CataCXium A,2,,7.73,32.81953048706055,34.158634185791016
reaction:4568,SPhos,3,,34.85,38.838600158691406,34.2043342590332
reaction:4570,XPhos,2,,38.14,37.588565826416016,34.07720184326172
reaction:4574,P(tBu)3,3,,18.97,31.971092224121094,34.23445129394531
reaction:4575,P(Ph)3,1,,38.79,32.75221252441406,34.00431442260742
reaction:4576,AmPhos,4,,16.74,30.05635643005371,34.02885818481445
reaction:4577,P(Cy)3,4,,17.02,30.653244018554688,33.92733383178711
reaction:4578,P(o-Tol)3,0,,18.27,29.009796142578125,34.14839553833008
reaction:4579,CataCXium A,2,,20.16,34.64835739135742,34.203285217285156
reaction:4580,SPhos,2,,21.06,35.97141647338867,34.23286056518555
reaction:4582,XPhos,3,,23.15,39.93443298339844,34.181800842285156
reaction:4586,P(tBu)3,4,,21.12,31.9348201751709,34.00919723510742
reaction:4587,P(Ph)3,1,,22.31,30.80687141418457,33.98457717895508
reaction:4588,AmPhos,4,,16.35,32.79363250732422,34.04836654663086
reaction:4589,P(Cy)3,2,,19.72,31.581459045410156,34.13633346557617
reaction:4590,P(o-Tol)3,3,,17.77,29.515411376953125,34.082698822021484
reaction:4591,CataCXium A,0,,26.28,32.79756164550781,34.13007354736328
reaction:4592,SPhos,3,,19.93,34.96160125732422,34.189598083496094
reaction:4594,XPhos,0,,29.03,38.950958251953125,34.23154067993164
reaction:4598,P(tBu)3,1,,19.82,33.702972412109375,34.01466369628906
reaction:4599,P(Ph)3,2,,19.28,35.294219970703125,34.210418701171875
reaction:4600,AmPhos,4,,18.14,31.856393814086914,34.031524658203125
reaction:4601,P(Cy)3,1,,21.39,30.907182693481445,33.989070892333984
reaction:4602,P(o-Tol)3,4,,17.83,30.783031463623047,33.96009063720703
reaction:4603,CataCXium A,0,,20.89,31.929828643798828,34.13307189941406
reaction:4604,SPhos,2,,48.66,39.07392883300781,34.159915924072266
reaction:4606,XPhos,2,,43.45,39.26499938964844,34.1058349609375
