row_id,ligand,fold,reference_group,y_true,y_pred,y_std
reaction:1,XPhos,1,XPhos,10.65781182,35.76881790161133,31.20891761779785
reaction:2,XPhos,1,XPhos,14.7478961,35.81302261352539,31.208709716796875
reaction:3,XPhos,1,XPhos,18.27868619,36.324337005615234,31.207599639892578
reaction:4,XPhos,1,XPhos,2.475057616,35.55900192260742,31.20941925048828
reaction:5,XPhos,1,XPhos,6.119058475,36.12364959716797,31.20880126953125
reaction:6,XPhos,1,XPhos,5.449924218,37.11989974975586,31.20978355407715
reaction:7,XPhos,1,XPhos,7.802080337,35.12497329711914,31.208454132080078
reaction:8,XPhos,1,XPhos,14.23417841,36.61174011230469,31.208513259887695
reaction:9,XPhos,1,XPhos,15.41389344,37.1661376953125,31.20850944519043
reaction:10,XPhos,1,XPhos,9.46569581,35.70217514038086,31.209564208984375
reaction:11,XPhos,1,XPhos,15.23875818,36.013797760009766,31.209245681762695
reaction:12,XPhos,1,XPhos,19.59428889,36.4261474609375,31.20935821533203
reaction:13,XPhos,1,XPhos,7.787908452000001,35.84973907470703,31.20878791809082
reaction:14,XPhos,1,XPhos,9.677591971,36.36708450317383,31.21027374267578
reaction:15,XPhos,1,XPhos,13.17521743,37.378814697265625,31.203332901000977
reaction:16,XPhos,1,XPhos,14.01864146,35.90487289428711,31.2089786529541
reaction:17,XPhos,1,XPhos,30.5912617,36.711971282958984,31.208723068237305
reaction:18,XPhos,1,XPhos,38.15573638,37.47827911376953,31.207624435424805
reaction:19,XPhos,1,XPhos,0.456472494,35.81814956665039,31.209468841552734
reaction:20,XPhos,1,XPhos,3.867385769,36.698387145996094,31.20905113220215
reaction:21,XPhos,1,XPhos,7.024622197,37.679656982421875,31.2097225189209
reaction:22,XPhos,1,XPhos,2.84616447,35.427642822265625,31.207799911499023
reaction:23,XPhos,1,XPhos,18.8690087,37.2597541809082,31.20866584777832
reaction:24,XPhos,1,XPhos,25.0736586,38.51365661621094,31.208587646484375
reaction:25,XPhos,1,XPhos,21.66658644,35.56919860839844,31.20955467224121
reaction:26,XPhos,1,XPhos,48.48749388,36.13888931274414,31.20922088623047
reaction:27,XPhos,1,XPhos,58.61075678,36.746482849121094,31.209156036376953
reaction:28,XPhos,1,XPhos,4.169292721000001,35.759708404541016,31.209012985229492
reaction:29,XPhos,1,XPhos,11.38334579,37.807594299316406,31.21033477783203
reaction:30,XPhos,1,XPhos,24.41818234,38.97676086425781,31.202856063842773
reaction:31,XPhos,1,XPhos,14.96739578,36.6250114440918,31.209247589111328
reaction:32,XPhos,1,XPhos,30.28625472,37.84635925292969,31.208263397216797
reaction:33,XPhos,1,XPhos,39.57783871,38.74037551879883,31.207027435302734
reaction:34,XPhos,1,XPhos,0.339837285,36.287025451660156,31.20917320251465
reaction:35,XPhos,1,XPhos,3.12306153,37.639686584472656,31.20893096923828
reaction:36,XPhos,1,XPhos,5.140109821,38.943260192871094,31.2098445892334
reaction:37,XPhos,1,XPhos,3.920306162,35.8578987121582,31.208492279052734
reaction:38,XPhos,1,XPhos,15.39753007,38.59114456176758,31.20869255065918
reaction:39,XPhos,1,XPhos,22.45064906,39.74642562866211,31.208545684814453
reaction:40,XPhos,1,XPhos,23.68617418,37.88882827758789,31.209562301635742
reaction:41,XPhos,1,XPhos,42.69485888,38.781063079833984,31.20938491821289
reaction:42,XPhos,1,XPhos,54.83360857,39.89583206176758,31.209346771240234
reaction:43,XPhos,1,XPhos,6.351542297000001,36.5054817199707,31.208961486816406
reaction:44,XPhos,1,XPhos,14.16472216,39.271202087402344,31.210256576538086
reaction:45,XPhos,1,XPhos,17.378304,40.402008056640625,31.203481674194336
reaction:46,XPhos,1,XPhos,3.606676847,35.94556427001953,31.210920333862305
reaction:47,XPhos,1,XPhos,35.07866175,37.1734733581543,31.210552215576172
reaction:48,XPhos,1,XPhos,43.31814591,37.94253921508789,31.20939826965332
reaction:49,XPhos,1,XPhos,0.0,36.0439453125,31.211233139038086
reaction:50,XPhos,1,XPhos,29.29817829,37.56800079345703,31.210689544677734
reaction:51,XPhos,1,XPhos,37.56535564,38.89952850341797,31.21161460876465
reaction:52,XPhos,1,XPhos,0.960810012,35.454246520996094,31.210290908813477
reaction:53,XPhos,1,XPhos,59.0196812,38.387943267822266,31.210311889648438
reaction:54,XPhos,1,XPhos,70.96873006,39.19261169433594,31.21031379699707
reaction:55,XPhos,1,XPhos,35.13952712,37.176536560058594,31.21139144897461
reaction:56,XPhos,1,XPhos,37.65445791,37.4989013671875,31.211170196533203
reaction:57,XPhos,1,XPhos,51.10248957,38.212120056152344,31.211132049560547
reaction:58,XPhos,1,XPhos,3.963450153,36.16973114013672,31.21056365966797
reaction:59,XPhos,1,XPhos,31.93031022,38.23489761352539,31.212125778198242
reaction:60,XPhos,1,XPhos,48.70823186,39.61675262451172,31.20578384399414
reaction:61,XPhos,1,XPhos,5.008760546,35.37934494018555,31.21087646484375
reaction:62,XPhos,1,XPhos,35.08872433,36.88993453979492,31.21068572998047
reaction:63,XPhos,1,XPhos,41.2456065,37.661048889160156,31.209503173828125
reaction:64,XPhos,1,XPhos,0.0,35.596290588378906,31.211353302001953
reaction:65,XPhos,1,XPhos,13.9769471,36.79670333862305,31.21095848083496
reaction:66,XPhos,1,XPhos,18.89524916,38.00758743286133,31.21166229248047
reaction:67,XPhos,1,XPhos,0.705195152,35.094825744628906,31.209745407104492
reaction:68,XPhos,1,XPhos,32.63234102,37.390323638916016,31.210607528686523
reaction:69,XPhos,1,XPhos,31.81837229,38.88226318359375,31.210460662841797
reaction:70,XPhos,1,XPhos,30.4254394,35.514652252197266,31.211503982543945
reaction:71,XPhos,1,XPhos,53.63578043,36.13605499267578,31.21115493774414
reaction:72,XPhos,1,XPhos,59.4767437,37.01395034790039,31.211071014404297
reaction:73,XPhos,1,XPhos,2.014671714,35.25765609741211,31.21088409423828
reaction:74,XPhos,1,XPhos,26.51352578,38.070560455322266,31.21222496032715
reaction:75,XPhos,1,XPhos,36.85037948,39.35136413574219,31.205120086669922
reaction:76,XPhos,1,XPhos,4.820162197,35.68391036987305,31.211101531982422
reaction:77,XPhos,1,XPhos,34.80628557,37.6634635925293,31.210140228271484
reaction:78,XPhos,1,XPhos,46.63249784,38.67179489135742,31.208765029907227
reaction:79,XPhos,1,XPhos,0.0,35.84104919433594,31.2110538482666
reaction:80,XPhos,1,XPhos,11.74218494,37.60732650756836,31.21074104309082
reaction:81,XPhos,1,XPhos,26.65189435,39.088478088378906,31.21164321899414
reaction:82,XPhos,1,XPhos,0.5468298979999999,35.176361083984375,31.21031379699707
reaction:83,XPhos,1,XPhos,35.87055638,38.38785934448242,31.210535049438477
reaction:84,XPhos,1,XPhos,68.84449525,39.9190788269043,31.210296630859375
reaction:85,XPhos,1,XPhos,33.8754215,37.55098342895508,31.21135711669922
reaction:86,XPhos,1,XPhos,63.0697188,38.596431732177734,31.211261749267578
reaction:87,XPhos,1,XPhos,70.62989218,39.94778823852539,31.211162567138672
reaction:88,XPhos,1,XPhos,2.481415648,35.42525100708008,31.21074676513672
reaction:89,XPhos,1,XPhos,31.6780045,39.135162353515625,31.212139129638672
reaction:90,XPhos,1,XPhos,46.01420049,40.552852630615234,31.205791473388672
reaction:91,XPhos,1,XPhos,22.16644806,37.15746307373047,31.21010971069336
reaction:92,XPhos,1,XPhos,23.21156884,37.64978790283203,31.209814071655273
reaction:93,XPhos,1,XPhos,34.74876407,38.14501953125,31.208656311035156
reaction:94,XPhos,1,XPhos,0.948128865,36.44038391113281,31.210481643676758
reaction:95,XPhos,1,XPhos,16.64966496,38.31951904296875,31.20987892150879
reaction:96,XPhos,1,XPhos,19.99982627,39.14866638183594,31.210832595825195
reaction:97,XPhos,1,XPhos,4.9923792360000006,35.89707565307617,31.20952796936035
reaction:98,XPhos,1,XPhos,53.99699311,39.17906951904297,31.20952796936035
reaction:99,XPhos,1,XPhos,57.37548977,39.48759841918945,31.20954132080078
reaction:100,XPhos,1,XPhos,22.61165831,37.804534912109375,31.210599899291992
reaction:101,XPhos,1,XPhos,28.75149591,38.344688415527344,31.210390090942383
reaction:102,XPhos,1,XPhos,26.98890626,38.79235076904297,31.210372924804688
reaction:103,XPhos,1,XPhos,20.85782482,37.21432113647461,31.20978355407715
reaction:104,XPhos,1,XPhos,20.73475671,38.733699798583984,31.211408615112305
reaction:105,XPhos,1,XPhos,30.87112941,39.76570510864258,31.2047176361084
reaction:106,XPhos,1,XPhos,20.36096013,36.07228469848633,31.21013069152832
reaction:107,XPhos,1,XPhos,38.91690391,37.064571380615234,31.209739685058594
reaction:108,XPhos,1,XPhos,41.70005044,37.51408767700195,31.208648681640625
reaction:109,XPhos,1,XPhos,0.940121626,35.58531188964844,31.210529327392578
reaction:110,XPhos,1,XPhos,14.90450687,37.3355598449707,31.210168838500977
reaction:111,XPhos,1,XPhos,19.596159,37.913780212402344,31.21074676513672
reaction:112,XPhos,1,XPhos,4.179760101,35.136375427246094,31.208877563476562
reaction:113,XPhos,1,XPhos,39.00815943,37.99496841430664,31.209707260131836
reaction:114,XPhos,1,XPhos,37.1696242,38.81389236450195,31.2095890045166
reaction:115,XPhos,1,XPhos,31.61725517,35.93937683105469,31.210546493530273
reaction:116,XPhos,1,XPhos,51.21654271,36.46112060546875,31.210390090942383
reaction:117,XPhos,1,XPhos,57.55128922,36.977691650390625,31.21017074584961
reaction:118,XPhos,1,XPhos,16.17382734,36.05219268798828,31.21007537841797
reaction:119,XPhos,1,XPhos,26.58751317,38.21693801879883,31.211462020874023
reaction:120,XPhos,1,XPhos,40.41327646,39.17164993286133,31.204206466674805
reaction:121,XPhos,1,XPhos,16.96531636,36.79939270019531,31.210372924804688
reaction:122,XPhos,1,XPhos,34.37725511,38.18058395385742,31.209293365478516
reaction:123,XPhos,1,XPhos,43.5835106,38.73763656616211,31.207998275756836
reaction:124,XPhos,1,XPhos,0.828206999,36.12005615234375,31.21018409729004
reaction:125,XPhos,1,XPhos,13.33632103,38.40521240234375,31.209983825683594
reaction:126,XPhos,1,XPhos,26.96354436,39.17914581298828,31.21083641052246
reaction:127,XPhos,1,XPhos,4.206951598,35.51744079589844,31.209514617919922
reaction:128,XPhos,1,XPhos,39.80435813,39.122379302978516,31.209693908691406
reaction:129,XPhos,1,XPhos,66.76359549,39.990596771240234,31.20948028564453
reaction:130,XPhos,1,XPhos,38.14302674,38.21847915649414,31.210525512695312
reaction:131,XPhos,1,XPhos,56.51667394,38.897560119628906,31.210494995117188
reaction:132,XPhos,1,XPhos,67.97172842,40.08884811401367,31.210342407226562
reaction:133,XPhos,1,XPhos,13.29271578,36.62251663208008,31.209945678710938
reaction:134,XPhos,1,XPhos,32.5166032,39.54240036010742,31.211349487304688
reaction:135,XPhos,1,XPhos,47.33481015,40.653831481933594,31.204898834228516
reaction:136,t-BuXPhos,3,t-BuXPhos,15.4176361,24.881996154785156,25.476194381713867
reaction:137,t-BuXPhos,3,t-BuXPhos,18.97417112,27.33570098876953,25.487899780273438
reaction:138,t-BuXPhos,3,t-BuXPhos,16.81589184,26.388568878173828,25.48275375366211
reaction:139,t-BuXPhos,3,t-BuXPhos,2.663355036,22.053606033325195,25.462427139282227
reaction:140,t-BuXPhos,3,t-BuXPhos,16.04854773,26.510053634643555,25.468660354614258
reaction:141,t-BuXPhos,3,t-BuXPhos,21.9766332,24.774242401123047,25.481611251831055
reaction:142,t-BuXPhos,3,t-BuXPhos,7.641917877999999,25.337631225585938,25.41790199279785
reaction:143,t-BuXPhos,3,t-BuXPhos,28.39231834,29.767641067504883,25.433088302612305
reaction:144,t-BuXPhos,3,t-BuXPhos,26.6748995,29.349576950073242,25.502830505371094
reaction:145,t-BuXPhos,3,t-BuXPhos,29.97543001,33.20323944091797,25.480911254882812
reaction:146,t-BuXPhos,3,t-BuXPhos,36.30636065,34.83293914794922,25.469501495361328
reaction:147,t-BuXPhos,3,t-BuXPhos,36.58798902,34.763851165771484,25.477828979492188
reaction:148,t-BuXPhos,3,t-BuXPhos,10.54082024,25.070817947387695,25.44622230529785
reaction:149,t-BuXPhos,3,t-BuXPhos,26.25688388,29.119970321655273,25.491308212280273
reaction:150,t-BuXPhos,3,t-BuXPhos,28.58964812,26.780006408691406,25.343706130981445
reaction:151,t-BuXPhos,3,t-BuXPhos,16.88486051,26.984079360961914,25.48366355895996
reaction:152,t-BuXPhos,3,t-BuXPhos,41.29698409,31.652029037475586,25.48511505126953
reaction:153,t-BuXPhos,3,t-BuXPhos,43.73298112,32.81732177734375,25.478870391845703
reaction:154,t-BuXPhos,3,t-BuXPhos,0.655700656,23.804651260375977,25.470487594604492
reaction:155,t-BuXPhos,3,t-BuXPhos,33.62905648,28.078205108642578,25.476442337036133
reaction:156,t-BuXPhos,3,t-BuXPhos,41.48980841,31.18817710876465,25.479764938354492
reaction:157,t-BuXPhos,3,t-BuXPhos,2.599454304,25.69985008239746,25.414037704467773
reaction:158,t-BuXPhos,3,t-BuXPhos,66.02401389,33.2575798034668,25.43301773071289
reaction:159,t-BuXPhos,3,t-BuXPhos,72.39052533,38.7310905456543,25.498594284057617
reaction:160,t-BuXPhos,3,t-BuXPhos,68.84655406,39.94215774536133,25.478731155395508
reaction:161,t-BuXPhos,3,t-BuXPhos,82.1847816,43.77397155761719,25.473838806152344
reaction:162,t-BuXPhos,3,t-BuXPhos,80.58917239,47.574344635009766,25.476625442504883
reaction:163,t-BuXPhos,3,t-BuXPhos,15.19452071,27.160429000854492,25.442052841186523
reaction:164,t-BuXPhos,3,t-BuXPhos,83.87445444,38.46335983276367,25.48736000061035
reaction:165,t-BuXPhos,3,t-BuXPhos,86.003404,39.08165740966797,25.314559936523438
reaction:166,t-BuXPhos,3,t-BuXPhos,30.01215681,26.901094436645508,25.48009490966797
reaction:167,t-BuXPhos,3,t-BuXPhos,51.39708789,30.95235824584961,25.48550796508789
reaction:168,t-BuXPhos,3,t-BuXPhos,50.13634297,30.9710636138916,25.4811954498291
reaction:169,t-BuXPhos,3,t-BuXPhos,2.942173839,22.611894607543945,25.46538734436035
reaction:170,t-BuXPhos,3,t-BuXPhos,34.96324083,29.473711013793945,25.471830368041992
reaction:171,t-BuXPhos,3,t-BuXPhos,51.01008234,30.411834716796875,25.483383178710938
reaction:172,t-BuXPhos,3,t-BuXPhos,15.31942872,25.472980499267578,25.420108795166016
reaction:173,t-BuXPhos,3,t-BuXPhos,81.56943098,36.35601806640625,25.43470001220703
reaction:174,t-BuXPhos,3,t-BuXPhos,77.57371189,37.57028579711914,25.500986099243164
reaction:175,t-BuXPhos,3,t-BuXPhos,86.68959994,42.315574645996094,25.47571563720703
reaction:176,t-BuXPhos,3,t-BuXPhos,92.91423383,44.121246337890625,25.47280502319336
reaction:177,t-BuXPhos,3,t-BuXPhos,97.56849953,43.04252243041992,25.475793838500977
reaction:178,t-BuXPhos,3,t-BuXPhos,35.55504656,29.462448120117188,25.43985366821289
reaction:179,t-BuXPhos,3,t-BuXPhos,98.73132029,41.589019775390625,25.489980697631836
reaction:180,t-BuXPhos,3,t-BuXPhos,98.28722602,40.048160552978516,25.344608306884766
reaction:181,t-BuXPhos,3,t-BuXPhos,5.980979595,25.251480102539062,25.534194946289062
reaction:182,t-BuXPhos,3,t-BuXPhos,50.58289676,31.313505172729492,25.543964385986328
reaction:183,t-BuXPhos,3,t-BuXPhos,45.08048043,31.18560028076172,25.538776397705078
reaction:184,t-BuXPhos,3,t-BuXPhos,0.0,23.026996612548828,25.518863677978516
reaction:185,t-BuXPhos,3,t-BuXPhos,42.11946098,31.96819305419922,25.52543067932129
reaction:186,t-BuXPhos,3,t-BuXPhos,49.11143206,28.503602981567383,25.53849983215332
reaction:187,t-BuXPhos,3,t-BuXPhos,0.705225291,26.11260986328125,25.475507736206055
reaction:188,t-BuXPhos,3,t-BuXPhos,70.86219062,37.842220306396484,25.49041175842285
reaction:189,t-BuXPhos,3,t-BuXPhos,66.44951759,35.89152145385742,25.558609008789062
reaction:190,t-BuXPhos,3,t-BuXPhos,65.93988128,42.346893310546875,25.537986755371094
reaction:191,t-BuXPhos,3,t-BuXPhos,66.07082051,45.2010498046875,25.52794075012207
reaction:192,t-BuXPhos,3,t-BuXPhos,66.20793624,39.977508544921875,25.534120559692383
reaction:193,t-BuXPhos,3,t-BuXPhos,6.110691586000001,25.119430541992188,25.503137588500977
reaction:194,t-BuXPhos,3,t-BuXPhos,67.81850094,34.597076416015625,25.5473690032959
reaction:195,t-BuXPhos,3,t-BuXPhos,72.63064909,31.520566940307617,25.401567459106445
reaction:196,t-BuXPhos,3,t-BuXPhos,7.837919121,27.300437927246094,25.5422306060791
reaction:197,t-BuXPhos,3,t-BuXPhos,46.74711139,34.36008834838867,25.54266357421875
reaction:198,t-BuXPhos,3,t-BuXPhos,46.25838016,33.82377243041992,25.536497116088867
reaction:199,t-BuXPhos,3,t-BuXPhos,0.0,24.271526336669922,25.527999877929688
reaction:200,t-BuXPhos,3,t-BuXPhos,37.03037628,30.683996200561523,25.534269332885742
reaction:201,t-BuXPhos,3,t-BuXPhos,43.69560153,31.073705673217773,25.53790855407715
reaction:202,t-BuXPhos,3,t-BuXPhos,0.595872872,26.178890228271484,25.472532272338867
reaction:203,t-BuXPhos,3,t-BuXPhos,70.54955286,38.16840744018555,25.49176025390625
reaction:204,t-BuXPhos,3,t-BuXPhos,80.90409924,40.250518798828125,25.555822372436523
reaction:205,t-BuXPhos,3,t-BuXPhos,70.2055639,45.304325103759766,25.537126541137695
reaction:206,t-BuXPhos,3,t-BuXPhos,83.08846167,49.409019470214844,25.532743453979492
reaction:207,t-BuXPhos,3,t-BuXPhos,85.14465222,48.59412384033203,25.53452491760254
reaction:208,t-BuXPhos,3,t-BuXPhos,3.149733367,26.932968139648438,25.500629425048828
reaction:209,t-BuXPhos,3,t-BuXPhos,78.08461533,41.187416076660156,25.545236587524414
reaction:210,t-BuXPhos,3,t-BuXPhos,82.13737482,38.40483856201172,25.372922897338867
reaction:211,t-BuXPhos,3,t-BuXPhos,7.782359233999999,26.886634826660156,25.535245895385742
reaction:212,t-BuXPhos,3,t-BuXPhos,53.59986981,32.76216125488281,25.539491653442383
reaction:213,t-BuXPhos,3,t-BuXPhos,51.75674767,31.933523178100586,25.535018920898438
reaction:214,t-BuXPhos,3,t-BuXPhos,0.0,23.193872451782227,25.51915168762207
reaction:215,t-BuXPhos,3,t-BuXPhos,49.61438009,32.315860748291016,25.526264190673828
reaction:216,t-BuXPhos,3,t-BuXPhos,53.675534,29.834110260009766,25.53761100769043
reaction:217,t-BuXPhos,3,t-BuXPhos,0.6467788210000001,26.16098403930664,25.475034713745117
reaction:218,t-BuXPhos,3,t-BuXPhos,86.59757822,40.53727340698242,25.48984718322754
reaction:219,t-BuXPhos,3,t-BuXPhos,84.89551287,39.47241973876953,25.554410934448242
reaction:220,t-BuXPhos,3,t-BuXPhos,91.39064225,46.441471099853516,25.530065536499023
reaction:221,t-BuXPhos,3,t-BuXPhos,97.29293259,48.87530517578125,25.52782440185547
reaction:222,t-BuXPhos,3,t-BuXPhos,99.61910732,44.663795471191406,25.529888153076172
reaction:223,t-BuXPhos,3,t-BuXPhos,4.166287009,27.63979148864746,25.49470329284668
reaction:224,t-BuXPhos,3,t-BuXPhos,92.57247896,43.426937103271484,25.54438591003418
reaction:225,t-BuXPhos,3,t-BuXPhos,94.69105416,39.76934051513672,25.39931297302246
reaction:226,t-BuXPhos,3,t-BuXPhos,45.04873884,25.834857940673828,25.518474578857422
reaction:227,t-BuXPhos,3,t-BuXPhos,45.78100103,29.896503448486328,25.528377532958984
reaction:228,t-BuXPhos,3,t-BuXPhos,44.65371267,29.685134887695312,25.52316665649414
reaction:229,t-BuXPhos,3,t-BuXPhos,0.924541619,21.29096221923828,25.503751754760742
reaction:230,t-BuXPhos,3,t-BuXPhos,44.55887608,30.096851348876953,25.510181427001953
reaction:231,t-BuXPhos,3,t-BuXPhos,43.35721014,27.404842376708984,25.52242660522461
reaction:232,t-BuXPhos,3,t-BuXPhos,3.4201663410000003,24.324304580688477,25.4595947265625
reaction:233,t-BuXPhos,3,t-BuXPhos,72.84831426,36.56230163574219,25.47465705871582
reaction:234,t-BuXPhos,3,t-BuXPhos,65.31185167,33.924522399902344,25.543190002441406
reaction:235,t-BuXPhos,3,t-BuXPhos,56.83280355,38.87689208984375,25.522077560424805
reaction:236,t-BuXPhos,3,t-BuXPhos,76.33726193,41.42548751831055,25.511802673339844
reaction:237,t-BuXPhos,3,t-BuXPhos,73.22050209,39.33747863769531,25.518280029296875
reaction:238,t-BuXPhos,3,t-BuXPhos,36.47724246,24.85063934326172,25.48741340637207
reaction:239,t-BuXPhos,3,t-BuXPhos,68.55764886,31.560285568237305,25.531726837158203
reaction:240,t-BuXPhos,3,t-BuXPhos,69.0890435,28.52154541015625,25.38557243347168
reaction:241,t-BuXPhos,3,t-BuXPhos,31.88044847,31.51845932006836,25.526063919067383
reaction:242,t-BuXPhos,3,t-BuXPhos,44.81754321,35.416656494140625,25.52622413635254
reaction:243,t-BuXPhos,3,t-BuXPhos,46.6498955,35.03788375854492,25.519895553588867
reaction:244,t-BuXPhos,3,t-BuXPhos,0.668792684,25.023157119750977,25.512161254882812
reaction:245,t-BuXPhos,3,t-BuXPhos,39.52986412,32.81645965576172,25.518352508544922
reaction:246,t-BuXPhos,3,t-BuXPhos,43.87183311,32.447998046875,25.521190643310547
reaction:247,t-BuXPhos,3,t-BuXPhos,2.74612364,27.025192260742188,25.45589256286621
reaction:248,t-BuXPhos,3,t-BuXPhos,72.63770939,40.736793518066406,25.474966049194336
reaction:249,t-BuXPhos,3,t-BuXPhos,82.32885806,40.92414474487305,25.5396671295166
reaction:250,t-BuXPhos,3,t-BuXPhos,73.64322424,46.74974822998047,25.520212173461914
reaction:251,t-BuXPhos,3,t-BuXPhos,87.90201497,49.720279693603516,25.516090393066406
reaction:252,t-BuXPhos,3,t-BuXPhos,86.21979782,49.586761474609375,25.51789665222168
reaction:253,t-BuXPhos,3,t-BuXPhos,34.20844443,30.937870025634766,25.484111785888672
reaction:254,t-BuXPhos,3,t-BuXPhos,77.33294235,41.347286224365234,25.528839111328125
reaction:255,t-BuXPhos,3,t-BuXPhos,80.60055876,39.280677795410156,25.356515884399414
reaction:256,t-BuXPhos,3,t-BuXPhos,42.28229272,29.37469482421875,25.522308349609375
reaction:257,t-BuXPhos,3,t-BuXPhos,50.28665363,32.68265151977539,25.526634216308594
reaction:258,t-BuXPhos,3,t-BuXPhos,49.58296909,31.321584701538086,25.522329330444336
reaction:259,t-BuXPhos,3,t-BuXPhos,1.18600639,22.354347229003906,25.506690979003906
reaction:260,t-BuXPhos,3,t-BuXPhos,48.46327508,31.515235900878906,25.513668060302734
reaction:261,t-BuXPhos,3,t-BuXPhos,49.9274003,29.164905548095703,25.52484130859375
reaction:262,t-BuXPhos,3,t-BuXPhos,4.582095156,25.258045196533203,25.461992263793945
reaction:263,t-BuXPhos,3,t-BuXPhos,78.80108905,40.543190002441406,25.476715087890625
reaction:264,t-BuXPhos,3,t-BuXPhos,79.44483195,38.255165100097656,25.542266845703125
reaction:265,t-BuXPhos,3,t-BuXPhos,84.85609846,45.698974609375,25.517362594604492
reaction:266,t-BuXPhos,3,t-BuXPhos,93.31083413,46.22135543823242,25.515201568603516
reaction:267,t-BuXPhos,3,t-BuXPhos,93.87454124,43.92262268066406,25.517316818237305
reaction:268,t-BuXPhos,3,t-BuXPhos,44.02752342,30.125085830688477,25.48223114013672
reaction:269,t-BuXPhos,3,t-BuXPhos,89.48065113,41.66101837158203,25.5316104888916
reaction:270,t-BuXPhos,3,t-BuXPhos,91.48509414,38.58729934692383,25.386571884155273
reaction:271,t-BuBrettPhos,2,t-BuBrettPhos,7.372693174,-2.077421188354492,15.571492195129395
reaction:272,t-BuBrettPhos,2,t-BuBrettPhos,9.714563227,5.830707550048828,14.687573432922363
reaction:273,t-BuBrettPhos,2,t-BuBrettPhos,9.546870881,11.718744277954102,14.568620681762695
reaction:274,t-BuBrettPhos,2,t-BuBrettPhos,1.0224022940000002,-6.070016860961914,15.684645652770996
reaction:275,t-BuBrettPhos,2,t-BuBrettPhos,12.592787,11.319250106811523,15.731413841247559
reaction:276,t-BuBrettPhos,2,t-BuBrettPhos,14.01241706,20.896800994873047,15.725542068481445
reaction:277,t-BuBrettPhos,2,t-BuBrettPhos,4.337310253,-4.01982307434082,14.686117172241211
reaction:278,t-BuBrettPhos,2,t-BuBrettPhos,19.47378974,23.795074462890625,14.910175323486328
reaction:279,t-BuBrettPhos,2,t-BuBrettPhos,23.2960789,33.11668395996094,15.53048324584961
reaction:280,t-BuBrettPhos,2,t-BuBrettPhos,24.90011385,25.19532012939453,16.12863540649414
reaction:281,t-BuBrettPhos,2,t-BuBrettPhos,28.47849533,31.37739372253418,15.743682861328125
reaction:282,t-BuBrettPhos,2,t-BuBrettPhos,33.33065232,37.556800842285156,15.344364166259766
reaction:283,t-BuBrettPhos,2,t-BuBrettPhos,6.753074014,-0.5207996368408203,15.337343215942383
reaction:284,t-BuBrettPhos,2,t-BuBrettPhos,15.06136862,18.807899475097656,16.687328338623047
reaction:285,t-BuBrettPhos,2,t-BuBrettPhos,15.12671706,26.04736328125,15.380511283874512
reaction:286,t-BuBrettPhos,2,t-BuBrettPhos,3.88663609,8.625762939453125,15.611736297607422
reaction:287,t-BuBrettPhos,2,t-BuBrettPhos,25.83457198,27.45116424560547,14.685192108154297
reaction:288,t-BuBrettPhos,2,t-BuBrettPhos,44.5879911,37.386756896972656,14.565593719482422
reaction:289,t-BuBrettPhos,2,t-BuBrettPhos,0.0,3.657205581665039,15.669393539428711
reaction:290,t-BuBrettPhos,2,t-BuBrettPhos,15.16664871,21.692256927490234,15.718844413757324
reaction:291,t-BuBrettPhos,2,t-BuBrettPhos,40.37403082,39.782470703125,15.74250316619873
reaction:292,t-BuBrettPhos,2,t-BuBrettPhos,0.0,3.959320068359375,14.11266803741455
reaction:293,t-BuBrettPhos,2,t-BuBrettPhos,27.79577337,37.36450958251953,14.974014282226562
reaction:294,t-BuBrettPhos,2,t-BuBrettPhos,72.31351298,65.38521575927734,15.646943092346191
reaction:295,t-BuBrettPhos,2,t-BuBrettPhos,32.00160024,30.032644271850586,16.1396484375
reaction:296,t-BuBrettPhos,2,t-BuBrettPhos,51.8134607,41.21372985839844,15.724925994873047
reaction:297,t-BuBrettPhos,2,t-BuBrettPhos,83.36436834,56.19190216064453,15.372062683105469
reaction:298,t-BuBrettPhos,2,t-BuBrettPhos,2.641901391,8.719078063964844,15.378874778747559
reaction:299,t-BuBrettPhos,2,t-BuBrettPhos,57.97752811,54.37902069091797,16.6478214263916
reaction:300,t-BuBrettPhos,2,t-BuBrettPhos,80.28994263,66.67345428466797,15.442140579223633
reaction:301,t-BuBrettPhos,2,t-BuBrettPhos,9.564949769,17.755842208862305,15.51303768157959
reaction:302,t-BuBrettPhos,2,t-BuBrettPhos,37.21381762,41.00728988647461,14.186847686767578
reaction:303,t-BuBrettPhos,2,t-BuBrettPhos,47.09764929,52.5670166015625,14.183878898620605
reaction:304,t-BuBrettPhos,2,t-BuBrettPhos,1.1000305259999998,8.400428771972656,15.584927558898926
reaction:305,t-BuBrettPhos,2,t-BuBrettPhos,35.70389569,37.77969741821289,15.708170890808105
reaction:306,t-BuBrettPhos,2,t-BuBrettPhos,54.89240735,54.594173431396484,15.770697593688965
reaction:307,t-BuBrettPhos,2,t-BuBrettPhos,0.0,10.244588851928711,14.691633224487305
reaction:308,t-BuBrettPhos,2,t-BuBrettPhos,57.45048731,60.832252502441406,14.930208206176758
reaction:309,t-BuBrettPhos,2,t-BuBrettPhos,77.02732986,80.69170379638672,15.669374465942383
reaction:310,t-BuBrettPhos,2,t-BuBrettPhos,69.39855223,66.69300842285156,16.18238067626953
reaction:311,t-BuBrettPhos,2,t-BuBrettPhos,85.4419715,78.72196960449219,15.665437698364258
reaction:312,t-BuBrettPhos,2,t-BuBrettPhos,92.00324978,93.735107421875,15.392192840576172
reaction:313,t-BuBrettPhos,2,t-BuBrettPhos,21.86178566,19.507349014282227,15.413043022155762
reaction:314,t-BuBrettPhos,2,t-BuBrettPhos,83.65433196,80.00332641601562,16.683279037475586
reaction:315,t-BuBrettPhos,2,t-BuBrettPhos,92.95670274,90.4842529296875,15.427104949951172
reaction:316,t-BuBrettPhos,2,t-BuBrettPhos,1.297818598,5.591606140136719,15.789006233215332
reaction:317,t-BuBrettPhos,2,t-BuBrettPhos,28.35051675,30.9715518951416,14.915182113647461
reaction:318,t-BuBrettPhos,2,t-BuBrettPhos,40.1812432,41.07820129394531,14.795713424682617
reaction:319,t-BuBrettPhos,2,t-BuBrettPhos,0.0,5.181877136230469,15.904141426086426
reaction:320,t-BuBrettPhos,2,t-BuBrettPhos,40.45135336,39.69009780883789,15.945178985595703
reaction:321,t-BuBrettPhos,2,t-BuBrettPhos,42.27311559,50.98024368286133,15.940662384033203
reaction:322,t-BuBrettPhos,2,t-BuBrettPhos,0.910655456,5.808433532714844,14.91183853149414
reaction:323,t-BuBrettPhos,2,t-BuBrettPhos,62.16368477,60.174659729003906,15.149625778198242
reaction:324,t-BuBrettPhos,2,t-BuBrettPhos,66.88608561,69.57317352294922,15.744688987731934
reaction:325,t-BuBrettPhos,2,t-BuBrettPhos,76.83418769,57.70018005371094,16.341611862182617
reaction:326,t-BuBrettPhos,2,t-BuBrettPhos,91.6524383,66.24040985107422,15.967178344726562
reaction:327,t-BuBrettPhos,2,t-BuBrettPhos,66.37274183,70.42750549316406,15.561975479125977
reaction:328,t-BuBrettPhos,2,t-BuBrettPhos,2.534585496,7.756397247314453,15.539188385009766
reaction:329,t-BuBrettPhos,2,t-BuBrettPhos,47.17441756,53.274288177490234,16.887107849121094
reaction:330,t-BuBrettPhos,2,t-BuBrettPhos,52.43589363,62.66310119628906,15.601252555847168
reaction:331,t-BuBrettPhos,2,t-BuBrettPhos,3.542495517,3.6772708892822266,15.843387603759766
reaction:332,t-BuBrettPhos,2,t-BuBrettPhos,39.19686382,33.98015594482422,14.929142951965332
reaction:333,t-BuBrettPhos,2,t-BuBrettPhos,45.87563784,43.819488525390625,14.807563781738281
reaction:334,t-BuBrettPhos,2,t-BuBrettPhos,0.0,2.2965316772460938,15.904695510864258
reaction:335,t-BuBrettPhos,2,t-BuBrettPhos,24.02819715,28.50693130493164,15.947479248046875
reaction:336,t-BuBrettPhos,2,t-BuBrettPhos,39.3913488,46.6131477355957,15.972368240356445
reaction:337,t-BuBrettPhos,2,t-BuBrettPhos,0.0,1.70166015625,14.36435604095459
reaction:338,t-BuBrettPhos,2,t-BuBrettPhos,50.04747607,47.81660461425781,15.228408813476562
reaction:339,t-BuBrettPhos,2,t-BuBrettPhos,74.62438876,74.75605773925781,15.875155448913574
reaction:340,t-BuBrettPhos,2,t-BuBrettPhos,54.58472012,39.104129791259766,16.367328643798828
reaction:341,t-BuBrettPhos,2,t-BuBrettPhos,74.81544975,52.982994079589844,15.963846206665039
reaction:342,t-BuBrettPhos,2,t-BuBrettPhos,84.20189779,64.28502655029297,15.604087829589844
reaction:343,t-BuBrettPhos,2,t-BuBrettPhos,2.234092607,3.295328140258789,15.595504760742188
reaction:344,t-BuBrettPhos,2,t-BuBrettPhos,71.60789091,65.58467102050781,16.862613677978516
reaction:345,t-BuBrettPhos,2,t-BuBrettPhos,72.77189285,75.4056396484375,15.677653312683105
reaction:346,t-BuBrettPhos,2,t-BuBrettPhos,4.275083316,5.668970108032227,15.714764595031738
reaction:347,t-BuBrettPhos,2,t-BuBrettPhos,40.44190447,40.434425354003906,14.40383243560791
reaction:348,t-BuBrettPhos,2,t-BuBrettPhos,46.6599306,53.577545166015625,14.398491859436035
reaction:349,t-BuBrettPhos,2,t-BuBrettPhos,0.0,2.109903335571289,15.787534713745117
reaction:350,t-BuBrettPhos,2,t-BuBrettPhos,46.64994849,39.6939582824707,15.904534339904785
reaction:351,t-BuBrettPhos,2,t-BuBrettPhos,45.97105208,57.460445404052734,15.968332290649414
reaction:352,t-BuBrettPhos,2,t-BuBrettPhos,0.0,1.8871574401855469,14.899407386779785
reaction:353,t-BuBrettPhos,2,t-BuBrettPhos,72.38342011,64.4345703125,15.153067588806152
reaction:354,t-BuBrettPhos,2,t-BuBrettPhos,82.71053034,86.90973663330078,15.865113258361816
reaction:355,t-BuBrettPhos,2,t-BuBrettPhos,77.8707536,69.47637939453125,16.378398895263672
reaction:356,t-BuBrettPhos,2,t-BuBrettPhos,96.59121826,86.50590515136719,15.874588012695312
reaction:357,t-BuBrettPhos,2,t-BuBrettPhos,97.94800557,97.49208068847656,15.591450691223145
reaction:358,t-BuBrettPhos,2,t-BuBrettPhos,3.498335753,4.9685821533203125,15.596883773803711
reaction:359,t-BuBrettPhos,2,t-BuBrettPhos,89.32288292,83.123046875,16.868114471435547
reaction:360,t-BuBrettPhos,2,t-BuBrettPhos,89.21674959,94.49365997314453,15.629507064819336
reaction:361,t-BuBrettPhos,2,t-BuBrettPhos,9.910073167,16.999906539916992,15.728132247924805
reaction:362,t-BuBrettPhos,2,t-BuBrettPhos,33.09515946,34.649078369140625,14.845353126525879
reaction:363,t-BuBrettPhos,2,t-BuBrettPhos,39.91592357,38.55168533325195,14.729425430297852
reaction:364,t-BuBrettPhos,2,t-BuBrettPhos,0.297246729,5.468881607055664,15.839317321777344
reaction:365,t-BuBrettPhos,2,t-BuBrettPhos,43.42467948,46.82276153564453,15.882425308227539
reaction:366,t-BuBrettPhos,2,t-BuBrettPhos,45.27500965,50.401893615722656,15.873035430908203
reaction:367,t-BuBrettPhos,2,t-BuBrettPhos,0.8589748359999999,6.418125152587891,14.83773422241211
reaction:368,t-BuBrettPhos,2,t-BuBrettPhos,68.84924903,69.82888793945312,15.081625938415527
reaction:369,t-BuBrettPhos,2,t-BuBrettPhos,64.60847653,67.86197662353516,15.688140869140625
reaction:370,t-BuBrettPhos,2,t-BuBrettPhos,63.8547365,63.702430725097656,16.27172088623047
reaction:371,t-BuBrettPhos,2,t-BuBrettPhos,76.33612431,70.59233856201172,15.904576301574707
reaction:372,t-BuBrettPhos,2,t-BuBrettPhos,73.13965753,73.55583953857422,15.492585182189941
reaction:373,t-BuBrettPhos,2,t-BuBrettPhos,4.497312078999999,16.299999237060547,15.490707397460938
reaction:374,t-BuBrettPhos,2,t-BuBrettPhos,40.87667176,53.8128662109375,16.82685089111328
reaction:375,t-BuBrettPhos,2,t-BuBrettPhos,40.31664678,58.29315948486328,15.534379959106445
reaction:376,t-BuBrettPhos,2,t-BuBrettPhos,24.27358667,15.96649169921875,15.760504722595215
reaction:377,t-BuBrettPhos,2,t-BuBrettPhos,42.64405348,41.501953125,14.836007118225098
reaction:378,t-BuBrettPhos,2,t-BuBrettPhos,47.5989822,44.16965866088867,14.718724250793457
reaction:379,t-BuBrettPhos,2,t-BuBrettPhos,0.345789289,4.229890823364258,15.817487716674805
reaction:380,t-BuBrettPhos,2,t-BuBrettPhos,40.97949244,40.980926513671875,15.862860679626465
reaction:381,t-BuBrettPhos,2,t-BuBrettPhos,43.26194293,48.82525634765625,15.883304595947266
reaction:382,t-BuBrettPhos,2,t-BuBrettPhos,1.497954505,4.048303604125977,14.263172149658203
reaction:383,t-BuBrettPhos,2,t-BuBrettPhos,68.06627781,63.26605987548828,15.137301445007324
reaction:384,t-BuBrettPhos,2,t-BuBrettPhos,74.75498754,75.83513641357422,15.796798706054688
reaction:385,t-BuBrettPhos,2,t-BuBrettPhos,70.28309787,48.857078552246094,16.275739669799805
reaction:386,t-BuBrettPhos,2,t-BuBrettPhos,80.52782377,57.25111389160156,15.879074096679688
reaction:387,t-BuBrettPhos,2,t-BuBrettPhos,85.26909551,66.86985778808594,15.512971878051758
reaction:388,t-BuBrettPhos,2,t-BuBrettPhos,21.94834142,15.721243858337402,15.524763107299805
reaction:389,t-BuBrettPhos,2,t-BuBrettPhos,72.58738213,69.16619110107422,16.781326293945312
reaction:390,t-BuBrettPhos,2,t-BuBrettPhos,77.03264152,74.28053283691406,15.588556289672852
reaction:391,t-BuBrettPhos,2,t-BuBrettPhos,23.09132333,18.958080291748047,15.667966842651367
reaction:392,t-BuBrettPhos,2,t-BuBrettPhos,47.555818,48.668190002441406,14.348034858703613
reaction:393,t-BuBrettPhos,2,t-BuBrettPhos,46.76206263,52.56231689453125,14.346659660339355
reaction:394,t-BuBrettPhos,2,t-BuBrettPhos,0.605197064,3.8199844360351562,15.738537788391113
reaction:395,t-BuBrettPhos,2,t-BuBrettPhos,47.14534203,52.2819938659668,15.857134819030762
reaction:396,t-BuBrettPhos,2,t-BuBrettPhos,45.98211557,58.118621826171875,15.915746688842773
reaction:397,t-BuBrettPhos,2,t-BuBrettPhos,0.0,4.094034194946289,14.84105110168457
reaction:398,t-BuBrettPhos,2,t-BuBrettPhos,79.73976585,78.09516143798828,15.099615097045898
reaction:399,t-BuBrettPhos,2,t-BuBrettPhos,80.78664078,85.6468734741211,15.823648452758789
reaction:400,t-BuBrettPhos,2,t-BuBrettPhos,84.69021766,79.6750259399414,16.322948455810547
reaction:401,t-BuBrettPhos,2,t-BuBrettPhos,91.05627032,86.00857543945312,15.82528305053711
reaction:402,t-BuBrettPhos,2,t-BuBrettPhos,98.17713445,98.63526916503906,15.53709602355957
reaction:403,t-BuBrettPhos,2,t-BuBrettPhos,23.84150703,18.15538787841797,15.563788414001465
reaction:404,t-BuBrettPhos,2,t-BuBrettPhos,86.41285544,86.4071273803711,16.82112693786621
reaction:405,t-BuBrettPhos,2,t-BuBrettPhos,87.55418753,93.29144287109375,15.577930450439453
reaction:406,AdBrettPhos,0,AdBrettPhos,6.575127297000001,-3.5785980224609375,14.892125129699707
reaction:407,AdBrettPhos,0,AdBrettPhos,8.742546332,6.197938919067383,13.902323722839355
reaction:408,AdBrettPhos,0,AdBrettPhos,9.935132826,11.526479721069336,13.896031379699707
reaction:409,AdBrettPhos,0,AdBrettPhos,1.705289038,-8.432422637939453,14.881439208984375
reaction:410,AdBrettPhos,0,AdBrettPhos,12.29594301,9.470849990844727,14.799348831176758
reaction:411,AdBrettPhos,0,AdBrettPhos,16.85702349,15.600370407104492,15.955948829650879
reaction:412,AdBrettPhos,0,AdBrettPhos,3.595206135,-4.255767822265625,13.957571029663086
reaction:413,AdBrettPhos,0,AdBrettPhos,19.90273024,21.165653228759766,14.218759536743164
reaction:414,AdBrettPhos,0,AdBrettPhos,25.2527032,29.50582504272461,14.650463104248047
reaction:415,AdBrettPhos,0,AdBrettPhos,16.1585109,25.968658447265625,16.178312301635742
reaction:416,AdBrettPhos,0,AdBrettPhos,20.64357371,33.548404693603516,15.050497055053711
reaction:417,AdBrettPhos,0,AdBrettPhos,24.16256349,40.65004348754883,14.930501937866211
reaction:418,AdBrettPhos,0,AdBrettPhos,7.938107707999999,-2.7727928161621094,14.297932624816895
reaction:419,AdBrettPhos,0,AdBrettPhos,13.6465536,15.938133239746094,14.818862915039062
reaction:420,AdBrettPhos,0,AdBrettPhos,14.36737015,22.54473114013672,13.983054161071777
reaction:421,AdBrettPhos,0,AdBrettPhos,3.956885702,7.041318893432617,14.789437294006348
reaction:422,AdBrettPhos,0,AdBrettPhos,22.516172,28.621173858642578,13.89136791229248
reaction:423,AdBrettPhos,0,AdBrettPhos,39.74593472,38.377281188964844,13.896090507507324
reaction:424,AdBrettPhos,0,AdBrettPhos,0.0,0.6148948669433594,14.922964096069336
reaction:425,AdBrettPhos,0,AdBrettPhos,15.82179421,17.589885711669922,14.805068969726562
reaction:426,AdBrettPhos,0,AdBrettPhos,40.1396941,35.769527435302734,15.933175086975098
reaction:427,AdBrettPhos,0,AdBrettPhos,0.57693322,0.9635410308837891,13.356217384338379
reaction:428,AdBrettPhos,0,AdBrettPhos,29.29795514,33.60538101196289,14.214017868041992
reaction:429,AdBrettPhos,0,AdBrettPhos,73.73993868,61.32163619995117,14.691000938415527
reaction:430,AdBrettPhos,0,AdBrettPhos,24.60602271,36.659210205078125,16.17045783996582
reaction:431,AdBrettPhos,0,AdBrettPhos,39.09372544,52.63630676269531,14.937089920043945
reaction:432,AdBrettPhos,0,AdBrettPhos,65.38933316,70.7838134765625,14.7218656539917
reaction:433,AdBrettPhos,0,AdBrettPhos,2.344713425,6.739898681640625,14.254493713378906
reaction:434,AdBrettPhos,0,AdBrettPhos,48.30710262,53.603607177734375,14.829482078552246
reaction:435,AdBrettPhos,0,AdBrettPhos,72.94185386,65.29142761230469,13.486856460571289
reaction:436,AdBrettPhos,0,AdBrettPhos,10.00188169,13.972949981689453,14.831978797912598
reaction:437,AdBrettPhos,0,AdBrettPhos,37.52076416,37.073402404785156,13.456130027770996
reaction:438,AdBrettPhos,0,AdBrettPhos,52.58811564,46.35310363769531,13.463109016418457
reaction:439,AdBrettPhos,0,AdBrettPhos,0.862838268,3.1263504028320312,14.945727348327637
reaction:440,AdBrettPhos,0,AdBrettPhos,34.28507945,30.721874237060547,14.787372589111328
reaction:441,AdBrettPhos,0,AdBrettPhos,53.14523882,45.65991973876953,15.946491241455078
reaction:442,AdBrettPhos,0,AdBrettPhos,2.173414859,5.890872955322266,13.954649925231934
reaction:443,AdBrettPhos,0,AdBrettPhos,59.96800012,53.46449279785156,14.218239784240723
reaction:444,AdBrettPhos,0,AdBrettPhos,80.9780499,72.25498962402344,14.751602172851562
reaction:445,AdBrettPhos,0,AdBrettPhos,68.00656479999999,64.83226013183594,16.173927307128906
reaction:446,AdBrettPhos,0,AdBrettPhos,84.91024962,78.01655578613281,15.007061004638672
reaction:447,AdBrettPhos,0,AdBrettPhos,95.07020116,90.65365600585938,14.7216215133667
reaction:448,AdBrettPhos,0,AdBrettPhos,15.22347574,17.711029052734375,14.27186107635498
reaction:449,AdBrettPhos,0,AdBrettPhos,86.41541039,73.45635223388672,14.815778732299805
reaction:450,AdBrettPhos,0,AdBrettPhos,92.13068227,83.63368225097656,13.983380317687988
reaction:451,AdBrettPhos,0,AdBrettPhos,2.038853369,2.55780029296875,16.170602798461914
reaction:452,AdBrettPhos,0,AdBrettPhos,28.76096277,31.49605941772461,15.252720832824707
reaction:453,AdBrettPhos,0,AdBrettPhos,44.56045142,38.805389404296875,15.244233131408691
reaction:454,AdBrettPhos,0,AdBrettPhos,0.3809182129999999,1.6096019744873047,16.149526596069336
reaction:455,AdBrettPhos,0,AdBrettPhos,44.68712072,38.33077621459961,16.067989349365234
reaction:456,AdBrettPhos,0,AdBrettPhos,52.78848387,41.19867706298828,17.137666702270508
reaction:457,AdBrettPhos,0,AdBrettPhos,1.112658983,4.164793014526367,15.300564765930176
reaction:458,AdBrettPhos,0,AdBrettPhos,67.02083729,61.48487091064453,15.547211647033691
reaction:459,AdBrettPhos,0,AdBrettPhos,72.46627889,66.70643615722656,15.93619441986084
reaction:460,AdBrettPhos,0,AdBrettPhos,55.08984272,66.25851440429688,17.36603546142578
reaction:461,AdBrettPhos,0,AdBrettPhos,63.25759385,77.45498657226562,16.299339294433594
reaction:462,AdBrettPhos,0,AdBrettPhos,66.28326385,70.40960693359375,16.189443588256836
reaction:463,AdBrettPhos,0,AdBrettPhos,6.141106311000001,2.9903221130371094,15.593497276306152
reaction:464,AdBrettPhos,0,AdBrettPhos,54.56358173,47.85866165161133,16.119430541992188
reaction:465,AdBrettPhos,0,AdBrettPhos,63.22469221,53.288734436035156,15.327618598937988
reaction:466,AdBrettPhos,0,AdBrettPhos,2.256359852,2.7121047973632812,16.053781509399414
reaction:467,AdBrettPhos,0,AdBrettPhos,32.38635793,37.505977630615234,15.220963478088379
reaction:468,AdBrettPhos,0,AdBrettPhos,44.44197306,43.82634735107422,15.222077369689941
reaction:469,AdBrettPhos,0,AdBrettPhos,0.0,-0.36461639404296875,16.168317794799805
reaction:470,AdBrettPhos,0,AdBrettPhos,21.71222946,27.69740867614746,16.053447723388672
reaction:471,AdBrettPhos,0,AdBrettPhos,43.86426544,39.75605010986328,17.098445892333984
reaction:472,AdBrettPhos,0,AdBrettPhos,0.0,-0.6546401977539062,14.733600616455078
reaction:473,AdBrettPhos,0,AdBrettPhos,39.83155733,52.11046600341797,15.522612571716309
reaction:474,AdBrettPhos,0,AdBrettPhos,78.71189796,71.83232116699219,15.95311164855957
reaction:475,AdBrettPhos,0,AdBrettPhos,34.68494953,54.546875,17.339149475097656
reaction:476,AdBrettPhos,0,AdBrettPhos,51.68395023,72.43434143066406,16.176401138305664
reaction:477,AdBrettPhos,0,AdBrettPhos,69.94718927,77.60313415527344,15.9766263961792
reaction:478,AdBrettPhos,0,AdBrettPhos,1.517636561,1.059326171875,15.533679962158203
reaction:479,AdBrettPhos,0,AdBrettPhos,65.78374618,64.75244140625,16.10848045349121
reaction:480,AdBrettPhos,0,AdBrettPhos,79.37053051,68.61309814453125,14.85427188873291
reaction:481,AdBrettPhos,0,AdBrettPhos,2.510510682,4.444704055786133,16.07292938232422
reaction:482,AdBrettPhos,0,AdBrettPhos,36.61548208,40.763282775878906,14.80307388305664
reaction:483,AdBrettPhos,0,AdBrettPhos,52.67302388,48.87425994873047,14.807185173034668
reaction:484,AdBrettPhos,0,AdBrettPhos,0.0,-1.0472259521484375,16.168367385864258
reaction:485,AdBrettPhos,0,AdBrettPhos,32.99753143,39.58060073852539,16.01626205444336
reaction:486,AdBrettPhos,0,AdBrettPhos,57.53990104,45.93305206298828,17.090896606445312
reaction:487,AdBrettPhos,0,AdBrettPhos,0.544984175,0.15716934204101562,15.25572681427002
reaction:488,AdBrettPhos,0,AdBrettPhos,57.85208433,68.19536590576172,15.505078315734863
reaction:489,AdBrettPhos,0,AdBrettPhos,85.89473594,83.25814819335938,15.987728118896484
reaction:490,AdBrettPhos,0,AdBrettPhos,67.67136056,77.45899963378906,17.323442459106445
reaction:491,AdBrettPhos,0,AdBrettPhos,95.55515456,93.96080780029297,16.220125198364258
reaction:492,AdBrettPhos,0,AdBrettPhos,99.03446213,96.54623413085938,15.955815315246582
reaction:493,AdBrettPhos,0,AdBrettPhos,2.310618854,3.432699203491211,15.527911186218262
reaction:494,AdBrettPhos,0,AdBrettPhos,86.53541708,80.31827545166016,16.0751953125
reaction:495,AdBrettPhos,0,AdBrettPhos,94.50096737,86.11917114257812,15.285086631774902
reaction:496,AdBrettPhos,0,AdBrettPhos,7.7649642,15.076375961303711,16.284259796142578
reaction:497,AdBrettPhos,0,AdBrettPhos,31.45776364,30.66797637939453,15.39443588256836
reaction:498,AdBrettPhos,0,AdBrettPhos,39.80414391,35.5738525390625,15.391925811767578
reaction:499,AdBrettPhos,0,AdBrettPhos,0.230274449,-0.5653228759765625,16.2850399017334
reaction:500,AdBrettPhos,0,AdBrettPhos,47.71300168,38.6153564453125,16.204240798950195
reaction:501,AdBrettPhos,0,AdBrettPhos,54.76985941,38.19669723510742,17.268714904785156
reaction:502,AdBrettPhos,0,AdBrettPhos,0.7376310779999999,2.470640182495117,15.445741653442383
reaction:503,AdBrettPhos,0,AdBrettPhos,74.13888356,64.8770751953125,15.673760414123535
reaction:504,AdBrettPhos,0,AdBrettPhos,71.26504827,61.827667236328125,16.09868621826172
reaction:505,AdBrettPhos,0,AdBrettPhos,64.02888238,60.39202117919922,17.484189987182617
reaction:506,AdBrettPhos,0,AdBrettPhos,74.63930208,69.67833709716797,16.444107055664062
reaction:507,AdBrettPhos,0,AdBrettPhos,76.16070518,69.1398696899414,16.312620162963867
reaction:508,AdBrettPhos,0,AdBrettPhos,5.908085833,12.177263259887695,15.760562896728516
reaction:509,AdBrettPhos,0,AdBrettPhos,52.86647451,41.88949966430664,16.273765563964844
reaction:510,AdBrettPhos,0,AdBrettPhos,56.03413013,44.969200134277344,15.468470573425293
reaction:511,AdBrettPhos,0,AdBrettPhos,12.72121896,22.045272827148438,16.176738739013672
reaction:512,AdBrettPhos,0,AdBrettPhos,41.67771463,43.7679328918457,15.372045516967773
reaction:513,AdBrettPhos,0,AdBrettPhos,43.87448476,47.719757080078125,15.378931999206543
reaction:514,AdBrettPhos,0,AdBrettPhos,0.316193405,3.465961456298828,16.311922073364258
reaction:515,AdBrettPhos,0,AdBrettPhos,40.29418927,37.848976135253906,16.198095321655273
reaction:516,AdBrettPhos,0,AdBrettPhos,45.40015878,44.78296661376953,17.238178253173828
reaction:517,AdBrettPhos,0,AdBrettPhos,0.778234105,3.903411865234375,14.89345645904541
reaction:518,AdBrettPhos,0,AdBrettPhos,65.05218409,64.67390441894531,15.6577787399292
reaction:519,AdBrettPhos,0,AdBrettPhos,78.61961971,75.0064697265625,16.124265670776367
reaction:520,AdBrettPhos,0,AdBrettPhos,45.30738516,62.91846466064453,17.465240478515625
reaction:521,AdBrettPhos,0,AdBrettPhos,56.65401799,74.96745300292969,16.33026695251465
reaction:522,AdBrettPhos,0,AdBrettPhos,68.60611463,82.03182983398438,16.109952926635742
reaction:523,AdBrettPhos,0,AdBrettPhos,12.48635948,19.88153839111328,15.7099027633667
reaction:524,AdBrettPhos,0,AdBrettPhos,69.81626316,66.9313735961914,16.271224975585938
reaction:525,AdBrettPhos,0,AdBrettPhos,75.30179851,71.38522338867188,15.008591651916504
reaction:526,AdBrettPhos,0,AdBrettPhos,14.49254361,21.496997833251953,16.239356994628906
reaction:527,AdBrettPhos,0,AdBrettPhos,52.13571621,44.6351318359375,15.006135940551758
reaction:528,AdBrettPhos,0,AdBrettPhos,48.86581696,49.19410705566406,15.01584243774414
reaction:529,AdBrettPhos,0,AdBrettPhos,0.364667905,0.14911270141601562,16.355976104736328
reaction:530,AdBrettPhos,0,AdBrettPhos,55.18037009,43.21570587158203,16.205310821533203
reaction:531,AdBrettPhos,0,AdBrettPhos,55.01223205,46.988487243652344,17.271894454956055
reaction:532,AdBrettPhos,0,AdBrettPhos,1.087256852,1.8615379333496094,15.456037521362305
reaction:533,AdBrettPhos,0,AdBrettPhos,81.22830675,74.61311340332031,15.68613052368164
reaction:534,AdBrettPhos,0,AdBrettPhos,80.71099803,82.06796264648438,16.202573776245117
reaction:535,AdBrettPhos,0,AdBrettPhos,86.20017514,80.41816711425781,17.490617752075195
reaction:536,AdBrettPhos,0,AdBrettPhos,84.17796028,90.22386169433594,16.417152404785156
reaction:537,AdBrettPhos,0,AdBrettPhos,95.67591323,97.31861877441406,16.133010864257812
reaction:538,AdBrettPhos,0,AdBrettPhos,14.50083816,20.32904815673828,15.749797821044922
reaction:539,AdBrettPhos,0,AdBrettPhos,91.52862329,78.75825500488281,16.282278060913086
reaction:540,AdBrettPhos,0,AdBrettPhos,92.65898323,84.5933837890625,15.481260299682617
reaction:541,XPhos,1,XPhos,12.6512469,35.91743087768555,31.207054138183594
reaction:542,XPhos,1,XPhos,13.83708642,35.924598693847656,31.206897735595703
reaction:543,XPhos,1,XPhos,15.0343232,36.474063873291016,31.205883026123047
reaction:544,XPhos,1,XPhos,1.856863727,35.72378158569336,31.20762062072754
reaction:545,XPhos,1,XPhos,4.344676685,36.54994201660156,31.20707130432129
reaction:546,XPhos,1,XPhos,5.971176669,37.599212646484375,31.208053588867188
reaction:547,XPhos,1,XPhos,8.323184663,35.375606536865234,31.20604705810547
reaction:548,XPhos,1,XPhos,13.24692026,36.620460510253906,31.20685386657715
reaction:549,XPhos,1,XPhos,15.01178808,37.13054656982422,31.206846237182617
reaction:550,XPhos,1,XPhos,12.98584411,35.80415725708008,31.20791244506836
reaction:551,XPhos,1,XPhos,17.08756486,35.748844146728516,31.207439422607422
reaction:552,XPhos,1,XPhos,19.42152909,36.36269760131836,31.20768165588379
reaction:553,XPhos,1,XPhos,61.68885211,37.910301208496094,31.20711326599121
reaction:554,XPhos,1,XPhos,64.52902546,37.90740966796875,31.208393096923828
reaction:555,XPhos,1,XPhos,64.66756982,38.88727951049805,31.201011657714844
reaction:556,XPhos,1,XPhos,14.26895253,35.208412170410156,31.206523895263672
reaction:557,XPhos,1,XPhos,24.93013825,36.04669189453125,31.20640754699707
reaction:558,XPhos,1,XPhos,38.55067304,36.791221618652344,31.205350875854492
reaction:559,XPhos,1,XPhos,0.0,35.222015380859375,31.207096099853516
reaction:560,XPhos,1,XPhos,1.224185961,36.489322662353516,31.206663131713867
reaction:561,XPhos,1,XPhos,2.633257106,37.66535949707031,31.207412719726562
reaction:562,XPhos,1,XPhos,1.932595354,35.05677795410156,31.205184936523438
reaction:563,XPhos,1,XPhos,8.432863834,36.54966354370117,31.206384658813477
reaction:564,XPhos,1,XPhos,11.40684881,37.693546295166016,31.206350326538086
reaction:565,XPhos,1,XPhos,16.82928554,34.779544830322266,31.20735740661621
reaction:566,XPhos,1,XPhos,35.53815083,34.903018951416016,31.206798553466797
reaction:567,XPhos,1,XPhos,41.96438983,35.71843719482422,31.206884384155273
reaction:568,XPhos,1,XPhos,2.917168593,35.58605194091797,31.20667266845703
reaction:569,XPhos,1,XPhos,7.768371677,37.177635192871094,31.20786476135254
reaction:570,XPhos,1,XPhos,14.74148388,38.331844329833984,31.199914932250977
reaction:571,XPhos,1,XPhos,21.50977994,36.0561408996582,31.207292556762695
reaction:572,XPhos,1,XPhos,20.96272395,37.09894561767578,31.206432342529297
reaction:573,XPhos,1,XPhos,26.67806508,38.007301330566406,31.205293655395508
reaction:574,XPhos,1,XPhos,0.0,35.690093994140625,31.207365036010742
reaction:575,XPhos,1,XPhos,3.941726457,37.34455871582031,31.20710563659668
reaction:576,XPhos,1,XPhos,7.774794319,38.66020202636719,31.208072662353516
reaction:577,XPhos,1,XPhos,2.331533569,35.377845764160156,31.20603370666504
reaction:578,XPhos,1,XPhos,15.28777504,37.63603591918945,31.206892013549805
reaction:579,XPhos,1,XPhos,23.43579167,38.875579833984375,31.20692253112793
reaction:580,XPhos,1,XPhos,15.69796379,36.88032150268555,31.207942962646484
reaction:581,XPhos,1,XPhos,27.33482675,37.4407958984375,31.2075138092041
reaction:582,XPhos,1,XPhos,34.44632451,38.848445892333984,31.207561492919922
reaction:583,XPhos,1,XPhos,9.061926079,36.4880485534668,31.207183837890625
reaction:584,XPhos,1,XPhos,20.11332693,38.462196350097656,31.208322525024414
reaction:585,XPhos,1,XPhos,25.93974836,39.776390075683594,31.201148986816406
reaction:586,XPhos,1,XPhos,2.968869757,37.222660064697266,31.20022964477539
reaction:587,XPhos,1,XPhos,2.391870808,38.00912094116211,31.199844360351562
reaction:588,XPhos,1,XPhos,20.86747592,38.386077880859375,31.198833465576172
reaction:589,XPhos,1,XPhos,2.064063489,36.431766510009766,31.200542449951172
reaction:590,XPhos,1,XPhos,11.1309805,38.73194885253906,31.20011329650879
reaction:591,XPhos,1,XPhos,14.36693621,39.280174255371094,31.2010440826416
reaction:592,XPhos,1,XPhos,9.085602443,35.922035217285156,31.199167251586914
reaction:593,XPhos,1,XPhos,51.71538404,39.60246276855469,31.199745178222656
reaction:594,XPhos,1,XPhos,53.23936389,39.6195182800293,31.199783325195312
reaction:595,XPhos,1,XPhos,10.59565991,38.061302185058594,31.200868606567383
reaction:596,XPhos,1,XPhos,12.24156469,38.51707077026367,31.200481414794922
reaction:597,XPhos,1,XPhos,12.7214048,38.98759078979492,31.20058250427246
reaction:598,XPhos,1,XPhos,20.53476821,37.29487991333008,31.200021743774414
reaction:599,XPhos,1,XPhos,16.03639807,36.89183044433594,31.201377868652344
reaction:600,XPhos,1,XPhos,19.29401032,37.89226150512695,31.193506240844727
reaction:601,XPhos,1,XPhos,24.42152468,37.20138931274414,31.19935417175293
reaction:602,XPhos,1,XPhos,35.72058232,38.09358596801758,31.199016571044922
reaction:603,XPhos,1,XPhos,34.68866542,38.447654724121094,31.197919845581055
reaction:604,XPhos,1,XPhos,1.299881507,36.22910690307617,31.199819564819336
reaction:605,XPhos,1,XPhos,17.26980964,38.408477783203125,31.19936752319336
reaction:606,XPhos,1,XPhos,28.37187434,38.72806930541992,31.199983596801758
reaction:607,XPhos,1,XPhos,5.370036774,35.921321868896484,31.198022842407227
reaction:608,XPhos,1,XPhos,37.71186321,39.021705627441406,31.198955535888672
reaction:609,XPhos,1,XPhos,36.02889558,39.42161560058594,31.198904037475586
reaction:610,XPhos,1,XPhos,32.92776022,37.05403137207031,31.199840545654297
reaction:611,XPhos,1,XPhos,59.55262648,37.323646545410156,31.19957160949707
reaction:612,XPhos,1,XPhos,57.6053748,37.723384857177734,31.199445724487305
reaction:613,XPhos,1,XPhos,18.46342998,37.435997009277344,31.199295043945312
reaction:614,XPhos,1,XPhos,36.80966237,38.70935821533203,31.200658798217773
reaction:615,XPhos,1,XPhos,44.33084711,39.602840423583984,31.192171096801758
reaction:616,XPhos,1,XPhos,26.52646529,37.79521560668945,31.200286865234375
reaction:617,XPhos,1,XPhos,40.07198822,38.97471237182617,31.199527740478516
reaction:618,XPhos,1,XPhos,44.04700483,39.581459045410156,31.19818878173828
reaction:619,XPhos,1,XPhos,0.844427684,36.681732177734375,31.20050811767578
reaction:620,XPhos,1,XPhos,10.60791195,39.25788879394531,31.200082778930664
reaction:621,XPhos,1,XPhos,19.44976087,39.705928802490234,31.20105743408203
reaction:622,XPhos,1,XPhos,4.67315366,36.11399841308594,31.199167251586914
reaction:623,XPhos,1,XPhos,33.71090461,39.93212890625,31.199974060058594
reaction:624,XPhos,1,XPhos,58.95423439,40.55551528930664,31.199817657470703
reaction:625,XPhos,1,XPhos,32.36907857,39.02867889404297,31.200885772705078
reaction:626,XPhos,1,XPhos,58.30938102,39.649742126464844,31.200551986694336
reaction:627,XPhos,1,XPhos,63.62909921,40.65620422363281,31.20062828063965
reaction:628,XPhos,1,XPhos,15.1458408,38.01701736450195,31.200191497802734
reaction:629,XPhos,1,XPhos,31.9937252,39.816200256347656,31.201452255249023
reaction:630,XPhos,1,XPhos,53.36463944,40.83391571044922,31.193397521972656
reaction:631,XPhos,1,XPhos,5.928429551,36.81297302246094,31.20629119873047
reaction:632,XPhos,1,XPhos,9.302544665,37.22282409667969,31.20583152770996
reaction:633,XPhos,1,XPhos,34.88077285,38.188568115234375,31.2041015625
reaction:634,XPhos,1,XPhos,0.47110416,36.33129119873047,31.207061767578125
reaction:635,XPhos,1,XPhos,28.77482765,38.21987533569336,31.206445693969727
reaction:636,XPhos,1,XPhos,35.21497708,39.26300811767578,31.207426071166992
reaction:637,XPhos,1,XPhos,4.111488109,35.719757080078125,31.206073760986328
reaction:638,XPhos,1,XPhos,64.27233548,39.330326080322266,31.206295013427734
reaction:639,XPhos,1,XPhos,65.69456697,39.64036178588867,31.206256866455078
reaction:640,XPhos,1,XPhos,14.11480355,37.904083251953125,31.207340240478516
reaction:641,XPhos,1,XPhos,17.56349703,38.35905838012695,31.206809997558594
reaction:642,XPhos,1,XPhos,15.1215994,38.833953857421875,31.207067489624023
reaction:643,XPhos,1,XPhos,12.74466628,36.805885314941406,31.206512451171875
reaction:644,XPhos,1,XPhos,14.21418921,36.679534912109375,31.207746505737305
reaction:645,XPhos,1,XPhos,16.84841979,37.72060012817383,31.200090408325195
reaction:646,XPhos,1,XPhos,19.58685815,36.417388916015625,31.2063045501709
reaction:647,XPhos,1,XPhos,43.74297776,37.45721435546875,31.205860137939453
reaction:648,XPhos,1,XPhos,41.13226409,38.267967224121094,31.204118728637695
reaction:649,XPhos,1,XPhos,0.43718104,35.954017639160156,31.207067489624023
reaction:650,XPhos,1,XPhos,23.41191123,37.72511672973633,31.206575393676758
reaction:651,XPhos,1,XPhos,34.22871308,38.61930847167969,31.20733070373535
reaction:652,XPhos,1,XPhos,2.005732083,35.41477966308594,31.205345153808594
reaction:653,XPhos,1,XPhos,50.97511306,38.67231750488281,31.206384658813477
reaction:654,XPhos,1,XPhos,50.54514481,39.32563018798828,31.206356048583984
reaction:655,XPhos,1,XPhos,39.19022489,36.28561782836914,31.207387924194336
reaction:656,XPhos,1,XPhos,59.13712916,36.94712829589844,31.206663131713867
reaction:657,XPhos,1,XPhos,63.46127974,37.525936126708984,31.206857681274414
reaction:658,XPhos,1,XPhos,14.56258268,36.29056167602539,31.20659828186035
reaction:659,XPhos,1,XPhos,42.70687587,38.35941696166992,31.20770263671875
reaction:660,XPhos,1,XPhos,51.1783537,39.365684509277344,31.199459075927734
reaction:661,XPhos,1,XPhos,20.79893886,36.63204574584961,31.205934524536133
reaction:662,XPhos,1,XPhos,44.03844861,38.00474166870117,31.205049514770508
reaction:663,XPhos,1,XPhos,47.42870408,39.03888702392578,31.20349884033203
reaction:664,XPhos,1,XPhos,0.389738186,36.06257629394531,31.206130981445312
reaction:665,XPhos,1,XPhos,14.82994008,38.17570877075195,31.205883026123047
reaction:666,XPhos,1,XPhos,27.38026406,39.21771240234375,31.20681381225586
reaction:667,XPhos,1,XPhos,1.922791563,35.366756439208984,31.205446243286133
reaction:668,XPhos,1,XPhos,42.32124218,39.184051513671875,31.20569610595703
reaction:669,XPhos,1,XPhos,66.26745697,40.05202102661133,31.205739974975586
reaction:670,XPhos,1,XPhos,38.26811211,38.15732192993164,31.206768035888672
reaction:671,XPhos,1,XPhos,65.27849508,38.9739990234375,31.206254959106445
reaction:672,XPhos,1,XPhos,69.51698512,40.02828598022461,31.20631217956543
reaction:673,XPhos,1,XPhos,11.65114169,36.27603530883789,31.205957412719727
reaction:674,XPhos,1,XPhos,35.81675951,38.974700927734375,31.20699691772461
reaction:675,XPhos,1,XPhos,49.09682213,40.20197296142578,31.199676513671875
reaction:676,t-BuXPhos,3,t-BuXPhos,14.56538038,26.191638946533203,25.494176864624023
reaction:677,t-BuXPhos,3,t-BuXPhos,18.74350865,29.30596923828125,25.50345230102539
reaction:678,t-BuXPhos,3,t-BuXPhos,19.60839775,28.21662139892578,25.498537063598633
reaction:679,t-BuXPhos,3,t-BuXPhos,2.060581853,22.786043167114258,25.479293823242188
reaction:680,t-BuXPhos,3,t-BuXPhos,16.39030586,26.285140991210938,25.48543930053711
reaction:681,t-BuXPhos,3,t-BuXPhos,19.65840226,23.688720703125,25.497650146484375
reaction:682,t-BuXPhos,3,t-BuXPhos,6.853480142,26.2495174407959,25.43519401550293
reaction:683,t-BuXPhos,3,t-BuXPhos,26.75645727,32.15373611450195,25.450284957885742
reaction:684,t-BuXPhos,3,t-BuXPhos,27.04861196,31.528318405151367,25.518508911132812
reaction:685,t-BuXPhos,3,t-BuXPhos,31.29909936,33.859127044677734,25.497909545898438
reaction:686,t-BuXPhos,3,t-BuXPhos,35.2030282,36.40462112426758,25.487571716308594
reaction:687,t-BuXPhos,3,t-BuXPhos,40.08669181,37.187984466552734,25.494258880615234
reaction:688,t-BuXPhos,3,t-BuXPhos,68.76495224,33.345760345458984,25.463272094726562
reaction:689,t-BuXPhos,3,t-BuXPhos,74.00970333,37.45423889160156,25.50700569152832
reaction:690,t-BuXPhos,3,t-BuXPhos,70.58038327,33.97576904296875,25.36174774169922
reaction:691,t-BuXPhos,3,t-BuXPhos,12.56300254,29.323572158813477,25.501529693603516
reaction:692,t-BuXPhos,3,t-BuXPhos,47.02427089,34.913185119628906,25.501876831054688
reaction:693,t-BuXPhos,3,t-BuXPhos,48.56121582,35.445159912109375,25.49553108215332
reaction:694,t-BuXPhos,3,t-BuXPhos,0.529819216,25.84955596923828,25.48785400390625
reaction:695,t-BuXPhos,3,t-BuXPhos,47.2768797,28.899459838867188,25.493513107299805
reaction:696,t-BuXPhos,3,t-BuXPhos,55.19349187,31.273420333862305,25.496429443359375
reaction:697,t-BuXPhos,3,t-BuXPhos,73.2728017,36.98712158203125,25.451139450073242
reaction:698,t-BuXPhos,3,t-BuXPhos,77.78682066,42.4222412109375,25.514833450317383
reaction:699,t-BuXPhos,3,t-BuXPhos,69.39495874,41.7906494140625,25.49628448486328
reaction:700,t-BuXPhos,3,t-BuXPhos,84.60201966,46.673126220703125,25.49164390563965
reaction:701,t-BuXPhos,3,t-BuXPhos,85.14015258,50.55261993408203,25.49403190612793
reaction:702,t-BuXPhos,3,t-BuXPhos,12.48383732,30.51906967163086,25.460067749023438
reaction:703,t-BuXPhos,3,t-BuXPhos,78.00495066,42.2767333984375,25.504135131835938
reaction:704,t-BuXPhos,3,t-BuXPhos,83.73721982,40.92393493652344,25.331411361694336
reaction:705,t-BuXPhos,3,t-BuXPhos,26.05284451,30.386341094970703,25.492202758789062
reaction:706,t-BuXPhos,3,t-BuXPhos,53.83922891,33.84782791137695,25.496347427368164
reaction:707,t-BuXPhos,3,t-BuXPhos,52.3137348,34.03489685058594,25.492313385009766
reaction:708,t-BuXPhos,3,t-BuXPhos,3.500057239,24.48159408569336,25.475887298583984
reaction:709,t-BuXPhos,3,t-BuXPhos,49.39865649,28.966819763183594,25.48332977294922
reaction:710,t-BuXPhos,3,t-BuXPhos,56.13504943,28.90711212158203,25.494672775268555
reaction:711,t-BuXPhos,3,t-BuXPhos,16.2490011,28.215181350708008,25.43175506591797
reaction:712,t-BuXPhos,3,t-BuXPhos,79.87241595,38.45970916748047,25.447021484375
reaction:713,t-BuXPhos,3,t-BuXPhos,81.15116736,40.960079193115234,25.512453079223633
reaction:714,t-BuXPhos,3,t-BuXPhos,88.44637346,41.92580795288086,25.487293243408203
reaction:715,t-BuXPhos,3,t-BuXPhos,93.09950718,45.212955474853516,25.484922409057617
reaction:716,t-BuXPhos,3,t-BuXPhos,99.99999,46.65422058105469,25.487438201904297
reaction:717,t-BuXPhos,3,t-BuXPhos,36.89391539,33.356101989746094,25.452320098876953
reaction:718,t-BuXPhos,3,t-BuXPhos,94.34623373,44.23822784423828,25.502031326293945
reaction:719,t-BuXPhos,3,t-BuXPhos,93.02887198,42.13082504272461,25.356149673461914
reaction:720,t-BuXPhos,3,t-BuXPhos,34.28672739,23.839035034179688,25.340599060058594
reaction:721,t-BuXPhos,3,t-BuXPhos,51.07128287,28.90331268310547,25.350936889648438
reaction:722,t-BuXPhos,3,t-BuXPhos,44.71241275,27.67266082763672,25.345447540283203
reaction:723,t-BuXPhos,3,t-BuXPhos,1.112505085,20.435531616210938,25.326053619384766
reaction:724,t-BuXPhos,3,t-BuXPhos,50.90618574,27.67156982421875,25.332151412963867
reaction:725,t-BuXPhos,3,t-BuXPhos,54.23706048,27.340166091918945,25.345033645629883
reaction:726,t-BuXPhos,3,t-BuXPhos,4.695061055,24.448192596435547,25.281782150268555
reaction:727,t-BuXPhos,3,t-BuXPhos,83.3036144,35.54315948486328,25.29637908935547
reaction:728,t-BuXPhos,3,t-BuXPhos,70.00785114,34.263206481933594,25.365957260131836
reaction:729,t-BuXPhos,3,t-BuXPhos,52.85443039,38.45586395263672,25.344690322875977
reaction:730,t-BuXPhos,3,t-BuXPhos,72.15476775,41.53165054321289,25.33391571044922
reaction:731,t-BuXPhos,3,t-BuXPhos,73.13874552,40.66046142578125,25.340227127075195
reaction:732,t-BuXPhos,3,t-BuXPhos,18.412337,24.40283966064453,25.3094539642334
reaction:733,t-BuXPhos,3,t-BuXPhos,1.57607478,26.179779052734375,25.353506088256836
reaction:734,t-BuXPhos,3,t-BuXPhos,1.834161249,22.820844650268555,25.163347244262695
reaction:735,t-BuXPhos,3,t-BuXPhos,39.94694428,29.360807418823242,25.316356658935547
reaction:736,t-BuXPhos,3,t-BuXPhos,54.22375463,33.97824478149414,25.317184448242188
reaction:737,t-BuXPhos,3,t-BuXPhos,50.12467654,32.558937072753906,25.31052589416504
reaction:738,t-BuXPhos,3,t-BuXPhos,1.102452884,23.318483352661133,25.3028564453125
reaction:739,t-BuXPhos,3,t-BuXPhos,45.39654665,29.936059951782227,25.30867576599121
reaction:740,t-BuXPhos,3,t-BuXPhos,51.57354724,31.3475284576416,25.312047958374023
reaction:741,t-BuXPhos,3,t-BuXPhos,77.85802389,39.22978591918945,25.26512336730957
reaction:742,t-BuXPhos,3,t-BuXPhos,80.13587028,39.829750061035156,25.33095932006836
reaction:743,t-BuXPhos,3,t-BuXPhos,80.58863006,45.81804275512695,25.31133460998535
reaction:744,t-BuXPhos,3,t-BuXPhos,86.25411640000002,48.26934814453125,25.306482315063477
reaction:745,t-BuXPhos,3,t-BuXPhos,91.93340238,48.77924346923828,25.308223724365234
reaction:746,t-BuXPhos,3,t-BuXPhos,49.30997149,31.569751739501953,25.274372100830078
reaction:747,t-BuXPhos,3,t-BuXPhos,86.10507439,40.195892333984375,25.319074630737305
reaction:748,t-BuXPhos,3,t-BuXPhos,88.16754027,36.8693962097168,25.140411376953125
reaction:749,t-BuXPhos,3,t-BuXPhos,45.04099086,26.90514373779297,25.343639373779297
reaction:750,t-BuXPhos,3,t-BuXPhos,52.01896484,30.28213882446289,25.348329544067383
reaction:751,t-BuXPhos,3,t-BuXPhos,50.27132659,28.595291137695312,25.3438777923584
reaction:752,t-BuXPhos,3,t-BuXPhos,1.402918235,20.390567779541016,25.32831382751465
reaction:753,t-BuXPhos,3,t-BuXPhos,50.57898439,27.191850662231445,25.334924697875977
reaction:754,t-BuXPhos,3,t-BuXPhos,51.23480839,27.2587890625,25.34663200378418
reaction:755,t-BuXPhos,3,t-BuXPhos,6.591475121,24.636457443237305,25.28343963623047
reaction:756,t-BuXPhos,3,t-BuXPhos,83.09647392,37.62002182006836,25.297626495361328
reaction:757,t-BuXPhos,3,t-BuXPhos,79.26160687,36.37482452392578,25.364368438720703
reaction:758,t-BuXPhos,3,t-BuXPhos,86.19439925,43.667274475097656,25.339052200317383
reaction:759,t-BuXPhos,3,t-BuXPhos,91.26694463,43.907676696777344,25.33637237548828
reaction:760,t-BuXPhos,3,t-BuXPhos,95.38648822,41.80412292480469,25.3382625579834
reaction:761,t-BuXPhos,3,t-BuXPhos,63.26443611,30.597049713134766,25.303184509277344
reaction:762,t-BuXPhos,3,t-BuXPhos,94.87994774,39.86749267578125,25.35306167602539
reaction:763,t-BuXPhos,3,t-BuXPhos,93.42111456,36.15316390991211,25.163331985473633
reaction:764,t-BuXPhos,3,t-BuXPhos,31.76101887,23.55078887939453,25.460004806518555
reaction:765,t-BuXPhos,3,t-BuXPhos,47.94242943,28.696475982666016,25.46992301940918
reaction:766,t-BuXPhos,3,t-BuXPhos,42.81292825,27.310543060302734,25.46470832824707
reaction:767,t-BuXPhos,3,t-BuXPhos,0.39886034,20.69960594177246,25.445327758789062
reaction:768,t-BuXPhos,3,t-BuXPhos,45.57576479,30.151683807373047,25.451324462890625
reaction:769,t-BuXPhos,3,t-BuXPhos,49.32093179,25.96084976196289,25.464040756225586
reaction:770,t-BuXPhos,3,t-BuXPhos,3.622466468,24.838964462280273,25.401247024536133
reaction:771,t-BuXPhos,3,t-BuXPhos,75.31115449,36.0942497253418,25.416065216064453
reaction:772,t-BuXPhos,3,t-BuXPhos,67.19184926,34.20933532714844,25.484811782836914
reaction:773,t-BuXPhos,3,t-BuXPhos,54.63079808,39.149662017822266,25.4633846282959
reaction:774,t-BuXPhos,3,t-BuXPhos,63.14714159,42.09852981567383,25.453031539916992
reaction:775,t-BuXPhos,3,t-BuXPhos,63.83709974,41.397743225097656,25.45985984802246
reaction:776,t-BuXPhos,3,t-BuXPhos,20.39347896,23.266544342041016,25.42881965637207
reaction:777,t-BuXPhos,3,t-BuXPhos,0.0,26.613224029541016,25.473705291748047
reaction:778,t-BuXPhos,3,t-BuXPhos,0.0,23.131858825683594,25.326705932617188
reaction:779,t-BuXPhos,3,t-BuXPhos,34.30918762,29.07489585876465,25.47101402282715
reaction:780,t-BuXPhos,3,t-BuXPhos,52.55061961,35.997039794921875,25.47137451171875
reaction:781,t-BuXPhos,3,t-BuXPhos,52.37811419,34.17536926269531,25.46375274658203
reaction:782,t-BuXPhos,3,t-BuXPhos,0.695297498,24.412277221679688,25.457178115844727
reaction:783,t-BuXPhos,3,t-BuXPhos,43.182647,33.27494430541992,25.462644577026367
reaction:784,t-BuXPhos,3,t-BuXPhos,52.5635645,32.74879455566406,25.465839385986328
reaction:785,t-BuXPhos,3,t-BuXPhos,3.012114112,26.84032440185547,25.40073585510254
reaction:786,t-BuXPhos,3,t-BuXPhos,80.58281911,41.061824798583984,25.420133590698242
reaction:787,t-BuXPhos,3,t-BuXPhos,81.02094948,40.997074127197266,25.484375
reaction:788,t-BuXPhos,3,t-BuXPhos,76.63515592,45.333404541015625,25.465301513671875
reaction:789,t-BuXPhos,3,t-BuXPhos,88.44485055,48.718040466308594,25.46105194091797
reaction:790,t-BuXPhos,3,t-BuXPhos,90.22793001,50.09099578857422,25.462818145751953
reaction:791,t-BuXPhos,3,t-BuXPhos,30.758172,28.934978485107422,25.428016662597656
reaction:792,t-BuXPhos,3,t-BuXPhos,85.68357471,42.09226608276367,25.47311019897461
reaction:793,t-BuXPhos,3,t-BuXPhos,86.971127,39.46279525756836,25.300193786621094
reaction:794,t-BuXPhos,3,t-BuXPhos,34.96627405,28.569976806640625,25.471359252929688
reaction:795,t-BuXPhos,3,t-BuXPhos,0.97555089,22.860244750976562,25.45549774169922
reaction:796,t-BuXPhos,3,t-BuXPhos,44.07099157,32.45298385620117,25.462312698364258
reaction:797,t-BuXPhos,3,t-BuXPhos,48.93807733,29.225967407226562,25.474016189575195
reaction:798,t-BuXPhos,3,t-BuXPhos,3.893641215,26.667673110961914,25.411073684692383
reaction:799,t-BuXPhos,3,t-BuXPhos,79.05542624,40.9766960144043,25.425739288330078
reaction:800,t-BuXPhos,3,t-BuXPhos,79.63886176,38.689979553222656,25.491161346435547
reaction:801,t-BuXPhos,3,t-BuXPhos,86.00345438,46.3204460144043,25.465993881225586
reaction:802,t-BuXPhos,3,t-BuXPhos,92.13719474,46.81489944458008,25.463886260986328
reaction:803,t-BuXPhos,3,t-BuXPhos,91.51096876,44.94886016845703,25.465932846069336
reaction:804,t-BuXPhos,3,t-BuXPhos,30.83522639,29.035236358642578,25.43106460571289
reaction:805,t-BuXPhos,3,t-BuXPhos,92.72370704,42.93054962158203,25.481040954589844
reaction:806,t-BuXPhos,3,t-BuXPhos,92.25602815,39.51012420654297,25.334848403930664
reaction:807,t-BuBrettPhos,2,t-BuBrettPhos,9.322132163,7.028451919555664,13.36027717590332
reaction:808,t-BuBrettPhos,2,t-BuBrettPhos,13.23389373,13.82748031616211,12.315049171447754
reaction:809,t-BuBrettPhos,2,t-BuBrettPhos,12.65611523,19.47201919555664,12.158315658569336
reaction:810,t-BuBrettPhos,2,t-BuBrettPhos,0.862512473,1.1232471466064453,13.491886138916016
reaction:811,t-BuBrettPhos,2,t-BuBrettPhos,11.12595571,18.50824737548828,13.539552688598633
reaction:812,t-BuBrettPhos,2,t-BuBrettPhos,11.33541199,28.49608612060547,13.534866333007812
reaction:813,t-BuBrettPhos,2,t-BuBrettPhos,3.848767902,4.956439971923828,11.807287216186523
reaction:814,t-BuBrettPhos,2,t-BuBrettPhos,26.55673667,30.206192016601562,12.595355987548828
reaction:815,t-BuBrettPhos,2,t-BuBrettPhos,25.42117806,38.993377685546875,13.304884910583496
reaction:816,t-BuBrettPhos,2,t-BuBrettPhos,23.70056273,29.261545181274414,14.005123138427734
reaction:817,t-BuBrettPhos,2,t-BuBrettPhos,25.95507424,31.423974990844727,13.566004753112793
reaction:818,t-BuBrettPhos,2,t-BuBrettPhos,35.80276164,42.50496292114258,13.087957382202148
reaction:819,t-BuBrettPhos,2,t-BuBrettPhos,66.85191048,38.77201843261719,13.075448989868164
reaction:820,t-BuBrettPhos,2,t-BuBrettPhos,70.56509529,50.39097595214844,14.641388893127441
reaction:821,t-BuBrettPhos,2,t-BuBrettPhos,66.6354412,55.495033264160156,13.128028869628906
reaction:822,t-BuBrettPhos,2,t-BuBrettPhos,3.468901589,6.294078826904297,12.875123977661133
reaction:823,t-BuBrettPhos,2,t-BuBrettPhos,31.17955703,23.9779052734375,11.716840744018555
reaction:824,t-BuBrettPhos,2,t-BuBrettPhos,44.26289513,33.46558380126953,11.565733909606934
reaction:825,t-BuBrettPhos,2,t-BuBrettPhos,0.0,0.5214290618896484,12.944323539733887
reaction:826,t-BuBrettPhos,2,t-BuBrettPhos,11.31352123,19.40427017211914,12.997477531433105
reaction:827,t-BuBrettPhos,2,t-BuBrettPhos,33.79435982,40.063682556152344,13.027790069580078
reaction:828,t-BuBrettPhos,2,t-BuBrettPhos,0.0,3.5369300842285156,10.655287742614746
reaction:829,t-BuBrettPhos,2,t-BuBrettPhos,36.54381967,32.85812759399414,12.105135917663574
reaction:830,t-BuBrettPhos,2,t-BuBrettPhos,78.50560016,59.383148193359375,12.909653663635254
reaction:831,t-BuBrettPhos,2,t-BuBrettPhos,32.19059222,21.17572784423828,13.509477615356445
reaction:832,t-BuBrettPhos,2,t-BuBrettPhos,55.46040564,26.047008514404297,13.017745971679688
reaction:833,t-BuBrettPhos,2,t-BuBrettPhos,81.63511603,46.50585174560547,12.57463264465332
reaction:834,t-BuBrettPhos,2,t-BuBrettPhos,4.546243303,17.097156524658203,12.581260681152344
reaction:835,t-BuBrettPhos,2,t-BuBrettPhos,60.54913452,55.13218688964844,14.109086990356445
reaction:836,t-BuBrettPhos,2,t-BuBrettPhos,71.15077458,64.6190185546875,12.659542083740234
reaction:837,t-BuBrettPhos,2,t-BuBrettPhos,22.42347536,16.702743530273438,13.282204627990723
reaction:838,t-BuBrettPhos,2,t-BuBrettPhos,41.46468331,35.37036895751953,11.703795433044434
reaction:839,t-BuBrettPhos,2,t-BuBrettPhos,54.24578847,46.500732421875,11.686688423156738
reaction:840,t-BuBrettPhos,2,t-BuBrettPhos,1.581660756,4.23565673828125,13.368609428405762
reaction:841,t-BuBrettPhos,2,t-BuBrettPhos,20.76458994,33.301509857177734,13.504714012145996
reaction:842,t-BuBrettPhos,2,t-BuBrettPhos,36.05750203,50.58026885986328,13.578956604003906
reaction:843,t-BuBrettPhos,2,t-BuBrettPhos,7.805738503,8.09640884399414,11.812220573425293
reaction:844,t-BuBrettPhos,2,t-BuBrettPhos,52.90774845,52.655479431152344,12.609810829162598
reaction:845,t-BuBrettPhos,2,t-BuBrettPhos,83.29437838,73.59614562988281,13.45870590209961
reaction:846,t-BuBrettPhos,2,t-BuBrettPhos,50.80872036,53.111305236816406,14.05975341796875
reaction:847,t-BuBrettPhos,2,t-BuBrettPhos,71.49385038,61.30641555786133,13.466522216796875
reaction:848,t-BuBrettPhos,2,t-BuBrettPhos,99.99999,82.6366195678711,13.136064529418945
reaction:849,t-BuBrettPhos,2,t-BuBrettPhos,29.94942755,29.348663330078125,13.156826972961426
reaction:850,t-BuBrettPhos,2,t-BuBrettPhos,80.02767877,76.90646362304688,14.629448890686035
reaction:851,t-BuBrettPhos,2,t-BuBrettPhos,88.40427326,88.77315521240234,13.173519134521484
reaction:852,t-BuBrettPhos,2,t-BuBrettPhos,7.021683633,16.708026885986328,13.372900009155273
reaction:853,t-BuBrettPhos,2,t-BuBrettPhos,32.41068171,38.07927322387695,12.323057174682617
reaction:854,t-BuBrettPhos,2,t-BuBrettPhos,34.60429695,40.02048110961914,12.187995910644531
reaction:855,t-BuBrettPhos,2,t-BuBrettPhos,0.51807887,4.421192169189453,13.508338928222656
reaction:856,t-BuBrettPhos,2,t-BuBrettPhos,38.44240466,48.60472106933594,13.560822486877441
reaction:857,t-BuBrettPhos,2,t-BuBrettPhos,50.89816476,50.191619873046875,13.544746398925781
reaction:858,t-BuBrettPhos,2,t-BuBrettPhos,5.429390182,6.999992370605469,11.263998985290527
reaction:859,t-BuBrettPhos,2,t-BuBrettPhos,70.22907456,73.79023742675781,12.609848022460938
reaction:860,t-BuBrettPhos,2,t-BuBrettPhos,73.4448659,69.77948760986328,13.326128959655762
reaction:861,t-BuBrettPhos,2,t-BuBrettPhos,68.99091328,68.20940399169922,14.02342414855957
reaction:862,t-BuBrettPhos,2,t-BuBrettPhos,87.93113193,73.68084716796875,13.580841064453125
reaction:863,t-BuBrettPhos,2,t-BuBrettPhos,89.46707858,77.07896423339844,13.10623836517334
reaction:864,t-BuBrettPhos,2,t-BuBrettPhos,6.160292213,21.5745849609375,13.095111846923828
reaction:865,t-BuBrettPhos,2,t-BuBrettPhos,4.80921591,28.050315856933594,14.655996322631836
reaction:866,t-BuBrettPhos,2,t-BuBrettPhos,4.592618792,30.529922485351562,13.146041870117188
reaction:867,t-BuBrettPhos,2,t-BuBrettPhos,25.85124884,27.305479049682617,12.91442584991455
reaction:868,t-BuBrettPhos,2,t-BuBrettPhos,48.4805474,50.78589630126953,11.777545928955078
reaction:869,t-BuBrettPhos,2,t-BuBrettPhos,47.29404915,51.61670684814453,11.623729705810547
reaction:870,t-BuBrettPhos,2,t-BuBrettPhos,0.682447226,8.617610931396484,12.982345581054688
reaction:871,t-BuBrettPhos,2,t-BuBrettPhos,40.82349272,48.64894104003906,13.043354988098145
reaction:872,t-BuBrettPhos,2,t-BuBrettPhos,45.50089871,55.649635314941406,13.063192367553711
reaction:873,t-BuBrettPhos,2,t-BuBrettPhos,2.461539411,10.72028923034668,10.034150123596191
reaction:874,t-BuBrettPhos,2,t-BuBrettPhos,73.58359974,72.36045837402344,12.147310256958008
reaction:875,t-BuBrettPhos,2,t-BuBrettPhos,79.18190676,81.02896881103516,12.953487396240234
reaction:876,t-BuBrettPhos,2,t-BuBrettPhos,78.17281005,61.802650451660156,13.548293113708496
reaction:877,t-BuBrettPhos,2,t-BuBrettPhos,84.44355873,67.35692596435547,13.05659008026123
reaction:878,t-BuBrettPhos,2,t-BuBrettPhos,91.20970452,74.1611328125,12.62031078338623
reaction:879,t-BuBrettPhos,2,t-BuBrettPhos,40.48243437,34.28610610961914,12.6244535446167
reaction:880,t-BuBrettPhos,2,t-BuBrettPhos,78.37132703,70.52327728271484,14.146505355834961
reaction:881,t-BuBrettPhos,2,t-BuBrettPhos,23.89038147,27.930282592773438,13.299443244934082
reaction:882,t-BuBrettPhos,2,t-BuBrettPhos,46.79588748,54.26886749267578,11.708914756774902
reaction:883,t-BuBrettPhos,2,t-BuBrettPhos,46.14092963,58.21533966064453,11.713480949401855
reaction:884,t-BuBrettPhos,2,t-BuBrettPhos,0.81239337,5.959224700927734,13.381797790527344
reaction:885,t-BuBrettPhos,2,t-BuBrettPhos,34.83452753,55.692047119140625,13.525172233581543
reaction:886,t-BuBrettPhos,2,t-BuBrettPhos,44.26066466,59.140380859375,13.589827537536621
reaction:887,t-BuBrettPhos,2,t-BuBrettPhos,9.034825048,7.60453987121582,11.25808048248291
reaction:888,t-BuBrettPhos,2,t-BuBrettPhos,74.23566846,82.65589904785156,12.626656532287598
reaction:889,t-BuBrettPhos,2,t-BuBrettPhos,78.10978605,88.98360443115234,13.480669021606445
reaction:890,t-BuBrettPhos,2,t-BuBrettPhos,86.12188158,86.82755279541016,14.076481819152832
reaction:891,t-BuBrettPhos,2,t-BuBrettPhos,87.95919128,93.30158233642578,13.483607292175293
reaction:892,t-BuBrettPhos,2,t-BuBrettPhos,92.35381549,102.50071716308594,13.152422904968262
reaction:893,t-BuBrettPhos,2,t-BuBrettPhos,42.37662469,35.66240310668945,13.17492389678955
reaction:894,t-BuBrettPhos,2,t-BuBrettPhos,89.5866498,83.0517349243164,14.64439868927002
reaction:895,t-BuBrettPhos,2,t-BuBrettPhos,88.35188783,87.75099182128906,13.192401885986328
reaction:896,t-BuBrettPhos,2,t-BuBrettPhos,1.039364305,9.756378173828125,13.275057792663574
reaction:897,t-BuBrettPhos,2,t-BuBrettPhos,23.78240992,25.999080657958984,11.210168838500977
reaction:898,t-BuBrettPhos,2,t-BuBrettPhos,28.58196621,37.557640075683594,11.415157318115234
reaction:899,t-BuBrettPhos,2,t-BuBrettPhos,0.0,3.3067569732666016,13.413433074951172
reaction:900,t-BuBrettPhos,2,t-BuBrettPhos,44.72607544,46.45466232299805,13.465044021606445
reaction:901,t-BuBrettPhos,2,t-BuBrettPhos,37.40734019,51.21179962158203,13.456953048706055
reaction:902,t-BuBrettPhos,2,t-BuBrettPhos,7.259312325,4.580783843994141,12.217229843139648
reaction:903,t-BuBrettPhos,2,t-BuBrettPhos,68.29340203,72.46514892578125,12.510736465454102
reaction:904,t-BuBrettPhos,2,t-BuBrettPhos,71.5462211,71.35504150390625,13.232641220092773
reaction:905,t-BuBrettPhos,2,t-BuBrettPhos,69.08248124,65.30416870117188,13.926904678344727
reaction:906,t-BuBrettPhos,2,t-BuBrettPhos,88.30829539,73.09716796875,13.488614082336426
reaction:907,t-BuBrettPhos,2,t-BuBrettPhos,92.90401218,77.83893585205078,13.008870124816895
reaction:908,t-BuBrettPhos,2,t-BuBrettPhos,1.691952122,9.775884628295898,12.993663787841797
reaction:909,t-BuBrettPhos,2,t-BuBrettPhos,0.955483806,26.342519760131836,14.569944381713867
reaction:910,t-BuBrettPhos,2,t-BuBrettPhos,0.597977578,30.33079719543457,13.053081512451172
reaction:911,t-BuBrettPhos,2,t-BuBrettPhos,13.50296194,16.321969985961914,13.31751823425293
reaction:912,t-BuBrettPhos,2,t-BuBrettPhos,48.49744103,43.6889533996582,11.209639549255371
reaction:913,t-BuBrettPhos,2,t-BuBrettPhos,50.86308576,51.073177337646484,11.409969329833984
reaction:914,t-BuBrettPhos,2,t-BuBrettPhos,0.0,6.907529830932617,13.389410972595215
reaction:915,t-BuBrettPhos,2,t-BuBrettPhos,47.57684436,45.15171813964844,13.445025444030762
reaction:916,t-BuBrettPhos,2,t-BuBrettPhos,54.42113597,55.81002426147461,13.471963882446289
reaction:917,t-BuBrettPhos,2,t-BuBrettPhos,0.0,6.833364486694336,11.513899803161621
reaction:918,t-BuBrettPhos,2,t-BuBrettPhos,77.66498135,70.8744125366211,12.580971717834473
reaction:919,t-BuBrettPhos,2,t-BuBrettPhos,81.47790375,82.61326599121094,13.363136291503906
reaction:920,t-BuBrettPhos,2,t-BuBrettPhos,63.40623793,51.44585037231445,13.934263229370117
reaction:921,t-BuBrettPhos,2,t-BuBrettPhos,77.4707991,64.05829620361328,13.462005615234375
reaction:922,t-BuBrettPhos,2,t-BuBrettPhos,90.37135809,76.07311248779297,13.036358833312988
reaction:923,t-BuBrettPhos,2,t-BuBrettPhos,13.89042777,16.107528686523438,13.038162231445312
reaction:924,t-BuBrettPhos,2,t-BuBrettPhos,81.62368897,68.87781524658203,14.51990795135498
reaction:925,t-BuBrettPhos,2,t-BuBrettPhos,83.33821324,74.59027099609375,13.12031078338623
reaction:926,t-BuBrettPhos,2,t-BuBrettPhos,18.21528105,15.805668830871582,12.593772888183594
reaction:927,t-BuBrettPhos,2,t-BuBrettPhos,49.51819322,45.92837905883789,9.914677619934082
reaction:928,t-BuBrettPhos,2,t-BuBrettPhos,47.67937659,56.186988830566406,10.105940818786621
reaction:929,t-BuBrettPhos,2,t-BuBrettPhos,0.354218547,3.449674606323242,12.688324928283691
reaction:930,t-BuBrettPhos,2,t-BuBrettPhos,48.43208177,50.636878967285156,12.835023880004883
reaction:931,t-BuBrettPhos,2,t-BuBrettPhos,43.57558027,58.524009704589844,12.910768508911133
reaction:932,t-BuBrettPhos,2,t-BuBrettPhos,4.2283815680000005,3.718517303466797,11.557847023010254
reaction:933,t-BuBrettPhos,2,t-BuBrettPhos,79.45834404,79.91661834716797,11.8865966796875
reaction:934,t-BuBrettPhos,2,t-BuBrettPhos,79.06108402,88.41724395751953,12.790962219238281
reaction:935,t-BuBrettPhos,2,t-BuBrettPhos,87.76406197,79.22189331054688,13.411873817443848
reaction:936,t-BuBrettPhos,2,t-BuBrettPhos,93.03255731,90.15003204345703,12.793179512023926
reaction:937,t-BuBrettPhos,2,t-BuBrettPhos,98.84920594,102.09910583496094,12.444939613342285
reaction:938,t-BuBrettPhos,2,t-BuBrettPhos,14.59032311,13.707447052001953,12.464272499084473
reaction:939,t-BuBrettPhos,2,t-BuBrettPhos,93.74857618,78.00312042236328,14.011542320251465
reaction:940,t-BuBrettPhos,2,t-BuBrettPhos,93.10117477,86.83460998535156,12.489405632019043
reaction:941,AdBrettPhos,0,AdBrettPhos,9.062775444,4.820093154907227,12.995750427246094
reaction:942,AdBrettPhos,0,AdBrettPhos,13.5242012,14.363481521606445,11.842198371887207
reaction:943,AdBrettPhos,0,AdBrettPhos,13.8481868,19.303955078125,11.820131301879883
reaction:944,AdBrettPhos,0,AdBrettPhos,1.858564029,-2.7853164672851562,12.981012344360352
reaction:945,AdBrettPhos,0,AdBrettPhos,13.88581248,11.954996109008789,12.878310203552246
reaction:946,AdBrettPhos,0,AdBrettPhos,16.72117045,16.537893295288086,14.195033073425293
reaction:947,AdBrettPhos,0,AdBrettPhos,6.264897465,2.4701271057128906,10.946438789367676
reaction:948,AdBrettPhos,0,AdBrettPhos,23.31600153,29.699140548706055,12.228250503540039
reaction:949,AdBrettPhos,0,AdBrettPhos,26.3918508,37.73214340209961,12.717058181762695
reaction:950,AdBrettPhos,0,AdBrettPhos,19.27582448,28.868900299072266,14.45505142211914
reaction:951,AdBrettPhos,0,AdBrettPhos,20.15990301,36.57564163208008,13.174652099609375
reaction:952,AdBrettPhos,0,AdBrettPhos,27.24737039,48.1260986328125,13.031196594238281
reaction:953,AdBrettPhos,0,AdBrettPhos,68.47251074,36.38509750366211,12.299145698547363
reaction:954,AdBrettPhos,0,AdBrettPhos,71.41375314,50.764137268066406,12.924528121948242
reaction:955,AdBrettPhos,0,AdBrettPhos,68.57486471,53.18135070800781,11.929204940795898
reaction:956,AdBrettPhos,0,AdBrettPhos,3.309805744,6.913606643676758,12.283371925354004
reaction:957,AdBrettPhos,0,AdBrettPhos,19.84794125,29.90508270263672,11.18952751159668
reaction:958,AdBrettPhos,0,AdBrettPhos,35.66483427,38.327693939208984,11.17784595489502
reaction:959,AdBrettPhos,0,AdBrettPhos,0.0,-1.199066162109375,12.451868057250977
reaction:960,AdBrettPhos,0,AdBrettPhos,15.1448727,13.318675994873047,12.301499366760254
reaction:961,AdBrettPhos,0,AdBrettPhos,47.46105675,29.641855239868164,13.644427299499512
reaction:962,AdBrettPhos,0,AdBrettPhos,0.620480408,1.524698257446289,10.14436149597168
reaction:963,AdBrettPhos,0,AdBrettPhos,27.30055458,35.20960235595703,11.606088638305664
reaction:964,AdBrettPhos,0,AdBrettPhos,67.48065191,62.47321319580078,12.172774314880371
reaction:965,AdBrettPhos,0,AdBrettPhos,17.316822600000002,31.65703582763672,13.922845840454102
reaction:966,AdBrettPhos,0,AdBrettPhos,16.25514799,48.77436828613281,12.474567413330078
reaction:967,AdBrettPhos,0,AdBrettPhos,50.42857568,68.83003234863281,12.200077056884766
reaction:968,AdBrettPhos,0,AdBrettPhos,4.713893798,16.2191219329834,11.635453224182129
reaction:969,AdBrettPhos,0,AdBrettPhos,45.27091516,60.38231658935547,12.349595069885254
reaction:970,AdBrettPhos,0,AdBrettPhos,58.943816000000005,67.0390625,10.669648170471191
reaction:971,AdBrettPhos,0,AdBrettPhos,20.59737033,15.99654769897461,12.926011085510254
reaction:972,AdBrettPhos,0,AdBrettPhos,33.22033214,36.456241607666016,11.311895370483398
reaction:973,AdBrettPhos,0,AdBrettPhos,48.38997285,45.62244415283203,11.307098388671875
reaction:974,AdBrettPhos,0,AdBrettPhos,2.0185504880000003,0.39688873291015625,13.054163932800293
reaction:975,AdBrettPhos,0,AdBrettPhos,28.52881836,23.34453010559082,12.863636016845703
reaction:976,AdBrettPhos,0,AdBrettPhos,49.32388819,35.46051025390625,14.183674812316895
reaction:977,AdBrettPhos,0,AdBrettPhos,7.120028255,5.743551254272461,10.952763557434082
reaction:978,AdBrettPhos,0,AdBrettPhos,49.40490981,50.962432861328125,12.227057456970215
reaction:979,AdBrettPhos,0,AdBrettPhos,74.16554821,73.12208557128906,12.832377433776855
reaction:980,AdBrettPhos,0,AdBrettPhos,44.47903411,54.71195983886719,14.449454307556152
reaction:981,AdBrettPhos,0,AdBrettPhos,59.28097568,68.98176574707031,13.123961448669434
reaction:982,AdBrettPhos,0,AdBrettPhos,81.51017538,89.18315887451172,12.790175437927246
reaction:983,AdBrettPhos,0,AdBrettPhos,28.30443344,28.07510757446289,12.26810359954834
reaction:984,AdBrettPhos,0,AdBrettPhos,68.89095082,78.63300323486328,12.920018196105957
reaction:985,AdBrettPhos,0,AdBrettPhos,84.40270662,86.1631088256836,11.928019523620605
reaction:986,AdBrettPhos,0,AdBrettPhos,5.298717423,11.013675689697266,12.874649047851562
reaction:987,AdBrettPhos,0,AdBrettPhos,41.59326244,29.23427963256836,11.719147682189941
reaction:988,AdBrettPhos,0,AdBrettPhos,44.78270058,31.466388702392578,11.710773468017578
reaction:989,AdBrettPhos,0,AdBrettPhos,1.262424529,-1.2204170227050781,12.870511054992676
reaction:990,AdBrettPhos,0,AdBrettPhos,53.17975334,34.35174560546875,12.774107933044434
reaction:991,AdBrettPhos,0,AdBrettPhos,54.63240731,40.121429443359375,14.096083641052246
reaction:992,AdBrettPhos,0,AdBrettPhos,4.246823607,5.131471633911133,11.307355880737305
reaction:993,AdBrettPhos,0,AdBrettPhos,82.46360414,65.3285903930664,12.106962203979492
reaction:994,AdBrettPhos,0,AdBrettPhos,79.07623711,64.3514404296875,12.610118865966797
reaction:995,AdBrettPhos,0,AdBrettPhos,74.61155282,61.25983428955078,14.354177474975586
reaction:996,AdBrettPhos,0,AdBrettPhos,83.37705512,71.35256958007812,13.071253776550293
reaction:997,AdBrettPhos,0,AdBrettPhos,91.37329051,72.88226318359375,12.921673774719238
reaction:998,AdBrettPhos,0,AdBrettPhos,9.147761663,15.52676010131836,12.190083503723145
reaction:999,AdBrettPhos,0,AdBrettPhos,1.707595349,22.069808959960938,12.812382698059082
reaction:1000,AdBrettPhos,0,AdBrettPhos,2.733728741,22.018169403076172,11.385268211364746
reaction:1001,AdBrettPhos,0,AdBrettPhos,25.8434488,25.10885238647461,12.312023162841797
reaction:1002,AdBrettPhos,0,AdBrettPhos,48.06786456,48.01173400878906,11.214445114135742
reaction:1003,AdBrettPhos,0,AdBrettPhos,48.00212967,48.1828727722168,11.220577239990234
reaction:1004,AdBrettPhos,0,AdBrettPhos,0.85894734,5.522619247436523,12.47399616241455
reaction:1005,AdBrettPhos,0,AdBrettPhos,46.19696168,37.789329528808594,12.330421447753906
reaction:1006,AdBrettPhos,0,AdBrettPhos,51.39664392,49.346046447753906,13.66086483001709
reaction:1007,AdBrettPhos,0,AdBrettPhos,2.615785832,9.292831420898438,10.391247749328613
reaction:1008,AdBrettPhos,0,AdBrettPhos,73.85492194,68.23663330078125,11.624896049499512
reaction:1009,AdBrettPhos,0,AdBrettPhos,78.46972259,78.81282043457031,12.20213794708252
reaction:1010,AdBrettPhos,0,AdBrettPhos,61.91869342,69.08258056640625,13.948867797851562
reaction:1011,AdBrettPhos,0,AdBrettPhos,66.70576357,79.65886688232422,12.492500305175781
reaction:1012,AdBrettPhos,0,AdBrettPhos,69.8410056,87.85520935058594,12.228165626525879
reaction:1013,AdBrettPhos,0,AdBrettPhos,35.857904600000005,33.05017852783203,11.662493705749512
reaction:1014,AdBrettPhos,0,AdBrettPhos,81.6084941,67.34880065917969,12.379120826721191
reaction:1015,AdBrettPhos,0,AdBrettPhos,84.55661490000001,65.245849609375,10.460467338562012
reaction:1016,AdBrettPhos,0,AdBrettPhos,28.68684159,22.18417739868164,12.807382583618164
reaction:1017,AdBrettPhos,0,AdBrettPhos,53.85457225,45.26599884033203,11.178390502929688
reaction:1018,AdBrettPhos,0,AdBrettPhos,55.16379105,47.77047348022461,11.200522422790527
reaction:1019,AdBrettPhos,0,AdBrettPhos,1.0681254059999998,0.09618759155273438,12.947800636291504
reaction:1020,AdBrettPhos,0,AdBrettPhos,54.23706273,37.84543228149414,12.762897491455078
reaction:1021,AdBrettPhos,0,AdBrettPhos,50.10376029,46.943519592285156,14.087873458862305
reaction:1022,AdBrettPhos,0,AdBrettPhos,3.135484875,5.968074798583984,11.332991600036621
reaction:1023,AdBrettPhos,0,AdBrettPhos,80.39591728,73.41169738769531,12.110218048095703
reaction:1024,AdBrettPhos,0,AdBrettPhos,82.63071562,82.10749816894531,12.730067253112793
reaction:1025,AdBrettPhos,0,AdBrettPhos,89.88953077,82.14424133300781,14.352020263671875
reaction:1026,AdBrettPhos,0,AdBrettPhos,92.89765441,90.929931640625,13.02380657196045
reaction:1027,AdBrettPhos,0,AdBrettPhos,94.14846732,97.91371154785156,12.682568550109863
reaction:1028,AdBrettPhos,0,AdBrettPhos,41.58551371,31.855072021484375,12.16249942779541
reaction:1029,AdBrettPhos,0,AdBrettPhos,95.12897845,75.529541015625,12.811666488647461
reaction:1030,AdBrettPhos,0,AdBrettPhos,92.39124083,78.23174285888672,11.387918472290039
reaction:1031,AdBrettPhos,0,AdBrettPhos,1.261091862,5.270683288574219,12.936251640319824
reaction:1032,AdBrettPhos,0,AdBrettPhos,12.61696696,26.186819076538086,11.021158218383789
reaction:1033,AdBrettPhos,0,AdBrettPhos,36.64285561,30.383289337158203,11.278573989868164
reaction:1034,AdBrettPhos,0,AdBrettPhos,0.0,-2.5223960876464844,12.919988632202148
reaction:1035,AdBrettPhos,0,AdBrettPhos,52.34346738,39.77340316772461,12.821682929992676
reaction:1036,AdBrettPhos,0,AdBrettPhos,57.08877056,37.09316635131836,14.135772705078125
reaction:1037,AdBrettPhos,0,AdBrettPhos,1.117675591,3.432802200317383,11.829676628112793
reaction:1038,AdBrettPhos,0,AdBrettPhos,83.14947865,65.69027709960938,12.158425331115723
reaction:1039,AdBrettPhos,0,AdBrettPhos,82.84063003,64.39599609375,12.657296180725098
reaction:1040,AdBrettPhos,0,AdBrettPhos,80.49152522,59.24814224243164,14.405220985412598
reaction:1041,AdBrettPhos,0,AdBrettPhos,89.89767813,70.039306640625,13.107948303222656
reaction:1042,AdBrettPhos,0,AdBrettPhos,94.29690562,73.52790832519531,12.965059280395508
reaction:1043,AdBrettPhos,0,AdBrettPhos,2.241763673,4.499269485473633,12.2350435256958
reaction:1044,AdBrettPhos,0,AdBrettPhos,1.826315609,20.854684829711914,12.862451553344727
reaction:1045,AdBrettPhos,0,AdBrettPhos,0.747631534,22.58281898498535,11.867915153503418
reaction:1046,AdBrettPhos,0,AdBrettPhos,9.328786223,17.971485137939453,12.821962356567383
reaction:1047,AdBrettPhos,0,AdBrettPhos,45.92980056,47.780433654785156,11.033339500427246
reaction:1048,AdBrettPhos,0,AdBrettPhos,52.24472601,49.811729431152344,11.297430992126465
reaction:1049,AdBrettPhos,0,AdBrettPhos,0.338169234,5.045644760131836,12.973462104797363
reaction:1050,AdBrettPhos,0,AdBrettPhos,43.34412585,43.63847351074219,12.835021018981934
reaction:1051,AdBrettPhos,0,AdBrettPhos,53.38444046,51.40435028076172,14.116714477539062
reaction:1052,AdBrettPhos,0,AdBrettPhos,0.841459123,6.612802505493164,11.120035171508789
reaction:1053,AdBrettPhos,0,AdBrettPhos,72.1822742,71.783447265625,12.160245895385742
reaction:1054,AdBrettPhos,0,AdBrettPhos,83.93941968,81.03311920166016,12.709696769714355
reaction:1055,AdBrettPhos,0,AdBrettPhos,38.32865111,64.32926940917969,14.400453567504883
reaction:1056,AdBrettPhos,0,AdBrettPhos,59.55424843,78.34529113769531,12.98508071899414
reaction:1057,AdBrettPhos,0,AdBrettPhos,77.75555198,89.39044189453125,12.730210304260254
reaction:1058,AdBrettPhos,0,AdBrettPhos,11.79076705,16.319116592407227,12.191964149475098
reaction:1059,AdBrettPhos,0,AdBrettPhos,83.93526521,69.03668975830078,12.88022518157959
reaction:1060,AdBrettPhos,0,AdBrettPhos,90.73131654,71.51889038085938,11.291830062866211
reaction:1061,AdBrettPhos,0,AdBrettPhos,12.78013721,17.169940948486328,12.329055786132812
reaction:1062,AdBrettPhos,0,AdBrettPhos,49.15372199,46.83222961425781,9.602197647094727
reaction:1063,AdBrettPhos,0,AdBrettPhos,55.56585889,50.12408447265625,10.097846984863281
reaction:1064,AdBrettPhos,0,AdBrettPhos,0.3553679289999999,0.9275054931640625,12.489465713500977
reaction:1065,AdBrettPhos,0,AdBrettPhos,50.10834683,45.79948806762695,12.29771900177002
reaction:1066,AdBrettPhos,0,AdBrettPhos,53.33497035,48.02430725097656,13.672531127929688
reaction:1067,AdBrettPhos,0,AdBrettPhos,0.968826586,4.866804122924805,11.285270690917969
reaction:1068,AdBrettPhos,0,AdBrettPhos,80.68492948,77.43168640136719,11.620502471923828
reaction:1069,AdBrettPhos,0,AdBrettPhos,83.05466982,84.74928283691406,12.256412506103516
reaction:1070,AdBrettPhos,0,AdBrettPhos,81.37846659,82.43077850341797,13.932510375976562
reaction:1071,AdBrettPhos,0,AdBrettPhos,89.47412112,93.73751831054688,12.572212219238281
reaction:1072,AdBrettPhos,0,AdBrettPhos,95.75260589,102.00433349609375,12.201449394226074
reaction:1073,AdBrettPhos,0,AdBrettPhos,9.967076399,14.717464447021484,11.674118995666504
reaction:1074,AdBrettPhos,0,AdBrettPhos,86.08980917,78.32881164550781,12.330649375915527
reaction:1075,AdBrettPhos,0,AdBrettPhos,94.54981251,82.593505859375,11.311190605163574
reaction:1076,XPhos,1,XPhos,11.59050003,35.43380355834961,31.209558486938477
reaction:1077,XPhos,1,XPhos,12.36887401,35.394901275634766,31.209228515625
reaction:1078,XPhos,1,XPhos,16.16257939,36.00009536743164,31.208141326904297
reaction:1079,XPhos,1,XPhos,1.729864191,35.38737106323242,31.209930419921875
reaction:1080,XPhos,1,XPhos,4.215754471,36.061458587646484,31.20940589904785
reaction:1081,XPhos,1,XPhos,4.112217946,36.856021881103516,31.210351943969727
reaction:1082,XPhos,1,XPhos,7.911192525,34.706504821777344,31.208999633789062
reaction:1083,XPhos,1,XPhos,13.99630758,36.049293518066406,31.209030151367188
reaction:1084,XPhos,1,XPhos,18.40781284,36.561683654785156,31.209102630615234
reaction:1085,XPhos,1,XPhos,13.98755594,35.34902572631836,31.210161209106445
reaction:1086,XPhos,1,XPhos,20.04239857,35.66709899902344,31.20981788635254
reaction:1087,XPhos,1,XPhos,19.49452071,36.1942024230957,31.209888458251953
reaction:1088,XPhos,1,XPhos,9.474964289,35.72113800048828,31.20930290222168
reaction:1089,XPhos,1,XPhos,10.26328927,35.78670120239258,31.210773468017578
reaction:1090,XPhos,1,XPhos,14.9442896,36.821044921875,31.20418357849121
reaction:1091,XPhos,1,XPhos,15.11582189,35.401763916015625,31.20954132080078
reaction:1092,XPhos,1,XPhos,28.39895545,36.136451721191406,31.209320068359375
reaction:1093,XPhos,1,XPhos,34.38141407,36.9565315246582,31.20815086364746
reaction:1094,XPhos,1,XPhos,0.377050084,35.453651428222656,31.210025787353516
reaction:1095,XPhos,1,XPhos,9.043513945,36.533634185791016,31.20965003967285
reaction:1096,XPhos,1,XPhos,13.524053,37.28688430786133,31.2103214263916
reaction:1097,XPhos,1,XPhos,3.045865819,34.878604888916016,31.208417892456055
reaction:1098,XPhos,1,XPhos,26.51530021,36.5982551574707,31.20925521850586
reaction:1099,XPhos,1,XPhos,28.15132537,37.512611389160156,31.209125518798828
reaction:1100,XPhos,1,XPhos,22.49487977,34.8682861328125,31.21013069152832
reaction:1101,XPhos,1,XPhos,37.83294904,35.300811767578125,31.209835052490234
reaction:1102,XPhos,1,XPhos,43.37501152,35.770198822021484,31.209732055664062
reaction:1103,XPhos,1,XPhos,10.00638892,35.45002365112305,31.209564208984375
reaction:1104,XPhos,1,XPhos,21.4669222,36.819915771484375,31.210906982421875
reaction:1105,XPhos,1,XPhos,32.75793304,37.78693389892578,31.203784942626953
reaction:1106,XPhos,1,XPhos,11.65330714,36.3131217956543,31.209739685058594
reaction:1107,XPhos,1,XPhos,22.58353247,37.28810501098633,31.208877563476562
reaction:1108,XPhos,1,XPhos,35.26155109,38.45420455932617,31.2075252532959
reaction:1109,XPhos,1,XPhos,0.275668441,36.11207580566406,31.209827423095703
reaction:1110,XPhos,1,XPhos,4.057606054,37.84559631347656,31.20948600769043
reaction:1111,XPhos,1,XPhos,8.039691846,38.78365707397461,31.210426330566406
reaction:1112,XPhos,1,XPhos,2.547971795,35.42048645019531,31.209081649780273
reaction:1113,XPhos,1,XPhos,17.09448081,38.16660690307617,31.209247589111328
reaction:1114,XPhos,1,XPhos,30.59514524,39.15468978881836,31.209163665771484
reaction:1115,XPhos,1,XPhos,26.31222578,37.3946647644043,31.210195541381836
reaction:1116,XPhos,1,XPhos,50.09944792,38.23062515258789,31.209962844848633
reaction:1117,XPhos,1,XPhos,55.00354925,39.30556869506836,31.209915161132812
reaction:1118,XPhos,1,XPhos,6.968929302,36.42814636230469,31.209501266479492
reaction:1119,XPhos,1,XPhos,18.1188647,38.59775161743164,31.210832595825195
reaction:1120,XPhos,1,XPhos,29.06844689,39.88996505737305,31.204524993896484
reaction:1121,XPhos,1,XPhos,1.25144582,35.02031707763672,31.210723876953125
reaction:1122,XPhos,1,XPhos,8.110761371,34.84756088256836,31.210508346557617
reaction:1123,XPhos,1,XPhos,9.109122278,35.433467864990234,31.209514617919922
reaction:1124,XPhos,1,XPhos,0.121773863,35.137657165527344,31.211254119873047
reaction:1125,XPhos,1,XPhos,3.267294839,35.24070739746094,31.210750579833984
reaction:1126,XPhos,1,XPhos,9.105544009,36.25668716430664,31.21171760559082
reaction:1127,XPhos,1,XPhos,0.689951869,34.526100158691406,31.21033477783203
reaction:1128,XPhos,1,XPhos,8.876631997,35.0724983215332,31.210481643676758
reaction:1129,XPhos,1,XPhos,6.083579291,35.673065185546875,31.21050262451172
reaction:1130,XPhos,1,XPhos,7.972544215,34.28302764892578,31.21158218383789
reaction:1131,XPhos,1,XPhos,11.17697809,34.65290451049805,31.211057662963867
reaction:1132,XPhos,1,XPhos,13.03686492,35.12236785888672,31.211313247680664
reaction:1133,XPhos,1,XPhos,3.23775549,35.181217193603516,31.21076011657715
reaction:1134,XPhos,1,XPhos,7.996830791,34.97343444824219,31.2120304107666
reaction:1135,XPhos,1,XPhos,9.676524882,36.04908752441406,31.204986572265625
reaction:1136,XPhos,1,XPhos,0.0,34.65630340576172,31.210756301879883
reaction:1137,XPhos,1,XPhos,3.342369627,34.80592727661133,31.210647583007812
reaction:1138,XPhos,1,XPhos,23.70536277,35.53655242919922,31.209562301635742
reaction:1139,XPhos,1,XPhos,0.0,35.04437255859375,31.211332321166992
reaction:1140,XPhos,1,XPhos,0.0,35.074119567871094,31.21091079711914
reaction:1141,XPhos,1,XPhos,1.742923089,35.82309341430664,31.211666107177734
reaction:1142,XPhos,1,XPhos,0.0,34.48345947265625,31.209705352783203
reaction:1143,XPhos,1,XPhos,1.132043957,34.704551696777344,31.210613250732422
reaction:1144,XPhos,1,XPhos,4.889819476,35.802799224853516,31.210556030273438
reaction:1145,XPhos,1,XPhos,4.510171982,33.034523010253906,31.21158218383789
reaction:1146,XPhos,1,XPhos,34.38173794,33.812469482421875,31.211015701293945
reaction:1147,XPhos,1,XPhos,42.29478749,34.55568313598633,31.211101531982422
reaction:1148,XPhos,1,XPhos,0.0,34.556915283203125,31.210906982421875
reaction:1149,XPhos,1,XPhos,5.948041851,34.944183349609375,31.21215057373047
reaction:1150,XPhos,1,XPhos,8.970807297999999,35.846771240234375,31.204477310180664
reaction:1151,XPhos,1,XPhos,0.0,35.37147903442383,31.210914611816406
reaction:1152,XPhos,1,XPhos,3.074612079,35.97901153564453,31.21012306213379
reaction:1153,XPhos,1,XPhos,14.24693951,37.47188186645508,31.208904266357422
reaction:1154,XPhos,1,XPhos,0.0,35.69794845581055,31.21106719970703
reaction:1155,XPhos,1,XPhos,0.0,36.108463287353516,31.21074104309082
reaction:1156,XPhos,1,XPhos,0.878081853,37.64479064941406,31.21173095703125
reaction:1157,XPhos,1,XPhos,0.0,34.966495513916016,31.210351943969727
reaction:1158,XPhos,1,XPhos,0.830867403,35.903533935546875,31.210538864135742
reaction:1159,XPhos,1,XPhos,2.902396599,38.20139694213867,31.210573196411133
reaction:1160,XPhos,1,XPhos,6.536001371,35.01836395263672,31.21160888671875
reaction:1161,XPhos,1,XPhos,46.544616600000005,36.64339828491211,31.21112823486328
reaction:1162,XPhos,1,XPhos,46.08846314,38.46611404418945,31.211200714111328
reaction:1163,XPhos,1,XPhos,0.0,35.11043930053711,31.21082878112793
reaction:1164,XPhos,1,XPhos,3.074693717,36.40804672241211,31.2120304107666
reaction:1165,XPhos,1,XPhos,5.085670913,37.975711822509766,31.205167770385742
reaction:1166,XPhos,1,XPhos,18.46507819,35.75823974609375,31.20859146118164
reaction:1167,XPhos,1,XPhos,13.47157217,35.809814453125,31.208240509033203
reaction:1168,XPhos,1,XPhos,37.38354754,36.93674087524414,31.207195281982422
reaction:1169,XPhos,1,XPhos,1.208332351,35.56964874267578,31.208986282348633
reaction:1170,XPhos,1,XPhos,39.67142934,37.182350158691406,31.208566665649414
reaction:1171,XPhos,1,XPhos,41.17834608,37.944175720214844,31.2094669342041
reaction:1172,XPhos,1,XPhos,10.30004263,35.09619140625,31.208072662353516
reaction:1173,XPhos,1,XPhos,61.72597738,37.841312408447266,31.208171844482422
reaction:1174,XPhos,1,XPhos,62.91956913,38.2446174621582,31.208175659179688
reaction:1175,XPhos,1,XPhos,19.78619625,36.88547897338867,31.209285736083984
reaction:1176,XPhos,1,XPhos,23.5354934,37.40681457519531,31.208894729614258
reaction:1177,XPhos,1,XPhos,21.9180702,37.63063049316406,31.209009170532227
reaction:1178,XPhos,1,XPhos,47.96214472,36.6109504699707,31.208492279052734
reaction:1179,XPhos,1,XPhos,27.15198165,37.172908782958984,31.20978355407715
reaction:1180,XPhos,1,XPhos,76.45126838,38.875526428222656,31.203386306762695
reaction:1181,XPhos,1,XPhos,0.0,35.23497009277344,31.208683013916016
reaction:1182,XPhos,1,XPhos,30.36311877,35.86372756958008,31.208467483520508
reaction:1183,XPhos,1,XPhos,31.86956379,36.552581787109375,31.207326889038086
reaction:1184,XPhos,1,XPhos,0.5424974920000001,35.0284538269043,31.20917320251465
reaction:1185,XPhos,1,XPhos,14.09805788,36.421226501464844,31.208818435668945
reaction:1186,XPhos,1,XPhos,17.10738006,36.90940856933594,31.209497451782227
reaction:1187,XPhos,1,XPhos,3.019148584,34.563018798828125,31.207569122314453
reaction:1188,XPhos,1,XPhos,33.44114491,36.806549072265625,31.20840072631836
reaction:1189,XPhos,1,XPhos,35.15374563,37.342037200927734,31.208288192749023
reaction:1190,XPhos,1,XPhos,24.23900204,34.843929290771484,31.20932388305664
reaction:1191,XPhos,1,XPhos,43.49187499,35.3408203125,31.208986282348633
reaction:1192,XPhos,1,XPhos,48.23965662,35.565834045410156,31.208873748779297
reaction:1193,XPhos,1,XPhos,14.0670777,35.584293365478516,31.20874786376953
reaction:1194,XPhos,1,XPhos,26.30947521,36.78961944580078,31.21005630493164
reaction:1195,XPhos,1,XPhos,35.92744664,37.848793029785156,31.202899932861328
reaction:1196,XPhos,1,XPhos,12.90070345,35.91639709472656,31.208860397338867
reaction:1197,XPhos,1,XPhos,25.0144043,36.855064392089844,31.20796012878418
reaction:1198,XPhos,1,XPhos,42.53147932,37.99666213989258,31.20657730102539
reaction:1199,XPhos,1,XPhos,0.44794504,35.62122344970703,31.208900451660156
reaction:1200,XPhos,1,XPhos,12.94497014,37.608646392822266,31.20856285095215
reaction:1201,XPhos,1,XPhos,24.71545556,38.36891174316406,31.20948028564453
reaction:1202,XPhos,1,XPhos,2.841459947,34.997840881347656,31.2081241607666
reaction:1203,XPhos,1,XPhos,36.58244249,38.1561164855957,31.208322525024414
reaction:1204,XPhos,1,XPhos,64.13599101,39.008243560791016,31.208145141601562
reaction:1205,XPhos,1,XPhos,32.16531055,37.29391860961914,31.20922088623047
reaction:1206,XPhos,1,XPhos,51.64764803,38.173099517822266,31.209043502807617
reaction:1207,XPhos,1,XPhos,58.39892185,39.04766082763672,31.208969116210938
reaction:1208,XPhos,1,XPhos,13.37572764,36.136932373046875,31.208574295043945
reaction:1209,XPhos,1,XPhos,30.61273502,38.29460906982422,31.20993995666504
reaction:1210,XPhos,1,XPhos,47.66948987,39.74677276611328,31.203628540039062
reaction:1211,XPhos,1,XPhos,9.055172217,34.970333099365234,31.208925247192383
reaction:1212,XPhos,1,XPhos,8.916453721,34.84905242919922,31.20857048034668
reaction:1213,XPhos,1,XPhos,8.674987339,35.389808654785156,31.207412719726562
reaction:1214,XPhos,1,XPhos,1.468935867,35.0359992980957,31.209238052368164
reaction:1215,XPhos,1,XPhos,2.627491811,35.276187896728516,31.20867347717285
reaction:1216,XPhos,1,XPhos,4.471163192,36.08304214477539,31.209611892700195
reaction:1217,XPhos,1,XPhos,6.90640733,34.373008728027344,31.208280563354492
reaction:1218,XPhos,1,XPhos,8.653540466,35.36509704589844,31.208274841308594
reaction:1219,XPhos,1,XPhos,10.22354965,35.859893798828125,31.20831871032715
reaction:1220,XPhos,1,XPhos,7.147436012000001,34.518218994140625,31.209394454956055
reaction:1221,XPhos,1,XPhos,9.80291595,34.72487258911133,31.209169387817383
reaction:1222,XPhos,1,XPhos,10.13794025,35.14515686035156,31.209125518798828
reaction:1223,XPhos,1,XPhos,3.031273928,35.00279235839844,31.208553314208984
reaction:1224,XPhos,1,XPhos,4.546819288,35.05805206298828,31.21018409729004
reaction:1225,XPhos,1,XPhos,8.546147234,36.18527603149414,31.203697204589844
reaction:1226,XPhos,1,XPhos,7.131859569,34.57292556762695,31.20883560180664
reaction:1227,XPhos,1,XPhos,17.58389829,35.052162170410156,31.208471298217773
reaction:1228,XPhos,1,XPhos,26.35991815,35.77326202392578,31.20735740661621
reaction:1229,XPhos,1,XPhos,0.0,34.86283874511719,31.209228515625
reaction:1230,XPhos,1,XPhos,0.665064231,35.31833267211914,31.208887100219727
reaction:1231,XPhos,1,XPhos,2.871965335,36.121917724609375,31.20948028564453
reaction:1232,XPhos,1,XPhos,0.0,34.271427154541016,31.20758628845215
reaction:1233,XPhos,1,XPhos,4.892554111,35.31175994873047,31.208417892456055
reaction:1234,XPhos,1,XPhos,8.121165956,36.3194580078125,31.208301544189453
reaction:1235,XPhos,1,XPhos,11.68964545,33.539764404296875,31.20929527282715
reaction:1236,XPhos,1,XPhos,24.97534285,33.9288330078125,31.20909881591797
reaction:1237,XPhos,1,XPhos,29.2582978,34.37662887573242,31.208877563476562
reaction:1238,XPhos,1,XPhos,0.894637207,34.38095474243164,31.20878791809082
reaction:1239,XPhos,1,XPhos,2.546576237,35.344337463378906,31.210182189941406
reaction:1240,XPhos,1,XPhos,7.473385241,36.531551361083984,31.20305633544922
reaction:1241,XPhos,1,XPhos,9.967512853,35.26580047607422,31.20893096923828
reaction:1242,XPhos,1,XPhos,17.78386933,36.151100158691406,31.20804214477539
reaction:1243,XPhos,1,XPhos,18.90594075,37.297523498535156,31.20673370361328
reaction:1244,XPhos,1,XPhos,0.0,35.36840057373047,31.208972930908203
reaction:1245,XPhos,1,XPhos,2.7859919960000004,36.26199722290039,31.20867347717285
reaction:1246,XPhos,1,XPhos,3.936030958,37.382354736328125,31.209598541259766
reaction:1247,XPhos,1,XPhos,3.462173057,34.764530181884766,31.208236694335938
reaction:1248,XPhos,1,XPhos,12.57060724,36.50691604614258,31.20844078063965
reaction:1249,XPhos,1,XPhos,12.67179243,37.896629333496094,31.208345413208008
reaction:1250,XPhos,1,XPhos,14.22488447,35.7325553894043,31.20939826965332
reaction:1251,XPhos,1,XPhos,19.78249574,36.57037353515625,31.209121704101562
reaction:1252,XPhos,1,XPhos,23.41994655,38.05634689331055,31.20909881591797
reaction:1253,XPhos,1,XPhos,6.131625875,35.11579132080078,31.208703994750977
reaction:1254,XPhos,1,XPhos,9.894361569,36.78760528564453,31.209993362426758
reaction:1255,XPhos,1,XPhos,12.53742021,38.35152053833008,31.203411102294922
reaction:1256,t-BuXPhos,3,t-BuXPhos,9.616112883,24.642518997192383,25.515531539916992
reaction:1257,t-BuXPhos,3,t-BuXPhos,13.66496862,26.804203033447266,25.525646209716797
reaction:1258,t-BuXPhos,3,t-BuXPhos,11.85429164,25.556568145751953,25.52106475830078
reaction:1259,t-BuXPhos,3,t-BuXPhos,2.579332416,22.437299728393555,25.499753952026367
reaction:1260,t-BuXPhos,3,t-BuXPhos,16.4358293,26.45563507080078,25.507076263427734
reaction:1261,t-BuXPhos,3,t-BuXPhos,18.29616546,24.507661819458008,25.519733428955078
reaction:1262,t-BuXPhos,3,t-BuXPhos,2.8893303610000003,26.241466522216797,25.455644607543945
reaction:1263,t-BuXPhos,3,t-BuXPhos,19.25650723,30.23892593383789,25.472131729125977
reaction:1264,t-BuXPhos,3,t-BuXPhos,19.42489921,29.245534896850586,25.54082679748535
reaction:1265,t-BuXPhos,3,t-BuXPhos,30.38899776,34.96910858154297,25.518705368041992
reaction:1266,t-BuXPhos,3,t-BuXPhos,38.88072897,36.45140838623047,25.507925033569336
reaction:1267,t-BuXPhos,3,t-BuXPhos,40.27887601,35.587493896484375,25.51582908630371
reaction:1268,t-BuXPhos,3,t-BuXPhos,11.94269708,24.42169952392578,25.484121322631836
reaction:1269,t-BuXPhos,3,t-BuXPhos,21.93776353,28.196203231811523,25.529085159301758
reaction:1270,t-BuXPhos,3,t-BuXPhos,23.04134387,25.610027313232422,25.381887435913086
reaction:1271,t-BuXPhos,3,t-BuXPhos,10.309392,27.590742111206055,25.525054931640625
reaction:1272,t-BuXPhos,3,t-BuXPhos,32.25917309,32.659481048583984,25.525524139404297
reaction:1273,t-BuXPhos,3,t-BuXPhos,36.38251036,32.42414474487305,25.51889991760254
reaction:1274,t-BuXPhos,3,t-BuXPhos,0.321740184,24.762542724609375,25.511226654052734
reaction:1275,t-BuXPhos,3,t-BuXPhos,33.60384304,29.316387176513672,25.517120361328125
reaction:1276,t-BuXPhos,3,t-BuXPhos,42.00742206,31.53130531311035,25.519908905029297
reaction:1277,t-BuXPhos,3,t-BuXPhos,1.095223411,27.746715545654297,25.454782485961914
reaction:1278,t-BuXPhos,3,t-BuXPhos,52.43953497,35.85306930541992,25.473939895629883
reaction:1279,t-BuXPhos,3,t-BuXPhos,54.90007838,38.86125564575195,25.53879737854004
reaction:1280,t-BuXPhos,3,t-BuXPhos,54.22895975,42.845497131347656,25.5192928314209
reaction:1281,t-BuXPhos,3,t-BuXPhos,63.56431346,46.072933197021484,25.51479148864746
reaction:1282,t-BuXPhos,3,t-BuXPhos,63.2869505,46.275291442871094,25.517213821411133
reaction:1283,t-BuXPhos,3,t-BuXPhos,12.05436323,27.628711700439453,25.483182907104492
reaction:1284,t-BuXPhos,3,t-BuXPhos,57.02971842,38.71711349487305,25.528053283691406
reaction:1285,t-BuXPhos,3,t-BuXPhos,54.65489395,37.46989059448242,25.35535430908203
reaction:1286,t-BuXPhos,3,t-BuXPhos,23.76547665,26.529958724975586,25.5201416015625
reaction:1287,t-BuXPhos,3,t-BuXPhos,35.88987774,30.257261276245117,25.524625778198242
reaction:1288,t-BuXPhos,3,t-BuXPhos,46.36906778,30.369731903076172,25.520044326782227
reaction:1289,t-BuXPhos,3,t-BuXPhos,0.8572553079999999,22.85578727722168,25.50474739074707
reaction:1290,t-BuXPhos,3,t-BuXPhos,44.39407022,29.811279296875,25.511201858520508
reaction:1291,t-BuXPhos,3,t-BuXPhos,53.10447809,29.98798370361328,25.522233963012695
reaction:1292,t-BuXPhos,3,t-BuXPhos,5.49871711,26.920276641845703,25.459789276123047
reaction:1293,t-BuXPhos,3,t-BuXPhos,68.26027768,38.111141204833984,25.474388122558594
reaction:1294,t-BuXPhos,3,t-BuXPhos,67.19924832,37.80426788330078,25.54001235961914
reaction:1295,t-BuXPhos,3,t-BuXPhos,73.07610721,44.40874099731445,25.514957427978516
reaction:1296,t-BuXPhos,3,t-BuXPhos,81.15618498,45.49642562866211,25.512453079223633
reaction:1297,t-BuXPhos,3,t-BuXPhos,79.52732954,42.334869384765625,25.515151977539062
reaction:1298,t-BuXPhos,3,t-BuXPhos,39.62688642,28.046314239501953,25.479984283447266
reaction:1299,t-BuXPhos,3,t-BuXPhos,82.02772208,41.2902946472168,25.52931022644043
reaction:1300,t-BuXPhos,3,t-BuXPhos,86.76211847,39.71976089477539,25.38443374633789
reaction:1301,t-BuXPhos,3,t-BuXPhos,10.05139356,26.611743927001953,25.502639770507812
reaction:1302,t-BuXPhos,3,t-BuXPhos,12.33593597,29.27689552307129,25.512683868408203
reaction:1303,t-BuXPhos,3,t-BuXPhos,10.49048013,28.417369842529297,25.507843017578125
reaction:1304,t-BuXPhos,3,t-BuXPhos,0.970983294,24.40854263305664,25.48734474182129
reaction:1305,t-BuXPhos,3,t-BuXPhos,13.33701887,28.15471649169922,25.49449920654297
reaction:1306,t-BuXPhos,3,t-BuXPhos,17.14482537,26.768043518066406,25.50664710998535
reaction:1307,t-BuXPhos,3,t-BuXPhos,4.522238884,27.870914459228516,25.443349838256836
reaction:1308,t-BuXPhos,3,t-BuXPhos,14.62829911,31.21078109741211,25.45793342590332
reaction:1309,t-BuXPhos,3,t-BuXPhos,13.95628888,30.936357498168945,25.527841567993164
reaction:1310,t-BuXPhos,3,t-BuXPhos,19.47556274,33.09226989746094,25.5064640045166
reaction:1311,t-BuXPhos,3,t-BuXPhos,21.66443641,34.421226501464844,25.495277404785156
reaction:1312,t-BuXPhos,3,t-BuXPhos,18.99441923,34.231632232666016,25.502836227416992
reaction:1313,t-BuXPhos,3,t-BuXPhos,12.14875689,26.979345321655273,25.471546173095703
reaction:1314,t-BuXPhos,3,t-BuXPhos,14.44407911,29.479881286621094,25.515750885009766
reaction:1315,t-BuXPhos,3,t-BuXPhos,11.72782605,26.097835540771484,25.369564056396484
reaction:1316,t-BuXPhos,3,t-BuXPhos,0.330501293,26.78515625,25.509431838989258
reaction:1317,t-BuXPhos,3,t-BuXPhos,5.800095284,29.2292423248291,25.509923934936523
reaction:1318,t-BuXPhos,3,t-BuXPhos,9.518190042,29.17517852783203,25.503894805908203
reaction:1319,t-BuXPhos,3,t-BuXPhos,0.0,24.23523712158203,25.495201110839844
reaction:1320,t-BuXPhos,3,t-BuXPhos,6.77799041,26.751789093017578,25.501941680908203
reaction:1321,t-BuXPhos,3,t-BuXPhos,14.9053934,28.238414764404297,25.50475311279297
reaction:1322,t-BuXPhos,3,t-BuXPhos,0.0,26.823280334472656,25.439041137695312
reaction:1323,t-BuXPhos,3,t-BuXPhos,12.68915479,31.018966674804688,25.4577693939209
reaction:1324,t-BuXPhos,3,t-BuXPhos,30.40581968,35.765933990478516,25.523731231689453
reaction:1325,t-BuXPhos,3,t-BuXPhos,8.246523526,36.68183135986328,25.504098892211914
reaction:1326,t-BuXPhos,3,t-BuXPhos,36.7072802,39.0514030456543,25.49915885925293
reaction:1327,t-BuXPhos,3,t-BuXPhos,54.29333472,42.46900177001953,25.501646041870117
reaction:1328,t-BuXPhos,3,t-BuXPhos,0.0,26.909160614013672,25.467565536499023
reaction:1329,t-BuXPhos,3,t-BuXPhos,19.13564251,31.968212127685547,25.51201820373535
reaction:1330,t-BuXPhos,3,t-BuXPhos,13.7385945,29.183452606201172,25.340129852294922
reaction:1331,t-BuXPhos,3,t-BuXPhos,0.419612341,25.25432777404785,25.50492286682129
reaction:1332,t-BuXPhos,3,t-BuXPhos,11.85943612,26.87246322631836,25.509313583374023
reaction:1333,t-BuXPhos,3,t-BuXPhos,33.82793233,28.47411346435547,25.50547218322754
reaction:1334,t-BuXPhos,3,t-BuXPhos,0.0,22.067285537719727,25.488658905029297
reaction:1335,t-BuXPhos,3,t-BuXPhos,13.87014343,25.481849670410156,25.49641227722168
reaction:1336,t-BuXPhos,3,t-BuXPhos,33.28584241,27.54852294921875,25.507678985595703
reaction:1337,t-BuXPhos,3,t-BuXPhos,0.0,25.671785354614258,25.444072723388672
reaction:1338,t-BuXPhos,3,t-BuXPhos,24.59821074,30.835920333862305,25.458580017089844
reaction:1339,t-BuXPhos,3,t-BuXPhos,66.86881109,37.1609001159668,25.52528190612793
reaction:1340,t-BuXPhos,3,t-BuXPhos,14.03184959,35.21913146972656,25.50010108947754
reaction:1341,t-BuXPhos,3,t-BuXPhos,60.85990802,37.99586868286133,25.49717140197754
reaction:1342,t-BuXPhos,3,t-BuXPhos,80.53864746,40.202152252197266,25.50002098083496
reaction:1343,t-BuXPhos,3,t-BuXPhos,0.0,26.399747848510742,25.464618682861328
reaction:1344,t-BuXPhos,3,t-BuXPhos,46.74806516,31.429523468017578,25.51420783996582
reaction:1345,t-BuXPhos,3,t-BuXPhos,45.53588257,29.959136962890625,25.36886215209961
reaction:1346,t-BuXPhos,3,t-BuXPhos,21.18588073,29.387699127197266,25.47811508178711
reaction:1347,t-BuXPhos,3,t-BuXPhos,23.00642082,32.37273025512695,25.48725128173828
reaction:1348,t-BuXPhos,3,t-BuXPhos,39.51659226,33.73934555053711,25.482585906982422
reaction:1349,t-BuXPhos,3,t-BuXPhos,2.048615833,25.619638442993164,25.4635009765625
reaction:1350,t-BuXPhos,3,t-BuXPhos,44.92520247,35.70079803466797,25.46936798095703
reaction:1351,t-BuXPhos,3,t-BuXPhos,47.05254638,32.783119201660156,25.482017517089844
reaction:1352,t-BuXPhos,3,t-BuXPhos,13.82100293,29.297962188720703,25.41979217529297
reaction:1353,t-BuXPhos,3,t-BuXPhos,72.6088082,40.85073471069336,25.434490203857422
reaction:1354,t-BuXPhos,3,t-BuXPhos,69.38989345,39.95958709716797,25.503141403198242
reaction:1355,t-BuXPhos,3,t-BuXPhos,62.426823,44.384056091308594,25.482057571411133
reaction:1356,t-BuXPhos,3,t-BuXPhos,76.21686958,45.507537841796875,25.471675872802734
reaction:1357,t-BuXPhos,3,t-BuXPhos,70.35430221,44.85911560058594,25.478607177734375
reaction:1358,t-BuXPhos,3,t-BuXPhos,59.99235473,29.669633865356445,25.44709587097168
reaction:1359,t-BuXPhos,3,t-BuXPhos,75.38356191,37.425018310546875,25.491437911987305
reaction:1360,t-BuXPhos,3,t-BuXPhos,78.29631742,36.99224090576172,25.34496307373047
reaction:1361,t-BuXPhos,3,t-BuXPhos,26.29043032,31.382198333740234,25.478260040283203
reaction:1362,t-BuXPhos,3,t-BuXPhos,34.77458228,35.33493423461914,25.477985382080078
reaction:1363,t-BuXPhos,3,t-BuXPhos,37.39782282,34.95726776123047,25.472135543823242
reaction:1364,t-BuXPhos,3,t-BuXPhos,0.96264489,26.124439239501953,25.46463394165039
reaction:1365,t-BuXPhos,3,t-BuXPhos,39.32908802,34.47539520263672,25.470191955566406
reaction:1366,t-BuXPhos,3,t-BuXPhos,40.32887688,34.0861930847168,25.473392486572266
reaction:1367,t-BuXPhos,3,t-BuXPhos,4.451923676,29.036312103271484,25.408571243286133
reaction:1368,t-BuXPhos,3,t-BuXPhos,61.04819615,41.12568664550781,25.42782211303711
reaction:1369,t-BuXPhos,3,t-BuXPhos,59.7575144,41.63881301879883,25.492359161376953
reaction:1370,t-BuXPhos,3,t-BuXPhos,57.84627264,46.66092300415039,25.473051071166992
reaction:1371,t-BuXPhos,3,t-BuXPhos,65.93366748,48.26648712158203,25.468578338623047
reaction:1372,t-BuXPhos,3,t-BuXPhos,63.71103229,48.564842224121094,25.470985412597656
reaction:1373,t-BuXPhos,3,t-BuXPhos,38.01577432,32.27237319946289,25.43661117553711
reaction:1374,t-BuXPhos,3,t-BuXPhos,66.05788910000001,42.473976135253906,25.481460571289062
reaction:1375,t-BuXPhos,3,t-BuXPhos,62.40731324,40.184940338134766,25.30870819091797
reaction:1376,t-BuXPhos,3,t-BuXPhos,28.72536954,29.751110076904297,25.47672462463379
reaction:1377,t-BuXPhos,3,t-BuXPhos,34.91231211,32.593238830566406,25.480379104614258
reaction:1378,t-BuXPhos,3,t-BuXPhos,45.90687609,32.886104583740234,25.476524353027344
reaction:1379,t-BuXPhos,3,t-BuXPhos,1.413781414,24.086849212646484,25.461395263671875
reaction:1380,t-BuXPhos,3,t-BuXPhos,50.43757677,34.5030403137207,25.467594146728516
reaction:1381,t-BuXPhos,3,t-BuXPhos,52.0133379,32.11746597290039,25.479061126708984
reaction:1382,t-BuXPhos,3,t-BuXPhos,5.620589612000001,28.21392822265625,25.41666030883789
reaction:1383,t-BuXPhos,3,t-BuXPhos,73.06292012,42.11392593383789,25.431543350219727
reaction:1384,t-BuXPhos,3,t-BuXPhos,75.59377488,40.76633071899414,25.496875762939453
reaction:1385,t-BuXPhos,3,t-BuXPhos,76.3025428,46.867095947265625,25.47186279296875
reaction:1386,t-BuXPhos,3,t-BuXPhos,80.02551627,47.035980224609375,25.469478607177734
reaction:1387,t-BuXPhos,3,t-BuXPhos,83.65366275,44.7935676574707,25.47222328186035
reaction:1388,t-BuXPhos,3,t-BuXPhos,45.11238212,31.822593688964844,25.436567306518555
reaction:1389,t-BuXPhos,3,t-BuXPhos,78.61845192,44.59046936035156,25.486125946044922
reaction:1390,t-BuXPhos,3,t-BuXPhos,84.40416295,42.19072341918945,25.340656280517578
reaction:1391,t-BuXPhos,3,t-BuXPhos,8.912186757,26.91817855834961,25.504255294799805
reaction:1392,t-BuXPhos,3,t-BuXPhos,10.72342611,28.967039108276367,25.51424789428711
reaction:1393,t-BuXPhos,3,t-BuXPhos,11.81277895,28.9559326171875,25.509021759033203
reaction:1394,t-BuXPhos,3,t-BuXPhos,1.84960131,24.101316452026367,25.48955726623535
reaction:1395,t-BuXPhos,3,t-BuXPhos,9.065649451,27.776092529296875,25.49559211730957
reaction:1396,t-BuXPhos,3,t-BuXPhos,13.83920399,26.940006256103516,25.507291793823242
reaction:1397,t-BuXPhos,3,t-BuXPhos,4.278834497,28.23044204711914,25.445148468017578
reaction:1398,t-BuXPhos,3,t-BuXPhos,16.48404533,31.09255027770996,25.460315704345703
reaction:1399,t-BuXPhos,3,t-BuXPhos,17.45236147,31.286569595336914,25.529220581054688
reaction:1400,t-BuXPhos,3,t-BuXPhos,18.18990312,33.55725860595703,25.507904052734375
reaction:1401,t-BuXPhos,3,t-BuXPhos,23.65087488,35.21701431274414,25.496971130371094
reaction:1402,t-BuXPhos,3,t-BuXPhos,26.69194458,36.09001541137695,25.504199981689453
reaction:1403,t-BuXPhos,3,t-BuXPhos,8.194090633,27.709510803222656,25.47294807434082
reaction:1404,t-BuXPhos,3,t-BuXPhos,14.81646107,30.004865646362305,25.516691207885742
reaction:1405,t-BuXPhos,3,t-BuXPhos,16.67869351,27.856441497802734,25.370601654052734
reaction:1406,t-BuXPhos,3,t-BuXPhos,4.385154303,28.71949577331543,25.505661010742188
reaction:1407,t-BuXPhos,3,t-BuXPhos,27.07281953,31.672386169433594,25.505521774291992
reaction:1408,t-BuXPhos,3,t-BuXPhos,30.11809644,33.43748474121094,25.49947166442871
reaction:1409,t-BuXPhos,3,t-BuXPhos,0.0,25.846372604370117,25.491647720336914
reaction:1410,t-BuXPhos,3,t-BuXPhos,25.94022732,28.4984188079834,25.497522354125977
reaction:1411,t-BuXPhos,3,t-BuXPhos,35.19969401,32.792701721191406,25.499542236328125
reaction:1412,t-BuXPhos,3,t-BuXPhos,0.478819391,29.014944076538086,25.435041427612305
reaction:1413,t-BuXPhos,3,t-BuXPhos,47.92550874,33.024391174316406,25.45438575744629
reaction:1414,t-BuXPhos,3,t-BuXPhos,50.62222146,39.19941711425781,25.519634246826172
reaction:1415,t-BuXPhos,3,t-BuXPhos,38.10999093,39.06965637207031,25.499666213989258
reaction:1416,t-BuXPhos,3,t-BuXPhos,54.30595244,42.004127502441406,25.494844436645508
reaction:1417,t-BuXPhos,3,t-BuXPhos,57.95225277,45.78040313720703,25.497488021850586
reaction:1418,t-BuXPhos,3,t-BuXPhos,3.496970929,29.51017189025879,25.463258743286133
reaction:1419,t-BuXPhos,3,t-BuXPhos,46.50216111,36.15093231201172,25.507556915283203
reaction:1420,t-BuXPhos,3,t-BuXPhos,49.89638876,35.89469909667969,25.336050033569336
reaction:1421,t-BuXPhos,3,t-BuXPhos,14.03295033,29.296831130981445,25.50151252746582
reaction:1422,t-BuXPhos,3,t-BuXPhos,33.32323005,31.623905181884766,25.505754470825195
reaction:1423,t-BuXPhos,3,t-BuXPhos,44.03901684,33.86254119873047,25.501567840576172
reaction:1424,t-BuXPhos,3,t-BuXPhos,4.510108394,25.232696533203125,25.485748291015625
reaction:1425,t-BuXPhos,3,t-BuXPhos,31.15457228,29.719890594482422,25.492504119873047
reaction:1426,t-BuXPhos,3,t-BuXPhos,42.55967392,32.11177444458008,25.503219604492188
reaction:1427,t-BuXPhos,3,t-BuXPhos,16.12823791,30.098398208618164,25.440866470336914
reaction:1428,t-BuXPhos,3,t-BuXPhos,58.864107,35.81533432006836,25.455888748168945
reaction:1429,t-BuXPhos,3,t-BuXPhos,61.87528527,40.14057159423828,25.52149772644043
reaction:1430,t-BuXPhos,3,t-BuXPhos,63.35366236,40.30754852294922,25.496658325195312
reaction:1431,t-BuXPhos,3,t-BuXPhos,81.85780625,41.45623016357422,25.493892669677734
reaction:1432,t-BuXPhos,3,t-BuXPhos,86.21496371,45.098567962646484,25.496639251708984
reaction:1433,t-BuXPhos,3,t-BuXPhos,26.57993699,32.746456146240234,25.461261749267578
reaction:1434,t-BuXPhos,3,t-BuXPhos,73.72948461,38.94068908691406,25.510042190551758
reaction:1435,t-BuXPhos,3,t-BuXPhos,77.85078652,39.234745025634766,25.36502456665039
reaction:1436,t-BuBrettPhos,2,t-BuBrettPhos,3.167837071,-6.389177322387695,14.791208267211914
reaction:1437,t-BuBrettPhos,2,t-BuBrettPhos,1.983204496,0.48233985900878906,13.861003875732422
reaction:1438,t-BuBrettPhos,2,t-BuBrettPhos,2.106143629,6.160076141357422,13.735408782958984
reaction:1439,t-BuBrettPhos,2,t-BuBrettPhos,0.295056228,-8.104692459106445,14.919880867004395
reaction:1440,t-BuBrettPhos,2,t-BuBrettPhos,9.853260903,10.477010726928711,14.967970848083496
reaction:1441,t-BuBrettPhos,2,t-BuBrettPhos,9.685019183,16.174911499023438,14.954041481018066
reaction:1442,t-BuBrettPhos,2,t-BuBrettPhos,2.658633939,-7.277666091918945,13.858990669250488
reaction:1443,t-BuBrettPhos,2,t-BuBrettPhos,14.46737016,19.792448043823242,14.109085083007812
reaction:1444,t-BuBrettPhos,2,t-BuBrettPhos,17.15607423,24.8511962890625,14.756321907043457
reaction:1445,t-BuBrettPhos,2,t-BuBrettPhos,28.40072634,24.709396362304688,15.384737968444824
reaction:1446,t-BuBrettPhos,2,t-BuBrettPhos,32.01759643,29.826358795166016,14.982784271240234
reaction:1447,t-BuBrettPhos,2,t-BuBrettPhos,39.75657581,33.78923797607422,14.556623458862305
reaction:1448,t-BuBrettPhos,2,t-BuBrettPhos,1.859601121,-4.226289749145508,14.546333312988281
reaction:1449,t-BuBrettPhos,2,t-BuBrettPhos,3.947187556,10.84518814086914,15.96469783782959
reaction:1450,t-BuBrettPhos,2,t-BuBrettPhos,5.007207988,17.19420623779297,14.594306945800781
reaction:1451,t-BuBrettPhos,2,t-BuBrettPhos,2.874679313,5.993309020996094,14.814489364624023
reaction:1452,t-BuBrettPhos,2,t-BuBrettPhos,28.48464058,24.1495361328125,13.838489532470703
reaction:1453,t-BuBrettPhos,2,t-BuBrettPhos,35.59381518,33.2067985534668,13.709837913513184
reaction:1454,t-BuBrettPhos,2,t-BuBrettPhos,0.0,2.8770389556884766,14.88560676574707
reaction:1455,t-BuBrettPhos,2,t-BuBrettPhos,19.70724871,23.85455894470215,14.935640335083008
reaction:1456,t-BuBrettPhos,2,t-BuBrettPhos,37.2145199,37.23713684082031,14.952866554260254
reaction:1457,t-BuBrettPhos,2,t-BuBrettPhos,5.4796607260000005,2.518817901611328,13.229357719421387
reaction:1458,t-BuBrettPhos,2,t-BuBrettPhos,38.82629912,36.7101936340332,14.157054901123047
reaction:1459,t-BuBrettPhos,2,t-BuBrettPhos,64.96884309,55.804359436035156,14.861359596252441
reaction:1460,t-BuBrettPhos,2,t-BuBrettPhos,42.31281665,29.344852447509766,15.378714561462402
reaction:1461,t-BuBrettPhos,2,t-BuBrettPhos,57.9744807,37.19847869873047,14.944669723510742
reaction:1462,t-BuBrettPhos,2,t-BuBrettPhos,65.15148191,45.988685607910156,14.565637588500977
reaction:1463,t-BuBrettPhos,2,t-BuBrettPhos,3.551606076,6.980218887329102,14.571049690246582
reaction:1464,t-BuBrettPhos,2,t-BuBrettPhos,53.91867484,46.47332763671875,15.906447410583496
reaction:1465,t-BuBrettPhos,2,t-BuBrettPhos,62.34681732,54.39667510986328,14.64078426361084
reaction:1466,t-BuBrettPhos,2,t-BuBrettPhos,4.68080841,15.447195053100586,14.695181846618652
reaction:1467,t-BuBrettPhos,2,t-BuBrettPhos,29.59583126,35.740909576416016,13.291248321533203
reaction:1468,t-BuBrettPhos,2,t-BuBrettPhos,43.56818344,49.07360076904297,13.287389755249023
reaction:1469,t-BuBrettPhos,2,t-BuBrettPhos,0.0,8.25019645690918,14.779777526855469
reaction:1470,t-BuBrettPhos,2,t-BuBrettPhos,35.46998729,42.527748107910156,14.908575057983398
reaction:1471,t-BuBrettPhos,2,t-BuBrettPhos,49.74093184,52.980247497558594,14.967473030090332
reaction:1472,t-BuBrettPhos,2,t-BuBrettPhos,5.688672061,8.667924880981445,13.828496932983398
reaction:1473,t-BuBrettPhos,2,t-BuBrettPhos,64.99704829,61.27332305908203,14.095268249511719
reaction:1474,t-BuBrettPhos,2,t-BuBrettPhos,75.71719698,74.77476501464844,14.869007110595703
reaction:1475,t-BuBrettPhos,2,t-BuBrettPhos,77.92695821,66.71957397460938,15.408247947692871
reaction:1476,t-BuBrettPhos,2,t-BuBrettPhos,88.82757824,76.86853790283203,14.866957664489746
reaction:1477,t-BuBrettPhos,2,t-BuBrettPhos,84.31065923,87.9327392578125,14.570959091186523
reaction:1478,t-BuBrettPhos,2,t-BuBrettPhos,8.955957809,18.26708984375,14.591259956359863
reaction:1479,t-BuBrettPhos,2,t-BuBrettPhos,80.64990682,73.36669158935547,15.929286003112793
reaction:1480,t-BuBrettPhos,2,t-BuBrettPhos,92.20931063,84.9771957397461,14.608038902282715
reaction:1481,t-BuBrettPhos,2,t-BuBrettPhos,2.887815395,-3.3504199981689453,16.078569412231445
reaction:1482,t-BuBrettPhos,2,t-BuBrettPhos,11.65626027,-0.4177570343017578,15.223200798034668
reaction:1483,t-BuBrettPhos,2,t-BuBrettPhos,12.51034862,5.411531448364258,15.107293128967285
reaction:1484,t-BuBrettPhos,2,t-BuBrettPhos,0.1532427999999999,-3.0592784881591797,16.18912696838379
reaction:1485,t-BuBrettPhos,2,t-BuBrettPhos,10.4212352,4.653284072875977,16.23670196533203
reaction:1486,t-BuBrettPhos,2,t-BuBrettPhos,15.44371593,14.76504135131836,16.228538513183594
reaction:1487,t-BuBrettPhos,2,t-BuBrettPhos,1.034854608,-2.1445255279541016,15.21079158782959
reaction:1488,t-BuBrettPhos,2,t-BuBrettPhos,15.70792465,9.023479461669922,15.454132080078125
reaction:1489,t-BuBrettPhos,2,t-BuBrettPhos,11.23128528,18.750347137451172,16.044416427612305
reaction:1490,t-BuBrettPhos,2,t-BuBrettPhos,13.20129952,11.009210586547852,16.611709594726562
reaction:1491,t-BuBrettPhos,2,t-BuBrettPhos,14.46827704,14.888528823852539,16.246633529663086
reaction:1492,t-BuBrettPhos,2,t-BuBrettPhos,13.88482007,22.699600219726562,15.856852531433105
reaction:1493,t-BuBrettPhos,2,t-BuBrettPhos,6.968372781,-2.310579299926758,15.850875854492188
reaction:1494,t-BuBrettPhos,2,t-BuBrettPhos,15.40870509,-0.0962371826171875,17.16009521484375
reaction:1495,t-BuBrettPhos,2,t-BuBrettPhos,14.85665703,6.789426803588867,15.896456718444824
reaction:1496,t-BuBrettPhos,2,t-BuBrettPhos,0.0,-4.59868049621582,16.072385787963867
reaction:1497,t-BuBrettPhos,2,t-BuBrettPhos,4.220973073,3.2061405181884766,15.173721313476562
reaction:1498,t-BuBrettPhos,2,t-BuBrettPhos,11.98186799,11.829353332519531,15.058588027954102
reaction:1499,t-BuBrettPhos,2,t-BuBrettPhos,0.0,-3.7321605682373047,16.129905700683594
reaction:1500,t-BuBrettPhos,2,t-BuBrettPhos,3.378377543,0.5347766876220703,16.180622100830078
reaction:1501,t-BuBrettPhos,2,t-BuBrettPhos,15.30703648,14.398616790771484,16.20085334777832
reaction:1502,t-BuBrettPhos,2,t-BuBrettPhos,3.549284452,-4.430303573608398,14.609509468078613
reaction:1503,t-BuBrettPhos,2,t-BuBrettPhos,7.705318498,4.577850341796875,15.468603134155273
reaction:1504,t-BuBrettPhos,2,t-BuBrettPhos,41.94054392,28.259714126586914,16.11176300048828
reaction:1505,t-BuBrettPhos,2,t-BuBrettPhos,9.609943508,-3.0470752716064453,16.5787410736084
reaction:1506,t-BuBrettPhos,2,t-BuBrettPhos,15.35251148,6.877025604248047,16.183717727661133
reaction:1507,t-BuBrettPhos,2,t-BuBrettPhos,43.16671419,22.366992950439453,15.839390754699707
reaction:1508,t-BuBrettPhos,2,t-BuBrettPhos,0.0,-4.728620529174805,15.845970153808594
reaction:1509,t-BuBrettPhos,2,t-BuBrettPhos,11.61765415,11.753807067871094,17.079715728759766
reaction:1510,t-BuBrettPhos,2,t-BuBrettPhos,12.24697181,18.145355224609375,15.910840034484863
reaction:1511,t-BuBrettPhos,2,t-BuBrettPhos,0.413827697,1.2915630340576172,16.018022537231445
reaction:1512,t-BuBrettPhos,2,t-BuBrettPhos,9.508022367,13.354127883911133,14.737006187438965
reaction:1513,t-BuBrettPhos,2,t-BuBrettPhos,32.14841463,31.697669982910156,14.733938217163086
reaction:1514,t-BuBrettPhos,2,t-BuBrettPhos,0.0,-0.051357269287109375,16.08961296081543
reaction:1515,t-BuBrettPhos,2,t-BuBrettPhos,7.275251821,13.370231628417969,16.211021423339844
reaction:1516,t-BuBrettPhos,2,t-BuBrettPhos,35.33585167,33.56446075439453,16.268802642822266
reaction:1517,t-BuBrettPhos,2,t-BuBrettPhos,3.20619178,-0.49088096618652344,15.212671279907227
reaction:1518,t-BuBrettPhos,2,t-BuBrettPhos,16.32124134,21.94713020324707,15.46910285949707
reaction:1519,t-BuBrettPhos,2,t-BuBrettPhos,73.16269955,55.93894958496094,16.17477798461914
reaction:1520,t-BuBrettPhos,2,t-BuBrettPhos,21.81045338,24.74325180053711,16.660123825073242
reaction:1521,t-BuBrettPhos,2,t-BuBrettPhos,48.23235239,42.279579162597656,16.166582107543945
reaction:1522,t-BuBrettPhos,2,t-BuBrettPhos,78.78970759,67.65840148925781,15.900077819824219
reaction:1523,t-BuBrettPhos,2,t-BuBrettPhos,0.0,0.5232067108154297,15.920693397521973
reaction:1524,t-BuBrettPhos,2,t-BuBrettPhos,12.90161423,31.58388328552246,17.152498245239258
reaction:1525,t-BuBrettPhos,2,t-BuBrettPhos,26.6793303,47.92503356933594,15.937171936035156
reaction:1526,t-BuBrettPhos,2,t-BuBrettPhos,8.171441333999999,10.328479766845703,16.31100845336914
reaction:1527,t-BuBrettPhos,2,t-BuBrettPhos,19.65092582,19.014263153076172,15.464783668518066
reaction:1528,t-BuBrettPhos,2,t-BuBrettPhos,39.13544884,32.97186279296875,15.352710723876953
reaction:1529,t-BuBrettPhos,2,t-BuBrettPhos,0.0,5.09575080871582,16.421630859375
reaction:1530,t-BuBrettPhos,2,t-BuBrettPhos,47.81434881,44.10801696777344,16.46529769897461
reaction:1531,t-BuBrettPhos,2,t-BuBrettPhos,48.36396181,45.96703338623047,16.45138931274414
reaction:1532,t-BuBrettPhos,2,t-BuBrettPhos,1.372286353,7.599512100219727,15.457684516906738
reaction:1533,t-BuBrettPhos,2,t-BuBrettPhos,67.28395541,61.769683837890625,15.687734603881836
reaction:1534,t-BuBrettPhos,2,t-BuBrettPhos,74.23518284,62.928794860839844,16.273223876953125
reaction:1535,t-BuBrettPhos,2,t-BuBrettPhos,73.53944548,62.469566345214844,16.846385955810547
reaction:1536,t-BuBrettPhos,2,t-BuBrettPhos,79.65524299,68.70162200927734,16.478023529052734
reaction:1537,t-BuBrettPhos,2,t-BuBrettPhos,84.58893866,68.94300842285156,16.085922241210938
reaction:1538,t-BuBrettPhos,2,t-BuBrettPhos,8.990373152,17.768211364746094,16.08371925354004
reaction:1539,t-BuBrettPhos,2,t-BuBrettPhos,48.47717448,42.76649475097656,17.374618530273438
reaction:1540,t-BuBrettPhos,2,t-BuBrettPhos,70.14574928,62.04563903808594,16.123477935791016
reaction:1541,t-BuBrettPhos,2,t-BuBrettPhos,16.06858475,7.915925979614258,16.34598731994629
reaction:1542,t-BuBrettPhos,2,t-BuBrettPhos,33.41994964,26.94426155090332,15.459454536437988
reaction:1543,t-BuBrettPhos,2,t-BuBrettPhos,36.38014621,34.26103973388672,15.344940185546875
reaction:1544,t-BuBrettPhos,2,t-BuBrettPhos,0.35921569,0.5677051544189453,16.40472984313965
reaction:1545,t-BuBrettPhos,2,t-BuBrettPhos,38.49679424,32.584407806396484,16.4500732421875
reaction:1546,t-BuBrettPhos,2,t-BuBrettPhos,40.47969677,39.03420639038086,16.465078353881836
reaction:1547,t-BuBrettPhos,2,t-BuBrettPhos,5.094725505,0.9592990875244141,14.910989761352539
reaction:1548,t-BuBrettPhos,2,t-BuBrettPhos,59.16896654,49.81768035888672,15.745610237121582
reaction:1549,t-BuBrettPhos,2,t-BuBrettPhos,65.19833527,60.855018615722656,16.382259368896484
reaction:1550,t-BuBrettPhos,2,t-BuBrettPhos,57.83107149,38.121028900146484,16.854530334472656
reaction:1551,t-BuBrettPhos,2,t-BuBrettPhos,62.53871196,45.85655212402344,16.45734214782715
reaction:1552,t-BuBrettPhos,2,t-BuBrettPhos,65.59087383,51.437774658203125,16.10831642150879
reaction:1553,t-BuBrettPhos,2,t-BuBrettPhos,21.23653704,11.843984603881836,16.120067596435547
reaction:1554,t-BuBrettPhos,2,t-BuBrettPhos,61.27839379,53.733863830566406,17.334516525268555
reaction:1555,t-BuBrettPhos,2,t-BuBrettPhos,63.81281277,63.32006072998047,16.17993927001953
reaction:1556,t-BuBrettPhos,2,t-BuBrettPhos,14.2414228,14.199567794799805,16.23674774169922
reaction:1557,t-BuBrettPhos,2,t-BuBrettPhos,33.56777138,35.11574935913086,14.970008850097656
reaction:1558,t-BuBrettPhos,2,t-BuBrettPhos,45.52244321,48.72515869140625,14.967272758483887
reaction:1559,t-BuBrettPhos,2,t-BuBrettPhos,0.49264217,3.816072463989258,16.307476043701172
reaction:1560,t-BuBrettPhos,2,t-BuBrettPhos,52.14134094,48.211883544921875,16.423831939697266
reaction:1561,t-BuBrettPhos,2,t-BuBrettPhos,49.57379186,53.67490005493164,16.476308822631836
reaction:1562,t-BuBrettPhos,2,t-BuBrettPhos,7.18319285,4.556795120239258,15.443680763244629
reaction:1563,t-BuBrettPhos,2,t-BuBrettPhos,75.03674068,70.6104965209961,15.688326835632324
reaction:1564,t-BuBrettPhos,2,t-BuBrettPhos,79.76639273,79.82705688476562,16.388076782226562
reaction:1565,t-BuBrettPhos,2,t-BuBrettPhos,79.07949659,73.71089172363281,16.87992286682129
reaction:1566,t-BuBrettPhos,2,t-BuBrettPhos,86.78620377,83.21369934082031,16.385417938232422
reaction:1567,t-BuBrettPhos,2,t-BuBrettPhos,89.32312927,90.88600158691406,16.111940383911133
reaction:1568,t-BuBrettPhos,2,t-BuBrettPhos,20.99661905,16.987335205078125,16.13702392578125
reaction:1569,t-BuBrettPhos,2,t-BuBrettPhos,86.07412603,76.46576690673828,17.353883743286133
reaction:1570,t-BuBrettPhos,2,t-BuBrettPhos,93.58777419,90.96052551269531,16.148731231689453
reaction:1571,t-BuBrettPhos,2,t-BuBrettPhos,6.945630992999999,-2.619680404663086,16.163219451904297
reaction:1572,t-BuBrettPhos,2,t-BuBrettPhos,8.368171473,0.13984107971191406,15.293343544006348
reaction:1573,t-BuBrettPhos,2,t-BuBrettPhos,10.75855339,7.647743225097656,15.192755699157715
reaction:1574,t-BuBrettPhos,2,t-BuBrettPhos,0.5287626999999999,-4.004304885864258,16.274921417236328
reaction:1575,t-BuBrettPhos,2,t-BuBrettPhos,9.492103343,5.981372833251953,16.316919326782227
reaction:1576,t-BuBrettPhos,2,t-BuBrettPhos,12.42396719,14.840551376342773,16.301557540893555
reaction:1577,t-BuBrettPhos,2,t-BuBrettPhos,3.257714985,-2.842020034790039,15.303278923034668
reaction:1578,t-BuBrettPhos,2,t-BuBrettPhos,15.67304028,12.802066802978516,15.537819862365723
reaction:1579,t-BuBrettPhos,2,t-BuBrettPhos,16.97838607,23.443256378173828,16.121788024902344
reaction:1580,t-BuBrettPhos,2,t-BuBrettPhos,16.31613355,14.24406623840332,16.69844627380371
reaction:1581,t-BuBrettPhos,2,t-BuBrettPhos,19.93006899,16.878398895263672,16.334009170532227
reaction:1582,t-BuBrettPhos,2,t-BuBrettPhos,24.6686189,26.224849700927734,15.941251754760742
reaction:1583,t-BuBrettPhos,2,t-BuBrettPhos,7.371601311,-1.995462417602539,15.933502197265625
reaction:1584,t-BuBrettPhos,2,t-BuBrettPhos,10.88559026,4.677082061767578,17.236408233642578
reaction:1585,t-BuBrettPhos,2,t-BuBrettPhos,13.183779800000002,14.635330200195312,15.97461223602295
reaction:1586,t-BuBrettPhos,2,t-BuBrettPhos,0.8718207459999999,-1.8614330291748047,16.179458618164062
reaction:1587,t-BuBrettPhos,2,t-BuBrettPhos,10.20185762,9.067874908447266,15.2675199508667
reaction:1588,t-BuBrettPhos,2,t-BuBrettPhos,28.77460219,19.816423416137695,15.166048049926758
reaction:1589,t-BuBrettPhos,2,t-BuBrettPhos,0.0,-2.9211368560791016,16.238008499145508
reaction:1590,t-BuBrettPhos,2,t-BuBrettPhos,4.728362295,6.157688140869141,16.282115936279297
reaction:1591,t-BuBrettPhos,2,t-BuBrettPhos,35.24488191,23.231887817382812,16.295719146728516
reaction:1592,t-BuBrettPhos,2,t-BuBrettPhos,4.103392125,-3.325021743774414,14.729642868041992
reaction:1593,t-BuBrettPhos,2,t-BuBrettPhos,10.36729294,13.548782348632812,15.575827598571777
reaction:1594,t-BuBrettPhos,2,t-BuBrettPhos,56.21933491,39.9830322265625,16.211387634277344
reaction:1595,t-BuBrettPhos,2,t-BuBrettPhos,13.57914578,5.0111236572265625,16.68709373474121
reaction:1596,t-BuBrettPhos,2,t-BuBrettPhos,24.95867786,10.650964736938477,16.29374885559082
reaction:1597,t-BuBrettPhos,2,t-BuBrettPhos,49.7806525,25.545795440673828,15.944613456726074
reaction:1598,t-BuBrettPhos,2,t-BuBrettPhos,0.0,-2.009153366088867,15.950833320617676
reaction:1599,t-BuBrettPhos,2,t-BuBrettPhos,26.20309393,21.914722442626953,17.176837921142578
reaction:1600,t-BuBrettPhos,2,t-BuBrettPhos,40.57039192,34.87347412109375,16.01167869567871
reaction:1601,t-BuBrettPhos,2,t-BuBrettPhos,7.387205125,7.668416976928711,16.092811584472656
reaction:1602,t-BuBrettPhos,2,t-BuBrettPhos,22.3492694,22.866329193115234,14.797798156738281
reaction:1603,t-BuBrettPhos,2,t-BuBrettPhos,47.05511825,38.661434173583984,14.808684349060059
reaction:1604,t-BuBrettPhos,2,t-BuBrettPhos,0.987020024,2.695669174194336,16.16499900817871
reaction:1605,t-BuBrettPhos,2,t-BuBrettPhos,17.55880282,22.589508056640625,16.280113220214844
reaction:1606,t-BuBrettPhos,2,t-BuBrettPhos,43.58283319,38.941375732421875,16.331375122070312
reaction:1607,t-BuBrettPhos,2,t-BuBrettPhos,12.47762059,4.114301681518555,15.29397964477539
reaction:1608,t-BuBrettPhos,2,t-BuBrettPhos,32.02304313,36.112667083740234,15.542752265930176
reaction:1609,t-BuBrettPhos,2,t-BuBrettPhos,72.70979963,61.319190979003906,16.2415714263916
reaction:1610,t-BuBrettPhos,2,t-BuBrettPhos,36.05565123,39.34526062011719,16.736576080322266
reaction:1611,t-BuBrettPhos,2,t-BuBrettPhos,46.16924796,47.00715637207031,16.244659423828125
reaction:1612,t-BuBrettPhos,2,t-BuBrettPhos,87.75322874,71.14881896972656,15.972540855407715
reaction:1613,t-BuBrettPhos,2,t-BuBrettPhos,24.93118771,8.700790405273438,15.992210388183594
reaction:1614,t-BuBrettPhos,2,t-BuBrettPhos,45.52509107,46.53913879394531,17.218921661376953
reaction:1615,t-BuBrettPhos,2,t-BuBrettPhos,70.18702806,64.60346984863281,16.004976272583008
reaction:1616,AdBrettPhos,0,AdBrettPhos,1.918248424,-7.5080413818359375,15.340982437133789
reaction:1617,AdBrettPhos,0,AdBrettPhos,2.933858815,0.7717666625976562,14.384684562683105
reaction:1618,AdBrettPhos,0,AdBrettPhos,3.446957245,5.241731643676758,14.387969970703125
reaction:1619,AdBrettPhos,0,AdBrettPhos,0.0,-9.878128051757812,15.343001365661621
reaction:1620,AdBrettPhos,0,AdBrettPhos,7.829216765,8.194229125976562,15.260285377502441
reaction:1621,AdBrettPhos,0,AdBrettPhos,11.24955158,11.541263580322266,16.38641929626465
reaction:1622,AdBrettPhos,0,AdBrettPhos,0.628858286,-4.729866027832031,14.442570686340332
reaction:1623,AdBrettPhos,0,AdBrettPhos,12.30029297,20.155136108398438,14.705039978027344
reaction:1624,AdBrettPhos,0,AdBrettPhos,17.30024922,24.579315185546875,15.130921363830566
reaction:1625,AdBrettPhos,0,AdBrettPhos,17.08713871,29.34618377685547,16.609609603881836
reaction:1626,AdBrettPhos,0,AdBrettPhos,21.75875381,35.73605728149414,15.511402130126953
reaction:1627,AdBrettPhos,0,AdBrettPhos,27.05720868,38.22842025756836,15.377790451049805
reaction:1628,AdBrettPhos,0,AdBrettPhos,2.029011587,-6.847297668457031,14.78023624420166
reaction:1629,AdBrettPhos,0,AdBrettPhos,3.679918653,9.556161880493164,15.305330276489258
reaction:1630,AdBrettPhos,0,AdBrettPhos,5.39705828,14.855443954467773,14.470829010009766
reaction:1631,AdBrettPhos,0,AdBrettPhos,3.399446884,5.936557769775391,15.240665435791016
reaction:1632,AdBrettPhos,0,AdBrettPhos,24.03126631,27.22916030883789,14.376090049743652
reaction:1633,AdBrettPhos,0,AdBrettPhos,37.04718214,33.63618087768555,14.389415740966797
reaction:1634,AdBrettPhos,0,AdBrettPhos,0.0,1.564840316772461,15.3865385055542
reaction:1635,AdBrettPhos,0,AdBrettPhos,20.36820588,20.494953155517578,15.268928527832031
reaction:1636,AdBrettPhos,0,AdBrettPhos,37.1376218,35.13188552856445,16.368507385253906
reaction:1637,AdBrettPhos,0,AdBrettPhos,0.375286042,4.5540924072265625,13.866473197937012
reaction:1638,AdBrettPhos,0,AdBrettPhos,34.22216946,38.255008697509766,14.70389461517334
reaction:1639,AdBrettPhos,0,AdBrettPhos,60.33199916,57.32515335083008,15.172565460205078
reaction:1640,AdBrettPhos,0,AdBrettPhos,28.41978949,41.90644073486328,16.603099822998047
reaction:1641,AdBrettPhos,0,AdBrettPhos,37.45572206,54.40037536621094,15.406585693359375
reaction:1642,AdBrettPhos,0,AdBrettPhos,46.33728613,62.26039123535156,15.177299499511719
reaction:1643,AdBrettPhos,0,AdBrettPhos,3.063860217,5.919618606567383,14.742327690124512
reaction:1644,AdBrettPhos,0,AdBrettPhos,43.8122723,49.256370544433594,15.316983222961426
reaction:1645,AdBrettPhos,0,AdBrettPhos,54.92415457,55.984779357910156,13.995037078857422
reaction:1646,AdBrettPhos,0,AdBrettPhos,7.259820865,11.42432975769043,15.300261497497559
reaction:1647,AdBrettPhos,0,AdBrettPhos,29.47262424,32.127235412597656,13.9757719039917
reaction:1648,AdBrettPhos,0,AdBrettPhos,47.11942721,42.71809768676758,13.991939544677734
reaction:1649,AdBrettPhos,0,AdBrettPhos,0.382305168,3.2973365783691406,15.425601959228516
reaction:1650,AdBrettPhos,0,AdBrettPhos,42.90896956,32.93878936767578,15.268936157226562
reaction:1651,AdBrettPhos,0,AdBrettPhos,50.10463357,44.1575927734375,16.397058486938477
reaction:1652,AdBrettPhos,0,AdBrettPhos,1.379250532,8.199312210083008,14.461807250976562
reaction:1653,AdBrettPhos,0,AdBrettPhos,66.71317285,56.64403533935547,14.726244926452637
reaction:1654,AdBrettPhos,0,AdBrettPhos,76.22505116,70.21942138671875,15.248713493347168
reaction:1655,AdBrettPhos,0,AdBrettPhos,70.04834525,69.55781555175781,16.62283706665039
reaction:1656,AdBrettPhos,0,AdBrettPhos,82.57086092,80.73344421386719,15.490665435791016
reaction:1657,AdBrettPhos,0,AdBrettPhos,90.31730943,84.91867065429688,15.194473266601562
reaction:1658,AdBrettPhos,0,AdBrettPhos,11.31144666,14.01052474975586,14.776488304138184
reaction:1659,AdBrettPhos,0,AdBrettPhos,79.68761126,69.58799743652344,15.321111679077148
reaction:1660,AdBrettPhos,0,AdBrettPhos,91.69839995,79.81563568115234,14.49260139465332
reaction:1661,AdBrettPhos,0,AdBrettPhos,1.069060713,-2.9520416259765625,16.500877380371094
reaction:1662,AdBrettPhos,0,AdBrettPhos,5.105134806000001,3.4098052978515625,15.60428524017334
reaction:1663,AdBrettPhos,0,AdBrettPhos,3.280980517,9.496208190917969,15.60284423828125
reaction:1664,AdBrettPhos,0,AdBrettPhos,0.0,-3.2667083740234375,16.488908767700195
reaction:1665,AdBrettPhos,0,AdBrettPhos,3.302452152,8.00399398803711,16.409494400024414
reaction:1666,AdBrettPhos,0,AdBrettPhos,11.0075153,15.046707153320312,17.461000442504883
reaction:1667,AdBrettPhos,0,AdBrettPhos,0.8366448879999999,0.5191116333007812,15.658016204833984
reaction:1668,AdBrettPhos,0,AdBrettPhos,7.242678118,14.055183410644531,15.888104438781738
reaction:1669,AdBrettPhos,0,AdBrettPhos,7.957289224,23.363059997558594,16.286306381225586
reaction:1670,AdBrettPhos,0,AdBrettPhos,5.427048525,15.269485473632812,17.673019409179688
reaction:1671,AdBrettPhos,0,AdBrettPhos,4.952408524,21.4078369140625,16.632896423339844
reaction:1672,AdBrettPhos,0,AdBrettPhos,6.244420827999999,28.999488830566406,16.516735076904297
reaction:1673,AdBrettPhos,0,AdBrettPhos,0.750246803,-0.8176689147949219,15.960734367370605
reaction:1674,AdBrettPhos,0,AdBrettPhos,5.82300352,2.7761669158935547,16.444671630859375
reaction:1675,AdBrettPhos,0,AdBrettPhos,6.214566797000001,5.774759292602539,15.678632736206055
reaction:1676,AdBrettPhos,0,AdBrettPhos,0.0,-4.614986419677734,16.39801597595215
reaction:1677,AdBrettPhos,0,AdBrettPhos,3.160193721,5.609575271606445,15.585221290588379
reaction:1678,AdBrettPhos,0,AdBrettPhos,8.104754995,14.723932266235352,15.593609809875488
reaction:1679,AdBrettPhos,0,AdBrettPhos,0.0,-4.759742736816406,16.519014358520508
reaction:1680,AdBrettPhos,0,AdBrettPhos,2.004686227,0.6137657165527344,16.406951904296875
reaction:1681,AdBrettPhos,0,AdBrettPhos,6.894237827,15.880025863647461,17.43409538269043
reaction:1682,AdBrettPhos,0,AdBrettPhos,0.0,-3.441028594970703,15.117554664611816
reaction:1683,AdBrettPhos,0,AdBrettPhos,4.677881799,7.241924285888672,15.876367568969727
reaction:1684,AdBrettPhos,0,AdBrettPhos,16.33859929,36.66459655761719,16.31463623046875
reaction:1685,AdBrettPhos,0,AdBrettPhos,3.547951578,6.593603134155273,17.65793228149414
reaction:1686,AdBrettPhos,0,AdBrettPhos,7.467378263,21.00662612915039,16.52423667907715
reaction:1687,AdBrettPhos,0,AdBrettPhos,15.10235685,42.28342056274414,16.31987762451172
reaction:1688,AdBrettPhos,0,AdBrettPhos,0.0,-4.5525665283203125,15.914445877075195
reaction:1689,AdBrettPhos,0,AdBrettPhos,6.275458681,14.022638320922852,16.445363998413086
reaction:1690,AdBrettPhos,0,AdBrettPhos,6.702513015,16.882431030273438,15.229415893554688
reaction:1691,AdBrettPhos,0,AdBrettPhos,0.299153601,-2.2972564697265625,16.42807960510254
reaction:1692,AdBrettPhos,0,AdBrettPhos,6.9479336,10.259716033935547,15.190122604370117
reaction:1693,AdBrettPhos,0,AdBrettPhos,39.56647024,25.39754295349121,15.200392723083496
reaction:1694,AdBrettPhos,0,AdBrettPhos,0.0,-4.817695617675781,16.530729293823242
reaction:1695,AdBrettPhos,0,AdBrettPhos,4.988380083,8.779666900634766,16.38214683532715
reaction:1696,AdBrettPhos,0,AdBrettPhos,39.27719826,25.78797149658203,17.43741798400879
reaction:1697,AdBrettPhos,0,AdBrettPhos,0.0,-2.071086883544922,15.638948440551758
reaction:1698,AdBrettPhos,0,AdBrettPhos,10.46965924,20.41318130493164,15.871344566345215
reaction:1699,AdBrettPhos,0,AdBrettPhos,70.2716235,54.289703369140625,16.36042022705078
reaction:1700,AdBrettPhos,0,AdBrettPhos,13.55922704,26.134254455566406,17.65306282043457
reaction:1701,AdBrettPhos,0,AdBrettPhos,36.35900481,46.686859130859375,16.578327178955078
reaction:1702,AdBrettPhos,0,AdBrettPhos,79.01720716,67.15486907958984,16.31082534790039
reaction:1703,AdBrettPhos,0,AdBrettPhos,0.0,-1.9549751281738281,15.920794486999512
reaction:1704,AdBrettPhos,0,AdBrettPhos,14.39054676,27.571081161499023,16.424449920654297
reaction:1705,AdBrettPhos,0,AdBrettPhos,47.30915738,35.68832015991211,15.661747932434082
reaction:1706,AdBrettPhos,0,AdBrettPhos,1.831351486,12.841392517089844,14.30405044555664
reaction:1707,AdBrettPhos,0,AdBrettPhos,9.025273637,23.04952621459961,13.313488006591797
reaction:1708,AdBrettPhos,0,AdBrettPhos,31.74709006,37.073455810546875,13.307575225830078
reaction:1709,AdBrettPhos,0,AdBrettPhos,0.0,3.5799179077148438,14.331868171691895
reaction:1710,AdBrettPhos,0,AdBrettPhos,45.98289688,46.540977478027344,14.243000030517578
reaction:1711,AdBrettPhos,0,AdBrettPhos,46.93920076,45.55838394165039,15.450456619262695
reaction:1712,AdBrettPhos,0,AdBrettPhos,0.66547915,9.88006591796875,13.367749214172363
reaction:1713,AdBrettPhos,0,AdBrettPhos,61.80395318,66.85304260253906,13.61781120300293
reaction:1714,AdBrettPhos,0,AdBrettPhos,68.3339655,68.53292083740234,14.12635326385498
reaction:1715,AdBrettPhos,0,AdBrettPhos,70.41045785,65.41441345214844,15.684835433959961
reaction:1716,AdBrettPhos,0,AdBrettPhos,77.6347291,70.97775268554688,14.519464492797852
reaction:1717,AdBrettPhos,0,AdBrettPhos,79.76966371,72.06680297851562,14.356037139892578
reaction:1718,AdBrettPhos,0,AdBrettPhos,1.779970363,22.05523109436035,13.731966972351074
reaction:1719,AdBrettPhos,0,AdBrettPhos,31.49662818,48.130924224853516,14.334112167358398
reaction:1720,AdBrettPhos,0,AdBrettPhos,70.31871872,63.111061096191406,13.395063400268555
reaction:1721,AdBrettPhos,0,AdBrettPhos,9.550418032,11.260169982910156,14.189396858215332
reaction:1722,AdBrettPhos,0,AdBrettPhos,33.30841773,30.465625762939453,13.294881820678711
reaction:1723,AdBrettPhos,0,AdBrettPhos,34.84480888,37.826080322265625,13.300520896911621
reaction:1724,AdBrettPhos,0,AdBrettPhos,0.319224301,-0.40311431884765625,14.369671821594238
reaction:1725,AdBrettPhos,0,AdBrettPhos,31.39385907,34.73416519165039,14.243016242980957
reaction:1726,AdBrettPhos,0,AdBrettPhos,35.25588385,40.64337158203125,15.422471046447754
reaction:1727,AdBrettPhos,0,AdBrettPhos,1.279456438,2.6885948181152344,12.733635902404785
reaction:1728,AdBrettPhos,0,AdBrettPhos,50.41927701,55.11316680908203,13.60661792755127
reaction:1729,AdBrettPhos,0,AdBrettPhos,57.65452227,66.50624084472656,14.162225723266602
reaction:1730,AdBrettPhos,0,AdBrettPhos,33.09635306,52.853546142578125,15.670180320739746
reaction:1731,AdBrettPhos,0,AdBrettPhos,40.91072057,61.443084716796875,14.397318840026855
reaction:1732,AdBrettPhos,0,AdBrettPhos,46.38749412,68.18458557128906,14.132576942443848
reaction:1733,AdBrettPhos,0,AdBrettPhos,13.31813914,16.753280639648438,13.68117904663086
reaction:1734,AdBrettPhos,0,AdBrettPhos,53.12382569,58.956787109375,14.338268280029297
reaction:1735,AdBrettPhos,0,AdBrettPhos,57.26273694,66.4018325805664,12.869294166564941
reaction:1736,AdBrettPhos,0,AdBrettPhos,10.68115857,14.763561248779297,14.185432434082031
reaction:1737,AdBrettPhos,0,AdBrettPhos,33.95037625,33.648704528808594,12.784819602966309
reaction:1738,AdBrettPhos,0,AdBrettPhos,47.09445645,46.46792984008789,12.794598579406738
reaction:1739,AdBrettPhos,0,AdBrettPhos,0.492662711,0.16245651245117188,14.343531608581543
reaction:1740,AdBrettPhos,0,AdBrettPhos,48.41843845,45.83542251586914,14.17483901977539
reaction:1741,AdBrettPhos,0,AdBrettPhos,50.21013597,48.69280242919922,15.389202117919922
reaction:1742,AdBrettPhos,0,AdBrettPhos,1.542228309,5.232183456420898,13.305187225341797
reaction:1743,AdBrettPhos,0,AdBrettPhos,74.39518038,70.60200500488281,13.559450149536133
reaction:1744,AdBrettPhos,0,AdBrettPhos,76.98654081,81.14753723144531,14.175015449523926
reaction:1745,AdBrettPhos,0,AdBrettPhos,75.55480498,76.5343017578125,15.629655838012695
reaction:1746,AdBrettPhos,0,AdBrettPhos,87.36384149,84.57147216796875,14.41942024230957
reaction:1747,AdBrettPhos,0,AdBrettPhos,86.76065944,90.89686584472656,14.082246780395508
reaction:1748,AdBrettPhos,0,AdBrettPhos,11.83956232,20.53591537475586,13.646772384643555
reaction:1749,AdBrettPhos,0,AdBrettPhos,83.80386815,76.93412780761719,14.27504825592041
reaction:1750,AdBrettPhos,0,AdBrettPhos,92.12702212,89.02279663085938,13.335588455200195
reaction:1751,AdBrettPhos,0,AdBrettPhos,3.449624718,-2.2915077209472656,15.304412841796875
reaction:1752,AdBrettPhos,0,AdBrettPhos,3.932288397,2.7239112854003906,14.367667198181152
reaction:1753,AdBrettPhos,0,AdBrettPhos,5.419599738,11.127838134765625,14.34410572052002
reaction:1754,AdBrettPhos,0,AdBrettPhos,0.0,-5.500251770019531,15.312313079833984
reaction:1755,AdBrettPhos,0,AdBrettPhos,4.7783658,6.351934432983398,15.231743812561035
reaction:1756,AdBrettPhos,0,AdBrettPhos,8.071196301,14.837169647216797,16.36025047302246
reaction:1757,AdBrettPhos,0,AdBrettPhos,0.526967727,0.6068878173828125,14.413596153259277
reaction:1758,AdBrettPhos,0,AdBrettPhos,9.746425367,14.705863952636719,14.651481628417969
reaction:1759,AdBrettPhos,0,AdBrettPhos,14.43785417,25.644756317138672,15.126381874084473
reaction:1760,AdBrettPhos,0,AdBrettPhos,8.586375019,16.674846649169922,16.592914581298828
reaction:1761,AdBrettPhos,0,AdBrettPhos,11.06445724,21.556697845458984,15.482141494750977
reaction:1762,AdBrettPhos,0,AdBrettPhos,15.42196799,32.57310104370117,15.343306541442871
reaction:1763,AdBrettPhos,0,AdBrettPhos,2.238996806,0.036590576171875,14.759560585021973
reaction:1764,AdBrettPhos,0,AdBrettPhos,8.862814973999999,5.4124603271484375,15.32409381866455
reaction:1765,AdBrettPhos,0,AdBrettPhos,10.829637599999998,13.807661056518555,14.44531536102295
reaction:1766,AdBrettPhos,0,AdBrettPhos,0.432282788,-0.6792793273925781,15.182892799377441
reaction:1767,AdBrettPhos,0,AdBrettPhos,4.469322068,13.562089920043945,14.335618019104004
reaction:1768,AdBrettPhos,0,AdBrettPhos,18.53801466,25.881240844726562,14.322477340698242
reaction:1769,AdBrettPhos,0,AdBrettPhos,0.0,-3.7944984436035156,15.333195686340332
reaction:1770,AdBrettPhos,0,AdBrettPhos,3.046255894,5.380224227905273,15.217373847961426
reaction:1771,AdBrettPhos,0,AdBrettPhos,24.02218457,26.742691040039062,16.3199405670166
reaction:1772,AdBrettPhos,0,AdBrettPhos,0.0,-0.5867805480957031,13.811423301696777
reaction:1773,AdBrettPhos,0,AdBrettPhos,5.605744575,15.595134735107422,14.626412391662598
reaction:1774,AdBrettPhos,0,AdBrettPhos,39.2434395,45.843841552734375,15.145613670349121
reaction:1775,AdBrettPhos,0,AdBrettPhos,3.747141461000001,15.354389190673828,16.56623649597168
reaction:1776,AdBrettPhos,0,AdBrettPhos,6.703331473,26.551992416381836,15.352768898010254
reaction:1777,AdBrettPhos,0,AdBrettPhos,17.35228888,47.34965515136719,15.119979858398438
reaction:1778,AdBrettPhos,0,AdBrettPhos,0.0,0.5099754333496094,14.696815490722656
reaction:1779,AdBrettPhos,0,AdBrettPhos,12.57405954,26.88996124267578,15.314149856567383
reaction:1780,AdBrettPhos,0,AdBrettPhos,29.29764197,37.833984375,13.942588806152344
reaction:1781,AdBrettPhos,0,AdBrettPhos,6.92498784,7.302751541137695,15.227677345275879
reaction:1782,AdBrettPhos,0,AdBrettPhos,19.60222309,22.920120239257812,13.918657302856445
reaction:1783,AdBrettPhos,0,AdBrettPhos,43.94123378,38.44806671142578,13.908048629760742
reaction:1784,AdBrettPhos,0,AdBrettPhos,1.061200258,0.03340911865234375,15.358357429504395
reaction:1785,AdBrettPhos,0,AdBrettPhos,17.8480573,18.58761978149414,15.20328140258789
reaction:1786,AdBrettPhos,0,AdBrettPhos,39.0058585,36.41666793823242,16.335777282714844
reaction:1787,AdBrettPhos,0,AdBrettPhos,2.373221649,7.661201477050781,14.393400192260742
reaction:1788,AdBrettPhos,0,AdBrettPhos,29.36083658,35.15298080444336,14.633942604064941
reaction:1789,AdBrettPhos,0,AdBrettPhos,68.1907703,61.45176315307617,15.207301139831543
reaction:1790,AdBrettPhos,0,AdBrettPhos,29.35743486,42.29255676269531,16.572406768798828
reaction:1791,AdBrettPhos,0,AdBrettPhos,35.64598437,52.182281494140625,15.423856735229492
reaction:1792,AdBrettPhos,0,AdBrettPhos,77.54677515,75.49591064453125,15.122430801391602
reaction:1793,AdBrettPhos,0,AdBrettPhos,7.732563505,14.266258239746094,14.717124938964844
reaction:1794,AdBrettPhos,0,AdBrettPhos,36.03481726,48.08369827270508,15.303662300109863
reaction:1795,AdBrettPhos,0,AdBrettPhos,63.99072189,63.246986389160156,14.427002906799316
reaction:1796,XPhos,1,XPhos,0.0,35.24730682373047,31.207656860351562
reaction:1797,XPhos,1,XPhos,0.296524645,35.19087600708008,31.207304000854492
reaction:1798,XPhos,1,XPhos,0.0,35.88835906982422,31.206193923950195
reaction:1799,XPhos,1,XPhos,0.0,35.306400299072266,31.20802879333496
reaction:1800,XPhos,1,XPhos,0.0,35.70317840576172,31.207530975341797
reaction:1801,XPhos,1,XPhos,0.0,36.61040496826172,31.20844078063965
reaction:1802,XPhos,1,XPhos,0.0,34.531768798828125,31.20709228515625
reaction:1803,XPhos,1,XPhos,0.0,35.47214889526367,31.207157135009766
reaction:1804,XPhos,1,XPhos,0.0,36.22508239746094,31.20718765258789
reaction:1805,XPhos,1,XPhos,0.0,34.85774612426758,31.208250045776367
reaction:1806,XPhos,1,XPhos,0.0,35.060508728027344,31.20794677734375
reaction:1807,XPhos,1,XPhos,0.0,35.65627670288086,31.208019256591797
reaction:1808,XPhos,1,XPhos,0.0,35.438602447509766,31.207456588745117
reaction:1809,XPhos,1,XPhos,0.0,35.49741744995117,31.208879470825195
reaction:1810,XPhos,1,XPhos,0.0,36.71174621582031,31.20241928100586
reaction:1811,XPhos,1,XPhos,17.36491347,35.9046516418457,31.20768165588379
reaction:1812,XPhos,1,XPhos,27.46647446,36.568416595458984,31.20745277404785
reaction:1813,XPhos,1,XPhos,34.89767991,37.12421798706055,31.206302642822266
reaction:1814,XPhos,1,XPhos,0.426836265,35.67783737182617,31.20816421508789
reaction:1815,XPhos,1,XPhos,9.912732719,36.927513122558594,31.20777702331543
reaction:1816,XPhos,1,XPhos,21.7977125,37.52250289916992,31.20846176147461
reaction:1817,XPhos,1,XPhos,2.86790041,35.029624938964844,31.206546783447266
reaction:1818,XPhos,1,XPhos,34.68012306,36.8988151550293,31.207401275634766
reaction:1819,XPhos,1,XPhos,42.17741181,37.712581634521484,31.207304000854492
reaction:1820,XPhos,1,XPhos,26.14998957,35.46500015258789,31.208311080932617
reaction:1821,XPhos,1,XPhos,49.4018977,35.68512725830078,31.20796012878418
reaction:1822,XPhos,1,XPhos,40.9724255,36.05247116088867,31.207889556884766
reaction:1823,XPhos,1,XPhos,11.67138777,35.9212760925293,31.207725524902344
reaction:1824,XPhos,1,XPhos,26.55730378,37.287044525146484,31.20903968811035
reaction:1825,XPhos,1,XPhos,38.4179882,38.18065643310547,31.20183753967285
reaction:1826,XPhos,1,XPhos,18.14790513,36.58079528808594,31.207958221435547
reaction:1827,XPhos,1,XPhos,31.22142105,37.6086540222168,31.206993103027344
reaction:1828,XPhos,1,XPhos,45.90521481,38.633975982666016,31.205636978149414
reaction:1829,XPhos,1,XPhos,0.344428756,36.227630615234375,31.20792579650879
reaction:1830,XPhos,1,XPhos,6.408110436,38.08902359008789,31.207626342773438
reaction:1831,XPhos,1,XPhos,15.48048004,38.978553771972656,31.208526611328125
reaction:1832,XPhos,1,XPhos,2.68757234,35.40928268432617,31.20718002319336
reaction:1833,XPhos,1,XPhos,23.14452899,38.275203704833984,31.20740509033203
reaction:1834,XPhos,1,XPhos,50.86354716,39.351863861083984,31.20722770690918
reaction:1835,XPhos,1,XPhos,28.88381703,37.8746337890625,31.2082576751709
reaction:1836,XPhos,1,XPhos,51.52656955,38.61946105957031,31.2081241607666
reaction:1837,XPhos,1,XPhos,59.0740653,39.6086311340332,31.20806312561035
reaction:1838,XPhos,1,XPhos,8.431077782000001,36.3915901184082,31.207651138305664
reaction:1839,XPhos,1,XPhos,22.07470925,38.95021057128906,31.209009170532227
reaction:1840,XPhos,1,XPhos,34.74690376,39.975738525390625,31.20256996154785
reaction:1841,XPhos,1,XPhos,11.13292009,35.10343551635742,31.208621978759766
reaction:1842,XPhos,1,XPhos,15.0324858,35.10441970825195,31.208389282226562
reaction:1843,XPhos,1,XPhos,14.02259716,35.63890838623047,31.207351684570312
reaction:1844,XPhos,1,XPhos,3.02090007,35.15127182006836,31.209108352661133
reaction:1845,XPhos,1,XPhos,9.070205476,35.44306182861328,31.20856285095215
reaction:1846,XPhos,1,XPhos,6.9996798810000005,36.30646896362305,31.20953369140625
reaction:1847,XPhos,1,XPhos,14.86219247,34.537681579589844,31.208168029785156
reaction:1848,XPhos,1,XPhos,19.33424545,35.443294525146484,31.208288192749023
reaction:1849,XPhos,1,XPhos,12.44362591,36.072174072265625,31.208311080932617
reaction:1850,XPhos,1,XPhos,12.438351,34.73316955566406,31.209367752075195
reaction:1851,XPhos,1,XPhos,18.58444117,35.08560562133789,31.20889663696289
reaction:1852,XPhos,1,XPhos,17.39978172,35.31746292114258,31.20911979675293
reaction:1853,XPhos,1,XPhos,17.22825534,35.299903869628906,31.20853614807129
reaction:1854,XPhos,1,XPhos,8.798104801000001,35.31525421142578,31.209922790527344
reaction:1855,XPhos,1,XPhos,11.59336493,36.342811584472656,31.2028865814209
reaction:1856,XPhos,1,XPhos,2.550915003,34.60275650024414,31.20867347717285
reaction:1857,XPhos,1,XPhos,9.795326165,35.00173568725586,31.208515167236328
reaction:1858,XPhos,1,XPhos,19.55154349,35.8193359375,31.20740509033203
reaction:1859,XPhos,1,XPhos,0.0,35.013484954833984,31.20920753479004
reaction:1860,XPhos,1,XPhos,0.602239969,35.13589096069336,31.20880126953125
reaction:1861,XPhos,1,XPhos,2.613234135,36.01758575439453,31.209516525268555
reaction:1862,XPhos,1,XPhos,0.0,34.446537017822266,31.20757293701172
reaction:1863,XPhos,1,XPhos,3.339136515,34.88499450683594,31.20847511291504
reaction:1864,XPhos,1,XPhos,3.546985039,36.14468002319336,31.208389282226562
reaction:1865,XPhos,1,XPhos,10.00194934,33.35509490966797,31.20939064025879
reaction:1866,XPhos,1,XPhos,18.5257144,33.8613395690918,31.208904266357422
reaction:1867,XPhos,1,XPhos,21.49059564,34.23056411743164,31.208961486816406
reaction:1868,XPhos,1,XPhos,1.445871909,34.57929229736328,31.208765029907227
reaction:1869,XPhos,1,XPhos,0.929191796,35.2554931640625,31.210044860839844
reaction:1870,XPhos,1,XPhos,3.66151941,36.319766998291016,31.20250129699707
reaction:1871,XPhos,1,XPhos,10.78337463,35.329532623291016,31.208879470825195
reaction:1872,XPhos,1,XPhos,27.09846988,36.21295166015625,31.208005905151367
reaction:1873,XPhos,1,XPhos,23.3532112,37.20823287963867,31.206745147705078
reaction:1874,XPhos,1,XPhos,0.0,35.361968994140625,31.208942413330078
reaction:1875,XPhos,1,XPhos,5.298016227,36.1771125793457,31.20864486694336
reaction:1876,XPhos,1,XPhos,10.26938874,37.11006546020508,31.2095890045166
reaction:1877,XPhos,1,XPhos,1.52899949,34.77257537841797,31.208219528198242
reaction:1878,XPhos,1,XPhos,19.26994536,36.38187789916992,31.20841407775879
reaction:1879,XPhos,1,XPhos,30.9794262,37.64035415649414,31.208372116088867
reaction:1880,XPhos,1,XPhos,18.83260332,35.78727722167969,31.209388732910156
reaction:1881,XPhos,1,XPhos,28.69582004,36.553680419921875,31.20905113220215
reaction:1882,XPhos,1,XPhos,28.02951353,37.63832473754883,31.20907211303711
reaction:1883,XPhos,1,XPhos,4.247160433,35.323604583740234,31.20867347717285
reaction:1884,XPhos,1,XPhos,18.76658525,36.69432830810547,31.20995330810547
reaction:1885,XPhos,1,XPhos,26.7561311,37.8653564453125,31.203277587890625
reaction:1886,XPhos,1,XPhos,0.522267307,35.238338470458984,31.2097110748291
reaction:1887,XPhos,1,XPhos,0.0,35.08295440673828,31.209501266479492
reaction:1888,XPhos,1,XPhos,0.0,35.52448272705078,31.208419799804688
reaction:1889,XPhos,1,XPhos,0.0,35.415828704833984,31.210195541381836
reaction:1890,XPhos,1,XPhos,0.0,35.411991119384766,31.20961570739746
reaction:1891,XPhos,1,XPhos,0.0,36.1381950378418,31.210582733154297
reaction:1892,XPhos,1,XPhos,0.0,34.709938049316406,31.209245681762695
reaction:1893,XPhos,1,XPhos,0.0,35.13593292236328,31.20931625366211
reaction:1894,XPhos,1,XPhos,0.0,35.703216552734375,31.209381103515625
reaction:1895,XPhos,1,XPhos,0.0,34.42790985107422,31.210447311401367
reaction:1896,XPhos,1,XPhos,0.0,34.530643463134766,31.21002197265625
reaction:1897,XPhos,1,XPhos,0.0,34.96579360961914,31.21016502380371
reaction:1898,XPhos,1,XPhos,0.0,35.37477111816406,31.209579467773438
reaction:1899,XPhos,1,XPhos,0.0,34.904930114746094,31.211009979248047
reaction:1900,XPhos,1,XPhos,0.0,36.04728317260742,31.20400619506836
reaction:1901,XPhos,1,XPhos,0.7575191240000001,35.16553497314453,31.20972442626953
reaction:1902,XPhos,1,XPhos,0.5467913839999999,35.26609420776367,31.209632873535156
reaction:1903,XPhos,1,XPhos,0.70766924,35.73069381713867,31.20848274230957
reaction:1904,XPhos,1,XPhos,0.0,35.50996780395508,31.210283279418945
reaction:1905,XPhos,1,XPhos,0.0,35.47241973876953,31.209848403930664
reaction:1906,XPhos,1,XPhos,1.933202382,35.89455032348633,31.21059799194336
reaction:1907,XPhos,1,XPhos,0.0,34.897430419921875,31.208656311035156
reaction:1908,XPhos,1,XPhos,1.204026973,34.95598602294922,31.209550857543945
reaction:1909,XPhos,1,XPhos,0.602410789,35.60169982910156,31.20947265625
reaction:1910,XPhos,1,XPhos,0.0,33.496238708496094,31.210533142089844
reaction:1911,XPhos,1,XPhos,1.437346554,33.6775016784668,31.209983825683594
reaction:1912,XPhos,1,XPhos,1.530768374,33.91273498535156,31.21006202697754
reaction:1913,XPhos,1,XPhos,0.0,35.07744216918945,31.209819793701172
reaction:1914,XPhos,1,XPhos,0.0,34.96209716796875,31.211088180541992
reaction:1915,XPhos,1,XPhos,0.027450906,35.92305374145508,31.203611373901367
reaction:1916,XPhos,1,XPhos,16.82018282,35.91579818725586,31.21001434326172
reaction:1917,XPhos,1,XPhos,21.42393699,36.40066146850586,31.209135055541992
reaction:1918,XPhos,1,XPhos,19.15166059,37.06521224975586,31.207862854003906
reaction:1919,XPhos,1,XPhos,0.423167396,35.771385192871094,31.210065841674805
reaction:1920,XPhos,1,XPhos,4.73013199,36.34409713745117,31.20977020263672
reaction:1921,XPhos,1,XPhos,9.35930625,37.076839447021484,31.210702896118164
reaction:1922,XPhos,1,XPhos,3.525705852,35.1970329284668,31.20935821533203
reaction:1923,XPhos,1,XPhos,17.85871647,36.171592712402344,31.209531784057617
reaction:1924,XPhos,1,XPhos,21.48672588,37.142757415771484,31.209484100341797
reaction:1925,XPhos,1,XPhos,7.156167612999999,35.738853454589844,31.210535049438477
reaction:1926,XPhos,1,XPhos,11.85200713,36.33199691772461,31.21021270751953
reaction:1927,XPhos,1,XPhos,13.49999802,37.263877868652344,31.2101993560791
reaction:1928,XPhos,1,XPhos,4.333466821,35.79291534423828,31.209802627563477
reaction:1929,XPhos,1,XPhos,12.51722888,36.24610137939453,31.211074829101562
reaction:1930,XPhos,1,XPhos,18.54827099,37.548583984375,31.20446014404297
reaction:1931,XPhos,1,XPhos,16.76617673,34.27797317504883,31.209705352783203
reaction:1932,XPhos,1,XPhos,27.47304315,34.39556884765625,31.209278106689453
reaction:1933,XPhos,1,XPhos,35.89724622,35.34176254272461,31.208131790161133
reaction:1934,XPhos,1,XPhos,0.8503584259999999,34.110015869140625,31.209962844848633
reaction:1935,XPhos,1,XPhos,9.607508599,34.77424621582031,31.20944595336914
reaction:1936,XPhos,1,XPhos,11.82938133,35.81826400756836,31.210351943969727
reaction:1937,XPhos,1,XPhos,8.822068949,33.40810775756836,31.209026336669922
reaction:1938,XPhos,1,XPhos,25.87549138,35.037601470947266,31.2089900970459
reaction:1939,XPhos,1,XPhos,34.29689514,36.008277893066406,31.209081649780273
reaction:1940,XPhos,1,XPhos,17.200701000000002,34.039161682128906,31.21016502380371
reaction:1941,XPhos,1,XPhos,24.04057337,34.45298385620117,31.209930419921875
reaction:1942,XPhos,1,XPhos,23.94536549,35.172637939453125,31.209896087646484
reaction:1943,XPhos,1,XPhos,15.22072074,34.526065826416016,31.20929527282715
reaction:1944,XPhos,1,XPhos,20.45508721,35.09857177734375,31.21088409423828
reaction:1945,XPhos,1,XPhos,28.5480245,37.072906494140625,31.20462989807129
reaction:1946,XPhos,1,XPhos,13.87079949,34.41096878051758,31.20956802368164
reaction:1947,XPhos,1,XPhos,22.22290277,34.873626708984375,31.209264755249023
reaction:1948,XPhos,1,XPhos,26.64038865,35.7342643737793,31.20805549621582
reaction:1949,XPhos,1,XPhos,0.0,34.435791015625,31.209962844848633
reaction:1950,XPhos,1,XPhos,1.629425083,34.92951583862305,31.209611892700195
reaction:1951,XPhos,1,XPhos,2.128691227,35.67589569091797,31.210256576538086
reaction:1952,XPhos,1,XPhos,2.570236026,33.816566467285156,31.20836639404297
reaction:1953,XPhos,1,XPhos,8.384736601,34.915958404541016,31.209163665771484
reaction:1954,XPhos,1,XPhos,11.20904607,35.8741569519043,31.209033966064453
reaction:1955,XPhos,1,XPhos,6.819997972,33.08403015136719,31.210086822509766
reaction:1956,XPhos,1,XPhos,13.1450619,33.5444221496582,31.209827423095703
reaction:1957,XPhos,1,XPhos,12.68763797,34.051055908203125,31.209688186645508
reaction:1958,XPhos,1,XPhos,3.235819119,34.2935791015625,31.209501266479492
reaction:1959,XPhos,1,XPhos,5.972926182,35.20355987548828,31.210893630981445
reaction:1960,XPhos,1,XPhos,8.041639597,36.7804069519043,31.204105377197266
reaction:1961,XPhos,1,XPhos,18.97711675,34.9196662902832,31.209836959838867
reaction:1962,XPhos,1,XPhos,28.60232004,35.726688385009766,31.208913803100586
reaction:1963,XPhos,1,XPhos,40.27113975,36.955318450927734,31.207530975341797
reaction:1964,XPhos,1,XPhos,0.0,34.655418395996094,31.209848403930664
reaction:1965,XPhos,1,XPhos,1.79441071,35.86060333251953,31.20952796936035
reaction:1966,XPhos,1,XPhos,2.066222749,36.87327575683594,31.210426330566406
reaction:1967,XPhos,1,XPhos,5.163801227,33.94313049316406,31.209091186523438
reaction:1968,XPhos,1,XPhos,11.8907701,36.131046295166016,31.209306716918945
reaction:1969,XPhos,1,XPhos,29.83775681,37.421043395996094,31.20911979675293
reaction:1970,XPhos,1,XPhos,16.58042552,35.47312927246094,31.210195541381836
reaction:1971,XPhos,1,XPhos,26.94242513,36.25905990600586,31.21002197265625
reaction:1972,XPhos,1,XPhos,27.31009438,37.53789138793945,31.209983825683594
reaction:1973,XPhos,1,XPhos,5.543745956,34.64411544799805,31.209545135498047
reaction:1974,XPhos,1,XPhos,10.25341715,36.26416015625,31.21090316772461
reaction:1975,XPhos,1,XPhos,14.86685885,38.20518112182617,31.204565048217773
reaction:1976,t-BuXPhos,3,t-BuXPhos,0.0,23.21475601196289,25.444440841674805
reaction:1977,t-BuXPhos,3,t-BuXPhos,0.0,24.903085708618164,25.45450210571289
reaction:1978,t-BuXPhos,3,t-BuXPhos,0.0,25.105064392089844,25.449432373046875
reaction:1979,t-BuXPhos,3,t-BuXPhos,0.0,20.611499786376953,25.428701400756836
reaction:1980,t-BuXPhos,3,t-BuXPhos,0.8010865229999999,23.929412841796875,25.435441970825195
reaction:1981,t-BuXPhos,3,t-BuXPhos,2.97427716,21.42729949951172,25.448373794555664
reaction:1982,t-BuXPhos,3,t-BuXPhos,0.0,25.517141342163086,25.385751724243164
reaction:1983,t-BuXPhos,3,t-BuXPhos,1.599458738,29.106609344482422,25.400503158569336
reaction:1984,t-BuXPhos,3,t-BuXPhos,2.601590615,26.860877990722656,25.469511032104492
reaction:1985,t-BuXPhos,3,t-BuXPhos,3.510094374,29.89683723449707,25.44872283935547
reaction:1986,t-BuXPhos,3,t-BuXPhos,8.008432112000001,30.2427921295166,25.438444137573242
reaction:1987,t-BuXPhos,3,t-BuXPhos,9.011992674,31.97527313232422,25.445112228393555
reaction:1988,t-BuXPhos,3,t-BuXPhos,0.0,23.020509719848633,25.413827896118164
reaction:1989,t-BuXPhos,3,t-BuXPhos,0.0,25.778745651245117,25.457382202148438
reaction:1990,t-BuXPhos,3,t-BuXPhos,1.171055965,23.030696868896484,25.311582565307617
reaction:1991,t-BuXPhos,3,t-BuXPhos,24.21309665,29.498104095458984,25.45121192932129
reaction:1992,t-BuXPhos,3,t-BuXPhos,35.9238924,33.53801345825195,25.451021194458008
reaction:1993,t-BuXPhos,3,t-BuXPhos,35.32665147,32.77717590332031,25.445249557495117
reaction:1994,t-BuXPhos,3,t-BuXPhos,0.5535074839999999,24.807069778442383,25.436782836914062
reaction:1995,t-BuXPhos,3,t-BuXPhos,36.52871122,30.915145874023438,25.44278907775879
reaction:1996,t-BuXPhos,3,t-BuXPhos,40.65115531,30.668846130371094,25.446012496948242
reaction:1997,t-BuXPhos,3,t-BuXPhos,2.408749938,28.413188934326172,25.38157081604004
reaction:1998,t-BuXPhos,3,t-BuXPhos,56.843372200000005,39.551513671875,25.40020751953125
reaction:1999,t-BuXPhos,3,t-BuXPhos,58.99233401,38.85577392578125,25.465389251708984
reaction:2000,t-BuXPhos,3,t-BuXPhos,60.26102193,43.9734992980957,25.445863723754883
reaction:2001,t-BuXPhos,3,t-BuXPhos,60.25206697,45.08857345581055,25.44130516052246
reaction:2002,t-BuXPhos,3,t-BuXPhos,63.42879895,45.68352508544922,25.443517684936523
reaction:2003,t-BuXPhos,3,t-BuXPhos,25.82773903,29.760704040527344,25.409465789794922
reaction:2004,t-BuXPhos,3,t-BuXPhos,60.28357539,39.272071838378906,25.45378303527832
reaction:2005,t-BuXPhos,3,t-BuXPhos,61.92858478,36.98783493041992,25.281824111938477
reaction:2006,t-BuXPhos,3,t-BuXPhos,28.132793300000003,28.68598175048828,25.448034286499023
reaction:2007,t-BuXPhos,3,t-BuXPhos,40.09723237,31.568450927734375,25.45203399658203
reaction:2008,t-BuXPhos,3,t-BuXPhos,48.69500261,31.733997344970703,25.448200225830078
reaction:2009,t-BuXPhos,3,t-BuXPhos,0.723968187,23.171852111816406,25.431711196899414
reaction:2010,t-BuXPhos,3,t-BuXPhos,51.38895599,31.373859405517578,25.438568115234375
reaction:2011,t-BuXPhos,3,t-BuXPhos,56.62080434,29.477130889892578,25.450162887573242
reaction:2012,t-BuXPhos,3,t-BuXPhos,2.853941347,27.835247039794922,25.38786506652832
reaction:2013,t-BuXPhos,3,t-BuXPhos,73.31932313,41.14997482299805,25.40243911743164
reaction:2014,t-BuXPhos,3,t-BuXPhos,74.44046437,38.496978759765625,25.468233108520508
reaction:2015,t-BuXPhos,3,t-BuXPhos,81.53694628,44.968017578125,25.443382263183594
reaction:2016,t-BuXPhos,3,t-BuXPhos,85.40177854,44.68892288208008,25.440818786621094
reaction:2017,t-BuXPhos,3,t-BuXPhos,88.51390693,42.61851501464844,25.443321228027344
reaction:2018,t-BuXPhos,3,t-BuXPhos,31.87466664,29.287851333618164,25.407901763916016
reaction:2019,t-BuXPhos,3,t-BuXPhos,85.8122803,42.10386276245117,25.45694923400879
reaction:2020,t-BuXPhos,3,t-BuXPhos,83.31333267,38.734397888183594,25.311983108520508
reaction:2021,t-BuXPhos,3,t-BuXPhos,13.02655322,29.055519104003906,25.513229370117188
reaction:2022,t-BuXPhos,3,t-BuXPhos,16.09836574,30.030550003051758,25.52356719970703
reaction:2023,t-BuXPhos,3,t-BuXPhos,15.87410565,29.558305740356445,25.518129348754883
reaction:2024,t-BuXPhos,3,t-BuXPhos,1.879419954,25.026851654052734,25.498083114624023
reaction:2025,t-BuXPhos,3,t-BuXPhos,14.85699263,29.554908752441406,25.505035400390625
reaction:2026,t-BuXPhos,3,t-BuXPhos,19.37897224,28.03804588317871,25.517345428466797
reaction:2027,t-BuXPhos,3,t-BuXPhos,4.57865157,29.266263961791992,25.453887939453125
reaction:2028,t-BuXPhos,3,t-BuXPhos,22.0084522,33.10007858276367,25.469181060791016
reaction:2029,t-BuXPhos,3,t-BuXPhos,22.22340072,33.31966781616211,25.53805923461914
reaction:2030,t-BuXPhos,3,t-BuXPhos,21.68221926,35.30393981933594,25.516864776611328
reaction:2031,t-BuXPhos,3,t-BuXPhos,35.06478929,36.489234924316406,25.50606346130371
reaction:2032,t-BuXPhos,3,t-BuXPhos,30.72459608,37.760257720947266,25.51299285888672
reaction:2033,t-BuXPhos,3,t-BuXPhos,10.88472418,28.88615608215332,25.481740951538086
reaction:2034,t-BuXPhos,3,t-BuXPhos,21.37540077,30.565282821655273,25.526691436767578
reaction:2035,t-BuXPhos,3,t-BuXPhos,23.67114189,28.467947006225586,25.38052749633789
reaction:2036,t-BuXPhos,3,t-BuXPhos,0.7474117720000001,27.92030143737793,25.521028518676758
reaction:2037,t-BuXPhos,3,t-BuXPhos,9.794715203,29.684322357177734,25.52066421508789
reaction:2038,t-BuXPhos,3,t-BuXPhos,23.9717282,30.606916427612305,25.514503479003906
reaction:2039,t-BuXPhos,3,t-BuXPhos,0.0,24.231521606445312,25.506437301635742
reaction:2040,t-BuXPhos,3,t-BuXPhos,6.683677134,27.02263641357422,25.512981414794922
reaction:2041,t-BuXPhos,3,t-BuXPhos,25.46788478,29.41640853881836,25.515703201293945
reaction:2042,t-BuXPhos,3,t-BuXPhos,0.0,26.805965423583984,25.45066261291504
reaction:2043,t-BuXPhos,3,t-BuXPhos,14.43583555,31.502452850341797,25.46926498413086
reaction:2044,t-BuXPhos,3,t-BuXPhos,41.96736477,35.73249053955078,25.534276962280273
reaction:2045,t-BuXPhos,3,t-BuXPhos,12.36409536,37.15066146850586,25.51453971862793
reaction:2046,t-BuXPhos,3,t-BuXPhos,33.74087377,39.214595794677734,25.509788513183594
reaction:2047,t-BuXPhos,3,t-BuXPhos,44.53583158,42.602142333984375,25.512155532836914
reaction:2048,t-BuXPhos,3,t-BuXPhos,0.0,27.57415008544922,25.477455139160156
reaction:2049,t-BuXPhos,3,t-BuXPhos,30.43973822,32.838043212890625,25.523418426513672
reaction:2050,t-BuXPhos,3,t-BuXPhos,39.10680932,32.1361198425293,25.352508544921875
reaction:2051,t-BuXPhos,3,t-BuXPhos,22.894141,30.928564071655273,25.51800537109375
reaction:2052,t-BuXPhos,3,t-BuXPhos,27.11496768,31.97038459777832,25.523067474365234
reaction:2053,t-BuXPhos,3,t-BuXPhos,41.66866973,32.16986083984375,25.518268585205078
reaction:2054,t-BuXPhos,3,t-BuXPhos,2.863405084,24.951133728027344,25.502050399780273
reaction:2055,t-BuXPhos,3,t-BuXPhos,21.62255716,30.716472625732422,25.50959014892578
reaction:2056,t-BuXPhos,3,t-BuXPhos,35.07362546,29.77199363708496,25.520671844482422
reaction:2057,t-BuXPhos,3,t-BuXPhos,13.56968075,29.17350959777832,25.457229614257812
reaction:2058,t-BuXPhos,3,t-BuXPhos,44.17785429999999,37.41596603393555,25.472423553466797
reaction:2059,t-BuXPhos,3,t-BuXPhos,61.501693200000005,38.125850677490234,25.53811264038086
reaction:2060,t-BuXPhos,3,t-BuXPhos,48.36115435,41.70842742919922,25.513086318969727
reaction:2061,t-BuXPhos,3,t-BuXPhos,61.11611165,41.46261978149414,25.510528564453125
reaction:2062,t-BuXPhos,3,t-BuXPhos,70.86807008,43.30624008178711,25.513004302978516
reaction:2063,t-BuXPhos,3,t-BuXPhos,39.35843617,31.252681732177734,25.4776668548584
reaction:2064,t-BuXPhos,3,t-BuXPhos,54.8424453,38.18699645996094,25.527538299560547
reaction:2065,t-BuXPhos,3,t-BuXPhos,60.06619639,35.89134979248047,25.38254165649414
reaction:2066,t-BuXPhos,3,t-BuXPhos,1.009269411,25.257278442382812,25.514739990234375
reaction:2067,t-BuXPhos,3,t-BuXPhos,5.034974824,26.975387573242188,25.524179458618164
reaction:2068,t-BuXPhos,3,t-BuXPhos,4.765281768,25.46304702758789,25.51935386657715
reaction:2069,t-BuXPhos,3,t-BuXPhos,0.359225753,22.772790908813477,25.49981689453125
reaction:2070,t-BuXPhos,3,t-BuXPhos,4.621114909,25.488372802734375,25.50600242614746
reaction:2071,t-BuXPhos,3,t-BuXPhos,3.876829723,23.160316467285156,25.518386840820312
reaction:2072,t-BuXPhos,3,t-BuXPhos,0.400015161,27.643503189086914,25.455535888671875
reaction:2073,t-BuXPhos,3,t-BuXPhos,5.425616594,29.334449768066406,25.470232009887695
reaction:2074,t-BuXPhos,3,t-BuXPhos,8.36792795,26.946876525878906,25.53883171081543
reaction:2075,t-BuXPhos,3,t-BuXPhos,3.451949517,30.21546745300293,25.51823616027832
reaction:2076,t-BuXPhos,3,t-BuXPhos,4.84059533,30.43286895751953,25.50663185119629
reaction:2077,t-BuXPhos,3,t-BuXPhos,10.03634536,30.525508880615234,25.514623641967773
reaction:2078,t-BuXPhos,3,t-BuXPhos,1.309393322,25.33279800415039,25.483491897583008
reaction:2079,t-BuXPhos,3,t-BuXPhos,2.689766175,26.95241355895996,25.527713775634766
reaction:2080,t-BuXPhos,3,t-BuXPhos,4.416019864,23.7009220123291,25.3814754486084
reaction:2081,t-BuXPhos,3,t-BuXPhos,0.0,24.26716423034668,25.524320602416992
reaction:2082,t-BuXPhos,3,t-BuXPhos,1.785587557,25.84299087524414,25.524032592773438
reaction:2083,t-BuXPhos,3,t-BuXPhos,3.141934656,24.756166458129883,25.518352508544922
reaction:2084,t-BuXPhos,3,t-BuXPhos,0.0,21.243364334106445,25.510244369506836
reaction:2085,t-BuXPhos,3,t-BuXPhos,0.74784749,23.103635787963867,25.515989303588867
reaction:2086,t-BuXPhos,3,t-BuXPhos,2.732925094,22.88474464416504,25.5191707611084
reaction:2087,t-BuXPhos,3,t-BuXPhos,0.518126221,24.28353500366211,25.453996658325195
reaction:2088,t-BuXPhos,3,t-BuXPhos,2.39251025,27.522937774658203,25.47271728515625
reaction:2089,t-BuXPhos,3,t-BuXPhos,6.363967977000001,27.12246322631836,25.537464141845703
reaction:2090,t-BuXPhos,3,t-BuXPhos,1.986478634,32.39809036254883,25.518463134765625
reaction:2091,t-BuXPhos,3,t-BuXPhos,6.315944702,33.56036376953125,25.513225555419922
reaction:2092,t-BuXPhos,3,t-BuXPhos,8.140819585,33.812896728515625,25.516307830810547
reaction:2093,t-BuXPhos,3,t-BuXPhos,0.0,24.49626350402832,25.482351303100586
reaction:2094,t-BuXPhos,3,t-BuXPhos,2.39840777,27.922393798828125,25.526824951171875
reaction:2095,t-BuXPhos,3,t-BuXPhos,3.973986769,25.157184600830078,25.355077743530273
reaction:2096,t-BuXPhos,3,t-BuXPhos,21.36830036,28.348228454589844,25.519512176513672
reaction:2097,t-BuXPhos,3,t-BuXPhos,21.54675104,28.79604721069336,25.524038314819336
reaction:2098,t-BuXPhos,3,t-BuXPhos,23.06691402,27.244911193847656,25.519908905029297
reaction:2099,t-BuXPhos,3,t-BuXPhos,2.7209239710000004,22.795238494873047,25.503999710083008
reaction:2100,t-BuXPhos,3,t-BuXPhos,15.47495789,26.737070083618164,25.51024627685547
reaction:2101,t-BuXPhos,3,t-BuXPhos,19.40320705,24.87996482849121,25.521793365478516
reaction:2102,t-BuXPhos,3,t-BuXPhos,14.32160153,28.02631187438965,25.458694458007812
reaction:2103,t-BuXPhos,3,t-BuXPhos,28.13311375,33.17705535888672,25.473831176757812
reaction:2104,t-BuXPhos,3,t-BuXPhos,30.76250124,31.178890228271484,25.539409637451172
reaction:2105,t-BuXPhos,3,t-BuXPhos,40.21576406,37.509681701660156,25.514610290527344
reaction:2106,t-BuXPhos,3,t-BuXPhos,46.05681806,36.83158874511719,25.511526107788086
reaction:2107,t-BuXPhos,3,t-BuXPhos,51.15306518,35.003318786621094,25.51473617553711
reaction:2108,t-BuXPhos,3,t-BuXPhos,30.05876834,30.50674057006836,25.47989845275879
reaction:2109,t-BuXPhos,3,t-BuXPhos,30.11566658,33.920249938964844,25.528776168823242
reaction:2110,t-BuXPhos,3,t-BuXPhos,33.8132368,30.739459991455078,25.384061813354492
reaction:2111,t-BuXPhos,3,t-BuXPhos,20.05913492,35.74108123779297,25.523456573486328
reaction:2112,t-BuXPhos,3,t-BuXPhos,34.2208852,39.151798248291016,25.532737731933594
reaction:2113,t-BuXPhos,3,t-BuXPhos,40.30244069,39.301639556884766,25.52775764465332
reaction:2114,t-BuXPhos,3,t-BuXPhos,1.194006928,30.55710792541504,25.507888793945312
reaction:2115,t-BuXPhos,3,t-BuXPhos,27.35092133,36.20262908935547,25.514225006103516
reaction:2116,t-BuXPhos,3,t-BuXPhos,26.91242644,34.164302825927734,25.52680778503418
reaction:2117,t-BuXPhos,3,t-BuXPhos,5.628261366,35.818016052246094,25.464305877685547
reaction:2118,t-BuXPhos,3,t-BuXPhos,51.85571731,44.3339958190918,25.479154586791992
reaction:2119,t-BuXPhos,3,t-BuXPhos,49.62220517,42.264652252197266,25.5476131439209
reaction:2120,t-BuXPhos,3,t-BuXPhos,53.94447324,47.549686431884766,25.526714324951172
reaction:2121,t-BuXPhos,3,t-BuXPhos,65.48767084,49.01647186279297,25.516481399536133
reaction:2122,t-BuXPhos,3,t-BuXPhos,66.1445595,47.85910415649414,25.522918701171875
reaction:2123,t-BuXPhos,3,t-BuXPhos,38.1181996,39.87297058105469,25.49220848083496
reaction:2124,t-BuXPhos,3,t-BuXPhos,64.2716813,46.25133514404297,25.536035537719727
reaction:2125,t-BuXPhos,3,t-BuXPhos,65.73471929,42.40336990356445,25.390016555786133
reaction:2126,t-BuXPhos,3,t-BuXPhos,18.75584418,32.37263870239258,25.53120231628418
reaction:2127,t-BuXPhos,3,t-BuXPhos,28.59018557,36.13165283203125,25.531482696533203
reaction:2128,t-BuXPhos,3,t-BuXPhos,31.83731475,35.57365417480469,25.525657653808594
reaction:2129,t-BuXPhos,3,t-BuXPhos,0.7070455170000001,26.614389419555664,25.51744842529297
reaction:2130,t-BuXPhos,3,t-BuXPhos,13.25145725,30.73417854309082,25.523305892944336
reaction:2131,t-BuXPhos,3,t-BuXPhos,15.92909866,30.91868019104004,25.52657127380371
reaction:2132,t-BuXPhos,3,t-BuXPhos,4.0644436960000005,30.880678176879883,25.461671829223633
reaction:2133,t-BuXPhos,3,t-BuXPhos,32.63137063,39.83210372924805,25.48068618774414
reaction:2134,t-BuXPhos,3,t-BuXPhos,32.03830806,39.051448822021484,25.545473098754883
reaction:2135,t-BuXPhos,3,t-BuXPhos,38.03832948,45.94820022583008,25.525667190551758
reaction:2136,t-BuXPhos,3,t-BuXPhos,50.50908656,48.0294189453125,25.521156311035156
reaction:2137,t-BuXPhos,3,t-BuXPhos,46.64490818,47.69203186035156,25.523704528808594
reaction:2138,t-BuXPhos,3,t-BuXPhos,27.15209242,35.662052154541016,25.489826202392578
reaction:2139,t-BuXPhos,3,t-BuXPhos,46.97084661,43.904598236083984,25.534460067749023
reaction:2140,t-BuXPhos,3,t-BuXPhos,47.28268345,40.273983001708984,25.36235809326172
reaction:2141,t-BuXPhos,3,t-BuXPhos,29.17558441,34.69193649291992,25.528854370117188
reaction:2142,t-BuXPhos,3,t-BuXPhos,36.5598853,37.176395416259766,25.533151626586914
reaction:2143,t-BuXPhos,3,t-BuXPhos,49.46796695,37.15629959106445,25.529266357421875
reaction:2144,t-BuXPhos,3,t-BuXPhos,1.858400826,27.590288162231445,25.513179779052734
reaction:2145,t-BuXPhos,3,t-BuXPhos,31.25713511,34.148399353027344,25.51993751525879
reaction:2146,t-BuXPhos,3,t-BuXPhos,34.0355551,32.71173095703125,25.53150177001953
reaction:2147,t-BuXPhos,3,t-BuXPhos,11.31698923,33.16351318359375,25.4688720703125
reaction:2148,t-BuXPhos,3,t-BuXPhos,62.64758393,44.736114501953125,25.483671188354492
reaction:2149,t-BuXPhos,3,t-BuXPhos,60.28741502,42.29702377319336,25.5489559173584
reaction:2150,t-BuXPhos,3,t-BuXPhos,77.39811795,51.09959030151367,25.523902893066406
reaction:2151,t-BuXPhos,3,t-BuXPhos,83.68183531,51.260677337646484,25.521455764770508
reaction:2152,t-BuXPhos,3,t-BuXPhos,84.53852223,48.74897766113281,25.524124145507812
reaction:2153,t-BuXPhos,3,t-BuXPhos,49.15752148,39.52106475830078,25.489063262939453
reaction:2154,t-BuXPhos,3,t-BuXPhos,76.23035085,48.557525634765625,25.538440704345703
reaction:2155,t-BuXPhos,3,t-BuXPhos,75.20935081,44.49494171142578,25.393157958984375
reaction:2156,t-BuBrettPhos,2,t-BuBrettPhos,0.0,-8.218782424926758,14.249553680419922
reaction:2157,t-BuBrettPhos,2,t-BuBrettPhos,0.0,-1.9113407135009766,13.28323745727539
reaction:2158,t-BuBrettPhos,2,t-BuBrettPhos,10.5253011,5.749357223510742,13.151360511779785
reaction:2159,t-BuBrettPhos,2,t-BuBrettPhos,0.0,-10.605581283569336,14.385159492492676
reaction:2160,t-BuBrettPhos,2,t-BuBrettPhos,0.0,6.1340179443359375,14.435449600219727
reaction:2161,t-BuBrettPhos,2,t-BuBrettPhos,2.458138496,10.73005485534668,14.423234939575195
reaction:2162,t-BuBrettPhos,2,t-BuBrettPhos,9.08121194,-10.247995376586914,13.284808158874512
reaction:2163,t-BuBrettPhos,2,t-BuBrettPhos,9.636653904,14.602998733520508,13.542908668518066
reaction:2164,t-BuBrettPhos,2,t-BuBrettPhos,10.37235966,18.87596893310547,14.217596054077148
reaction:2165,t-BuBrettPhos,2,t-BuBrettPhos,1.660025621,17.112472534179688,14.870301246643066
reaction:2166,t-BuBrettPhos,2,t-BuBrettPhos,2.145304957,18.35689926147461,14.448250770568848
reaction:2167,t-BuBrettPhos,2,t-BuBrettPhos,27.04583578,25.546607971191406,14.00456714630127
reaction:2168,t-BuBrettPhos,2,t-BuBrettPhos,0.0,-7.060712814331055,14.001011848449707
reaction:2169,t-BuBrettPhos,2,t-BuBrettPhos,0.0,7.593618392944336,15.471659660339355
reaction:2170,t-BuBrettPhos,2,t-BuBrettPhos,0.0,15.260566711425781,14.052802085876465
reaction:2171,t-BuBrettPhos,2,t-BuBrettPhos,15.09367159,15.275856018066406,14.29894733428955
reaction:2172,t-BuBrettPhos,2,t-BuBrettPhos,34.51239146,32.67096710205078,13.2871732711792
reaction:2173,t-BuBrettPhos,2,t-BuBrettPhos,35.6149447,38.55425262451172,13.15517520904541
reaction:2174,t-BuBrettPhos,2,t-BuBrettPhos,0.438548426,6.728494644165039,14.37360954284668
reaction:2175,t-BuBrettPhos,2,t-BuBrettPhos,31.2588772,31.85696792602539,14.427312850952148
reaction:2176,t-BuBrettPhos,2,t-BuBrettPhos,34.24307349,40.40552520751953,14.447328567504883
reaction:2177,t-BuBrettPhos,2,t-BuBrettPhos,6.866213056,6.481189727783203,12.654763221740723
reaction:2178,t-BuBrettPhos,2,t-BuBrettPhos,62.44858365,46.234657287597656,13.618317604064941
reaction:2179,t-BuBrettPhos,2,t-BuBrettPhos,65.94190973,59.35024642944336,14.349597930908203
reaction:2180,t-BuBrettPhos,2,t-BuBrettPhos,58.32558385,38.549171447753906,14.88749885559082
reaction:2181,t-BuBrettPhos,2,t-BuBrettPhos,60.47798465,42.1453971862793,14.433375358581543
reaction:2182,t-BuBrettPhos,2,t-BuBrettPhos,63.18914382,50.580726623535156,14.041223526000977
reaction:2183,t-BuBrettPhos,2,t-BuBrettPhos,18.36789148,16.050155639648438,14.052484512329102
reaction:2184,t-BuBrettPhos,2,t-BuBrettPhos,59.7949718,55.55530548095703,15.434784889221191
reaction:2185,t-BuBrettPhos,2,t-BuBrettPhos,64.64035682,59.9885368347168,14.126026153564453
reaction:2186,t-BuBrettPhos,2,t-BuBrettPhos,17.38451108,22.237384796142578,14.182502746582031
reaction:2187,t-BuBrettPhos,2,t-BuBrettPhos,38.46400948,43.02799606323242,12.724258422851562
reaction:2188,t-BuBrettPhos,2,t-BuBrettPhos,51.11682644,55.02444839477539,12.721083641052246
reaction:2189,t-BuBrettPhos,2,t-BuBrettPhos,0.578158424,10.724493026733398,14.273425102233887
reaction:2190,t-BuBrettPhos,2,t-BuBrettPhos,45.97256872,47.970497131347656,14.407268524169922
reaction:2191,t-BuBrettPhos,2,t-BuBrettPhos,47.70226953,55.36351776123047,14.469366073608398
reaction:2192,t-BuBrettPhos,2,t-BuBrettPhos,7.228003442999999,10.69528579711914,13.288068771362305
reaction:2193,t-BuBrettPhos,2,t-BuBrettPhos,79.8902752,67.91665649414062,13.56137466430664
reaction:2194,t-BuBrettPhos,2,t-BuBrettPhos,80.5818059,78.60511016845703,14.365421295166016
reaction:2195,t-BuBrettPhos,2,t-BuBrettPhos,84.93002270000001,74.26547241210938,14.925691604614258
reaction:2196,t-BuBrettPhos,2,t-BuBrettPhos,89.419451,81.26628875732422,14.360115051269531
reaction:2197,t-BuBrettPhos,2,t-BuBrettPhos,89.55924552,92.5364990234375,14.05408000946045
reaction:2198,t-BuBrettPhos,2,t-BuBrettPhos,13.66378067,21.321487426757812,14.081048965454102
reaction:2199,t-BuBrettPhos,2,t-BuBrettPhos,86.89971677,80.81051635742188,15.464375495910645
reaction:2200,t-BuBrettPhos,2,t-BuBrettPhos,87.237545,86.91024780273438,14.100298881530762
reaction:2201,t-BuBrettPhos,2,t-BuBrettPhos,11.30133212,2.5010643005371094,16.379070281982422
reaction:2202,t-BuBrettPhos,2,t-BuBrettPhos,10.82736056,6.801616668701172,15.536572456359863
reaction:2203,t-BuBrettPhos,2,t-BuBrettPhos,12.11048821,11.301267623901367,15.420182228088379
reaction:2204,t-BuBrettPhos,2,t-BuBrettPhos,1.03540736,-0.6447925567626953,16.487384796142578
reaction:2205,t-BuBrettPhos,2,t-BuBrettPhos,15.16491224,12.407831192016602,16.530298233032227
reaction:2206,t-BuBrettPhos,2,t-BuBrettPhos,19.46778248,17.493526458740234,16.517621994018555
reaction:2207,t-BuBrettPhos,2,t-BuBrettPhos,8.038113026,0.8165340423583984,15.534743309020996
reaction:2208,t-BuBrettPhos,2,t-BuBrettPhos,23.73944169,19.350616455078125,15.759258270263672
reaction:2209,t-BuBrettPhos,2,t-BuBrettPhos,30.46158728,26.055465698242188,16.33114242553711
reaction:2210,t-BuBrettPhos,2,t-BuBrettPhos,24.62070452,22.623798370361328,16.898256301879883
reaction:2211,t-BuBrettPhos,2,t-BuBrettPhos,28.5763008,24.805986404418945,16.548105239868164
reaction:2212,t-BuBrettPhos,2,t-BuBrettPhos,36.14968182,29.887365341186523,16.149213790893555
reaction:2213,t-BuBrettPhos,2,t-BuBrettPhos,13.71916528,3.453153610229492,16.15131187438965
reaction:2214,t-BuBrettPhos,2,t-BuBrettPhos,13.98206369,9.774690628051758,17.431724548339844
reaction:2215,t-BuBrettPhos,2,t-BuBrettPhos,18.13660134,15.257442474365234,16.18826675415039
reaction:2216,t-BuBrettPhos,2,t-BuBrettPhos,0.927604534,-3.2600040435791016,16.4210205078125
reaction:2217,t-BuBrettPhos,2,t-BuBrettPhos,7.316239252000001,6.961729049682617,15.539026260375977
reaction:2218,t-BuBrettPhos,2,t-BuBrettPhos,21.43045359,15.309026718139648,15.423140525817871
reaction:2219,t-BuBrettPhos,2,t-BuBrettPhos,0.0,-4.327630996704102,16.477170944213867
reaction:2220,t-BuBrettPhos,2,t-BuBrettPhos,3.292807267,3.615602493286133,16.522830963134766
reaction:2221,t-BuBrettPhos,2,t-BuBrettPhos,23.04423411,16.630382537841797,16.537960052490234
reaction:2222,t-BuBrettPhos,2,t-BuBrettPhos,0.0,-4.844476699829102,14.998722076416016
reaction:2223,t-BuBrettPhos,2,t-BuBrettPhos,7.479579469,9.746549606323242,15.823409080505371
reaction:2224,t-BuBrettPhos,2,t-BuBrettPhos,39.99701682,32.14850616455078,16.444692611694336
reaction:2225,t-BuBrettPhos,2,t-BuBrettPhos,9.836570629,4.081766128540039,16.912551879882812
reaction:2226,t-BuBrettPhos,2,t-BuBrettPhos,16.26033077,8.873069763183594,16.534229278564453
reaction:2227,t-BuBrettPhos,2,t-BuBrettPhos,36.05690183,20.051816940307617,16.180601119995117
reaction:2228,t-BuBrettPhos,2,t-BuBrettPhos,0.0,-3.401369094848633,16.1953182220459
reaction:2229,t-BuBrettPhos,2,t-BuBrettPhos,15.39357697,18.01525115966797,17.397871017456055
reaction:2230,t-BuBrettPhos,2,t-BuBrettPhos,27.678997100000004,25.581073760986328,16.251115798950195
reaction:2231,t-BuBrettPhos,2,t-BuBrettPhos,20.24596352,8.511419296264648,16.36209487915039
reaction:2232,t-BuBrettPhos,2,t-BuBrettPhos,29.08430143,25.110488891601562,15.106505393981934
reaction:2233,t-BuBrettPhos,2,t-BuBrettPhos,38.79638342,34.84794998168945,15.100296020507812
reaction:2234,t-BuBrettPhos,2,t-BuBrettPhos,0.851812248,1.7598609924316406,16.432353973388672
reaction:2235,t-BuBrettPhos,2,t-BuBrettPhos,26.7810647,23.708593368530273,16.547388076782227
reaction:2236,t-BuBrettPhos,2,t-BuBrettPhos,29.42310745,32.46084213256836,16.598989486694336
reaction:2237,t-BuBrettPhos,2,t-BuBrettPhos,7.689322987000001,2.8727474212646484,15.581056594848633
reaction:2238,t-BuBrettPhos,2,t-BuBrettPhos,45.3883139,38.74943923950195,15.818138122558594
reaction:2239,t-BuBrettPhos,2,t-BuBrettPhos,59.85587044,54.986427307128906,16.500995635986328
reaction:2240,t-BuBrettPhos,2,t-BuBrettPhos,49.94868445,44.51924514770508,16.986949920654297
reaction:2241,t-BuBrettPhos,2,t-BuBrettPhos,50.70720641,49.58350372314453,16.51188850402832
reaction:2242,t-BuBrettPhos,2,t-BuBrettPhos,77.95754061,64.43368530273438,16.234792709350586
reaction:2243,t-BuBrettPhos,2,t-BuBrettPhos,15.1222891,8.920183181762695,16.262569427490234
reaction:2244,t-BuBrettPhos,2,t-BuBrettPhos,45.50180654,46.16130828857422,17.464096069335938
reaction:2245,t-BuBrettPhos,2,t-BuBrettPhos,48.17982197,55.14516830444336,16.27111053466797
reaction:2246,t-BuBrettPhos,2,t-BuBrettPhos,1.232632372,-1.2948932647705078,15.746298789978027
reaction:2247,t-BuBrettPhos,2,t-BuBrettPhos,5.992320527,0.47025108337402344,14.864118576049805
reaction:2248,t-BuBrettPhos,2,t-BuBrettPhos,4.022257677,1.7594795227050781,14.75055980682373
reaction:2249,t-BuBrettPhos,2,t-BuBrettPhos,0.0,-2.2789363861083984,15.861711502075195
reaction:2250,t-BuBrettPhos,2,t-BuBrettPhos,3.26158183,4.614170074462891,15.900116920471191
reaction:2251,t-BuBrettPhos,2,t-BuBrettPhos,6.286120839,6.844972610473633,15.897618293762207
reaction:2252,t-BuBrettPhos,2,t-BuBrettPhos,9.606838288,-1.148141860961914,14.86547565460205
reaction:2253,t-BuBrettPhos,2,t-BuBrettPhos,13.59760256,8.171815872192383,15.102895736694336
reaction:2254,t-BuBrettPhos,2,t-BuBrettPhos,10.04227922,9.406133651733398,15.710023880004883
reaction:2255,t-BuBrettPhos,2,t-BuBrettPhos,4.444109893,10.449249267578125,16.2912540435791
reaction:2256,t-BuBrettPhos,2,t-BuBrettPhos,2.413308832,10.115081787109375,15.924674034118652
reaction:2257,t-BuBrettPhos,2,t-BuBrettPhos,12.05269157,12.730213165283203,15.51793098449707
reaction:2258,t-BuBrettPhos,2,t-BuBrettPhos,0.0,-0.22140121459960938,15.507611274719238
reaction:2259,t-BuBrettPhos,2,t-BuBrettPhos,6.360003901000001,-1.9443340301513672,16.849279403686523
reaction:2260,t-BuBrettPhos,2,t-BuBrettPhos,6.499222361,3.8081226348876953,15.550195693969727
reaction:2261,t-BuBrettPhos,2,t-BuBrettPhos,0.7015522279999999,-3.031747817993164,15.763995170593262
reaction:2262,t-BuBrettPhos,2,t-BuBrettPhos,2.069098233,3.1277732849121094,14.838800430297852
reaction:2263,t-BuBrettPhos,2,t-BuBrettPhos,3.566410027,4.79716682434082,14.725418090820312
reaction:2264,t-BuBrettPhos,2,t-BuBrettPhos,0.0,-4.411596298217773,15.824515342712402
reaction:2265,t-BuBrettPhos,2,t-BuBrettPhos,0.64714493,-0.4602222442626953,15.865309715270996
reaction:2266,t-BuBrettPhos,2,t-BuBrettPhos,2.042704931,5.458644866943359,15.892472267150879
reaction:2267,t-BuBrettPhos,2,t-BuBrettPhos,0.8551124720000001,-4.278608322143555,14.275548934936523
reaction:2268,t-BuBrettPhos,2,t-BuBrettPhos,2.370474153,2.885242462158203,15.142287254333496
reaction:2269,t-BuBrettPhos,2,t-BuBrettPhos,6.026719466,12.883773803710938,15.801709175109863
reaction:2270,t-BuBrettPhos,2,t-BuBrettPhos,0.0,-3.5957202911376953,16.280292510986328
reaction:2271,t-BuBrettPhos,2,t-BuBrettPhos,1.592422994,-2.182344436645508,15.884037017822266
reaction:2272,t-BuBrettPhos,2,t-BuBrettPhos,2.633148758,2.825176239013672,15.52359676361084
reaction:2273,t-BuBrettPhos,2,t-BuBrettPhos,0.0,-2.761098861694336,15.526576042175293
reaction:2274,t-BuBrettPhos,2,t-BuBrettPhos,1.73070141,7.336357116699219,16.78943634033203
reaction:2275,t-BuBrettPhos,2,t-BuBrettPhos,2.661542727,12.114934921264648,15.589080810546875
reaction:2276,t-BuBrettPhos,2,t-BuBrettPhos,20.0833829,11.602874755859375,15.71193790435791
reaction:2277,t-BuBrettPhos,2,t-BuBrettPhos,22.43503561,21.822956085205078,14.395342826843262
reaction:2278,t-BuBrettPhos,2,t-BuBrettPhos,22.47082227,25.661052703857422,14.397015571594238
reaction:2279,t-BuBrettPhos,2,t-BuBrettPhos,0.788355769,2.174440383911133,15.787032127380371
reaction:2280,t-BuBrettPhos,2,t-BuBrettPhos,15.37805239,18.828777313232422,15.901172637939453
reaction:2281,t-BuBrettPhos,2,t-BuBrettPhos,15.73387398,23.993436813354492,15.965441703796387
reaction:2282,t-BuBrettPhos,2,t-BuBrettPhos,13.65409275,4.935665130615234,14.895971298217773
reaction:2283,t-BuBrettPhos,2,t-BuBrettPhos,30.87951231,29.518781661987305,15.146868705749512
reaction:2284,t-BuBrettPhos,2,t-BuBrettPhos,33.69627508,37.61537170410156,15.86976432800293
reaction:2285,t-BuBrettPhos,2,t-BuBrettPhos,40.01187418,35.12423324584961,16.366727828979492
reaction:2286,t-BuBrettPhos,2,t-BuBrettPhos,40.89777506,38.38029861450195,15.870186805725098
reaction:2287,t-BuBrettPhos,2,t-BuBrettPhos,44.9389876,46.5300178527832,15.589029312133789
reaction:2288,t-BuBrettPhos,2,t-BuBrettPhos,28.90716664,11.870018005371094,15.606424331665039
reaction:2289,t-BuBrettPhos,2,t-BuBrettPhos,32.16902238,34.135826110839844,16.866884231567383
reaction:2290,t-BuBrettPhos,2,t-BuBrettPhos,33.39106531,43.76414489746094,15.619426727294922
reaction:2291,t-BuBrettPhos,2,t-BuBrettPhos,16.27214516,8.852521896362305,16.799314498901367
reaction:2292,t-BuBrettPhos,2,t-BuBrettPhos,30.61272696,16.90705108642578,15.978032112121582
reaction:2293,t-BuBrettPhos,2,t-BuBrettPhos,42.70251629,27.881542205810547,15.864370346069336
reaction:2294,t-BuBrettPhos,2,t-BuBrettPhos,0.593797719,1.7181053161621094,16.90338897705078
reaction:2295,t-BuBrettPhos,2,t-BuBrettPhos,23.1010236,20.396780014038086,16.945749282836914
reaction:2296,t-BuBrettPhos,2,t-BuBrettPhos,29.85245303,29.349653244018555,16.938566207885742
reaction:2297,t-BuBrettPhos,2,t-BuBrettPhos,9.228754169,3.596426010131836,15.967672348022461
reaction:2298,t-BuBrettPhos,2,t-BuBrettPhos,54.9141799,36.28890609741211,16.192716598510742
reaction:2299,t-BuBrettPhos,2,t-BuBrettPhos,59.29246641,46.07535934448242,16.75861930847168
reaction:2300,t-BuBrettPhos,2,t-BuBrettPhos,56.49708288,34.9950065612793,17.31708335876465
reaction:2301,t-BuBrettPhos,2,t-BuBrettPhos,63.56506276,40.02797317504883,16.962919235229492
reaction:2302,t-BuBrettPhos,2,t-BuBrettPhos,68.44214129,47.774444580078125,16.58362579345703
reaction:2303,t-BuBrettPhos,2,t-BuBrettPhos,36.10795647,13.702875137329102,16.574995040893555
reaction:2304,t-BuBrettPhos,2,t-BuBrettPhos,70.74157393,34.14621353149414,17.831993103027344
reaction:2305,t-BuBrettPhos,2,t-BuBrettPhos,73.24639173,54.19803237915039,16.615997314453125
reaction:2306,t-BuBrettPhos,2,t-BuBrettPhos,16.10027076,5.772241592407227,16.83672523498535
reaction:2307,t-BuBrettPhos,2,t-BuBrettPhos,29.89972719,19.91385269165039,15.976475715637207
reaction:2308,t-BuBrettPhos,2,t-BuBrettPhos,33.0062022,29.933513641357422,15.86374282836914
reaction:2309,t-BuBrettPhos,2,t-BuBrettPhos,0.0,-1.197439193725586,16.889589309692383
reaction:2310,t-BuBrettPhos,2,t-BuBrettPhos,11.92095297,13.101972579956055,16.93461036682129
reaction:2311,t-BuBrettPhos,2,t-BuBrettPhos,18.20662132,25.661306381225586,16.954391479492188
reaction:2312,t-BuBrettPhos,2,t-BuBrettPhos,9.58087319,-0.7705936431884766,15.442431449890137
reaction:2313,t-BuBrettPhos,2,t-BuBrettPhos,38.52322666,28.317407608032227,16.250652313232422
reaction:2314,t-BuBrettPhos,2,t-BuBrettPhos,44.01604328,45.09844207763672,16.865243911743164
reaction:2315,t-BuBrettPhos,2,t-BuBrettPhos,36.66758858,17.13385772705078,17.326953887939453
reaction:2316,t-BuBrettPhos,2,t-BuBrettPhos,43.48269562,23.579721450805664,16.945730209350586
reaction:2317,t-BuBrettPhos,2,t-BuBrettPhos,47.63381676,33.40480422973633,16.610553741455078
reaction:2318,t-BuBrettPhos,2,t-BuBrettPhos,24.80297238,8.256698608398438,16.614151000976562
reaction:2319,t-BuBrettPhos,2,t-BuBrettPhos,53.55291415,40.98059844970703,17.795103073120117
reaction:2320,t-BuBrettPhos,2,t-BuBrettPhos,58.6831586,55.960384368896484,16.673255920410156
reaction:2321,t-BuBrettPhos,2,t-BuBrettPhos,22.90680768,15.750350952148438,16.758602142333984
reaction:2322,t-BuBrettPhos,2,t-BuBrettPhos,36.5499256,33.214088439941406,15.534061431884766
reaction:2323,t-BuBrettPhos,2,t-BuBrettPhos,49.30223849,47.48914337158203,15.52888298034668
reaction:2324,t-BuBrettPhos,2,t-BuBrettPhos,0.710304987,3.410053253173828,16.825767517089844
reaction:2325,t-BuBrettPhos,2,t-BuBrettPhos,29.57593303,31.48881721496582,16.938762664794922
reaction:2326,t-BuBrettPhos,2,t-BuBrettPhos,35.50826326,42.55769348144531,16.994068145751953
reaction:2327,t-BuBrettPhos,2,t-BuBrettPhos,13.45243807,4.829854965209961,15.987268447875977
reaction:2328,t-BuBrettPhos,2,t-BuBrettPhos,65.066599,52.62502670288086,16.22467041015625
reaction:2329,t-BuBrettPhos,2,t-BuBrettPhos,69.13479769,68.09378814697266,16.90021514892578
reaction:2330,t-BuBrettPhos,2,t-BuBrettPhos,80.10225068,57.03141403198242,17.380170822143555
reaction:2331,t-BuBrettPhos,2,t-BuBrettPhos,85.13318487,64.6726303100586,16.90366554260254
reaction:2332,t-BuBrettPhos,2,t-BuBrettPhos,89.59877790000002,78.8914566040039,16.642616271972656
reaction:2333,t-BuBrettPhos,2,t-BuBrettPhos,40.91094026,15.997631072998047,16.659019470214844
reaction:2334,t-BuBrettPhos,2,t-BuBrettPhos,80.00019125,61.92730712890625,17.840787887573242
reaction:2335,t-BuBrettPhos,2,t-BuBrettPhos,83.40919805,82.48757934570312,16.67237663269043
reaction:2336,AdBrettPhos,0,AdBrettPhos,0.0,-10.41290283203125,14.574010848999023
reaction:2337,AdBrettPhos,0,AdBrettPhos,0.0,-3.7131881713867188,13.55327320098877
reaction:2338,AdBrettPhos,0,AdBrettPhos,12.15190247,3.271516799926758,13.555956840515137
reaction:2339,AdBrettPhos,0,AdBrettPhos,0.0,-13.921222686767578,14.565197944641113
reaction:2340,AdBrettPhos,0,AdBrettPhos,0.0,2.3186988830566406,14.478262901306152
reaction:2341,AdBrettPhos,0,AdBrettPhos,7.843927615,2.7887935638427734,15.659876823425293
reaction:2342,AdBrettPhos,0,AdBrettPhos,0.0,-6.63262939453125,13.618642807006836
reaction:2343,AdBrettPhos,0,AdBrettPhos,1.023181291,17.625919342041016,13.890406608581543
reaction:2344,AdBrettPhos,0,AdBrettPhos,14.17510686,16.570232391357422,14.346726417541504
reaction:2345,AdBrettPhos,0,AdBrettPhos,0.0,15.674800872802734,15.89785385131836
reaction:2346,AdBrettPhos,0,AdBrettPhos,0.0,17.144428253173828,14.743313789367676
reaction:2347,AdBrettPhos,0,AdBrettPhos,17.5357483,25.675657272338867,14.601144790649414
reaction:2348,AdBrettPhos,0,AdBrettPhos,0.0,-10.287139892578125,13.970622062683105
reaction:2349,AdBrettPhos,0,AdBrettPhos,0.0,3.236919403076172,14.543134689331055
reaction:2350,AdBrettPhos,0,AdBrettPhos,16.7720232,5.657108306884766,13.651601791381836
reaction:2351,AdBrettPhos,0,AdBrettPhos,12.19056007,16.934070587158203,14.447529792785645
reaction:2352,AdBrettPhos,0,AdBrettPhos,34.43934364,34.28562927246094,13.520791053771973
reaction:2353,AdBrettPhos,0,AdBrettPhos,36.629676,39.4658203125,13.534647941589355
reaction:2354,AdBrettPhos,0,AdBrettPhos,0.4065857229999999,5.427450180053711,14.589072227478027
reaction:2355,AdBrettPhos,0,AdBrettPhos,33.21564888,28.69396209716797,14.464417457580566
reaction:2356,AdBrettPhos,0,AdBrettPhos,37.49278178,36.871620178222656,15.619869232177734
reaction:2357,AdBrettPhos,0,AdBrettPhos,1.161532817,9.886224746704102,12.981830596923828
reaction:2358,AdBrettPhos,0,AdBrettPhos,50.13324447,52.77603530883789,13.865882873535156
reaction:2359,AdBrettPhos,0,AdBrettPhos,58.15311301,62.59101867675781,14.368311882019043
reaction:2360,AdBrettPhos,0,AdBrettPhos,43.94688122,49.094112396240234,15.871286392211914
reaction:2361,AdBrettPhos,0,AdBrettPhos,46.59177534,54.87437438964844,14.610113143920898
reaction:2362,AdBrettPhos,0,AdBrettPhos,51.25885662,63.660308837890625,14.368138313293457
reaction:2363,AdBrettPhos,0,AdBrettPhos,14.93339955,16.697534561157227,13.906869888305664
reaction:2364,AdBrettPhos,0,AdBrettPhos,55.59012858,55.94392013549805,14.534065246582031
reaction:2365,AdBrettPhos,0,AdBrettPhos,55.78951841,60.01360321044922,13.122030258178711
reaction:2366,AdBrettPhos,0,AdBrettPhos,14.51047679,21.230792999267578,14.519246101379395
reaction:2367,AdBrettPhos,0,AdBrettPhos,38.37909694,39.872215270996094,13.1041898727417
reaction:2368,AdBrettPhos,0,AdBrettPhos,52.49415636,50.547672271728516,13.12120532989502
reaction:2369,AdBrettPhos,0,AdBrettPhos,0.7862553109999999,6.551870346069336,14.63888931274414
reaction:2370,AdBrettPhos,0,AdBrettPhos,47.61178197,40.83165740966797,14.47366714477539
reaction:2371,AdBrettPhos,0,AdBrettPhos,50.83768511,45.93223190307617,15.657958984375
reaction:2372,AdBrettPhos,0,AdBrettPhos,1.226267555,12.578472137451172,13.624238967895508
reaction:2373,AdBrettPhos,0,AdBrettPhos,75.29152855,68.65817260742188,13.898750305175781
reaction:2374,AdBrettPhos,0,AdBrettPhos,79.19714754,76.43954467773438,14.457246780395508
reaction:2375,AdBrettPhos,0,AdBrettPhos,83.03295526,74.43011474609375,15.899642944335938
reaction:2376,AdBrettPhos,0,AdBrettPhos,93.56409267,80.30179595947266,14.707442283630371
reaction:2377,AdBrettPhos,0,AdBrettPhos,96.13228316,88.56712341308594,14.395258903503418
reaction:2378,AdBrettPhos,0,AdBrettPhos,11.53765302,19.851457595825195,13.952332496643066
reaction:2379,AdBrettPhos,0,AdBrettPhos,89.97416157,75.73168182373047,14.547384262084961
reaction:2380,AdBrettPhos,0,AdBrettPhos,86.79260178,80.62348937988281,13.66002082824707
reaction:2381,AdBrettPhos,0,AdBrettPhos,7.257395781,6.019407272338867,15.618971824645996
reaction:2382,AdBrettPhos,0,AdBrettPhos,9.576264128,9.418081283569336,14.65561580657959
reaction:2383,AdBrettPhos,0,AdBrettPhos,10.75553549,14.397359848022461,14.648431777954102
reaction:2384,AdBrettPhos,0,AdBrettPhos,0.6131578329999999,-0.9362449645996094,15.590680122375488
reaction:2385,AdBrettPhos,0,AdBrettPhos,10.63604029,14.825159072875977,15.515615463256836
reaction:2386,AdBrettPhos,0,AdBrettPhos,14.35852859,18.559642791748047,16.61572265625
reaction:2387,AdBrettPhos,0,AdBrettPhos,1.582170389,5.917564392089844,14.70261287689209
reaction:2388,AdBrettPhos,0,AdBrettPhos,13.89350209,24.677358627319336,14.993040084838867
reaction:2389,AdBrettPhos,0,AdBrettPhos,23.26106265,31.29360580444336,15.35354995727539
reaction:2390,AdBrettPhos,0,AdBrettPhos,15.64688259,26.044322967529297,16.817520141601562
reaction:2391,AdBrettPhos,0,AdBrettPhos,16.4099085,30.061235427856445,15.733050346374512
reaction:2392,AdBrettPhos,0,AdBrettPhos,23.02454867,38.32954406738281,15.644978523254395
reaction:2393,AdBrettPhos,0,AdBrettPhos,7.488530825,6.588470458984375,15.00974178314209
reaction:2394,AdBrettPhos,0,AdBrettPhos,12.60415393,10.180459976196289,15.499266624450684
reaction:2395,AdBrettPhos,0,AdBrettPhos,14.36942688,15.731882095336914,14.721879959106445
reaction:2396,AdBrettPhos,0,AdBrettPhos,0.0,-1.724700927734375,15.536940574645996
reaction:2397,AdBrettPhos,0,AdBrettPhos,3.835722246,8.673770904541016,14.662615776062012
reaction:2398,AdBrettPhos,0,AdBrettPhos,13.98397961,18.254425048828125,14.666160583496094
reaction:2399,AdBrettPhos,0,AdBrettPhos,0.0,-6.660453796386719,15.647871971130371
reaction:2400,AdBrettPhos,0,AdBrettPhos,1.520182439,2.149303436279297,15.538485527038574
reaction:2401,AdBrettPhos,0,AdBrettPhos,16.00671459,17.461761474609375,16.611007690429688
reaction:2402,AdBrettPhos,0,AdBrettPhos,0.0,-4.968044281005859,14.152657508850098
reaction:2403,AdBrettPhos,0,AdBrettPhos,3.744544243,11.244976043701172,15.00659465789795
reaction:2404,AdBrettPhos,0,AdBrettPhos,27.85496925,36.215702056884766,15.40932846069336
reaction:2405,AdBrettPhos,0,AdBrettPhos,3.964447459,11.523399353027344,16.82501983642578
reaction:2406,AdBrettPhos,0,AdBrettPhos,6.168096918,19.90479278564453,15.642963409423828
reaction:2407,AdBrettPhos,0,AdBrettPhos,14.42398425,37.81437683105469,15.462940216064453
reaction:2408,AdBrettPhos,0,AdBrettPhos,0.0,-3.030170440673828,14.986702919006348
reaction:2409,AdBrettPhos,0,AdBrettPhos,7.466671245,18.817739486694336,15.526395797729492
reaction:2410,AdBrettPhos,0,AdBrettPhos,17.36013023,26.520885467529297,14.270748138427734
reaction:2411,AdBrettPhos,0,AdBrettPhos,5.889073661,13.79878044128418,15.58365249633789
reaction:2412,AdBrettPhos,0,AdBrettPhos,27.06341711,25.539833068847656,14.257655143737793
reaction:2413,AdBrettPhos,0,AdBrettPhos,34.65614692,34.98255920410156,14.262166023254395
reaction:2414,AdBrettPhos,0,AdBrettPhos,0.0,0.18745803833007812,15.675204277038574
reaction:2415,AdBrettPhos,0,AdBrettPhos,24.41645938,21.976333618164062,15.527478218078613
reaction:2416,AdBrettPhos,0,AdBrettPhos,25.12838943,30.61089515686035,16.62902069091797
reaction:2417,AdBrettPhos,0,AdBrettPhos,0.954745242,6.01140022277832,14.724714279174805
reaction:2418,AdBrettPhos,0,AdBrettPhos,43.35191306,39.9033203125,15.017038345336914
reaction:2419,AdBrettPhos,0,AdBrettPhos,51.5902696,58.12043762207031,15.473124504089355
reaction:2420,AdBrettPhos,0,AdBrettPhos,48.18783868,46.898399353027344,16.833938598632812
reaction:2421,AdBrettPhos,0,AdBrettPhos,49.14544471,52.5450439453125,15.715105056762695
reaction:2422,AdBrettPhos,0,AdBrettPhos,63.351286,70.62940979003906,15.468602180480957
reaction:2423,AdBrettPhos,0,AdBrettPhos,3.647451971,13.386741638183594,15.009572982788086
reaction:2424,AdBrettPhos,0,AdBrettPhos,43.17813797,45.90220260620117,15.518999099731445
reaction:2425,AdBrettPhos,0,AdBrettPhos,47.34357171,53.725257873535156,14.746481895446777
reaction:2426,AdBrettPhos,0,AdBrettPhos,0.698318685,-1.7762374877929688,14.750723838806152
reaction:2427,AdBrettPhos,0,AdBrettPhos,2.97486192,1.2546939849853516,13.742525100708008
reaction:2428,AdBrettPhos,0,AdBrettPhos,3.10979023,1.6580581665039062,13.731285095214844
reaction:2429,AdBrettPhos,0,AdBrettPhos,0.0,-3.7778663635253906,14.73450756072998
reaction:2430,AdBrettPhos,0,AdBrettPhos,0.489044772,4.571954727172852,14.648979187011719
reaction:2431,AdBrettPhos,0,AdBrettPhos,4.88514688,4.297946929931641,15.804494857788086
reaction:2432,AdBrettPhos,0,AdBrettPhos,0.0,3.8136825561523438,13.800446510314941
reaction:2433,AdBrettPhos,0,AdBrettPhos,1.305562617,12.635553359985352,14.069073677062988
reaction:2434,AdBrettPhos,0,AdBrettPhos,6.931862367000001,10.198938369750977,14.510809898376465
reaction:2435,AdBrettPhos,0,AdBrettPhos,0.0,10.589879989624023,16.05727767944336
reaction:2436,AdBrettPhos,0,AdBrettPhos,0.0,9.743318557739258,14.89391803741455
reaction:2437,AdBrettPhos,0,AdBrettPhos,6.151237345,13.648225784301758,14.777856826782227
reaction:2438,AdBrettPhos,0,AdBrettPhos,0.0,-0.7991905212402344,14.141142845153809
reaction:2439,AdBrettPhos,0,AdBrettPhos,2.42482932,-1.595550537109375,14.699564933776855
reaction:2440,AdBrettPhos,0,AdBrettPhos,7.121202502999999,0.2654304504394531,13.826823234558105
reaction:2441,AdBrettPhos,0,AdBrettPhos,0.0,-5.31011962890625,14.626553535461426
reaction:2442,AdBrettPhos,0,AdBrettPhos,1.12036933,1.5262393951416016,13.711509704589844
reaction:2443,AdBrettPhos,0,AdBrettPhos,1.896181594,2.5527706146240234,13.711145401000977
reaction:2444,AdBrettPhos,0,AdBrettPhos,0.0,-8.523384094238281,14.75932788848877
reaction:2445,AdBrettPhos,0,AdBrettPhos,0.0,-4.752193450927734,14.637165069580078
reaction:2446,AdBrettPhos,0,AdBrettPhos,0.974444275,1.6455860137939453,15.765527725219727
reaction:2447,AdBrettPhos,0,AdBrettPhos,0.0,-5.345333099365234,13.173919677734375
reaction:2448,AdBrettPhos,0,AdBrettPhos,0.9560868,2.275066375732422,14.046295166015625
reaction:2449,AdBrettPhos,0,AdBrettPhos,2.600006823,11.09190559387207,14.533466339111328
reaction:2450,AdBrettPhos,0,AdBrettPhos,0.0,-0.3916168212890625,16.031583786010742
reaction:2451,AdBrettPhos,0,AdBrettPhos,0.0,2.7898197174072266,14.763556480407715
reaction:2452,AdBrettPhos,0,AdBrettPhos,0.0,9.802555084228516,14.548463821411133
reaction:2453,AdBrettPhos,0,AdBrettPhos,0.0,-5.101097106933594,14.079556465148926
reaction:2454,AdBrettPhos,0,AdBrettPhos,0.0,5.746938705444336,14.69140338897705
reaction:2455,AdBrettPhos,0,AdBrettPhos,1.40959558,7.558126449584961,13.304908752441406
reaction:2456,AdBrettPhos,0,AdBrettPhos,17.87933698,11.855207443237305,14.671534538269043
reaction:2457,AdBrettPhos,0,AdBrettPhos,24.40165539,19.771995544433594,13.271660804748535
reaction:2458,AdBrettPhos,0,AdBrettPhos,24.45376754,21.993736267089844,13.27377700805664
reaction:2459,AdBrettPhos,0,AdBrettPhos,1.682541771,-0.4894561767578125,14.782106399536133
reaction:2460,AdBrettPhos,0,AdBrettPhos,18.44134196,14.403570175170898,14.619236946105957
reaction:2461,AdBrettPhos,0,AdBrettPhos,18.87491239,18.22172737121582,15.779634475708008
reaction:2462,AdBrettPhos,0,AdBrettPhos,6.9499718360000005,8.04901123046875,13.779328346252441
reaction:2463,AdBrettPhos,0,AdBrettPhos,30.37188127,29.785890579223633,14.05062484741211
reaction:2464,AdBrettPhos,0,AdBrettPhos,33.47151562,35.8822021484375,14.594861030578613
reaction:2465,AdBrettPhos,0,AdBrettPhos,34.48220577,36.26498031616211,16.035921096801758
reaction:2466,AdBrettPhos,0,AdBrettPhos,35.36016156,38.9156494140625,14.833274841308594
reaction:2467,AdBrettPhos,0,AdBrettPhos,35.68280094,45.9564094543457,14.54816722869873
reaction:2468,AdBrettPhos,0,AdBrettPhos,18.37316337,14.54355239868164,14.096685409545898
reaction:2469,AdBrettPhos,0,AdBrettPhos,27.82910373,34.07029342651367,14.678186416625977
reaction:2470,AdBrettPhos,0,AdBrettPhos,37.08543096,38.69779586791992,13.808280944824219
reaction:2471,AdBrettPhos,0,AdBrettPhos,8.62455294,18.75121307373047,16.192781448364258
reaction:2472,AdBrettPhos,0,AdBrettPhos,14.26125924,30.893321990966797,15.284327507019043
reaction:2473,AdBrettPhos,0,AdBrettPhos,28.49871025,40.049259185791016,15.277819633483887
reaction:2474,AdBrettPhos,0,AdBrettPhos,0.538585368,5.42303466796875,16.17809295654297
reaction:2475,AdBrettPhos,0,AdBrettPhos,13.34881918,27.53561019897461,16.102039337158203
reaction:2476,AdBrettPhos,0,AdBrettPhos,28.28230111,30.256397247314453,17.16997528076172
reaction:2477,AdBrettPhos,0,AdBrettPhos,1.999177844,15.094341278076172,15.334294319152832
reaction:2478,AdBrettPhos,0,AdBrettPhos,27.16016891,53.840858459472656,15.574041366577148
reaction:2479,AdBrettPhos,0,AdBrettPhos,50.52138402,54.997467041015625,15.970895767211914
reaction:2480,AdBrettPhos,0,AdBrettPhos,20.00288675,56.555999755859375,17.385555267333984
reaction:2481,AdBrettPhos,0,AdBrettPhos,25.99050807,62.129188537597656,16.336292266845703
reaction:2482,AdBrettPhos,0,AdBrettPhos,40.32898976,64.2913818359375,16.21883773803711
reaction:2483,AdBrettPhos,0,AdBrettPhos,13.34689497,31.73146629333496,15.644055366516113
reaction:2484,AdBrettPhos,0,AdBrettPhos,40.63647217,53.48616027832031,16.136751174926758
reaction:2485,AdBrettPhos,0,AdBrettPhos,74.04736649,57.71999740600586,15.353205680847168
reaction:2486,AdBrettPhos,0,AdBrettPhos,5.195732957,10.727655410766602,16.10633087158203
reaction:2487,AdBrettPhos,0,AdBrettPhos,19.31180946,26.882261276245117,15.284181594848633
reaction:2488,AdBrettPhos,0,AdBrettPhos,30.77223842,33.31443405151367,15.287403106689453
reaction:2489,AdBrettPhos,0,AdBrettPhos,0.0,-3.8432655334472656,16.22604751586914
reaction:2490,AdBrettPhos,0,AdBrettPhos,11.75749506,10.510007858276367,16.117109298706055
reaction:2491,AdBrettPhos,0,AdBrettPhos,23.34747951,19.942110061645508,17.158903121948242
reaction:2492,AdBrettPhos,0,AdBrettPhos,1.039903259,2.9303665161132812,14.800789833068848
reaction:2493,AdBrettPhos,0,AdBrettPhos,28.39783953,35.16791915893555,15.579955101013184
reaction:2494,AdBrettPhos,0,AdBrettPhos,39.89470015,46.0279655456543,16.017377853393555
reaction:2495,AdBrettPhos,0,AdBrettPhos,13.79100096,35.85083770751953,17.386371612548828
reaction:2496,AdBrettPhos,0,AdBrettPhos,19.53099508,44.30219268798828,16.24295425415039
reaction:2497,AdBrettPhos,0,AdBrettPhos,26.870862899999995,51.07654571533203,16.036802291870117
reaction:2498,AdBrettPhos,0,AdBrettPhos,9.396462800000002,18.942476272583008,15.614618301391602
reaction:2499,AdBrettPhos,0,AdBrettPhos,40.58293806,51.1614990234375,16.155635833740234
reaction:2500,AdBrettPhos,0,AdBrettPhos,52.66349061,55.22434997558594,14.913074493408203
reaction:2501,AdBrettPhos,0,AdBrettPhos,15.85078385,21.131824493408203,16.14788818359375
reaction:2502,AdBrettPhos,0,AdBrettPhos,32.88980878,37.805240631103516,14.891959190368652
reaction:2503,AdBrettPhos,0,AdBrettPhos,47.13760632,49.38054656982422,14.897598266601562
reaction:2504,AdBrettPhos,0,AdBrettPhos,0.7072545920000001,1.7138557434082031,16.24925422668457
reaction:2505,AdBrettPhos,0,AdBrettPhos,32.71728338,28.03820037841797,16.10235023498535
reaction:2506,AdBrettPhos,0,AdBrettPhos,41.68551837,34.651573181152344,17.172319412231445
reaction:2507,AdBrettPhos,0,AdBrettPhos,1.753987647,11.44732666015625,15.343817710876465
reaction:2508,AdBrettPhos,0,AdBrettPhos,54.56471519,59.545249938964844,15.585564613342285
reaction:2509,AdBrettPhos,0,AdBrettPhos,68.58213231,68.25434875488281,16.074634552001953
reaction:2510,AdBrettPhos,0,AdBrettPhos,60.52865164,71.24302673339844,17.391738891601562
reaction:2511,AdBrettPhos,0,AdBrettPhos,67.75052852,78.20252990722656,16.30787467956543
reaction:2512,AdBrettPhos,0,AdBrettPhos,80.80959568,84.54041290283203,16.03801918029785
reaction:2513,AdBrettPhos,0,AdBrettPhos,6.777260235,32.67258071899414,15.631856918334961
reaction:2514,AdBrettPhos,0,AdBrettPhos,48.77228165,75.98402404785156,16.144655227661133
reaction:2515,AdBrettPhos,0,AdBrettPhos,74.51133845,81.85699462890625,15.365224838256836
reaction:2516,XPhos,1,XPhos,24.10905766,36.754642486572266,31.208969116210938
reaction:2517,XPhos,1,XPhos,32.87780619,36.996158599853516,31.20883560180664
reaction:2518,XPhos,1,XPhos,43.39942952,37.98530960083008,31.20783042907715
reaction:2519,XPhos,1,XPhos,1.221284135,36.39908218383789,31.20952796936035
reaction:2520,XPhos,1,XPhos,25.1779767,37.95170974731445,31.208999633789062
reaction:2521,XPhos,1,XPhos,32.37253744,38.67436981201172,31.209997177124023
reaction:2522,XPhos,1,XPhos,7.676008537,35.84627151489258,31.208621978759766
reaction:2523,XPhos,1,XPhos,60.41732712,38.415733337402344,31.208778381347656
reaction:2524,XPhos,1,XPhos,64.50667156,39.15972137451172,31.208816528320312
reaction:2525,XPhos,1,XPhos,36.55522639,37.75267791748047,31.209884643554688
reaction:2526,XPhos,1,XPhos,46.64960106,38.1171760559082,31.209320068359375
reaction:2527,XPhos,1,XPhos,47.85301388,38.54862976074219,31.20961570739746
reaction:2528,XPhos,1,XPhos,21.44960942,37.001808166503906,31.209030151367188
reaction:2529,XPhos,1,XPhos,27.71714775,38.25171661376953,31.210283279418945
reaction:2530,XPhos,1,XPhos,52.2237426,39.654083251953125,31.20294761657715
reaction:2531,XPhos,1,XPhos,15.42545497,35.50116729736328,31.20925521850586
reaction:2532,XPhos,1,XPhos,30.08596307,36.12767791748047,31.209156036376953
reaction:2533,XPhos,1,XPhos,35.8368136,37.122520446777344,31.20802879333496
reaction:2534,XPhos,1,XPhos,0.0,35.32609939575195,31.209800720214844
reaction:2535,XPhos,1,XPhos,11.6535106,36.6419677734375,31.20936393737793
reaction:2536,XPhos,1,XPhos,17.02843498,37.20106887817383,31.21012306213379
reaction:2537,XPhos,1,XPhos,1.188847918,34.777587890625,31.208158493041992
reaction:2538,XPhos,1,XPhos,32.40012299,36.83960723876953,31.209077835083008
reaction:2539,XPhos,1,XPhos,27.27757284,37.904510498046875,31.209009170532227
reaction:2540,XPhos,1,XPhos,24.95662893,35.05695724487305,31.210052490234375
reaction:2541,XPhos,1,XPhos,45.54864618,35.634521484375,31.209501266479492
reaction:2542,XPhos,1,XPhos,42.79858664,35.87000274658203,31.2095890045166
reaction:2543,XPhos,1,XPhos,8.905135224,35.44937515258789,31.209346771240234
reaction:2544,XPhos,1,XPhos,18.1199602,37.1470947265625,31.21061134338379
reaction:2545,XPhos,1,XPhos,27.22195897,38.46636199951172,31.202974319458008
reaction:2546,XPhos,1,XPhos,8.286467695,35.94306182861328,31.2094669342041
reaction:2547,XPhos,1,XPhos,22.46669781,36.98063659667969,31.208648681640625
reaction:2548,XPhos,1,XPhos,37.70168941,38.18567657470703,31.207426071166992
reaction:2549,XPhos,1,XPhos,0.0,35.6812858581543,31.20955467224121
reaction:2550,XPhos,1,XPhos,8.034140762,37.48457336425781,31.20926856994629
reaction:2551,XPhos,1,XPhos,20.18480169,38.32796859741211,31.210247039794922
reaction:2552,XPhos,1,XPhos,0.662349524,34.96326446533203,31.20886993408203
reaction:2553,XPhos,1,XPhos,21.77773542,37.781803131103516,31.209060668945312
reaction:2554,XPhos,1,XPhos,53.28001638,39.11824417114258,31.209074020385742
reaction:2555,XPhos,1,XPhos,23.90935743,37.11033248901367,31.21010398864746
reaction:2556,XPhos,1,XPhos,47.15771685,38.094017028808594,31.209680557250977
reaction:2557,XPhos,1,XPhos,62.53548833,39.26451110839844,31.209732055664062
reaction:2558,XPhos,1,XPhos,4.577603745,35.72611999511719,31.20933723449707
reaction:2559,XPhos,1,XPhos,21.19444726,38.255733489990234,31.210533142089844
reaction:2560,XPhos,1,XPhos,42.00065126,39.818458557128906,31.20362091064453
reaction:2561,XPhos,1,XPhos,18.40035471,36.2227897644043,31.20870018005371
reaction:2562,XPhos,1,XPhos,16.25238798,36.3358154296875,31.208393096923828
reaction:2563,XPhos,1,XPhos,42.71521565,37.192142486572266,31.207365036010742
reaction:2564,XPhos,1,XPhos,0.0,35.787872314453125,31.20909881591797
reaction:2565,XPhos,1,XPhos,39.12148383,37.34520721435547,31.208600997924805
reaction:2566,XPhos,1,XPhos,47.59873076,38.18045425415039,31.20956802368164
reaction:2567,XPhos,1,XPhos,3.5977898880000003,35.20121383666992,31.208189010620117
reaction:2568,XPhos,1,XPhos,69.98737297,37.86634063720703,31.20825958251953
reaction:2569,XPhos,1,XPhos,70.05483344,38.544227600097656,31.208358764648438
reaction:2570,XPhos,1,XPhos,20.97581455,37.01485824584961,31.209407806396484
reaction:2571,XPhos,1,XPhos,23.18775097,37.27743148803711,31.208972930908203
reaction:2572,XPhos,1,XPhos,22.00500964,37.83499526977539,31.209135055541992
reaction:2573,XPhos,1,XPhos,18.04784884,36.761932373046875,31.20854377746582
reaction:2574,XPhos,1,XPhos,23.57347354,37.29637908935547,31.20989227294922
reaction:2575,XPhos,1,XPhos,81.35759178,39.12534713745117,31.2032470703125
reaction:2576,XPhos,1,XPhos,14.75153907,35.85708999633789,31.20856285095215
reaction:2577,XPhos,1,XPhos,31.62416369,36.453670501708984,31.208539962768555
reaction:2578,XPhos,1,XPhos,37.39576088,37.109954833984375,31.20732307434082
reaction:2579,XPhos,1,XPhos,0.448085745,35.468017578125,31.20911979675293
reaction:2580,XPhos,1,XPhos,13.27473408,36.805267333984375,31.208696365356445
reaction:2581,XPhos,1,XPhos,17.72318391,37.35449981689453,31.209510803222656
reaction:2582,XPhos,1,XPhos,3.418730848,34.91515350341797,31.207561492919922
reaction:2583,XPhos,1,XPhos,25.1224442,37.06704330444336,31.20843505859375
reaction:2584,XPhos,1,XPhos,30.07190595,38.03053665161133,31.20830726623535
reaction:2585,XPhos,1,XPhos,22.54874195,35.34056091308594,31.209373474121094
reaction:2586,XPhos,1,XPhos,36.80117668,35.714595794677734,31.208843231201172
reaction:2587,XPhos,1,XPhos,42.20791273,36.136959075927734,31.208965301513672
reaction:2588,XPhos,1,XPhos,8.748271212999999,35.92200469970703,31.208675384521484
reaction:2589,XPhos,1,XPhos,19.13281286,37.33945083618164,31.209930419921875
reaction:2590,XPhos,1,XPhos,27.47497093,38.564353942871094,31.202823638916016
reaction:2591,XPhos,1,XPhos,9.361658454,36.10273742675781,31.208751678466797
reaction:2592,XPhos,1,XPhos,22.12521071,37.09687423706055,31.20795440673828
reaction:2593,XPhos,1,XPhos,38.83428513,38.032203674316406,31.20657730102539
reaction:2594,XPhos,1,XPhos,0.0,35.645538330078125,31.208908081054688
reaction:2595,XPhos,1,XPhos,9.540244592,37.470733642578125,31.208492279052734
reaction:2596,XPhos,1,XPhos,21.41511712,38.319122314453125,31.20948028564453
reaction:2597,XPhos,1,XPhos,2.217163117,34.92327880859375,31.208145141601562
reaction:2598,XPhos,1,XPhos,25.83582864,37.90689468383789,31.208311080932617
reaction:2599,XPhos,1,XPhos,53.84533811,39.04701232910156,31.20824432373047
reaction:2600,XPhos,1,XPhos,25.36847762,37.325843811035156,31.20926284790039
reaction:2601,XPhos,1,XPhos,50.91041247,38.12208557128906,31.208986282348633
reaction:2602,XPhos,1,XPhos,62.69909879,39.21993637084961,31.208995819091797
reaction:2603,XPhos,1,XPhos,5.005508734,35.98707580566406,31.208566665649414
reaction:2604,XPhos,1,XPhos,24.92895829,38.242191314697266,31.20986557006836
reaction:2605,XPhos,1,XPhos,43.08223061,39.70756912231445,31.203594207763672
reaction:2606,XPhos,1,XPhos,26.47105008,36.39454650878906,31.20913314819336
reaction:2607,XPhos,1,XPhos,15.00790512,36.53957748413086,31.208927154541016
reaction:2608,XPhos,1,XPhos,40.67066673,37.34287643432617,31.20787811279297
reaction:2609,XPhos,1,XPhos,10.03471889,36.68018341064453,31.209657669067383
reaction:2610,XPhos,1,XPhos,44.50757189,38.590309143066406,31.209108352661133
reaction:2611,XPhos,1,XPhos,50.81226991,39.12480545043945,31.210065841674805
reaction:2612,XPhos,1,XPhos,13.26153778,35.33986282348633,31.20871353149414
reaction:2613,XPhos,1,XPhos,66.43295508,38.37919235229492,31.208860397338867
reaction:2614,XPhos,1,XPhos,69.21564786,38.56416320800781,31.208816528320312
reaction:2615,XPhos,1,XPhos,16.47592229,37.450828552246094,31.209915161132812
reaction:2616,XPhos,1,XPhos,19.59466142,37.630062103271484,31.20947265625
reaction:2617,XPhos,1,XPhos,19.12358264,38.1380729675293,31.209680557250977
reaction:2618,XPhos,1,XPhos,37.0158274,37.148094177246094,31.2091121673584
reaction:2619,XPhos,1,XPhos,10.02539168,37.57449722290039,31.21045684814453
reaction:2620,XPhos,1,XPhos,41.01536377,39.24418640136719,31.203386306762695
reaction:2621,XPhos,1,XPhos,17.88950545,35.993560791015625,31.20899200439453
reaction:2622,XPhos,1,XPhos,30.84474943,36.53231430053711,31.20889663696289
reaction:2623,XPhos,1,XPhos,42.94679968,37.12645721435547,31.20780372619629
reaction:2624,XPhos,1,XPhos,39.22831543,37.072547912597656,31.209571838378906
reaction:2625,XPhos,1,XPhos,47.13740479,38.00548553466797,31.209135055541992
reaction:2626,XPhos,1,XPhos,49.46765787,38.20378875732422,31.20987892150879
reaction:2627,XPhos,1,XPhos,6.2629300720000005,34.94868850708008,31.20792007446289
reaction:2628,XPhos,1,XPhos,24.92429214,37.48286437988281,31.208864212036133
reaction:2629,XPhos,1,XPhos,29.29928272,37.90779495239258,31.208778381347656
reaction:2630,XPhos,1,XPhos,26.0695387,35.50081253051758,31.20983123779297
reaction:2631,XPhos,1,XPhos,40.32928262,35.83267593383789,31.20924186706543
reaction:2632,XPhos,1,XPhos,46.57912629,36.226776123046875,31.2093505859375
reaction:2633,XPhos,1,XPhos,10.87603871,36.214317321777344,31.20911979675293
reaction:2634,XPhos,1,XPhos,19.12422917,37.42041778564453,31.210355758666992
reaction:2635,XPhos,1,XPhos,30.41179661,38.568267822265625,31.20262336730957
reaction:2636,XPhos,1,XPhos,12.69227905,36.487483978271484,31.20939826965332
reaction:2637,XPhos,1,XPhos,24.01338043,37.32945251464844,31.208492279052734
reaction:2638,XPhos,1,XPhos,38.95047983,38.20768737792969,31.207286834716797
reaction:2639,XPhos,1,XPhos,38.99137319,37.48209762573242,31.20940589904785
reaction:2640,XPhos,1,XPhos,45.82883908,38.826019287109375,31.209152221679688
reaction:2641,XPhos,1,XPhos,50.09626002,39.27946472167969,31.210079193115234
reaction:2642,XPhos,1,XPhos,5.967393026,35.15336608886719,31.20871353149414
reaction:2643,XPhos,1,XPhos,28.83921229,38.51063537597656,31.208951950073242
reaction:2644,XPhos,1,XPhos,55.76912496,39.12566375732422,31.208847045898438
reaction:2645,XPhos,1,XPhos,27.19452945,37.93265151977539,31.20989227294922
reaction:2646,XPhos,1,XPhos,55.41075316,38.45576477050781,31.209564208984375
reaction:2647,XPhos,1,XPhos,64.88423444,39.60563278198242,31.209579467773438
reaction:2648,XPhos,1,XPhos,7.65708472,36.62458801269531,31.209197998046875
reaction:2649,XPhos,1,XPhos,24.91728565,38.63029098510742,31.210433959960938
reaction:2650,XPhos,1,XPhos,43.47281583,40.01313400268555,31.203475952148438
reaction:2651,XPhos,1,XPhos,6.618305452,35.21205139160156,31.209705352783203
reaction:2652,XPhos,1,XPhos,19.22189421,35.64002227783203,31.209341049194336
reaction:2653,XPhos,1,XPhos,38.88169758,36.51636505126953,31.20818519592285
reaction:2654,XPhos,1,XPhos,0.0,35.11790084838867,31.210044860839844
reaction:2655,XPhos,1,XPhos,8.123761297,35.56221008300781,31.20952796936035
reaction:2656,XPhos,1,XPhos,9.226197008,37.357704162597656,31.210447311401367
reaction:2657,XPhos,1,XPhos,0.340410651,34.41476821899414,31.209102630615234
reaction:2658,XPhos,1,XPhos,32.95642094,36.72306823730469,31.20911979675293
reaction:2659,XPhos,1,XPhos,47.36333704,37.73111343383789,31.20911979675293
reaction:2660,XPhos,1,XPhos,24.01631717,36.068546295166016,31.21015167236328
reaction:2661,XPhos,1,XPhos,30.07960625,36.39693069458008,31.209980010986328
reaction:2662,XPhos,1,XPhos,29.79340439,37.23223876953125,31.20998764038086
reaction:2663,XPhos,1,XPhos,3.1690993310000004,35.18214416503906,31.20943260192871
reaction:2664,XPhos,1,XPhos,18.20970217,36.28874588012695,31.2109317779541
reaction:2665,XPhos,1,XPhos,28.27747642,38.1121711730957,31.20462989807129
reaction:2666,XPhos,1,XPhos,9.330486935,34.319496154785156,31.209693908691406
reaction:2667,XPhos,1,XPhos,24.08891574,35.230628967285156,31.20935821533203
reaction:2668,XPhos,1,XPhos,26.99117029,35.97212219238281,31.20819854736328
reaction:2669,XPhos,1,XPhos,0.0,34.41998291015625,31.21010971069336
reaction:2670,XPhos,1,XPhos,7.405890222999999,35.06827926635742,31.209758758544922
reaction:2671,XPhos,1,XPhos,8.430071853,36.14616394042969,31.210369110107422
reaction:2672,XPhos,1,XPhos,0.72962294,33.819786071777344,31.20848274230957
reaction:2673,XPhos,1,XPhos,20.3250042,35.5838508605957,31.20928192138672
reaction:2674,XPhos,1,XPhos,20.51920273,36.73921585083008,31.209150314331055
reaction:2675,XPhos,1,XPhos,21.60400316,33.880550384521484,31.2100887298584
reaction:2676,XPhos,1,XPhos,30.2871506,34.40964126586914,31.209978103637695
reaction:2677,XPhos,1,XPhos,38.85520908,34.98152542114258,31.209762573242188
reaction:2678,XPhos,1,XPhos,4.143900161,34.0897331237793,31.20966339111328
reaction:2679,XPhos,1,XPhos,16.01570816,34.99058151245117,31.211042404174805
reaction:2680,XPhos,1,XPhos,19.48013153,37.2833366394043,31.204044342041016
reaction:2681,XPhos,1,XPhos,5.982836529,34.72088623046875,31.209882736206055
reaction:2682,XPhos,1,XPhos,19.02499104,36.0251350402832,31.208877563476562
reaction:2683,XPhos,1,XPhos,34.0336157,37.0684700012207,31.207504272460938
reaction:2684,XPhos,1,XPhos,0.0,34.7702522277832,31.209787368774414
reaction:2685,XPhos,1,XPhos,4.698019536,35.8211784362793,31.209510803222656
reaction:2686,XPhos,1,XPhos,8.109204436,37.30599594116211,31.210391998291016
reaction:2687,XPhos,1,XPhos,0.94272788,34.00056838989258,31.20905113220215
reaction:2688,XPhos,1,XPhos,17.29489164,36.43598175048828,31.20926856994629
reaction:2689,XPhos,1,XPhos,38.16631108,37.97380828857422,31.209003448486328
reaction:2690,XPhos,1,XPhos,25.48313253,35.895687103271484,31.21001434326172
reaction:2691,XPhos,1,XPhos,49.96376516,36.79741287231445,31.21002197265625
reaction:2692,XPhos,1,XPhos,54.07334238,38.327796936035156,31.20992660522461
reaction:2693,XPhos,1,XPhos,3.609434473,34.259559631347656,31.209510803222656
reaction:2694,XPhos,1,XPhos,16.57162393,36.633941650390625,31.21091079711914
reaction:2695,XPhos,1,XPhos,32.51941474,38.707313537597656,31.20452117919922
reaction:2696,t-BuXPhos,3,t-BuXPhos,24.17024028,25.250173568725586,25.495834350585938
reaction:2697,t-BuXPhos,3,t-BuXPhos,35.80552258,30.682113647460938,25.50625228881836
reaction:2698,t-BuXPhos,3,t-BuXPhos,40.2947746,29.567405700683594,25.50063705444336
reaction:2699,t-BuXPhos,3,t-BuXPhos,3.120933892,22.49056625366211,25.481252670288086
reaction:2700,t-BuXPhos,3,t-BuXPhos,42.30149711,30.40717887878418,25.48769187927246
reaction:2701,t-BuXPhos,3,t-BuXPhos,40.31193463,28.827112197875977,25.499814987182617
reaction:2702,t-BuXPhos,3,t-BuXPhos,10.90397812,26.700490951538086,25.437170028686523
reaction:2703,t-BuXPhos,3,t-BuXPhos,61.05645885,35.611244201660156,25.452281951904297
reaction:2704,t-BuXPhos,3,t-BuXPhos,64.44051661,35.29172134399414,25.520849227905273
reaction:2705,t-BuXPhos,3,t-BuXPhos,70.14701034,41.138587951660156,25.49976921081543
reaction:2706,t-BuXPhos,3,t-BuXPhos,70.25926715,41.18360137939453,25.488889694213867
reaction:2707,t-BuXPhos,3,t-BuXPhos,73.95050649,40.85629653930664,25.495859146118164
reaction:2708,t-BuXPhos,3,t-BuXPhos,27.32089436,24.968717575073242,25.46491241455078
reaction:2709,t-BuXPhos,3,t-BuXPhos,72.8784855,33.63658905029297,25.509124755859375
reaction:2710,t-BuXPhos,3,t-BuXPhos,74.62339174,30.96258544921875,25.362682342529297
reaction:2711,t-BuXPhos,3,t-BuXPhos,21.83853262,27.953842163085938,25.507715225219727
reaction:2712,t-BuXPhos,3,t-BuXPhos,34.89766998,34.54547119140625,25.508485794067383
reaction:2713,t-BuXPhos,3,t-BuXPhos,40.40712226,33.21405792236328,25.50184440612793
reaction:2714,t-BuXPhos,3,t-BuXPhos,0.3399420529999999,24.875797271728516,25.494117736816406
reaction:2715,t-BuXPhos,3,t-BuXPhos,37.12675544,30.737228393554688,25.500301361083984
reaction:2716,t-BuXPhos,3,t-BuXPhos,34.27058432,32.78069305419922,25.503154754638672
reaction:2717,t-BuXPhos,3,t-BuXPhos,1.3589469669999998,27.74625015258789,25.438018798828125
reaction:2718,t-BuXPhos,3,t-BuXPhos,57.33300234,37.91044616699219,25.457176208496094
reaction:2719,t-BuXPhos,3,t-BuXPhos,64.45105489,39.263301849365234,25.521888732910156
reaction:2720,t-BuXPhos,3,t-BuXPhos,61.13755675,45.287235260009766,25.502363204956055
reaction:2721,t-BuXPhos,3,t-BuXPhos,70.67829218,46.0193977355957,25.49775505065918
reaction:2722,t-BuXPhos,3,t-BuXPhos,58.46064001,47.46815872192383,25.49989891052246
reaction:2723,t-BuXPhos,3,t-BuXPhos,21.26152094,27.656787872314453,25.466121673583984
reaction:2724,t-BuXPhos,3,t-BuXPhos,61.01774399,39.875640869140625,25.51079750061035
reaction:2725,t-BuXPhos,3,t-BuXPhos,68.67316565,38.17485809326172,25.3383731842041
reaction:2726,t-BuXPhos,3,t-BuXPhos,24.48223218,26.830005645751953,25.49909210205078
reaction:2727,t-BuXPhos,3,t-BuXPhos,38.35488356,32.23239517211914,25.50386619567871
reaction:2728,t-BuXPhos,3,t-BuXPhos,42.68462411,30.820526123046875,25.499248504638672
reaction:2729,t-BuXPhos,3,t-BuXPhos,0.399824711,23.152311325073242,25.48361587524414
reaction:2730,t-BuXPhos,3,t-BuXPhos,47.37471195,30.247634887695312,25.4906005859375
reaction:2731,t-BuXPhos,3,t-BuXPhos,42.52654707,30.92289924621582,25.501697540283203
reaction:2732,t-BuXPhos,3,t-BuXPhos,1.442502721,27.11118507385254,25.438974380493164
reaction:2733,t-BuXPhos,3,t-BuXPhos,67.97015702,38.015323638916016,25.453813552856445
reaction:2734,t-BuXPhos,3,t-BuXPhos,67.99152053,38.174774169921875,25.5192813873291
reaction:2735,t-BuXPhos,3,t-BuXPhos,83.17489955,44.92241668701172,25.494384765625
reaction:2736,t-BuXPhos,3,t-BuXPhos,81.27460019,44.91844177246094,25.491809844970703
reaction:2737,t-BuXPhos,3,t-BuXPhos,84.68245385,43.96728515625,25.494054794311523
reaction:2738,t-BuXPhos,3,t-BuXPhos,23.79770547,27.55329132080078,25.459064483642578
reaction:2739,t-BuXPhos,3,t-BuXPhos,79.51166554,41.18041229248047,25.508380889892578
reaction:2740,t-BuXPhos,3,t-BuXPhos,79.64252926,39.007476806640625,25.3630313873291
reaction:2741,t-BuXPhos,3,t-BuXPhos,31.73318055,27.16472625732422,25.506837844848633
reaction:2742,t-BuXPhos,3,t-BuXPhos,33.92093167,32.136207580566406,25.516986846923828
reaction:2743,t-BuXPhos,3,t-BuXPhos,38.41251828,31.500829696655273,25.51180648803711
reaction:2744,t-BuXPhos,3,t-BuXPhos,1.277604509,24.44804573059082,25.492156982421875
reaction:2745,t-BuXPhos,3,t-BuXPhos,46.04956103,34.12480163574219,25.498321533203125
reaction:2746,t-BuXPhos,3,t-BuXPhos,43.335395,31.56718635559082,25.51066017150879
reaction:2747,t-BuXPhos,3,t-BuXPhos,9.850315112,28.96756362915039,25.447525024414062
reaction:2748,t-BuXPhos,3,t-BuXPhos,63.8388463,39.40549087524414,25.462894439697266
reaction:2749,t-BuXPhos,3,t-BuXPhos,64.60187181,37.32290267944336,25.53181266784668
reaction:2750,t-BuXPhos,3,t-BuXPhos,54.53336611,44.50751495361328,25.510215759277344
reaction:2751,t-BuXPhos,3,t-BuXPhos,55.70352222,44.01778030395508,25.49973487854004
reaction:2752,t-BuXPhos,3,t-BuXPhos,57.7580975,43.04561996459961,25.506711959838867
reaction:2753,t-BuXPhos,3,t-BuXPhos,51.955783200000006,26.432941436767578,25.475719451904297
reaction:2754,t-BuXPhos,3,t-BuXPhos,71.32414041,34.00214385986328,25.520078659057617
reaction:2755,t-BuXPhos,3,t-BuXPhos,78.36249844,33.359310150146484,25.373291015625
reaction:2756,t-BuXPhos,3,t-BuXPhos,31.26129694,28.95308494567871,25.516298294067383
reaction:2757,t-BuXPhos,3,t-BuXPhos,38.72175402,34.296669006347656,25.517078399658203
reaction:2758,t-BuXPhos,3,t-BuXPhos,36.57290373,32.77540969848633,25.510717391967773
reaction:2759,t-BuXPhos,3,t-BuXPhos,0.719285108,24.36576271057129,25.50274658203125
reaction:2760,t-BuXPhos,3,t-BuXPhos,36.22635154,32.25364303588867,25.508506774902344
reaction:2761,t-BuXPhos,3,t-BuXPhos,33.94655387,32.24659729003906,25.511560440063477
reaction:2762,t-BuXPhos,3,t-BuXPhos,3.373624056,27.55963706970215,25.445871353149414
reaction:2763,t-BuXPhos,3,t-BuXPhos,54.46826622,39.38206100463867,25.46550178527832
reaction:2764,t-BuXPhos,3,t-BuXPhos,62.7905956,38.70695495605469,25.53049659729004
reaction:2765,t-BuXPhos,3,t-BuXPhos,66.11270607,45.47217559814453,25.51060676574707
reaction:2766,t-BuXPhos,3,t-BuXPhos,66.35401825,46.36328887939453,25.506277084350586
reaction:2767,t-BuXPhos,3,t-BuXPhos,65.50261834,46.17838668823242,25.50850486755371
reaction:2768,t-BuXPhos,3,t-BuXPhos,33.03335054,27.94034767150879,25.474611282348633
reaction:2769,t-BuXPhos,3,t-BuXPhos,65.91039362,39.57993698120117,25.519285202026367
reaction:2770,t-BuXPhos,3,t-BuXPhos,67.31022474,37.44599533081055,25.346620559692383
reaction:2771,t-BuXPhos,3,t-BuXPhos,33.931236600000005,28.560012817382812,25.509267807006836
reaction:2772,t-BuXPhos,3,t-BuXPhos,40.60161129,33.04826736450195,25.513917922973633
reaction:2773,t-BuXPhos,3,t-BuXPhos,42.25144884,31.566673278808594,25.510025024414062
reaction:2774,t-BuXPhos,3,t-BuXPhos,1.152603634,23.590293884277344,25.49341583251953
reaction:2775,t-BuXPhos,3,t-BuXPhos,46.21141257,33.17904281616211,25.50010108947754
reaction:2776,t-BuXPhos,3,t-BuXPhos,44.40779423,31.450716018676758,25.51215362548828
reaction:2777,t-BuXPhos,3,t-BuXPhos,3.864236463,27.853242874145508,25.448240280151367
reaction:2778,t-BuXPhos,3,t-BuXPhos,69.25619095,41.03113555908203,25.46394157409668
reaction:2779,t-BuXPhos,3,t-BuXPhos,68.71737558,38.59500503540039,25.529888153076172
reaction:2780,t-BuXPhos,3,t-BuXPhos,82.51131881,47.666099548339844,25.504575729370117
reaction:2781,t-BuXPhos,3,t-BuXPhos,84.42429873,46.19121170043945,25.50205421447754
reaction:2782,t-BuXPhos,3,t-BuXPhos,83.82528245,43.88789749145508,25.504430770874023
reaction:2783,t-BuXPhos,3,t-BuXPhos,33.61928283,28.644306182861328,25.46934700012207
reaction:2784,t-BuXPhos,3,t-BuXPhos,76.73725946,42.181480407714844,25.519559860229492
reaction:2785,t-BuXPhos,3,t-BuXPhos,78.2529931,39.62226104736328,25.373355865478516
reaction:2786,t-BuXPhos,3,t-BuXPhos,33.44709826,29.193437576293945,25.50137710571289
reaction:2787,t-BuXPhos,3,t-BuXPhos,36.56526068,31.95081329345703,25.511701583862305
reaction:2788,t-BuXPhos,3,t-BuXPhos,39.55792883,31.421077728271484,25.506736755371094
reaction:2789,t-BuXPhos,3,t-BuXPhos,8.38964842,26.14324951171875,25.48676109313965
reaction:2790,t-BuXPhos,3,t-BuXPhos,65.92742304,35.359458923339844,25.492324829101562
reaction:2791,t-BuXPhos,3,t-BuXPhos,63.53284655,33.016544342041016,25.505693435668945
reaction:2792,t-BuXPhos,3,t-BuXPhos,9.771808987,29.02921485900879,25.442752838134766
reaction:2793,t-BuXPhos,3,t-BuXPhos,64.80559966,38.341087341308594,25.458280563354492
reaction:2794,t-BuXPhos,3,t-BuXPhos,63.41514905,37.6966667175293,25.526941299438477
reaction:2795,t-BuXPhos,3,t-BuXPhos,62.46560879,43.53346252441406,25.505481719970703
reaction:2796,t-BuXPhos,3,t-BuXPhos,64.57811697,43.30310821533203,25.493968963623047
reaction:2797,t-BuXPhos,3,t-BuXPhos,63.222267,41.77581787109375,25.501815795898438
reaction:2798,t-BuXPhos,3,t-BuXPhos,65.33671460000001,28.26297378540039,25.471172332763672
reaction:2799,t-BuXPhos,3,t-BuXPhos,72.70586315,33.58600997924805,25.51547622680664
reaction:2800,t-BuXPhos,3,t-BuXPhos,76.79526891,32.865997314453125,25.367307662963867
reaction:2801,t-BuXPhos,3,t-BuXPhos,33.27025402,32.29189682006836,25.510498046875
reaction:2802,t-BuXPhos,3,t-BuXPhos,39.35320613,34.842140197753906,25.511180877685547
reaction:2803,t-BuXPhos,3,t-BuXPhos,39.02512557,33.46101379394531,25.504573822021484
reaction:2804,t-BuXPhos,3,t-BuXPhos,41.03794598,30.631038665771484,25.496734619140625
reaction:2805,t-BuXPhos,3,t-BuXPhos,57.95486785,35.45065689086914,25.502031326293945
reaction:2806,t-BuXPhos,3,t-BuXPhos,52.14546944,35.465511322021484,25.505863189697266
reaction:2807,t-BuXPhos,3,t-BuXPhos,5.06261629,28.768177032470703,25.44040870666504
reaction:2808,t-BuXPhos,3,t-BuXPhos,57.19204969,39.20183181762695,25.459707260131836
reaction:2809,t-BuXPhos,3,t-BuXPhos,59.81582481,40.31867218017578,25.52431297302246
reaction:2810,t-BuXPhos,3,t-BuXPhos,62.39976577,45.7955207824707,25.505142211914062
reaction:2811,t-BuXPhos,3,t-BuXPhos,66.50686069,46.463111877441406,25.50004768371582
reaction:2812,t-BuXPhos,3,t-BuXPhos,62.22086343,45.93465805053711,25.502500534057617
reaction:2813,t-BuXPhos,3,t-BuXPhos,37.522573,32.64793395996094,25.468585968017578
reaction:2814,t-BuXPhos,3,t-BuXPhos,60.65973957,40.20561981201172,25.51357078552246
reaction:2815,t-BuXPhos,3,t-BuXPhos,65.9488999,38.16497802734375,25.340391159057617
reaction:2816,t-BuXPhos,3,t-BuXPhos,37.07516302,31.78769874572754,25.509014129638672
reaction:2817,t-BuXPhos,3,t-BuXPhos,39.89366621,32.981502532958984,25.513376235961914
reaction:2818,t-BuXPhos,3,t-BuXPhos,41.55598689,31.681398391723633,25.50895881652832
reaction:2819,t-BuXPhos,3,t-BuXPhos,42.05804129999999,29.556167602539062,25.493370056152344
reaction:2820,t-BuXPhos,3,t-BuXPhos,66.26538653,35.731693267822266,25.499526977539062
reaction:2821,t-BuXPhos,3,t-BuXPhos,56.80622374,33.8046989440918,25.511442184448242
reaction:2822,t-BuXPhos,3,t-BuXPhos,5.460903942000001,28.918241500854492,25.44860076904297
reaction:2823,t-BuXPhos,3,t-BuXPhos,69.07936453,40.743534088134766,25.463558197021484
reaction:2824,t-BuXPhos,3,t-BuXPhos,67.52036403,39.416053771972656,25.52890396118164
reaction:2825,t-BuXPhos,3,t-BuXPhos,84.81458604,47.993873596191406,25.504119873046875
reaction:2826,t-BuXPhos,3,t-BuXPhos,83.82537223,45.96469497680664,25.501117706298828
reaction:2827,t-BuXPhos,3,t-BuXPhos,85.99469652,43.410423278808594,25.5037899017334
reaction:2828,t-BuXPhos,3,t-BuXPhos,45.19876304,33.395626068115234,25.468603134155273
reaction:2829,t-BuXPhos,3,t-BuXPhos,78.63353277,42.18085479736328,25.518266677856445
reaction:2830,t-BuXPhos,3,t-BuXPhos,81.63071985,39.893310546875,25.372873306274414
reaction:2831,t-BuXPhos,3,t-BuXPhos,17.50108516,28.845775604248047,25.474367141723633
reaction:2832,t-BuXPhos,3,t-BuXPhos,38.94339394,34.838592529296875,25.485027313232422
reaction:2833,t-BuXPhos,3,t-BuXPhos,40.11142329,33.57946014404297,25.47991180419922
reaction:2834,t-BuXPhos,3,t-BuXPhos,0.0,26.472187042236328,25.459047317504883
reaction:2835,t-BuXPhos,3,t-BuXPhos,42.74477554,36.11313247680664,25.4658145904541
reaction:2836,t-BuXPhos,3,t-BuXPhos,44.8781348,32.79050827026367,25.478437423706055
reaction:2837,t-BuXPhos,3,t-BuXPhos,0.6491105420000001,30.544076919555664,25.415298461914062
reaction:2838,t-BuXPhos,3,t-BuXPhos,65.57301901,41.74999237060547,25.43113899230957
reaction:2839,t-BuXPhos,3,t-BuXPhos,66.67600965,39.31505584716797,25.49983787536621
reaction:2840,t-BuXPhos,3,t-BuXPhos,70.24905586,46.4169807434082,25.478784561157227
reaction:2841,t-BuXPhos,3,t-BuXPhos,69.97972982,46.585960388183594,25.46792984008789
reaction:2842,t-BuXPhos,3,t-BuXPhos,75.73582011,44.565826416015625,25.475257873535156
reaction:2843,t-BuXPhos,3,t-BuXPhos,8.776630532999999,28.41193199157715,25.443607330322266
reaction:2844,t-BuXPhos,3,t-BuXPhos,74.07785582,39.78177261352539,25.488048553466797
reaction:2845,t-BuXPhos,3,t-BuXPhos,75.28558302,35.30275344848633,25.34180450439453
reaction:2846,t-BuXPhos,3,t-BuXPhos,12.26279814,31.2197265625,25.479642868041992
reaction:2847,t-BuXPhos,3,t-BuXPhos,37.31441052,38.1595344543457,25.479265213012695
reaction:2848,t-BuXPhos,3,t-BuXPhos,36.58867026,36.489070892333984,25.473024368286133
reaction:2849,t-BuXPhos,3,t-BuXPhos,0.0,27.913475036621094,25.465682983398438
reaction:2850,t-BuXPhos,3,t-BuXPhos,38.66523027,37.204490661621094,25.471677780151367
reaction:2851,t-BuXPhos,3,t-BuXPhos,31.57364304,36.01667785644531,25.47323226928711
reaction:2852,t-BuXPhos,3,t-BuXPhos,0.638545637,30.804241180419922,25.409528732299805
reaction:2853,t-BuXPhos,3,t-BuXPhos,57.71086681,42.59103775024414,25.428192138671875
reaction:2854,t-BuXPhos,3,t-BuXPhos,59.93143231,42.59176254272461,25.492977142333984
reaction:2855,t-BuXPhos,3,t-BuXPhos,61.82340519,49.210227966308594,25.4727725982666
reaction:2856,t-BuXPhos,3,t-BuXPhos,71.09717455,51.084373474121094,25.468481063842773
reaction:2857,t-BuXPhos,3,t-BuXPhos,59.66718586,49.77400207519531,25.470935821533203
reaction:2858,t-BuXPhos,3,t-BuXPhos,6.7680647810000005,30.734037399291992,25.43602180480957
reaction:2859,t-BuXPhos,3,t-BuXPhos,63.07769687,44.24851608276367,25.482383728027344
reaction:2860,t-BuXPhos,3,t-BuXPhos,68.10761052,41.819549560546875,25.310773849487305
reaction:2861,t-BuXPhos,3,t-BuXPhos,12.21708819,30.176048278808594,25.476505279541016
reaction:2862,t-BuXPhos,3,t-BuXPhos,40.36775448,35.97058868408203,25.481536865234375
reaction:2863,t-BuXPhos,3,t-BuXPhos,42.68363634,34.41077423095703,25.477523803710938
reaction:2864,t-BuXPhos,3,t-BuXPhos,0.0,26.33964729309082,25.460601806640625
reaction:2865,t-BuXPhos,3,t-BuXPhos,47.71503964,36.41407012939453,25.467798233032227
reaction:2866,t-BuXPhos,3,t-BuXPhos,44.37252425,34.208961486816406,25.47878646850586
reaction:2867,t-BuXPhos,3,t-BuXPhos,0.609947969,30.336271286010742,25.4161319732666
reaction:2868,t-BuXPhos,3,t-BuXPhos,70.19925962,42.79677200317383,25.431854248046875
reaction:2869,t-BuXPhos,3,t-BuXPhos,65.42133393,41.86069107055664,25.496957778930664
reaction:2870,t-BuXPhos,3,t-BuXPhos,84.64975432,49.42577362060547,25.472461700439453
reaction:2871,t-BuXPhos,3,t-BuXPhos,83.38501147,49.988197326660156,25.46934700012207
reaction:2872,t-BuXPhos,3,t-BuXPhos,86.49714531,46.839447021484375,25.47243309020996
reaction:2873,t-BuXPhos,3,t-BuXPhos,0.0,30.76929473876953,25.436721801757812
reaction:2874,t-BuXPhos,3,t-BuXPhos,78.00288409,47.112457275390625,25.486526489257812
reaction:2875,t-BuXPhos,3,t-BuXPhos,79.34654649,42.96862030029297,25.340900421142578
reaction:2876,t-BuBrettPhos,2,t-BuBrettPhos,7.147036957999999,13.32187271118164,16.321409225463867
reaction:2877,t-BuBrettPhos,2,t-BuBrettPhos,28.25277351,28.411636352539062,15.475383758544922
reaction:2878,t-BuBrettPhos,2,t-BuBrettPhos,34.79607292,38.72312545776367,15.351428031921387
reaction:2879,t-BuBrettPhos,2,t-BuBrettPhos,0.4713272579999999,8.29304313659668,16.427513122558594
reaction:2880,t-BuBrettPhos,2,t-BuBrettPhos,38.40946204,41.608551025390625,16.473426818847656
reaction:2881,t-BuBrettPhos,2,t-BuBrettPhos,42.82874785,48.635250091552734,16.454736709594727
reaction:2882,t-BuBrettPhos,2,t-BuBrettPhos,6.975926865,10.35740852355957,15.472368240356445
reaction:2883,t-BuBrettPhos,2,t-BuBrettPhos,54.39040243,58.43805694580078,15.70107364654541
reaction:2884,t-BuBrettPhos,2,t-BuBrettPhos,68.43167679,66.38224029541016,16.281110763549805
reaction:2885,t-BuBrettPhos,2,t-BuBrettPhos,70.51359377,64.1989974975586,16.856035232543945
reaction:2886,t-BuBrettPhos,2,t-BuBrettPhos,72.16100406,69.05956268310547,16.49189567565918
reaction:2887,t-BuBrettPhos,2,t-BuBrettPhos,78.28452045,73.9991683959961,16.10003089904785
reaction:2888,t-BuBrettPhos,2,t-BuBrettPhos,6.877576478,14.881975173950195,16.093599319458008
reaction:2889,t-BuBrettPhos,2,t-BuBrettPhos,47.63735715,48.540184020996094,17.384794235229492
reaction:2890,t-BuBrettPhos,2,t-BuBrettPhos,52.16406686,60.93666458129883,16.132814407348633
reaction:2891,t-BuBrettPhos,2,t-BuBrettPhos,3.849200649,4.864091873168945,16.43513298034668
reaction:2892,t-BuBrettPhos,2,t-BuBrettPhos,35.33279168,26.166954040527344,15.553360939025879
reaction:2893,t-BuBrettPhos,2,t-BuBrettPhos,37.62624076,36.60783767700195,15.43005084991455
reaction:2894,t-BuBrettPhos,2,t-BuBrettPhos,0.0,0.04711151123046875,16.488330841064453
reaction:2895,t-BuBrettPhos,2,t-BuBrettPhos,25.94389985,26.3514347076416,16.536714553833008
reaction:2896,t-BuBrettPhos,2,t-BuBrettPhos,42.12607272,39.57369613647461,16.545852661132812
reaction:2897,t-BuBrettPhos,2,t-BuBrettPhos,3.554195282,-0.025236129760742188,15.01217269897461
reaction:2898,t-BuBrettPhos,2,t-BuBrettPhos,50.4472159,41.423316955566406,15.83935260772705
reaction:2899,t-BuBrettPhos,2,t-BuBrettPhos,62.03548199,62.14926528930664,16.46642303466797
reaction:2900,t-BuBrettPhos,2,t-BuBrettPhos,55.58164705,33.588157653808594,16.939414978027344
reaction:2901,t-BuBrettPhos,2,t-BuBrettPhos,56.60877307,42.355873107910156,16.548654556274414
reaction:2902,t-BuBrettPhos,2,t-BuBrettPhos,69.52780108,50.66272735595703,16.203475952148438
reaction:2903,t-BuBrettPhos,2,t-BuBrettPhos,2.7908224180000003,4.547779083251953,16.209850311279297
reaction:2904,t-BuBrettPhos,2,t-BuBrettPhos,55.60412419,52.215248107910156,17.418079376220703
reaction:2905,t-BuBrettPhos,2,t-BuBrettPhos,65.50667277,64.04882049560547,16.267641067504883
reaction:2906,t-BuBrettPhos,2,t-BuBrettPhos,3.638207936,6.61247444152832,16.321626663208008
reaction:2907,t-BuBrettPhos,2,t-BuBrettPhos,35.20060583,32.010780334472656,15.062013626098633
reaction:2908,t-BuBrettPhos,2,t-BuBrettPhos,40.48594286,45.303802490234375,15.048184394836426
reaction:2909,t-BuBrettPhos,2,t-BuBrettPhos,0.0,-0.3335094451904297,16.3895263671875
reaction:2910,t-BuBrettPhos,2,t-BuBrettPhos,31.9378098,36.53080368041992,16.50736427307129
reaction:2911,t-BuBrettPhos,2,t-BuBrettPhos,49.97942971,49.05069351196289,16.55359649658203
reaction:2912,t-BuBrettPhos,2,t-BuBrettPhos,4.04132523,-0.170654296875,15.536981582641602
reaction:2913,t-BuBrettPhos,2,t-BuBrettPhos,55.23935567,55.34159851074219,15.777704238891602
reaction:2914,t-BuBrettPhos,2,t-BuBrettPhos,71.83207772,74.92105865478516,16.468542098999023
reaction:2915,t-BuBrettPhos,2,t-BuBrettPhos,71.00136701,61.992454528808594,16.961450576782227
reaction:2916,t-BuBrettPhos,2,t-BuBrettPhos,80.78104004,73.71917724609375,16.472414016723633
reaction:2917,t-BuBrettPhos,2,t-BuBrettPhos,91.13914928,88.8699722290039,16.202369689941406
reaction:2918,t-BuBrettPhos,2,t-BuBrettPhos,2.354282195,5.697671890258789,16.22247886657715
reaction:2919,t-BuBrettPhos,2,t-BuBrettPhos,72.70181754,67.83731079101562,17.433246612548828
reaction:2920,t-BuBrettPhos,2,t-BuBrettPhos,81.99763098,84.07328796386719,16.233200073242188
reaction:2921,t-BuBrettPhos,2,t-BuBrettPhos,1.2229069259999998,10.373739242553711,15.083580017089844
reaction:2922,t-BuBrettPhos,2,t-BuBrettPhos,24.60563466,23.426923751831055,14.164511680603027
reaction:2923,t-BuBrettPhos,2,t-BuBrettPhos,33.55651029,32.37667465209961,14.04089641571045
reaction:2924,t-BuBrettPhos,2,t-BuBrettPhos,0.0,4.738496780395508,15.195714950561523
reaction:2925,t-BuBrettPhos,2,t-BuBrettPhos,46.67086698,41.744380950927734,15.248961448669434
reaction:2926,t-BuBrettPhos,2,t-BuBrettPhos,49.72808893,47.201656341552734,15.239473342895508
reaction:2927,t-BuBrettPhos,2,t-BuBrettPhos,7.810317962999999,6.316886901855469,14.159882545471191
reaction:2928,t-BuBrettPhos,2,t-BuBrettPhos,64.56169067,59.76066207885742,14.412162780761719
reaction:2929,t-BuBrettPhos,2,t-BuBrettPhos,69.13688603,62.66020584106445,15.041023254394531
reaction:2930,t-BuBrettPhos,2,t-BuBrettPhos,80.28534176,62.89854431152344,15.6575927734375
reaction:2931,t-BuBrettPhos,2,t-BuBrettPhos,77.62777181,64.70191955566406,15.267988204956055
reaction:2932,t-BuBrettPhos,2,t-BuBrettPhos,82.33244396,69.27827453613281,14.84571361541748
reaction:2933,t-BuBrettPhos,2,t-BuBrettPhos,0.0,13.050691604614258,14.834344863891602
reaction:2934,t-BuBrettPhos,2,t-BuBrettPhos,35.33291059,38.17746353149414,16.230297088623047
reaction:2935,t-BuBrettPhos,2,t-BuBrettPhos,55.96628365,59.14004898071289,14.885074615478516
reaction:2936,t-BuBrettPhos,2,t-BuBrettPhos,13.70204119,9.52949333190918,15.139996528625488
reaction:2937,t-BuBrettPhos,2,t-BuBrettPhos,37.08529427,30.898860931396484,14.178252220153809
reaction:2938,t-BuBrettPhos,2,t-BuBrettPhos,36.0162633,36.63371658325195,14.05402660369873
reaction:2939,t-BuBrettPhos,2,t-BuBrettPhos,0.0,1.8484764099121094,15.19504451751709
reaction:2940,t-BuBrettPhos,2,t-BuBrettPhos,34.74723042,32.396026611328125,15.250885009765625
reaction:2941,t-BuBrettPhos,2,t-BuBrettPhos,40.08752213,41.81247329711914,15.272302627563477
reaction:2942,t-BuBrettPhos,2,t-BuBrettPhos,4.7108856,1.9102458953857422,13.581650733947754
reaction:2943,t-BuBrettPhos,2,t-BuBrettPhos,59.00727735,48.77603530883789,14.493614196777344
reaction:2944,t-BuBrettPhos,2,t-BuBrettPhos,60.61766338,63.9249267578125,15.176226615905762
reaction:2945,t-BuBrettPhos,2,t-BuBrettPhos,56.33395035,41.10992431640625,15.683591842651367
reaction:2946,t-BuBrettPhos,2,t-BuBrettPhos,60.94658978,46.014556884765625,15.263603210449219
reaction:2947,t-BuBrettPhos,2,t-BuBrettPhos,63.37225968,54.20519256591797,14.889683723449707
reaction:2948,t-BuBrettPhos,2,t-BuBrettPhos,8.39178019,8.816455841064453,14.893183708190918
reaction:2949,t-BuBrettPhos,2,t-BuBrettPhos,56.79309437,53.74169921875,16.20407485961914
reaction:2950,t-BuBrettPhos,2,t-BuBrettPhos,61.57150807,65.17717742919922,14.964337348937988
reaction:2951,t-BuBrettPhos,2,t-BuBrettPhos,11.32681683,11.485940933227539,15.02701187133789
reaction:2952,t-BuBrettPhos,2,t-BuBrettPhos,38.5374711,36.660003662109375,13.64898681640625
reaction:2953,t-BuBrettPhos,2,t-BuBrettPhos,41.728023,45.961524963378906,13.646008491516113
reaction:2954,t-BuBrettPhos,2,t-BuBrettPhos,0.0,1.8402976989746094,15.096197128295898
reaction:2955,t-BuBrettPhos,2,t-BuBrettPhos,46.19860459,42.91230773925781,15.228611946105957
reaction:2956,t-BuBrettPhos,2,t-BuBrettPhos,49.53018855,51.73394775390625,15.2899808883667
reaction:2957,t-BuBrettPhos,2,t-BuBrettPhos,4.961974313,2.1327877044677734,14.1697359085083
reaction:2958,t-BuBrettPhos,2,t-BuBrettPhos,70.71411309999999,64.29200744628906,14.437102317810059
reaction:2959,t-BuBrettPhos,2,t-BuBrettPhos,71.82751675,76.38309478759766,15.187925338745117
reaction:2960,t-BuBrettPhos,2,t-BuBrettPhos,86.6996801,72.37320709228516,15.716416358947754
reaction:2961,t-BuBrettPhos,2,t-BuBrettPhos,84.33974431,79.74340057373047,15.19116497039795
reaction:2962,t-BuBrettPhos,2,t-BuBrettPhos,89.12987666,91.23035430908203,14.898848533630371
reaction:2963,t-BuBrettPhos,2,t-BuBrettPhos,6.458217991000001,10.05793571472168,14.917069435119629
reaction:2964,t-BuBrettPhos,2,t-BuBrettPhos,76.47373216,70.19241333007812,16.22981834411621
reaction:2965,t-BuBrettPhos,2,t-BuBrettPhos,83.59935968,84.96632385253906,14.93631362915039
reaction:2966,t-BuBrettPhos,2,t-BuBrettPhos,14.29478531,15.994633674621582,16.416532516479492
reaction:2967,t-BuBrettPhos,2,t-BuBrettPhos,28.32846401,24.2441463470459,15.580914497375488
reaction:2968,t-BuBrettPhos,2,t-BuBrettPhos,36.31466019,32.59352493286133,15.464664459228516
reaction:2969,t-BuBrettPhos,2,t-BuBrettPhos,7.206982067,21.428237915039062,16.525449752807617
reaction:2970,t-BuBrettPhos,2,t-BuBrettPhos,57.87284649,60.21323776245117,16.568878173828125
reaction:2971,t-BuBrettPhos,2,t-BuBrettPhos,60.98476598,60.728572845458984,16.562633514404297
reaction:2972,t-BuBrettPhos,2,t-BuBrettPhos,9.444894792,7.867694854736328,15.579471588134766
reaction:2973,t-BuBrettPhos,2,t-BuBrettPhos,65.10791868,65.27017974853516,15.799927711486816
reaction:2974,t-BuBrettPhos,2,t-BuBrettPhos,72.37220718,62.672576904296875,16.384254455566406
reaction:2975,t-BuBrettPhos,2,t-BuBrettPhos,78.76794462,66.78561401367188,16.949344635009766
reaction:2976,t-BuBrettPhos,2,t-BuBrettPhos,77.82985513,66.36902618408203,16.59002685546875
reaction:2977,t-BuBrettPhos,2,t-BuBrettPhos,79.30639259,70.05500793457031,16.20089340209961
reaction:2978,t-BuBrettPhos,2,t-BuBrettPhos,6.010382761,22.232608795166016,16.194643020629883
reaction:2979,t-BuBrettPhos,2,t-BuBrettPhos,37.26514805,40.45817565917969,17.478816986083984
reaction:2980,t-BuBrettPhos,2,t-BuBrettPhos,54.37431586,58.15519714355469,16.236879348754883
reaction:2981,t-BuBrettPhos,2,t-BuBrettPhos,27.94500953,17.98943328857422,16.412397384643555
reaction:2982,t-BuBrettPhos,2,t-BuBrettPhos,36.81475234,33.5066032409668,15.534219741821289
reaction:2983,t-BuBrettPhos,2,t-BuBrettPhos,36.76661903,38.32002639770508,15.417613983154297
reaction:2984,t-BuBrettPhos,2,t-BuBrettPhos,39.97323526,31.785852432250977,16.469158172607422
reaction:2985,t-BuBrettPhos,2,t-BuBrettPhos,57.13220837,54.37584686279297,16.515037536621094
reaction:2986,t-BuBrettPhos,2,t-BuBrettPhos,60.30536067,58.42761993408203,16.537248611450195
reaction:2987,t-BuBrettPhos,2,t-BuBrettPhos,7.74850436,4.783222198486328,14.994215965270996
reaction:2988,t-BuBrettPhos,2,t-BuBrettPhos,57.9781308,56.21192932128906,15.81620979309082
reaction:2989,t-BuBrettPhos,2,t-BuBrettPhos,66.51493362,65.2087173461914,16.451398849487305
reaction:2990,t-BuBrettPhos,2,t-BuBrettPhos,58.92871095,45.227989196777344,16.918540954589844
reaction:2991,t-BuBrettPhos,2,t-BuBrettPhos,59.21092574,48.441307067871094,16.530210494995117
reaction:2992,t-BuBrettPhos,2,t-BuBrettPhos,60.412252,56.089256286621094,16.184988021850586
reaction:2993,t-BuBrettPhos,2,t-BuBrettPhos,32.73462184,19.953397750854492,16.191518783569336
reaction:2994,t-BuBrettPhos,2,t-BuBrettPhos,59.47851607,57.404998779296875,17.401567459106445
reaction:2995,t-BuBrettPhos,2,t-BuBrettPhos,64.00575958,67.34285736083984,16.25289535522461
reaction:2996,t-BuBrettPhos,2,t-BuBrettPhos,29.60669897,22.6409912109375,16.25640296936035
reaction:2997,t-BuBrettPhos,2,t-BuBrettPhos,38.03109863,40.720211029052734,14.996901512145996
reaction:2998,t-BuBrettPhos,2,t-BuBrettPhos,41.71330917,49.10443878173828,14.989866256713867
reaction:2999,t-BuBrettPhos,2,t-BuBrettPhos,41.98383636,34.28882598876953,16.327594757080078
reaction:3000,t-BuBrettPhos,2,t-BuBrettPhos,67.81431274,66.40709686279297,16.44389533996582
reaction:3001,t-BuBrettPhos,2,t-BuBrettPhos,65.94429183,69.39497375488281,16.502084732055664
reaction:3002,t-BuBrettPhos,2,t-BuBrettPhos,12.64243358,6.910755157470703,15.475141525268555
reaction:3003,t-BuBrettPhos,2,t-BuBrettPhos,74.21032846,73.88317108154297,15.710383415222168
reaction:3004,t-BuBrettPhos,2,t-BuBrettPhos,75.06056887,79.68932342529297,16.411348342895508
reaction:3005,t-BuBrettPhos,2,t-BuBrettPhos,90.99050642,82.23140716552734,16.900081634521484
reaction:3006,t-BuBrettPhos,2,t-BuBrettPhos,84.34096533,84.5684814453125,16.411907196044922
reaction:3007,t-BuBrettPhos,2,t-BuBrettPhos,88.72522624,96.1336898803711,16.1414794921875
reaction:3008,t-BuBrettPhos,2,t-BuBrettPhos,36.05104123,24.965084075927734,16.1614933013916
reaction:3009,t-BuBrettPhos,2,t-BuBrettPhos,77.28415340000001,77.07574462890625,17.376996994018555
reaction:3010,t-BuBrettPhos,2,t-BuBrettPhos,85.60572483,90.3954086303711,16.1755313873291
reaction:3011,t-BuBrettPhos,2,t-BuBrettPhos,1.637827855,6.170793533325195,16.148170471191406
reaction:3012,t-BuBrettPhos,2,t-BuBrettPhos,27.00233561,22.298187255859375,15.294265747070312
reaction:3013,t-BuBrettPhos,2,t-BuBrettPhos,31.38632484,31.489883422851562,15.178260803222656
reaction:3014,t-BuBrettPhos,2,t-BuBrettPhos,0.0,4.358457565307617,16.25789451599121
reaction:3015,t-BuBrettPhos,2,t-BuBrettPhos,38.20230031,21.350086212158203,16.30321502685547
reaction:3016,t-BuBrettPhos,2,t-BuBrettPhos,39.32745332,42.499908447265625,16.292015075683594
reaction:3017,t-BuBrettPhos,2,t-BuBrettPhos,4.950264204,4.761024475097656,15.289966583251953
reaction:3018,t-BuBrettPhos,2,t-BuBrettPhos,63.52683766,48.058143615722656,15.522724151611328
reaction:3019,t-BuBrettPhos,2,t-BuBrettPhos,64.23525691,59.51890563964844,16.097782135009766
reaction:3020,t-BuBrettPhos,2,t-BuBrettPhos,75.99606764,53.916107177734375,16.68307876586914
reaction:3021,t-BuBrettPhos,2,t-BuBrettPhos,73.60085469,59.442291259765625,16.32093048095703
reaction:3022,t-BuBrettPhos,2,t-BuBrettPhos,77.54678733,67.16910552978516,15.922746658325195
reaction:3023,t-BuBrettPhos,2,t-BuBrettPhos,0.970209889,5.332847595214844,15.918291091918945
reaction:3024,t-BuBrettPhos,2,t-BuBrettPhos,45.30338681,34.98662567138672,17.22332191467285
reaction:3025,t-BuBrettPhos,2,t-BuBrettPhos,49.87050942,52.20691680908203,15.960868835449219
reaction:3026,t-BuBrettPhos,2,t-BuBrettPhos,5.265059572,1.4465198516845703,16.171234130859375
reaction:3027,t-BuBrettPhos,2,t-BuBrettPhos,36.39098731,25.297040939331055,15.275554656982422
reaction:3028,t-BuBrettPhos,2,t-BuBrettPhos,36.44138063,31.93641471862793,15.159873962402344
reaction:3029,t-BuBrettPhos,2,t-BuBrettPhos,0.0,-0.7722454071044922,16.22757911682129
reaction:3030,t-BuBrettPhos,2,t-BuBrettPhos,35.28694368,17.65414810180664,16.275644302368164
reaction:3031,t-BuBrettPhos,2,t-BuBrettPhos,42.09555031,36.060550689697266,16.29301643371582
reaction:3032,t-BuBrettPhos,2,t-BuBrettPhos,3.678633066,-1.3016490936279297,14.723237037658691
reaction:3033,t-BuBrettPhos,2,t-BuBrettPhos,50.63065751,36.830631256103516,15.567607879638672
reaction:3034,t-BuBrettPhos,2,t-BuBrettPhos,61.65083258,57.71316146850586,16.193937301635742
reaction:3035,t-BuBrettPhos,2,t-BuBrettPhos,52.72286451,29.598356246948242,16.67793846130371
reaction:3036,t-BuBrettPhos,2,t-BuBrettPhos,62.07451283,38.200931549072266,16.287601470947266
reaction:3037,t-BuBrettPhos,2,t-BuBrettPhos,61.80067802,48.95147705078125,15.934164047241211
reaction:3038,t-BuBrettPhos,2,t-BuBrettPhos,3.0359005960000003,-0.15267181396484375,15.942941665649414
reaction:3039,t-BuBrettPhos,2,t-BuBrettPhos,58.2347243,31.756988525390625,17.171157836914062
reaction:3040,t-BuBrettPhos,2,t-BuBrettPhos,66.48281999,59.09379577636719,16.004573822021484
reaction:3041,t-BuBrettPhos,2,t-BuBrettPhos,4.477162725,3.616720199584961,16.077327728271484
reaction:3042,t-BuBrettPhos,2,t-BuBrettPhos,37.34827699,30.889362335205078,14.798608779907227
reaction:3043,t-BuBrettPhos,2,t-BuBrettPhos,41.73289196,41.639434814453125,14.794468879699707
reaction:3044,t-BuBrettPhos,2,t-BuBrettPhos,0.0,-0.5380458831787109,16.14779281616211
reaction:3045,t-BuBrettPhos,2,t-BuBrettPhos,37.72387007,27.151412963867188,16.266937255859375
reaction:3046,t-BuBrettPhos,2,t-BuBrettPhos,49.04564688,46.21063232421875,16.321605682373047
reaction:3047,t-BuBrettPhos,2,t-BuBrettPhos,4.390150349,-0.8026332855224609,15.280364990234375
reaction:3048,t-BuBrettPhos,2,t-BuBrettPhos,57.96795904,49.820980072021484,15.527249336242676
reaction:3049,t-BuBrettPhos,2,t-BuBrettPhos,73.57415684,70.97494506835938,16.21721649169922
reaction:3050,t-BuBrettPhos,2,t-BuBrettPhos,74.69880742,57.943729400634766,16.72098731994629
reaction:3051,t-BuBrettPhos,2,t-BuBrettPhos,87.52908706,69.41516876220703,16.23125648498535
reaction:3052,t-BuBrettPhos,2,t-BuBrettPhos,89.61417594,86.58997344970703,15.95449161529541
reaction:3053,t-BuBrettPhos,2,t-BuBrettPhos,2.405254053,0.9498767852783203,15.977313995361328
reaction:3054,t-BuBrettPhos,2,t-BuBrettPhos,77.09161451,58.09119415283203,17.206283569335938
reaction:3055,t-BuBrettPhos,2,t-BuBrettPhos,83.01646677,81.02848815917969,15.990788459777832
reaction:3056,AdBrettPhos,0,AdBrettPhos,6.891124522,9.561193466186523,16.14608383178711
reaction:3057,AdBrettPhos,0,AdBrettPhos,24.99527669,29.09024429321289,15.240320205688477
reaction:3058,AdBrettPhos,0,AdBrettPhos,37.54624547,35.08527374267578,15.235467910766602
reaction:3059,AdBrettPhos,0,AdBrettPhos,0.7063810420000001,3.2827072143554688,16.127294540405273
reaction:3060,AdBrettPhos,0,AdBrettPhos,42.52691913,36.404296875,16.05683708190918
reaction:3061,AdBrettPhos,0,AdBrettPhos,47.95299992,41.897918701171875,17.127971649169922
reaction:3062,AdBrettPhos,0,AdBrettPhos,2.294941324,10.149147033691406,15.277475357055664
reaction:3063,AdBrettPhos,0,AdBrettPhos,62.78571552,56.06095886230469,15.52507209777832
reaction:3064,AdBrettPhos,0,AdBrettPhos,69.97034068,63.74757385253906,15.945538520812988
reaction:3065,AdBrettPhos,0,AdBrettPhos,74.06067797,64.50050354003906,17.355247497558594
reaction:3066,AdBrettPhos,0,AdBrettPhos,77.51023369,67.3187255859375,16.29200553894043
reaction:3067,AdBrettPhos,0,AdBrettPhos,80.90631241,72.6353530883789,16.17293930053711
reaction:3068,AdBrettPhos,0,AdBrettPhos,8.332944957,9.473724365234375,15.600863456726074
reaction:3069,AdBrettPhos,0,AdBrettPhos,47.89881593,44.11042022705078,16.125051498413086
reaction:3070,AdBrettPhos,0,AdBrettPhos,61.03423565,52.32441711425781,15.314083099365234
reaction:3071,AdBrettPhos,0,AdBrettPhos,3.42165598,5.409482955932617,16.130266189575195
reaction:3072,AdBrettPhos,0,AdBrettPhos,26.24845362,32.3805046081543,15.315855026245117
reaction:3073,AdBrettPhos,0,AdBrettPhos,39.43512545,36.988243103027344,15.320948600769043
reaction:3074,AdBrettPhos,0,AdBrettPhos,0.0,-1.1982421875,16.24768829345703
reaction:3075,AdBrettPhos,0,AdBrettPhos,23.50114845,24.670581817626953,16.144834518432617
reaction:3076,AdBrettPhos,0,AdBrettPhos,39.99682926,39.02827072143555,17.185544967651367
reaction:3077,AdBrettPhos,0,AdBrettPhos,0.695599064,1.3802509307861328,14.82142162322998
reaction:3078,AdBrettPhos,0,AdBrettPhos,39.03126202,45.902408599853516,15.60608959197998
reaction:3079,AdBrettPhos,0,AdBrettPhos,61.69857953,62.51674270629883,16.0646915435791
reaction:3080,AdBrettPhos,0,AdBrettPhos,27.69709095,50.46610641479492,17.422077178955078
reaction:3081,AdBrettPhos,0,AdBrettPhos,36.62142901,57.68920135498047,16.270978927612305
reaction:3082,AdBrettPhos,0,AdBrettPhos,45.52130306,67.79190063476562,16.062232971191406
reaction:3083,AdBrettPhos,0,AdBrettPhos,2.782548169,3.6826839447021484,15.646806716918945
reaction:3084,AdBrettPhos,0,AdBrettPhos,53.27735781,52.96514129638672,16.215206146240234
reaction:3085,AdBrettPhos,0,AdBrettPhos,64.8702395,61.681884765625,14.950437545776367
reaction:3086,AdBrettPhos,0,AdBrettPhos,3.382805594,5.193889617919922,16.149635314941406
reaction:3087,AdBrettPhos,0,AdBrettPhos,31.53029931,32.94987487792969,14.900693893432617
reaction:3088,AdBrettPhos,0,AdBrettPhos,45.77926691,40.344722747802734,14.908387184143066
reaction:3089,AdBrettPhos,0,AdBrettPhos,0.0,-3.4372291564941406,16.247661590576172
reaction:3090,AdBrettPhos,0,AdBrettPhos,32.33228249,31.170820236206055,16.107501983642578
reaction:3091,AdBrettPhos,0,AdBrettPhos,49.75811265,43.42688751220703,17.17742919921875
reaction:3092,AdBrettPhos,0,AdBrettPhos,0.665471445,0.7105789184570312,15.34003734588623
reaction:3093,AdBrettPhos,0,AdBrettPhos,50.28049867,55.26567459106445,15.588379859924316
reaction:3094,AdBrettPhos,0,AdBrettPhos,75.02467082,71.95751953125,16.09912872314453
reaction:3095,AdBrettPhos,0,AdBrettPhos,52.59936901,69.95204162597656,17.406383514404297
reaction:3096,AdBrettPhos,0,AdBrettPhos,74.31911492,77.2650146484375,16.313417434692383
reaction:3097,AdBrettPhos,0,AdBrettPhos,92.11972779,88.59700012207031,16.041078567504883
reaction:3098,AdBrettPhos,0,AdBrettPhos,2.135901423,3.9722976684570312,15.640536308288574
reaction:3099,AdBrettPhos,0,AdBrettPhos,64.185973,67.09717559814453,16.182395935058594
reaction:3100,AdBrettPhos,0,AdBrettPhos,85.22067267,77.84752655029297,15.378484725952148
reaction:3101,AdBrettPhos,0,AdBrettPhos,0.552049908,10.497997283935547,15.221708297729492
reaction:3102,AdBrettPhos,0,AdBrettPhos,15.46929664,27.086048126220703,14.223482131958008
reaction:3103,AdBrettPhos,0,AdBrettPhos,29.68665622,34.37586975097656,14.215625762939453
reaction:3104,AdBrettPhos,0,AdBrettPhos,0.0,2.859529495239258,15.1930570602417
reaction:3105,AdBrettPhos,0,AdBrettPhos,42.07740888,44.293670654296875,15.107549667358398
reaction:3106,AdBrettPhos,0,AdBrettPhos,50.20384511,45.58466339111328,16.239912033081055
reaction:3107,AdBrettPhos,0,AdBrettPhos,0.0,10.411247253417969,14.278495788574219
reaction:3108,AdBrettPhos,0,AdBrettPhos,63.12102891,64.24394989013672,14.585898399353027
reaction:3109,AdBrettPhos,0,AdBrettPhos,67.79255716,64.31478881835938,14.932306289672852
reaction:3110,AdBrettPhos,0,AdBrettPhos,74.22961906,67.52086639404297,16.44919776916504
reaction:3111,AdBrettPhos,0,AdBrettPhos,75.06901133,66.96145629882812,15.347363471984863
reaction:3112,AdBrettPhos,0,AdBrettPhos,83.08232968,69.14777374267578,15.250068664550781
reaction:3113,AdBrettPhos,0,AdBrettPhos,0.0,10.94355583190918,14.601486206054688
reaction:3114,AdBrettPhos,0,AdBrettPhos,22.62644976,40.08344650268555,15.063570976257324
reaction:3115,AdBrettPhos,0,AdBrettPhos,62.72600186,56.083335876464844,14.302602767944336
reaction:3116,AdBrettPhos,0,AdBrettPhos,8.178111662000001,10.329320907592773,15.137833595275879
reaction:3117,AdBrettPhos,0,AdBrettPhos,33.60174029,33.45077133178711,14.231182098388672
reaction:3118,AdBrettPhos,0,AdBrettPhos,39.12761896,36.29762649536133,14.233734130859375
reaction:3119,AdBrettPhos,0,AdBrettPhos,0.0,-1.0373687744140625,15.251382827758789
reaction:3120,AdBrettPhos,0,AdBrettPhos,32.36655355,31.523162841796875,15.130119323730469
reaction:3121,AdBrettPhos,0,AdBrettPhos,40.59375347,39.67464065551758,16.234432220458984
reaction:3122,AdBrettPhos,0,AdBrettPhos,0.817066768,2.590961456298828,13.71088695526123
reaction:3123,AdBrettPhos,0,AdBrettPhos,50.58160419,52.19280242919922,14.599444389343262
reaction:3124,AdBrettPhos,0,AdBrettPhos,63.72449893,62.41490173339844,14.989301681518555
reaction:3125,AdBrettPhos,0,AdBrettPhos,33.94683682,54.72438049316406,16.45708465576172
reaction:3126,AdBrettPhos,0,AdBrettPhos,41.28086675,59.26908874511719,15.254316329956055
reaction:3127,AdBrettPhos,0,AdBrettPhos,47.58772845,66.37042236328125,15.063093185424805
reaction:3128,AdBrettPhos,0,AdBrettPhos,5.956665819,6.818950653076172,14.577454566955566
reaction:3129,AdBrettPhos,0,AdBrettPhos,57.2826498,52.91950607299805,15.091697692871094
reaction:3130,AdBrettPhos,0,AdBrettPhos,64.80074025,61.516387939453125,13.838150024414062
reaction:3131,AdBrettPhos,0,AdBrettPhos,7.126598877999999,11.830877304077148,15.14492416381836
reaction:3132,AdBrettPhos,0,AdBrettPhos,37.93567028,36.117862701416016,13.769482612609863
reaction:3133,AdBrettPhos,0,AdBrettPhos,45.20399384,42.62395477294922,13.772751808166504
reaction:3134,AdBrettPhos,0,AdBrettPhos,0.0,-1.2160568237304688,15.240264892578125
reaction:3135,AdBrettPhos,0,AdBrettPhos,41.28466002,41.185691833496094,15.079610824584961
reaction:3136,AdBrettPhos,0,AdBrettPhos,49.61017751,46.71986770629883,16.216798782348633
reaction:3137,AdBrettPhos,0,AdBrettPhos,0.789038452,3.9204025268554688,14.259442329406738
reaction:3138,AdBrettPhos,0,AdBrettPhos,63.68559531,66.2391128540039,14.569295883178711
reaction:3139,AdBrettPhos,0,AdBrettPhos,73.08177999,74.29957580566406,15.015073776245117
reaction:3140,AdBrettPhos,0,AdBrettPhos,72.98033012,79.07963562011719,16.429187774658203
reaction:3141,AdBrettPhos,0,AdBrettPhos,82.64502167,82.33114624023438,15.290042877197266
reaction:3142,AdBrettPhos,0,AdBrettPhos,90.64441503,89.33982849121094,15.02885627746582
reaction:3143,AdBrettPhos,0,AdBrettPhos,4.936303419,8.685577392578125,14.55986213684082
reaction:3144,AdBrettPhos,0,AdBrettPhos,73.81395251,69.05491638183594,15.043984413146973
reaction:3145,AdBrettPhos,0,AdBrettPhos,82.20776042,80.94801330566406,14.285964012145996
reaction:3146,AdBrettPhos,0,AdBrettPhos,4.618730656,19.629703521728516,16.067848205566406
reaction:3147,AdBrettPhos,0,AdBrettPhos,15.74680272,27.274127960205078,15.14321517944336
reaction:3148,AdBrettPhos,0,AdBrettPhos,30.87761179,34.28501510620117,15.140759468078613
reaction:3149,AdBrettPhos,0,AdBrettPhos,6.9705672320000005,19.145544052124023,16.052478790283203
reaction:3150,AdBrettPhos,0,AdBrettPhos,65.46891846,57.15544891357422,15.972445487976074
reaction:3151,AdBrettPhos,0,AdBrettPhos,66.01585424,57.07106018066406,17.049251556396484
reaction:3152,AdBrettPhos,0,AdBrettPhos,2.350274713,12.200567245483398,15.1978759765625
reaction:3153,AdBrettPhos,0,AdBrettPhos,70.85918563,63.44676971435547,15.46086597442627
reaction:3154,AdBrettPhos,0,AdBrettPhos,68.53030279,65.38433837890625,15.829221725463867
reaction:3155,AdBrettPhos,0,AdBrettPhos,76.3099624,67.31954193115234,17.26206398010254
reaction:3156,AdBrettPhos,0,AdBrettPhos,75.95426954,66.32124328613281,16.208391189575195
reaction:3157,AdBrettPhos,0,AdBrettPhos,82.34937004,66.78826141357422,16.09671401977539
reaction:3158,AdBrettPhos,0,AdBrettPhos,4.974394565,22.840194702148438,15.509462356567383
reaction:3159,AdBrettPhos,0,AdBrettPhos,25.79072036,39.11748504638672,15.98772144317627
reaction:3160,AdBrettPhos,0,AdBrettPhos,62.08187356,51.62425231933594,15.22098159790039
reaction:3161,AdBrettPhos,0,AdBrettPhos,19.16223306,23.121185302734375,15.944050788879395
reaction:3162,AdBrettPhos,0,AdBrettPhos,35.94447354,36.33910369873047,15.102121353149414
reaction:3163,AdBrettPhos,0,AdBrettPhos,37.90012178,40.13847351074219,15.109869003295898
reaction:3164,AdBrettPhos,0,AdBrettPhos,41.26452613,31.149980545043945,16.06141471862793
reaction:3165,AdBrettPhos,0,AdBrettPhos,59.06928985,52.532928466796875,15.947799682617188
reaction:3166,AdBrettPhos,0,AdBrettPhos,59.60099255,58.45281219482422,16.999784469604492
reaction:3167,AdBrettPhos,0,AdBrettPhos,2.42184546,8.113433837890625,14.615442276000977
reaction:3168,AdBrettPhos,0,AdBrettPhos,58.63301817,55.181236267089844,15.425620079040527
reaction:3169,AdBrettPhos,0,AdBrettPhos,63.99950596,67.57763671875,15.836912155151367
reaction:3170,AdBrettPhos,0,AdBrettPhos,34.05189508,58.442543029785156,17.226993560791016
reaction:3171,AdBrettPhos,0,AdBrettPhos,41.4297554,61.51823806762695,16.07310676574707
reaction:3172,AdBrettPhos,0,AdBrettPhos,47.77426479,67.32682800292969,15.873713493347168
reaction:3173,AdBrettPhos,0,AdBrettPhos,20.34813867,24.2426815032959,15.438220024108887
reaction:3174,AdBrettPhos,0,AdBrettPhos,60.49224443,56.04909896850586,15.968755722045898
reaction:3175,AdBrettPhos,0,AdBrettPhos,63.88080478,64.52227020263672,14.73504638671875
reaction:3176,AdBrettPhos,0,AdBrettPhos,21.60119174,26.200576782226562,15.955363273620605
reaction:3177,AdBrettPhos,0,AdBrettPhos,38.59563351,39.59974670410156,14.673863410949707
reaction:3178,AdBrettPhos,0,AdBrettPhos,44.68109157,46.2216911315918,14.68295955657959
reaction:3179,AdBrettPhos,0,AdBrettPhos,44.14137034,32.06922912597656,16.056306838989258
reaction:3180,AdBrettPhos,0,AdBrettPhos,66.81498604,62.62669372558594,15.904942512512207
reaction:3181,AdBrettPhos,0,AdBrettPhos,68.24812709999999,64.50456237792969,16.987886428833008
reaction:3182,AdBrettPhos,0,AdBrettPhos,2.579355469,11.070140838623047,15.135674476623535
reaction:3183,AdBrettPhos,0,AdBrettPhos,74.10582409999999,70.69635009765625,15.402738571166992
reaction:3184,AdBrettPhos,0,AdBrettPhos,72.8478499,79.86681365966797,15.866028785705566
reaction:3185,AdBrettPhos,0,AdBrettPhos,89.07661609,84.25808715820312,17.20484733581543
reaction:3186,AdBrettPhos,0,AdBrettPhos,85.65923047,85.53480529785156,16.112926483154297
reaction:3187,AdBrettPhos,0,AdBrettPhos,94.15173815,91.84629821777344,15.846301078796387
reaction:3188,AdBrettPhos,0,AdBrettPhos,24.93961347,28.57312774658203,15.42755126953125
reaction:3189,AdBrettPhos,0,AdBrettPhos,80.06524350000001,73.12393188476562,15.928428649902344
reaction:3190,AdBrettPhos,0,AdBrettPhos,86.19820374,84.78126525878906,15.161954879760742
reaction:3191,AdBrettPhos,0,AdBrettPhos,1.252505333,5.020389556884766,16.36189842224121
reaction:3192,AdBrettPhos,0,AdBrettPhos,16.04849725,27.67143440246582,15.459210395812988
reaction:3193,AdBrettPhos,0,AdBrettPhos,30.7124479,32.7286376953125,15.454139709472656
reaction:3194,AdBrettPhos,0,AdBrettPhos,0.0,2.0853443145751953,16.349952697753906
reaction:3195,AdBrettPhos,0,AdBrettPhos,0.0,36.557159423828125,16.27345085144043
reaction:3196,AdBrettPhos,0,AdBrettPhos,43.09475613,38.29679489135742,17.33228874206543
reaction:3197,AdBrettPhos,0,AdBrettPhos,0.0,7.2123565673828125,15.507912635803223
reaction:3198,AdBrettPhos,0,AdBrettPhos,47.34816594,57.25205993652344,15.765240669250488
reaction:3199,AdBrettPhos,0,AdBrettPhos,64.24887053,60.421688079833984,16.137760162353516
reaction:3200,AdBrettPhos,0,AdBrettPhos,57.59970402,64.98487854003906,17.522499084472656
reaction:3201,AdBrettPhos,0,AdBrettPhos,64.01092118,67.53359985351562,16.505094528198242
reaction:3202,AdBrettPhos,0,AdBrettPhos,72.26820117,69.03484344482422,16.392431259155273
reaction:3203,AdBrettPhos,0,AdBrettPhos,0.8684296779999999,3.1271724700927734,15.813898086547852
reaction:3204,AdBrettPhos,0,AdBrettPhos,42.09636278,43.030399322509766,16.285951614379883
reaction:3205,AdBrettPhos,0,AdBrettPhos,50.25936964,49.149757385253906,15.531377792358398
reaction:3206,AdBrettPhos,0,AdBrettPhos,2.443106533,4.198875427246094,16.27659797668457
reaction:3207,AdBrettPhos,0,AdBrettPhos,28.78693437,33.29708480834961,15.45805549621582
reaction:3208,AdBrettPhos,0,AdBrettPhos,34.85762141,35.85206985473633,15.462581634521484
reaction:3209,AdBrettPhos,0,AdBrettPhos,0.0,-0.51666259765625,16.396526336669922
reaction:3210,AdBrettPhos,0,AdBrettPhos,20.89901676,29.207794189453125,16.286943435668945
reaction:3211,AdBrettPhos,0,AdBrettPhos,36.0742325,37.79692459106445,17.319454193115234
reaction:3212,AdBrettPhos,0,AdBrettPhos,0.489724505,1.7422428131103516,14.978708267211914
reaction:3213,AdBrettPhos,0,AdBrettPhos,37.99056967,47.23169708251953,15.7695951461792
reaction:3214,AdBrettPhos,0,AdBrettPhos,56.47944581,61.406436920166016,16.18285369873047
reaction:3215,AdBrettPhos,0,AdBrettPhos,26.8260429,51.286590576171875,17.52285385131836
reaction:3216,AdBrettPhos,0,AdBrettPhos,36.10071383,60.321693420410156,16.410167694091797
reaction:3217,AdBrettPhos,0,AdBrettPhos,46.52870973,65.0212173461914,16.211162567138672
reaction:3218,AdBrettPhos,0,AdBrettPhos,1.470956156,1.3570499420166016,15.783341407775879
reaction:3219,AdBrettPhos,0,AdBrettPhos,0.0,54.92303466796875,16.304203033447266
reaction:3220,AdBrettPhos,0,AdBrettPhos,57.24624739,61.56279373168945,15.09632682800293
reaction:3221,AdBrettPhos,0,AdBrettPhos,2.103607287,4.833438873291016,16.294635772705078
reaction:3222,AdBrettPhos,0,AdBrettPhos,29.62604669,35.21781539916992,15.045769691467285
reaction:3223,AdBrettPhos,0,AdBrettPhos,40.21154517,41.448097229003906,15.052509307861328
reaction:3224,AdBrettPhos,0,AdBrettPhos,0.0,-1.7682304382324219,16.396625518798828
reaction:3225,AdBrettPhos,0,AdBrettPhos,23.916357,35.89308166503906,16.24995994567871
reaction:3226,AdBrettPhos,0,AdBrettPhos,44.44845486,43.23244094848633,17.3121337890625
reaction:3227,AdBrettPhos,0,AdBrettPhos,0.490842961,2.1510486602783203,15.492497444152832
reaction:3228,AdBrettPhos,0,AdBrettPhos,39.51845686,58.818084716796875,15.75234603881836
reaction:3229,AdBrettPhos,0,AdBrettPhos,69.71995068,71.92903137207031,16.21729850769043
reaction:3230,AdBrettPhos,0,AdBrettPhos,47.18415816,73.5509033203125,17.506776809692383
reaction:3231,AdBrettPhos,0,AdBrettPhos,65.99016493,82.53785705566406,16.453248977661133
reaction:3232,AdBrettPhos,0,AdBrettPhos,87.94083651,87.88189697265625,16.189899444580078
reaction:3233,AdBrettPhos,0,AdBrettPhos,1.573799128,1.900857925415039,15.777645111083984
reaction:3234,AdBrettPhos,0,AdBrettPhos,61.50487524,69.89659881591797,16.271032333374023
reaction:3235,AdBrettPhos,0,AdBrettPhos,83.95560608,78.64250183105469,15.51874828338623
reaction:3236,XPhos,1,XPhos,13.9614152,35.725440979003906,31.209056854248047
reaction:3237,XPhos,1,XPhos,15.08609068,35.73486328125,31.208877563476562
reaction:3238,XPhos,1,XPhos,15.9216391,36.3411865234375,31.2078857421875
reaction:3239,XPhos,1,XPhos,2.548391087,35.60874557495117,31.209627151489258
reaction:3240,XPhos,1,XPhos,8.641168314,36.27864074707031,31.209121704101562
reaction:3241,XPhos,1,XPhos,6.654637209,37.152610778808594,31.210086822509766
reaction:3242,XPhos,1,XPhos,7.713999512000001,35.03895568847656,31.208709716796875
reaction:3243,XPhos,1,XPhos,14.761892499999998,36.268001556396484,31.208894729614258
reaction:3244,XPhos,1,XPhos,16.70711364,37.136009216308594,31.208866119384766
reaction:3245,XPhos,1,XPhos,12.25099464,35.34770965576172,31.209949493408203
reaction:3246,XPhos,1,XPhos,16.43551115,35.62620162963867,31.209442138671875
reaction:3247,XPhos,1,XPhos,17.06361217,36.49866485595703,31.209714889526367
reaction:3248,XPhos,1,XPhos,12.13886151,36.134971618652344,31.209152221679688
reaction:3249,XPhos,1,XPhos,10.08173564,35.88621139526367,31.210365295410156
reaction:3250,XPhos,1,XPhos,12.79205877,37.24398422241211,31.20326042175293
reaction:3251,XPhos,1,XPhos,11.31960299,35.592132568359375,31.2091121673584
reaction:3252,XPhos,1,XPhos,22.30541273,36.31135940551758,31.209003448486328
reaction:3253,XPhos,1,XPhos,25.45694196,37.17056655883789,31.207910537719727
reaction:3254,XPhos,1,XPhos,0.0,35.73917770385742,31.209688186645508
reaction:3255,XPhos,1,XPhos,2.840028013,36.687625885009766,31.20924186706543
reaction:3256,XPhos,1,XPhos,4.296191189,37.58047103881836,31.209993362426758
reaction:3257,XPhos,1,XPhos,1.896990139,35.17300033569336,31.208049774169922
reaction:3258,XPhos,1,XPhos,9.250516466,36.614295959472656,31.208955764770508
reaction:3259,XPhos,1,XPhos,13.02243467,37.98173904418945,31.20889663696289
reaction:3260,XPhos,1,XPhos,15.10135263,34.85633087158203,31.209909439086914
reaction:3261,XPhos,1,XPhos,24.44251918,35.26589584350586,31.209388732910156
reaction:3262,XPhos,1,XPhos,26.61192771,36.205142974853516,31.20944595336914
reaction:3263,XPhos,1,XPhos,2.419663487,35.65091323852539,31.20924186706543
reaction:3264,XPhos,1,XPhos,6.251282484,36.68796157836914,31.210481643676758
reaction:3265,XPhos,1,XPhos,12.75397423,38.18838119506836,31.202762603759766
reaction:3266,XPhos,1,XPhos,13.18136791,35.26312255859375,31.20939064025879
reaction:3267,XPhos,1,XPhos,22.67787637,36.399261474609375,31.208526611328125
reaction:3268,XPhos,1,XPhos,24.0555231,37.50178909301758,31.207292556762695
reaction:3269,XPhos,1,XPhos,0.0,35.20757293701172,31.20944595336914
reaction:3270,XPhos,1,XPhos,2.373234972,36.66909408569336,31.209150314331055
reaction:3271,XPhos,1,XPhos,5.371995824,37.82160568237305,31.21010971069336
reaction:3272,XPhos,1,XPhos,2.067024275,34.565147399902344,31.20874786376953
reaction:3273,XPhos,1,XPhos,9.241578451,36.722469329833984,31.208959579467773
reaction:3274,XPhos,1,XPhos,20.36311527,38.37725067138672,31.208887100219727
reaction:3275,XPhos,1,XPhos,14.60964787,35.843467712402344,31.209915161132812
reaction:3276,XPhos,1,XPhos,28.761729100000004,36.57450866699219,31.209592819213867
reaction:3277,XPhos,1,XPhos,23.20886991,38.48701095581055,31.209611892700195
reaction:3278,XPhos,1,XPhos,3.338911929,35.27600860595703,31.209217071533203
reaction:3279,XPhos,1,XPhos,11.07544016,36.703792572021484,31.2104549407959
reaction:3280,XPhos,1,XPhos,16.38360507,38.70659255981445,31.203533172607422
reaction:3281,XPhos,1,XPhos,8.599290827999999,35.06966781616211,31.21075439453125
reaction:3282,XPhos,1,XPhos,8.073391293,35.10384750366211,31.210487365722656
reaction:3283,XPhos,1,XPhos,8.373801377000001,35.8231201171875,31.209531784057617
reaction:3284,XPhos,1,XPhos,2.086409943,35.00572967529297,31.211257934570312
reaction:3285,XPhos,1,XPhos,3.898269895,35.260311126708984,31.21079444885254
reaction:3286,XPhos,1,XPhos,2.8197473260000003,36.59395217895508,31.211742401123047
reaction:3287,XPhos,1,XPhos,9.734031055,34.35608673095703,31.210342407226562
reaction:3288,XPhos,1,XPhos,14.02250347,35.412010192871094,31.21050262451172
reaction:3289,XPhos,1,XPhos,13.30215474,36.55248260498047,31.210535049438477
reaction:3290,XPhos,1,XPhos,11.84842444,34.985286712646484,31.21161460876465
reaction:3291,XPhos,1,XPhos,12.48722349,35.4663200378418,31.211074829101562
reaction:3292,XPhos,1,XPhos,13.26217146,36.37419891357422,31.211349487304688
reaction:3293,XPhos,1,XPhos,7.007309831000001,35.36261749267578,31.210784912109375
reaction:3294,XPhos,1,XPhos,3.803167764,35.68482208251953,31.211977005004883
reaction:3295,XPhos,1,XPhos,9.3396983,37.04608917236328,31.205097198486328
reaction:3296,XPhos,1,XPhos,2.8287389710000004,34.94084930419922,31.21072006225586
reaction:3297,XPhos,1,XPhos,11.73173458,35.51450729370117,31.210647583007812
reaction:3298,XPhos,1,XPhos,32.01377764,36.60829162597656,31.209564208984375
reaction:3299,XPhos,1,XPhos,0.0,35.247684478759766,31.211318969726562
reaction:3300,XPhos,1,XPhos,0.597123544,35.347660064697266,31.210914611816406
reaction:3301,XPhos,1,XPhos,1.6246243130000002,37.36948013305664,31.211679458618164
reaction:3302,XPhos,1,XPhos,1.378417368,34.62943649291992,31.209714889526367
reaction:3303,XPhos,1,XPhos,5.748911262999999,35.320518493652344,31.210628509521484
reaction:3304,XPhos,1,XPhos,15.88279637,37.24774932861328,31.210559844970703
reaction:3305,XPhos,1,XPhos,15.03293541,34.0070915222168,31.21159553527832
reaction:3306,XPhos,1,XPhos,36.25474039,34.665958404541016,31.211002349853516
reaction:3307,XPhos,1,XPhos,40.83653695,35.75957489013672,31.211122512817383
reaction:3308,XPhos,1,XPhos,0.0,34.94733810424805,31.21090316772461
reaction:3309,XPhos,1,XPhos,3.383758574,36.17612075805664,31.212095260620117
reaction:3310,XPhos,1,XPhos,9.091321628,37.681766510009766,31.204530715942383
reaction:3311,XPhos,1,XPhos,1.249008464,34.53730392456055,31.21086883544922
reaction:3312,XPhos,1,XPhos,7.593500734,35.54830551147461,31.21010971069336
reaction:3313,XPhos,1,XPhos,23.19251783,36.66815948486328,31.208831787109375
reaction:3314,XPhos,1,XPhos,0.0,34.5915412902832,31.211090087890625
reaction:3315,XPhos,1,XPhos,0.0,35.038719177246094,31.210702896118164
reaction:3316,XPhos,1,XPhos,0.0,37.03891372680664,31.21169662475586
reaction:3317,XPhos,1,XPhos,0.0,33.82540512084961,31.2103271484375
reaction:3318,XPhos,1,XPhos,3.304153664,35.26057434082031,31.210498809814453
reaction:3319,XPhos,1,XPhos,4.972241085,37.47803497314453,31.210552215576172
reaction:3320,XPhos,1,XPhos,11.6539798,35.1927490234375,31.211578369140625
reaction:3321,XPhos,1,XPhos,23.14100825,35.99063491821289,31.211122512817383
reaction:3322,XPhos,1,XPhos,30.73323241,37.88959503173828,31.211170196533203
reaction:3323,XPhos,1,XPhos,0.0,34.28147888183594,31.21076774597168
reaction:3324,XPhos,1,XPhos,0.0,35.83195877075195,31.211994171142578
reaction:3325,XPhos,1,XPhos,0.0,37.99575424194336,31.205446243286133
reaction:3326,XPhos,1,XPhos,25.79234273,36.3132209777832,31.210899353027344
reaction:3327,XPhos,1,XPhos,21.1852936,36.55274200439453,31.21055030822754
reaction:3328,XPhos,1,XPhos,41.0055284,37.28157043457031,31.209442138671875
reaction:3329,XPhos,1,XPhos,1.426630798,35.94636154174805,31.211261749267578
reaction:3330,XPhos,1,XPhos,41.22664286,37.74367904663086,31.21073341369629
reaction:3331,XPhos,1,XPhos,47.37967992,38.320316314697266,31.211666107177734
reaction:3332,XPhos,1,XPhos,11.25218088,35.34043502807617,31.2103214263916
reaction:3333,XPhos,1,XPhos,66.85183325,38.22089767456055,31.210351943969727
reaction:3334,XPhos,1,XPhos,67.69619533,38.58937454223633,31.210399627685547
reaction:3335,XPhos,1,XPhos,18.57739993,37.260963439941406,31.21143913269043
reaction:3336,XPhos,1,XPhos,22.20180478,37.601463317871094,31.211162567138672
reaction:3337,XPhos,1,XPhos,22.35512226,38.115814208984375,31.211200714111328
reaction:3338,XPhos,1,XPhos,38.752824100000005,36.867305755615234,31.210641860961914
reaction:3339,XPhos,1,XPhos,24.97274403,37.28636932373047,31.212112426757812
reaction:3340,XPhos,1,XPhos,75.11548375,39.192230224609375,31.20562171936035
reaction:3341,XPhos,1,XPhos,19.41980511,35.9289436340332,31.21078872680664
reaction:3342,XPhos,1,XPhos,32.07542073,36.52986526489258,31.21050453186035
reaction:3343,XPhos,1,XPhos,34.52065187,37.123348236083984,31.20935821533203
reaction:3344,XPhos,1,XPhos,2.069142775,35.514312744140625,31.211233139038086
reaction:3345,XPhos,1,XPhos,14.42253285,37.105201721191406,31.21086883544922
reaction:3346,XPhos,1,XPhos,22.92734992,37.388492584228516,31.211519241333008
reaction:3347,XPhos,1,XPhos,5.821778043999999,34.901371002197266,31.209627151489258
reaction:3348,XPhos,1,XPhos,33.78601477,37.34881591796875,31.210451126098633
reaction:3349,XPhos,1,XPhos,37.39742705,37.911338806152344,31.210325241088867
reaction:3350,XPhos,1,XPhos,26.66040937,35.595767974853516,31.21129608154297
reaction:3351,XPhos,1,XPhos,44.30153891,35.93458938598633,31.211063385009766
reaction:3352,XPhos,1,XPhos,44.76424476,36.31995391845703,31.210914611816406
reaction:3353,XPhos,1,XPhos,12.63535619,36.037574768066406,31.210790634155273
reaction:3354,XPhos,1,XPhos,32.89151252,37.32455062866211,31.212125778198242
reaction:3355,XPhos,1,XPhos,41.00150742,38.4023551940918,31.205059051513672
reaction:3356,XPhos,1,XPhos,19.39344332,35.87141036987305,31.21101951599121
reaction:3357,XPhos,1,XPhos,31.15934188,36.88615036010742,31.210092544555664
reaction:3358,XPhos,1,XPhos,38.74519603,37.742820739746094,31.208723068237305
reaction:3359,XPhos,1,XPhos,1.798923194,35.44712829589844,31.211029052734375
reaction:3360,XPhos,1,XPhos,9.508784567,37.4816780090332,31.210708618164062
reaction:3361,XPhos,1,XPhos,17.33987768,38.05160903930664,31.211618423461914
reaction:3362,XPhos,1,XPhos,5.235495595,34.65255355834961,31.210283279418945
reaction:3363,XPhos,1,XPhos,28.74353219,37.92280197143555,31.210464477539062
reaction:3364,XPhos,1,XPhos,53.88645108,38.80911636352539,31.210325241088867
reaction:3365,XPhos,1,XPhos,27.32636453,37.300315856933594,31.211336135864258
reaction:3366,XPhos,1,XPhos,52.36462009,37.958499908447266,31.21120262145996
reaction:3367,XPhos,1,XPhos,62.64059826,38.94988250732422,31.211118698120117
reaction:3368,XPhos,1,XPhos,7.71156711,35.88724899291992,31.21072006225586
reaction:3369,XPhos,1,XPhos,25.62052054,37.89011001586914,31.212078094482422
reaction:3370,XPhos,1,XPhos,43.30658798,39.32297134399414,31.205764770507812
reaction:3371,XPhos,1,XPhos,6.70191803,35.23542785644531,31.208436965942383
reaction:3372,XPhos,1,XPhos,15.721696,35.74623489379883,31.208131790161133
reaction:3373,XPhos,1,XPhos,32.03839032,36.426475524902344,31.206993103027344
reaction:3374,XPhos,1,XPhos,0.0,35.19462203979492,31.208805084228516
reaction:3375,XPhos,1,XPhos,5.529906697,36.23406982421875,31.20821189880371
reaction:3376,XPhos,1,XPhos,6.840870887,37.442203521728516,31.209177017211914
reaction:3377,XPhos,1,XPhos,0.566845941,34.47981262207031,31.207855224609375
reaction:3378,XPhos,1,XPhos,22.16483544,36.637664794921875,31.20785140991211
reaction:3379,XPhos,1,XPhos,31.41749034,37.67319107055664,31.207929611206055
reaction:3380,XPhos,1,XPhos,22.29411196,35.84416580200195,31.208986282348633
reaction:3381,XPhos,1,XPhos,31.22952549,36.52455139160156,31.20867919921875
reaction:3382,XPhos,1,XPhos,31.17670784,37.1621208190918,31.20870590209961
reaction:3383,XPhos,1,XPhos,3.037744154,35.28497314453125,31.208114624023438
reaction:3384,XPhos,1,XPhos,13.63572226,36.7270622253418,31.209674835205078
reaction:3385,XPhos,1,XPhos,21.33105034,37.955162048339844,31.20294761657715
reaction:3386,XPhos,1,XPhos,10.4860128,34.588626861572266,31.208396911621094
reaction:3387,XPhos,1,XPhos,26.29886063,35.48000717163086,31.208162307739258
reaction:3388,XPhos,1,XPhos,23.69345333,36.154048919677734,31.207000732421875
reaction:3389,XPhos,1,XPhos,0.0,34.70734405517578,31.208890914916992
reaction:3390,XPhos,1,XPhos,6.730455291,35.57317352294922,31.208498001098633
reaction:3391,XPhos,1,XPhos,13.41857273,36.453826904296875,31.20917320251465
reaction:3392,XPhos,1,XPhos,1.036456102,34.09686279296875,31.207265853881836
reaction:3393,XPhos,1,XPhos,22.99620882,35.65047073364258,31.208120346069336
reaction:3394,XPhos,1,XPhos,37.021541,36.938743591308594,31.207998275756836
reaction:3395,XPhos,1,XPhos,22.69659515,34.057865142822266,31.209012985229492
reaction:3396,XPhos,1,XPhos,37.46429839,34.67121887207031,31.20867347717285
reaction:3397,XPhos,1,XPhos,39.38981845,35.38608932495117,31.208600997924805
reaction:3398,XPhos,1,XPhos,4.58213428,34.409767150878906,31.20843505859375
reaction:3399,XPhos,1,XPhos,22.70660834,36.291080474853516,31.209745407104492
reaction:3400,XPhos,1,XPhos,33.31806917,37.316036224365234,31.202510833740234
reaction:3401,XPhos,1,XPhos,7.343376414,34.397361755371094,31.20854949951172
reaction:3402,XPhos,1,XPhos,26.03173318,35.643310546875,31.207626342773438
reaction:3403,XPhos,1,XPhos,36.25454831,36.68658447265625,31.206256866455078
reaction:3404,XPhos,1,XPhos,0.0,34.47488021850586,31.20857810974121
reaction:3405,XPhos,1,XPhos,4.191040534,35.74367141723633,31.208263397216797
reaction:3406,XPhos,1,XPhos,6.114675165,37.03132629394531,31.209177017211914
reaction:3407,XPhos,1,XPhos,0.884950948,33.69215774536133,31.20785903930664
reaction:3408,XPhos,1,XPhos,16.69067663,35.88870620727539,31.20799446105957
reaction:3409,XPhos,1,XPhos,31.26628393,37.669551849365234,31.207916259765625
reaction:3410,XPhos,1,XPhos,24.66006055,35.291725158691406,31.208951950073242
reaction:3411,XPhos,1,XPhos,45.98390905,36.3482666015625,31.208751678466797
reaction:3412,XPhos,1,XPhos,52.56128921,37.9603157043457,31.208656311035156
reaction:3413,XPhos,1,XPhos,3.35256921,34.0775146484375,31.20825958251953
reaction:3414,XPhos,1,XPhos,15.35819367,36.49842071533203,31.209606170654297
reaction:3415,XPhos,1,XPhos,29.91552733,38.097084045410156,31.203304290771484
reaction:3416,t-BuXPhos,3,t-BuXPhos,13.16893511,25.703826904296875,25.494277954101562
reaction:3417,t-BuXPhos,3,t-BuXPhos,16.79477369,28.074962615966797,25.50434684753418
reaction:3418,t-BuXPhos,3,t-BuXPhos,16.24533971,26.6956787109375,25.49962615966797
reaction:3419,t-BuXPhos,3,t-BuXPhos,2.118660091,22.262561798095703,25.480030059814453
reaction:3420,t-BuXPhos,3,t-BuXPhos,15.85894672,26.604021072387695,25.486230850219727
reaction:3421,t-BuXPhos,3,t-BuXPhos,15.94900479,24.32498550415039,25.49860191345215
reaction:3422,t-BuXPhos,3,t-BuXPhos,7.108204477,27.185623168945312,25.435922622680664
reaction:3423,t-BuXPhos,3,t-BuXPhos,24.76005147,31.390094757080078,25.45075225830078
reaction:3424,t-BuXPhos,3,t-BuXPhos,28.11243479,29.88845443725586,25.519805908203125
reaction:3425,t-BuXPhos,3,t-BuXPhos,27.24876847,34.65965270996094,25.49846076965332
reaction:3426,t-BuXPhos,3,t-BuXPhos,31.76624566,35.6391487121582,25.48717498779297
reaction:3427,t-BuXPhos,3,t-BuXPhos,37.29673945,33.970481872558594,25.495073318481445
reaction:3428,t-BuXPhos,3,t-BuXPhos,16.87891597,24.91666030883789,25.463708877563477
reaction:3429,t-BuXPhos,3,t-BuXPhos,22.41656552,29.524309158325195,25.507610321044922
reaction:3430,t-BuXPhos,3,t-BuXPhos,23.46293461,26.878246307373047,25.361637115478516
reaction:3431,t-BuXPhos,3,t-BuXPhos,9.295516532,26.34192657470703,25.501296997070312
reaction:3432,t-BuXPhos,3,t-BuXPhos,35.04870846,30.402477264404297,25.501840591430664
reaction:3433,t-BuXPhos,3,t-BuXPhos,35.39709887,30.75617027282715,25.496047973632812
reaction:3434,t-BuXPhos,3,t-BuXPhos,0.0,23.059398651123047,25.48810386657715
reaction:3435,t-BuXPhos,3,t-BuXPhos,34.88973455,26.814367294311523,25.49396514892578
reaction:3436,t-BuXPhos,3,t-BuXPhos,35.68810141,29.11807632446289,25.496994018554688
reaction:3437,t-BuXPhos,3,t-BuXPhos,1.257407502,25.985286712646484,25.43189239501953
reaction:3438,t-BuXPhos,3,t-BuXPhos,55.96431027,33.05552673339844,25.450698852539062
reaction:3439,t-BuXPhos,3,t-BuXPhos,59.93053961,36.542015075683594,25.515886306762695
reaction:3440,t-BuXPhos,3,t-BuXPhos,56.99401844,40.2227668762207,25.496177673339844
reaction:3441,t-BuXPhos,3,t-BuXPhos,63.00725217,42.67998504638672,25.49129867553711
reaction:3442,t-BuXPhos,3,t-BuXPhos,59.18255708,43.66185760498047,25.494237899780273
reaction:3443,t-BuXPhos,3,t-BuXPhos,7.66652575,25.572568893432617,25.459983825683594
reaction:3444,t-BuXPhos,3,t-BuXPhos,54.77135423,36.088218688964844,25.50421905517578
reaction:3445,t-BuXPhos,3,t-BuXPhos,62.18465229,35.08629608154297,25.332172393798828
reaction:3446,t-BuXPhos,3,t-BuXPhos,17.84178388,30.790735244750977,25.498830795288086
reaction:3447,t-BuXPhos,3,t-BuXPhos,40.13524468,34.230255126953125,25.503215789794922
reaction:3448,t-BuXPhos,3,t-BuXPhos,46.24961136,33.647804260253906,25.499387741088867
reaction:3449,t-BuXPhos,3,t-BuXPhos,2.890686767,25.881248474121094,25.484222412109375
reaction:3450,t-BuXPhos,3,t-BuXPhos,45.52184766,32.02228546142578,25.49060821533203
reaction:3451,t-BuXPhos,3,t-BuXPhos,47.90925553,32.00544738769531,25.501787185668945
reaction:3452,t-BuXPhos,3,t-BuXPhos,11.25502625,30.232728958129883,25.4392147064209
reaction:3453,t-BuXPhos,3,t-BuXPhos,71.70514407,39.64917755126953,25.453561782836914
reaction:3454,t-BuXPhos,3,t-BuXPhos,72.13959481,40.419036865234375,25.51955223083496
reaction:3455,t-BuXPhos,3,t-BuXPhos,79.78226496,45.44978713989258,25.494264602661133
reaction:3456,t-BuXPhos,3,t-BuXPhos,79.62575679,45.66062927246094,25.491558074951172
reaction:3457,t-BuXPhos,3,t-BuXPhos,82.21280375,44.511688232421875,25.494632720947266
reaction:3458,t-BuXPhos,3,t-BuXPhos,33.50615076,30.027063369750977,25.459110260009766
reaction:3459,t-BuXPhos,3,t-BuXPhos,78.67116412,41.13420867919922,25.507938385009766
reaction:3460,t-BuXPhos,3,t-BuXPhos,79.16863895,41.45718002319336,25.36391258239746
reaction:3461,t-BuXPhos,3,t-BuXPhos,10.16290719,30.4420108795166,25.50733184814453
reaction:3462,t-BuXPhos,3,t-BuXPhos,10.72653134,33.72712707519531,25.517744064331055
reaction:3463,t-BuXPhos,3,t-BuXPhos,11.56918225,33.392730712890625,25.512691497802734
reaction:3464,t-BuXPhos,3,t-BuXPhos,1.924092177,25.782983779907227,25.492794036865234
reaction:3465,t-BuXPhos,3,t-BuXPhos,9.627089409,34.4973258972168,25.499347686767578
reaction:3466,t-BuXPhos,3,t-BuXPhos,11.09901507,32.2712287902832,25.51144027709961
reaction:3467,t-BuXPhos,3,t-BuXPhos,6.581266652999999,31.204809188842773,25.448881149291992
reaction:3468,t-BuXPhos,3,t-BuXPhos,16.8324099,40.84966278076172,25.463926315307617
reaction:3469,t-BuXPhos,3,t-BuXPhos,21.40006849,38.51839828491211,25.532747268676758
reaction:3470,t-BuXPhos,3,t-BuXPhos,42.78380779,40.574501037597656,25.511486053466797
reaction:3471,t-BuXPhos,3,t-BuXPhos,53.50463767,41.588172912597656,25.50054359436035
reaction:3472,t-BuXPhos,3,t-BuXPhos,60.63710952,41.27162170410156,25.50803565979004
reaction:3473,t-BuXPhos,3,t-BuXPhos,13.25100229,29.318838119506836,25.476116180419922
reaction:3474,t-BuXPhos,3,t-BuXPhos,18.48421566,37.622703552246094,25.521215438842773
reaction:3475,t-BuXPhos,3,t-BuXPhos,20.6070389,35.72184753417969,25.374568939208984
reaction:3476,t-BuXPhos,3,t-BuXPhos,1.71151259,28.222354888916016,25.515085220336914
reaction:3477,t-BuXPhos,3,t-BuXPhos,7.321293774,33.14586639404297,25.515913009643555
reaction:3478,t-BuXPhos,3,t-BuXPhos,34.91039433,33.1541748046875,25.50938606262207
reaction:3479,t-BuXPhos,3,t-BuXPhos,0.0,24.18748664855957,25.501440048217773
reaction:3480,t-BuXPhos,3,t-BuXPhos,5.935933532999999,30.61027717590332,25.50748634338379
reaction:3481,t-BuXPhos,3,t-BuXPhos,58.0174464,34.49686813354492,25.51024627685547
reaction:3482,t-BuXPhos,3,t-BuXPhos,1.7819099669999998,27.891101837158203,25.445114135742188
reaction:3483,t-BuXPhos,3,t-BuXPhos,22.74107385,37.92620086669922,25.463958740234375
reaction:3484,t-BuXPhos,3,t-BuXPhos,57.01120739,39.36811065673828,25.529102325439453
reaction:3485,t-BuXPhos,3,t-BuXPhos,33.66124955,41.88315200805664,25.509387969970703
reaction:3486,t-BuXPhos,3,t-BuXPhos,51.21151631,43.778526306152344,25.505077362060547
reaction:3487,t-BuXPhos,3,t-BuXPhos,60.13886073,46.26728820800781,25.507587432861328
reaction:3488,t-BuXPhos,3,t-BuXPhos,2.249906301,27.334291458129883,25.472415924072266
reaction:3489,t-BuXPhos,3,t-BuXPhos,41.72955132,38.555992126464844,25.517749786376953
reaction:3490,t-BuXPhos,3,t-BuXPhos,60.45904469,37.63631820678711,25.345779418945312
reaction:3491,t-BuXPhos,3,t-BuXPhos,16.47949658,32.0919075012207,25.511035919189453
reaction:3492,t-BuXPhos,3,t-BuXPhos,27.36893381,35.28205871582031,25.515666961669922
reaction:3493,t-BuXPhos,3,t-BuXPhos,39.35756061,35.11556625366211,25.511348724365234
reaction:3494,t-BuXPhos,3,t-BuXPhos,0.712699399,26.793790817260742,25.495630264282227
reaction:3495,t-BuXPhos,3,t-BuXPhos,8.970204017,35.11261749267578,25.50244140625
reaction:3496,t-BuXPhos,3,t-BuXPhos,44.46296659,35.0780029296875,25.513355255126953
reaction:3497,t-BuXPhos,3,t-BuXPhos,4.28271464,31.596622467041016,25.4506893157959
reaction:3498,t-BuXPhos,3,t-BuXPhos,39.55034963,43.652400970458984,25.465238571166992
reaction:3499,t-BuXPhos,3,t-BuXPhos,63.92666602,42.69213104248047,25.531137466430664
reaction:3500,t-BuXPhos,3,t-BuXPhos,79.04497323,47.817237854003906,25.505910873413086
reaction:3501,t-BuXPhos,3,t-BuXPhos,78.70773698,47.30153274536133,25.503623962402344
reaction:3502,t-BuXPhos,3,t-BuXPhos,84.10193793,46.77207565307617,25.506366729736328
reaction:3503,t-BuXPhos,3,t-BuXPhos,12.67223423,31.405799865722656,25.469938278198242
reaction:3504,t-BuXPhos,3,t-BuXPhos,55.95219042,41.85206985473633,25.519977569580078
reaction:3505,t-BuXPhos,3,t-BuXPhos,80.67857489,43.22256088256836,25.375362396240234
reaction:3506,t-BuXPhos,3,t-BuXPhos,30.59884697,28.907011032104492,25.499250411987305
reaction:3507,t-BuXPhos,3,t-BuXPhos,33.91258635,31.458253860473633,25.50926971435547
reaction:3508,t-BuXPhos,3,t-BuXPhos,36.80129147,30.7970027923584,25.503881454467773
reaction:3509,t-BuXPhos,3,t-BuXPhos,2.495636052,23.974517822265625,25.484216690063477
reaction:3510,t-BuXPhos,3,t-BuXPhos,47.27988184,33.38459014892578,25.4907169342041
reaction:3511,t-BuXPhos,3,t-BuXPhos,44.44212826,30.481002807617188,25.502960205078125
reaction:3512,t-BuXPhos,3,t-BuXPhos,12.51112995,29.065834045410156,25.439910888671875
reaction:3513,t-BuXPhos,3,t-BuXPhos,66.1081674,39.182594299316406,25.455400466918945
reaction:3514,t-BuXPhos,3,t-BuXPhos,63.53604944,37.276336669921875,25.5238094329834
reaction:3515,t-BuXPhos,3,t-BuXPhos,53.37807808,43.47736740112305,25.502796173095703
reaction:3516,t-BuXPhos,3,t-BuXPhos,62.99169098,42.969398498535156,25.4923095703125
reaction:3517,t-BuXPhos,3,t-BuXPhos,63.44404456,42.11601257324219,25.49932098388672
reaction:3518,t-BuXPhos,3,t-BuXPhos,52.55158103,27.52126693725586,25.468034744262695
reaction:3519,t-BuXPhos,3,t-BuXPhos,68.74074216,31.418420791625977,25.51180076599121
reaction:3520,t-BuXPhos,3,t-BuXPhos,77.66689194,33.75908660888672,25.366369247436523
reaction:3521,t-BuXPhos,3,t-BuXPhos,34.08344524,31.866931915283203,25.505008697509766
reaction:3522,t-BuXPhos,3,t-BuXPhos,38.11608188,34.46306610107422,25.505571365356445
reaction:3523,t-BuXPhos,3,t-BuXPhos,39.909465,33.003807067871094,25.49910545349121
reaction:3524,t-BuXPhos,3,t-BuXPhos,1.029883817,24.73455047607422,25.49100112915039
reaction:3525,t-BuXPhos,3,t-BuXPhos,39.21368937,32.51692199707031,25.497236251831055
reaction:3526,t-BuXPhos,3,t-BuXPhos,35.2237201,32.36640167236328,25.50008201599121
reaction:3527,t-BuXPhos,3,t-BuXPhos,3.311093961,28.58558464050293,25.434595108032227
reaction:3528,t-BuXPhos,3,t-BuXPhos,57.74229286,39.58403015136719,25.45430564880371
reaction:3529,t-BuXPhos,3,t-BuXPhos,59.48668549,39.72014236450195,25.518768310546875
reaction:3530,t-BuXPhos,3,t-BuXPhos,64.60204454,46.10707092285156,25.499479293823242
reaction:3531,t-BuXPhos,3,t-BuXPhos,61.25906652,46.910987854003906,25.49500846862793
reaction:3532,t-BuXPhos,3,t-BuXPhos,62.35242374,46.410640716552734,25.497373580932617
reaction:3533,t-BuXPhos,3,t-BuXPhos,36.30128303,31.15296745300293,25.463199615478516
reaction:3534,t-BuXPhos,3,t-BuXPhos,63.06191521,39.37163543701172,25.507299423217773
reaction:3535,t-BuXPhos,3,t-BuXPhos,62.65745672,37.80192565917969,25.335540771484375
reaction:3536,t-BuXPhos,3,t-BuXPhos,33.03637259,32.632259368896484,25.502222061157227
reaction:3537,t-BuXPhos,3,t-BuXPhos,39.20587876,33.89852523803711,25.506738662719727
reaction:3538,t-BuXPhos,3,t-BuXPhos,41.26140824,32.62845993041992,25.50234031677246
reaction:3539,t-BuXPhos,3,t-BuXPhos,1.728296665,24.861452102661133,25.4863338470459
reaction:3540,t-BuXPhos,3,t-BuXPhos,49.69104828,34.058868408203125,25.493528366088867
reaction:3541,t-BuXPhos,3,t-BuXPhos,41.80838188,32.3652458190918,25.504566192626953
reaction:3542,t-BuXPhos,3,t-BuXPhos,3.524318044,29.763458251953125,25.441476821899414
reaction:3543,t-BuXPhos,3,t-BuXPhos,71.55294754,42.474117279052734,25.456897735595703
reaction:3544,t-BuXPhos,3,t-BuXPhos,72.58292155,40.559356689453125,25.522212982177734
reaction:3545,t-BuXPhos,3,t-BuXPhos,83.76441682,48.42808532714844,25.497241973876953
reaction:3546,t-BuXPhos,3,t-BuXPhos,82.77010873,46.57035827636719,25.49488639831543
reaction:3547,t-BuXPhos,3,t-BuXPhos,80.16290148,44.19511413574219,25.49740219116211
reaction:3548,t-BuXPhos,3,t-BuXPhos,44.56568658,32.46141052246094,25.46207618713379
reaction:3549,t-BuXPhos,3,t-BuXPhos,80.07437026,42.622249603271484,25.51091194152832
reaction:3550,t-BuXPhos,3,t-BuXPhos,81.27546311,40.6268310546875,25.366416931152344
reaction:3551,t-BuXPhos,3,t-BuXPhos,15.75654156,28.641023635864258,25.527875900268555
reaction:3552,t-BuXPhos,3,t-BuXPhos,40.52594956,34.57191848754883,25.537912368774414
reaction:3553,t-BuXPhos,3,t-BuXPhos,38.16592165,33.69540023803711,25.532588958740234
reaction:3554,t-BuXPhos,3,t-BuXPhos,0.390715033,26.11569595336914,25.512409210205078
reaction:3555,t-BuXPhos,3,t-BuXPhos,45.77689221,36.02988815307617,25.519067764282227
reaction:3556,t-BuXPhos,3,t-BuXPhos,41.36745101,32.42139434814453,25.5319766998291
reaction:3557,t-BuXPhos,3,t-BuXPhos,0.8602956559999999,30.311050415039062,25.468753814697266
reaction:3558,t-BuXPhos,3,t-BuXPhos,63.69608906,42.10002136230469,25.483631134033203
reaction:3559,t-BuXPhos,3,t-BuXPhos,64.24487271,39.62031936645508,25.552749633789062
reaction:3560,t-BuXPhos,3,t-BuXPhos,63.65319734,46.34760284423828,25.531230926513672
reaction:3561,t-BuXPhos,3,t-BuXPhos,73.26731184,46.623146057128906,25.520904541015625
reaction:3562,t-BuXPhos,3,t-BuXPhos,70.29330199,43.1946907043457,25.5279598236084
reaction:3563,t-BuXPhos,3,t-BuXPhos,8.47025224,27.98659896850586,25.4967098236084
reaction:3564,t-BuXPhos,3,t-BuXPhos,70.27327326,38.12430191040039,25.540651321411133
reaction:3565,t-BuXPhos,3,t-BuXPhos,75.8997955,35.40830993652344,25.394981384277344
reaction:3566,t-BuXPhos,3,t-BuXPhos,12.88972347,30.466922760009766,25.53750991821289
reaction:3567,t-BuXPhos,3,t-BuXPhos,36.29421793,37.523780822753906,25.537939071655273
reaction:3568,t-BuXPhos,3,t-BuXPhos,37.37794419,36.06248474121094,25.531715393066406
reaction:3569,t-BuXPhos,3,t-BuXPhos,0.252253584,26.963848114013672,25.523468017578125
reaction:3570,t-BuXPhos,3,t-BuXPhos,37.13655068,35.52648162841797,25.529624938964844
reaction:3571,t-BuXPhos,3,t-BuXPhos,32.814438300000006,34.66453552246094,25.532594680786133
reaction:3572,t-BuXPhos,3,t-BuXPhos,0.83326199,29.94770622253418,25.467613220214844
reaction:3573,t-BuXPhos,3,t-BuXPhos,55.17541483,42.72577667236328,25.486604690551758
reaction:3574,t-BuXPhos,3,t-BuXPhos,57.50576347,42.38539123535156,25.55162239074707
reaction:3575,t-BuXPhos,3,t-BuXPhos,66.07394644,49.38369369506836,25.531620025634766
reaction:3576,t-BuXPhos,3,t-BuXPhos,64.68492451,50.297119140625,25.527002334594727
reaction:3577,t-BuXPhos,3,t-BuXPhos,60.93427362,49.21891784667969,25.529399871826172
reaction:3578,t-BuXPhos,3,t-BuXPhos,6.684386034,29.702678680419922,25.495771408081055
reaction:3579,t-BuXPhos,3,t-BuXPhos,63.13467167,42.97034454345703,25.540111541748047
reaction:3580,t-BuXPhos,3,t-BuXPhos,65.07775968,40.81333541870117,25.368148803710938
reaction:3581,t-BuXPhos,3,t-BuXPhos,11.91198349,31.523378372192383,25.532167434692383
reaction:3582,t-BuXPhos,3,t-BuXPhos,39.35316158,37.11118698120117,25.53628158569336
reaction:3583,t-BuXPhos,3,t-BuXPhos,43.82916168,36.23268127441406,25.532087326049805
reaction:3584,t-BuXPhos,3,t-BuXPhos,0.381599662,27.42458724975586,25.516271591186523
reaction:3585,t-BuXPhos,3,t-BuXPhos,49.01650319,36.65144729614258,25.523109436035156
reaction:3586,t-BuXPhos,3,t-BuXPhos,42.67624543,34.68982696533203,25.53386116027832
reaction:3587,t-BuXPhos,3,t-BuXPhos,0.7454308609999999,31.463788986206055,25.471643447875977
reaction:3588,t-BuXPhos,3,t-BuXPhos,69.58481273,44.45500564575195,25.48649024963379
reaction:3589,t-BuXPhos,3,t-BuXPhos,71.48272249,43.49456787109375,25.55210304260254
reaction:3590,t-BuXPhos,3,t-BuXPhos,82.32171897,51.22254180908203,25.52629280090332
reaction:3591,t-BuXPhos,3,t-BuXPhos,81.29892199,50.2381591796875,25.52348518371582
reaction:3592,t-BuXPhos,3,t-BuXPhos,82.34381979999999,47.54661560058594,25.526107788085938
reaction:3593,t-BuXPhos,3,t-BuXPhos,7.182520972000001,31.75712776184082,25.491653442382812
reaction:3594,t-BuXPhos,3,t-BuXPhos,75.98553455,45.163291931152344,25.540735244750977
reaction:3595,t-BuXPhos,3,t-BuXPhos,82.40046293,44.28631591796875,25.395849227905273
reaction:3596,t-BuBrettPhos,2,t-BuBrettPhos,9.973367678,3.027677536010742,15.736822128295898
reaction:3597,t-BuBrettPhos,2,t-BuBrettPhos,12.38761085,9.250541687011719,14.856369972229004
reaction:3598,t-BuBrettPhos,2,t-BuBrettPhos,12.79513925,15.114625930786133,14.736764907836914
reaction:3599,t-BuBrettPhos,2,t-BuBrettPhos,0.746156967,-1.632974624633789,15.847804069519043
reaction:3600,t-BuBrettPhos,2,t-BuBrettPhos,12.59161714,16.045482635498047,15.893651962280273
reaction:3601,t-BuBrettPhos,2,t-BuBrettPhos,14.72607829,24.06970977783203,15.884668350219727
reaction:3602,t-BuBrettPhos,2,t-BuBrettPhos,12.28165388,0.746307373046875,14.854190826416016
reaction:3603,t-BuBrettPhos,2,t-BuBrettPhos,24.42477517,23.889074325561523,15.092361450195312
reaction:3604,t-BuBrettPhos,2,t-BuBrettPhos,26.50151753,35.75213623046875,15.692861557006836
reaction:3605,t-BuBrettPhos,2,t-BuBrettPhos,24.72320112,25.115314483642578,16.28888702392578
reaction:3606,t-BuBrettPhos,2,t-BuBrettPhos,27.98543221,29.57293128967285,15.912445068359375
reaction:3607,t-BuBrettPhos,2,t-BuBrettPhos,32.32915323,40.87511444091797,15.50510025024414
reaction:3608,t-BuBrettPhos,2,t-BuBrettPhos,8.50474803,5.063266754150391,15.498555183410645
reaction:3609,t-BuBrettPhos,2,t-BuBrettPhos,15.43456925,13.339296340942383,16.831960678100586
reaction:3610,t-BuBrettPhos,2,t-BuBrettPhos,19.90695412,26.82496452331543,15.544923782348633
reaction:3611,t-BuBrettPhos,2,t-BuBrettPhos,2.74121661,6.954973220825195,15.834424018859863
reaction:3612,t-BuBrettPhos,2,t-BuBrettPhos,20.07939568,23.003097534179688,14.915818214416504
reaction:3613,t-BuBrettPhos,2,t-BuBrettPhos,33.6420654,33.36861038208008,14.797122955322266
reaction:3614,t-BuBrettPhos,2,t-BuBrettPhos,0.328567973,3.399587631225586,15.891134262084961
reaction:3615,t-BuBrettPhos,2,t-BuBrettPhos,12.21281347,20.842193603515625,15.939397811889648
reaction:3616,t-BuBrettPhos,2,t-BuBrettPhos,33.66516566,38.227474212646484,15.959454536437988
reaction:3617,t-BuBrettPhos,2,t-BuBrettPhos,1.993041801,3.525970458984375,14.352141380310059
reaction:3618,t-BuBrettPhos,2,t-BuBrettPhos,24.96800216,30.16357421875,15.21548080444336
reaction:3619,t-BuBrettPhos,2,t-BuBrettPhos,59.5664451,58.000518798828125,15.865324020385742
reaction:3620,t-BuBrettPhos,2,t-BuBrettPhos,32.57727167,21.75714874267578,16.3559513092041
reaction:3621,t-BuBrettPhos,2,t-BuBrettPhos,44.24461772,29.111236572265625,15.951383590698242
reaction:3622,t-BuBrettPhos,2,t-BuBrettPhos,61.37532466,47.89116287231445,15.592384338378906
reaction:3623,t-BuBrettPhos,2,t-BuBrettPhos,1.607816561,6.204092025756836,15.59900951385498
reaction:3624,t-BuBrettPhos,2,t-BuBrettPhos,42.1300284,37.98564147949219,16.84733772277832
reaction:3625,t-BuBrettPhos,2,t-BuBrettPhos,55.13286563,55.62128829956055,15.665019035339355
reaction:3626,t-BuBrettPhos,2,t-BuBrettPhos,13.51164782,8.36319351196289,15.754234313964844
reaction:3627,t-BuBrettPhos,2,t-BuBrettPhos,36.28377215,28.932279586791992,14.443785667419434
reaction:3628,t-BuBrettPhos,2,t-BuBrettPhos,43.31119655,41.76754379272461,14.440313339233398
reaction:3629,t-BuBrettPhos,2,t-BuBrettPhos,0.568210949,0.8307323455810547,15.824346542358398
reaction:3630,t-BuBrettPhos,2,t-BuBrettPhos,31.09780796,29.39643669128418,15.945693016052246
reaction:3631,t-BuBrettPhos,2,t-BuBrettPhos,44.42036094,45.264434814453125,16.00362777709961
reaction:3632,t-BuBrettPhos,2,t-BuBrettPhos,6.604799576,2.02227783203125,14.939335823059082
reaction:3633,t-BuBrettPhos,2,t-BuBrettPhos,53.30648897,42.44367980957031,15.190276145935059
reaction:3634,t-BuBrettPhos,2,t-BuBrettPhos,73.95398123,68.36280822753906,15.904061317443848
reaction:3635,t-BuBrettPhos,2,t-BuBrettPhos,64.98015189,44.56089782714844,16.4143123626709
reaction:3636,t-BuBrettPhos,2,t-BuBrettPhos,71.05445565,53.15641403198242,15.90954303741455
reaction:3637,t-BuBrettPhos,2,t-BuBrettPhos,83.94468409,79.5854721069336,15.629573822021484
reaction:3638,t-BuBrettPhos,2,t-BuBrettPhos,2.019729051,7.312355041503906,15.649694442749023
reaction:3639,t-BuBrettPhos,2,t-BuBrettPhos,55.99062735,47.521575927734375,16.898120880126953
reaction:3640,t-BuBrettPhos,2,t-BuBrettPhos,83.04189522,73.37284088134766,15.66644287109375
reaction:3641,t-BuBrettPhos,2,t-BuBrettPhos,17.35437544,12.945846557617188,16.527494430541992
reaction:3642,t-BuBrettPhos,2,t-BuBrettPhos,28.92940614,22.88260841369629,15.703099250793457
reaction:3643,t-BuBrettPhos,2,t-BuBrettPhos,34.70800352,28.861570358276367,15.592277526855469
reaction:3644,t-BuBrettPhos,2,t-BuBrettPhos,0.572188732,6.933893203735352,16.645166397094727
reaction:3645,t-BuBrettPhos,2,t-BuBrettPhos,38.02062933,27.15555191040039,16.686716079711914
reaction:3646,t-BuBrettPhos,2,t-BuBrettPhos,38.77000873,39.60173797607422,16.67905616760254
reaction:3647,t-BuBrettPhos,2,t-BuBrettPhos,13.95905877,9.345697402954102,15.698326110839844
reaction:3648,t-BuBrettPhos,2,t-BuBrettPhos,60.55316321,40.57536315917969,15.924234390258789
reaction:3649,t-BuBrettPhos,2,t-BuBrettPhos,63.14360639,50.90087127685547,16.491392135620117
reaction:3650,t-BuBrettPhos,2,t-BuBrettPhos,41.14460565,39.197113037109375,17.06340789794922
reaction:3651,t-BuBrettPhos,2,t-BuBrettPhos,47.20893463,44.53786087036133,16.702207565307617
reaction:3652,t-BuBrettPhos,2,t-BuBrettPhos,58.17261114,57.281028747558594,16.31196403503418
reaction:3653,t-BuBrettPhos,2,t-BuBrettPhos,13.53376242,13.648523330688477,16.311534881591797
reaction:3654,t-BuBrettPhos,2,t-BuBrettPhos,53.60304102,34.85325622558594,17.586015701293945
reaction:3655,t-BuBrettPhos,2,t-BuBrettPhos,58.45828833,47.409263610839844,16.3555908203125
reaction:3656,t-BuBrettPhos,2,t-BuBrettPhos,5.492602222,7.428197860717773,16.553245544433594
reaction:3657,t-BuBrettPhos,2,t-BuBrettPhos,30.47937114,26.043834686279297,15.6884126663208
reaction:3658,t-BuBrettPhos,2,t-BuBrettPhos,38.18576353,36.74305725097656,15.576921463012695
reaction:3659,t-BuBrettPhos,2,t-BuBrettPhos,0.0,3.9600582122802734,16.61911964416504
reaction:3660,t-BuBrettPhos,2,t-BuBrettPhos,21.09483753,19.119121551513672,16.663101196289062
reaction:3661,t-BuBrettPhos,2,t-BuBrettPhos,57.7087314,47.017669677734375,16.68320655822754
reaction:3662,t-BuBrettPhos,2,t-BuBrettPhos,6.312401384,4.348056793212891,15.15024471282959
reaction:3663,t-BuBrettPhos,2,t-BuBrettPhos,40.61436819,32.08675003051758,15.97147274017334
reaction:3664,t-BuBrettPhos,2,t-BuBrettPhos,62.94407370000001,60.967750549316406,16.589134216308594
reaction:3665,t-BuBrettPhos,2,t-BuBrettPhos,29.74076309,21.810461044311523,17.061994552612305
reaction:3666,t-BuBrettPhos,2,t-BuBrettPhos,38.06656269,31.023820877075195,16.672452926635742
reaction:3667,t-BuBrettPhos,2,t-BuBrettPhos,64.15465798,52.17759323120117,16.326141357421875
reaction:3668,t-BuBrettPhos,2,t-BuBrettPhos,4.069080612,6.37129020690918,16.33861541748047
reaction:3669,t-BuBrettPhos,2,t-BuBrettPhos,49.17268474,45.70710754394531,17.537220001220703
reaction:3670,t-BuBrettPhos,2,t-BuBrettPhos,57.52960259,61.266029357910156,16.401573181152344
reaction:3671,t-BuBrettPhos,2,t-BuBrettPhos,12.78962475,5.702903747558594,16.454919815063477
reaction:3672,t-BuBrettPhos,2,t-BuBrettPhos,31.88542104,28.450368881225586,15.217308044433594
reaction:3673,t-BuBrettPhos,2,t-BuBrettPhos,41.17290032,39.78082275390625,15.214935302734375
reaction:3674,t-BuBrettPhos,2,t-BuBrettPhos,0.0,-1.6472492218017578,16.534677505493164
reaction:3675,t-BuBrettPhos,2,t-BuBrettPhos,36.44526769,22.30065155029297,16.64810562133789
reaction:3676,t-BuBrettPhos,2,t-BuBrettPhos,47.11829387,45.94532012939453,16.70470428466797
reaction:3677,t-BuBrettPhos,2,t-BuBrettPhos,6.880494812999999,-0.8640842437744141,15.685361862182617
reaction:3678,t-BuBrettPhos,2,t-BuBrettPhos,62.86856054,40.2129020690918,15.925531387329102
reaction:3679,t-BuBrettPhos,2,t-BuBrettPhos,72.345187,67.32720947265625,16.604841232299805
reaction:3680,t-BuBrettPhos,2,t-BuBrettPhos,72.24358198,44.296905517578125,17.0974178314209
reaction:3681,t-BuBrettPhos,2,t-BuBrettPhos,73.49750543,52.24183654785156,16.61100959777832
reaction:3682,t-BuBrettPhos,2,t-BuBrettPhos,86.32465757,79.73346710205078,16.33976173400879
reaction:3683,t-BuBrettPhos,2,t-BuBrettPhos,2.394294255,2.9198360443115234,16.36533546447754
reaction:3684,t-BuBrettPhos,2,t-BuBrettPhos,47.68791361,48.81390380859375,17.565702438354492
reaction:3685,t-BuBrettPhos,2,t-BuBrettPhos,81.55614964,73.51863098144531,16.38181495666504
reaction:3686,t-BuBrettPhos,2,t-BuBrettPhos,11.04036087,14.973155975341797,16.682247161865234
reaction:3687,t-BuBrettPhos,2,t-BuBrettPhos,24.23482722,25.032541275024414,15.854104042053223
reaction:3688,t-BuBrettPhos,2,t-BuBrettPhos,31.2993075,31.7703857421875,15.745622634887695
reaction:3689,t-BuBrettPhos,2,t-BuBrettPhos,0.337596865,5.366016387939453,16.787124633789062
reaction:3690,t-BuBrettPhos,2,t-BuBrettPhos,46.64890669,46.04125213623047,16.829557418823242
reaction:3691,t-BuBrettPhos,2,t-BuBrettPhos,45.17206702,46.91203689575195,16.82101058959961
reaction:3692,t-BuBrettPhos,2,t-BuBrettPhos,9.993569506,7.755788803100586,15.85289478302002
reaction:3693,t-BuBrettPhos,2,t-BuBrettPhos,68.91825786,63.44923400878906,16.07584571838379
reaction:3694,t-BuBrettPhos,2,t-BuBrettPhos,69.27632316,62.632347106933594,16.642160415649414
reaction:3695,t-BuBrettPhos,2,t-BuBrettPhos,78.77070783,65.0574951171875,17.203702926635742
reaction:3696,t-BuBrettPhos,2,t-BuBrettPhos,76.11415284,66.84382629394531,16.847126007080078
reaction:3697,t-BuBrettPhos,2,t-BuBrettPhos,81.78695125,70.81858825683594,16.463947296142578
reaction:3698,t-BuBrettPhos,2,t-BuBrettPhos,3.724806832,17.07610321044922,16.458391189575195
reaction:3699,t-BuBrettPhos,2,t-BuBrettPhos,17.80357266,34.34653091430664,17.725439071655273
reaction:3700,t-BuBrettPhos,2,t-BuBrettPhos,61.99734129,58.47908020019531,16.501062393188477
reaction:3701,t-BuBrettPhos,2,t-BuBrettPhos,27.20831726,16.783308029174805,16.690454483032227
reaction:3702,t-BuBrettPhos,2,t-BuBrettPhos,38.14083048,33.43678283691406,15.821474075317383
reaction:3703,t-BuBrettPhos,2,t-BuBrettPhos,36.4250561,37.60490417480469,15.711050987243652
reaction:3704,t-BuBrettPhos,2,t-BuBrettPhos,1.088494579,4.1563873291015625,16.74387550354004
reaction:3705,t-BuBrettPhos,2,t-BuBrettPhos,37.85579692,38.21924591064453,16.78832244873047
reaction:3706,t-BuBrettPhos,2,t-BuBrettPhos,41.07404232,43.27906036376953,16.808292388916016
reaction:3707,t-BuBrettPhos,2,t-BuBrettPhos,8.955312407000001,4.254947662353516,15.291389465332031
reaction:3708,t-BuBrettPhos,2,t-BuBrettPhos,59.10146589,55.204498291015625,16.104476928710938
reaction:3709,t-BuBrettPhos,2,t-BuBrettPhos,65.48133698,65.04214477539062,16.721567153930664
reaction:3710,t-BuBrettPhos,2,t-BuBrettPhos,62.79572595,47.163814544677734,17.185474395751953
reaction:3711,t-BuBrettPhos,2,t-BuBrettPhos,65.86005497,51.46598815917969,16.800479888916016
reaction:3712,t-BuBrettPhos,2,t-BuBrettPhos,64.68104609,58.63728332519531,16.459617614746094
reaction:3713,t-BuBrettPhos,2,t-BuBrettPhos,25.61137798,15.400232315063477,16.46751594543457
reaction:3714,t-BuBrettPhos,2,t-BuBrettPhos,56.47869884,53.54155731201172,17.660724639892578
reaction:3715,t-BuBrettPhos,2,t-BuBrettPhos,60.5253289,65.34175872802734,16.529056549072266
reaction:3716,t-BuBrettPhos,2,t-BuBrettPhos,28.57251929,15.719212532043457,16.65328598022461
reaction:3717,t-BuBrettPhos,2,t-BuBrettPhos,38.20471013,36.385826110839844,15.41920280456543
reaction:3718,t-BuBrettPhos,2,t-BuBrettPhos,41.63261266,43.9931640625,15.41715145111084
reaction:3719,t-BuBrettPhos,2,t-BuBrettPhos,1.226874544,1.6315975189208984,16.71957015991211
reaction:3720,t-BuBrettPhos,2,t-BuBrettPhos,47.15627467,45.38975143432617,16.83275032043457
reaction:3721,t-BuBrettPhos,2,t-BuBrettPhos,49.15467449,49.79761505126953,16.8883056640625
reaction:3722,t-BuBrettPhos,2,t-BuBrettPhos,9.293896224,1.8174381256103516,15.884562492370605
reaction:3723,t-BuBrettPhos,2,t-BuBrettPhos,74.97052076,67.63897705078125,16.120405197143555
reaction:3724,t-BuBrettPhos,2,t-BuBrettPhos,75.97219172,76.23553466796875,16.796714782714844
reaction:3725,t-BuBrettPhos,2,t-BuBrettPhos,85.53405964,75.06745910644531,17.278287887573242
reaction:3726,t-BuBrettPhos,2,t-BuBrettPhos,80.79670421,79.75634765625,16.79866600036621
reaction:3727,t-BuBrettPhos,2,t-BuBrettPhos,85.64532689,89.4488525390625,16.53351593017578
reaction:3728,t-BuBrettPhos,2,t-BuBrettPhos,21.70039266,13.81671142578125,16.55438804626465
reaction:3729,t-BuBrettPhos,2,t-BuBrettPhos,76.95155975,64.60224914550781,17.745100021362305
reaction:3730,t-BuBrettPhos,2,t-BuBrettPhos,80.79774090000001,81.71272277832031,16.569366455078125
reaction:3731,t-BuBrettPhos,2,t-BuBrettPhos,2.008708666,7.043182373046875,15.336853981018066
reaction:3732,t-BuBrettPhos,2,t-BuBrettPhos,25.56755062,24.020282745361328,14.430000305175781
reaction:3733,t-BuBrettPhos,2,t-BuBrettPhos,32.35958784,30.76584815979004,14.312580108642578
reaction:3734,t-BuBrettPhos,2,t-BuBrettPhos,0.0,5.446683883666992,15.452322006225586
reaction:3735,t-BuBrettPhos,2,t-BuBrettPhos,41.6263458,32.01466751098633,15.49800968170166
reaction:3736,t-BuBrettPhos,2,t-BuBrettPhos,41.53702825,43.66227340698242,15.489034652709961
reaction:3737,t-BuBrettPhos,2,t-BuBrettPhos,5.761815995,5.839090347290039,14.428757667541504
reaction:3738,t-BuBrettPhos,2,t-BuBrettPhos,63.22828466,47.988197326660156,14.673718452453613
reaction:3739,t-BuBrettPhos,2,t-BuBrettPhos,66.89026205,59.124481201171875,15.295299530029297
reaction:3740,t-BuBrettPhos,2,t-BuBrettPhos,72.60987428,52.000732421875,15.904109001159668
reaction:3741,t-BuBrettPhos,2,t-BuBrettPhos,78.22401013,61.20352554321289,15.515777587890625
reaction:3742,t-BuBrettPhos,2,t-BuBrettPhos,70.14060434,66.28899383544922,15.102018356323242
reaction:3743,t-BuBrettPhos,2,t-BuBrettPhos,0.810171959,6.476236343383789,15.092744827270508
reaction:3744,t-BuBrettPhos,2,t-BuBrettPhos,48.96975625,40.411922454833984,16.463638305664062
reaction:3745,t-BuBrettPhos,2,t-BuBrettPhos,50.40479784,49.02509307861328,15.139081954956055
reaction:3746,t-BuBrettPhos,2,t-BuBrettPhos,6.090802245,4.038944244384766,15.377525329589844
reaction:3747,t-BuBrettPhos,2,t-BuBrettPhos,38.90083473,27.525455474853516,14.42757511138916
reaction:3748,t-BuBrettPhos,2,t-BuBrettPhos,37.47062049,33.46855545043945,14.308303833007812
reaction:3749,t-BuBrettPhos,2,t-BuBrettPhos,0.0,1.6511802673339844,15.437105178833008
reaction:3750,t-BuBrettPhos,2,t-BuBrettPhos,35.15329281,23.43065643310547,15.485029220581055
reaction:3751,t-BuBrettPhos,2,t-BuBrettPhos,41.08459601,38.5866584777832,15.506468772888184
reaction:3752,t-BuBrettPhos,2,t-BuBrettPhos,4.12761042,1.1348800659179688,13.844839096069336
reaction:3753,t-BuBrettPhos,2,t-BuBrettPhos,56.83415199,37.440731048583984,14.738770484924316
reaction:3754,t-BuBrettPhos,2,t-BuBrettPhos,65.44832937,60.68935775756836,15.414294242858887
reaction:3755,t-BuBrettPhos,2,t-BuBrettPhos,58.01064055,31.153379440307617,15.915522575378418
reaction:3756,t-BuBrettPhos,2,t-BuBrettPhos,63.16520406,41.297061920166016,15.496880531311035
reaction:3757,t-BuBrettPhos,2,t-BuBrettPhos,66.65248144,53.123626708984375,15.129751205444336
reaction:3758,t-BuBrettPhos,2,t-BuBrettPhos,2.68455705,2.4306602478027344,15.135282516479492
reaction:3759,t-BuBrettPhos,2,t-BuBrettPhos,58.35068095,50.44900894165039,16.4237003326416
reaction:3760,t-BuBrettPhos,2,t-BuBrettPhos,61.04278074,58.19110870361328,15.202012062072754
reaction:3761,t-BuBrettPhos,2,t-BuBrettPhos,6.03417912,0.9435520172119141,15.28930377960205
reaction:3762,t-BuBrettPhos,2,t-BuBrettPhos,38.15565558,27.27525520324707,13.932713508605957
reaction:3763,t-BuBrettPhos,2,t-BuBrettPhos,45.15638688,38.44737243652344,13.9323091506958
reaction:3764,t-BuBrettPhos,2,t-BuBrettPhos,0.0,-3.310239791870117,15.362053871154785
reaction:3765,t-BuBrettPhos,2,t-BuBrettPhos,36.98776703,27.452587127685547,15.485208511352539
reaction:3766,t-BuBrettPhos,2,t-BuBrettPhos,44.33872807,43.720611572265625,15.546271324157715
reaction:3767,t-BuBrettPhos,2,t-BuBrettPhos,4.225486824,-3.5898265838623047,14.446549415588379
reaction:3768,t-BuBrettPhos,2,t-BuBrettPhos,59.21946541,44.458946228027344,14.707071304321289
reaction:3769,t-BuBrettPhos,2,t-BuBrettPhos,74.59845802,68.42881774902344,15.448152542114258
reaction:3770,t-BuBrettPhos,2,t-BuBrettPhos,78.02488381,51.42027282714844,15.969669342041016
reaction:3771,t-BuBrettPhos,2,t-BuBrettPhos,80.73687357,64.2733154296875,15.448409080505371
reaction:3772,t-BuBrettPhos,2,t-BuBrettPhos,88.24637541,82.81643676757812,15.16141414642334
reaction:3773,t-BuBrettPhos,2,t-BuBrettPhos,1.957264533,-1.0260257720947266,15.181499481201172
reaction:3774,t-BuBrettPhos,2,t-BuBrettPhos,65.74098646,56.259552001953125,16.46944808959961
reaction:3775,t-BuBrettPhos,2,t-BuBrettPhos,83.83843021,72.38710021972656,15.197509765625
reaction:3776,AdBrettPhos,0,AdBrettPhos,10.47269891,1.1726665496826172,14.749544143676758
reaction:3777,AdBrettPhos,0,AdBrettPhos,12.16304801,9.210186004638672,13.730978965759277
reaction:3778,AdBrettPhos,0,AdBrettPhos,10.78771766,13.390745162963867,13.721802711486816
reaction:3779,AdBrettPhos,0,AdBrettPhos,1.152131483,-5.095859527587891,14.727757453918457
reaction:3780,AdBrettPhos,0,AdBrettPhos,14.89842021,12.106836318969727,14.64474105834961
reaction:3781,AdBrettPhos,0,AdBrettPhos,16.26779165,16.245302200317383,15.809142112731934
reaction:3782,AdBrettPhos,0,AdBrettPhos,4.656693452,3.2404098510742188,13.785292625427246
reaction:3783,AdBrettPhos,0,AdBrettPhos,21.20587604,24.797679901123047,14.089451789855957
reaction:3784,AdBrettPhos,0,AdBrettPhos,27.685942800000003,31.852710723876953,14.47562026977539
reaction:3785,AdBrettPhos,0,AdBrettPhos,21.50066765,28.5150203704834,16.025964736938477
reaction:3786,AdBrettPhos,0,AdBrettPhos,25.90827653,32.658721923828125,14.898961067199707
reaction:3787,AdBrettPhos,0,AdBrettPhos,28.29509241,38.31208801269531,14.780545234680176
reaction:3788,AdBrettPhos,0,AdBrettPhos,14.747497199999998,-0.7584342956542969,14.124504089355469
reaction:3789,AdBrettPhos,0,AdBrettPhos,17.65611496,12.511226654052734,14.624699592590332
reaction:3790,AdBrettPhos,0,AdBrettPhos,19.96336659,21.697141647338867,13.803303718566895
reaction:3791,AdBrettPhos,0,AdBrettPhos,2.505489323,4.291479110717773,14.64449691772461
reaction:3792,AdBrettPhos,0,AdBrettPhos,15.19101144,23.10671043395996,13.720497131347656
reaction:3793,AdBrettPhos,0,AdBrettPhos,34.181383399999994,30.01267433166504,13.721856117248535
reaction:3794,AdBrettPhos,0,AdBrettPhos,0.4677335079999999,-1.7353782653808594,14.771312713623047
reaction:3795,AdBrettPhos,0,AdBrettPhos,14.98944103,13.750682830810547,14.651573181152344
reaction:3796,AdBrettPhos,0,AdBrettPhos,40.85999304,28.850627899169922,15.788443565368652
reaction:3797,AdBrettPhos,0,AdBrettPhos,0.648980669,1.3036651611328125,13.178642272949219
reaction:3798,AdBrettPhos,0,AdBrettPhos,24.05265274,28.50393295288086,14.086106300354004
reaction:3799,AdBrettPhos,0,AdBrettPhos,60.8676331,52.24311065673828,14.517568588256836
reaction:3800,AdBrettPhos,0,AdBrettPhos,20.28381752,32.03955841064453,16.01790428161621
reaction:3801,AdBrettPhos,0,AdBrettPhos,30.24326754,41.31468963623047,14.787334442138672
reaction:3802,AdBrettPhos,0,AdBrettPhos,53.5695113,54.04813766479492,14.570435523986816
reaction:3803,AdBrettPhos,0,AdBrettPhos,1.726024029,0.5778350830078125,14.082367897033691
reaction:3804,AdBrettPhos,0,AdBrettPhos,36.92601799,38.05322265625,14.635546684265137
reaction:3805,AdBrettPhos,0,AdBrettPhos,56.57387493,49.731239318847656,13.301913261413574
reaction:3806,AdBrettPhos,0,AdBrettPhos,7.949590253999999,12.140304565429688,14.6644287109375
reaction:3807,AdBrettPhos,0,AdBrettPhos,30.30978378,32.36007308959961,13.252070426940918
reaction:3808,AdBrettPhos,0,AdBrettPhos,47.10591975,40.01353073120117,13.255852699279785
reaction:3809,AdBrettPhos,0,AdBrettPhos,0.256451547,0.9217071533203125,14.769318580627441
reaction:3810,AdBrettPhos,0,AdBrettPhos,26.95590806,27.76188087463379,14.608234405517578
reaction:3811,AdBrettPhos,0,AdBrettPhos,49.01475041,38.6811637878418,15.777972221374512
reaction:3812,AdBrettPhos,0,AdBrettPhos,0.727174946,7.116109848022461,13.757266998291016
reaction:3813,AdBrettPhos,0,AdBrettPhos,34.67021781,48.59403991699219,14.064610481262207
reaction:3814,AdBrettPhos,0,AdBrettPhos,73.39202626,66.84539031982422,14.554012298583984
reaction:3815,AdBrettPhos,0,AdBrettPhos,29.55686861,59.75930404663086,15.999547004699707
reaction:3816,AdBrettPhos,0,AdBrettPhos,41.06227561,66.79678344726562,14.83211612701416
reaction:3817,AdBrettPhos,0,AdBrettPhos,86.42573792,77.74075317382812,14.545326232910156
reaction:3818,AdBrettPhos,0,AdBrettPhos,0.0,8.334466934204102,14.073796272277832
reaction:3819,AdBrettPhos,0,AdBrettPhos,27.34305282,56.74366760253906,14.597647666931152
reaction:3820,AdBrettPhos,0,AdBrettPhos,76.73986616,72.72026062011719,13.778084754943848
reaction:3821,AdBrettPhos,0,AdBrettPhos,15.5615648,14.295106887817383,16.114444732666016
reaction:3822,AdBrettPhos,0,AdBrettPhos,24.35604753,25.50441551208496,15.184205055236816
reaction:3823,AdBrettPhos,0,AdBrettPhos,28.85136629,31.73444366455078,15.188699722290039
reaction:3824,AdBrettPhos,0,AdBrettPhos,0.979807222,5.887895584106445,16.10138511657715
reaction:3825,AdBrettPhos,0,AdBrettPhos,29.01476311,33.08590316772461,16.02312660217285
reaction:3826,AdBrettPhos,0,AdBrettPhos,33.20741805,39.13924789428711,17.09455108642578
reaction:3827,AdBrettPhos,0,AdBrettPhos,4.08442672,15.79676628112793,15.246183395385742
reaction:3828,AdBrettPhos,0,AdBrettPhos,46.70548466,51.273555755615234,15.50538158416748
reaction:3829,AdBrettPhos,0,AdBrettPhos,49.28704587,55.2133674621582,15.882205963134766
reaction:3830,AdBrettPhos,0,AdBrettPhos,31.37415917,47.73782730102539,17.294252395629883
reaction:3831,AdBrettPhos,0,AdBrettPhos,37.12306374,52.23756408691406,16.25458335876465
reaction:3832,AdBrettPhos,0,AdBrettPhos,42.69698784,62.00773620605469,16.140819549560547
reaction:3833,AdBrettPhos,0,AdBrettPhos,16.74814495,11.700801849365234,15.545171737670898
reaction:3834,AdBrettPhos,0,AdBrettPhos,52.20286143,35.90647888183594,16.03557014465332
reaction:3835,AdBrettPhos,0,AdBrettPhos,56.41870071,45.97694396972656,15.266772270202637
reaction:3836,AdBrettPhos,0,AdBrettPhos,3.434831672,6.278118133544922,16.014986038208008
reaction:3837,AdBrettPhos,0,AdBrettPhos,26.32369704,26.172344207763672,15.170260429382324
reaction:3838,AdBrettPhos,0,AdBrettPhos,36.14852387,36.593040466308594,15.18452262878418
reaction:3839,AdBrettPhos,0,AdBrettPhos,0.0,-0.22078323364257812,16.13668441772461
reaction:3840,AdBrettPhos,0,AdBrettPhos,16.7341519,19.613277435302734,16.025012969970703
reaction:3841,AdBrettPhos,0,AdBrettPhos,49.985461,45.11395263671875,17.07073974609375
reaction:3842,AdBrettPhos,0,AdBrettPhos,0.995077613,4.865367889404297,14.69454574584961
reaction:3843,AdBrettPhos,0,AdBrettPhos,30.16614104,38.423274993896484,15.497222900390625
reaction:3844,AdBrettPhos,0,AdBrettPhos,59.31991617,59.94148254394531,15.916207313537598
reaction:3845,AdBrettPhos,0,AdBrettPhos,20.49711258,33.78144836425781,17.283464431762695
reaction:3846,AdBrettPhos,0,AdBrettPhos,31.02334366,43.697608947753906,16.14706802368164
reaction:3847,AdBrettPhos,0,AdBrettPhos,56.03747384,62.329689025878906,15.944172859191895
reaction:3848,AdBrettPhos,0,AdBrettPhos,2.039001868,3.008699417114258,15.502067565917969
reaction:3849,AdBrettPhos,0,AdBrettPhos,47.55321922,44.7254753112793,16.04161262512207
reaction:3850,AdBrettPhos,0,AdBrettPhos,59.16216512,57.03831481933594,14.80998420715332
reaction:3851,AdBrettPhos,0,AdBrettPhos,5.071740985,10.717081069946289,16.072053909301758
reaction:3852,AdBrettPhos,0,AdBrettPhos,31.60555467,30.46162223815918,14.791299819946289
reaction:3853,AdBrettPhos,0,AdBrettPhos,41.60266431,40.95392608642578,14.808306694030762
reaction:3854,AdBrettPhos,0,AdBrettPhos,0.0,-0.9245948791503906,16.174386978149414
reaction:3855,AdBrettPhos,0,AdBrettPhos,20.44948228,29.009140014648438,16.0256290435791
reaction:3856,AdBrettPhos,0,AdBrettPhos,46.3015164,44.56157302856445,17.098731994628906
reaction:3857,AdBrettPhos,0,AdBrettPhos,1.005881291,5.871673583984375,15.25802230834961
reaction:3858,AdBrettPhos,0,AdBrettPhos,34.47263315,54.09572219848633,15.519135475158691
reaction:3859,AdBrettPhos,0,AdBrettPhos,72.29221067,68.65103149414062,15.989527702331543
reaction:3860,AdBrettPhos,0,AdBrettPhos,31.19527434,62.65107727050781,17.30275535583496
reaction:3861,AdBrettPhos,0,AdBrettPhos,39.71442231,67.85077667236328,16.22782325744629
reaction:3862,AdBrettPhos,0,AdBrettPhos,83.49602396,82.49931335449219,15.961221694946289
reaction:3863,AdBrettPhos,0,AdBrettPhos,0.0,5.601772308349609,15.535181045532227
reaction:3864,AdBrettPhos,0,AdBrettPhos,27.15696835,55.57115173339844,16.046112060546875
reaction:3865,AdBrettPhos,0,AdBrettPhos,67.35182955,75.60751342773438,15.280961990356445
reaction:3866,AdBrettPhos,0,AdBrettPhos,6.112603375,18.188617706298828,16.181142807006836
reaction:3867,AdBrettPhos,0,AdBrettPhos,19.11941212,26.586692810058594,15.262585639953613
reaction:3868,AdBrettPhos,0,AdBrettPhos,29.76126623,32.30751037597656,15.254648208618164
reaction:3869,AdBrettPhos,0,AdBrettPhos,0.0,2.6350040435791016,16.162761688232422
reaction:3870,AdBrettPhos,0,AdBrettPhos,49.20462645,44.24983596801758,16.08245849609375
reaction:3871,AdBrettPhos,0,AdBrettPhos,49.50904012,43.184600830078125,17.149953842163086
reaction:3872,AdBrettPhos,0,AdBrettPhos,1.743650282,12.430225372314453,15.311009407043457
reaction:3873,AdBrettPhos,0,AdBrettPhos,67.14890203,65.62611389160156,15.568754196166992
reaction:3874,AdBrettPhos,0,AdBrettPhos,68.20094264,64.50410461425781,15.948369026184082
reaction:3875,AdBrettPhos,0,AdBrettPhos,74.20453315,66.5439224243164,17.365745544433594
reaction:3876,AdBrettPhos,0,AdBrettPhos,74.49984474,66.43119812011719,16.316404342651367
reaction:3877,AdBrettPhos,0,AdBrettPhos,83.44233536,68.29515075683594,16.20573616027832
reaction:3878,AdBrettPhos,0,AdBrettPhos,2.899493403,17.911117553710938,15.618468284606934
reaction:3879,AdBrettPhos,0,AdBrettPhos,16.85617983,32.9068603515625,16.103557586669922
reaction:3880,AdBrettPhos,0,AdBrettPhos,65.67896113,56.29071807861328,15.336872100830078
reaction:3881,AdBrettPhos,0,AdBrettPhos,17.43734901,21.857295989990234,16.16077423095703
reaction:3882,AdBrettPhos,0,AdBrettPhos,35.28597628,35.73113250732422,15.331318855285645
reaction:3883,AdBrettPhos,0,AdBrettPhos,36.96535355,38.05686950683594,15.333505630493164
reaction:3884,AdBrettPhos,0,AdBrettPhos,0.926720681,1.656209945678711,16.275222778320312
reaction:3885,AdBrettPhos,0,AdBrettPhos,38.563334600000005,35.09246063232422,16.16216468811035
reaction:3886,AdBrettPhos,0,AdBrettPhos,39.70763397,41.656864166259766,17.198974609375
reaction:3887,AdBrettPhos,0,AdBrettPhos,1.666950752,7.254037857055664,14.846978187561035
reaction:3888,AdBrettPhos,0,AdBrettPhos,57.55922845,56.41021728515625,15.641387939453125
reaction:3889,AdBrettPhos,0,AdBrettPhos,61.437310200000006,66.85273742675781,16.060319900512695
reaction:3890,AdBrettPhos,0,AdBrettPhos,44.04139335,58.6590576171875,17.42728042602539
reaction:3891,AdBrettPhos,0,AdBrettPhos,53.66497703,62.227333068847656,16.286022186279297
reaction:3892,AdBrettPhos,0,AdBrettPhos,58.26903703,67.99044799804688,16.0883846282959
reaction:3893,AdBrettPhos,0,AdBrettPhos,15.287626800000002,18.609949111938477,15.655739784240723
reaction:3894,AdBrettPhos,0,AdBrettPhos,59.26239712,52.992652893066406,16.18775749206543
reaction:3895,AdBrettPhos,0,AdBrettPhos,62.55956501,63.99242401123047,14.96656322479248
reaction:3896,AdBrettPhos,0,AdBrettPhos,15.21649465,22.94599151611328,16.12369728088379
reaction:3897,AdBrettPhos,0,AdBrettPhos,37.4061745,37.42343521118164,14.85702133178711
reaction:3898,AdBrettPhos,0,AdBrettPhos,43.02832469,42.845760345458984,14.860198020935059
reaction:3899,AdBrettPhos,0,AdBrettPhos,1.126878627,0.3704032897949219,16.220962524414062
reaction:3900,AdBrettPhos,0,AdBrettPhos,43.83894822,43.100311279296875,16.070409774780273
reaction:3901,AdBrettPhos,0,AdBrettPhos,48.45171074,46.22600555419922,17.140586853027344
reaction:3902,AdBrettPhos,0,AdBrettPhos,1.342248202,7.43934440612793,15.307966232299805
reaction:3903,AdBrettPhos,0,AdBrettPhos,69.84952946,69.67120361328125,15.567618370056152
reaction:3904,AdBrettPhos,0,AdBrettPhos,74.90352783,77.65882873535156,16.040006637573242
reaction:3905,AdBrettPhos,0,AdBrettPhos,78.41262052,80.37771606445312,17.36018943786621
reaction:3906,AdBrettPhos,0,AdBrettPhos,80.77035612,82.28843688964844,16.2757625579834
reaction:3907,AdBrettPhos,0,AdBrettPhos,84.70172213,88.55224609375,16.011859893798828
reaction:3908,AdBrettPhos,0,AdBrettPhos,9.540861126,19.593053817749023,15.59377670288086
reaction:3909,AdBrettPhos,0,AdBrettPhos,61.6695561,67.88023376464844,16.099184036254883
reaction:3910,AdBrettPhos,0,AdBrettPhos,74.59231799,81.778564453125,15.335888862609863
reaction:3911,AdBrettPhos,0,AdBrettPhos,1.159391266,5.60321044921875,14.203720092773438
reaction:3912,AdBrettPhos,0,AdBrettPhos,19.7798759,27.8931884765625,13.16119384765625
reaction:3913,AdBrettPhos,0,AdBrettPhos,27.25583167,33.2194709777832,13.150871276855469
reaction:3914,AdBrettPhos,0,AdBrettPhos,0.0,2.3782424926757812,14.194722175598145
reaction:3915,AdBrettPhos,0,AdBrettPhos,27.61595801,38.00019836425781,14.106206893920898
reaction:3916,AdBrettPhos,0,AdBrettPhos,44.94211074,37.96519088745117,15.311814308166504
reaction:3917,AdBrettPhos,0,AdBrettPhos,0.0,7.836549758911133,13.219799995422363
reaction:3918,AdBrettPhos,0,AdBrettPhos,49.88008869,57.439109802246094,13.505284309387207
reaction:3919,AdBrettPhos,0,AdBrettPhos,61.83593039,60.93470001220703,13.955636978149414
reaction:3920,AdBrettPhos,0,AdBrettPhos,54.69797468,64.4581069946289,15.552351951599121
reaction:3921,AdBrettPhos,0,AdBrettPhos,66.42814295,69.03730773925781,14.372086524963379
reaction:3922,AdBrettPhos,0,AdBrettPhos,66.04767415,66.65571594238281,14.240118980407715
reaction:3923,AdBrettPhos,0,AdBrettPhos,0.899554125,3.193288803100586,13.57637882232666
reaction:3924,AdBrettPhos,0,AdBrettPhos,41.91155944,42.22880172729492,14.137283325195312
reaction:3925,AdBrettPhos,0,AdBrettPhos,45.77046106,48.56847381591797,13.245989799499512
reaction:3926,AdBrettPhos,0,AdBrettPhos,2.749074467,5.892822265625,14.096173286437988
reaction:3927,AdBrettPhos,0,AdBrettPhos,28.74221631,35.16299057006836,13.149993896484375
reaction:3928,AdBrettPhos,0,AdBrettPhos,33.74215602,37.57250213623047,13.151243209838867
reaction:3929,AdBrettPhos,0,AdBrettPhos,0.0,0.4636726379394531,14.2388277053833
reaction:3930,AdBrettPhos,0,AdBrettPhos,20.54633014,30.267484664916992,14.112617492675781
reaction:3931,AdBrettPhos,0,AdBrettPhos,34.2854552,38.46906280517578,15.288904190063477
reaction:3932,AdBrettPhos,0,AdBrettPhos,0.52608193,2.9958667755126953,12.584456443786621
reaction:3933,AdBrettPhos,0,AdBrettPhos,35.20097749,50.31549835205078,13.500907897949219
reaction:3934,AdBrettPhos,0,AdBrettPhos,57.87416713,65.0257339477539,13.998538970947266
reaction:3935,AdBrettPhos,0,AdBrettPhos,28.17135486,54.57870101928711,15.544734001159668
reaction:3936,AdBrettPhos,0,AdBrettPhos,42.18931962,61.19597625732422,14.254276275634766
reaction:3937,AdBrettPhos,0,AdBrettPhos,54.86277738,66.54556274414062,14.021475791931152
reaction:3938,AdBrettPhos,0,AdBrettPhos,1.7201850419999998,2.1460189819335938,13.531317710876465
reaction:3939,AdBrettPhos,0,AdBrettPhos,52.96278289,55.22466278076172,14.149251937866211
reaction:3940,AdBrettPhos,0,AdBrettPhos,55.26466335,61.443603515625,12.72149658203125
reaction:3941,AdBrettPhos,0,AdBrettPhos,2.565604497,4.9538116455078125,14.141417503356934
reaction:3942,AdBrettPhos,0,AdBrettPhos,25.67305216,35.4014778137207,12.690959930419922
reaction:3943,AdBrettPhos,0,AdBrettPhos,40.24019595,42.43017578125,12.694418907165527
reaction:3944,AdBrettPhos,0,AdBrettPhos,0.0,-2.4198341369628906,14.263429641723633
reaction:3945,AdBrettPhos,0,AdBrettPhos,20.84643886,35.48176193237305,14.095295906066895
reaction:3946,AdBrettPhos,0,AdBrettPhos,46.31398784,40.71744155883789,15.303854942321777
reaction:3947,AdBrettPhos,0,AdBrettPhos,0.553317014,1.6001567840576172,13.218600273132324
reaction:3948,AdBrettPhos,0,AdBrettPhos,32.70750682,59.19527053833008,13.506850242614746
reaction:3949,AdBrettPhos,0,AdBrettPhos,69.61841713,72.62821960449219,14.063186645507812
reaction:3950,AdBrettPhos,0,AdBrettPhos,38.40380593,73.98538208007812,15.548920631408691
reaction:3951,AdBrettPhos,0,AdBrettPhos,57.42667045,79.81085968017578,14.328559875488281
reaction:3952,AdBrettPhos,0,AdBrettPhos,86.23315653,85.76493072509766,14.022080421447754
reaction:3953,AdBrettPhos,0,AdBrettPhos,1.44008073,1.7209911346435547,13.550639152526855
reaction:3954,AdBrettPhos,0,AdBrettPhos,43.53836522,65.4076919555664,14.135497093200684
reaction:3955,AdBrettPhos,0,AdBrettPhos,69.79590237,77.71719360351562,13.246317863464355
