row_id,ligand,fold,reference_group,y_true,y_pred,y_std
reaction:1,XPhos,1,,10.65781182,7.467500686645508,16.23554039001465
reaction:2,XPhos,1,,14.7478961,10.426155090332031,16.66274070739746
reaction:3,XPhos,2,,18.27868619,22.61555290222168,15.378543853759766
reaction:4,XPhos,1,,2.475057616,-5.31060791015625,17.699111938476562
reaction:5,XPhos,0,,6.119058475,4.613319396972656,16.367326736450195
reaction:6,XPhos,2,,5.449924218,4.521949768066406,16.10814666748047
reaction:7,XPhos,1,,7.802080337,-0.29705810546875,17.608110427856445
reaction:8,XPhos,0,,14.23417841,24.144760131835938,16.34886360168457
reaction:9,XPhos,0,,15.41389344,23.765926361083984,16.30717658996582
reaction:10,XPhos,2,,9.46569581,8.793952941894531,16.09068489074707
reaction:11,XPhos,1,,15.23875818,14.260795593261719,17.339542388916016
reaction:12,XPhos,2,,19.59428889,18.302940368652344,15.594369888305664
reaction:13,XPhos,0,,7.787908452000001,10.387720108032227,16.55225944519043
reaction:14,XPhos,0,,9.677591971,3.581451416015625,16.180883407592773
reaction:15,XPhos,4,,13.17521743,21.304973602294922,15.93752384185791
reaction:16,XPhos,3,,14.01864146,13.775806427001953,16.32352066040039
reaction:17,XPhos,4,,30.5912617,28.593358993530273,15.654898643493652
reaction:18,XPhos,4,,38.15573638,35.37803649902344,16.1817569732666
reaction:19,XPhos,0,,0.456472494,5.678216934204102,16.5784854888916
reaction:20,XPhos,3,,3.867385769,8.302696228027344,16.667240142822266
reaction:21,XPhos,1,,7.024622197,12.79079818725586,16.5466365814209
reaction:22,XPhos,2,,2.84616447,7.824712753295898,15.776313781738281
reaction:23,XPhos,3,,18.8690087,16.814807891845703,16.164146423339844
reaction:24,XPhos,2,,25.0736586,21.573287963867188,15.918489456176758
reaction:25,XPhos,2,,21.66658644,22.327573776245117,16.03343963623047
reaction:26,XPhos,3,,48.48749388,39.217411041259766,16.618167877197266
reaction:27,XPhos,4,,58.61075678,45.87514877319336,15.702187538146973
reaction:28,XPhos,2,,4.169292721000001,9.561746597290039,15.854089736938477
reaction:29,XPhos,2,,11.38334579,18.712757110595703,17.539724349975586
reaction:30,XPhos,3,,24.41818234,23.682998657226562,16.699907302856445
reaction:31,XPhos,4,,14.96739578,11.056886672973633,15.721931457519531
reaction:32,XPhos,3,,30.28625472,26.85592269897461,17.046875
reaction:33,XPhos,3,,39.57783871,34.463897705078125,16.64468002319336
reaction:34,XPhos,3,,0.339837285,1.275674819946289,17.096860885620117
reaction:35,XPhos,3,,3.12306153,5.142614364624023,16.47802734375
reaction:36,XPhos,3,,5.140109821,9.130556106567383,16.43846893310547
reaction:37,XPhos,1,,3.920306162,-0.67462158203125,17.429527282714844
reaction:38,XPhos,4,,15.39753007,17.37419891357422,15.509587287902832
reaction:39,XPhos,3,,22.45064906,35.98044967651367,17.322280883789062
reaction:40,XPhos,3,,23.68617418,22.83736801147461,16.31645393371582
reaction:41,XPhos,4,,42.69485888,46.089908599853516,15.867557525634766
reaction:42,XPhos,0,,54.83360857,53.96846008300781,16.27777099609375
reaction:43,XPhos,0,,6.351542297000001,3.703937530517578,16.64889907836914
reaction:44,XPhos,3,,14.16472216,16.73794174194336,16.39195442199707
reaction:45,XPhos,0,,17.378304,26.714614868164062,16.39609146118164
reaction:46,XPhos,0,,3.606676847,15.00100326538086,16.33694839477539
reaction:47,XPhos,2,,35.07866175,26.089082717895508,16.514371871948242
reaction:48,XPhos,3,,43.31814591,41.106380462646484,16.94242286682129
reaction:49,XPhos,3,,0.0,7.336040496826172,16.940195083618164
reaction:50,XPhos,1,,29.29817829,29.18413543701172,17.619382858276367
reaction:51,XPhos,0,,37.56535564,31.851707458496094,16.640939712524414
reaction:52,XPhos,1,,0.960810012,14.833700180053711,17.215591430664062
reaction:53,XPhos,4,,59.0196812,49.00912094116211,16.754865646362305
reaction:54,XPhos,2,,70.96873006,52.76301574707031,16.639671325683594
reaction:55,XPhos,2,,35.13952712,28.427387237548828,16.917871475219727
reaction:56,XPhos,4,,37.65445791,40.070960998535156,16.14187240600586
reaction:57,XPhos,2,,51.10248957,37.8994255065918,16.557249069213867
reaction:58,XPhos,1,,3.963450153,24.618221282958984,16.38409423828125
reaction:59,XPhos,1,,31.93031022,36.8675537109375,16.126693725585938
reaction:60,XPhos,2,,48.70823186,42.38056945800781,16.898387908935547
reaction:61,XPhos,2,,5.008760546,6.892986297607422,17.00412368774414
reaction:62,XPhos,1,,35.08872433,33.550418853759766,16.51753044128418
reaction:63,XPhos,4,,41.2456065,41.14269256591797,17.49266815185547
reaction:64,XPhos,1,,0.0,1.097482681274414,17.90496253967285
reaction:65,XPhos,1,,13.9769471,13.402124404907227,17.52539825439453
reaction:66,XPhos,0,,18.89524916,21.52539825439453,16.719547271728516
reaction:67,XPhos,4,,0.705195152,0.11531829833984375,16.752880096435547
reaction:68,XPhos,4,,32.63234102,31.347501754760742,16.857187271118164
reaction:69,XPhos,3,,31.81837229,46.81085205078125,17.406753540039062
reaction:70,XPhos,0,,30.4254394,29.262727737426758,17.210153579711914
reaction:71,XPhos,2,,53.63578043,48.712196350097656,17.443641662597656
reaction:72,XPhos,0,,59.4767437,56.888404846191406,16.079689025878906
reaction:73,XPhos,2,,2.014671714,3.6730575561523438,17.148181915283203
reaction:74,XPhos,2,,26.51352578,27.66666030883789,18.26561164855957
reaction:75,XPhos,1,,36.85037948,36.1263427734375,16.273147583007812
reaction:76,XPhos,1,,4.820162197,10.12266731262207,16.18206214904785
reaction:77,XPhos,3,,34.80628557,36.31597900390625,17.23406219482422
reaction:78,XPhos,4,,46.63249784,45.116424560546875,17.309829711914062
reaction:79,XPhos,1,,0.0,4.23204231262207,17.97386360168457
reaction:80,XPhos,4,,11.74218494,16.899534225463867,16.84678840637207
reaction:81,XPhos,1,,26.65189435,26.007322311401367,15.979941368103027
reaction:82,XPhos,2,,0.5468298979999999,4.782068252563477,16.666902542114258
reaction:83,XPhos,0,,35.87055638,35.46110153198242,16.101638793945312
reaction:84,XPhos,4,,68.84449525,52.59819412231445,18.413358688354492
reaction:85,XPhos,0,,33.8754215,35.024539947509766,17.3271541595459
reaction:86,XPhos,3,,63.0697188,57.35059356689453,16.690818786621094
reaction:87,XPhos,3,,70.62989218,65.18219757080078,16.568334579467773
reaction:88,XPhos,2,,2.481415648,3.7550582885742188,17.007909774780273
reaction:89,XPhos,1,,31.6780045,34.01214599609375,16.196422576904297
reaction:90,XPhos,2,,46.01420049,44.92502212524414,16.921524047851562
reaction:91,XPhos,1,,22.16644806,14.005424499511719,16.725980758666992
reaction:92,XPhos,4,,23.21156884,22.237384796142578,16.062326431274414
reaction:93,XPhos,1,,34.74876407,31.816749572753906,17.038597106933594
reaction:94,XPhos,3,,0.948128865,1.8186264038085938,16.476167678833008
reaction:95,XPhos,4,,16.64966496,20.575048446655273,16.315359115600586
reaction:96,XPhos,2,,19.99982627,24.880582809448242,16.98749542236328
reaction:97,XPhos,0,,4.9923792360000006,4.8889312744140625,18.5223445892334
reaction:98,XPhos,3,,53.99699311,44.228904724121094,16.388050079345703
reaction:99,XPhos,0,,57.37548977,50.100341796875,16.217796325683594
reaction:100,XPhos,2,,22.61165831,26.057355880737305,16.986312866210938
reaction:101,XPhos,3,,28.75149591,30.006851196289062,15.935975074768066
reaction:102,XPhos,1,,26.98890626,32.36918258666992,16.905920028686523
reaction:103,XPhos,3,,20.85782482,19.622493743896484,15.871768951416016
reaction:104,XPhos,2,,20.73475671,27.270479202270508,18.362560272216797
reaction:105,XPhos,3,,30.87112941,40.82300567626953,16.945981979370117
reaction:106,XPhos,1,,20.36096013,17.985641479492188,16.86629295349121
reaction:107,XPhos,4,,38.91690391,34.127132415771484,16.289703369140625
reaction:108,XPhos,1,,41.70005044,38.80607986450195,17.168254852294922
reaction:109,XPhos,2,,0.940121626,3.838481903076172,16.675872802734375
reaction:110,XPhos,2,,14.90450687,16.0843448638916,16.729915618896484
reaction:111,XPhos,3,,19.596159,21.560110092163086,15.708695411682129
reaction:112,XPhos,0,,4.179760101,5.832571029663086,18.375408172607422
reaction:113,XPhos,4,,39.00815943,39.61650085449219,16.037263870239258
reaction:114,XPhos,2,,37.1696242,45.14575958251953,17.078359603881836
reaction:115,XPhos,4,,31.61725517,30.104629516601562,16.604354858398438
reaction:116,XPhos,2,,51.21654271,47.997108459472656,17.636980056762695
reaction:117,XPhos,0,,57.55128922,52.12882995605469,16.307785034179688
reaction:118,XPhos,4,,16.17382734,15.634332656860352,16.59296417236328
reaction:119,XPhos,4,,26.58751317,27.953784942626953,16.070425033569336
reaction:120,XPhos,2,,40.41327646,35.70913314819336,16.764373779296875
reaction:121,XPhos,0,,16.96531636,26.510730743408203,16.657817840576172
reaction:122,XPhos,0,,34.37725511,39.41061782836914,16.35438346862793
reaction:123,XPhos,0,,43.5835106,47.17724609375,16.893234252929688
reaction:124,XPhos,3,,0.828206999,6.997335433959961,16.346420288085938
reaction:125,XPhos,0,,13.33632103,18.419490814208984,16.390886306762695
reaction:126,XPhos,3,,26.96354436,22.393983840942383,16.06051254272461
reaction:127,XPhos,3,,4.206951598,7.699369430541992,15.472858428955078
reaction:128,XPhos,3,,39.80435813,37.975284576416016,16.214580535888672
reaction:129,XPhos,4,,66.76359549,51.15992736816406,18.234682083129883
reaction:130,XPhos,4,,38.14302674,35.483848571777344,16.640092849731445
reaction:131,XPhos,4,,56.51667394,54.31263732910156,16.020875930786133
reaction:132,XPhos,1,,67.97172842,61.62565612792969,17.085351943969727
reaction:133,XPhos,4,,13.29271578,15.689373016357422,16.457059860229492
reaction:134,XPhos,1,,32.5166032,30.919706344604492,16.58982276916504
reaction:135,XPhos,1,,47.33481015,42.386016845703125,16.708385467529297
reaction:136,t-BuXPhos,2,,15.4176361,9.979490280151367,15.534690856933594
reaction:137,t-BuXPhos,2,,18.97417112,19.224559783935547,14.71420669555664
reaction:138,t-BuXPhos,1,,16.81589184,16.605152130126953,16.08972930908203
reaction:139,t-BuXPhos,2,,2.663355036,-6.081474304199219,14.535527229309082
reaction:140,t-BuXPhos,2,,16.04854773,20.210281372070312,15.463358879089355
reaction:141,t-BuXPhos,2,,21.9766332,17.95587158203125,15.426962852478027
reaction:142,t-BuXPhos,0,,7.641917877999999,-3.7485122680664062,16.586774826049805
reaction:143,t-BuXPhos,2,,28.39231834,36.01936721801758,15.494072914123535
reaction:144,t-BuXPhos,3,,26.6748995,31.778507232666016,15.091989517211914
reaction:145,t-BuXPhos,2,,29.97543001,32.937591552734375,14.86572265625
reaction:146,t-BuXPhos,4,,36.30636065,42.62290573120117,14.538946151733398
reaction:147,t-BuXPhos,0,,36.58798902,41.4638557434082,16.305870056152344
reaction:148,t-BuXPhos,3,,10.54082024,15.488445281982422,15.101144790649414
reaction:149,t-BuXPhos,2,,26.25688388,33.458221435546875,15.963444709777832
reaction:150,t-BuXPhos,2,,28.58964812,42.34503936767578,15.684732437133789
reaction:151,t-BuXPhos,3,,16.88486051,27.63339614868164,14.677275657653809
reaction:152,t-BuXPhos,1,,41.29698409,41.65760803222656,16.209945678710938
reaction:153,t-BuXPhos,0,,43.73298112,45.4819221496582,16.926618576049805
reaction:154,t-BuXPhos,3,,0.655700656,12.230026245117188,14.556693077087402
reaction:155,t-BuXPhos,2,,33.62905648,36.53153610229492,15.485052108764648
reaction:156,t-BuXPhos,4,,41.48980841,46.19386291503906,16.15694808959961
reaction:157,t-BuXPhos,4,,2.599454304,15.963924407958984,15.371517181396484
reaction:158,t-BuXPhos,1,,66.02401389,59.47441864013672,16.39208221435547
reaction:159,t-BuXPhos,4,,72.39052533,68.01250457763672,16.1846923828125
reaction:160,t-BuXPhos,2,,68.84655406,59.82630920410156,14.577558517456055
reaction:161,t-BuXPhos,0,,82.1847816,70.46305847167969,16.18950843811035
reaction:162,t-BuXPhos,2,,80.58917239,77.56149291992188,15.20337963104248
reaction:163,t-BuXPhos,2,,15.19452071,20.11540412902832,14.565978050231934
reaction:164,t-BuXPhos,2,,83.87445444,69.53620910644531,15.602272033691406
reaction:165,t-BuXPhos,0,,86.003404,74.55326843261719,15.826142311096191
reaction:166,t-BuXPhos,4,,30.01215681,29.939678192138672,16.07151222229004
reaction:167,t-BuXPhos,2,,51.39708789,47.83268737792969,14.469527244567871
reaction:168,t-BuXPhos,0,,50.13634297,54.049598693847656,17.011781692504883
reaction:169,t-BuXPhos,2,,2.942173839,8.343358993530273,14.169387817382812
reaction:170,t-BuXPhos,2,,34.96324083,48.81626892089844,15.295865058898926
reaction:171,t-BuXPhos,4,,51.01008234,54.768375396728516,16.125890731811523
reaction:172,t-BuXPhos,4,,15.31942872,17.77613067626953,15.430166244506836
reaction:173,t-BuXPhos,0,,81.56943098,73.09039306640625,16.843063354492188
reaction:174,t-BuXPhos,2,,77.57371189,76.54483795166016,15.703269004821777
reaction:175,t-BuXPhos,4,,86.68959994,82.9473648071289,15.782336235046387
reaction:176,t-BuXPhos,3,,92.91423383,92.85090637207031,13.287503242492676
reaction:177,t-BuXPhos,1,,97.56849953,92.88370513916016,16.514869689941406
reaction:178,t-BuXPhos,0,,35.55504656,36.2611198425293,16.697526931762695
reaction:179,t-BuXPhos,3,,98.73132029,87.6676025390625,14.929183959960938
reaction:180,t-BuXPhos,4,,98.28722602,91.59647369384766,15.53183364868164
reaction:181,t-BuXPhos,1,,5.980979595,15.192249298095703,15.793495178222656
reaction:182,t-BuXPhos,1,,50.58289676,42.52342224121094,15.907462120056152
reaction:183,t-BuXPhos,2,,45.08048043,41.40425109863281,16.279874801635742
reaction:184,t-BuXPhos,0,,0.0,5.649499893188477,14.948559761047363
reaction:185,t-BuXPhos,0,,42.11946098,42.14881134033203,15.155872344970703
reaction:186,t-BuXPhos,0,,49.11143206,43.47760772705078,13.871548652648926
reaction:187,t-BuXPhos,3,,0.705225291,7.886774063110352,15.963766098022461
reaction:188,t-BuXPhos,0,,70.86219062,65.34703063964844,15.442415237426758
reaction:189,t-BuXPhos,2,,66.44951759,62.549522399902344,16.830759048461914
reaction:190,t-BuXPhos,2,,65.93988128,63.7143440246582,15.251005172729492
reaction:191,t-BuXPhos,2,,66.07082051,70.33938598632812,16.447887420654297
reaction:192,t-BuXPhos,0,,66.20793624,69.45436096191406,15.055932998657227
reaction:193,t-BuXPhos,1,,6.110691586000001,20.19822120666504,14.370108604431152
reaction:194,t-BuXPhos,0,,67.81850094,63.877872467041016,13.729616165161133
reaction:195,t-BuXPhos,4,,72.63064909,57.495941162109375,15.126906394958496
reaction:196,t-BuXPhos,0,,7.837919121,12.17268180847168,14.886048316955566
reaction:197,t-BuXPhos,2,,46.74711139,46.60198211669922,15.513559341430664
reaction:198,t-BuXPhos,3,,46.25838016,48.49445724487305,16.493938446044922
reaction:199,t-BuXPhos,3,,0.0,5.389192581176758,15.836925506591797
reaction:200,t-BuXPhos,2,,37.03037628,39.01295471191406,16.52068519592285
reaction:201,t-BuXPhos,1,,43.69560153,48.81297302246094,16.14681625366211
reaction:202,t-BuXPhos,3,,0.595872872,5.6629180908203125,16.44294548034668
reaction:203,t-BuXPhos,1,,70.54955286,67.27291870117188,15.818934440612793
reaction:204,t-BuXPhos,0,,80.90409924,72.70573425292969,14.835466384887695
reaction:205,t-BuXPhos,1,,70.2055639,68.56187438964844,14.739495277404785
reaction:206,t-BuXPhos,0,,83.08846167,78.01712799072266,14.258604049682617
reaction:207,t-BuXPhos,4,,85.14465222,79.00041961669922,15.991174697875977
reaction:208,t-BuXPhos,3,,3.149733367,8.781232833862305,16.27196502685547
reaction:209,t-BuXPhos,2,,78.08461533,76.30696105957031,16.2750301361084
reaction:210,t-BuXPhos,4,,82.13737482,76.53697204589844,15.293359756469727
reaction:211,t-BuXPhos,0,,7.782359233999999,17.180870056152344,15.19144344329834
reaction:212,t-BuXPhos,2,,53.59986981,48.196685791015625,15.616018295288086
reaction:213,t-BuXPhos,0,,51.75674767,52.875362396240234,15.654974937438965
reaction:214,t-BuXPhos,3,,0.0,3.0928382873535156,16.15299415588379
reaction:215,t-BuXPhos,2,,49.61438009,46.385894775390625,16.522571563720703
reaction:216,t-BuXPhos,1,,53.675534,53.53868865966797,15.850367546081543
reaction:217,t-BuXPhos,2,,0.6467788210000001,3.1721649169921875,16.312301635742188
reaction:218,t-BuXPhos,2,,86.59757822,78.47239685058594,16.413965225219727
reaction:219,t-BuXPhos,0,,84.89551287,81.96617889404297,15.377880096435547
reaction:220,t-BuXPhos,0,,91.39064225,85.9014892578125,15.40939712524414
reaction:221,t-BuXPhos,0,,97.29293259,94.43331909179688,14.24498176574707
reaction:222,t-BuXPhos,3,,99.61910732,96.18338012695312,15.566155433654785
reaction:223,t-BuXPhos,4,,4.166287009,21.02786636352539,15.560283660888672
reaction:224,t-BuXPhos,3,,92.57247896,91.2614974975586,16.042497634887695
reaction:225,t-BuXPhos,0,,94.69105416,94.35060119628906,14.810163497924805
reaction:226,t-BuXPhos,1,,45.04873884,30.968826293945312,16.553508758544922
reaction:227,t-BuXPhos,2,,45.78100103,43.789955139160156,15.739612579345703
reaction:228,t-BuXPhos,4,,44.65371267,43.91338348388672,16.056560516357422
reaction:229,t-BuXPhos,4,,0.924541619,9.450551986694336,15.738360404968262
reaction:230,t-BuXPhos,2,,44.55887608,44.63680648803711,16.30738067626953
reaction:231,t-BuXPhos,3,,43.35721014,47.813934326171875,16.499862670898438
reaction:232,t-BuXPhos,3,,3.4201663410000003,12.286033630371094,16.559005737304688
reaction:233,t-BuXPhos,1,,72.84831426,67.81550598144531,16.02699089050293
reaction:234,t-BuXPhos,4,,65.31185167,67.37474822998047,16.727062225341797
reaction:235,t-BuXPhos,1,,56.83280355,61.97032928466797,15.743114471435547
reaction:236,t-BuXPhos,3,,76.33726193,72.24922180175781,15.450235366821289
reaction:237,t-BuXPhos,2,,73.22050209,69.1510009765625,16.45712661743164
reaction:238,t-BuXPhos,3,,36.47724246,42.274906158447266,16.97843360900879
reaction:239,t-BuXPhos,4,,68.55764886,58.32832717895508,16.028440475463867
reaction:240,t-BuXPhos,0,,69.0890435,62.28833770751953,14.379437446594238
reaction:241,t-BuXPhos,2,,31.88044847,35.932273864746094,16.620677947998047
reaction:242,t-BuXPhos,2,,44.81754321,47.89439010620117,15.820480346679688
reaction:243,t-BuXPhos,0,,46.6498955,49.24999237060547,15.403278350830078
reaction:244,t-BuXPhos,1,,0.668792684,6.164340972900391,16.622215270996094
reaction:245,t-BuXPhos,1,,39.52986412,45.301177978515625,16.705068588256836
reaction:246,t-BuXPhos,3,,43.87183311,48.60479736328125,16.57685089111328
reaction:247,t-BuXPhos,4,,2.74612364,5.8641510009765625,15.972570419311523
reaction:248,t-BuXPhos,4,,72.63770939,72.34225463867188,16.351572036743164
reaction:249,t-BuXPhos,1,,82.32885806,73.37102508544922,15.878069877624512
reaction:250,t-BuXPhos,4,,73.64322424,66.595947265625,16.153303146362305
reaction:251,t-BuXPhos,3,,87.90201497,78.30068969726562,15.491662979125977
reaction:252,t-BuXPhos,1,,86.21979782,81.49028015136719,16.598060607910156
reaction:253,t-BuXPhos,3,,34.20844443,33.72283172607422,16.894010543823242
reaction:254,t-BuXPhos,0,,77.33294235,77.46440124511719,14.066854476928711
reaction:255,t-BuXPhos,2,,80.60055876,78.1725082397461,16.705190658569336
reaction:256,t-BuXPhos,1,,42.28229272,30.41461944580078,17.005266189575195
reaction:257,t-BuXPhos,1,,50.28665363,48.42720413208008,16.846479415893555
reaction:258,t-BuXPhos,3,,49.58296909,50.62114715576172,16.942909240722656
reaction:259,t-BuXPhos,1,,1.18600639,2.375001907348633,16.69832992553711
reaction:260,t-BuXPhos,1,,48.46327508,48.42582321166992,16.537425994873047
reaction:261,t-BuXPhos,1,,49.9274003,48.48971939086914,16.7387752532959
reaction:262,t-BuXPhos,1,,4.582095156,2.6422557830810547,16.520084381103516
reaction:263,t-BuXPhos,4,,78.80108905,80.93313598632812,16.588781356811523
reaction:264,t-BuXPhos,3,,79.44483195,83.25053405761719,16.73065757751465
reaction:265,t-BuXPhos,4,,84.85609846,84.33526611328125,16.255237579345703
reaction:266,t-BuXPhos,2,,93.31083413,96.3032455444336,16.759992599487305
reaction:267,t-BuXPhos,1,,93.87454124,92.80281829833984,17.035093307495117
reaction:268,t-BuXPhos,1,,44.02752342,36.167030334472656,15.554823875427246
reaction:269,t-BuXPhos,2,,89.48065113,93.55886840820312,16.722911834716797
reaction:270,t-BuXPhos,2,,91.48509414,91.0335693359375,16.46277618408203
reaction:271,t-BuBrettPhos,2,,7.372693174,-3.1517333984375,13.047097206115723
reaction:272,t-BuBrettPhos,4,,9.714563227,6.366220474243164,12.995193481445312
reaction:273,t-BuBrettPhos,0,,9.546870881,9.730926513671875,13.473164558410645
reaction:274,t-BuBrettPhos,3,,1.0224022940000002,-8.179122924804688,13.232590675354004
reaction:275,t-BuBrettPhos,0,,12.592787,10.280290603637695,13.755270957946777
reaction:276,t-BuBrettPhos,4,,14.01241706,17.159931182861328,13.428241729736328
reaction:277,t-BuBrettPhos,2,,4.337310253,-3.387725830078125,13.05924129486084
reaction:278,t-BuBrettPhos,1,,19.47378974,25.519264221191406,13.203924179077148
reaction:279,t-BuBrettPhos,4,,23.2960789,31.070926666259766,13.702263832092285
reaction:280,t-BuBrettPhos,3,,24.90011385,27.95733642578125,13.280345916748047
reaction:281,t-BuBrettPhos,1,,28.47849533,34.45151138305664,13.568962097167969
reaction:282,t-BuBrettPhos,1,,33.33065232,40.12043380737305,13.629365921020508
reaction:283,t-BuBrettPhos,0,,6.753074014,-1.9897346496582031,13.424759864807129
reaction:284,t-BuBrettPhos,1,,15.06136862,19.29462432861328,13.210310935974121
reaction:285,t-BuBrettPhos,2,,15.12671706,24.470413208007812,13.084692001342773
reaction:286,t-BuBrettPhos,4,,3.88663609,8.533716201782227,13.508479118347168
reaction:287,t-BuBrettPhos,3,,25.83457198,33.60210418701172,13.551255226135254
reaction:288,t-BuBrettPhos,0,,44.5879911,38.071285247802734,13.465349197387695
reaction:289,t-BuBrettPhos,1,,0.0,6.334474563598633,13.704883575439453
reaction:290,t-BuBrettPhos,4,,15.16664871,23.8421630859375,13.600292205810547
reaction:291,t-BuBrettPhos,2,,40.37403082,39.503021240234375,13.295801162719727
reaction:292,t-BuBrettPhos,1,,0.0,4.576194763183594,13.697664260864258
reaction:293,t-BuBrettPhos,1,,27.79577337,42.601802825927734,13.574152946472168
reaction:294,t-BuBrettPhos,1,,72.31351298,68.62583923339844,13.465598106384277
reaction:295,t-BuBrettPhos,3,,32.00160024,39.53759765625,13.468287467956543
reaction:296,t-BuBrettPhos,0,,51.8134607,49.377567291259766,13.298452377319336
reaction:297,t-BuBrettPhos,4,,83.36436834,65.52873229980469,13.813627243041992
reaction:298,t-BuBrettPhos,3,,2.641901391,12.286518096923828,13.425531387329102
reaction:299,t-BuBrettPhos,2,,57.97752811,56.884395599365234,13.135552406311035
reaction:300,t-BuBrettPhos,3,,80.28994263,68.60192108154297,13.369939804077148
reaction:301,t-BuBrettPhos,2,,9.564949769,16.050046920776367,13.559172630310059
reaction:302,t-BuBrettPhos,4,,37.21381762,39.391380310058594,13.42795467376709
reaction:303,t-BuBrettPhos,3,,47.09764929,50.04058837890625,13.770661354064941
reaction:304,t-BuBrettPhos,4,,1.1000305259999998,4.847318649291992,13.42508316040039
reaction:305,t-BuBrettPhos,4,,35.70389569,36.259796142578125,13.297663688659668
reaction:306,t-BuBrettPhos,2,,54.89240735,49.831932067871094,13.597969055175781
reaction:307,t-BuBrettPhos,0,,0.0,10.931791305541992,13.81705093383789
reaction:308,t-BuBrettPhos,4,,57.45048731,60.84632110595703,13.468151092529297
reaction:309,t-BuBrettPhos,0,,77.02732986,80.14036560058594,13.695115089416504
reaction:310,t-BuBrettPhos,0,,69.39855223,72.57832336425781,13.69233512878418
reaction:311,t-BuBrettPhos,1,,85.4419715,82.77252960205078,13.728601455688477
reaction:312,t-BuBrettPhos,0,,92.00324978,97.45491027832031,13.52935791015625
reaction:313,t-BuBrettPhos,2,,21.86178566,20.02381706237793,13.340021133422852
reaction:314,t-BuBrettPhos,1,,83.65433196,82.66845703125,13.540894508361816
reaction:315,t-BuBrettPhos,2,,92.95670274,90.918212890625,13.56928539276123
reaction:316,t-BuBrettPhos,0,,1.297818598,2.880420684814453,13.244054794311523
reaction:317,t-BuBrettPhos,3,,28.35051675,33.7337646484375,13.92459774017334
reaction:318,t-BuBrettPhos,1,,40.1812432,40.83245086669922,13.52656078338623
reaction:319,t-BuBrettPhos,4,,0.0,2.516508102416992,13.394744873046875
reaction:320,t-BuBrettPhos,2,,40.45135336,40.980377197265625,13.603318214416504
reaction:321,t-BuBrettPhos,3,,42.27311559,46.91014099121094,13.080702781677246
reaction:322,t-BuBrettPhos,4,,0.910655456,5.065349578857422,13.317983627319336
reaction:323,t-BuBrettPhos,4,,62.16368477,63.421844482421875,13.453340530395508
reaction:324,t-BuBrettPhos,0,,66.88608561,66.17637634277344,13.22568416595459
reaction:325,t-BuBrettPhos,4,,76.83418769,61.73822784423828,13.285019874572754
reaction:326,t-BuBrettPhos,0,,91.6524383,69.69190979003906,13.163056373596191
reaction:327,t-BuBrettPhos,2,,66.37274183,73.76211547851562,13.864215850830078
reaction:328,t-BuBrettPhos,1,,2.534585496,8.956066131591797,13.435818672180176
reaction:329,t-BuBrettPhos,2,,47.17441756,55.56837463378906,13.908502578735352
reaction:330,t-BuBrettPhos,2,,52.43589363,58.9219856262207,13.998250007629395
reaction:331,t-BuBrettPhos,4,,3.542495517,4.438482284545898,13.802172660827637
reaction:332,t-BuBrettPhos,4,,39.19686382,35.98746109008789,13.833236694335938
reaction:333,t-BuBrettPhos,3,,45.87563784,45.65313720703125,13.5206937789917
reaction:334,t-BuBrettPhos,4,,0.0,2.7197437286376953,13.772528648376465
reaction:335,t-BuBrettPhos,0,,24.02819715,34.79844665527344,13.564447402954102
reaction:336,t-BuBrettPhos,2,,39.3913488,45.64807891845703,13.472817420959473
reaction:337,t-BuBrettPhos,1,,0.0,0.6499977111816406,13.907761573791504
reaction:338,t-BuBrettPhos,2,,50.04747607,52.5871696472168,13.016705513000488
reaction:339,t-BuBrettPhos,4,,74.62438876,78.08011627197266,13.86594009399414
reaction:340,t-BuBrettPhos,4,,54.58472012,48.65367889404297,13.513213157653809
reaction:341,t-BuBrettPhos,1,,74.81544975,65.3642349243164,13.772171020507812
reaction:342,t-BuBrettPhos,3,,84.20189779,74.27786254882812,13.329237937927246
reaction:343,t-BuBrettPhos,2,,2.234092607,5.000665664672852,13.435521125793457
reaction:344,t-BuBrettPhos,1,,71.60789091,69.57392120361328,13.638325691223145
reaction:345,t-BuBrettPhos,1,,72.77189285,70.70455932617188,13.51357650756836
reaction:346,t-BuBrettPhos,2,,4.275083316,6.747037887573242,14.02429485321045
reaction:347,t-BuBrettPhos,1,,40.44190447,39.96418762207031,13.661432266235352
reaction:348,t-BuBrettPhos,3,,46.6599306,52.13995361328125,13.9363374710083
reaction:349,t-BuBrettPhos,0,,0.0,-0.8346099853515625,13.408732414245605
reaction:350,t-BuBrettPhos,1,,46.64994849,37.45600128173828,13.57763671875
reaction:351,t-BuBrettPhos,0,,45.97105208,52.44298553466797,13.188971519470215
reaction:352,t-BuBrettPhos,0,,0.0,2.3715248107910156,13.717096328735352
reaction:353,t-BuBrettPhos,3,,72.38342011,65.66709899902344,13.095112800598145
reaction:354,t-BuBrettPhos,0,,82.71053034,86.00740051269531,13.384239196777344
reaction:355,t-BuBrettPhos,2,,77.8707536,79.94281005859375,13.779620170593262
reaction:356,t-BuBrettPhos,0,,96.59121826,93.94317626953125,12.997483253479004
reaction:357,t-BuBrettPhos,3,,97.94800557,98.28901672363281,13.622913360595703
reaction:358,t-BuBrettPhos,4,,3.498335753,6.3441314697265625,13.344280242919922
reaction:359,t-BuBrettPhos,1,,89.32288292,85.75114440917969,13.495870590209961
reaction:360,t-BuBrettPhos,2,,89.21674959,93.83614349365234,13.909107208251953
reaction:361,t-BuBrettPhos,3,,9.910073167,15.697441101074219,13.448298454284668
reaction:362,t-BuBrettPhos,1,,33.09515946,32.59319305419922,13.59403133392334
reaction:363,t-BuBrettPhos,2,,39.91592357,36.06226348876953,13.913569450378418
reaction:364,t-BuBrettPhos,2,,0.297246729,0.85589599609375,13.752396583557129
reaction:365,t-BuBrettPhos,3,,43.42467948,45.24309539794922,13.325590133666992
reaction:366,t-BuBrettPhos,3,,45.27500965,46.484771728515625,13.102676391601562
reaction:367,t-BuBrettPhos,4,,0.8589748359999999,4.265434265136719,13.487688064575195
reaction:368,t-BuBrettPhos,4,,68.84924903,70.61886596679688,13.626794815063477
reaction:369,t-BuBrettPhos,2,,64.60847653,65.55548858642578,13.804680824279785
reaction:370,t-BuBrettPhos,0,,63.8547365,68.51581573486328,13.377138137817383
reaction:371,t-BuBrettPhos,2,,76.33612431,76.95925903320312,13.573732376098633
reaction:372,t-BuBrettPhos,1,,73.13965753,74.8865737915039,13.613626480102539
reaction:373,t-BuBrettPhos,3,,4.497312078999999,14.071722030639648,13.679588317871094
reaction:374,t-BuBrettPhos,2,,40.87667176,53.44123458862305,13.783133506774902
reaction:375,t-BuBrettPhos,4,,40.31664678,53.653663635253906,13.712735176086426
reaction:376,t-BuBrettPhos,2,,24.27358667,18.607221603393555,14.099175453186035
reaction:377,t-BuBrettPhos,2,,42.64405348,45.494895935058594,13.191519737243652
reaction:378,t-BuBrettPhos,2,,47.5989822,45.917667388916016,13.834613800048828
reaction:379,t-BuBrettPhos,4,,0.345789289,4.281942367553711,13.691380500793457
reaction:380,t-BuBrettPhos,4,,40.97949244,41.79185485839844,13.553695678710938
reaction:381,t-BuBrettPhos,3,,43.26194293,49.019805908203125,13.54637336730957
reaction:382,t-BuBrettPhos,0,,1.497954505,5.9635772705078125,13.340353965759277
reaction:383,t-BuBrettPhos,0,,68.06627781,69.35009765625,13.073668479919434
reaction:384,t-BuBrettPhos,3,,74.75498754,80.06224060058594,13.674866676330566
reaction:385,t-BuBrettPhos,4,,70.28309787,57.79528045654297,13.42589282989502
reaction:386,t-BuBrettPhos,3,,80.52782377,68.3568115234375,13.437357902526855
reaction:387,t-BuBrettPhos,4,,85.26909551,77.59829711914062,14.060280799865723
reaction:388,t-BuBrettPhos,0,,21.94834142,17.43671417236328,12.923486709594727
reaction:389,t-BuBrettPhos,3,,72.58738213,72.61709594726562,13.73351001739502
reaction:390,t-BuBrettPhos,0,,77.03264152,73.79147338867188,13.120121002197266
reaction:391,t-BuBrettPhos,2,,23.09132333,17.933509826660156,13.807781219482422
reaction:392,t-BuBrettPhos,3,,47.555818,47.823692321777344,13.509576797485352
reaction:393,t-BuBrettPhos,1,,46.76206263,52.799339294433594,13.9955472946167
reaction:394,t-BuBrettPhos,1,,0.605197064,-0.4839019775390625,13.522785186767578
reaction:395,t-BuBrettPhos,2,,47.14534203,51.03044891357422,13.63663387298584
reaction:396,t-BuBrettPhos,2,,45.98211557,52.736488342285156,13.72436237335205
reaction:397,t-BuBrettPhos,0,,0.0,4.184944152832031,13.608344078063965
reaction:398,t-BuBrettPhos,4,,79.73976585,78.79910278320312,13.705318450927734
reaction:399,t-BuBrettPhos,2,,80.78664078,83.61077880859375,13.766263008117676
reaction:400,t-BuBrettPhos,4,,84.69021766,85.63128662109375,13.47367000579834
reaction:401,t-BuBrettPhos,4,,91.05627032,91.96556854248047,13.678210258483887
reaction:402,t-BuBrettPhos,4,,98.17713445,99.66357421875,13.847030639648438
reaction:403,t-BuBrettPhos,1,,23.84150703,16.20005226135254,13.45077133178711
reaction:404,t-BuBrettPhos,4,,86.41285544,88.3839111328125,13.402168273925781
reaction:405,t-BuBrettPhos,0,,87.55418753,87.4868392944336,13.433302879333496
reaction:406,AdBrettPhos,4,,6.575127297000001,-2.66522216796875,13.081551551818848
reaction:407,AdBrettPhos,2,,8.742546332,5.0575103759765625,12.207352638244629
reaction:408,AdBrettPhos,1,,9.935132826,11.333776473999023,13.589427947998047
reaction:409,AdBrettPhos,4,,1.705289038,-6.488201141357422,13.446161270141602
reaction:410,AdBrettPhos,1,,12.29594301,9.582767486572266,13.808675765991211
reaction:411,AdBrettPhos,1,,16.85702349,18.675012588500977,13.570810317993164
reaction:412,AdBrettPhos,1,,3.595206135,-5.841945648193359,13.622001647949219
reaction:413,AdBrettPhos,2,,19.90273024,19.884685516357422,12.702751159667969
reaction:414,AdBrettPhos,3,,25.2527032,32.06855392456055,13.18036937713623
reaction:415,AdBrettPhos,0,,16.1585109,22.45546531677246,13.696715354919434
reaction:416,AdBrettPhos,0,,20.64357371,30.475122451782227,13.32741928100586
reaction:417,AdBrettPhos,4,,24.16256349,35.0421142578125,13.702896118164062
reaction:418,AdBrettPhos,4,,7.938107707999999,-0.7561988830566406,13.686429023742676
reaction:419,AdBrettPhos,4,,13.6465536,16.123294830322266,13.455288887023926
reaction:420,AdBrettPhos,4,,14.36737015,25.282962799072266,13.627290725708008
reaction:421,AdBrettPhos,2,,3.956885702,5.75499153137207,13.542244911193848
reaction:422,AdBrettPhos,3,,22.516172,29.85918617248535,13.510588645935059
reaction:423,AdBrettPhos,2,,39.74593472,39.46038818359375,13.496031761169434
reaction:424,AdBrettPhos,1,,0.0,4.814548492431641,13.644516944885254
reaction:425,AdBrettPhos,4,,15.82179421,20.396873474121094,13.627155303955078
reaction:426,AdBrettPhos,4,,40.1396941,37.93497848510742,13.654130935668945
reaction:427,AdBrettPhos,2,,0.57693322,0.20856857299804688,13.230299949645996
reaction:428,AdBrettPhos,1,,29.29795514,36.3813591003418,13.594278335571289
reaction:429,AdBrettPhos,4,,73.73993868,60.709842681884766,13.766998291015625
reaction:430,AdBrettPhos,2,,24.60602271,27.435680389404297,13.167704582214355
reaction:431,AdBrettPhos,4,,39.09372544,41.59375762939453,13.401070594787598
reaction:432,AdBrettPhos,2,,65.38933316,62.984832763671875,13.424393653869629
reaction:433,AdBrettPhos,4,,2.344713425,4.03504753112793,13.854657173156738
reaction:434,AdBrettPhos,0,,48.30710262,51.31874084472656,12.959275245666504
reaction:435,AdBrettPhos,0,,72.94185386,64.62559509277344,13.47460651397705
reaction:436,AdBrettPhos,3,,10.00188169,14.565034866333008,13.15572452545166
reaction:437,AdBrettPhos,1,,37.52076416,37.709495544433594,13.791043281555176
reaction:438,AdBrettPhos,3,,52.58811564,51.06199645996094,13.775444030761719
reaction:439,AdBrettPhos,1,,0.862838268,6.994297027587891,13.449146270751953
reaction:440,AdBrettPhos,0,,34.28507945,33.137977600097656,13.705646514892578
reaction:441,AdBrettPhos,3,,53.14523882,52.35493469238281,13.218809127807617
reaction:442,AdBrettPhos,2,,2.173414859,5.185146331787109,13.345816612243652
reaction:443,AdBrettPhos,0,,59.96800012,51.47547149658203,13.76841926574707
reaction:444,AdBrettPhos,1,,80.9780499,74.70051574707031,13.8060941696167
reaction:445,AdBrettPhos,1,,68.00656479999999,58.434173583984375,13.559988975524902
reaction:446,AdBrettPhos,2,,84.91024962,73.00575256347656,13.527271270751953
reaction:447,AdBrettPhos,4,,95.07020116,89.67738342285156,13.810567855834961
reaction:448,AdBrettPhos,4,,15.22347574,18.19044303894043,13.768851280212402
reaction:449,AdBrettPhos,3,,86.41541039,72.90469360351562,13.523724555969238
reaction:450,AdBrettPhos,4,,92.13068227,87.98815155029297,13.511510848999023
reaction:451,AdBrettPhos,3,,2.038853369,4.222524642944336,13.376731872558594
reaction:452,AdBrettPhos,3,,28.76096277,32.53147506713867,13.94405746459961
reaction:453,AdBrettPhos,0,,44.56045142,38.8641471862793,13.28249740600586
reaction:454,AdBrettPhos,1,,0.3809182129999999,3.883096694946289,13.356924057006836
reaction:455,AdBrettPhos,4,,44.68712072,37.56583023071289,13.329683303833008
reaction:456,AdBrettPhos,0,,52.78848387,44.88628005981445,12.898992538452148
reaction:457,AdBrettPhos,2,,1.112658983,3.0350704193115234,13.727815628051758
reaction:458,AdBrettPhos,1,,67.02083729,59.660736083984375,13.183524131774902
reaction:459,AdBrettPhos,0,,72.46627889,67.94522094726562,13.180644989013672
reaction:460,AdBrettPhos,3,,55.08984272,64.09264373779297,13.686649322509766
reaction:461,AdBrettPhos,3,,63.25759385,74.93976593017578,13.451202392578125
reaction:462,AdBrettPhos,3,,66.28326385,68.67201232910156,13.584847450256348
reaction:463,AdBrettPhos,2,,6.141106311000001,3.1994361877441406,13.716169357299805
reaction:464,AdBrettPhos,2,,54.56358173,51.877357482910156,13.845902442932129
reaction:465,AdBrettPhos,2,,63.22469221,59.3508186340332,14.047682762145996
reaction:466,AdBrettPhos,4,,2.256359852,0.8526649475097656,13.910995483398438
reaction:467,AdBrettPhos,4,,32.38635793,32.31791305541992,13.90542221069336
reaction:468,AdBrettPhos,4,,44.44197306,43.351043701171875,13.599944114685059
reaction:469,AdBrettPhos,0,,0.0,0.0837860107421875,13.262495994567871
reaction:470,AdBrettPhos,0,,21.71222946,31.54582977294922,13.59453010559082
reaction:471,AdBrettPhos,0,,43.86426544,42.80116271972656,13.307201385498047
reaction:472,AdBrettPhos,1,,0.0,-3.389629364013672,13.82935619354248
reaction:473,AdBrettPhos,4,,39.83155733,47.262142181396484,13.607348442077637
reaction:474,AdBrettPhos,3,,78.71189796,71.03186798095703,13.5546293258667
reaction:475,AdBrettPhos,0,,34.68494953,42.69765853881836,13.469650268554688
reaction:476,AdBrettPhos,0,,51.68395023,60.86216735839844,13.085576057434082
reaction:477,AdBrettPhos,2,,69.94718927,69.2599868774414,13.717676162719727
reaction:478,AdBrettPhos,0,,1.517636561,1.0170822143554688,13.266448974609375
reaction:479,AdBrettPhos,4,,65.78374618,62.38941192626953,13.819153785705566
reaction:480,AdBrettPhos,1,,79.37053051,68.24856567382812,13.385858535766602
reaction:481,AdBrettPhos,2,,2.510510682,4.80390739440918,14.107843399047852
reaction:482,AdBrettPhos,2,,36.61548208,39.33155059814453,13.304582595825195
reaction:483,AdBrettPhos,0,,52.67302388,50.41551971435547,13.271150588989258
reaction:484,AdBrettPhos,2,,0.0,0.2514076232910156,13.424251556396484
reaction:485,AdBrettPhos,3,,32.99753143,42.39008712768555,13.32505989074707
reaction:486,AdBrettPhos,3,,57.53990104,51.215675354003906,13.476160049438477
reaction:487,AdBrettPhos,4,,0.544984175,-1.7313728332519531,13.164067268371582
reaction:488,AdBrettPhos,1,,57.85208433,66.89252471923828,13.55003833770752
reaction:489,AdBrettPhos,3,,85.89473594,85.03057098388672,13.83470344543457
reaction:490,AdBrettPhos,2,,67.67136056,71.93633270263672,13.739834785461426
reaction:491,AdBrettPhos,3,,95.55515456,88.71098327636719,13.155495643615723
reaction:492,AdBrettPhos,2,,99.03446213,96.24290466308594,13.924235343933105
reaction:493,AdBrettPhos,2,,2.310618854,1.8849296569824219,13.840304374694824
reaction:494,AdBrettPhos,0,,86.53541708,79.748291015625,12.661306381225586
reaction:495,AdBrettPhos,1,,94.50096737,90.11858367919922,13.104132652282715
reaction:496,AdBrettPhos,0,,7.7649642,15.402935028076172,13.488826751708984
reaction:497,AdBrettPhos,0,,31.45776364,31.390703201293945,13.369478225708008
reaction:498,AdBrettPhos,0,,39.80414391,37.806297302246094,13.308367729187012
reaction:499,AdBrettPhos,2,,0.230274449,3.185434341430664,13.732290267944336
reaction:500,AdBrettPhos,4,,47.71300168,43.23906707763672,13.69693660736084
reaction:501,AdBrettPhos,1,,54.76985941,44.6251220703125,13.547966003417969
reaction:502,AdBrettPhos,0,,0.7376310779999999,3.180553436279297,13.638429641723633
reaction:503,AdBrettPhos,3,,74.13888356,66.60811614990234,13.465229034423828
reaction:504,AdBrettPhos,4,,71.26504827,64.02449798583984,13.86382007598877
reaction:505,AdBrettPhos,1,,64.02888238,58.96125411987305,13.471588134765625
reaction:506,AdBrettPhos,4,,74.63930208,67.28033447265625,13.487482070922852
reaction:507,AdBrettPhos,2,,76.16070518,69.24483489990234,13.759749412536621
reaction:508,AdBrettPhos,4,,5.908085833,12.850379943847656,13.748958587646484
reaction:509,AdBrettPhos,0,,52.86647451,43.825904846191406,12.706419944763184
reaction:510,AdBrettPhos,0,,56.03413013,48.033687591552734,13.270210266113281
reaction:511,AdBrettPhos,2,,12.72121896,15.619592666625977,14.116448402404785
reaction:512,AdBrettPhos,4,,41.67771463,39.45396041870117,13.866833686828613
reaction:513,AdBrettPhos,1,,43.87448476,47.649574279785156,13.765783309936523
reaction:514,AdBrettPhos,3,,0.316193405,2.013734817504883,13.653199195861816
reaction:515,AdBrettPhos,2,,40.29418927,39.78729248046875,13.657780647277832
reaction:516,AdBrettPhos,4,,45.40015878,45.84044647216797,13.98192024230957
reaction:517,AdBrettPhos,4,,0.778234105,0.07338333129882812,13.740657806396484
reaction:518,AdBrettPhos,3,,65.05218409,61.14794158935547,13.485391616821289
reaction:519,AdBrettPhos,4,,78.61961971,70.85942840576172,14.046332359313965
reaction:520,AdBrettPhos,2,,45.30738516,57.002159118652344,13.612703323364258
reaction:521,AdBrettPhos,1,,56.65401799,66.65284729003906,13.744853973388672
reaction:522,AdBrettPhos,4,,68.60611463,69.24116516113281,14.149491310119629
reaction:523,AdBrettPhos,3,,12.48635948,16.392032623291016,13.751543045043945
reaction:524,AdBrettPhos,4,,69.81626316,64.42434692382812,13.918946266174316
reaction:525,AdBrettPhos,3,,75.30179851,72.18739318847656,13.651383399963379
reaction:526,AdBrettPhos,0,,14.49254361,21.72311019897461,13.389805793762207
reaction:527,AdBrettPhos,0,,52.13571621,46.67236328125,13.545069694519043
reaction:528,AdBrettPhos,1,,48.86581696,56.091590881347656,14.009105682373047
reaction:529,AdBrettPhos,0,,0.364667905,2.7900352478027344,13.378101348876953
reaction:530,AdBrettPhos,0,,55.18037009,46.83620834350586,13.481168746948242
reaction:531,AdBrettPhos,4,,55.01223205,53.28394317626953,13.809636116027832
reaction:532,AdBrettPhos,3,,1.087256852,0.6916618347167969,12.918498992919922
reaction:533,AdBrettPhos,4,,81.22830675,75.31846618652344,13.756101608276367
reaction:534,AdBrettPhos,3,,80.71099803,85.7791976928711,13.779193878173828
reaction:535,AdBrettPhos,3,,86.20017514,75.31114959716797,13.809804916381836
reaction:536,AdBrettPhos,1,,84.17796028,89.6534194946289,13.715620994567871
reaction:537,AdBrettPhos,3,,95.67591323,97.7043228149414,13.614588737487793
reaction:538,AdBrettPhos,0,,14.50083816,18.960899353027344,13.511757850646973
reaction:539,AdBrettPhos,3,,91.52862329,79.99937438964844,13.838933944702148
reaction:540,AdBrettPhos,0,,92.65898323,88.17668914794922,13.556041717529297
reaction:541,XPhos,3,,12.6512469,23.147748947143555,15.6876220703125
reaction:542,XPhos,1,,13.83708642,16.57974624633789,16.241228103637695
reaction:543,XPhos,4,,15.0343232,32.61261749267578,15.919024467468262
reaction:544,XPhos,4,,1.856863727,10.852819442749023,15.407601356506348
reaction:545,XPhos,4,,4.344676685,19.701168060302734,16.2314453125
reaction:546,XPhos,1,,5.971176669,17.786739349365234,15.710709571838379
reaction:547,XPhos,1,,8.323184663,13.68222427368164,17.19795799255371
reaction:548,XPhos,0,,13.24692026,29.00829315185547,15.610616683959961
reaction:549,XPhos,4,,15.01178808,33.40712356567383,18.025074005126953
reaction:550,XPhos,2,,12.98584411,14.104761123657227,17.1353702545166
reaction:551,XPhos,4,,17.08756486,17.83058738708496,15.491875648498535
reaction:552,XPhos,3,,19.42152909,24.146299362182617,15.806010246276855
reaction:553,XPhos,2,,61.68885211,28.32463264465332,16.647876739501953
reaction:554,XPhos,0,,64.52902546,21.627403259277344,15.553468704223633
reaction:555,XPhos,1,,64.66756982,33.98280334472656,15.698585510253906
reaction:556,XPhos,4,,14.26895253,8.631362915039062,15.2302885055542
reaction:557,XPhos,1,,24.93013825,17.748172760009766,16.569673538208008
reaction:558,XPhos,1,,38.55067304,18.96058464050293,16.417999267578125
reaction:559,XPhos,1,,0.0,-6.520984649658203,17.639827728271484
reaction:560,XPhos,1,,1.224185961,-0.6283302307128906,17.467702865600586
reaction:561,XPhos,0,,2.633257106,7.763801574707031,15.55390453338623
reaction:562,XPhos,4,,1.932595354,-1.6513481140136719,15.50697135925293
reaction:563,XPhos,2,,8.432863834,10.407306671142578,16.450145721435547
reaction:564,XPhos,1,,11.40684881,8.641569137573242,16.377073287963867
reaction:565,XPhos,1,,16.82928554,10.600393295288086,16.10268783569336
reaction:566,XPhos,4,,35.53815083,27.685035705566406,15.678962707519531
reaction:567,XPhos,1,,41.96438983,28.99079704284668,15.793498039245605
reaction:568,XPhos,4,,2.917168593,16.115041732788086,15.776504516601562
reaction:569,XPhos,3,,7.768371677,30.616546630859375,15.653316497802734
reaction:570,XPhos,3,,14.74148388,35.508033752441406,15.81822395324707
reaction:571,XPhos,1,,21.50977994,10.96714973449707,15.835891723632812
reaction:572,XPhos,2,,20.96272395,21.816974639892578,16.856958389282227
reaction:573,XPhos,0,,26.67806508,31.258377075195312,16.521574020385742
reaction:574,XPhos,1,,0.0,-4.795890808105469,17.370325088500977
reaction:575,XPhos,2,,3.941726457,-1.8913002014160156,16.767166137695312
reaction:576,XPhos,3,,7.774794319,0.9614486694335938,15.791784286499023
reaction:577,XPhos,3,,2.331533569,-2.9890365600585938,15.643397331237793
reaction:578,XPhos,3,,15.28777504,5.035541534423828,15.8548002243042
reaction:579,XPhos,2,,23.43579167,26.076374053955078,16.558691024780273
reaction:580,XPhos,2,,15.69796379,16.76369857788086,17.109561920166016
reaction:581,XPhos,2,,27.33482675,37.85986328125,17.507810592651367
reaction:582,XPhos,4,,34.44632451,46.857017517089844,15.08535385131836
reaction:583,XPhos,4,,9.061926079,20.531272888183594,15.760505676269531
reaction:584,XPhos,4,,20.11332693,27.787004470825195,14.556863784790039
reaction:585,XPhos,0,,25.93974836,34.52519607543945,15.85097599029541
reaction:586,XPhos,0,,2.968869757,15.857961654663086,16.47618865966797
reaction:587,XPhos,4,,2.391870808,18.701156616210938,16.343408584594727
reaction:588,XPhos,4,,20.86747592,23.819774627685547,16.64545249938965
reaction:589,XPhos,2,,2.064063489,-10.33371353149414,16.428409576416016
reaction:590,XPhos,3,,11.1309805,16.11741828918457,16.25765609741211
reaction:591,XPhos,0,,14.36693621,22.473052978515625,16.764389038085938
reaction:592,XPhos,2,,9.085602443,-5.2161102294921875,16.28323745727539
reaction:593,XPhos,2,,51.71538404,33.462337493896484,16.140424728393555
reaction:594,XPhos,2,,53.23936389,35.95551300048828,16.389549255371094
reaction:595,XPhos,0,,10.59565991,19.982410430908203,17.167613983154297
reaction:596,XPhos,0,,12.24156469,33.393310546875,17.6936092376709
reaction:597,XPhos,3,,12.7214048,32.1383171081543,16.11066436767578
reaction:598,XPhos,3,,20.53476821,12.495643615722656,16.09709358215332
reaction:599,XPhos,2,,16.03639807,7.01603889465332,17.826021194458008
reaction:600,XPhos,3,,19.29401032,27.76394271850586,16.847082138061523
reaction:601,XPhos,1,,24.42152468,20.651531219482422,16.27628517150879
reaction:602,XPhos,4,,35.72058232,37.00055694580078,16.604785919189453
reaction:603,XPhos,1,,34.68866542,39.88701629638672,16.450380325317383
reaction:604,XPhos,3,,1.299881507,8.14781379699707,16.511241912841797
reaction:605,XPhos,1,,17.26980964,18.549072265625,17.129207611083984
reaction:606,XPhos,1,,28.37187434,22.431373596191406,16.44845962524414
reaction:607,XPhos,0,,5.370036774,10.570802688598633,18.32295799255371
reaction:608,XPhos,3,,37.71186321,41.90631866455078,16.403841018676758
reaction:609,XPhos,1,,36.02889558,44.302364349365234,16.836307525634766
reaction:610,XPhos,4,,32.92776022,29.274032592773438,17.26706886291504
reaction:611,XPhos,4,,59.55262648,46.84446716308594,16.391389846801758
reaction:612,XPhos,4,,57.6053748,47.41478729248047,16.43535614013672
reaction:613,XPhos,2,,18.46342998,24.362030029296875,16.309520721435547
reaction:614,XPhos,1,,36.80966237,33.62213134765625,16.146398544311523
reaction:615,XPhos,4,,44.33084711,35.99806594848633,16.240934371948242
reaction:616,XPhos,1,,26.52646529,20.295276641845703,16.46602439880371
reaction:617,XPhos,3,,40.07198822,31.051509857177734,16.658721923828125
reaction:618,XPhos,0,,44.04700483,40.04853439331055,16.86009407043457
reaction:619,XPhos,0,,0.844427684,7.346334457397461,16.47000503540039
reaction:620,XPhos,3,,10.60791195,17.5670166015625,16.198169708251953
reaction:621,XPhos,0,,19.44976087,25.775882720947266,16.828310012817383
reaction:622,XPhos,1,,4.67315366,11.008790969848633,17.211894989013672
reaction:623,XPhos,4,,33.71090461,41.52880096435547,16.046768188476562
reaction:624,XPhos,4,,58.95423439,51.52967071533203,18.41148567199707
reaction:625,XPhos,1,,32.36907857,33.68068313598633,15.956450462341309
reaction:626,XPhos,3,,58.30938102,53.77793884277344,16.29242706298828
reaction:627,XPhos,1,,63.62909921,56.876487731933594,16.196332931518555
reaction:628,XPhos,0,,15.1458408,19.662677764892578,16.469898223876953
reaction:629,XPhos,1,,31.9937252,33.84861373901367,16.231281280517578
reaction:630,XPhos,0,,53.36463944,40.056434631347656,16.174619674682617
reaction:631,XPhos,0,,5.928429551,14.512636184692383,16.127670288085938
reaction:632,XPhos,2,,9.302544665,21.51300811767578,16.25470733642578
reaction:633,XPhos,0,,34.88077285,32.31791687011719,16.610382080078125
reaction:634,XPhos,3,,0.47110416,-3.992046356201172,16.918127059936523
reaction:635,XPhos,4,,28.77482765,19.995174407958984,15.999395370483398
reaction:636,XPhos,2,,35.21497708,24.481201171875,16.371992111206055
reaction:637,XPhos,4,,4.111488109,2.332284927368164,16.10393714904785
reaction:638,XPhos,1,,64.27233548,46.7808952331543,13.800618171691895
reaction:639,XPhos,3,,65.69456697,48.03604507446289,17.068096160888672
reaction:640,XPhos,1,,14.11480355,23.51416015625,13.973488807678223
reaction:641,XPhos,0,,17.56349703,37.15655517578125,17.56276512145996
reaction:642,XPhos,0,,15.1215994,35.45296859741211,16.10694122314453
reaction:643,XPhos,4,,12.74466628,13.950973510742188,15.97049617767334
reaction:644,XPhos,2,,14.21418921,17.470142364501953,17.95620346069336
reaction:645,XPhos,4,,16.84841979,31.36524200439453,15.837406158447266
reaction:646,XPhos,1,,19.58685815,21.625783920288086,14.00343132019043
reaction:647,XPhos,1,,43.74297776,36.533607482910156,14.685486793518066
reaction:648,XPhos,0,,41.13226409,48.27003479003906,16.484766006469727
reaction:649,XPhos,0,,0.43718104,10.060770034790039,16.378976821899414
reaction:650,XPhos,2,,23.41191123,29.972454071044922,16.513883590698242
reaction:651,XPhos,1,,34.22871308,33.88331985473633,14.379059791564941
reaction:652,XPhos,4,,2.005732083,9.72524642944336,16.106233596801758
reaction:653,XPhos,2,,50.97511306,51.138824462890625,16.62259864807129
reaction:654,XPhos,2,,50.54514481,53.45455551147461,16.33944320678711
reaction:655,XPhos,0,,39.19022489,33.22726058959961,16.72722053527832
reaction:656,XPhos,4,,59.13712916,53.59764862060547,15.444384574890137
reaction:657,XPhos,1,,63.46127974,50.82720947265625,14.09240436553955
reaction:658,XPhos,1,,14.56258268,17.039426803588867,14.155289649963379
reaction:659,XPhos,3,,42.70687587,36.461326599121094,15.918526649475098
reaction:660,XPhos,4,,51.1783537,43.931602478027344,15.607247352600098
reaction:661,XPhos,2,,20.79893886,21.059303283691406,16.155813217163086
reaction:662,XPhos,1,,44.03844861,33.07090759277344,14.143932342529297
reaction:663,XPhos,4,,47.42870408,47.212486267089844,15.668329238891602
reaction:664,XPhos,3,,0.389738186,6.9561309814453125,16.970335006713867
reaction:665,XPhos,2,,14.82994008,25.503549575805664,16.65995979309082
reaction:666,XPhos,3,,27.38026406,32.80801010131836,16.214256286621094
reaction:667,XPhos,1,,1.922791563,5.920488357543945,15.064404487609863
reaction:668,XPhos,2,,42.32124218,48.74089050292969,16.679462432861328
reaction:669,XPhos,0,,66.26745697,59.590240478515625,16.106014251708984
reaction:670,XPhos,1,,38.26811211,36.98640823364258,14.113009452819824
reaction:671,XPhos,1,,65.27849508,53.41773986816406,14.482234001159668
reaction:672,XPhos,1,,69.51698512,54.117950439453125,14.235261917114258
reaction:673,XPhos,0,,11.65114169,12.437614440917969,16.147825241088867
reaction:674,XPhos,0,,35.81675951,35.2222785949707,15.951451301574707
reaction:675,XPhos,3,,49.09682213,43.58786392211914,17.188129425048828
reaction:676,t-BuXPhos,1,,14.56538038,13.369083404541016,16.643644332885742
reaction:677,t-BuXPhos,4,,18.74350865,26.769939422607422,16.302024841308594
reaction:678,t-BuXPhos,4,,19.60839775,25.163902282714844,16.112407684326172
reaction:679,t-BuXPhos,3,,2.060581853,-2.1281585693359375,16.28714370727539
reaction:680,t-BuXPhos,4,,16.39030586,28.838930130004883,16.523405075073242
reaction:681,t-BuXPhos,3,,19.65840226,31.087995529174805,16.03647804260254
reaction:682,t-BuXPhos,1,,6.853480142,7.006803512573242,16.4115047454834
reaction:683,t-BuXPhos,3,,26.75645727,48.27565383911133,15.683051109313965
reaction:684,t-BuXPhos,0,,27.04861196,36.30821990966797,15.813246726989746
reaction:685,t-BuXPhos,3,,31.29909936,41.17011642456055,16.42276954650879
reaction:686,t-BuXPhos,1,,35.2030282,47.722251892089844,16.8978328704834
reaction:687,t-BuXPhos,3,,40.08669181,52.2957763671875,16.273906707763672
reaction:688,t-BuXPhos,0,,68.76495224,35.43391036987305,15.65097713470459
reaction:689,t-BuXPhos,4,,74.00970333,56.51575469970703,16.159866333007812
reaction:690,t-BuXPhos,3,,70.58038327,58.10607147216797,16.72042465209961
reaction:691,t-BuXPhos,4,,12.56300254,25.428707122802734,16.489953994750977
reaction:692,t-BuXPhos,2,,47.02427089,41.886268615722656,15.519579887390137
reaction:693,t-BuXPhos,2,,48.56121582,47.78075408935547,16.0698299407959
reaction:694,t-BuXPhos,0,,0.529819216,13.724964141845703,15.693388938903809
reaction:695,t-BuXPhos,3,,47.2768797,32.85418701171875,15.957788467407227
reaction:696,t-BuXPhos,0,,55.19349187,48.00577163696289,14.878740310668945
reaction:697,t-BuXPhos,0,,73.2728017,59.49649429321289,15.855509757995605
reaction:698,t-BuXPhos,1,,77.78682066,68.64720916748047,15.908271789550781
reaction:699,t-BuXPhos,3,,69.39495874,61.46039581298828,16.53468132019043
reaction:700,t-BuXPhos,3,,84.60201966,67.4294204711914,15.053911209106445
reaction:701,t-BuXPhos,3,,85.14015258,78.7496337890625,16.257095336914062
reaction:702,t-BuXPhos,0,,12.48383732,32.48098373413086,15.961950302124023
reaction:703,t-BuXPhos,2,,78.00495066,81.82836151123047,16.539213180541992
reaction:704,t-BuXPhos,1,,83.73721982,82.30966186523438,14.83452033996582
reaction:705,t-BuXPhos,1,,26.05284451,29.637353897094727,16.905750274658203
reaction:706,t-BuXPhos,2,,53.83922891,45.22985076904297,15.563639640808105
reaction:707,t-BuXPhos,1,,52.3137348,50.38587188720703,16.724287033081055
reaction:708,t-BuXPhos,2,,3.500057239,8.501819610595703,15.098267555236816
reaction:709,t-BuXPhos,4,,49.39865649,50.91529083251953,16.460298538208008
reaction:710,t-BuXPhos,0,,56.13504943,49.823089599609375,14.552038192749023
reaction:711,t-BuXPhos,3,,16.2490011,16.691389083862305,16.32605743408203
reaction:712,t-BuXPhos,4,,79.87241595,72.1632080078125,16.634111404418945
reaction:713,t-BuXPhos,2,,81.15116736,76.4542465209961,16.15947723388672
reaction:714,t-BuXPhos,1,,88.44637346,77.97061920166016,15.92361068725586
reaction:715,t-BuXPhos,1,,93.09950718,90.48509216308594,17.15779685974121
reaction:716,t-BuXPhos,1,,99.99999,93.584228515625,17.177825927734375
reaction:717,t-BuXPhos,4,,36.89391539,51.239585876464844,16.6036434173584
reaction:718,t-BuXPhos,1,,94.34623373,96.171630859375,16.362701416015625
reaction:719,t-BuXPhos,4,,93.02887198,101.31121826171875,16.04009437561035
reaction:720,t-BuXPhos,4,,34.28672739,25.258485794067383,16.60616111755371
reaction:721,t-BuXPhos,4,,51.07128287,36.52858352661133,16.567310333251953
reaction:722,t-BuXPhos,2,,44.71241275,28.523128509521484,16.56597900390625
reaction:723,t-BuXPhos,1,,1.112505085,-5.626705169677734,14.875871658325195
reaction:724,t-BuXPhos,1,,50.90618574,34.67715072631836,15.48041820526123
reaction:725,t-BuXPhos,2,,54.23706048,33.22922897338867,16.495208740234375
reaction:726,t-BuXPhos,1,,4.695061055,8.333612442016602,14.901849746704102
reaction:727,t-BuXPhos,2,,83.3036144,55.390525817871094,16.3496036529541
reaction:728,t-BuXPhos,1,,70.00785114,55.0389404296875,14.644370079040527
reaction:729,t-BuXPhos,2,,52.85443039,52.293025970458984,15.621624946594238
reaction:730,t-BuXPhos,2,,72.15476775,58.15673828125,16.788818359375
reaction:731,t-BuXPhos,3,,73.13874552,73.36993408203125,16.103717803955078
reaction:732,t-BuXPhos,4,,18.412337,38.06182861328125,16.74667739868164
reaction:733,t-BuXPhos,3,,1.57607478,47.47283935546875,16.334732055664062
reaction:734,t-BuXPhos,0,,1.834161249,50.369537353515625,15.763310432434082
reaction:735,t-BuXPhos,1,,39.94694428,43.49200439453125,15.771673202514648
reaction:736,t-BuXPhos,1,,54.22375463,60.678985595703125,15.617262840270996
reaction:737,t-BuXPhos,1,,50.12467654,57.77781677246094,15.699548721313477
reaction:738,t-BuXPhos,2,,1.102452884,14.852466583251953,15.38636589050293
reaction:739,t-BuXPhos,2,,45.39654665,58.00695037841797,16.689329147338867
reaction:740,t-BuXPhos,4,,51.57354724,57.39301300048828,16.970867156982422
reaction:741,t-BuXPhos,1,,77.85802389,84.6407241821289,15.52657699584961
reaction:742,t-BuXPhos,3,,80.13587028,81.02300262451172,16.79534912109375
reaction:743,t-BuXPhos,0,,80.58863006,75.2234878540039,16.269750595092773
reaction:744,t-BuXPhos,1,,86.25411640000002,89.06825256347656,16.160743713378906
reaction:745,t-BuXPhos,1,,91.93340238,89.68882751464844,15.98656177520752
reaction:746,t-BuXPhos,1,,49.30997149,42.22750473022461,14.45069408416748
reaction:747,t-BuXPhos,3,,86.10507439,79.58263397216797,16.528682708740234
reaction:748,t-BuXPhos,3,,88.16754027,66.88008880615234,16.89942741394043
reaction:749,t-BuXPhos,0,,45.04099086,38.290611267089844,16.305805206298828
reaction:750,t-BuXPhos,1,,52.01896484,58.56318664550781,15.47441291809082
reaction:751,t-BuXPhos,0,,50.27132659,54.039710998535156,16.80447006225586
reaction:752,t-BuXPhos,1,,1.402918235,3.8741588592529297,14.978697776794434
reaction:753,t-BuXPhos,4,,50.57898439,52.65570068359375,16.3743839263916
reaction:754,t-BuXPhos,1,,51.23480839,56.54286575317383,15.705780029296875
reaction:755,t-BuXPhos,1,,6.591475121,14.908004760742188,14.795028686523438
reaction:756,t-BuXPhos,4,,83.09647392,87.90229034423828,16.687881469726562
reaction:757,t-BuXPhos,3,,79.26160687,85.94415283203125,16.792814254760742
reaction:758,t-BuXPhos,4,,86.19439925,89.70974731445312,16.516183853149414
reaction:759,t-BuXPhos,0,,91.26694463,97.96492004394531,15.542613983154297
reaction:760,t-BuXPhos,3,,95.38648822,100.39813995361328,16.228221893310547
reaction:761,t-BuXPhos,0,,63.26443611,43.76746368408203,16.51191520690918
reaction:762,t-BuXPhos,1,,94.87994774,81.15019226074219,15.104001998901367
reaction:763,t-BuXPhos,0,,93.42111456,89.91473388671875,16.007129669189453
reaction:764,t-BuXPhos,3,,31.76101887,14.414716720581055,14.559767723083496
reaction:765,t-BuXPhos,2,,47.94242943,32.44695281982422,16.163480758666992
reaction:766,t-BuXPhos,0,,42.81292825,32.85969924926758,16.711917877197266
reaction:767,t-BuXPhos,3,,0.39886034,-7.140373229980469,14.61426067352295
reaction:768,t-BuXPhos,3,,45.57576479,30.761634826660156,14.615157127380371
reaction:769,t-BuXPhos,3,,49.32093179,32.74509811401367,14.286238670349121
reaction:770,t-BuXPhos,2,,3.622466468,0.6922607421875,16.92072296142578
reaction:771,t-BuXPhos,0,,75.31115449,61.01417541503906,16.25630760192871
reaction:772,t-BuXPhos,2,,67.19184926,53.49107360839844,17.110816955566406
reaction:773,t-BuXPhos,4,,54.63079808,54.74367904663086,16.123085021972656
reaction:774,t-BuXPhos,0,,63.14714159,65.29747009277344,15.247458457946777
reaction:775,t-BuXPhos,1,,63.83709974,66.29188537597656,15.490640640258789
reaction:776,t-BuXPhos,2,,20.39347896,23.246658325195312,16.21776580810547
reaction:777,t-BuXPhos,0,,0.0,48.829158782958984,14.926854133605957
reaction:778,t-BuXPhos,1,,0.0,45.84642028808594,13.64368724822998
reaction:779,t-BuXPhos,2,,34.30918762,33.406551361083984,16.843229293823242
reaction:780,t-BuXPhos,0,,52.55061961,59.09977722167969,15.915876388549805
reaction:781,t-BuXPhos,1,,52.37811419,53.98060989379883,15.703458786010742
reaction:782,t-BuXPhos,1,,0.695297498,7.870113372802734,15.71763801574707
reaction:783,t-BuXPhos,0,,43.182647,54.61518096923828,15.850286483764648
reaction:784,t-BuXPhos,3,,52.5635645,54.31615447998047,14.179482460021973
reaction:785,t-BuXPhos,0,,3.012114112,12.461837768554688,16.299217224121094
reaction:786,t-BuXPhos,1,,80.58281911,77.35330200195312,15.786511421203613
reaction:787,t-BuXPhos,1,,81.02094948,78.75015258789062,15.083121299743652
reaction:788,t-BuXPhos,4,,76.63515592,72.21870422363281,16.10725212097168
reaction:789,t-BuXPhos,1,,88.44485055,82.69422912597656,16.215452194213867
reaction:790,t-BuXPhos,1,,90.22793001,82.65435791015625,15.841108322143555
reaction:791,t-BuXPhos,3,,30.758172,29.236385345458984,14.907691955566406
reaction:792,t-BuXPhos,1,,85.68357471,67.90178680419922,15.617743492126465
reaction:793,t-BuXPhos,2,,86.971127,68.25074768066406,16.82950782775879
reaction:794,t-BuXPhos,3,,34.96627405,30.873809814453125,15.029221534729004
reaction:795,t-BuXPhos,3,,0.97555089,2.7612152099609375,15.286046981811523
reaction:796,t-BuXPhos,0,,44.07099157,53.17409896850586,16.108644485473633
reaction:797,t-BuXPhos,3,,48.93807733,53.785587310791016,15.068927764892578
reaction:798,t-BuXPhos,4,,3.893641215,5.463258743286133,16.10939598083496
reaction:799,t-BuXPhos,2,,79.05542624,87.290771484375,16.850299835205078
reaction:800,t-BuXPhos,3,,79.63886176,85.72242736816406,15.6292085647583
reaction:801,t-BuXPhos,3,,86.00345438,90.4149169921875,15.621786117553711
reaction:802,t-BuXPhos,3,,92.13719474,97.06902313232422,13.694190979003906
reaction:803,t-BuXPhos,0,,91.51096876,95.36842346191406,16.053932189941406
reaction:804,t-BuXPhos,0,,30.83522639,33.302978515625,16.352048873901367
reaction:805,t-BuXPhos,0,,92.72370704,90.38349914550781,15.089776039123535
reaction:806,t-BuXPhos,4,,92.25602815,72.81348419189453,16.018821716308594
reaction:807,t-BuBrettPhos,2,,9.322132163,3.620851516723633,13.811918258666992
reaction:808,t-BuBrettPhos,1,,13.23389373,16.64543914794922,13.601463317871094
reaction:809,t-BuBrettPhos,1,,12.65611523,19.42908477783203,13.57252311706543
reaction:810,t-BuBrettPhos,0,,0.862512473,-0.5147705078125,13.405078887939453
reaction:811,t-BuBrettPhos,0,,11.12595571,15.642353057861328,13.710196495056152
reaction:812,t-BuBrettPhos,0,,11.33541199,22.339256286621094,13.055031776428223
reaction:813,t-BuBrettPhos,0,,3.848767902,6.517356872558594,13.957324981689453
reaction:814,t-BuBrettPhos,0,,26.55673667,31.430343627929688,13.517154693603516
reaction:815,t-BuBrettPhos,4,,25.42117806,39.97404098510742,13.672234535217285
reaction:816,t-BuBrettPhos,0,,23.70056273,32.86778259277344,13.6913423538208
reaction:817,t-BuBrettPhos,4,,25.95507424,37.16864776611328,13.363330841064453
reaction:818,t-BuBrettPhos,3,,35.80276164,46.47085952758789,13.644318580627441
reaction:819,t-BuBrettPhos,3,,66.85191048,19.55810546875,13.686057090759277
reaction:820,t-BuBrettPhos,0,,70.56509529,56.427955627441406,13.028069496154785
reaction:821,t-BuBrettPhos,4,,66.6354412,46.926605224609375,13.70030403137207
reaction:822,t-BuBrettPhos,0,,3.468901589,9.67289924621582,13.57264232635498
reaction:823,t-BuBrettPhos,0,,31.17955703,28.45663070678711,13.485275268554688
reaction:824,t-BuBrettPhos,4,,44.26289513,37.8761100769043,13.364011764526367
reaction:825,t-BuBrettPhos,1,,0.0,2.494192123413086,13.802230834960938
reaction:826,t-BuBrettPhos,1,,11.31352123,20.4724063873291,13.697030067443848
reaction:827,t-BuBrettPhos,3,,33.79435982,31.7510986328125,13.537846565246582
reaction:828,t-BuBrettPhos,0,,0.0,6.365663528442383,13.896682739257812
reaction:829,t-BuBrettPhos,4,,36.54381967,37.65652084350586,13.230327606201172
reaction:830,t-BuBrettPhos,3,,78.50560016,65.0613784790039,13.66146469116211
reaction:831,t-BuBrettPhos,3,,32.19059222,28.917388916015625,13.842830657958984
reaction:832,t-BuBrettPhos,0,,55.46040564,35.732723236083984,13.209716796875
reaction:833,t-BuBrettPhos,1,,81.63511603,59.01011276245117,13.65038013458252
reaction:834,t-BuBrettPhos,1,,4.546243303,23.094440460205078,13.399508476257324
reaction:835,t-BuBrettPhos,1,,60.54913452,62.71100997924805,13.590100288391113
reaction:836,t-BuBrettPhos,1,,71.15077458,69.18867492675781,13.250515937805176
reaction:837,t-BuBrettPhos,0,,22.42347536,18.748687744140625,13.431628227233887
reaction:838,t-BuBrettPhos,4,,41.46468331,37.129119873046875,13.415818214416504
reaction:839,t-BuBrettPhos,1,,54.24578847,44.098175048828125,13.961249351501465
reaction:840,t-BuBrettPhos,1,,1.581660756,2.361164093017578,13.660285949707031
reaction:841,t-BuBrettPhos,4,,20.76458994,31.64196014404297,13.285883903503418
reaction:842,t-BuBrettPhos,4,,36.05750203,46.74971389770508,13.537277221679688
reaction:843,t-BuBrettPhos,3,,7.805738503,10.276287078857422,12.962271690368652
reaction:844,t-BuBrettPhos,0,,52.90774845,55.014373779296875,13.72842025756836
reaction:845,t-BuBrettPhos,1,,83.29437838,74.59602355957031,13.571175575256348
reaction:846,t-BuBrettPhos,4,,50.80872036,58.651390075683594,13.558379173278809
reaction:847,t-BuBrettPhos,0,,71.49385038,65.52645874023438,13.147775650024414
reaction:848,t-BuBrettPhos,3,,99.99999,88.84687805175781,13.558248519897461
reaction:849,t-BuBrettPhos,2,,29.94942755,35.5198974609375,13.723261833190918
reaction:850,t-BuBrettPhos,3,,80.02767877,81.24340057373047,13.70926570892334
reaction:851,t-BuBrettPhos,3,,88.40427326,90.87787628173828,13.513898849487305
reaction:852,t-BuBrettPhos,1,,7.021683633,12.357709884643555,13.559296607971191
reaction:853,t-BuBrettPhos,0,,32.41068171,30.304706573486328,13.661839485168457
reaction:854,t-BuBrettPhos,4,,34.60429695,33.9389762878418,13.79552936553955
reaction:855,t-BuBrettPhos,0,,0.51807887,-2.1204071044921875,13.5967378616333
reaction:856,t-BuBrettPhos,2,,38.44240466,41.7891960144043,13.561382293701172
reaction:857,t-BuBrettPhos,0,,50.89816476,42.718833923339844,13.30625057220459
reaction:858,t-BuBrettPhos,1,,5.429390182,5.408233642578125,13.625494956970215
reaction:859,t-BuBrettPhos,4,,70.22907456,74.376220703125,13.837237358093262
reaction:860,t-BuBrettPhos,3,,73.4448659,66.38444519042969,13.319275856018066
reaction:861,t-BuBrettPhos,3,,68.99091328,71.27912902832031,13.315342903137207
reaction:862,t-BuBrettPhos,4,,87.93113193,78.00479125976562,13.595037460327148
reaction:863,t-BuBrettPhos,1,,89.46707858,79.10545349121094,13.658084869384766
reaction:864,t-BuBrettPhos,2,,6.160292213,20.4415225982666,13.458529472351074
reaction:865,t-BuBrettPhos,4,,4.80921591,40.7214241027832,13.845035552978516
reaction:866,t-BuBrettPhos,2,,4.592618792,20.153858184814453,13.433588027954102
reaction:867,t-BuBrettPhos,2,,25.85124884,25.918304443359375,13.25674057006836
reaction:868,t-BuBrettPhos,3,,48.4805474,52.02921676635742,13.708791732788086
reaction:869,t-BuBrettPhos,1,,47.29404915,51.548980712890625,13.501089096069336
reaction:870,t-BuBrettPhos,2,,0.682447226,7.723094940185547,12.78846549987793
reaction:871,t-BuBrettPhos,2,,40.82349272,46.179420471191406,13.008056640625
reaction:872,t-BuBrettPhos,4,,45.50089871,53.40095520019531,13.761099815368652
reaction:873,t-BuBrettPhos,4,,2.461539411,10.074420928955078,13.663457870483398
reaction:874,t-BuBrettPhos,2,,73.58359974,76.271484375,12.429990768432617
reaction:875,t-BuBrettPhos,2,,79.18190676,83.73241424560547,13.190108299255371
reaction:876,t-BuBrettPhos,2,,78.17281005,70.62025451660156,13.022604942321777
reaction:877,t-BuBrettPhos,1,,84.44355873,75.18717956542969,13.525154113769531
reaction:878,t-BuBrettPhos,4,,91.20970452,81.25845336914062,13.9667329788208
reaction:879,t-BuBrettPhos,3,,40.48243437,35.63671112060547,13.650191307067871
reaction:880,t-BuBrettPhos,4,,78.37132703,80.78620147705078,13.903919219970703
reaction:881,t-BuBrettPhos,3,,23.89038147,23.211158752441406,13.316704750061035
reaction:882,t-BuBrettPhos,2,,46.79588748,50.82481384277344,12.967796325683594
reaction:883,t-BuBrettPhos,1,,46.14092963,52.591861724853516,13.68785285949707
reaction:884,t-BuBrettPhos,3,,0.81239337,-2.245983123779297,13.364607810974121
reaction:885,t-BuBrettPhos,1,,34.83452753,50.758663177490234,13.535768508911133
reaction:886,t-BuBrettPhos,0,,44.26066466,49.971710205078125,13.358299255371094
reaction:887,t-BuBrettPhos,4,,9.034825048,3.5006351470947266,13.39642333984375
reaction:888,t-BuBrettPhos,2,,74.23566846,82.4871826171875,13.487676620483398
reaction:889,t-BuBrettPhos,1,,78.10978605,85.4842529296875,13.629776954650879
reaction:890,t-BuBrettPhos,2,,86.12188158,90.61591339111328,13.320798873901367
reaction:891,t-BuBrettPhos,0,,87.95919128,99.57076263427734,13.257833480834961
reaction:892,t-BuBrettPhos,4,,92.35381549,99.47128295898438,13.758149147033691
reaction:893,t-BuBrettPhos,0,,42.37662469,31.151826858520508,13.843208312988281
reaction:894,t-BuBrettPhos,3,,89.5866498,80.35150146484375,13.611956596374512
reaction:895,t-BuBrettPhos,1,,88.35188783,83.02549743652344,13.07935619354248
reaction:896,t-BuBrettPhos,4,,1.039364305,9.80655288696289,13.445708274841309
reaction:897,t-BuBrettPhos,2,,23.78240992,31.55824851989746,13.391793251037598
reaction:898,t-BuBrettPhos,2,,28.58196621,35.69032287597656,14.059965133666992
reaction:899,t-BuBrettPhos,3,,0.0,-2.469440460205078,13.39035701751709
reaction:900,t-BuBrettPhos,1,,44.72607544,43.538753509521484,13.239516258239746
reaction:901,t-BuBrettPhos,2,,37.40734019,46.25611877441406,13.618439674377441
reaction:902,t-BuBrettPhos,0,,7.259312325,2.100290298461914,13.664519309997559
reaction:903,t-BuBrettPhos,3,,68.29340203,74.80789947509766,13.210074424743652
reaction:904,t-BuBrettPhos,2,,71.5462211,68.955078125,13.700970649719238
reaction:905,t-BuBrettPhos,0,,69.08248124,71.71448516845703,13.33592414855957
reaction:906,t-BuBrettPhos,1,,88.30829539,77.43379211425781,12.815787315368652
reaction:907,t-BuBrettPhos,1,,92.90401218,79.96788024902344,12.970926284790039
reaction:908,t-BuBrettPhos,1,,1.691952122,4.370073318481445,12.823029518127441
reaction:909,t-BuBrettPhos,0,,0.955483806,31.125381469726562,12.725105285644531
reaction:910,t-BuBrettPhos,3,,0.597977578,23.125478744506836,13.504583358764648
reaction:911,t-BuBrettPhos,0,,13.50296194,17.193265914916992,13.175873756408691
reaction:912,t-BuBrettPhos,4,,48.49744103,46.32006072998047,13.370545387268066
reaction:913,t-BuBrettPhos,2,,50.86308576,51.85431671142578,13.958817481994629
reaction:914,t-BuBrettPhos,2,,0.0,5.550762176513672,13.572125434875488
reaction:915,t-BuBrettPhos,2,,47.57684436,46.21337890625,13.916484832763672
reaction:916,t-BuBrettPhos,3,,54.42113597,52.63938522338867,13.036123275756836
reaction:917,t-BuBrettPhos,4,,0.0,8.33997917175293,13.30886459350586
reaction:918,t-BuBrettPhos,1,,77.66498135,75.08560180664062,12.968057632446289
reaction:919,t-BuBrettPhos,1,,81.47790375,85.29973602294922,13.071659088134766
reaction:920,t-BuBrettPhos,0,,63.40623793,61.46611404418945,13.156810760498047
reaction:921,t-BuBrettPhos,4,,77.4707991,75.670166015625,13.219449996948242
reaction:922,t-BuBrettPhos,2,,90.37135809,88.77111053466797,13.919289588928223
reaction:923,t-BuBrettPhos,2,,13.89042777,17.378868103027344,13.74743366241455
reaction:924,t-BuBrettPhos,0,,81.62368897,78.11766052246094,12.65546989440918
reaction:925,t-BuBrettPhos,4,,83.33821324,72.23261260986328,13.200063705444336
reaction:926,t-BuBrettPhos,2,,18.21528105,13.208967208862305,14.097308158874512
reaction:927,t-BuBrettPhos,3,,49.51819322,46.41672134399414,13.405035972595215
reaction:928,t-BuBrettPhos,3,,47.67937659,53.868507385253906,13.654427528381348
reaction:929,t-BuBrettPhos,3,,0.354218547,-0.29846954345703125,13.417816162109375
reaction:930,t-BuBrettPhos,0,,48.43208177,51.804988861083984,13.406305313110352
reaction:931,t-BuBrettPhos,3,,43.57558027,52.82978439331055,13.219809532165527
reaction:932,t-BuBrettPhos,1,,4.2283815680000005,3.6246509552001953,12.993985176086426
reaction:933,t-BuBrettPhos,4,,79.45834404,81.54542541503906,13.425081253051758
reaction:934,t-BuBrettPhos,2,,79.06108402,85.50409698486328,13.924081802368164
reaction:935,t-BuBrettPhos,4,,87.76406197,85.00828552246094,13.44593620300293
reaction:936,t-BuBrettPhos,0,,93.03255731,95.27789306640625,12.945363998413086
reaction:937,t-BuBrettPhos,2,,98.84920594,108.17721557617188,14.093714714050293
reaction:938,t-BuBrettPhos,2,,14.59032311,13.88497543334961,13.950939178466797
reaction:939,t-BuBrettPhos,2,,93.74857618,72.04051208496094,14.110668182373047
reaction:940,t-BuBrettPhos,4,,93.10117477,71.581787109375,13.690990447998047
reaction:941,AdBrettPhos,2,,9.062775444,3.1761341094970703,13.872456550598145
reaction:942,AdBrettPhos,2,,13.5242012,12.190851211547852,12.764351844787598
reaction:943,AdBrettPhos,4,,13.8481868,19.483474731445312,13.40651798248291
reaction:944,AdBrettPhos,1,,1.858564029,1.1576652526855469,13.433248519897461
reaction:945,AdBrettPhos,2,,13.88581248,12.17251205444336,13.679499626159668
reaction:946,AdBrettPhos,3,,16.72117045,18.13235855102539,12.994750022888184
reaction:947,AdBrettPhos,4,,6.264897465,0.42111968994140625,13.348702430725098
reaction:948,AdBrettPhos,4,,23.31600153,26.687347412109375,13.581764221191406
reaction:949,AdBrettPhos,1,,26.3918508,36.76142120361328,13.5482177734375
reaction:950,AdBrettPhos,1,,19.27582448,23.129932403564453,13.475323677062988
reaction:951,AdBrettPhos,0,,20.15990301,27.6226806640625,13.329700469970703
reaction:952,AdBrettPhos,2,,27.24737039,44.82708740234375,13.840272903442383
reaction:953,AdBrettPhos,3,,68.47251074,18.23409652709961,13.694966316223145
reaction:954,AdBrettPhos,2,,71.41375314,51.85901641845703,13.782575607299805
reaction:955,AdBrettPhos,4,,68.57486471,47.91091537475586,13.747340202331543
reaction:956,AdBrettPhos,4,,3.309805744,4.070476531982422,13.515243530273438
reaction:957,AdBrettPhos,1,,19.84794125,24.646728515625,13.562716484069824
reaction:958,AdBrettPhos,0,,35.66483427,35.42660140991211,13.39175033569336
reaction:959,AdBrettPhos,2,,0.0,-1.4715042114257812,13.270483016967773
reaction:960,AdBrettPhos,3,,15.1448727,7.883949279785156,13.11586856842041
reaction:961,AdBrettPhos,3,,47.46105675,26.4359188079834,13.619064331054688
reaction:962,AdBrettPhos,0,,0.620480408,0.2931976318359375,13.833577156066895
reaction:963,AdBrettPhos,3,,27.30055458,27.223148345947266,13.436288833618164
reaction:964,AdBrettPhos,1,,67.48065191,59.163490295410156,13.564311027526855
reaction:965,AdBrettPhos,3,,17.316822600000002,14.780750274658203,13.896771430969238
reaction:966,AdBrettPhos,4,,16.25514799,35.104408264160156,13.294647216796875
reaction:967,AdBrettPhos,2,,50.42857568,60.29689025878906,13.775466918945312
reaction:968,AdBrettPhos,3,,4.713893798,4.323217391967773,13.719412803649902
reaction:969,AdBrettPhos,2,,45.27091516,54.85114288330078,13.452165603637695
reaction:970,AdBrettPhos,2,,58.943816000000005,68.06961059570312,13.871042251586914
reaction:971,AdBrettPhos,3,,20.59737033,16.02462387084961,13.24734115600586
reaction:972,AdBrettPhos,0,,33.22033214,35.1547966003418,13.812484741210938
reaction:973,AdBrettPhos,1,,48.38997285,43.3211669921875,13.880760192871094
reaction:974,AdBrettPhos,4,,2.0185504880000003,1.214651107788086,13.425800323486328
reaction:975,AdBrettPhos,0,,28.52881836,22.97133445739746,13.591316223144531
reaction:976,AdBrettPhos,1,,49.32388819,39.20127868652344,13.465654373168945
reaction:977,AdBrettPhos,0,,7.120028255,4.953014373779297,13.898032188415527
reaction:978,AdBrettPhos,0,,49.40490981,47.90869903564453,13.779557228088379
reaction:979,AdBrettPhos,2,,74.16554821,74.42564392089844,13.764691352844238
reaction:980,AdBrettPhos,3,,44.47903411,45.710411071777344,13.698987007141113
reaction:981,AdBrettPhos,2,,59.28097568,59.894020080566406,13.741686820983887
reaction:982,AdBrettPhos,2,,81.51017538,89.46038818359375,13.829706192016602
reaction:983,AdBrettPhos,2,,28.30443344,30.74655532836914,13.796402931213379
reaction:984,AdBrettPhos,0,,68.89095082,75.03540802001953,12.955361366271973
reaction:985,AdBrettPhos,2,,84.40270662,89.89215087890625,13.804030418395996
reaction:986,AdBrettPhos,0,,5.298717423,14.310300827026367,13.700342178344727
reaction:987,AdBrettPhos,0,,41.59326244,30.180025100708008,13.786276817321777
reaction:988,AdBrettPhos,4,,44.78270058,36.4925422668457,13.826728820800781
reaction:989,AdBrettPhos,1,,1.262424529,1.7549190521240234,13.325613021850586
reaction:990,AdBrettPhos,2,,53.17975334,42.0243034362793,13.605793952941895
reaction:991,AdBrettPhos,3,,54.63240731,46.19682312011719,12.8812894821167
reaction:992,AdBrettPhos,0,,4.246823607,4.979511260986328,13.808971405029297
reaction:993,AdBrettPhos,0,,82.46360414,67.88203430175781,13.707894325256348
reaction:994,AdBrettPhos,0,,79.07623711,68.06758117675781,13.406220436096191
reaction:995,AdBrettPhos,1,,74.61155282,61.549072265625,13.515669822692871
reaction:996,AdBrettPhos,1,,83.37705512,71.34608459472656,13.453123092651367
reaction:997,AdBrettPhos,4,,91.37329051,74.40721893310547,13.998279571533203
reaction:998,AdBrettPhos,4,,9.147761663,22.524654388427734,13.84849739074707
reaction:999,AdBrettPhos,4,,1.707595349,42.423004150390625,13.927980422973633
reaction:1000,AdBrettPhos,0,,2.733728741,31.59477996826172,13.474835395812988
reaction:1001,AdBrettPhos,1,,25.8434488,24.536998748779297,13.411705017089844
reaction:1002,AdBrettPhos,2,,48.06786456,47.976104736328125,12.410966873168945
reaction:1003,AdBrettPhos,2,,48.00212967,49.309993743896484,13.143917083740234
reaction:1004,AdBrettPhos,0,,0.85894734,7.664299011230469,13.476899147033691
reaction:1005,AdBrettPhos,3,,46.19696168,41.86272430419922,13.014640808105469
reaction:1006,AdBrettPhos,3,,51.39664392,50.05780029296875,13.580418586730957
reaction:1007,AdBrettPhos,3,,2.615785832,7.8890228271484375,13.715524673461914
reaction:1008,AdBrettPhos,4,,73.85492194,68.87892150878906,13.466996192932129
reaction:1009,AdBrettPhos,2,,78.46972259,80.767822265625,13.280067443847656
reaction:1010,AdBrettPhos,1,,61.91869342,62.831764221191406,13.295802116394043
reaction:1011,AdBrettPhos,0,,66.70576357,76.42706298828125,13.042021751403809
reaction:1012,AdBrettPhos,2,,69.8410056,81.20538330078125,13.11483097076416
reaction:1013,AdBrettPhos,0,,35.857904600000005,34.575660705566406,13.34970474243164
reaction:1014,AdBrettPhos,2,,81.6084941,63.615234375,12.89380931854248
reaction:1015,AdBrettPhos,2,,84.55661490000001,66.71894836425781,13.417562484741211
reaction:1016,AdBrettPhos,2,,28.68684159,22.868186950683594,13.80225944519043
reaction:1017,AdBrettPhos,1,,53.85457225,51.034542083740234,13.632503509521484
reaction:1018,AdBrettPhos,4,,55.16379105,52.572174072265625,13.711283683776855
reaction:1019,AdBrettPhos,0,,1.0681254059999998,5.387563705444336,13.806025505065918
reaction:1020,AdBrettPhos,0,,54.23706273,43.05107116699219,13.767485618591309
reaction:1021,AdBrettPhos,2,,50.10376029,53.42300033569336,13.354215621948242
reaction:1022,AdBrettPhos,1,,3.135484875,8.941160202026367,13.561938285827637
reaction:1023,AdBrettPhos,0,,80.39591728,74.45724487304688,13.861361503601074
reaction:1024,AdBrettPhos,2,,82.63071562,86.35484313964844,13.652307510375977
reaction:1025,AdBrettPhos,0,,89.88953077,81.29182434082031,13.6768159866333
reaction:1026,AdBrettPhos,0,,92.89765441,97.20147705078125,13.216226577758789
reaction:1027,AdBrettPhos,1,,94.14846732,99.94108581542969,13.639629364013672
reaction:1028,AdBrettPhos,3,,41.58551371,33.83283233642578,13.527458190917969
reaction:1029,AdBrettPhos,2,,95.12897845,75.05081176757812,13.484187126159668
reaction:1030,AdBrettPhos,0,,92.39124083,85.40421295166016,13.658971786499023
reaction:1031,AdBrettPhos,4,,1.261091862,9.949623107910156,13.56032657623291
reaction:1032,AdBrettPhos,2,,12.61696696,32.260643005371094,13.417932510375977
reaction:1033,AdBrettPhos,2,,36.64285561,38.82168197631836,14.157261848449707
reaction:1034,AdBrettPhos,2,,0.0,3.5971317291259766,13.778030395507812
reaction:1035,AdBrettPhos,3,,52.34346738,44.01355743408203,13.057465553283691
reaction:1036,AdBrettPhos,3,,57.08877056,41.90917205810547,12.793220520019531
reaction:1037,AdBrettPhos,0,,1.117675591,-0.2849845886230469,13.674675941467285
reaction:1038,AdBrettPhos,2,,83.14947865,69.87476348876953,13.495265007019043
reaction:1039,AdBrettPhos,0,,82.84063003,66.3165283203125,13.031356811523438
reaction:1040,AdBrettPhos,1,,80.49152522,56.035667419433594,12.82786750793457
reaction:1041,AdBrettPhos,0,,89.89767813,70.56782531738281,13.255343437194824
reaction:1042,AdBrettPhos,0,,94.29690562,74.10897827148438,13.004895210266113
reaction:1043,AdBrettPhos,2,,2.241763673,7.563850402832031,13.925383567810059
reaction:1044,AdBrettPhos,3,,1.826315609,23.33575439453125,13.447464942932129
reaction:1045,AdBrettPhos,2,,0.747631534,28.74449348449707,13.844712257385254
reaction:1046,AdBrettPhos,3,,9.328786223,13.763893127441406,13.2650728225708
reaction:1047,AdBrettPhos,2,,45.92980056,47.87385940551758,13.455836296081543
reaction:1048,AdBrettPhos,1,,52.24472601,50.77070236206055,13.235352516174316
reaction:1049,AdBrettPhos,0,,0.338169234,4.020210266113281,13.201187133789062
reaction:1050,AdBrettPhos,2,,43.34412585,46.024147033691406,13.94272232055664
reaction:1051,AdBrettPhos,1,,53.38444046,55.36143493652344,13.252077102661133
reaction:1052,AdBrettPhos,1,,0.841459123,3.630176544189453,13.336920738220215
reaction:1053,AdBrettPhos,4,,72.1822742,70.89114379882812,13.325729370117188
reaction:1054,AdBrettPhos,2,,83.93941968,82.56419372558594,13.86074161529541
reaction:1055,AdBrettPhos,2,,38.32865111,59.841304779052734,13.823631286621094
reaction:1056,AdBrettPhos,1,,59.55424843,70.4136962890625,13.326013565063477
reaction:1057,AdBrettPhos,0,,77.75555198,77.80802917480469,12.544939994812012
reaction:1058,AdBrettPhos,3,,11.79076705,12.584461212158203,13.189855575561523
reaction:1059,AdBrettPhos,4,,83.93526521,64.98523712158203,13.604987144470215
reaction:1060,AdBrettPhos,0,,90.73131654,69.41936492919922,13.009467124938965
reaction:1061,AdBrettPhos,2,,12.78013721,12.648368835449219,14.181756973266602
reaction:1062,AdBrettPhos,0,,49.15372199,45.808265686035156,13.563034057617188
reaction:1063,AdBrettPhos,2,,55.56585889,53.65277862548828,14.077160835266113
reaction:1064,AdBrettPhos,0,,0.3553679289999999,2.6613903045654297,13.595669746398926
reaction:1065,AdBrettPhos,1,,50.10834683,49.208351135253906,12.958681106567383
reaction:1066,AdBrettPhos,0,,53.33497035,53.377891540527344,13.048948287963867
reaction:1067,AdBrettPhos,0,,0.968826586,2.030874252319336,13.754575729370117
reaction:1068,AdBrettPhos,0,,80.68492948,77.45268249511719,13.607514381408691
reaction:1069,AdBrettPhos,3,,83.05466982,88.1821517944336,13.483678817749023
reaction:1070,AdBrettPhos,1,,81.37846659,75.39254760742188,12.907880783081055
reaction:1071,AdBrettPhos,3,,89.47412112,91.5070571899414,12.747243881225586
reaction:1072,AdBrettPhos,2,,95.75260589,106.65739440917969,14.185604095458984
reaction:1073,AdBrettPhos,2,,9.967076399,11.79890251159668,14.047377586364746
reaction:1074,AdBrettPhos,2,,86.08980917,69.19561767578125,14.131579399108887
reaction:1075,AdBrettPhos,4,,94.54981251,73.68142700195312,13.74417781829834
reaction:1076,XPhos,0,,11.59050003,7.721565246582031,16.341997146606445
reaction:1077,XPhos,1,,12.36887401,6.740776062011719,16.993743896484375
reaction:1078,XPhos,3,,16.16257939,19.23632049560547,16.728710174560547
reaction:1079,XPhos,4,,1.729864191,-2.6782798767089844,16.64313316345215
reaction:1080,XPhos,1,,4.215754471,6.5819244384765625,17.980295181274414
reaction:1081,XPhos,4,,4.112217946,8.619279861450195,16.58271598815918
reaction:1082,XPhos,1,,7.911192525,0.9421749114990234,17.51392364501953
reaction:1083,XPhos,3,,13.99630758,24.449787139892578,16.34839630126953
reaction:1084,XPhos,3,,18.40781284,27.62842559814453,17.77522850036621
reaction:1085,XPhos,3,,13.98755594,9.437967300415039,16.838130950927734
reaction:1086,XPhos,1,,20.04239857,11.41057014465332,17.40620231628418
reaction:1087,XPhos,4,,19.49452071,15.22657585144043,16.443056106567383
reaction:1088,XPhos,4,,9.474964289,12.301069259643555,16.759031295776367
reaction:1089,XPhos,3,,10.26328927,10.584115982055664,16.27402114868164
reaction:1090,XPhos,4,,14.9442896,25.483318328857422,16.74895668029785
reaction:1091,XPhos,2,,15.11582189,13.218475341796875,15.725936889648438
reaction:1092,XPhos,1,,28.39895545,27.45012855529785,17.22592544555664
reaction:1093,XPhos,2,,34.38141407,30.296979904174805,16.319480895996094
reaction:1094,XPhos,1,,0.377050084,7.309001922607422,18.148380279541016
reaction:1095,XPhos,1,,9.043513945,11.922666549682617,17.83245277404785
reaction:1096,XPhos,0,,13.524053,14.110071182250977,16.034992218017578
reaction:1097,XPhos,0,,3.045865819,9.188148498535156,17.747575759887695
reaction:1098,XPhos,2,,26.51530021,16.694238662719727,16.031518936157227
reaction:1099,XPhos,2,,28.15132537,20.842693328857422,15.560640335083008
reaction:1100,XPhos,3,,22.49487977,22.702062606811523,17.065872192382812
reaction:1101,XPhos,4,,37.83294904,44.20162582397461,16.420719146728516
reaction:1102,XPhos,3,,43.37501152,46.28294372558594,16.53830337524414
reaction:1103,XPhos,3,,10.00638892,8.287801742553711,16.330900192260742
reaction:1104,XPhos,4,,21.4669222,20.11631202697754,16.397886276245117
reaction:1105,XPhos,2,,32.75793304,22.855440139770508,16.354732513427734
reaction:1106,XPhos,4,,11.65330714,12.497856140136719,16.378740310668945
reaction:1107,XPhos,2,,22.58353247,26.267410278320312,16.011600494384766
reaction:1108,XPhos,2,,35.26155109,31.852523803710938,16.227840423583984
reaction:1109,XPhos,4,,0.275668441,-0.6233711242675781,16.541845321655273
reaction:1110,XPhos,4,,4.057606054,6.807735443115234,16.8577823638916
reaction:1111,XPhos,2,,8.039691846,13.09891128540039,15.786432266235352
reaction:1112,XPhos,4,,2.547971795,3.005002975463867,16.446002960205078
reaction:1113,XPhos,1,,17.09448081,19.784494400024414,16.5601863861084
reaction:1114,XPhos,3,,30.59514524,40.86796951293945,17.420326232910156
reaction:1115,XPhos,3,,26.31222578,23.638813018798828,16.803884506225586
reaction:1116,XPhos,1,,50.09944792,41.3514518737793,17.044662475585938
reaction:1117,XPhos,0,,55.00354925,49.17182540893555,15.854719161987305
reaction:1118,XPhos,0,,6.968929302,5.595424652099609,15.927184104919434
reaction:1119,XPhos,1,,18.1188647,21.455245971679688,16.506591796875
reaction:1120,XPhos,3,,29.06844689,30.20670509338379,16.92487335205078
reaction:1121,XPhos,2,,1.25144582,4.512035369873047,15.616133689880371
reaction:1122,XPhos,1,,8.110761371,-0.24614715576171875,17.050975799560547
reaction:1123,XPhos,3,,9.109122278,12.411781311035156,13.773900985717773
reaction:1124,XPhos,1,,0.121773863,-3.63116455078125,17.80081558227539
reaction:1125,XPhos,0,,3.267294839,2.6611461639404297,15.800902366638184
reaction:1126,XPhos,4,,9.105544009,5.162815093994141,16.062389373779297
reaction:1127,XPhos,1,,0.689951869,1.511392593383789,17.84998321533203
reaction:1128,XPhos,3,,8.876631997,14.614818572998047,13.56383991241455
reaction:1129,XPhos,2,,6.083579291,11.142053604125977,15.311556816101074
reaction:1130,XPhos,0,,7.972544215,1.1560440063476562,16.845584869384766
reaction:1131,XPhos,1,,11.17697809,12.526359558105469,17.41939926147461
reaction:1132,XPhos,4,,13.03686492,6.260929107666016,16.377941131591797
reaction:1133,XPhos,2,,3.23775549,8.733661651611328,15.489798545837402
reaction:1134,XPhos,1,,7.996830791,3.1693363189697266,16.837322235107422
reaction:1135,XPhos,2,,9.676524882,11.77927017211914,15.876604080200195
reaction:1136,XPhos,2,,0.0,5.7439422607421875,15.773601531982422
reaction:1137,XPhos,1,,3.342369627,11.216436386108398,17.142730712890625
reaction:1138,XPhos,0,,23.70536277,16.71615982055664,15.979779243469238
reaction:1139,XPhos,0,,0.0,0.2633819580078125,16.533966064453125
reaction:1140,XPhos,3,,0.0,0.7941055297851562,13.420970916748047
reaction:1141,XPhos,2,,1.742923089,5.553741455078125,15.809555053710938
reaction:1142,XPhos,4,,0.0,0.060638427734375,16.55112648010254
reaction:1143,XPhos,0,,1.132043957,3.329404830932617,16.089187622070312
reaction:1144,XPhos,4,,4.889819476,0.8950004577636719,18.50202178955078
reaction:1145,XPhos,0,,4.510171982,6.50775146484375,17.022687911987305
reaction:1146,XPhos,1,,34.38173794,33.16428756713867,17.060373306274414
reaction:1147,XPhos,4,,42.29478749,29.941444396972656,16.4886474609375
reaction:1148,XPhos,0,,0.0,-0.9117202758789062,15.880273818969727
reaction:1149,XPhos,1,,5.948041851,4.14207649230957,16.638580322265625
reaction:1150,XPhos,0,,8.970807297999999,8.423072814941406,16.347448348999023
reaction:1151,XPhos,1,,0.0,0.5507278442382812,16.613849639892578
reaction:1152,XPhos,2,,3.074612079,7.867137908935547,15.795939445495605
reaction:1153,XPhos,1,,14.24693951,24.20825958251953,16.590436935424805
reaction:1154,XPhos,0,,0.0,-1.0610885620117188,16.09994125366211
reaction:1155,XPhos,2,,0.0,-7.858669281005859,15.724074363708496
reaction:1156,XPhos,2,,0.878081853,4.4359130859375,15.98493480682373
reaction:1157,XPhos,0,,0.0,-2.793445587158203,18.097532272338867
reaction:1158,XPhos,2,,0.830867403,-2.6078262329101562,15.68950366973877
reaction:1159,XPhos,0,,2.902396599,22.59078598022461,16.114295959472656
reaction:1160,XPhos,0,,6.536001371,6.247621536254883,16.982454299926758
reaction:1161,XPhos,2,,46.544616600000005,31.366336822509766,16.868995666503906
reaction:1162,XPhos,0,,46.08846314,45.37586212158203,15.931571006774902
reaction:1163,XPhos,1,,0.0,-6.364166259765625,16.68802833557129
reaction:1164,XPhos,3,,3.074693717,4.138753890991211,13.662153244018555
reaction:1165,XPhos,0,,5.085670913,13.683128356933594,16.13640022277832
reaction:1166,XPhos,2,,18.46507819,22.219280242919922,14.553250312805176
reaction:1167,XPhos,0,,13.47157217,26.14460563659668,13.9839448928833
reaction:1168,XPhos,0,,37.38354754,41.10184860229492,14.089052200317383
reaction:1169,XPhos,0,,1.208332351,11.878463745117188,14.111746788024902
reaction:1170,XPhos,3,,39.67142934,28.25952911376953,15.99881362915039
reaction:1171,XPhos,2,,41.17834608,28.66506576538086,14.485973358154297
reaction:1172,XPhos,0,,10.30004263,19.22089958190918,16.253032684326172
reaction:1173,XPhos,3,,61.72597738,51.35923767089844,16.18842124938965
reaction:1174,XPhos,4,,62.91956913,59.17573165893555,17.73196029663086
reaction:1175,XPhos,1,,19.78619625,33.30665588378906,14.8350248336792
reaction:1176,XPhos,0,,23.5354934,42.28919219970703,15.497304916381836
reaction:1177,XPhos,3,,21.9180702,42.690711975097656,16.032625198364258
reaction:1178,XPhos,1,,47.96214472,30.781129837036133,14.820023536682129
reaction:1179,XPhos,1,,27.15198165,35.30411148071289,14.31286334991455
reaction:1180,XPhos,2,,76.45126838,46.70049285888672,14.29183578491211
reaction:1181,XPhos,2,,0.0,17.28256607055664,15.119226455688477
reaction:1182,XPhos,0,,30.36311877,26.08838653564453,13.906838417053223
reaction:1183,XPhos,4,,31.86956379,35.501251220703125,16.448341369628906
reaction:1184,XPhos,2,,0.5424974920000001,0.19388580322265625,14.659996032714844
reaction:1185,XPhos,0,,14.09805788,16.812963485717773,13.664057731628418
reaction:1186,XPhos,0,,17.10738006,21.601953506469727,14.107327461242676
reaction:1187,XPhos,3,,3.019148584,1.5538063049316406,15.836580276489258
reaction:1188,XPhos,0,,33.44114491,32.84212875366211,13.87000560760498
reaction:1189,XPhos,2,,35.15374563,35.946067810058594,14.750773429870605
reaction:1190,XPhos,0,,24.23900204,21.51032829284668,14.63235855102539
reaction:1191,XPhos,2,,43.49187499,38.514801025390625,15.660670280456543
reaction:1192,XPhos,2,,48.23965662,40.965293884277344,14.895477294921875
reaction:1193,XPhos,2,,14.0670777,23.226398468017578,15.066588401794434
reaction:1194,XPhos,4,,26.30947521,21.949880599975586,15.528149604797363
reaction:1195,XPhos,0,,35.92744664,41.220252990722656,13.991044998168945
reaction:1196,XPhos,2,,12.90070345,21.046607971191406,14.556660652160645
reaction:1197,XPhos,2,,25.0144043,29.570945739746094,14.630659103393555
reaction:1198,XPhos,3,,42.53147932,39.90031433105469,16.638090133666992
reaction:1199,XPhos,3,,0.44794504,3.5369300842285156,17.001676559448242
reaction:1200,XPhos,4,,12.94497014,21.780803680419922,15.953310012817383
reaction:1201,XPhos,1,,24.71545556,24.07034683227539,14.251264572143555
reaction:1202,XPhos,0,,2.841459947,7.960506439208984,15.863658905029297
reaction:1203,XPhos,2,,36.58244249,38.65202713012695,14.35586166381836
reaction:1204,XPhos,2,,64.13599101,53.7269401550293,14.470111846923828
reaction:1205,XPhos,4,,32.16531055,29.949853897094727,16.309860229492188
reaction:1206,XPhos,3,,51.64764803,49.35803985595703,16.459205627441406
reaction:1207,XPhos,1,,58.39892185,51.87908935546875,14.578594207763672
reaction:1208,XPhos,2,,13.37572764,23.801130294799805,14.654231071472168
reaction:1209,XPhos,3,,30.61273502,28.67978286743164,16.288204193115234
reaction:1210,XPhos,4,,47.66948987,51.933326721191406,15.393190383911133
reaction:1211,XPhos,2,,9.055172217,5.175479888916016,13.624595642089844
reaction:1212,XPhos,2,,8.916453721,4.316989898681641,13.369913101196289
reaction:1213,XPhos,4,,8.674987339,13.137870788574219,16.770580291748047
reaction:1214,XPhos,0,,1.468935867,-4.5318450927734375,16.28636360168457
reaction:1215,XPhos,4,,2.627491811,6.22418212890625,16.047414779663086
reaction:1216,XPhos,3,,4.471163192,5.249204635620117,15.94843578338623
reaction:1217,XPhos,4,,6.90640733,1.2797222137451172,15.99103832244873
reaction:1218,XPhos,3,,8.653540466,17.43979263305664,16.211292266845703
reaction:1219,XPhos,1,,10.22354965,17.592018127441406,17.29434585571289
reaction:1220,XPhos,0,,7.147436012000001,3.0222740173339844,16.75937271118164
reaction:1221,XPhos,0,,9.80291595,5.2704620361328125,17.752410888671875
reaction:1222,XPhos,2,,10.13794025,-1.1582260131835938,13.396561622619629
reaction:1223,XPhos,1,,3.031273928,13.372665405273438,17.002485275268555
reaction:1224,XPhos,1,,4.546819288,6.914493560791016,16.647258758544922
reaction:1225,XPhos,1,,8.546147234,11.424394607543945,16.716394424438477
reaction:1226,XPhos,1,,7.131859569,7.376401901245117,16.763057708740234
reaction:1227,XPhos,2,,17.58389829,16.967823028564453,13.563788414001465
reaction:1228,XPhos,1,,26.35991815,17.077327728271484,16.943254470825195
reaction:1229,XPhos,0,,0.0,-0.8402633666992188,16.612258911132812
reaction:1230,XPhos,0,,0.665064231,2.318958282470703,15.782275199890137
reaction:1231,XPhos,1,,2.871965335,4.303964614868164,17.08125877380371
reaction:1232,XPhos,2,,0.0,2.7255401611328125,13.9476957321167
reaction:1233,XPhos,4,,4.892554111,8.581838607788086,15.9180269241333
reaction:1234,XPhos,1,,8.121165956,8.025238037109375,17.40924835205078
reaction:1235,XPhos,2,,11.68964545,12.0560302734375,14.032848358154297
reaction:1236,XPhos,3,,24.97534285,26.631927490234375,16.82571792602539
reaction:1237,XPhos,2,,29.2582978,21.574630737304688,13.966206550598145
reaction:1238,XPhos,2,,0.894637207,-0.6102828979492188,14.049386978149414
reaction:1239,XPhos,2,,2.546576237,6.942934036254883,15.692856788635254
reaction:1240,XPhos,3,,7.473385241,10.818689346313477,16.84613800048828
reaction:1241,XPhos,0,,9.967512853,5.838689804077148,16.122955322265625
reaction:1242,XPhos,3,,17.78386933,18.341796875,16.941753387451172
reaction:1243,XPhos,3,,18.90594075,27.026262283325195,16.731225967407227
reaction:1244,XPhos,2,,0.0,-3.9454002380371094,13.578113555908203
reaction:1245,XPhos,2,,2.7859919960000004,-4.7048187255859375,13.486980438232422
reaction:1246,XPhos,2,,3.936030958,3.5237274169921875,13.387309074401855
reaction:1247,XPhos,0,,3.462173057,-1.080535888671875,18.201332092285156
reaction:1248,XPhos,1,,12.57060724,4.6617431640625,16.66499137878418
reaction:1249,XPhos,3,,12.67179243,27.39603042602539,17.150070190429688
reaction:1250,XPhos,4,,14.22488447,12.218244552612305,15.758848190307617
reaction:1251,XPhos,3,,19.78249574,32.99693298339844,16.776323318481445
reaction:1252,XPhos,1,,23.41994655,38.865142822265625,16.74135398864746
reaction:1253,XPhos,2,,6.131625875,-4.298191070556641,13.60036563873291
reaction:1254,XPhos,0,,9.894361569,6.734231948852539,15.799427032470703
reaction:1255,XPhos,0,,12.53742021,14.98777961730957,16.267484664916992
reaction:1256,t-BuXPhos,0,,9.616112883,6.022819519042969,16.640810012817383
reaction:1257,t-BuXPhos,3,,13.66496862,14.022422790527344,16.921092987060547
reaction:1258,t-BuXPhos,4,,11.85429164,15.2310791015625,15.771525382995605
reaction:1259,t-BuXPhos,1,,2.579332416,-11.664665222167969,17.21248435974121
reaction:1260,t-BuXPhos,3,,16.4358293,18.437898635864258,16.322891235351562
reaction:1261,t-BuXPhos,0,,18.29616546,20.923778533935547,15.270947456359863
reaction:1262,t-BuXPhos,1,,2.8893303610000003,-5.515125274658203,16.768970489501953
reaction:1263,t-BuXPhos,3,,19.25650723,32.67620849609375,15.877086639404297
reaction:1264,t-BuXPhos,4,,19.42489921,28.625232696533203,16.68067169189453
reaction:1265,t-BuXPhos,4,,30.38899776,29.226261138916016,16.0039119720459
reaction:1266,t-BuXPhos,2,,38.88072897,35.073143005371094,16.249073028564453
reaction:1267,t-BuXPhos,3,,40.27887601,36.12358856201172,16.30415916442871
reaction:1268,t-BuXPhos,0,,11.94269708,12.016624450683594,16.399526596069336
reaction:1269,t-BuXPhos,2,,21.93776353,23.84126853942871,16.535015106201172
reaction:1270,t-BuXPhos,4,,23.04134387,25.756610870361328,16.0358943939209
reaction:1271,t-BuXPhos,4,,10.309392,14.392772674560547,16.3280086517334
reaction:1272,t-BuXPhos,0,,32.25917309,30.76136016845703,16.42131233215332
reaction:1273,t-BuXPhos,1,,36.38251036,36.105064392089844,17.023019790649414
reaction:1274,t-BuXPhos,1,,0.321740184,1.672159194946289,17.38253402709961
reaction:1275,t-BuXPhos,4,,33.60384304,27.768705368041992,15.930073738098145
reaction:1276,t-BuXPhos,3,,42.00742206,37.743003845214844,16.312957763671875
reaction:1277,t-BuXPhos,1,,1.095223411,1.9246635437011719,16.697715759277344
reaction:1278,t-BuXPhos,4,,52.43953497,45.65397644042969,16.138381958007812
reaction:1279,t-BuXPhos,0,,54.90007838,51.9909782409668,16.482139587402344
reaction:1280,t-BuXPhos,1,,54.22895975,51.20629119873047,15.998842239379883
reaction:1281,t-BuXPhos,1,,63.56431346,64.88874816894531,17.409936904907227
reaction:1282,t-BuXPhos,0,,63.2869505,61.64855194091797,15.905301094055176
reaction:1283,t-BuXPhos,0,,12.05436323,20.096607208251953,16.538501739501953
reaction:1284,t-BuXPhos,4,,57.02971842,58.09953689575195,15.941801071166992
reaction:1285,t-BuXPhos,2,,54.65489395,56.97269058227539,16.373075485229492
reaction:1286,t-BuXPhos,2,,23.76547665,22.578590393066406,16.541488647460938
reaction:1287,t-BuXPhos,1,,35.88987774,41.37422561645508,17.19502067565918
reaction:1288,t-BuXPhos,3,,46.36906778,43.290470123291016,16.913196563720703
reaction:1289,t-BuXPhos,1,,0.8572553079999999,6.87208366394043,17.18595314025879
reaction:1290,t-BuXPhos,0,,44.39407022,43.833961486816406,16.230833053588867
reaction:1291,t-BuXPhos,4,,53.10447809,49.07286834716797,16.468355178833008
reaction:1292,t-BuXPhos,4,,5.49871711,10.591960906982422,15.87182331085205
reaction:1293,t-BuXPhos,2,,68.26027768,64.813232421875,16.35560417175293
reaction:1294,t-BuXPhos,4,,67.19924832,69.09295654296875,16.44686508178711
reaction:1295,t-BuXPhos,0,,73.07610721,77.88467407226562,16.54570770263672
reaction:1296,t-BuXPhos,1,,81.15618498,87.63452911376953,17.45686912536621
reaction:1297,t-BuXPhos,1,,79.52732954,86.44934844970703,17.31406021118164
reaction:1298,t-BuXPhos,3,,39.62688642,24.62023162841797,16.66893196105957
reaction:1299,t-BuXPhos,2,,82.02772208,79.65370178222656,16.773700714111328
reaction:1300,t-BuXPhos,2,,86.76211847,78.84136199951172,16.48611831665039
reaction:1301,t-BuXPhos,1,,10.05139356,2.009143829345703,16.763427734375
reaction:1302,t-BuXPhos,4,,12.33593597,8.560073852539062,15.761443138122559
reaction:1303,t-BuXPhos,0,,10.49048013,12.892072677612305,16.611427307128906
reaction:1304,t-BuXPhos,1,,0.970983294,-10.297126770019531,16.63490867614746
reaction:1305,t-BuXPhos,1,,13.33701887,7.283960342407227,17.0198917388916
reaction:1306,t-BuXPhos,1,,17.14482537,12.518646240234375,17.012311935424805
reaction:1307,t-BuXPhos,3,,4.522238884,-2.728546142578125,15.622035026550293
reaction:1308,t-BuXPhos,4,,14.62829911,16.07178497314453,15.719232559204102
reaction:1309,t-BuXPhos,4,,13.95628888,26.047592163085938,16.127145767211914
reaction:1310,t-BuXPhos,4,,19.47556274,4.776847839355469,15.689579010009766
reaction:1311,t-BuXPhos,0,,21.66443641,28.123056411743164,15.369796752929688
reaction:1312,t-BuXPhos,0,,18.99441923,40.1129264831543,16.176124572753906
reaction:1313,t-BuXPhos,2,,12.14875689,10.03152847290039,16.05322265625
reaction:1314,t-BuXPhos,0,,14.44407911,22.73199462890625,15.440985679626465
reaction:1315,t-BuXPhos,0,,11.72782605,24.430519104003906,16.16182518005371
reaction:1316,t-BuXPhos,2,,0.330501293,1.7401046752929688,17.070358276367188
reaction:1317,t-BuXPhos,0,,5.800095284,9.289562225341797,16.61560821533203
reaction:1318,t-BuXPhos,1,,9.518190042,15.907991409301758,16.74811553955078
reaction:1319,t-BuXPhos,1,,0.0,-9.91891860961914,16.864870071411133
reaction:1320,t-BuXPhos,2,,6.77799041,8.981332778930664,17.132421493530273
reaction:1321,t-BuXPhos,0,,14.9053934,15.785755157470703,15.156719207763672
reaction:1322,t-BuXPhos,3,,0.0,-9.72894287109375,16.107236862182617
reaction:1323,t-BuXPhos,4,,12.68915479,17.255373001098633,15.649250984191895
reaction:1324,t-BuXPhos,3,,30.40581968,34.00366973876953,15.90973949432373
reaction:1325,t-BuXPhos,2,,8.246523526,17.864025115966797,15.906707763671875
reaction:1326,t-BuXPhos,2,,36.7072802,36.94548034667969,16.946500778198242
reaction:1327,t-BuXPhos,3,,54.29333472,38.83594512939453,15.429800987243652
reaction:1328,t-BuXPhos,4,,0.0,-3.0457916259765625,15.74117660522461
reaction:1329,t-BuXPhos,1,,19.13564251,26.601333618164062,16.604351043701172
reaction:1330,t-BuXPhos,0,,13.7385945,28.525684356689453,15.996747016906738
reaction:1331,t-BuXPhos,2,,0.419612341,8.417573928833008,16.919044494628906
reaction:1332,t-BuXPhos,0,,11.85943612,17.420677185058594,16.6112117767334
reaction:1333,t-BuXPhos,3,,33.82793233,24.886098861694336,16.17031478881836
reaction:1334,t-BuXPhos,3,,0.0,-2.4619598388671875,15.6404390335083
reaction:1335,t-BuXPhos,1,,13.87014343,17.29507064819336,16.723203659057617
reaction:1336,t-BuXPhos,1,,33.28584241,28.548744201660156,16.940515518188477
reaction:1337,t-BuXPhos,4,,0.0,0.7284393310546875,15.204416275024414
reaction:1338,t-BuXPhos,3,,24.59821074,29.886478424072266,14.551200866699219
reaction:1339,t-BuXPhos,2,,66.86881109,47.649696350097656,17.112590789794922
reaction:1340,t-BuXPhos,1,,14.03184959,40.47675323486328,15.892041206359863
reaction:1341,t-BuXPhos,4,,60.85990802,53.835044860839844,14.560872077941895
reaction:1342,t-BuXPhos,1,,80.53864746,67.8417739868164,17.011266708374023
reaction:1343,t-BuXPhos,0,,0.0,15.760576248168945,16.45879364013672
reaction:1344,t-BuXPhos,0,,46.74806516,41.670440673828125,15.51491928100586
reaction:1345,t-BuXPhos,0,,45.53588257,50.126243591308594,16.164583206176758
reaction:1346,t-BuXPhos,2,,21.18588073,35.0442008972168,15.730073928833008
reaction:1347,t-BuXPhos,3,,23.00642082,36.74738311767578,16.854129791259766
reaction:1348,t-BuXPhos,0,,39.51659226,41.943634033203125,16.38473129272461
reaction:1349,t-BuXPhos,0,,2.048615833,12.762357711791992,15.810209274291992
reaction:1350,t-BuXPhos,1,,44.92520247,50.181365966796875,16.84197425842285
reaction:1351,t-BuXPhos,3,,47.05254638,49.36474609375,16.251354217529297
reaction:1352,t-BuXPhos,2,,13.82100293,16.398944854736328,16.12116813659668
reaction:1353,t-BuXPhos,0,,72.6088082,64.57778930664062,16.258695602416992
reaction:1354,t-BuXPhos,3,,69.38989345,63.682762145996094,16.67085075378418
reaction:1355,t-BuXPhos,2,,62.426823,63.06743621826172,14.964136123657227
reaction:1356,t-BuXPhos,1,,76.21686958,69.2369384765625,16.898439407348633
reaction:1357,t-BuXPhos,4,,70.35430221,69.34683227539062,16.445064544677734
reaction:1358,t-BuXPhos,0,,59.99235473,37.14674377441406,16.019006729125977
reaction:1359,t-BuXPhos,2,,75.38356191,55.515602111816406,16.359935760498047
reaction:1360,t-BuXPhos,3,,78.29631742,64.76008605957031,16.925886154174805
reaction:1361,t-BuXPhos,0,,26.29043032,16.807706832885742,16.134687423706055
reaction:1362,t-BuXPhos,1,,34.77458228,30.560546875,16.543045043945312
reaction:1363,t-BuXPhos,0,,37.39782282,37.490699768066406,16.345687866210938
reaction:1364,t-BuXPhos,1,,0.96264489,0.018085479736328125,16.605976104736328
reaction:1365,t-BuXPhos,2,,39.32908802,39.24027633666992,16.533260345458984
reaction:1366,t-BuXPhos,1,,40.32887688,42.362483978271484,16.93531608581543
reaction:1367,t-BuXPhos,0,,4.451923676,2.385211944580078,16.270301818847656
reaction:1368,t-BuXPhos,4,,61.04819615,61.66269302368164,16.166189193725586
reaction:1369,t-BuXPhos,2,,59.7575144,67.95994567871094,16.462379455566406
reaction:1370,t-BuXPhos,3,,57.84627264,59.7764892578125,16.73793601989746
reaction:1371,t-BuXPhos,2,,65.93366748,71.33074951171875,16.18389129638672
reaction:1372,t-BuXPhos,2,,63.71103229,68.51490783691406,15.913313865661621
reaction:1373,t-BuXPhos,0,,38.01577432,26.45014762878418,16.061452865600586
reaction:1374,t-BuXPhos,3,,66.05788910000001,67.78152465820312,16.51487922668457
reaction:1375,t-BuXPhos,2,,62.40731324,73.08056640625,16.021800994873047
reaction:1376,t-BuXPhos,4,,28.72536954,23.92893409729004,16.37203025817871
reaction:1377,t-BuXPhos,2,,34.91231211,32.61001205444336,15.580305099487305
reaction:1378,t-BuXPhos,1,,45.90687609,43.451927185058594,16.321273803710938
reaction:1379,t-BuXPhos,3,,1.413781414,-0.6504974365234375,16.670185089111328
reaction:1380,t-BuXPhos,2,,50.43757677,45.20304870605469,16.408117294311523
reaction:1381,t-BuXPhos,2,,52.0133379,46.91242980957031,15.663463592529297
reaction:1382,t-BuXPhos,4,,5.620589612000001,6.51276969909668,15.740110397338867
reaction:1383,t-BuXPhos,3,,73.06292012,74.10789489746094,15.686250686645508
reaction:1384,t-BuXPhos,0,,75.59377488,76.01036071777344,16.33291244506836
reaction:1385,t-BuXPhos,0,,76.3025428,80.22762298583984,16.03078269958496
reaction:1386,t-BuXPhos,0,,80.02551627,88.83499145507812,15.366005897521973
reaction:1387,t-BuXPhos,4,,83.65366275,85.46033477783203,16.506179809570312
reaction:1388,t-BuXPhos,3,,45.11238212,39.387672424316406,17.059429168701172
reaction:1389,t-BuXPhos,2,,78.61845192,83.58419036865234,16.348310470581055
reaction:1390,t-BuXPhos,3,,84.40416295,84.72021484375,17.221500396728516
reaction:1391,t-BuXPhos,3,,8.912186757,-0.2647819519042969,16.516834259033203
reaction:1392,t-BuXPhos,4,,10.72342611,11.470836639404297,16.409055709838867
reaction:1393,t-BuXPhos,1,,11.81277895,13.198505401611328,16.78656578063965
reaction:1394,t-BuXPhos,3,,1.84960131,-11.303897857666016,16.432680130004883
reaction:1395,t-BuXPhos,4,,9.065649451,12.465696334838867,16.533531188964844
reaction:1396,t-BuXPhos,1,,13.83920399,14.569717407226562,17.18889045715332
reaction:1397,t-BuXPhos,4,,4.278834497,-7.191951751708984,15.756336212158203
reaction:1398,t-BuXPhos,4,,16.48404533,25.092456817626953,16.60923957824707
reaction:1399,t-BuXPhos,4,,17.45236147,22.772754669189453,16.964990615844727
reaction:1400,t-BuXPhos,0,,18.18990312,18.514162063598633,16.355899810791016
reaction:1401,t-BuXPhos,3,,23.65087488,29.63279914855957,15.247517585754395
reaction:1402,t-BuXPhos,1,,26.69194458,33.087364196777344,17.134859085083008
reaction:1403,t-BuXPhos,1,,8.194090633,10.903190612792969,15.605033874511719
reaction:1404,t-BuXPhos,1,,14.81646107,26.785930633544922,16.2832088470459
reaction:1405,t-BuXPhos,2,,16.67869351,25.927656173706055,16.70749282836914
reaction:1406,t-BuXPhos,3,,4.385154303,10.497783660888672,16.44365882873535
reaction:1407,t-BuXPhos,2,,27.07281953,23.855792999267578,16.064376831054688
reaction:1408,t-BuXPhos,2,,30.11809644,29.74677848815918,16.835792541503906
reaction:1409,t-BuXPhos,0,,0.0,3.821258544921875,16.119873046875
reaction:1410,t-BuXPhos,3,,25.94022732,19.732654571533203,16.134254455566406
reaction:1411,t-BuXPhos,1,,35.19969401,32.05946731567383,17.05935287475586
reaction:1412,t-BuXPhos,0,,0.478819391,7.974489212036133,16.55154800415039
reaction:1413,t-BuXPhos,1,,47.92550874,34.30988693237305,16.645082473754883
reaction:1414,t-BuXPhos,2,,50.62222146,49.87853240966797,17.101892471313477
reaction:1415,t-BuXPhos,4,,38.10999093,40.32743453979492,16.04503059387207
reaction:1416,t-BuXPhos,1,,54.30595244,50.48802185058594,17.02519989013672
reaction:1417,t-BuXPhos,0,,57.95225277,54.751766204833984,16.039758682250977
reaction:1418,t-BuXPhos,4,,3.496970929,12.412187576293945,16.623058319091797
reaction:1419,t-BuXPhos,4,,46.50216111,47.2778434753418,16.21596908569336
reaction:1420,t-BuXPhos,3,,49.89638876,51.009376525878906,16.878662109375
reaction:1421,t-BuXPhos,4,,14.03295033,22.587961196899414,16.56879425048828
reaction:1422,t-BuXPhos,4,,33.32323005,35.567440032958984,16.742002487182617
reaction:1423,t-BuXPhos,4,,44.03901684,43.644657135009766,16.14194107055664
reaction:1424,t-BuXPhos,3,,4.510108394,5.142681121826172,16.58453941345215
reaction:1425,t-BuXPhos,2,,31.15457228,34.99932098388672,17.046409606933594
reaction:1426,t-BuXPhos,2,,42.55967392,44.848819732666016,16.790546417236328
reaction:1427,t-BuXPhos,4,,16.12823791,9.926445007324219,16.064851760864258
reaction:1428,t-BuXPhos,4,,58.864107,58.572044372558594,16.75366973876953
reaction:1429,t-BuXPhos,0,,61.87528527,64.13023376464844,16.39665412902832
reaction:1430,t-BuXPhos,1,,63.35366236,62.44532012939453,15.997008323669434
reaction:1431,t-BuXPhos,2,,81.85780625,69.87606811523438,17.20342254638672
reaction:1432,t-BuXPhos,3,,86.21496371,82.27982330322266,16.083112716674805
reaction:1433,t-BuXPhos,2,,26.57993699,27.463058471679688,16.396026611328125
reaction:1434,t-BuXPhos,4,,73.72948461,65.17652893066406,15.9986572265625
reaction:1435,t-BuXPhos,2,,77.85078652,73.18035888671875,17.032814025878906
reaction:1436,t-BuBrettPhos,4,,3.167837071,-7.430149078369141,12.963953971862793
reaction:1437,t-BuBrettPhos,3,,1.983204496,-1.1100730895996094,14.072206497192383
reaction:1438,t-BuBrettPhos,2,,2.106143629,5.291362762451172,13.468083381652832
reaction:1439,t-BuBrettPhos,2,,0.295056228,-8.797004699707031,13.207906723022461
reaction:1440,t-BuBrettPhos,0,,9.853260903,10.365280151367188,13.668188095092773
reaction:1441,t-BuBrettPhos,3,,9.685019183,15.109451293945312,13.232784271240234
reaction:1442,t-BuBrettPhos,0,,2.658633939,-11.366313934326172,13.940437316894531
reaction:1443,t-BuBrettPhos,3,,14.46737016,22.50249481201172,13.520760536193848
reaction:1444,t-BuBrettPhos,1,,17.15607423,24.38176918029785,13.767948150634766
reaction:1445,t-BuBrettPhos,3,,28.40072634,30.095354080200195,13.627767562866211
reaction:1446,t-BuBrettPhos,2,,32.01759643,36.85566711425781,13.31661319732666
reaction:1447,t-BuBrettPhos,3,,39.75657581,36.14425277709961,13.683733940124512
reaction:1448,t-BuBrettPhos,0,,1.859601121,-6.748382568359375,13.528037071228027
reaction:1449,t-BuBrettPhos,0,,3.947187556,12.86175537109375,12.896827697753906
reaction:1450,t-BuBrettPhos,4,,5.007207988,14.121400833129883,13.654218673706055
reaction:1451,t-BuBrettPhos,3,,2.874679313,10.454813003540039,13.761605262756348
reaction:1452,t-BuBrettPhos,3,,28.48464058,27.56795883178711,13.925909996032715
reaction:1453,t-BuBrettPhos,4,,35.59381518,35.80813217163086,13.01317024230957
reaction:1454,t-BuBrettPhos,4,,0.0,7.248781204223633,13.380425453186035
reaction:1455,t-BuBrettPhos,0,,19.70724871,26.00904083251953,13.518153190612793
reaction:1456,t-BuBrettPhos,0,,37.2145199,36.29907989501953,13.516979217529297
reaction:1457,t-BuBrettPhos,1,,5.4796607260000005,6.901529312133789,13.805583000183105
reaction:1458,t-BuBrettPhos,0,,38.82629912,43.34569549560547,13.777670860290527
reaction:1459,t-BuBrettPhos,0,,64.96884309,54.9194450378418,13.400341033935547
reaction:1460,t-BuBrettPhos,4,,42.31281665,42.22210693359375,13.21462345123291
reaction:1461,t-BuBrettPhos,3,,57.9744807,50.716087341308594,13.459684371948242
reaction:1462,t-BuBrettPhos,1,,65.15148191,55.734588623046875,13.687784194946289
reaction:1463,t-BuBrettPhos,3,,3.551606076,10.92599868774414,13.536958694458008
reaction:1464,t-BuBrettPhos,2,,53.91867484,52.337120056152344,13.253560066223145
reaction:1465,t-BuBrettPhos,1,,62.34681732,55.541709899902344,13.197619438171387
reaction:1466,t-BuBrettPhos,2,,4.68080841,16.21409797668457,13.927291870117188
reaction:1467,t-BuBrettPhos,1,,29.59583126,35.651390075683594,13.941325187683105
reaction:1468,t-BuBrettPhos,0,,43.56818344,46.878395080566406,13.405162811279297
reaction:1469,t-BuBrettPhos,1,,0.0,5.35606575012207,13.689191818237305
reaction:1470,t-BuBrettPhos,0,,35.46998729,42.2879524230957,13.441987037658691
reaction:1471,t-BuBrettPhos,2,,49.74093184,49.6905517578125,13.807944297790527
reaction:1472,t-BuBrettPhos,1,,5.688672061,14.338136672973633,13.976484298706055
reaction:1473,t-BuBrettPhos,2,,64.99704829,64.08779907226562,13.871539115905762
reaction:1474,t-BuBrettPhos,1,,75.71719698,75.01980590820312,13.834391593933105
reaction:1475,t-BuBrettPhos,1,,77.92695821,70.81280517578125,13.864481925964355
reaction:1476,t-BuBrettPhos,4,,88.82757824,79.11112213134766,13.598712921142578
reaction:1477,t-BuBrettPhos,0,,84.31065923,92.36029052734375,13.455756187438965
reaction:1478,t-BuBrettPhos,2,,8.955957809,20.317596435546875,13.700136184692383
reaction:1479,t-BuBrettPhos,3,,80.64990682,67.5905532836914,13.7215576171875
reaction:1480,t-BuBrettPhos,4,,92.20931063,83.54118347167969,13.559479713439941
reaction:1481,t-BuBrettPhos,3,,2.887815395,-1.7555999755859375,13.394387245178223
reaction:1482,t-BuBrettPhos,1,,11.65626027,3.552366256713867,13.638750076293945
reaction:1483,t-BuBrettPhos,0,,12.51034862,6.111886978149414,13.0367431640625
reaction:1484,t-BuBrettPhos,2,,0.1532427999999999,-1.7564010620117188,12.86775016784668
reaction:1485,t-BuBrettPhos,1,,10.4212352,4.945075988769531,13.751254081726074
reaction:1486,t-BuBrettPhos,3,,15.44371593,13.074165344238281,12.907713890075684
reaction:1487,t-BuBrettPhos,3,,1.034854608,0.2989349365234375,12.894474029541016
reaction:1488,t-BuBrettPhos,1,,15.70792465,12.293292999267578,13.216043472290039
reaction:1489,t-BuBrettPhos,0,,11.23128528,34.90990447998047,13.164142608642578
reaction:1490,t-BuBrettPhos,0,,13.20129952,23.755725860595703,13.412370681762695
reaction:1491,t-BuBrettPhos,4,,14.46827704,19.59373664855957,13.258878707885742
reaction:1492,t-BuBrettPhos,0,,13.88482007,31.876434326171875,12.62914752960205
reaction:1493,t-BuBrettPhos,3,,6.968372781,-2.820476531982422,13.647491455078125
reaction:1494,t-BuBrettPhos,3,,15.40870509,-0.8013534545898438,13.651542663574219
reaction:1495,t-BuBrettPhos,3,,14.85665703,0.10858917236328125,13.785345077514648
reaction:1496,t-BuBrettPhos,1,,0.0,0.6156539916992188,13.599363327026367
reaction:1497,t-BuBrettPhos,3,,4.220973073,8.820934295654297,13.750334739685059
reaction:1498,t-BuBrettPhos,3,,11.98186799,18.387252807617188,13.797425270080566
reaction:1499,t-BuBrettPhos,1,,0.0,-1.9339370727539062,13.6216459274292
reaction:1500,t-BuBrettPhos,0,,3.378377543,3.143159866333008,13.356500625610352
reaction:1501,t-BuBrettPhos,2,,15.30703648,15.098386764526367,13.548754692077637
reaction:1502,t-BuBrettPhos,2,,3.549284452,-3.604755401611328,13.425695419311523
reaction:1503,t-BuBrettPhos,1,,7.705318498,9.949197769165039,13.330120086669922
reaction:1504,t-BuBrettPhos,4,,41.94054392,29.34619140625,13.8433837890625
reaction:1505,t-BuBrettPhos,0,,9.609943508,10.320396423339844,13.57668399810791
reaction:1506,t-BuBrettPhos,3,,15.35251148,17.84618377685547,13.401472091674805
reaction:1507,t-BuBrettPhos,4,,43.16671419,31.209739685058594,13.75017261505127
reaction:1508,t-BuBrettPhos,3,,0.0,-3.0466041564941406,13.859698295593262
reaction:1509,t-BuBrettPhos,4,,11.61765415,16.911245346069336,13.681299209594727
reaction:1510,t-BuBrettPhos,3,,12.24697181,15.357389450073242,13.70267105102539
reaction:1511,t-BuBrettPhos,1,,0.413827697,3.2064685821533203,13.504799842834473
reaction:1512,t-BuBrettPhos,1,,9.508022367,15.559488296508789,13.634920120239258
reaction:1513,t-BuBrettPhos,0,,32.14841463,21.466697692871094,13.131074905395508
reaction:1514,t-BuBrettPhos,2,,0.0,-2.4234771728515625,13.514860153198242
reaction:1515,t-BuBrettPhos,2,,7.275251821,11.684745788574219,13.417607307434082
reaction:1516,t-BuBrettPhos,2,,35.33585167,31.159351348876953,13.729111671447754
reaction:1517,t-BuBrettPhos,1,,3.20619178,1.7142162322998047,13.566547393798828
reaction:1518,t-BuBrettPhos,2,,16.32124134,22.47545623779297,13.53192138671875
reaction:1519,t-BuBrettPhos,4,,73.16269955,57.018775939941406,13.419928550720215
reaction:1520,t-BuBrettPhos,4,,21.81045338,28.182525634765625,13.400641441345215
reaction:1521,t-BuBrettPhos,0,,48.23235239,44.1193733215332,12.677284240722656
reaction:1522,t-BuBrettPhos,3,,78.78970759,71.26756286621094,13.151631355285645
reaction:1523,t-BuBrettPhos,0,,0.0,2.9233150482177734,13.22243881225586
reaction:1524,t-BuBrettPhos,4,,12.90161423,33.75126266479492,13.202296257019043
reaction:1525,t-BuBrettPhos,1,,26.6793303,48.54183578491211,12.856733322143555
reaction:1526,t-BuBrettPhos,3,,8.171441333999999,12.356819152832031,13.249776840209961
reaction:1527,t-BuBrettPhos,2,,19.65092582,20.645648956298828,12.367384910583496
reaction:1528,t-BuBrettPhos,1,,39.13544884,35.483055114746094,13.897781372070312
reaction:1529,t-BuBrettPhos,4,,0.0,4.704456329345703,13.680373191833496
reaction:1530,t-BuBrettPhos,0,,47.81434881,47.166114807128906,13.472099304199219
reaction:1531,t-BuBrettPhos,4,,48.36396181,44.74109649658203,13.632195472717285
reaction:1532,t-BuBrettPhos,1,,1.372286353,10.304632186889648,13.7898530960083
reaction:1533,t-BuBrettPhos,3,,67.28395541,66.7331314086914,13.109827041625977
reaction:1534,t-BuBrettPhos,1,,74.23518284,63.76683807373047,13.977008819580078
reaction:1535,t-BuBrettPhos,0,,73.53944548,64.66482543945312,13.463963508605957
reaction:1536,t-BuBrettPhos,0,,79.65524299,68.08335876464844,13.208846092224121
reaction:1537,t-BuBrettPhos,2,,84.58893866,75.08393859863281,13.507803916931152
reaction:1538,t-BuBrettPhos,3,,8.990373152,18.736927032470703,13.261881828308105
reaction:1539,t-BuBrettPhos,2,,48.47717448,43.625221252441406,13.422863006591797
reaction:1540,t-BuBrettPhos,4,,70.14574928,63.03068542480469,13.727645874023438
reaction:1541,t-BuBrettPhos,3,,16.06858475,12.96044921875,13.353816986083984
reaction:1542,t-BuBrettPhos,1,,33.41994964,32.837646484375,13.687392234802246
reaction:1543,t-BuBrettPhos,1,,36.38014621,38.30896759033203,13.92151927947998
reaction:1544,t-BuBrettPhos,4,,0.35921569,3.7213401794433594,13.710845947265625
reaction:1545,t-BuBrettPhos,0,,38.49679424,37.77156448364258,13.240809440612793
reaction:1546,t-BuBrettPhos,1,,40.47969677,40.95130157470703,13.771434783935547
reaction:1547,t-BuBrettPhos,0,,5.094725505,2.847288131713867,13.365645408630371
reaction:1548,t-BuBrettPhos,1,,59.16896654,56.38542175292969,13.419529914855957
reaction:1549,t-BuBrettPhos,1,,65.19833527,66.60484313964844,13.853169441223145
reaction:1550,t-BuBrettPhos,2,,57.83107149,54.156585693359375,13.659453392028809
reaction:1551,t-BuBrettPhos,4,,62.53871196,64.84276580810547,13.698336601257324
reaction:1552,t-BuBrettPhos,2,,65.59087383,62.65296936035156,13.629183769226074
reaction:1553,t-BuBrettPhos,0,,21.23653704,14.774520874023438,13.090400695800781
reaction:1554,t-BuBrettPhos,2,,61.27839379,61.500892639160156,13.539206504821777
reaction:1555,t-BuBrettPhos,2,,63.81281277,75.26947021484375,13.584174156188965
reaction:1556,t-BuBrettPhos,3,,14.2414228,15.752887725830078,13.68559741973877
reaction:1557,t-BuBrettPhos,0,,33.56777138,36.360721588134766,13.539995193481445
reaction:1558,t-BuBrettPhos,3,,45.52244321,49.24870300292969,13.904942512512207
reaction:1559,t-BuBrettPhos,2,,0.49264217,1.564453125,13.160157203674316
reaction:1560,t-BuBrettPhos,2,,52.14134094,48.61021423339844,13.34984016418457
reaction:1561,t-BuBrettPhos,3,,49.57379186,53.67737579345703,13.627676963806152
reaction:1562,t-BuBrettPhos,1,,7.18319285,5.5745391845703125,13.70157241821289
reaction:1563,t-BuBrettPhos,4,,75.03674068,75.49169158935547,13.507681846618652
reaction:1564,t-BuBrettPhos,2,,79.76639273,81.14349365234375,13.408928871154785
reaction:1565,t-BuBrettPhos,0,,79.07949659,79.64437866210938,13.524517059326172
reaction:1566,t-BuBrettPhos,4,,86.78620377,92.91629028320312,13.647887229919434
reaction:1567,t-BuBrettPhos,3,,89.32312927,94.98339080810547,13.63388729095459
reaction:1568,t-BuBrettPhos,4,,20.99661905,18.731863021850586,13.637008666992188
reaction:1569,t-BuBrettPhos,3,,86.07412603,80.79313659667969,13.916431427001953
reaction:1570,t-BuBrettPhos,2,,93.58777419,94.6260986328125,13.284648895263672
reaction:1571,t-BuBrettPhos,3,,6.945630992999999,-0.6066131591796875,13.442764282226562
reaction:1572,t-BuBrettPhos,1,,8.368171473,2.4508838653564453,13.85251522064209
reaction:1573,t-BuBrettPhos,1,,10.75855339,9.3966064453125,13.75909423828125
reaction:1574,t-BuBrettPhos,3,,0.5287626999999999,-4.536006927490234,13.601668357849121
reaction:1575,t-BuBrettPhos,1,,9.492103343,6.500284194946289,14.135762214660645
reaction:1576,t-BuBrettPhos,1,,12.42396719,13.984527587890625,13.757163047790527
reaction:1577,t-BuBrettPhos,1,,3.257714985,2.275667190551758,13.851263046264648
reaction:1578,t-BuBrettPhos,4,,15.67304028,15.175687789916992,13.630122184753418
reaction:1579,t-BuBrettPhos,3,,16.97838607,26.332298278808594,13.525094985961914
reaction:1580,t-BuBrettPhos,4,,16.31613355,18.376340866088867,13.43203353881836
reaction:1581,t-BuBrettPhos,2,,19.93006899,24.807451248168945,13.396059036254883
reaction:1582,t-BuBrettPhos,2,,24.6686189,31.419431686401367,13.580784797668457
reaction:1583,t-BuBrettPhos,3,,7.371601311,-0.880859375,13.688911437988281
reaction:1584,t-BuBrettPhos,4,,10.88559026,8.437469482421875,13.494580268859863
reaction:1585,t-BuBrettPhos,0,,13.183779800000002,13.256223678588867,13.363149642944336
reaction:1586,t-BuBrettPhos,0,,0.8718207459999999,3.2985706329345703,13.798599243164062
reaction:1587,t-BuBrettPhos,2,,10.20185762,14.042654037475586,13.16898250579834
reaction:1588,t-BuBrettPhos,2,,28.77460219,25.068838119506836,13.680414199829102
reaction:1589,t-BuBrettPhos,4,,0.0,1.2958946228027344,13.519126892089844
reaction:1590,t-BuBrettPhos,1,,4.728362295,9.753551483154297,13.701178550720215
reaction:1591,t-BuBrettPhos,0,,35.24488191,24.841876983642578,13.572911262512207
reaction:1592,t-BuBrettPhos,0,,4.103392125,3.056905746459961,13.944648742675781
reaction:1593,t-BuBrettPhos,0,,10.36729294,19.18133544921875,13.748272895812988
reaction:1594,t-BuBrettPhos,0,,56.21933491,43.50531768798828,13.27973747253418
reaction:1595,t-BuBrettPhos,0,,13.57914578,16.293724060058594,13.778587341308594
reaction:1596,t-BuBrettPhos,4,,24.95867786,22.115066528320312,13.488533973693848
reaction:1597,t-BuBrettPhos,2,,49.7806525,37.70262908935547,13.555859565734863
reaction:1598,t-BuBrettPhos,3,,0.0,1.5760250091552734,13.81102466583252
reaction:1599,t-BuBrettPhos,4,,26.20309393,30.457841873168945,13.961443901062012
reaction:1600,t-BuBrettPhos,4,,40.57039192,39.97149658203125,13.69267749786377
reaction:1601,t-BuBrettPhos,2,,7.387205125,12.059686660766602,13.774153709411621
reaction:1602,t-BuBrettPhos,2,,22.3492694,26.18136215209961,13.35879135131836
reaction:1603,t-BuBrettPhos,1,,47.05511825,40.115638732910156,13.658659934997559
reaction:1604,t-BuBrettPhos,1,,0.987020024,2.7920894622802734,13.566407203674316
reaction:1605,t-BuBrettPhos,1,,17.55880282,22.965919494628906,13.786703109741211
reaction:1606,t-BuBrettPhos,0,,43.58283319,38.08787536621094,13.336405754089355
reaction:1607,t-BuBrettPhos,2,,12.47762059,9.089324951171875,13.417572975158691
reaction:1608,t-BuBrettPhos,0,,32.02304313,40.10564422607422,13.6954345703125
reaction:1609,t-BuBrettPhos,0,,72.70979963,64.20921325683594,13.694304466247559
reaction:1610,t-BuBrettPhos,0,,36.05565123,46.890750885009766,13.609721183776855
reaction:1611,t-BuBrettPhos,2,,46.16924796,53.35719680786133,13.8215970993042
reaction:1612,t-BuBrettPhos,4,,87.75322874,76.28504180908203,13.663834571838379
reaction:1613,t-BuBrettPhos,3,,24.93118771,12.291015625,13.571396827697754
reaction:1614,t-BuBrettPhos,2,,45.52509107,51.375328063964844,13.806244850158691
reaction:1615,t-BuBrettPhos,4,,70.18702806,65.48987579345703,13.659825325012207
reaction:1616,AdBrettPhos,0,,1.918248424,-9.280033111572266,13.596295356750488
reaction:1617,AdBrettPhos,3,,2.933858815,-3.6274261474609375,14.142951965332031
reaction:1618,AdBrettPhos,0,,3.446957245,4.245115280151367,13.650354385375977
reaction:1619,AdBrettPhos,1,,0.0,-9.491195678710938,13.575676918029785
reaction:1620,AdBrettPhos,1,,7.829216765,8.362874984741211,14.00800609588623
reaction:1621,AdBrettPhos,3,,11.24955158,15.253873825073242,13.305627822875977
reaction:1622,AdBrettPhos,0,,0.628858286,-13.66680908203125,13.948113441467285
reaction:1623,AdBrettPhos,0,,12.30029297,17.501327514648438,13.71533489227295
reaction:1624,AdBrettPhos,3,,17.30024922,25.204547882080078,13.58700942993164
reaction:1625,AdBrettPhos,1,,17.08713871,22.296588897705078,13.833285331726074
reaction:1626,AdBrettPhos,4,,21.75875381,28.273059844970703,13.213897705078125
reaction:1627,AdBrettPhos,1,,27.05720868,34.28739929199219,13.886845588684082
reaction:1628,AdBrettPhos,1,,2.029011587,-7.4899749755859375,13.573038101196289
reaction:1629,AdBrettPhos,4,,3.679918653,9.08746337890625,13.35733413696289
reaction:1630,AdBrettPhos,0,,5.39705828,14.874153137207031,13.389949798583984
reaction:1631,AdBrettPhos,3,,3.399446884,6.39616584777832,13.822340965270996
reaction:1632,AdBrettPhos,3,,24.03126631,23.116952896118164,13.999680519104004
reaction:1633,AdBrettPhos,2,,37.04718214,32.22359848022461,13.672927856445312
reaction:1634,AdBrettPhos,4,,0.0,5.125984191894531,13.40046501159668
reaction:1635,AdBrettPhos,4,,20.36820588,19.99268341064453,12.968123435974121
reaction:1636,AdBrettPhos,0,,37.1376218,34.30687713623047,13.520371437072754
reaction:1637,AdBrettPhos,3,,0.375286042,2.2278823852539062,13.61497974395752
reaction:1638,AdBrettPhos,0,,34.22216946,36.536434173583984,13.877708435058594
reaction:1639,AdBrettPhos,0,,60.33199916,51.03353500366211,13.551223754882812
reaction:1640,AdBrettPhos,4,,28.41978949,31.511869430541992,13.281373023986816
reaction:1641,AdBrettPhos,3,,37.45572206,39.32889175415039,13.483843803405762
reaction:1642,AdBrettPhos,4,,46.33728613,52.8549919128418,13.458216667175293
reaction:1643,AdBrettPhos,4,,3.063860217,4.178117752075195,13.321850776672363
reaction:1644,AdBrettPhos,4,,43.8122723,46.68583679199219,13.372735977172852
reaction:1645,AdBrettPhos,4,,54.92415457,56.89195251464844,13.092153549194336
reaction:1646,AdBrettPhos,1,,7.259820865,11.741874694824219,13.922099113464355
reaction:1647,AdBrettPhos,2,,29.47262424,33.53434371948242,13.433300971984863
reaction:1648,AdBrettPhos,3,,47.11942721,45.172847747802734,13.735628128051758
reaction:1649,AdBrettPhos,2,,0.382305168,5.652172088623047,13.769582748413086
reaction:1650,AdBrettPhos,2,,42.90896956,35.842777252197266,13.878260612487793
reaction:1651,AdBrettPhos,4,,50.10463357,48.498512268066406,13.570168495178223
reaction:1652,AdBrettPhos,1,,1.379250532,12.08420181274414,13.937935829162598
reaction:1653,AdBrettPhos,4,,66.71317285,55.01415252685547,13.464045524597168
reaction:1654,AdBrettPhos,2,,76.22505116,72.85408020019531,14.006610870361328
reaction:1655,AdBrettPhos,1,,70.04834525,62.02127456665039,13.888144493103027
reaction:1656,AdBrettPhos,4,,82.57086092,73.13085174560547,13.542790412902832
reaction:1657,AdBrettPhos,2,,90.31730943,83.7549819946289,13.97154426574707
reaction:1658,AdBrettPhos,0,,11.31144666,13.901216506958008,13.52854061126709
reaction:1659,AdBrettPhos,3,,79.68761126,63.253211975097656,13.782559394836426
reaction:1660,AdBrettPhos,3,,91.69839995,82.39558410644531,13.466080665588379
reaction:1661,AdBrettPhos,4,,1.069060713,-2.98614501953125,13.237317085266113
reaction:1662,AdBrettPhos,0,,5.105134806000001,0.9225654602050781,12.975164413452148
reaction:1663,AdBrettPhos,4,,3.280980517,8.937904357910156,13.070175170898438
reaction:1664,AdBrettPhos,3,,0.0,-2.6378173828125,13.631080627441406
reaction:1665,AdBrettPhos,4,,3.302452152,5.868019104003906,13.349823951721191
reaction:1666,AdBrettPhos,0,,11.0075153,16.196054458618164,12.687736511230469
reaction:1667,AdBrettPhos,1,,0.8366448879999999,-3.48529052734375,13.615983963012695
reaction:1668,AdBrettPhos,3,,7.242678118,9.558208465576172,13.52033805847168
reaction:1669,AdBrettPhos,0,,7.957289224,32.407283782958984,13.205273628234863
reaction:1670,AdBrettPhos,0,,5.427048525,14.84337043762207,13.368903160095215
reaction:1671,AdBrettPhos,2,,4.952408524,13.55426025390625,12.746260643005371
reaction:1672,AdBrettPhos,3,,6.244420827999999,20.550796508789062,13.712920188903809
reaction:1673,AdBrettPhos,1,,0.750246803,-2.1629905700683594,13.406859397888184
reaction:1674,AdBrettPhos,1,,5.82300352,-3.251861572265625,13.160002708435059
reaction:1675,AdBrettPhos,3,,6.214566797000001,1.0465660095214844,13.85842227935791
reaction:1676,AdBrettPhos,3,,0.0,-7.602275848388672,13.831287384033203
reaction:1677,AdBrettPhos,1,,3.160193721,2.2999801635742188,13.64926528930664
reaction:1678,AdBrettPhos,3,,8.104754995,14.932756423950195,13.980299949645996
reaction:1679,AdBrettPhos,0,,0.0,-4.538715362548828,13.210741996765137
reaction:1680,AdBrettPhos,3,,2.004686227,-3.4293899536132812,13.157465934753418
reaction:1681,AdBrettPhos,4,,6.894237827,15.801855087280273,13.556601524353027
reaction:1682,AdBrettPhos,2,,0.0,-8.157726287841797,13.54173469543457
reaction:1683,AdBrettPhos,3,,4.677881799,-0.15807342529296875,13.683611869812012
reaction:1684,AdBrettPhos,0,,16.33859929,38.9971923828125,13.251513481140137
reaction:1685,AdBrettPhos,3,,3.547951578,-6.964752197265625,13.929300308227539
reaction:1686,AdBrettPhos,2,,7.467378263,6.037433624267578,13.452488899230957
reaction:1687,AdBrettPhos,2,,15.10235685,29.481945037841797,13.72817611694336
reaction:1688,AdBrettPhos,3,,0.0,-8.944068908691406,13.984110832214355
reaction:1689,AdBrettPhos,3,,6.275458681,8.94647216796875,13.911706924438477
reaction:1690,AdBrettPhos,1,,6.702513015,17.46710777282715,13.038790702819824
reaction:1691,AdBrettPhos,0,,0.299153601,-2.283283233642578,12.814826011657715
reaction:1692,AdBrettPhos,1,,6.9479336,12.980632781982422,13.757193565368652
reaction:1693,AdBrettPhos,0,,39.56647024,20.98910140991211,13.108901977539062
reaction:1694,AdBrettPhos,2,,0.0,-2.8335533142089844,13.554483413696289
reaction:1695,AdBrettPhos,1,,4.988380083,10.417098999023438,13.439579010009766
reaction:1696,AdBrettPhos,0,,39.27719826,28.91106414794922,12.490520477294922
reaction:1697,AdBrettPhos,0,,0.0,-3.1866226196289062,13.145479202270508
reaction:1698,AdBrettPhos,1,,10.46965924,19.195709228515625,13.45182991027832
reaction:1699,AdBrettPhos,1,,70.2716235,54.289817810058594,13.440069198608398
reaction:1700,AdBrettPhos,0,,13.55922704,20.4725341796875,13.091263771057129
reaction:1701,AdBrettPhos,0,,36.35900481,38.41387176513672,12.458486557006836
reaction:1702,AdBrettPhos,2,,79.01720716,65.39326477050781,13.75676155090332
reaction:1703,AdBrettPhos,1,,0.0,-3.183979034423828,13.264395713806152
reaction:1704,AdBrettPhos,3,,14.39054676,23.881637573242188,13.59640121459961
reaction:1705,AdBrettPhos,4,,47.30915738,35.30541229248047,13.29831314086914
reaction:1706,AdBrettPhos,2,,1.831351486,10.89739990234375,13.38546371459961
reaction:1707,AdBrettPhos,1,,9.025273637,20.768949508666992,14.008030891418457
reaction:1708,AdBrettPhos,1,,31.74709006,34.737525939941406,14.085906028747559
reaction:1709,AdBrettPhos,1,,0.0,3.488210678100586,13.746543884277344
reaction:1710,AdBrettPhos,4,,45.98289688,44.46975326538086,13.608443260192871
reaction:1711,AdBrettPhos,1,,46.93920076,47.09846878051758,13.918935775756836
reaction:1712,AdBrettPhos,0,,0.66547915,3.3287601470947266,13.533077239990234
reaction:1713,AdBrettPhos,1,,61.80395318,63.87925338745117,13.633691787719727
reaction:1714,AdBrettPhos,1,,68.3339655,63.624507904052734,14.136385917663574
reaction:1715,AdBrettPhos,0,,70.41045785,54.0267448425293,13.45925235748291
reaction:1716,AdBrettPhos,0,,77.6347291,60.782989501953125,13.323471069335938
reaction:1717,AdBrettPhos,4,,79.76966371,66.61605834960938,13.646681785583496
reaction:1718,AdBrettPhos,4,,1.779970363,17.797414779663086,13.583481788635254
reaction:1719,AdBrettPhos,1,,31.49662818,46.30854034423828,13.425640106201172
reaction:1720,AdBrettPhos,0,,70.31871872,62.23752975463867,13.216371536254883
reaction:1721,AdBrettPhos,2,,9.550418032,8.616186141967773,13.772784233093262
reaction:1722,AdBrettPhos,0,,33.30841773,24.435401916503906,13.332366943359375
reaction:1723,AdBrettPhos,4,,34.84480888,34.008644104003906,13.599024772644043
reaction:1724,AdBrettPhos,3,,0.319224301,-3.530132293701172,13.150989532470703
reaction:1725,AdBrettPhos,1,,31.39385907,33.44634246826172,13.776548385620117
reaction:1726,AdBrettPhos,4,,35.25588385,39.17921447753906,13.751486778259277
reaction:1727,AdBrettPhos,0,,1.279456438,-3.5919647216796875,13.42956256866455
reaction:1728,AdBrettPhos,3,,50.41927701,48.715797424316406,13.024702072143555
reaction:1729,AdBrettPhos,1,,57.65452227,61.71089172363281,13.946710586547852
reaction:1730,AdBrettPhos,2,,33.09635306,43.39340591430664,13.784465789794922
reaction:1731,AdBrettPhos,4,,40.91072057,52.692893981933594,13.626327514648438
reaction:1732,AdBrettPhos,1,,46.38749412,58.596153259277344,13.8440523147583
reaction:1733,AdBrettPhos,2,,13.31813914,10.381574630737305,13.492769241333008
reaction:1734,AdBrettPhos,3,,53.12382569,53.641807556152344,13.378303527832031
reaction:1735,AdBrettPhos,2,,57.26273694,71.09417724609375,13.757572174072266
reaction:1736,AdBrettPhos,1,,10.68115857,12.056711196899414,13.853650093078613
reaction:1737,AdBrettPhos,1,,33.95037625,33.899051666259766,13.918771743774414
reaction:1738,AdBrettPhos,1,,47.09445645,47.645118713378906,13.902749061584473
reaction:1739,AdBrettPhos,0,,0.492662711,0.8001060485839844,13.455483436584473
reaction:1740,AdBrettPhos,4,,48.41843845,47.56852722167969,13.34245491027832
reaction:1741,AdBrettPhos,3,,50.21013597,53.09953308105469,13.648102760314941
reaction:1742,AdBrettPhos,2,,1.542228309,2.6127147674560547,13.240303039550781
reaction:1743,AdBrettPhos,1,,74.39518038,69.35624694824219,13.771915435791016
reaction:1744,AdBrettPhos,0,,76.98654081,81.54449462890625,13.576640129089355
reaction:1745,AdBrettPhos,0,,75.55480498,68.13442993164062,13.648009300231934
reaction:1746,AdBrettPhos,0,,87.36384149,78.2725830078125,13.040776252746582
reaction:1747,AdBrettPhos,0,,86.76065944,88.83720397949219,13.46915340423584
reaction:1748,AdBrettPhos,0,,11.83956232,16.192052841186523,13.660852432250977
reaction:1749,AdBrettPhos,0,,83.80386815,72.65579223632812,12.708661079406738
reaction:1750,AdBrettPhos,3,,92.12702212,91.36548614501953,13.734577178955078
reaction:1751,AdBrettPhos,2,,3.449624718,-2.967670440673828,13.691574096679688
reaction:1752,AdBrettPhos,2,,3.932288397,-0.5571479797363281,12.887372970581055
reaction:1753,AdBrettPhos,0,,5.419599738,10.262886047363281,13.687320709228516
reaction:1754,AdBrettPhos,1,,0.0,-4.0651397705078125,13.788134574890137
reaction:1755,AdBrettPhos,0,,4.7783658,5.007297515869141,13.736891746520996
reaction:1756,AdBrettPhos,4,,8.071196301,16.51679039001465,13.560381889343262
reaction:1757,AdBrettPhos,3,,0.526967727,-2.7788925170898438,13.155845642089844
reaction:1758,AdBrettPhos,1,,9.746425367,9.759754180908203,13.518091201782227
reaction:1759,AdBrettPhos,1,,14.43785417,23.748554229736328,13.960105895996094
reaction:1760,AdBrettPhos,3,,8.586375019,9.480165481567383,13.764734268188477
reaction:1761,AdBrettPhos,0,,11.06445724,15.434619903564453,13.586645126342773
reaction:1762,AdBrettPhos,0,,15.42196799,25.477081298828125,13.18921947479248
reaction:1763,AdBrettPhos,0,,2.238996806,-0.49542999267578125,13.504892349243164
reaction:1764,AdBrettPhos,0,,8.862814973999999,-0.08737564086914062,12.876611709594727
reaction:1765,AdBrettPhos,1,,10.829637599999998,13.112878799438477,13.208308219909668
reaction:1766,AdBrettPhos,4,,0.432282788,-4.474056243896484,13.706058502197266
reaction:1767,AdBrettPhos,0,,4.469322068,7.846284866333008,13.75960636138916
reaction:1768,AdBrettPhos,0,,18.53801466,23.264158248901367,13.760555267333984
reaction:1769,AdBrettPhos,0,,0.0,-5.105690002441406,13.670439720153809
reaction:1770,AdBrettPhos,3,,3.046255894,-0.6068229675292969,13.22184944152832
reaction:1771,AdBrettPhos,3,,24.02218457,22.48481559753418,13.56700611114502
reaction:1772,AdBrettPhos,3,,0.0,-5.9283294677734375,13.778620719909668
reaction:1773,AdBrettPhos,2,,5.605744575,6.968664169311523,13.156356811523438
reaction:1774,AdBrettPhos,3,,39.2434395,42.051292419433594,13.675681114196777
reaction:1775,AdBrettPhos,3,,3.747141461000001,-0.4309120178222656,13.912841796875
reaction:1776,AdBrettPhos,0,,6.703331473,12.845745086669922,13.63292407989502
reaction:1777,AdBrettPhos,1,,17.35228888,35.33603286743164,13.678857803344727
reaction:1778,AdBrettPhos,3,,0.0,-6.186939239501953,13.883946418762207
reaction:1779,AdBrettPhos,4,,12.57405954,20.674396514892578,14.040756225585938
reaction:1780,AdBrettPhos,4,,29.29764197,34.43427276611328,13.698396682739258
reaction:1781,AdBrettPhos,1,,6.92498784,5.754236221313477,13.908455848693848
reaction:1782,AdBrettPhos,0,,19.60222309,21.50749969482422,13.835980415344238
reaction:1783,AdBrettPhos,4,,43.94123378,38.1925163269043,13.637029647827148
reaction:1784,AdBrettPhos,2,,1.061200258,0.1142120361328125,13.654451370239258
reaction:1785,AdBrettPhos,2,,17.8480573,16.906879425048828,13.814556121826172
reaction:1786,AdBrettPhos,4,,39.0058585,38.796775817871094,13.71986198425293
reaction:1787,AdBrettPhos,0,,2.373221649,5.459936141967773,13.868121147155762
reaction:1788,AdBrettPhos,2,,29.36083658,28.709228515625,13.95053768157959
reaction:1789,AdBrettPhos,2,,68.1907703,59.75170135498047,13.879420280456543
reaction:1790,AdBrettPhos,1,,29.35743486,32.30634307861328,13.649548530578613
reaction:1791,AdBrettPhos,0,,35.64598437,45.182334899902344,13.227498054504395
reaction:1792,AdBrettPhos,1,,77.54677515,73.68273162841797,13.887073516845703
reaction:1793,AdBrettPhos,3,,7.732563505,6.279781341552734,13.643838882446289
reaction:1794,AdBrettPhos,1,,36.03481726,43.15027618408203,13.527445793151855
reaction:1795,AdBrettPhos,0,,63.99072189,63.42464065551758,13.620280265808105
reaction:1796,XPhos,3,,0.0,-1.8028068542480469,16.482032775878906
reaction:1797,XPhos,4,,0.296524645,-2.6144027709960938,16.123851776123047
reaction:1798,XPhos,1,,0.0,11.312618255615234,16.514963150024414
reaction:1799,XPhos,0,,0.0,-14.89202880859375,15.904510498046875
reaction:1800,XPhos,0,,0.0,-6.7857513427734375,15.601381301879883
reaction:1801,XPhos,2,,0.0,-2.207630157470703,17.166706085205078
reaction:1802,XPhos,4,,0.0,-12.729042053222656,16.692533493041992
reaction:1803,XPhos,2,,0.0,15.003822326660156,16.336727142333984
reaction:1804,XPhos,0,,0.0,15.203634262084961,15.738751411437988
reaction:1805,XPhos,4,,0.0,-3.7349815368652344,17.011051177978516
reaction:1806,XPhos,0,,0.0,4.629280090332031,16.738149642944336
reaction:1807,XPhos,1,,0.0,3.1246070861816406,16.37660789489746
reaction:1808,XPhos,4,,0.0,0.6518440246582031,16.942094802856445
reaction:1809,XPhos,4,,0.0,-1.3293113708496094,15.841511726379395
reaction:1810,XPhos,4,,0.0,12.818765640258789,16.711463928222656
reaction:1811,XPhos,3,,17.36491347,18.36570167541504,16.672645568847656
reaction:1812,XPhos,2,,27.46647446,32.62704086303711,16.758567810058594
reaction:1813,XPhos,3,,34.89767991,36.54229736328125,16.53848648071289
reaction:1814,XPhos,0,,0.426836265,4.234346389770508,16.20409393310547
reaction:1815,XPhos,0,,9.912732719,12.346364974975586,15.505102157592773
reaction:1816,XPhos,2,,21.7977125,17.9505558013916,16.976097106933594
reaction:1817,XPhos,2,,2.86790041,9.375137329101562,16.699594497680664
reaction:1818,XPhos,0,,34.68012306,21.622188568115234,15.583996772766113
reaction:1819,XPhos,0,,42.17741181,27.41009521484375,15.794538497924805
reaction:1820,XPhos,1,,26.14998957,29.059127807617188,16.775075912475586
reaction:1821,XPhos,0,,49.4018977,43.1587028503418,16.995431900024414
reaction:1822,XPhos,4,,40.9724255,45.53334426879883,15.958780288696289
reaction:1823,XPhos,4,,11.67138777,14.113861083984375,16.806095123291016
reaction:1824,XPhos,2,,26.55730378,23.316326141357422,18.09717559814453
reaction:1825,XPhos,4,,38.4179882,28.543132781982422,16.26457405090332
reaction:1826,XPhos,0,,18.14790513,17.21187400817871,15.655618667602539
reaction:1827,XPhos,2,,31.22142105,30.661251068115234,17.081981658935547
reaction:1828,XPhos,0,,45.90521481,35.01982498168945,15.917972564697266
reaction:1829,XPhos,2,,0.344428756,6.229045867919922,16.445051193237305
reaction:1830,XPhos,2,,6.408110436,12.193658828735352,16.416255950927734
reaction:1831,XPhos,4,,15.48048004,19.546703338623047,16.268651962280273
reaction:1832,XPhos,4,,2.68757234,4.19036865234375,16.4909725189209
reaction:1833,XPhos,3,,23.14452899,25.390474319458008,16.2978572845459
reaction:1834,XPhos,0,,50.86354716,40.04396057128906,15.875924110412598
reaction:1835,XPhos,1,,28.88381703,30.89426040649414,16.78434181213379
reaction:1836,XPhos,3,,51.52656955,51.07912826538086,16.524826049804688
reaction:1837,XPhos,3,,59.0740653,48.72209930419922,16.266403198242188
reaction:1838,XPhos,4,,8.431077782000001,10.783269882202148,16.785825729370117
reaction:1839,XPhos,3,,22.07470925,26.763912200927734,16.44994354248047
reaction:1840,XPhos,1,,34.74690376,34.76348114013672,16.45315170288086
reaction:1841,XPhos,4,,11.13292009,11.414907455444336,16.275976181030273
reaction:1842,XPhos,3,,15.0324858,10.827686309814453,16.82478904724121
reaction:1843,XPhos,1,,14.02259716,16.41091537475586,15.983447074890137
reaction:1844,XPhos,2,,3.02090007,2.5675621032714844,16.31801414489746
reaction:1845,XPhos,1,,9.070205476,10.126810073852539,16.49546241760254
reaction:1846,XPhos,3,,6.9996798810000005,11.845251083374023,16.27172088623047
reaction:1847,XPhos,0,,14.86219247,4.710277557373047,18.391660690307617
reaction:1848,XPhos,0,,19.33424545,23.242891311645508,16.579694747924805
reaction:1849,XPhos,4,,12.44362591,30.635414123535156,18.85211181640625
reaction:1850,XPhos,1,,12.438351,10.335237503051758,15.82105827331543
reaction:1851,XPhos,3,,18.58444117,6.375373840332031,16.683975219726562
reaction:1852,XPhos,1,,17.39978172,7.765073776245117,15.57505989074707
reaction:1853,XPhos,2,,17.22825534,12.636390686035156,16.12550926208496
reaction:1854,XPhos,3,,8.798104801000001,11.22573471069336,16.297332763671875
reaction:1855,XPhos,4,,11.59336493,25.864887237548828,16.721036911010742
reaction:1856,XPhos,1,,2.550915003,3.9671478271484375,15.433825492858887
reaction:1857,XPhos,1,,9.795326165,16.788265228271484,16.066070556640625
reaction:1858,XPhos,1,,19.55154349,16.163700103759766,16.272926330566406
reaction:1859,XPhos,0,,0.0,-3.7882919311523438,16.54448890686035
reaction:1860,XPhos,4,,0.602239969,-2.5985946655273438,17.179033279418945
reaction:1861,XPhos,0,,2.613234135,1.868490219116211,16.545608520507812
reaction:1862,XPhos,1,,0.0,-1.4594039916992188,16.391040802001953
reaction:1863,XPhos,4,,3.339136515,6.650531768798828,16.62263298034668
reaction:1864,XPhos,4,,3.546985039,13.064720153808594,18.84164810180664
reaction:1865,XPhos,1,,10.00194934,7.698272705078125,15.923095703125
reaction:1866,XPhos,2,,18.5257144,24.61149024963379,17.17552947998047
reaction:1867,XPhos,2,,21.49059564,22.91173553466797,16.132051467895508
reaction:1868,XPhos,4,,1.445871909,-0.40366363525390625,17.021286010742188
reaction:1869,XPhos,1,,0.929191796,2.7802066802978516,15.27478313446045
reaction:1870,XPhos,3,,3.66151941,11.184450149536133,16.56202507019043
reaction:1871,XPhos,0,,10.78337463,11.726215362548828,16.57223892211914
reaction:1872,XPhos,2,,27.09846988,21.8282470703125,16.256881713867188
reaction:1873,XPhos,0,,23.3532112,29.820083618164062,16.79141616821289
reaction:1874,XPhos,3,,0.0,3.8614463806152344,16.997894287109375
reaction:1875,XPhos,1,,5.298016227,3.3598861694335938,16.229463577270508
reaction:1876,XPhos,4,,10.26938874,6.320850372314453,16.810537338256836
reaction:1877,XPhos,2,,1.52899949,6.385520935058594,16.25528907775879
reaction:1878,XPhos,0,,19.26994536,13.701980590820312,16.713829040527344
reaction:1879,XPhos,0,,30.9794262,26.142513275146484,16.462419509887695
reaction:1880,XPhos,4,,18.83260332,19.05590057373047,17.30735969543457
reaction:1881,XPhos,2,,28.69582004,37.533912658691406,17.36163330078125
reaction:1882,XPhos,0,,28.02951353,43.016563415527344,16.387775421142578
reaction:1883,XPhos,1,,4.247160433,5.516468048095703,15.460062980651855
reaction:1884,XPhos,1,,18.76658525,11.697824478149414,15.082852363586426
reaction:1885,XPhos,2,,26.7561311,18.38951301574707,16.28639793395996
reaction:1886,XPhos,0,,0.522267307,2.8363895416259766,14.920008659362793
reaction:1887,XPhos,4,,0.0,-6.032192230224609,15.444747924804688
reaction:1888,XPhos,2,,0.0,4.670934677124023,16.353281021118164
reaction:1889,XPhos,2,,0.0,-2.8663978576660156,16.95256996154785
reaction:1890,XPhos,2,,0.0,2.528148651123047,16.745473861694336
reaction:1891,XPhos,0,,0.0,2.3681678771972656,14.523430824279785
reaction:1892,XPhos,0,,0.0,-2.0593185424804688,16.746871948242188
reaction:1893,XPhos,2,,0.0,16.65481948852539,16.279190063476562
reaction:1894,XPhos,3,,0.0,10.539772033691406,16.428512573242188
reaction:1895,XPhos,0,,0.0,-4.163482666015625,15.481284141540527
reaction:1896,XPhos,3,,0.0,-12.980735778808594,15.610614776611328
reaction:1897,XPhos,4,,0.0,-15.564834594726562,15.277934074401855
reaction:1898,XPhos,1,,0.0,6.951377868652344,16.6171817779541
reaction:1899,XPhos,1,,0.0,1.7895374298095703,16.354368209838867
reaction:1900,XPhos,0,,0.0,8.805870056152344,14.594488143920898
reaction:1901,XPhos,1,,0.7575191240000001,0.16360855102539062,16.818025588989258
reaction:1902,XPhos,0,,0.5467913839999999,11.94582748413086,14.344091415405273
reaction:1903,XPhos,4,,0.70766924,11.685934066772461,16.17772102355957
reaction:1904,XPhos,4,,0.0,-3.586963653564453,15.548545837402344
reaction:1905,XPhos,4,,0.0,-3.6675186157226562,16.12793731689453
reaction:1906,XPhos,1,,1.933202382,-3.0684127807617188,16.63625717163086
reaction:1907,XPhos,2,,0.0,-5.649974822998047,16.649354934692383
reaction:1908,XPhos,3,,1.204026973,0.26506805419921875,15.760072708129883
reaction:1909,XPhos,1,,0.602410789,-4.537208557128906,17.175838470458984
reaction:1910,XPhos,1,,0.0,0.6763954162597656,16.504602432250977
reaction:1911,XPhos,4,,1.437346554,19.051265716552734,15.859375953674316
reaction:1912,XPhos,0,,1.530768374,12.022926330566406,14.314225196838379
reaction:1913,XPhos,0,,0.0,-4.281913757324219,14.180622100830078
reaction:1914,XPhos,3,,0.0,-3.6553955078125,16.044994354248047
reaction:1915,XPhos,0,,0.027450906,3.483306884765625,14.888309478759766
reaction:1916,XPhos,1,,16.82018282,9.035152435302734,16.98908042907715
reaction:1917,XPhos,4,,21.42393699,13.971569061279297,15.524923324584961
reaction:1918,XPhos,0,,19.15166059,17.260358810424805,14.819602012634277
reaction:1919,XPhos,2,,0.423167396,2.9749889373779297,16.859176635742188
reaction:1920,XPhos,2,,4.73013199,2.91192626953125,16.87380599975586
reaction:1921,XPhos,3,,9.35930625,4.606330871582031,15.516717910766602
reaction:1922,XPhos,1,,3.525705852,3.6741104125976562,17.458375930786133
reaction:1923,XPhos,0,,17.85871647,3.2158031463623047,14.421504974365234
reaction:1924,XPhos,4,,21.48672588,18.82605743408203,17.710538864135742
reaction:1925,XPhos,4,,7.156167612999999,14.667556762695312,16.360700607299805
reaction:1926,XPhos,4,,11.85200713,32.352874755859375,15.959646224975586
reaction:1927,XPhos,2,,13.49999802,30.305835723876953,16.389766693115234
reaction:1928,XPhos,2,,4.333466821,4.410131454467773,16.458559036254883
reaction:1929,XPhos,3,,12.51722888,6.752143859863281,16.20589828491211
reaction:1930,XPhos,0,,18.54827099,14.068790435791016,14.645193099975586
reaction:1931,XPhos,0,,16.76617673,20.342159271240234,16.379928588867188
reaction:1932,XPhos,1,,27.47304315,19.47226333618164,15.278453826904297
reaction:1933,XPhos,4,,35.89724622,32.04176330566406,16.64191436767578
reaction:1934,XPhos,3,,0.8503584259999999,4.36102294921875,13.994667053222656
reaction:1935,XPhos,3,,9.607508599,12.635173797607422,13.150019645690918
reaction:1936,XPhos,4,,11.82938133,16.274555206298828,16.130979537963867
reaction:1937,XPhos,0,,8.822068949,9.738286972045898,18.383800506591797
reaction:1938,XPhos,1,,25.87549138,28.375417709350586,15.047414779663086
reaction:1939,XPhos,3,,34.29689514,33.06414794921875,14.45479679107666
reaction:1940,XPhos,2,,17.200701000000002,12.62185287475586,14.264639854431152
reaction:1941,XPhos,3,,24.04057337,16.782939910888672,13.533860206604004
reaction:1942,XPhos,0,,23.94536549,13.129091262817383,16.180700302124023
reaction:1943,XPhos,0,,15.22072074,20.665081024169922,15.97384262084961
reaction:1944,XPhos,1,,20.45508721,18.981769561767578,15.182784080505371
reaction:1945,XPhos,1,,28.5480245,27.51814079284668,15.249616622924805
reaction:1946,XPhos,3,,13.87079949,9.567008972167969,13.516687393188477
reaction:1947,XPhos,4,,22.22290277,22.458114624023438,15.9436674118042
reaction:1948,XPhos,0,,26.64038865,29.02872085571289,16.39617919921875
reaction:1949,XPhos,0,,0.0,-5.661830902099609,17.040149688720703
reaction:1950,XPhos,3,,1.629425083,0.055431365966796875,13.682456970214844
reaction:1951,XPhos,0,,2.128691227,-0.056232452392578125,16.449718475341797
reaction:1952,XPhos,1,,2.570236026,-2.1630706787109375,16.158994674682617
reaction:1953,XPhos,3,,8.384736601,10.104991912841797,13.965153694152832
reaction:1954,XPhos,3,,11.20904607,13.841150283813477,14.477859497070312
reaction:1955,XPhos,3,,6.819997972,12.07573127746582,13.778403282165527
reaction:1956,XPhos,3,,13.1450619,26.95800018310547,13.839634895324707
reaction:1957,XPhos,3,,12.68763797,28.005615234375,13.50883960723877
reaction:1958,XPhos,2,,3.235819119,1.1785659790039062,14.010236740112305
reaction:1959,XPhos,4,,5.972926182,8.749475479125977,16.056781768798828
reaction:1960,XPhos,0,,8.041639597,12.894500732421875,16.203445434570312
reaction:1961,XPhos,4,,18.97711675,11.330049514770508,16.05671501159668
reaction:1962,XPhos,0,,28.60232004,23.070409774780273,16.223051071166992
reaction:1963,XPhos,3,,40.27113975,32.88880157470703,13.875924110412598
reaction:1964,XPhos,0,,0.0,-4.779140472412109,16.766653060913086
reaction:1965,XPhos,0,,1.79441071,-0.9668045043945312,16.37453842163086
reaction:1966,XPhos,2,,2.066222749,7.153118133544922,14.085654258728027
reaction:1967,XPhos,0,,5.163801227,-0.6673965454101562,18.369693756103516
reaction:1968,XPhos,4,,11.8907701,12.87991714477539,15.849376678466797
reaction:1969,XPhos,4,,29.83775681,27.78483772277832,18.162418365478516
reaction:1970,XPhos,2,,16.58042552,16.60223388671875,14.26570987701416
reaction:1971,XPhos,3,,26.94242513,36.620513916015625,13.532564163208008
reaction:1972,XPhos,2,,27.31009438,39.15488052368164,13.877199172973633
reaction:1973,XPhos,1,,5.543745956,1.9716720581054688,15.241164207458496
reaction:1974,XPhos,3,,10.25341715,11.900907516479492,13.378289222717285
reaction:1975,XPhos,3,,14.86685885,20.69791030883789,13.96086311340332
reaction:1976,t-BuXPhos,0,,0.0,-2.137554168701172,15.373505592346191
reaction:1977,t-BuXPhos,2,,0.0,-1.0020751953125,14.943887710571289
reaction:1978,t-BuXPhos,3,,0.0,1.4682197570800781,16.88067054748535
reaction:1979,t-BuXPhos,1,,0.0,-26.419681549072266,16.535865783691406
reaction:1980,t-BuXPhos,4,,0.8010865229999999,2.74676513671875,15.819369316101074
reaction:1981,t-BuXPhos,3,,2.97427716,2.1116809844970703,16.480417251586914
reaction:1982,t-BuXPhos,4,,0.0,-23.384540557861328,15.08327865600586
reaction:1983,t-BuXPhos,3,,1.599458738,15.395730972290039,15.722037315368652
reaction:1984,t-BuXPhos,2,,2.601590615,10.02076530456543,16.319101333618164
reaction:1985,t-BuXPhos,0,,3.510094374,16.072742462158203,15.484099388122559
reaction:1986,t-BuXPhos,4,,8.008432112000001,13.252635955810547,14.977334022521973
reaction:1987,t-BuXPhos,0,,9.011992674,22.475658416748047,15.009292602539062
reaction:1988,t-BuXPhos,3,,0.0,3.5633983612060547,16.906293869018555
reaction:1989,t-BuXPhos,0,,0.0,19.39787483215332,14.3233642578125
reaction:1990,t-BuXPhos,1,,1.171055965,15.295621871948242,15.144331932067871
reaction:1991,t-BuXPhos,1,,24.21309665,22.753807067871094,16.628555297851562
reaction:1992,t-BuXPhos,3,,35.9238924,33.865840911865234,16.84393310546875
reaction:1993,t-BuXPhos,4,,35.32665147,36.429962158203125,15.404875755310059
reaction:1994,t-BuXPhos,2,,0.5535074839999999,6.75837516784668,15.122207641601562
reaction:1995,t-BuXPhos,1,,36.52871122,35.444095611572266,16.724491119384766
reaction:1996,t-BuXPhos,1,,40.65115531,40.648216247558594,17.043787002563477
reaction:1997,t-BuXPhos,3,,2.408749938,7.952236175537109,17.01473045349121
reaction:1998,t-BuXPhos,2,,56.843372200000005,53.41297149658203,15.882338523864746
reaction:1999,t-BuXPhos,2,,58.99233401,59.94365310668945,16.35846710205078
reaction:2000,t-BuXPhos,1,,60.26102193,53.814720153808594,15.873676300048828
reaction:2001,t-BuXPhos,0,,60.25206697,61.808895111083984,14.344996452331543
reaction:2002,t-BuXPhos,4,,63.42879895,61.09282684326172,16.087631225585938
reaction:2003,t-BuXPhos,1,,25.82773903,18.914905548095703,15.639647483825684
reaction:2004,t-BuXPhos,2,,60.28357539,57.46923828125,16.205610275268555
reaction:2005,t-BuXPhos,2,,61.92858478,56.928802490234375,16.061016082763672
reaction:2006,t-BuXPhos,3,,28.132793300000003,29.068492889404297,16.134435653686523
reaction:2007,t-BuXPhos,4,,40.09723237,43.445884704589844,16.17853355407715
reaction:2008,t-BuXPhos,2,,48.69500261,48.617942810058594,16.080913543701172
reaction:2009,t-BuXPhos,4,,0.723968187,12.235218048095703,15.407367706298828
reaction:2010,t-BuXPhos,2,,51.38895599,47.349830627441406,16.02802276611328
reaction:2011,t-BuXPhos,3,,56.62080434,46.847511291503906,16.47874641418457
reaction:2012,t-BuXPhos,2,,2.853941347,14.340665817260742,16.076217651367188
reaction:2013,t-BuXPhos,1,,73.31932313,68.62690734863281,16.599817276000977
reaction:2014,t-BuXPhos,3,,74.44046437,68.8429946899414,16.800907135009766
reaction:2015,t-BuXPhos,1,,81.53694628,77.24009704589844,16.051902770996094
reaction:2016,t-BuXPhos,1,,85.40177854,82.56583404541016,17.05035400390625
reaction:2017,t-BuXPhos,1,,88.51390693,82.04196166992188,17.126893997192383
reaction:2018,t-BuXPhos,2,,31.87466664,34.17885208129883,15.580509185791016
reaction:2019,t-BuXPhos,3,,85.8122803,77.43865203857422,16.654611587524414
reaction:2020,t-BuXPhos,0,,83.31333267,77.48108673095703,14.421889305114746
reaction:2021,t-BuXPhos,2,,13.02655322,14.969810485839844,16.646642684936523
reaction:2022,t-BuXPhos,1,,16.09836574,11.550529479980469,16.67483139038086
reaction:2023,t-BuXPhos,4,,15.87410565,17.244380950927734,16.427690505981445
reaction:2024,t-BuXPhos,1,,1.879419954,-6.572410583496094,16.623205184936523
reaction:2025,t-BuXPhos,3,,14.85699263,13.024263381958008,16.500043869018555
reaction:2026,t-BuXPhos,2,,19.37897224,20.063316345214844,16.25131607055664
reaction:2027,t-BuXPhos,2,,4.57865157,6.22039794921875,16.61754035949707
reaction:2028,t-BuXPhos,2,,22.0084522,22.304298400878906,16.52655601501465
reaction:2029,t-BuXPhos,3,,22.22340072,31.240589141845703,16.951486587524414
reaction:2030,t-BuXPhos,3,,21.68221926,27.112464904785156,17.057384490966797
reaction:2031,t-BuXPhos,2,,35.06478929,28.680438995361328,16.63675880432129
reaction:2032,t-BuXPhos,2,,30.72459608,34.75841522216797,16.338558197021484
reaction:2033,t-BuXPhos,2,,10.88472418,22.494735717773438,15.945700645446777
reaction:2034,t-BuXPhos,3,,21.37540077,27.381324768066406,16.871612548828125
reaction:2035,t-BuXPhos,3,,23.67114189,25.120018005371094,17.149837493896484
reaction:2036,t-BuXPhos,2,,0.7474117720000001,3.3697586059570312,16.62066078186035
reaction:2037,t-BuXPhos,4,,9.794715203,14.94218635559082,16.945722579956055
reaction:2038,t-BuXPhos,4,,23.9717282,20.402790069580078,16.44882583618164
reaction:2039,t-BuXPhos,2,,0.0,-8.440792083740234,15.446784019470215
reaction:2040,t-BuXPhos,4,,6.683677134,10.611116409301758,16.824480056762695
reaction:2041,t-BuXPhos,4,,25.46788478,18.251699447631836,17.080717086791992
reaction:2042,t-BuXPhos,0,,0.0,-2.655773162841797,16.83953285217285
reaction:2043,t-BuXPhos,0,,14.43583555,23.571456909179688,16.74736213684082
reaction:2044,t-BuXPhos,2,,41.96736477,36.11398696899414,17.05183982849121
reaction:2045,t-BuXPhos,3,,12.36409536,32.34230422973633,17.035987854003906
reaction:2046,t-BuXPhos,0,,33.74087377,37.245880126953125,16.068161010742188
reaction:2047,t-BuXPhos,0,,44.53583158,38.350990295410156,16.48952865600586
reaction:2048,t-BuXPhos,4,,0.0,6.743675231933594,16.876867294311523
reaction:2049,t-BuXPhos,1,,30.43973822,30.412378311157227,16.334169387817383
reaction:2050,t-BuXPhos,2,,39.10680932,31.321208953857422,16.68033790588379
reaction:2051,t-BuXPhos,3,,22.894141,17.95623779296875,16.489288330078125
reaction:2052,t-BuXPhos,4,,27.11496768,31.90468978881836,16.94509506225586
reaction:2053,t-BuXPhos,1,,41.66866973,35.08504104614258,16.58191680908203
reaction:2054,t-BuXPhos,1,,2.863405084,1.7126007080078125,16.551719665527344
reaction:2055,t-BuXPhos,4,,21.62255716,30.525197982788086,16.7711181640625
reaction:2056,t-BuXPhos,2,,35.07362546,36.506248474121094,16.275779724121094
reaction:2057,t-BuXPhos,3,,13.56968075,3.6992664337158203,16.887374877929688
reaction:2058,t-BuXPhos,2,,44.17785429999999,46.939598083496094,16.528127670288086
reaction:2059,t-BuXPhos,1,,61.501693200000005,57.02171325683594,16.171897888183594
reaction:2060,t-BuXPhos,3,,48.36115435,61.639015197753906,17.066164016723633
reaction:2061,t-BuXPhos,1,,61.11611165,64.16381072998047,17.02399444580078
reaction:2062,t-BuXPhos,0,,70.86807008,70.24502563476562,16.614513397216797
reaction:2063,t-BuXPhos,3,,39.35843617,17.12937355041504,17.056636810302734
reaction:2064,t-BuXPhos,0,,54.8424453,58.958465576171875,15.477859497070312
reaction:2065,t-BuXPhos,3,,60.06619639,61.431800842285156,17.236419677734375
reaction:2066,t-BuXPhos,4,,1.009269411,2.2240734100341797,16.69681739807129
reaction:2067,t-BuXPhos,2,,5.034974824,3.4461421966552734,16.316686630249023
reaction:2068,t-BuXPhos,3,,4.765281768,1.3471794128417969,16.91121482849121
reaction:2069,t-BuXPhos,4,,0.359225753,-3.9966697692871094,16.007854461669922
reaction:2070,t-BuXPhos,2,,4.621114909,1.1922016143798828,17.041460037231445
reaction:2071,t-BuXPhos,3,,3.876829723,2.1961307525634766,16.268484115600586
reaction:2072,t-BuXPhos,1,,0.400015161,1.0358161926269531,16.649436950683594
reaction:2073,t-BuXPhos,1,,5.425616594,7.958398818969727,16.631559371948242
reaction:2074,t-BuXPhos,2,,8.36792795,1.9921379089355469,17.42913246154785
reaction:2075,t-BuXPhos,0,,3.451949517,11.077131271362305,16.784883499145508
reaction:2076,t-BuXPhos,1,,4.84059533,10.087932586669922,17.12750244140625
reaction:2077,t-BuXPhos,4,,10.03634536,11.843683242797852,16.56051254272461
reaction:2078,t-BuXPhos,3,,1.309393322,11.725152969360352,16.932571411132812
reaction:2079,t-BuXPhos,0,,2.689766175,5.71940803527832,15.716911315917969
reaction:2080,t-BuXPhos,2,,4.416019864,5.483888626098633,16.997468948364258
reaction:2081,t-BuXPhos,3,,0.0,-4.463405609130859,16.29893684387207
reaction:2082,t-BuXPhos,2,,1.785587557,0.43662261962890625,16.351940155029297
reaction:2083,t-BuXPhos,0,,3.141934656,1.9980506896972656,16.850080490112305
reaction:2084,t-BuXPhos,1,,0.0,-13.895797729492188,16.666248321533203
reaction:2085,t-BuXPhos,2,,0.74784749,-1.5619926452636719,17.133623123168945
reaction:2086,t-BuXPhos,0,,2.732925094,0.3722724914550781,15.392498016357422
reaction:2087,t-BuXPhos,4,,0.518126221,-9.494132995605469,15.669177055358887
reaction:2088,t-BuXPhos,3,,2.39251025,6.947538375854492,15.658957481384277
reaction:2089,t-BuXPhos,4,,6.363967977000001,12.333463668823242,16.87626838684082
reaction:2090,t-BuXPhos,0,,1.986478634,11.922958374023438,16.735767364501953
reaction:2091,t-BuXPhos,4,,6.315944702,18.93375015258789,15.259716033935547
reaction:2092,t-BuXPhos,2,,8.140819585,17.59709930419922,16.893871307373047
reaction:2093,t-BuXPhos,0,,0.0,-2.920166015625,16.38554573059082
reaction:2094,t-BuXPhos,4,,2.39840777,13.236270904541016,16.308805465698242
reaction:2095,t-BuXPhos,3,,3.973986769,14.65869140625,16.881690979003906
reaction:2096,t-BuXPhos,4,,21.36830036,14.962535858154297,16.678991317749023
reaction:2097,t-BuXPhos,0,,21.54675104,20.83513641357422,16.485328674316406
reaction:2098,t-BuXPhos,1,,23.06691402,21.195053100585938,16.631858825683594
reaction:2099,t-BuXPhos,3,,2.7209239710000004,1.2418975830078125,16.6475772857666
reaction:2100,t-BuXPhos,3,,15.47495789,19.984699249267578,16.2728214263916
reaction:2101,t-BuXPhos,0,,19.40320705,19.462203979492188,15.224703788757324
reaction:2102,t-BuXPhos,3,,14.32160153,4.273002624511719,16.6820125579834
reaction:2103,t-BuXPhos,2,,28.13311375,33.932456970214844,17.07444190979004
reaction:2104,t-BuXPhos,0,,30.76250124,35.179691314697266,16.697429656982422
reaction:2105,t-BuXPhos,4,,40.21576406,40.532257080078125,16.483572006225586
reaction:2106,t-BuXPhos,2,,46.05681806,42.40596008300781,17.144845962524414
reaction:2107,t-BuXPhos,1,,51.15306518,43.862606048583984,17.115711212158203
reaction:2108,t-BuXPhos,2,,30.05876834,19.24676513671875,16.444795608520508
reaction:2109,t-BuXPhos,3,,30.11566658,40.11115264892578,16.70071792602539
reaction:2110,t-BuXPhos,3,,33.8132368,45.96388244628906,17.122098922729492
reaction:2111,t-BuXPhos,2,,20.05913492,32.30374526977539,16.892379760742188
reaction:2112,t-BuXPhos,3,,34.2208852,36.469879150390625,16.306947708129883
reaction:2113,t-BuXPhos,3,,40.30244069,36.46991729736328,16.326072692871094
reaction:2114,t-BuXPhos,4,,1.194006928,11.736108779907227,15.515129089355469
reaction:2115,t-BuXPhos,1,,27.35092133,27.639728546142578,16.33346176147461
reaction:2116,t-BuXPhos,4,,26.91242644,36.497371673583984,16.189998626708984
reaction:2117,t-BuXPhos,2,,5.628261366,17.618833541870117,16.69291114807129
reaction:2118,t-BuXPhos,3,,51.85571731,51.25286865234375,15.191461563110352
reaction:2119,t-BuXPhos,0,,49.62220517,43.18889236450195,15.975947380065918
reaction:2120,t-BuXPhos,1,,53.94447324,47.54083251953125,15.335487365722656
reaction:2121,t-BuXPhos,1,,65.48767084,56.66361999511719,16.483909606933594
reaction:2122,t-BuXPhos,0,,66.1445595,57.32512283325195,15.859210968017578
reaction:2123,t-BuXPhos,3,,38.1181996,44.31978988647461,16.40802574157715
reaction:2124,t-BuXPhos,2,,64.2716813,52.937530517578125,17.049036026000977
reaction:2125,t-BuXPhos,4,,65.73471929,56.68210983276367,16.02461051940918
reaction:2126,t-BuXPhos,4,,18.75584418,9.583797454833984,16.183156967163086
reaction:2127,t-BuXPhos,0,,28.59018557,24.74219512939453,15.916606903076172
reaction:2128,t-BuXPhos,3,,31.83731475,26.08135223388672,16.15478515625
reaction:2129,t-BuXPhos,3,,0.7070455170000001,-9.279911041259766,15.79763412475586
reaction:2130,t-BuXPhos,4,,13.25145725,16.940135955810547,16.194868087768555
reaction:2131,t-BuXPhos,4,,15.92909866,22.310592651367188,16.49928855895996
reaction:2132,t-BuXPhos,4,,4.0644436960000005,-4.244602203369141,15.63513469696045
reaction:2133,t-BuXPhos,2,,32.63137063,42.923248291015625,16.513513565063477
reaction:2134,t-BuXPhos,2,,32.03830806,45.55847930908203,17.057477951049805
reaction:2135,t-BuXPhos,3,,38.03832948,44.91795349121094,16.161067962646484
reaction:2136,t-BuXPhos,2,,50.50908656,57.4688720703125,16.99263572692871
reaction:2137,t-BuXPhos,2,,46.64490818,55.509490966796875,16.753276824951172
reaction:2138,t-BuXPhos,1,,27.15209242,15.317483901977539,14.876874923706055
reaction:2139,t-BuXPhos,4,,46.97084661,56.79121398925781,15.77418327331543
reaction:2140,t-BuXPhos,4,,47.28268345,53.47368240356445,16.109527587890625
reaction:2141,t-BuXPhos,1,,29.17558441,27.331199645996094,16.198169708251953
reaction:2142,t-BuXPhos,0,,36.5598853,39.87592315673828,16.20504379272461
reaction:2143,t-BuXPhos,3,,49.46796695,43.997039794921875,16.458477020263672
reaction:2144,t-BuXPhos,3,,1.858400826,-0.235321044921875,16.244308471679688
reaction:2145,t-BuXPhos,4,,31.25713511,35.566375732421875,15.981958389282227
reaction:2146,t-BuXPhos,4,,34.0355551,40.92652893066406,16.27668571472168
reaction:2147,t-BuXPhos,0,,11.31698923,8.86131477355957,16.38378143310547
reaction:2148,t-BuXPhos,0,,62.64758393,64.00531768798828,16.48395538330078
reaction:2149,t-BuXPhos,0,,60.28741502,61.46754455566406,16.46729278564453
reaction:2150,t-BuXPhos,0,,77.39811795,75.82762145996094,16.387611389160156
reaction:2151,t-BuXPhos,4,,83.68183531,82.66926574707031,15.058740615844727
reaction:2152,t-BuXPhos,4,,84.53852223,83.87643432617188,16.32503890991211
reaction:2153,t-BuXPhos,3,,49.15752148,38.104373931884766,16.30744743347168
reaction:2154,t-BuXPhos,0,,76.23035085,78.08576965332031,15.172201156616211
reaction:2155,t-BuXPhos,3,,75.20935081,80.58733367919922,16.31695556640625
reaction:2156,t-BuBrettPhos,4,,0.0,-9.048152923583984,13.329517364501953
reaction:2157,t-BuBrettPhos,2,,0.0,-0.710540771484375,12.801745414733887
reaction:2158,t-BuBrettPhos,2,,10.5253011,5.559383392333984,13.599681854248047
reaction:2159,t-BuBrettPhos,4,,0.0,-12.6473388671875,13.481234550476074
reaction:2160,t-BuBrettPhos,0,,0.0,5.203847885131836,13.248403549194336
reaction:2161,t-BuBrettPhos,2,,2.458138496,7.312442779541016,13.579801559448242
reaction:2162,t-BuBrettPhos,3,,9.08121194,-10.025161743164062,12.970744132995605
reaction:2163,t-BuBrettPhos,2,,9.636653904,16.511899948120117,13.085129737854004
reaction:2164,t-BuBrettPhos,1,,10.37235966,16.304805755615234,13.536192893981934
reaction:2165,t-BuBrettPhos,0,,1.660025621,23.258296966552734,13.181649208068848
reaction:2166,t-BuBrettPhos,2,,2.145304957,21.419618606567383,13.382119178771973
reaction:2167,t-BuBrettPhos,3,,27.04583578,28.683521270751953,13.945242881774902
reaction:2168,t-BuBrettPhos,1,,0.0,-8.314407348632812,13.488282203674316
reaction:2169,t-BuBrettPhos,0,,0.0,10.323907852172852,12.559436798095703
reaction:2170,t-BuBrettPhos,4,,0.0,10.244226455688477,13.83614444732666
reaction:2171,t-BuBrettPhos,1,,15.09367159,17.278602600097656,13.78967571258545
reaction:2172,t-BuBrettPhos,2,,34.51239146,36.62541961669922,12.933176040649414
reaction:2173,t-BuBrettPhos,3,,35.6149447,41.225406646728516,13.573786735534668
reaction:2174,t-BuBrettPhos,1,,0.438548426,7.24799919128418,13.637258529663086
reaction:2175,t-BuBrettPhos,0,,31.2588772,34.33203125,13.070401191711426
reaction:2176,t-BuBrettPhos,2,,34.24307349,41.033512115478516,13.567383766174316
reaction:2177,t-BuBrettPhos,2,,6.866213056,9.888792037963867,13.226912498474121
reaction:2178,t-BuBrettPhos,3,,62.44858365,50.582496643066406,13.319129943847656
reaction:2179,t-BuBrettPhos,1,,65.94190973,62.70704650878906,13.325740814208984
reaction:2180,t-BuBrettPhos,2,,58.32558385,48.35525131225586,13.463099479675293
reaction:2181,t-BuBrettPhos,1,,60.47798465,47.96735382080078,13.860817909240723
reaction:2182,t-BuBrettPhos,3,,63.18914382,63.383460998535156,13.78923511505127
reaction:2183,t-BuBrettPhos,1,,18.36789148,17.280635833740234,13.485085487365723
reaction:2184,t-BuBrettPhos,0,,59.7949718,60.69867706298828,12.581669807434082
reaction:2185,t-BuBrettPhos,4,,64.64035682,59.8558349609375,13.395208358764648
reaction:2186,t-BuBrettPhos,4,,17.38451108,20.402713775634766,13.435346603393555
reaction:2187,t-BuBrettPhos,1,,38.46400948,42.240089416503906,13.742387771606445
reaction:2188,t-BuBrettPhos,3,,51.11682644,53.809974670410156,13.761027336120605
reaction:2189,t-BuBrettPhos,0,,0.578158424,8.096187591552734,13.405586242675781
reaction:2190,t-BuBrettPhos,3,,45.97256872,44.790897369384766,13.316251754760742
reaction:2191,t-BuBrettPhos,2,,47.70226953,51.053802490234375,13.802608489990234
reaction:2192,t-BuBrettPhos,0,,7.228003442999999,13.27275276184082,13.644403457641602
reaction:2193,t-BuBrettPhos,2,,79.8902752,72.15467071533203,13.538158416748047
reaction:2194,t-BuBrettPhos,4,,80.5818059,77.34846496582031,13.561317443847656
reaction:2195,t-BuBrettPhos,1,,84.93002270000001,80.16081237792969,13.6297607421875
reaction:2196,t-BuBrettPhos,0,,89.419451,87.29926300048828,12.85653018951416
reaction:2197,t-BuBrettPhos,0,,89.55924552,95.9908218383789,13.296324729919434
reaction:2198,t-BuBrettPhos,3,,13.66378067,22.881202697753906,13.504192352294922
reaction:2199,t-BuBrettPhos,4,,86.89971677,84.23333740234375,13.229264259338379
reaction:2200,t-BuBrettPhos,0,,87.237545,84.37935638427734,13.209739685058594
reaction:2201,t-BuBrettPhos,4,,11.30133212,6.786813735961914,13.36510181427002
reaction:2202,t-BuBrettPhos,1,,10.82736056,10.241884231567383,13.872602462768555
reaction:2203,t-BuBrettPhos,2,,12.11048821,14.922475814819336,13.701218605041504
reaction:2204,t-BuBrettPhos,3,,1.03540736,0.7820472717285156,13.72892951965332
reaction:2205,t-BuBrettPhos,3,,15.16491224,14.24632453918457,13.519238471984863
reaction:2206,t-BuBrettPhos,2,,19.46778248,19.217140197753906,13.701589584350586
reaction:2207,t-BuBrettPhos,4,,8.038113026,4.398433685302734,13.465105056762695
reaction:2208,t-BuBrettPhos,4,,23.73944169,22.15285873413086,13.730400085449219
reaction:2209,t-BuBrettPhos,1,,30.46158728,28.79395294189453,13.824191093444824
reaction:2210,t-BuBrettPhos,1,,24.62070452,33.71734619140625,13.881136894226074
reaction:2211,t-BuBrettPhos,2,,28.5763008,30.497604370117188,13.436795234680176
reaction:2212,t-BuBrettPhos,1,,36.14968182,41.863624572753906,14.039377212524414
reaction:2213,t-BuBrettPhos,0,,13.71916528,5.788616180419922,13.554710388183594
reaction:2214,t-BuBrettPhos,0,,13.98206369,13.203542709350586,12.927266120910645
reaction:2215,t-BuBrettPhos,2,,18.13660134,15.542007446289062,13.547544479370117
reaction:2216,t-BuBrettPhos,1,,0.927604534,1.7725601196289062,13.568689346313477
reaction:2217,t-BuBrettPhos,0,,7.316239252000001,11.336589813232422,13.466620445251465
reaction:2218,t-BuBrettPhos,1,,21.43045359,17.09708023071289,13.659880638122559
reaction:2219,t-BuBrettPhos,4,,0.0,-1.8739242553710938,13.735589981079102
reaction:2220,t-BuBrettPhos,0,,3.292807267,6.6571197509765625,13.433021545410156
reaction:2221,t-BuBrettPhos,3,,23.04423411,15.173477172851562,13.782696723937988
reaction:2222,t-BuBrettPhos,3,,0.0,-0.95220947265625,13.654938697814941
reaction:2223,t-BuBrettPhos,0,,7.479579469,16.65911293029785,13.538896560668945
reaction:2224,t-BuBrettPhos,3,,39.99701682,35.92555236816406,13.780729293823242
reaction:2225,t-BuBrettPhos,1,,9.836570629,15.949762344360352,13.63835334777832
reaction:2226,t-BuBrettPhos,3,,16.26033077,18.740222930908203,13.41282844543457
reaction:2227,t-BuBrettPhos,0,,36.05690183,30.969789505004883,13.011228561401367
reaction:2228,t-BuBrettPhos,0,,0.0,1.2825851440429688,13.330195426940918
reaction:2229,t-BuBrettPhos,2,,15.39357697,22.644733428955078,13.675821304321289
reaction:2230,t-BuBrettPhos,2,,27.678997100000004,27.15151596069336,13.641938209533691
reaction:2231,t-BuBrettPhos,0,,20.24596352,11.38364028930664,13.449883460998535
reaction:2232,t-BuBrettPhos,3,,29.08430143,26.553611755371094,13.763418197631836
reaction:2233,t-BuBrettPhos,1,,38.79638342,32.90315628051758,13.693755149841309
reaction:2234,t-BuBrettPhos,3,,0.851812248,1.5046253204345703,13.812274932861328
reaction:2235,t-BuBrettPhos,3,,26.7810647,23.692440032958984,13.374180793762207
reaction:2236,t-BuBrettPhos,3,,29.42310745,29.888582229614258,13.611380577087402
reaction:2237,t-BuBrettPhos,3,,7.689322987000001,5.056306838989258,13.184788703918457
reaction:2238,t-BuBrettPhos,2,,45.3883139,39.7719841003418,13.882303237915039
reaction:2239,t-BuBrettPhos,3,,59.85587044,56.5083122253418,13.907139778137207
reaction:2240,t-BuBrettPhos,3,,49.94868445,52.85886764526367,13.885672569274902
reaction:2241,t-BuBrettPhos,4,,50.70720641,56.744651794433594,13.650964736938477
reaction:2242,t-BuBrettPhos,3,,77.95754061,68.1131591796875,13.702887535095215
reaction:2243,t-BuBrettPhos,1,,15.1222891,12.11614990234375,13.346833229064941
reaction:2244,t-BuBrettPhos,2,,45.50180654,50.54900360107422,13.990717887878418
reaction:2245,t-BuBrettPhos,2,,48.17982197,56.104888916015625,13.741244316101074
reaction:2246,t-BuBrettPhos,0,,1.232632372,1.3764305114746094,13.551475524902344
reaction:2247,t-BuBrettPhos,0,,5.992320527,2.7989959716796875,13.627157211303711
reaction:2248,t-BuBrettPhos,2,,4.022257677,2.4229583740234375,13.904186248779297
reaction:2249,t-BuBrettPhos,0,,0.0,-2.2844696044921875,13.578351020812988
reaction:2250,t-BuBrettPhos,0,,3.26158183,8.80119514465332,14.020557403564453
reaction:2251,t-BuBrettPhos,2,,6.286120839,4.088399887084961,13.837929725646973
reaction:2252,t-BuBrettPhos,1,,9.606838288,1.0266952514648438,13.89369010925293
reaction:2253,t-BuBrettPhos,4,,13.59760256,9.360885620117188,13.622740745544434
reaction:2254,t-BuBrettPhos,4,,10.04227922,8.210405349731445,13.871129989624023
reaction:2255,t-BuBrettPhos,0,,4.444109893,22.465614318847656,13.924050331115723
reaction:2256,t-BuBrettPhos,3,,2.413308832,14.034584045410156,13.248051643371582
reaction:2257,t-BuBrettPhos,2,,12.05269157,13.393760681152344,13.780546188354492
reaction:2258,t-BuBrettPhos,3,,0.0,2.650735855102539,13.61681079864502
reaction:2259,t-BuBrettPhos,1,,6.360003901000001,-1.1292610168457031,13.3494234085083
reaction:2260,t-BuBrettPhos,3,,6.499222361,0.42729949951171875,13.512731552124023
reaction:2261,t-BuBrettPhos,0,,0.7015522279999999,-0.5570716857910156,13.557302474975586
reaction:2262,t-BuBrettPhos,0,,2.069098233,4.617347717285156,13.478745460510254
reaction:2263,t-BuBrettPhos,0,,3.566410027,3.980234146118164,13.346619606018066
reaction:2264,t-BuBrettPhos,1,,0.0,-6.89569091796875,13.807046890258789
reaction:2265,t-BuBrettPhos,1,,0.64714493,-1.4428176879882812,13.729287147521973
reaction:2266,t-BuBrettPhos,2,,2.042704931,3.5683441162109375,13.77961540222168
reaction:2267,t-BuBrettPhos,1,,0.8551124720000001,-6.9474945068359375,14.078783988952637
reaction:2268,t-BuBrettPhos,4,,2.370474153,3.9284706115722656,13.300897598266602
reaction:2269,t-BuBrettPhos,3,,6.026719466,12.226520538330078,13.226468086242676
reaction:2270,t-BuBrettPhos,3,,0.0,4.084693908691406,13.281137466430664
reaction:2271,t-BuBrettPhos,2,,1.592422994,6.543174743652344,13.634238243103027
reaction:2272,t-BuBrettPhos,3,,2.633148758,9.996074676513672,13.447935104370117
reaction:2273,t-BuBrettPhos,3,,0.0,-0.09980392456054688,13.47572135925293
reaction:2274,t-BuBrettPhos,2,,1.73070141,9.758647918701172,13.573514938354492
reaction:2275,t-BuBrettPhos,0,,2.661542727,9.285184860229492,13.35799503326416
reaction:2276,t-BuBrettPhos,3,,20.0833829,13.133586883544922,13.180889129638672
reaction:2277,t-BuBrettPhos,0,,22.43503561,21.849441528320312,13.631254196166992
reaction:2278,t-BuBrettPhos,2,,22.47082227,24.08625030517578,13.816834449768066
reaction:2279,t-BuBrettPhos,4,,0.788355769,2.6511173248291016,13.44760513305664
reaction:2280,t-BuBrettPhos,0,,15.37805239,17.591196060180664,13.60042953491211
reaction:2281,t-BuBrettPhos,2,,15.73387398,19.756580352783203,13.823101997375488
reaction:2282,t-BuBrettPhos,0,,13.65409275,8.268230438232422,13.595271110534668
reaction:2283,t-BuBrettPhos,4,,30.87951231,32.68633270263672,13.620061874389648
reaction:2284,t-BuBrettPhos,1,,33.69627508,35.91278076171875,13.818900108337402
reaction:2285,t-BuBrettPhos,4,,40.01187418,39.2716178894043,13.66262435913086
reaction:2286,t-BuBrettPhos,4,,40.89777506,43.83979797363281,13.75198745727539
reaction:2287,t-BuBrettPhos,1,,44.9389876,44.514244079589844,13.896032333374023
reaction:2288,t-BuBrettPhos,0,,28.90716664,13.847372055053711,13.509602546691895
reaction:2289,t-BuBrettPhos,1,,32.16902238,35.02958679199219,13.751582145690918
reaction:2290,t-BuBrettPhos,4,,33.39106531,43.83112716674805,13.787093162536621
reaction:2291,t-BuBrettPhos,4,,16.27214516,14.912803649902344,13.069942474365234
reaction:2292,t-BuBrettPhos,3,,30.61272696,26.381519317626953,13.2852783203125
reaction:2293,t-BuBrettPhos,3,,42.70251629,34.5561408996582,13.108028411865234
reaction:2294,t-BuBrettPhos,1,,0.593797719,9.880977630615234,13.732121467590332
reaction:2295,t-BuBrettPhos,3,,23.1010236,26.35128402709961,12.818086624145508
reaction:2296,t-BuBrettPhos,2,,29.85245303,33.40754318237305,13.972071647644043
reaction:2297,t-BuBrettPhos,0,,9.228754169,17.382843017578125,13.90186882019043
reaction:2298,t-BuBrettPhos,3,,54.9141799,53.023216247558594,13.121966361999512
reaction:2299,t-BuBrettPhos,0,,59.29246641,53.08624267578125,13.2725830078125
reaction:2300,t-BuBrettPhos,2,,56.49708288,44.583412170410156,13.441327095031738
reaction:2301,t-BuBrettPhos,4,,63.56506276,50.80352020263672,13.218798637390137
reaction:2302,t-BuBrettPhos,4,,68.44214129,56.44477844238281,13.377253532409668
reaction:2303,t-BuBrettPhos,2,,36.10795647,23.96749496459961,13.834406852722168
reaction:2304,t-BuBrettPhos,4,,70.74157393,38.56317138671875,13.518385887145996
reaction:2305,t-BuBrettPhos,2,,73.24639173,47.02016067504883,14.012462615966797
reaction:2306,t-BuBrettPhos,4,,16.10027076,10.349374771118164,13.32336139678955
reaction:2307,t-BuBrettPhos,2,,29.89972719,28.195911407470703,13.237115859985352
reaction:2308,t-BuBrettPhos,2,,33.0062022,36.94098663330078,13.786139488220215
reaction:2309,t-BuBrettPhos,2,,0.0,3.223155975341797,13.474591255187988
reaction:2310,t-BuBrettPhos,4,,11.92095297,17.607986450195312,13.066658020019531
reaction:2311,t-BuBrettPhos,2,,18.20662132,30.252153396606445,13.90625
reaction:2312,t-BuBrettPhos,2,,9.58087319,5.908124923706055,13.520755767822266
reaction:2313,t-BuBrettPhos,3,,38.52322666,38.68268585205078,12.550711631774902
reaction:2314,t-BuBrettPhos,3,,44.01604328,51.993072509765625,12.682315826416016
reaction:2315,t-BuBrettPhos,1,,36.66758858,32.754207611083984,13.470871925354004
reaction:2316,t-BuBrettPhos,1,,43.48269562,37.330322265625,13.77936840057373
reaction:2317,t-BuBrettPhos,3,,47.63381676,54.314064025878906,12.95710277557373
reaction:2318,t-BuBrettPhos,1,,24.80297238,15.480688095092773,13.648662567138672
reaction:2319,t-BuBrettPhos,3,,53.55291415,53.89550018310547,12.755138397216797
reaction:2320,t-BuBrettPhos,0,,58.6831586,61.940574645996094,13.270613670349121
reaction:2321,t-BuBrettPhos,1,,22.90680768,22.237930297851562,13.718855857849121
reaction:2322,t-BuBrettPhos,4,,36.5499256,38.04716110229492,13.53016185760498
reaction:2323,t-BuBrettPhos,1,,49.30223849,51.310577392578125,13.782001495361328
reaction:2324,t-BuBrettPhos,2,,0.710304987,7.467195510864258,13.4595947265625
reaction:2325,t-BuBrettPhos,2,,29.57593303,36.81162643432617,13.68572998046875
reaction:2326,t-BuBrettPhos,2,,35.50826326,46.183494567871094,13.999632835388184
reaction:2327,t-BuBrettPhos,4,,13.45243807,9.356369018554688,13.471765518188477
reaction:2328,t-BuBrettPhos,0,,65.066599,61.83262634277344,13.480469703674316
reaction:2329,t-BuBrettPhos,2,,69.13479769,74.64444732666016,13.892461776733398
reaction:2330,t-BuBrettPhos,3,,80.10225068,65.68577575683594,13.368110656738281
reaction:2331,t-BuBrettPhos,1,,85.13318487,76.2737045288086,13.639245986938477
reaction:2332,t-BuBrettPhos,4,,89.59877790000002,85.09025573730469,13.738308906555176
reaction:2333,t-BuBrettPhos,4,,40.91094026,29.30227279663086,13.960699081420898
reaction:2334,t-BuBrettPhos,4,,80.00019125,66.63391876220703,13.434313774108887
reaction:2335,t-BuBrettPhos,2,,83.40919805,83.78810119628906,13.915214538574219
reaction:2336,AdBrettPhos,1,,0.0,-10.636405944824219,13.611563682556152
reaction:2337,AdBrettPhos,0,,0.0,-4.927318572998047,13.226696968078613
reaction:2338,AdBrettPhos,1,,12.15190247,4.745416641235352,13.721741676330566
reaction:2339,AdBrettPhos,2,,0.0,-12.088756561279297,13.373779296875
reaction:2340,AdBrettPhos,3,,0.0,4.341106414794922,13.504364013671875
reaction:2341,AdBrettPhos,3,,7.843927615,5.439460754394531,13.176934242248535
reaction:2342,AdBrettPhos,4,,0.0,-8.827316284179688,13.592276573181152
reaction:2343,AdBrettPhos,4,,1.023181291,17.66156005859375,13.635321617126465
reaction:2344,AdBrettPhos,2,,14.17510686,15.892681121826172,13.421669006347656
reaction:2345,AdBrettPhos,4,,0.0,14.137025833129883,13.643200874328613
reaction:2346,AdBrettPhos,0,,0.0,14.269369125366211,12.991933822631836
reaction:2347,AdBrettPhos,3,,17.5357483,24.93777847290039,13.964494705200195
reaction:2348,AdBrettPhos,2,,0.0,-11.225761413574219,13.395936965942383
reaction:2349,AdBrettPhos,4,,0.0,5.546474456787109,13.616497993469238
reaction:2350,AdBrettPhos,4,,16.7720232,13.48895263671875,13.916781425476074
reaction:2351,AdBrettPhos,1,,12.19056007,13.571920394897461,13.863073348999023
reaction:2352,AdBrettPhos,1,,34.43934364,30.855083465576172,13.622355461120605
reaction:2353,AdBrettPhos,1,,36.629676,37.10971450805664,13.784463882446289
reaction:2354,AdBrettPhos,3,,0.4065857229999999,5.080682754516602,13.413867950439453
reaction:2355,AdBrettPhos,4,,33.21564888,27.553918838500977,13.218449592590332
reaction:2356,AdBrettPhos,1,,37.49278178,36.279396057128906,13.631370544433594
reaction:2357,AdBrettPhos,0,,1.161532817,6.490913391113281,13.3153076171875
reaction:2358,AdBrettPhos,0,,50.13324447,46.63219451904297,13.245807647705078
reaction:2359,AdBrettPhos,4,,58.15311301,59.820430755615234,13.756436347961426
reaction:2360,AdBrettPhos,1,,43.94688122,37.95030212402344,13.541470527648926
reaction:2361,AdBrettPhos,1,,46.59177534,39.655189514160156,13.969630241394043
reaction:2362,AdBrettPhos,3,,51.25885662,55.072940826416016,13.820816040039062
reaction:2363,AdBrettPhos,4,,14.93339955,14.420961380004883,13.602349281311035
reaction:2364,AdBrettPhos,3,,55.59012858,56.22715759277344,13.582374572753906
reaction:2365,AdBrettPhos,3,,55.78951841,61.612796783447266,13.49799919128418
reaction:2366,AdBrettPhos,0,,14.51047679,21.392658233642578,13.374664306640625
reaction:2367,AdBrettPhos,0,,38.37909694,40.58222198486328,13.628114700317383
reaction:2368,AdBrettPhos,1,,52.49415636,54.69272994995117,13.906890869140625
reaction:2369,AdBrettPhos,1,,0.7862553109999999,10.380149841308594,13.553364753723145
reaction:2370,AdBrettPhos,3,,47.61178197,44.42061233520508,13.415262222290039
reaction:2371,AdBrettPhos,1,,50.83768511,51.36154556274414,13.558918952941895
reaction:2372,AdBrettPhos,4,,1.226267555,10.444244384765625,13.319092750549316
reaction:2373,AdBrettPhos,0,,75.29152855,65.96276092529297,13.613958358764648
reaction:2374,AdBrettPhos,3,,79.19714754,77.90158081054688,13.779443740844727
reaction:2375,AdBrettPhos,3,,83.03295526,69.49878692626953,13.82365894317627
reaction:2376,AdBrettPhos,2,,93.56409267,75.60661315917969,13.608591079711914
reaction:2377,AdBrettPhos,4,,96.13228316,87.56764221191406,13.635817527770996
reaction:2378,AdBrettPhos,0,,11.53765302,19.79017448425293,13.512340545654297
reaction:2379,AdBrettPhos,0,,89.97416157,75.68595123291016,12.868792533874512
reaction:2380,AdBrettPhos,2,,86.79260178,83.9299545288086,13.598464965820312
reaction:2381,AdBrettPhos,0,,7.257395781,3.0264320373535156,13.689102172851562
reaction:2382,AdBrettPhos,3,,9.576264128,5.379985809326172,13.909998893737793
reaction:2383,AdBrettPhos,3,,10.75553549,11.489978790283203,13.697043418884277
reaction:2384,AdBrettPhos,4,,0.6131578329999999,-1.8314094543457031,13.657820701599121
reaction:2385,AdBrettPhos,1,,10.63604029,14.255949020385742,14.05353832244873
reaction:2386,AdBrettPhos,2,,14.35852859,17.91177749633789,13.783625602722168
reaction:2387,AdBrettPhos,0,,1.582170389,1.5981330871582031,13.764135360717773
reaction:2388,AdBrettPhos,1,,13.89350209,21.732376098632812,13.467907905578613
reaction:2389,AdBrettPhos,3,,23.26106265,28.492050170898438,13.764084815979004
reaction:2390,AdBrettPhos,1,,15.64688259,25.34227752685547,14.066445350646973
reaction:2391,AdBrettPhos,0,,16.4099085,23.759342193603516,13.275838851928711
reaction:2392,AdBrettPhos,1,,23.02454867,35.80122375488281,14.171660423278809
reaction:2393,AdBrettPhos,2,,7.488530825,3.0666275024414062,13.562204360961914
reaction:2394,AdBrettPhos,2,,12.60415393,6.674625396728516,13.672337532043457
reaction:2395,AdBrettPhos,4,,14.36942688,14.844642639160156,13.732582092285156
reaction:2396,AdBrettPhos,2,,0.0,-5.685398101806641,13.742669105529785
reaction:2397,AdBrettPhos,2,,3.835722246,4.042110443115234,12.948824882507324
reaction:2398,AdBrettPhos,0,,13.98397961,16.16532325744629,13.393535614013672
reaction:2399,AdBrettPhos,2,,0.0,-8.389434814453125,13.222977638244629
reaction:2400,AdBrettPhos,3,,1.520182439,-0.9501686096191406,13.083084106445312
reaction:2401,AdBrettPhos,3,,16.00671459,11.133659362792969,13.802437782287598
reaction:2402,AdBrettPhos,4,,0.0,-9.377250671386719,13.565079689025879
reaction:2403,AdBrettPhos,4,,3.744544243,4.776821136474609,13.541014671325684
reaction:2404,AdBrettPhos,1,,27.85496925,32.70060729980469,13.636368751525879
reaction:2405,AdBrettPhos,0,,3.964447459,-1.9952125549316406,13.58410358428955
reaction:2406,AdBrettPhos,4,,6.168096918,6.382650375366211,13.521383285522461
reaction:2407,AdBrettPhos,1,,14.42398425,28.225414276123047,13.879700660705566
reaction:2408,AdBrettPhos,2,,0.0,-8.715137481689453,13.38636589050293
reaction:2409,AdBrettPhos,1,,7.466671245,14.546915054321289,13.705199241638184
reaction:2410,AdBrettPhos,3,,17.36013023,24.1302547454834,13.538308143615723
reaction:2411,AdBrettPhos,4,,5.889073661,12.641355514526367,13.768901824951172
reaction:2412,AdBrettPhos,0,,27.06341711,24.463058471679688,13.765899658203125
reaction:2413,AdBrettPhos,2,,34.65614692,34.54248046875,13.805609703063965
reaction:2414,AdBrettPhos,2,,0.0,-1.0452308654785156,13.508267402648926
reaction:2415,AdBrettPhos,4,,24.41645938,22.683712005615234,13.4707670211792
reaction:2416,AdBrettPhos,4,,25.12838943,31.84088897705078,13.76187515258789
reaction:2417,AdBrettPhos,2,,0.954745242,2.586801528930664,13.325101852416992
reaction:2418,AdBrettPhos,2,,43.35191306,32.15092468261719,13.951568603515625
reaction:2419,AdBrettPhos,0,,51.5902696,56.17780685424805,13.70202922821045
reaction:2420,AdBrettPhos,0,,48.18783868,38.05707931518555,13.667470932006836
reaction:2421,AdBrettPhos,2,,49.14544471,42.89858627319336,13.851639747619629
reaction:2422,AdBrettPhos,4,,63.351286,65.85787963867188,13.889420509338379
reaction:2423,AdBrettPhos,0,,3.647451971,11.110315322875977,13.683055877685547
reaction:2424,AdBrettPhos,2,,43.17813797,42.51531219482422,13.961594581604004
reaction:2425,AdBrettPhos,1,,47.34357171,52.55556106567383,13.149420738220215
reaction:2426,AdBrettPhos,4,,0.698318685,-1.1522903442382812,13.371652603149414
reaction:2427,AdBrettPhos,4,,2.97486192,-0.5965194702148438,13.250490188598633
reaction:2428,AdBrettPhos,4,,3.10979023,0.8614921569824219,13.47909927368164
reaction:2429,AdBrettPhos,1,,0.0,-1.7912445068359375,13.514721870422363
reaction:2430,AdBrettPhos,0,,0.489044772,7.905111312866211,14.120452880859375
reaction:2431,AdBrettPhos,4,,4.88514688,6.291881561279297,13.624747276306152
reaction:2432,AdBrettPhos,2,,0.0,3.2727890014648438,13.795281410217285
reaction:2433,AdBrettPhos,0,,1.305562617,11.394926071166992,13.735271453857422
reaction:2434,AdBrettPhos,4,,6.931862367000001,6.796211242675781,13.991301536560059
reaction:2435,AdBrettPhos,0,,0.0,15.097328186035156,13.965062141418457
reaction:2436,AdBrettPhos,2,,0.0,5.852901458740234,13.539071083068848
reaction:2437,AdBrettPhos,4,,6.151237345,7.605991363525391,13.778695106506348
reaction:2438,AdBrettPhos,0,,0.0,-0.5476722717285156,13.692296981811523
reaction:2439,AdBrettPhos,0,,2.42482932,-3.044769287109375,13.045604705810547
reaction:2440,AdBrettPhos,4,,7.121202502999999,2.7895145416259766,13.857748985290527
reaction:2441,AdBrettPhos,3,,0.0,-6.179195404052734,13.379410743713379
reaction:2442,AdBrettPhos,2,,1.12036933,0.9656105041503906,13.21217155456543
reaction:2443,AdBrettPhos,4,,1.896181594,2.350128173828125,13.55713939666748
reaction:2444,AdBrettPhos,0,,0.0,-6.01806640625,13.4245023727417
reaction:2445,AdBrettPhos,3,,0.0,-5.279716491699219,12.6652193069458
reaction:2446,AdBrettPhos,4,,0.974444275,2.8156261444091797,13.790038108825684
reaction:2447,AdBrettPhos,1,,0.0,-10.479690551757812,14.100330352783203
reaction:2448,AdBrettPhos,3,,0.9560868,-1.8595352172851562,13.20079517364502
reaction:2449,AdBrettPhos,2,,2.600006823,9.25233268737793,13.780095100402832
reaction:2450,AdBrettPhos,4,,0.0,-10.85153579711914,13.519369125366211
reaction:2451,AdBrettPhos,1,,0.0,-7.377662658691406,13.941471099853516
reaction:2452,AdBrettPhos,4,,0.0,-1.1200790405273438,13.834522247314453
reaction:2453,AdBrettPhos,3,,0.0,-5.206695556640625,13.542757034301758
reaction:2454,AdBrettPhos,4,,0.0,2.0983810424804688,13.801478385925293
reaction:2455,AdBrettPhos,1,,1.40959558,8.005043029785156,13.25510311126709
reaction:2456,AdBrettPhos,1,,17.87933698,12.486358642578125,14.051168441772461
reaction:2457,AdBrettPhos,1,,24.40165539,20.578411102294922,13.996613502502441
reaction:2458,AdBrettPhos,2,,24.45376754,24.578353881835938,13.969175338745117
reaction:2459,AdBrettPhos,3,,1.682541771,1.5046768188476562,13.428088188171387
reaction:2460,AdBrettPhos,0,,18.44134196,16.50947380065918,13.805710792541504
reaction:2461,AdBrettPhos,1,,18.87491239,21.099288940429688,13.781286239624023
reaction:2462,AdBrettPhos,1,,6.9499718360000005,4.863304138183594,14.099066734313965
reaction:2463,AdBrettPhos,1,,30.37188127,28.271902084350586,13.851746559143066
reaction:2464,AdBrettPhos,4,,33.47151562,35.482173919677734,13.814986228942871
reaction:2465,AdBrettPhos,3,,34.48220577,30.483686447143555,13.685652732849121
reaction:2466,AdBrettPhos,4,,35.36016156,38.14896011352539,13.804450035095215
reaction:2467,AdBrettPhos,4,,35.68280094,44.313106536865234,13.812248229980469
reaction:2468,AdBrettPhos,4,,18.37316337,16.203031539916992,13.922420501708984
reaction:2469,AdBrettPhos,3,,27.82910373,32.17259216308594,13.71932601928711
reaction:2470,AdBrettPhos,4,,37.08543096,44.00088119506836,13.957021713256836
reaction:2471,AdBrettPhos,0,,8.62455294,11.489908218383789,13.55942153930664
reaction:2472,AdBrettPhos,2,,14.26125924,19.159669876098633,13.126385688781738
reaction:2473,AdBrettPhos,4,,28.49871025,33.24085998535156,13.283638000488281
reaction:2474,AdBrettPhos,1,,0.538585368,2.9675655364990234,13.6792573928833
reaction:2475,AdBrettPhos,4,,13.34881918,21.08715057373047,13.385257720947266
reaction:2476,AdBrettPhos,1,,28.28230111,26.569828033447266,13.539761543273926
reaction:2477,AdBrettPhos,0,,1.999177844,9.46188735961914,13.923044204711914
reaction:2478,AdBrettPhos,3,,27.16016891,44.17649459838867,13.228750228881836
reaction:2479,AdBrettPhos,1,,50.52138402,48.314605712890625,13.78113842010498
reaction:2480,AdBrettPhos,4,,20.00288675,45.44767761230469,13.411453247070312
reaction:2481,AdBrettPhos,0,,25.99050807,50.88641357421875,13.181927680969238
reaction:2482,AdBrettPhos,0,,40.32898976,52.339942932128906,13.16655445098877
reaction:2483,AdBrettPhos,2,,13.34689497,13.42437744140625,13.931791305541992
reaction:2484,AdBrettPhos,4,,40.63647217,30.566389083862305,13.599478721618652
reaction:2485,AdBrettPhos,2,,74.04736649,40.108551025390625,14.145867347717285
reaction:2486,AdBrettPhos,2,,5.195732957,4.701662063598633,13.978967666625977
reaction:2487,AdBrettPhos,3,,19.31180946,19.890308380126953,13.014338493347168
reaction:2488,AdBrettPhos,3,,30.77223842,26.428281784057617,12.881369590759277
reaction:2489,AdBrettPhos,4,,0.0,-6.763805389404297,13.379607200622559
reaction:2490,AdBrettPhos,3,,11.75749506,5.715017318725586,12.300799369812012
reaction:2491,AdBrettPhos,0,,23.34747951,16.978717803955078,13.12812614440918
reaction:2492,AdBrettPhos,4,,1.039903259,-4.207695007324219,13.395833969116211
reaction:2493,AdBrettPhos,2,,28.39783953,26.74802017211914,13.3981294631958
reaction:2494,AdBrettPhos,1,,39.89470015,40.10260772705078,13.696261405944824
reaction:2495,AdBrettPhos,0,,13.79100096,17.324764251708984,13.412050247192383
reaction:2496,AdBrettPhos,3,,19.53099508,26.664554595947266,12.612698554992676
reaction:2497,AdBrettPhos,3,,26.870862899999995,39.584571838378906,13.14307689666748
reaction:2498,AdBrettPhos,1,,9.396462800000002,5.538473129272461,13.588966369628906
reaction:2499,AdBrettPhos,4,,40.58293806,36.6071662902832,13.626221656799316
reaction:2500,AdBrettPhos,3,,52.66349061,53.50518035888672,12.851608276367188
reaction:2501,AdBrettPhos,4,,15.85078385,14.921525955200195,13.610906600952148
reaction:2502,AdBrettPhos,2,,32.88980878,32.64104461669922,13.476225852966309
reaction:2503,AdBrettPhos,3,,47.13760632,43.47322082519531,13.498516082763672
reaction:2504,AdBrettPhos,3,,0.7072545920000001,-1.9626846313476562,13.186604499816895
reaction:2505,AdBrettPhos,0,,32.71728338,22.517623901367188,13.503308296203613
reaction:2506,AdBrettPhos,4,,41.68551837,35.62810134887695,13.643074035644531
reaction:2507,AdBrettPhos,0,,1.753987647,5.530733108520508,13.713593482971191
reaction:2508,AdBrettPhos,4,,54.56471519,51.882469177246094,13.57656478881836
reaction:2509,AdBrettPhos,2,,68.58213231,67.31468200683594,14.01486587524414
reaction:2510,AdBrettPhos,3,,60.52865164,50.66801834106445,13.58536148071289
reaction:2511,AdBrettPhos,3,,67.75052852,66.12871551513672,12.671326637268066
reaction:2512,AdBrettPhos,1,,80.80959568,76.18445587158203,13.609613418579102
reaction:2513,AdBrettPhos,4,,6.777260235,21.565288543701172,14.03400993347168
reaction:2514,AdBrettPhos,2,,48.77228165,69.55177307128906,13.810349464416504
reaction:2515,AdBrettPhos,4,,74.51133845,82.00837707519531,13.676115989685059
reaction:2516,XPhos,1,,24.10905766,26.52910041809082,16.636770248413086
reaction:2517,XPhos,0,,32.87780619,28.192485809326172,15.747488975524902
reaction:2518,XPhos,3,,43.39942952,40.914634704589844,16.066730499267578
reaction:2519,XPhos,2,,1.221284135,17.81542205810547,15.953299522399902
reaction:2520,XPhos,4,,25.1779767,29.197540283203125,16.29770278930664
reaction:2521,XPhos,1,,32.37253744,36.3883056640625,16.27033042907715
reaction:2522,XPhos,1,,7.676008537,20.617172241210938,17.141372680664062
reaction:2523,XPhos,0,,60.41732712,50.504920959472656,15.741296768188477
reaction:2524,XPhos,4,,64.50667156,55.517913818359375,17.770841598510742
reaction:2525,XPhos,1,,36.55522639,33.664344787597656,16.472997665405273
reaction:2526,XPhos,2,,46.64960106,41.12502670288086,16.09539031982422
reaction:2527,XPhos,4,,47.85301388,39.92356872558594,15.416138648986816
reaction:2528,XPhos,4,,21.44960942,28.574020385742188,16.01648712158203
reaction:2529,XPhos,3,,27.71714775,33.26933670043945,16.0997314453125
reaction:2530,XPhos,4,,52.2237426,50.66181182861328,15.720541000366211
reaction:2531,XPhos,0,,15.42545497,12.788930892944336,16.0278377532959
reaction:2532,XPhos,4,,30.08596307,27.241756439208984,15.730302810668945
reaction:2533,XPhos,4,,35.8368136,36.3227653503418,16.539880752563477
reaction:2534,XPhos,2,,0.0,5.021106719970703,15.692220687866211
reaction:2535,XPhos,4,,11.6535106,10.79469108581543,16.328136444091797
reaction:2536,XPhos,4,,17.02843498,16.791976928710938,15.937129020690918
reaction:2537,XPhos,2,,1.188847918,0.159820556640625,15.395430564880371
reaction:2538,XPhos,4,,32.40012299,31.035236358642578,16.17880630493164
reaction:2539,XPhos,0,,27.27757284,34.466087341308594,16.111101150512695
reaction:2540,XPhos,3,,24.95662893,25.512441635131836,15.963042259216309
reaction:2541,XPhos,0,,45.54864618,45.014320373535156,17.503820419311523
reaction:2542,XPhos,3,,42.79858664,49.47455596923828,15.697944641113281
reaction:2543,XPhos,3,,8.905135224,5.61482048034668,15.675532341003418
reaction:2544,XPhos,4,,18.1199602,19.230026245117188,15.641610145568848
reaction:2545,XPhos,0,,27.22195897,35.650691986083984,16.03540802001953
reaction:2546,XPhos,1,,8.286467695,15.213081359863281,17.010622024536133
reaction:2547,XPhos,3,,22.46669781,29.014080047607422,16.240324020385742
reaction:2548,XPhos,0,,37.70168941,38.998226165771484,16.335067749023438
reaction:2549,XPhos,2,,0.0,3.7089767456054688,16.04917335510254
reaction:2550,XPhos,2,,8.034140762,7.938465118408203,15.368038177490234
reaction:2551,XPhos,4,,20.18480169,18.043012619018555,15.992372512817383
reaction:2552,XPhos,2,,0.662349524,-0.8216171264648438,15.43234920501709
reaction:2553,XPhos,4,,21.77773542,31.667203903198242,15.90005111694336
reaction:2554,XPhos,0,,53.28001638,46.663883209228516,16.355609893798828
reaction:2555,XPhos,0,,23.90935743,27.506420135498047,16.893762588500977
reaction:2556,XPhos,0,,47.15771685,49.14458084106445,17.445409774780273
reaction:2557,XPhos,2,,62.53548833,54.98729705810547,15.592156410217285
reaction:2558,XPhos,4,,4.577603745,8.492485046386719,15.860902786254883
reaction:2559,XPhos,1,,21.19444726,20.77389907836914,16.535686492919922
reaction:2560,XPhos,3,,42.00065126,35.226478576660156,16.27243995666504
reaction:2561,XPhos,4,,18.40035471,23.900745391845703,16.215564727783203
reaction:2562,XPhos,3,,16.25238798,30.797740936279297,14.874512672424316
reaction:2563,XPhos,0,,42.71521565,38.320152282714844,16.157133102416992
reaction:2564,XPhos,4,,0.0,13.141439437866211,16.395532608032227
reaction:2565,XPhos,0,,39.12148383,27.774425506591797,15.996602058410645
reaction:2566,XPhos,2,,47.59873076,31.805789947509766,16.288143157958984
reaction:2567,XPhos,3,,3.5977898880000003,21.516969680786133,14.108380317687988
reaction:2568,XPhos,1,,69.98737297,40.91653823852539,16.319028854370117
reaction:2569,XPhos,1,,70.05483344,49.90406799316406,16.679031372070312
reaction:2570,XPhos,4,,20.97581455,34.93043518066406,17.05474090576172
reaction:2571,XPhos,2,,23.18775097,36.02717971801758,16.59879493713379
reaction:2572,XPhos,3,,22.00500964,43.95230484008789,14.814384460449219
reaction:2573,XPhos,3,,18.04784884,30.063709259033203,14.638794898986816
reaction:2574,XPhos,3,,23.57347354,33.994056701660156,14.668817520141602
reaction:2575,XPhos,1,,81.35759178,39.98726272583008,16.46653938293457
reaction:2576,XPhos,3,,14.75153907,11.454984664916992,14.541086196899414
reaction:2577,XPhos,1,,31.62416369,25.74680519104004,17.04909324645996
reaction:2578,XPhos,2,,37.39576088,35.05705261230469,16.069856643676758
reaction:2579,XPhos,0,,0.448085745,-1.04534912109375,16.248868942260742
reaction:2580,XPhos,3,,13.27473408,16.077795028686523,14.384398460388184
reaction:2581,XPhos,3,,17.72318391,22.864463806152344,14.377157211303711
reaction:2582,XPhos,4,,3.418730848,-2.0503082275390625,16.97101593017578
reaction:2583,XPhos,2,,25.1224442,31.909393310546875,15.801559448242188
reaction:2584,XPhos,3,,30.07190595,38.251956939697266,15.732507705688477
reaction:2585,XPhos,2,,22.54874195,21.104156494140625,16.01173210144043
reaction:2586,XPhos,0,,36.80117668,33.321495056152344,17.3723087310791
reaction:2587,XPhos,0,,42.20791273,40.54446792602539,15.648329734802246
reaction:2588,XPhos,3,,8.748271212999999,8.715507507324219,14.607619285583496
reaction:2589,XPhos,4,,19.13281286,19.372175216674805,16.643993377685547
reaction:2590,XPhos,3,,27.47497093,44.04436492919922,16.34307861328125
reaction:2591,XPhos,3,,9.361658454,11.63749885559082,14.008822441101074
reaction:2592,XPhos,1,,22.12521071,27.741851806640625,16.72690773010254
reaction:2593,XPhos,2,,38.83428513,38.88199996948242,15.963523864746094
reaction:2594,XPhos,1,,0.0,2.5557422637939453,17.829524993896484
reaction:2595,XPhos,0,,9.540244592,13.097326278686523,16.000144958496094
reaction:2596,XPhos,0,,21.41511712,24.437776565551758,15.828442573547363
reaction:2597,XPhos,4,,2.217163117,-0.9569625854492188,16.71318817138672
reaction:2598,XPhos,3,,25.83582864,31.522802352905273,14.261490821838379
reaction:2599,XPhos,0,,53.84533811,48.663509368896484,16.004335403442383
reaction:2600,XPhos,4,,25.36847762,30.08000946044922,17.1120548248291
reaction:2601,XPhos,0,,50.91041247,41.204254150390625,17.26932716369629
reaction:2602,XPhos,3,,62.69909879,51.54486083984375,14.491150856018066
reaction:2603,XPhos,1,,5.005508734,7.793163299560547,16.630847930908203
reaction:2604,XPhos,1,,24.92895829,24.72248077392578,16.409757614135742
reaction:2605,XPhos,2,,43.08223061,46.91747283935547,16.003597259521484
reaction:2606,XPhos,0,,26.47105008,18.881023406982422,14.082364082336426
reaction:2607,XPhos,0,,15.00790512,21.355846405029297,13.994811058044434
reaction:2608,XPhos,1,,40.67066673,35.73235321044922,14.994741439819336
reaction:2609,XPhos,2,,10.03471889,26.824378967285156,15.75672435760498
reaction:2610,XPhos,1,,44.50757189,41.83003616333008,16.259965896606445
reaction:2611,XPhos,2,,50.81226991,44.74848175048828,15.865043640136719
reaction:2612,XPhos,4,,13.26153778,14.381689071655273,13.819246292114258
reaction:2613,XPhos,3,,66.43295508,46.231109619140625,14.655492782592773
reaction:2614,XPhos,3,,69.21564786,45.57285690307617,15.453248023986816
reaction:2615,XPhos,4,,16.47592229,33.42542266845703,14.576006889343262
reaction:2616,XPhos,0,,19.59466142,36.244407653808594,15.896224975585938
reaction:2617,XPhos,3,,19.12358264,34.522560119628906,14.346662521362305
reaction:2618,XPhos,2,,37.0158274,20.626590728759766,15.93616771697998
reaction:2619,XPhos,4,,10.02539168,27.508365631103516,13.077260971069336
reaction:2620,XPhos,3,,41.01536377,41.827022552490234,14.529326438903809
reaction:2621,XPhos,4,,17.88950545,17.077547073364258,13.914051055908203
reaction:2622,XPhos,1,,30.84474943,29.742630004882812,15.192041397094727
reaction:2623,XPhos,3,,42.94679968,41.068138122558594,14.250149726867676
reaction:2624,XPhos,4,,39.22831543,19.00952911376953,13.949616432189941
reaction:2625,XPhos,4,,47.13740479,31.918121337890625,14.633163452148438
reaction:2626,XPhos,4,,49.46765787,30.75221061706543,14.103140830993652
reaction:2627,XPhos,4,,6.2629300720000005,5.998992919921875,14.473152160644531
reaction:2628,XPhos,3,,24.92429214,35.405433654785156,14.772442817687988
reaction:2629,XPhos,4,,29.29928272,40.55137252807617,16.79865074157715
reaction:2630,XPhos,3,,26.0695387,26.751922607421875,14.232556343078613
reaction:2631,XPhos,1,,40.32928262,45.7751579284668,15.084053993225098
reaction:2632,XPhos,4,,46.57912629,43.688575744628906,14.045073509216309
reaction:2633,XPhos,2,,10.87603871,14.454259872436523,15.887665748596191
reaction:2634,XPhos,1,,19.12422917,21.83057403564453,14.942541122436523
reaction:2635,XPhos,4,,30.41179661,30.01038360595703,13.995880126953125
reaction:2636,XPhos,2,,12.69227905,26.484676361083984,15.85232925415039
reaction:2637,XPhos,2,,24.01338043,32.59445571899414,15.62168025970459
reaction:2638,XPhos,0,,38.95047983,46.41224670410156,14.049171447753906
reaction:2639,XPhos,3,,38.99137319,27.53497886657715,15.170273780822754
reaction:2640,XPhos,1,,45.82883908,32.15195083618164,16.21913719177246
reaction:2641,XPhos,4,,50.09626002,34.0998649597168,13.757894515991211
reaction:2642,XPhos,3,,5.967393026,12.179445266723633,13.96533489227295
reaction:2643,XPhos,3,,28.83921229,36.67891311645508,14.574479103088379
reaction:2644,XPhos,1,,55.76912496,52.574012756347656,15.455389022827148
reaction:2645,XPhos,4,,27.19452945,37.105445861816406,14.63857364654541
reaction:2646,XPhos,4,,55.41075316,48.08622360229492,13.806357383728027
reaction:2647,XPhos,1,,64.88423444,52.20937728881836,15.223592758178711
reaction:2648,XPhos,3,,7.65708472,21.951854705810547,14.221518516540527
reaction:2649,XPhos,3,,24.91728565,23.743309020996094,14.206249237060547
reaction:2650,XPhos,1,,43.47281583,39.298309326171875,15.19279670715332
reaction:2651,XPhos,3,,6.618305452,10.512691497802734,15.77425479888916
reaction:2652,XPhos,2,,19.22189421,13.852806091308594,15.650644302368164
reaction:2653,XPhos,4,,38.88169758,25.259641647338867,16.81348419189453
reaction:2654,XPhos,3,,0.0,1.0347976684570312,16.985702514648438
reaction:2655,XPhos,1,,8.123761297,13.849649429321289,17.892864227294922
reaction:2656,XPhos,1,,9.226197008,19.843223571777344,16.72507667541504
reaction:2657,XPhos,3,,0.340410651,6.424345016479492,15.573511123657227
reaction:2658,XPhos,3,,32.95642094,33.52497863769531,16.920854568481445
reaction:2659,XPhos,3,,47.36333704,36.26298904418945,17.1915340423584
reaction:2660,XPhos,1,,24.01631717,23.480445861816406,16.854692459106445
reaction:2661,XPhos,1,,30.07960625,26.499393463134766,17.40575408935547
reaction:2662,XPhos,1,,29.79340439,28.63933563232422,16.8095703125
reaction:2663,XPhos,1,,3.1690993310000004,17.50691795349121,17.077529907226562
reaction:2664,XPhos,4,,18.20970217,19.881397247314453,15.67988109588623
reaction:2665,XPhos,4,,28.27747642,34.71171569824219,16.19407081604004
reaction:2666,XPhos,2,,9.330486935,6.329227447509766,16.318103790283203
reaction:2667,XPhos,1,,24.08891574,22.538772583007812,16.922779083251953
reaction:2668,XPhos,2,,26.99117029,33.13853073120117,15.915809631347656
reaction:2669,XPhos,3,,0.0,-1.3670196533203125,16.680320739746094
reaction:2670,XPhos,4,,7.405890222999999,4.660200119018555,16.79707145690918
reaction:2671,XPhos,4,,8.430071853,7.476001739501953,16.39393424987793
reaction:2672,XPhos,4,,0.72962294,-0.3441314697265625,16.40159797668457
reaction:2673,XPhos,3,,20.3250042,19.561634063720703,16.916889190673828
reaction:2674,XPhos,4,,20.51920273,27.789703369140625,18.505624771118164
reaction:2675,XPhos,3,,21.60400316,20.480430603027344,16.066062927246094
reaction:2676,XPhos,4,,30.2871506,38.98957824707031,16.608402252197266
reaction:2677,XPhos,2,,38.85520908,41.094444274902344,16.09943962097168
reaction:2678,XPhos,4,,4.143900161,0.15760040283203125,16.26664924621582
reaction:2679,XPhos,2,,16.01570816,10.073324203491211,17.538963317871094
reaction:2680,XPhos,0,,19.48013153,24.303852081298828,13.880038261413574
reaction:2681,XPhos,1,,5.982836529,8.525283813476562,16.69118309020996
reaction:2682,XPhos,3,,19.02499104,25.573354721069336,16.540599822998047
reaction:2683,XPhos,0,,34.0336157,36.761375427246094,14.417823791503906
reaction:2684,XPhos,2,,0.0,-0.15430450439453125,16.220691680908203
reaction:2685,XPhos,0,,4.698019536,4.754192352294922,13.721875190734863
reaction:2686,XPhos,2,,8.109204436,10.580997467041016,15.866497993469238
reaction:2687,XPhos,0,,0.94272788,-0.21815109252929688,16.056007385253906
reaction:2688,XPhos,3,,17.29489164,21.193918228149414,16.790912628173828
reaction:2689,XPhos,4,,38.16631108,39.16925811767578,18.29944610595703
reaction:2690,XPhos,4,,25.48313253,23.76425552368164,17.00687599182129
reaction:2691,XPhos,4,,49.96376516,44.590213775634766,16.49489974975586
reaction:2692,XPhos,4,,54.07334238,51.05734634399414,15.911340713500977
reaction:2693,XPhos,3,,3.609434473,0.5238189697265625,15.655661582946777
reaction:2694,XPhos,0,,16.57162393,20.251941680908203,13.723464965820312
reaction:2695,XPhos,2,,32.51941474,29.54892349243164,15.935725212097168
reaction:2696,t-BuXPhos,3,,24.17024028,29.24012565612793,15.782112121582031
reaction:2697,t-BuXPhos,0,,35.80552258,40.29523468017578,14.80272102355957
reaction:2698,t-BuXPhos,4,,40.2947746,41.22841262817383,15.872023582458496
reaction:2699,t-BuXPhos,2,,3.120933892,11.934846878051758,15.538297653198242
reaction:2700,t-BuXPhos,0,,42.30149711,46.53919982910156,14.806660652160645
reaction:2701,t-BuXPhos,2,,40.31193463,43.046600341796875,16.181983947753906
reaction:2702,t-BuXPhos,1,,10.90397812,16.435382843017578,15.185489654541016
reaction:2703,t-BuXPhos,1,,61.05645885,59.990657806396484,15.05514907836914
reaction:2704,t-BuXPhos,1,,64.44051661,58.06941223144531,14.864336013793945
reaction:2705,t-BuXPhos,1,,70.14701034,62.649200439453125,14.348691940307617
reaction:2706,t-BuXPhos,1,,70.25926715,69.98524475097656,15.63682746887207
reaction:2707,t-BuXPhos,1,,73.95050649,63.39201354980469,15.49612808227539
reaction:2708,t-BuXPhos,2,,27.32089436,35.12972640991211,15.991422653198242
reaction:2709,t-BuXPhos,2,,72.8784855,55.015037536621094,16.688705444335938
reaction:2710,t-BuXPhos,4,,74.62339174,56.43248748779297,16.132593154907227
reaction:2711,t-BuXPhos,1,,21.83853262,16.915298461914062,15.723917961120605
reaction:2712,t-BuXPhos,0,,34.89766998,37.27196502685547,15.12415599822998
reaction:2713,t-BuXPhos,0,,40.40712226,40.082313537597656,15.540788650512695
reaction:2714,t-BuXPhos,0,,0.3399420529999999,0.9489593505859375,14.906854629516602
reaction:2715,t-BuXPhos,3,,37.12675544,31.491992950439453,15.814602851867676
reaction:2716,t-BuXPhos,0,,34.27058432,38.733642578125,13.968185424804688
reaction:2717,t-BuXPhos,3,,1.3589469669999998,1.6053428649902344,16.652606964111328
reaction:2718,t-BuXPhos,1,,57.33300234,55.12459182739258,15.474815368652344
reaction:2719,t-BuXPhos,1,,64.45105489,58.28340148925781,14.962693214416504
reaction:2720,t-BuXPhos,2,,61.13755675,61.99503707885742,15.3590087890625
reaction:2721,t-BuXPhos,3,,70.67829218,65.63429260253906,14.920201301574707
reaction:2722,t-BuXPhos,0,,58.46064001,67.37750244140625,14.744105339050293
reaction:2723,t-BuXPhos,1,,21.26152094,12.317268371582031,14.146734237670898
reaction:2724,t-BuXPhos,1,,61.01774399,65.90794372558594,15.157973289489746
reaction:2725,t-BuXPhos,4,,68.67316565,66.44677734375,16.083269119262695
reaction:2726,t-BuXPhos,2,,24.48223218,20.335723876953125,16.366331100463867
reaction:2727,t-BuXPhos,4,,38.35488356,37.14632797241211,16.186967849731445
reaction:2728,t-BuXPhos,0,,42.68462411,45.17680740356445,15.606395721435547
reaction:2729,t-BuXPhos,2,,0.399824711,0.7399101257324219,15.448951721191406
reaction:2730,t-BuXPhos,3,,47.37471195,38.400917053222656,15.755386352539062
reaction:2731,t-BuXPhos,2,,42.52654707,44.50843811035156,16.10856056213379
reaction:2732,t-BuXPhos,2,,1.442502721,3.7058563232421875,16.380022048950195
reaction:2733,t-BuXPhos,0,,67.97015702,66.29106140136719,15.513471603393555
reaction:2734,t-BuXPhos,3,,67.99152053,73.62109375,16.502805709838867
reaction:2735,t-BuXPhos,2,,83.17489955,79.25159454345703,15.319194793701172
reaction:2736,t-BuXPhos,1,,81.27460019,84.69218444824219,15.223451614379883
reaction:2737,t-BuXPhos,3,,84.68245385,86.57403564453125,16.080730438232422
reaction:2738,t-BuXPhos,0,,23.79770547,26.921649932861328,15.295613288879395
reaction:2739,t-BuXPhos,0,,79.51166554,80.98828125,13.855095863342285
reaction:2740,t-BuXPhos,0,,79.64252926,86.25531005859375,14.741994857788086
reaction:2741,t-BuXPhos,1,,31.73318055,34.356868743896484,16.536659240722656
reaction:2742,t-BuXPhos,0,,33.92093167,37.62953186035156,16.134201049804688
reaction:2743,t-BuXPhos,3,,38.41251828,37.52056884765625,16.62211036682129
reaction:2744,t-BuXPhos,3,,1.277604509,8.144859313964844,16.210643768310547
reaction:2745,t-BuXPhos,4,,46.04956103,48.28037643432617,16.252897262573242
reaction:2746,t-BuXPhos,4,,43.335395,45.74750900268555,16.699411392211914
reaction:2747,t-BuXPhos,2,,9.850315112,14.008955001831055,16.475961685180664
reaction:2748,t-BuXPhos,2,,63.8388463,60.67906951904297,16.581233978271484
reaction:2749,t-BuXPhos,0,,64.60187181,58.36848449707031,16.454524993896484
reaction:2750,t-BuXPhos,1,,54.53336611,66.88653564453125,15.709600448608398
reaction:2751,t-BuXPhos,4,,55.70352222,69.47621154785156,15.353560447692871
reaction:2752,t-BuXPhos,0,,57.7580975,67.73968505859375,16.118913650512695
reaction:2753,t-BuXPhos,0,,51.955783200000006,30.30912208557129,16.434629440307617
reaction:2754,t-BuXPhos,4,,71.32414041,49.825103759765625,16.2105770111084
reaction:2755,t-BuXPhos,3,,78.36249844,57.12799835205078,16.599044799804688
reaction:2756,t-BuXPhos,4,,31.26129694,23.68895721435547,17.036638259887695
reaction:2757,t-BuXPhos,3,,38.72175402,35.92356491088867,16.620338439941406
reaction:2758,t-BuXPhos,4,,36.57290373,37.860015869140625,16.379425048828125
reaction:2759,t-BuXPhos,4,,0.719285108,-1.4248809814453125,16.04861831665039
reaction:2760,t-BuXPhos,4,,36.22635154,37.925350189208984,16.69895362854004
reaction:2761,t-BuXPhos,1,,33.94655387,41.95154571533203,16.875165939331055
reaction:2762,t-BuXPhos,0,,3.373624056,4.857076644897461,16.5673828125
reaction:2763,t-BuXPhos,1,,54.46826622,59.635459899902344,16.500587463378906
reaction:2764,t-BuXPhos,2,,62.7905956,64.40373229980469,16.77044677734375
reaction:2765,t-BuXPhos,3,,66.11270607,58.28237533569336,16.659406661987305
reaction:2766,t-BuXPhos,0,,66.35401825,65.37138366699219,15.897765159606934
reaction:2767,t-BuXPhos,4,,65.50261834,63.37743377685547,16.898405075073242
reaction:2768,t-BuXPhos,4,,33.03335054,25.633163452148438,16.869661331176758
reaction:2769,t-BuXPhos,0,,65.91039362,66.36575317382812,15.103622436523438
reaction:2770,t-BuXPhos,3,,67.31022474,65.07699584960938,16.588417053222656
reaction:2771,t-BuXPhos,3,,33.931236600000005,27.387903213500977,16.14108657836914
reaction:2772,t-BuXPhos,0,,40.60161129,41.28343200683594,16.39912223815918
reaction:2773,t-BuXPhos,1,,42.25144884,41.63968276977539,16.553857803344727
reaction:2774,t-BuXPhos,0,,1.152603634,-1.5553436279296875,16.20596694946289
reaction:2775,t-BuXPhos,2,,46.21141257,45.21762466430664,16.664188385009766
reaction:2776,t-BuXPhos,3,,44.40779423,44.980865478515625,16.17007064819336
reaction:2777,t-BuXPhos,0,,3.864236463,5.084693908691406,16.613317489624023
reaction:2778,t-BuXPhos,1,,69.25619095,69.83356475830078,16.341575622558594
reaction:2779,t-BuXPhos,3,,68.71737558,72.33341979980469,16.595176696777344
reaction:2780,t-BuXPhos,3,,82.51131881,78.74642181396484,16.43396759033203
reaction:2781,t-BuXPhos,1,,84.42429873,80.09748840332031,16.911819458007812
reaction:2782,t-BuXPhos,0,,83.82528245,86.4898681640625,16.257463455200195
reaction:2783,t-BuXPhos,0,,33.61928283,33.06813049316406,16.792654037475586
reaction:2784,t-BuXPhos,2,,76.73725946,85.93692779541016,16.664226531982422
reaction:2785,t-BuXPhos,0,,78.2529931,87.3503189086914,16.041126251220703
reaction:2786,t-BuXPhos,0,,33.44709826,37.81742858886719,16.2712459564209
reaction:2787,t-BuXPhos,3,,36.56526068,39.522220611572266,15.60886001586914
reaction:2788,t-BuXPhos,2,,39.55792883,41.1912956237793,16.744266510009766
reaction:2789,t-BuXPhos,0,,8.38964842,35.931312561035156,16.326101303100586
reaction:2790,t-BuXPhos,0,,65.92742304,61.384883880615234,16.260393142700195
reaction:2791,t-BuXPhos,2,,63.53284655,54.83029556274414,16.617382049560547
reaction:2792,t-BuXPhos,0,,9.771808987,16.964332580566406,16.355287551879883
reaction:2793,t-BuXPhos,1,,64.80559966,65.25022888183594,15.338102340698242
reaction:2794,t-BuXPhos,2,,63.41514905,60.10271453857422,17.03434944152832
reaction:2795,t-BuXPhos,2,,62.46560879,67.32876586914062,15.848580360412598
reaction:2796,t-BuXPhos,1,,64.57811697,69.60888671875,16.058717727661133
reaction:2797,t-BuXPhos,4,,63.222267,67.8653564453125,15.678467750549316
reaction:2798,t-BuXPhos,3,,65.33671460000001,40.838043212890625,15.514970779418945
reaction:2799,t-BuXPhos,0,,72.70586315,59.975074768066406,15.349092483520508
reaction:2800,t-BuXPhos,4,,76.79526891,57.76998519897461,15.350434303283691
reaction:2801,t-BuXPhos,3,,33.27025402,29.510215759277344,15.485069274902344
reaction:2802,t-BuXPhos,2,,39.35320613,37.85881805419922,15.986139297485352
reaction:2803,t-BuXPhos,1,,39.02512557,41.90180206298828,15.633227348327637
reaction:2804,t-BuXPhos,4,,41.03794598,21.44243812561035,14.74860668182373
reaction:2805,t-BuXPhos,3,,57.95486785,54.37651824951172,15.336181640625
reaction:2806,t-BuXPhos,1,,52.14546944,56.44660568237305,16.25299072265625
reaction:2807,t-BuXPhos,2,,5.06261629,4.094722747802734,16.607711791992188
reaction:2808,t-BuXPhos,1,,57.19204969,61.34183120727539,15.544047355651855
reaction:2809,t-BuXPhos,3,,59.81582481,64.05809783935547,15.912970542907715
reaction:2810,t-BuXPhos,3,,62.39976577,64.90644836425781,15.702949523925781
reaction:2811,t-BuXPhos,2,,66.50686069,69.10651397705078,16.623661041259766
reaction:2812,t-BuXPhos,1,,62.22086343,66.66566467285156,16.14552116394043
reaction:2813,t-BuXPhos,3,,37.522573,29.092567443847656,15.892373085021973
reaction:2814,t-BuXPhos,0,,60.65973957,66.70283508300781,15.320956230163574
reaction:2815,t-BuXPhos,3,,65.9488999,71.75688934326172,16.018821716308594
reaction:2816,t-BuXPhos,1,,37.07516302,31.441055297851562,15.729148864746094
reaction:2817,t-BuXPhos,0,,39.89366621,42.16960144042969,16.16687774658203
reaction:2818,t-BuXPhos,0,,41.55598689,46.642086029052734,16.81304931640625
reaction:2819,t-BuXPhos,2,,42.05804129999999,21.849889755249023,15.468025207519531
reaction:2820,t-BuXPhos,0,,66.26538653,61.761688232421875,16.218111038208008
reaction:2821,t-BuXPhos,3,,56.80622374,60.407554626464844,15.286718368530273
reaction:2822,t-BuXPhos,3,,5.460903942000001,7.225475311279297,15.422626495361328
reaction:2823,t-BuXPhos,0,,69.07936453,73.39875793457031,16.34964942932129
reaction:2824,t-BuXPhos,1,,67.52036403,72.0128173828125,15.014400482177734
reaction:2825,t-BuXPhos,0,,84.81458604,84.96842956542969,16.543458938598633
reaction:2826,t-BuXPhos,0,,83.82537223,86.46270751953125,15.44857120513916
reaction:2827,t-BuXPhos,2,,85.99469652,84.61824035644531,16.36298179626465
reaction:2828,t-BuXPhos,3,,45.19876304,37.04907989501953,15.70050048828125
reaction:2829,t-BuXPhos,0,,78.63353277,84.042236328125,15.568587303161621
reaction:2830,t-BuXPhos,0,,81.63071985,88.4744873046875,15.904105186462402
reaction:2831,t-BuXPhos,3,,17.50108516,25.773941040039062,16.43181037902832
reaction:2832,t-BuXPhos,4,,38.94339394,38.806339263916016,16.512733459472656
reaction:2833,t-BuXPhos,4,,40.11142329,39.96467208862305,16.046506881713867
reaction:2834,t-BuXPhos,3,,0.0,12.390609741210938,16.49810028076172
reaction:2835,t-BuXPhos,3,,42.74477554,46.45430374145508,16.414487838745117
reaction:2836,t-BuXPhos,2,,44.8781348,37.79081726074219,16.684192657470703
reaction:2837,t-BuXPhos,1,,0.6491105420000001,13.635242462158203,16.67344856262207
reaction:2838,t-BuXPhos,2,,65.57301901,59.33535385131836,16.681360244750977
reaction:2839,t-BuXPhos,2,,66.67600965,54.551719665527344,17.374553680419922
reaction:2840,t-BuXPhos,4,,70.24905586,62.34352111816406,16.380508422851562
reaction:2841,t-BuXPhos,1,,69.97972982,68.1125717163086,17.22451400756836
reaction:2842,t-BuXPhos,0,,75.73582011,66.36231994628906,16.133230209350586
reaction:2843,t-BuXPhos,3,,8.776630532999999,25.53280258178711,16.832630157470703
reaction:2844,t-BuXPhos,2,,74.07785582,53.99101638793945,17.20838737487793
reaction:2845,t-BuXPhos,1,,75.28558302,62.23294448852539,15.39069652557373
reaction:2846,t-BuXPhos,4,,12.26279814,12.017757415771484,16.612348556518555
reaction:2847,t-BuXPhos,3,,37.31441052,34.33893585205078,16.77898597717285
reaction:2848,t-BuXPhos,0,,36.58867026,37.734092712402344,16.596277236938477
reaction:2849,t-BuXPhos,1,,0.0,-0.319732666015625,17.019866943359375
reaction:2850,t-BuXPhos,2,,38.66523027,36.206668853759766,17.140785217285156
reaction:2851,t-BuXPhos,1,,31.57364304,40.76188278198242,17.283241271972656
reaction:2852,t-BuXPhos,4,,0.638545637,-0.32621002197265625,16.202787399291992
reaction:2853,t-BuXPhos,1,,57.71086681,57.2611083984375,16.99340057373047
reaction:2854,t-BuXPhos,2,,59.93143231,60.91657638549805,17.348609924316406
reaction:2855,t-BuXPhos,3,,61.82340519,61.617454528808594,16.672508239746094
reaction:2856,t-BuXPhos,1,,71.09717455,67.18031311035156,17.3546199798584
reaction:2857,t-BuXPhos,2,,59.66718586,70.85745239257812,16.74693489074707
reaction:2858,t-BuXPhos,0,,6.7680647810000005,10.580345153808594,16.367984771728516
reaction:2859,t-BuXPhos,0,,63.07769687,60.59876251220703,15.309722900390625
reaction:2860,t-BuXPhos,4,,68.10761052,73.09196472167969,16.453584671020508
reaction:2861,t-BuXPhos,3,,12.21708819,16.556434631347656,16.335033416748047
reaction:2862,t-BuXPhos,4,,40.36775448,37.264427185058594,16.722261428833008
reaction:2863,t-BuXPhos,2,,42.68363634,42.57476806640625,16.817672729492188
reaction:2864,t-BuXPhos,4,,0.0,-2.4707603454589844,15.71496868133545
reaction:2865,t-BuXPhos,3,,47.71503964,38.43955993652344,16.349620819091797
reaction:2866,t-BuXPhos,2,,44.37252425,41.421958923339844,16.670515060424805
reaction:2867,t-BuXPhos,4,,0.609947969,-0.14389419555664062,16.080223083496094
reaction:2868,t-BuXPhos,3,,70.19925962,65.5537109375,15.597915649414062
reaction:2869,t-BuXPhos,1,,65.42133393,71.36746215820312,16.513370513916016
reaction:2870,t-BuXPhos,4,,84.64975432,74.30946350097656,16.338424682617188
reaction:2871,t-BuXPhos,2,,83.38501147,85.01322174072266,17.058149337768555
reaction:2872,t-BuXPhos,0,,86.49714531,83.54670715332031,16.185453414916992
reaction:2873,t-BuXPhos,0,,0.0,19.927509307861328,16.521745681762695
reaction:2874,t-BuXPhos,1,,78.00288409,82.98443603515625,16.555997848510742
reaction:2875,t-BuXPhos,4,,79.34654649,86.99285888671875,16.253572463989258
reaction:2876,t-BuBrettPhos,2,,7.147036957999999,9.65859603881836,13.771529197692871
reaction:2877,t-BuBrettPhos,2,,28.25277351,28.57683563232422,12.986051559448242
reaction:2878,t-BuBrettPhos,2,,34.79607292,36.80033874511719,13.81896686553955
reaction:2879,t-BuBrettPhos,1,,0.4713272579999999,6.47740364074707,12.99523639678955
reaction:2880,t-BuBrettPhos,0,,38.40946204,40.63048553466797,13.371498107910156
reaction:2881,t-BuBrettPhos,2,,42.82874785,46.238563537597656,13.902776718139648
reaction:2882,t-BuBrettPhos,1,,6.975926865,17.31159210205078,13.344437599182129
reaction:2883,t-BuBrettPhos,1,,54.39040243,58.407386779785156,12.898262023925781
reaction:2884,t-BuBrettPhos,4,,68.43167679,62.92681121826172,13.94216537475586
reaction:2885,t-BuBrettPhos,4,,70.51359377,70.47257995605469,13.557343482971191
reaction:2886,t-BuBrettPhos,0,,72.16100406,73.53346252441406,13.059779167175293
reaction:2887,t-BuBrettPhos,1,,78.28452045,70.35379028320312,13.306577682495117
reaction:2888,t-BuBrettPhos,1,,6.877576478,14.794729232788086,13.304587364196777
reaction:2889,t-BuBrettPhos,0,,47.63735715,50.35631561279297,12.752230644226074
reaction:2890,t-BuBrettPhos,4,,52.16406686,55.21861267089844,13.616863250732422
reaction:2891,t-BuBrettPhos,0,,3.849200649,6.6881866455078125,13.504963874816895
reaction:2892,t-BuBrettPhos,2,,35.33279168,30.22279167175293,12.733832359313965
reaction:2893,t-BuBrettPhos,1,,37.62624076,39.618003845214844,13.401028633117676
reaction:2894,t-BuBrettPhos,0,,0.0,-0.16283798217773438,13.233901977539062
reaction:2895,t-BuBrettPhos,4,,25.94389985,27.76120376586914,13.284131050109863
reaction:2896,t-BuBrettPhos,3,,42.12607272,38.28922653198242,13.658530235290527
reaction:2897,t-BuBrettPhos,4,,3.554195282,3.080120086669922,13.425846099853516
reaction:2898,t-BuBrettPhos,4,,50.4472159,45.13589096069336,13.248453140258789
reaction:2899,t-BuBrettPhos,4,,62.03548199,65.06549072265625,13.767898559570312
reaction:2900,t-BuBrettPhos,3,,55.58164705,48.8883056640625,13.801342964172363
reaction:2901,t-BuBrettPhos,2,,56.60877307,54.156272888183594,13.290992736816406
reaction:2902,t-BuBrettPhos,0,,69.52780108,61.90790557861328,12.891140937805176
reaction:2903,t-BuBrettPhos,3,,2.7908224180000003,8.269613265991211,13.668038368225098
reaction:2904,t-BuBrettPhos,3,,55.60412419,57.43379211425781,13.774067878723145
reaction:2905,t-BuBrettPhos,0,,65.50667277,65.70758819580078,13.338361740112305
reaction:2906,t-BuBrettPhos,1,,3.638207936,6.570928573608398,13.564652442932129
reaction:2907,t-BuBrettPhos,4,,35.20060583,32.26818084716797,13.405851364135742
reaction:2908,t-BuBrettPhos,3,,40.48594286,43.94540023803711,13.537320137023926
reaction:2909,t-BuBrettPhos,3,,0.0,-4.798591613769531,13.49555492401123
reaction:2910,t-BuBrettPhos,1,,31.9378098,35.371212005615234,13.466787338256836
reaction:2911,t-BuBrettPhos,3,,49.97942971,44.116233825683594,13.431812286376953
reaction:2912,t-BuBrettPhos,4,,4.04132523,0.3225364685058594,13.30280876159668
reaction:2913,t-BuBrettPhos,4,,55.23935567,56.99889373779297,13.48198413848877
reaction:2914,t-BuBrettPhos,3,,71.83207772,75.14800262451172,13.42935848236084
reaction:2915,t-BuBrettPhos,4,,71.00136701,68.29183959960938,13.55617618560791
reaction:2916,t-BuBrettPhos,1,,80.78104004,79.5250244140625,13.581887245178223
reaction:2917,t-BuBrettPhos,1,,91.13914928,87.31893920898438,13.55128288269043
reaction:2918,t-BuBrettPhos,3,,2.354282195,7.209861755371094,13.328622817993164
reaction:2919,t-BuBrettPhos,3,,72.70181754,68.76789855957031,13.70366096496582
reaction:2920,t-BuBrettPhos,3,,81.99763098,82.56301879882812,13.43443489074707
reaction:2921,t-BuBrettPhos,1,,1.2229069259999998,11.232515335083008,13.458161354064941
reaction:2922,t-BuBrettPhos,2,,24.60563466,25.696311950683594,12.691205978393555
reaction:2923,t-BuBrettPhos,3,,33.55651029,32.50715255737305,13.68743896484375
reaction:2924,t-BuBrettPhos,3,,0.0,3.358142852783203,13.554963111877441
reaction:2925,t-BuBrettPhos,3,,46.67086698,43.213409423828125,13.221911430358887
reaction:2926,t-BuBrettPhos,1,,49.72808893,45.770225524902344,13.364017486572266
reaction:2927,t-BuBrettPhos,1,,7.810317962999999,8.769332885742188,13.69948673248291
reaction:2928,t-BuBrettPhos,2,,64.56169067,64.92535400390625,13.205784797668457
reaction:2929,t-BuBrettPhos,2,,69.13688603,63.85734176635742,13.608718872070312
reaction:2930,t-BuBrettPhos,0,,80.28534176,72.62464904785156,13.331027030944824
reaction:2931,t-BuBrettPhos,2,,77.62777181,73.48683166503906,13.506669998168945
reaction:2932,t-BuBrettPhos,3,,82.33244396,74.53050994873047,13.51374340057373
reaction:2933,t-BuBrettPhos,2,,0.0,12.709651947021484,13.703155517578125
reaction:2934,t-BuBrettPhos,0,,35.33291059,39.47543716430664,12.74595832824707
reaction:2935,t-BuBrettPhos,4,,55.96628365,58.569759368896484,13.373348236083984
reaction:2936,t-BuBrettPhos,2,,13.70204119,10.460519790649414,14.134988784790039
reaction:2937,t-BuBrettPhos,4,,37.08529427,31.802396774291992,13.943655967712402
reaction:2938,t-BuBrettPhos,2,,36.0162633,36.86162567138672,14.194480895996094
reaction:2939,t-BuBrettPhos,3,,0.0,2.485809326171875,13.307150840759277
reaction:2940,t-BuBrettPhos,3,,34.74723042,34.71928787231445,12.647124290466309
reaction:2941,t-BuBrettPhos,3,,40.08752213,43.48210906982422,13.216115951538086
reaction:2942,t-BuBrettPhos,3,,4.7108856,4.643861770629883,13.322678565979004
reaction:2943,t-BuBrettPhos,1,,59.00727735,53.99199676513672,13.231752395629883
reaction:2944,t-BuBrettPhos,3,,60.61766338,67.90324401855469,13.294259071350098
reaction:2945,t-BuBrettPhos,2,,56.33395035,56.20661163330078,14.162116050720215
reaction:2946,t-BuBrettPhos,2,,60.94658978,56.98538589477539,13.96298885345459
reaction:2947,t-BuBrettPhos,4,,63.37225968,63.179054260253906,13.985879898071289
reaction:2948,t-BuBrettPhos,2,,8.39178019,10.470235824584961,13.894885063171387
reaction:2949,t-BuBrettPhos,4,,56.79309437,59.14141845703125,13.914360046386719
reaction:2950,t-BuBrettPhos,2,,61.57150807,66.42178344726562,14.287013053894043
reaction:2951,t-BuBrettPhos,3,,11.32681683,10.483896255493164,13.162708282470703
reaction:2952,t-BuBrettPhos,0,,38.5374711,39.1580810546875,13.662703514099121
reaction:2953,t-BuBrettPhos,1,,41.728023,43.739349365234375,13.70101547241211
reaction:2954,t-BuBrettPhos,0,,0.0,-0.5660324096679688,13.458154678344727
reaction:2955,t-BuBrettPhos,0,,46.19860459,43.36132049560547,13.406031608581543
reaction:2956,t-BuBrettPhos,3,,49.53018855,51.4112548828125,13.457518577575684
reaction:2957,t-BuBrettPhos,2,,4.961974313,2.853515625,13.463106155395508
reaction:2958,t-BuBrettPhos,3,,70.71411309999999,68.65805053710938,12.775593757629395
reaction:2959,t-BuBrettPhos,0,,71.82751675,76.67118072509766,13.618534088134766
reaction:2960,t-BuBrettPhos,2,,86.6996801,81.04336547851562,13.68726634979248
reaction:2961,t-BuBrettPhos,4,,84.33974431,88.913330078125,13.13521957397461
reaction:2962,t-BuBrettPhos,4,,89.12987666,94.34928131103516,13.236806869506836
reaction:2963,t-BuBrettPhos,0,,6.458217991000001,9.216659545898438,13.464524269104004
reaction:2964,t-BuBrettPhos,0,,76.47373216,73.16620635986328,12.919037818908691
reaction:2965,t-BuBrettPhos,2,,83.59935968,83.8504867553711,13.857705116271973
reaction:2966,t-BuBrettPhos,3,,14.29478531,15.519908905029297,13.41971492767334
reaction:2967,t-BuBrettPhos,3,,28.32846401,23.309810638427734,13.697389602661133
reaction:2968,t-BuBrettPhos,3,,36.31466019,29.96312141418457,13.548178672790527
reaction:2969,t-BuBrettPhos,1,,7.206982067,18.864925384521484,13.42122745513916
reaction:2970,t-BuBrettPhos,4,,57.87284649,58.66392517089844,13.491277694702148
reaction:2971,t-BuBrettPhos,2,,60.98476598,58.84162902832031,13.580608367919922
reaction:2972,t-BuBrettPhos,0,,9.444894792,9.118602752685547,13.432058334350586
reaction:2973,t-BuBrettPhos,4,,65.10791868,68.44467163085938,13.368144035339355
reaction:2974,t-BuBrettPhos,3,,72.37220718,61.156646728515625,13.543030738830566
reaction:2975,t-BuBrettPhos,1,,78.76794462,74.49627685546875,13.257497787475586
reaction:2976,t-BuBrettPhos,0,,77.82985513,70.18712615966797,12.78214168548584
reaction:2977,t-BuBrettPhos,3,,79.30639259,61.990928649902344,13.816329002380371
reaction:2978,t-BuBrettPhos,2,,6.010382761,23.4503116607666,13.422978401184082
reaction:2979,t-BuBrettPhos,1,,37.26514805,39.896488189697266,13.011714935302734
reaction:2980,t-BuBrettPhos,3,,54.37431586,55.076576232910156,13.58903980255127
reaction:2981,t-BuBrettPhos,1,,27.94500953,20.706253051757812,13.594977378845215
reaction:2982,t-BuBrettPhos,0,,36.81475234,37.472389221191406,13.137571334838867
reaction:2983,t-BuBrettPhos,1,,36.76661903,41.26655197143555,13.846070289611816
reaction:2984,t-BuBrettPhos,2,,39.97323526,33.537166595458984,13.149574279785156
reaction:2985,t-BuBrettPhos,0,,57.13220837,57.39714813232422,12.925923347473145
reaction:2986,t-BuBrettPhos,0,,60.30536067,59.26353454589844,12.975836753845215
reaction:2987,t-BuBrettPhos,1,,7.74850436,7.340141296386719,13.774085998535156
reaction:2988,t-BuBrettPhos,2,,57.9781308,60.90873718261719,13.030405044555664
reaction:2989,t-BuBrettPhos,1,,66.51493362,69.07865905761719,13.400146484375
reaction:2990,t-BuBrettPhos,1,,58.92871095,55.85696029663086,13.485148429870605
reaction:2991,t-BuBrettPhos,2,,59.21092574,59.67547607421875,13.552821159362793
reaction:2992,t-BuBrettPhos,4,,60.412252,71.79969024658203,13.536652565002441
reaction:2993,t-BuBrettPhos,4,,32.73462184,21.379207611083984,13.354175567626953
reaction:2994,t-BuBrettPhos,2,,59.47851607,59.44548797607422,13.633922576904297
reaction:2995,t-BuBrettPhos,0,,64.00575958,67.36795043945312,13.083687782287598
reaction:2996,t-BuBrettPhos,1,,29.60669897,22.31920623779297,13.720075607299805
reaction:2997,t-BuBrettPhos,1,,38.03109863,40.79383087158203,13.667556762695312
reaction:2998,t-BuBrettPhos,2,,41.71330917,51.28235626220703,13.615621566772461
reaction:2999,t-BuBrettPhos,1,,41.98383636,34.04200744628906,13.508207321166992
reaction:3000,t-BuBrettPhos,4,,67.81431274,65.14727783203125,12.874137878417969
reaction:3001,t-BuBrettPhos,0,,65.94429183,66.77589416503906,12.766707420349121
reaction:3002,t-BuBrettPhos,4,,12.64243358,6.828266143798828,13.058289527893066
reaction:3003,t-BuBrettPhos,4,,74.21032846,76.27061462402344,13.163094520568848
reaction:3004,t-BuBrettPhos,0,,75.06056887,85.2623291015625,13.540592193603516
reaction:3005,t-BuBrettPhos,3,,90.99050642,86.15476989746094,13.634349822998047
reaction:3006,t-BuBrettPhos,3,,84.34096533,90.5611572265625,12.745701789855957
reaction:3007,t-BuBrettPhos,2,,88.72522624,98.73844909667969,13.568601608276367
reaction:3008,t-BuBrettPhos,0,,36.05104123,25.305349349975586,13.289877891540527
reaction:3009,t-BuBrettPhos,0,,77.28415340000001,80.68272399902344,12.427594184875488
reaction:3010,t-BuBrettPhos,4,,85.60572483,87.33961486816406,13.180159568786621
reaction:3011,t-BuBrettPhos,4,,1.637827855,9.96914291381836,12.795711517333984
reaction:3012,t-BuBrettPhos,4,,27.00233561,28.17162322998047,12.910115242004395
reaction:3013,t-BuBrettPhos,3,,31.38632484,32.9815788269043,13.686573028564453
reaction:3014,t-BuBrettPhos,4,,0.0,8.607067108154297,13.452998161315918
reaction:3015,t-BuBrettPhos,2,,38.20230031,21.223331451416016,13.785948753356934
reaction:3016,t-BuBrettPhos,4,,39.32745332,44.97138214111328,13.328189849853516
reaction:3017,t-BuBrettPhos,2,,4.950264204,8.256839752197266,13.679571151733398
reaction:3018,t-BuBrettPhos,1,,63.52683766,52.505348205566406,13.558395385742188
reaction:3019,t-BuBrettPhos,4,,64.23525691,65.47295379638672,13.428617477416992
reaction:3020,t-BuBrettPhos,2,,75.99606764,62.60270690917969,13.55748176574707
reaction:3021,t-BuBrettPhos,0,,73.60085469,69.14056396484375,12.82984733581543
reaction:3022,t-BuBrettPhos,4,,77.54678733,75.71493530273438,13.23339557647705
reaction:3023,t-BuBrettPhos,0,,0.970209889,6.725761413574219,13.109539985656738
reaction:3024,t-BuBrettPhos,3,,45.30338681,44.841060638427734,13.851716995239258
reaction:3025,t-BuBrettPhos,2,,49.87050942,52.6605224609375,13.908463478088379
reaction:3026,t-BuBrettPhos,0,,5.265059572,7.592170715332031,13.26512622833252
reaction:3027,t-BuBrettPhos,0,,36.39098731,34.04520034790039,13.098145484924316
reaction:3028,t-BuBrettPhos,4,,36.44138063,39.03969955444336,13.210611343383789
reaction:3029,t-BuBrettPhos,3,,0.0,2.596649169921875,13.382140159606934
reaction:3030,t-BuBrettPhos,2,,35.28694368,19.681711196899414,13.968551635742188
reaction:3031,t-BuBrettPhos,0,,42.09555031,40.13788604736328,12.954492568969727
reaction:3032,t-BuBrettPhos,4,,3.678633066,6.110448837280273,13.198543548583984
reaction:3033,t-BuBrettPhos,1,,50.63065751,45.1580924987793,13.7053804397583
reaction:3034,t-BuBrettPhos,2,,61.65083258,64.83920288085938,13.857186317443848
reaction:3035,t-BuBrettPhos,1,,52.72286451,45.7078971862793,13.703521728515625
reaction:3036,t-BuBrettPhos,1,,62.07451283,55.79181671142578,14.213566780090332
reaction:3037,t-BuBrettPhos,0,,61.80067802,63.634681701660156,12.52770709991455
reaction:3038,t-BuBrettPhos,3,,3.0359005960000003,6.715450286865234,13.481880187988281
reaction:3039,t-BuBrettPhos,3,,58.2347243,58.57963943481445,13.804277420043945
reaction:3040,t-BuBrettPhos,1,,66.48281999,63.857181549072266,13.340739250183105
reaction:3041,t-BuBrettPhos,4,,4.477162725,8.328817367553711,13.068685531616211
reaction:3042,t-BuBrettPhos,4,,37.34827699,35.520484924316406,12.824913024902344
reaction:3043,t-BuBrettPhos,4,,41.73289196,44.49991226196289,12.911640167236328
reaction:3044,t-BuBrettPhos,4,,0.0,2.571613311767578,12.812621116638184
reaction:3045,t-BuBrettPhos,3,,37.72387007,33.18301773071289,13.218526840209961
reaction:3046,t-BuBrettPhos,0,,49.04564688,46.56106185913086,12.875385284423828
reaction:3047,t-BuBrettPhos,1,,4.390150349,3.137310028076172,13.640202522277832
reaction:3048,t-BuBrettPhos,3,,57.96795904,62.51975631713867,13.365657806396484
reaction:3049,t-BuBrettPhos,4,,73.57415684,75.22584533691406,12.930739402770996
reaction:3050,t-BuBrettPhos,2,,74.69880742,68.61454010009766,13.581417083740234
reaction:3051,t-BuBrettPhos,1,,87.52908706,82.39869689941406,13.724715232849121
reaction:3052,t-BuBrettPhos,4,,89.61417594,91.77224731445312,13.238662719726562
reaction:3053,t-BuBrettPhos,0,,2.405254053,7.669981002807617,13.326909065246582
reaction:3054,t-BuBrettPhos,0,,77.09161451,67.70867156982422,12.567850112915039
reaction:3055,t-BuBrettPhos,3,,83.01646677,83.51307678222656,13.602485656738281
reaction:3056,AdBrettPhos,4,,6.891124522,10.433082580566406,13.412806510925293
reaction:3057,AdBrettPhos,0,,24.99527669,28.697572708129883,13.229077339172363
reaction:3058,AdBrettPhos,4,,37.54624547,37.06653594970703,13.693144798278809
reaction:3059,AdBrettPhos,2,,0.7063810420000001,8.625696182250977,13.676036834716797
reaction:3060,AdBrettPhos,2,,42.52691913,38.420379638671875,13.821908950805664
reaction:3061,AdBrettPhos,2,,47.95299992,49.569915771484375,13.9993257522583
reaction:3062,AdBrettPhos,1,,2.294941324,14.812450408935547,13.327750205993652
reaction:3063,AdBrettPhos,1,,62.78571552,56.46724319458008,12.824423789978027
reaction:3064,AdBrettPhos,4,,69.97034068,63.777496337890625,14.046111106872559
reaction:3065,AdBrettPhos,1,,74.06067797,58.31480026245117,13.056183815002441
reaction:3066,AdBrettPhos,3,,77.51023369,63.22491455078125,13.293581008911133
reaction:3067,AdBrettPhos,1,,80.90631241,66.55934143066406,13.247657775878906
reaction:3068,AdBrettPhos,1,,8.332944957,13.36090087890625,13.197196960449219
reaction:3069,AdBrettPhos,3,,47.89881593,45.485595703125,13.630812644958496
reaction:3070,AdBrettPhos,2,,61.03423565,56.342918395996094,13.932887077331543
reaction:3071,AdBrettPhos,2,,3.42165598,2.150808334350586,13.603976249694824
reaction:3072,AdBrettPhos,0,,26.24845362,29.340421676635742,13.375170707702637
reaction:3073,AdBrettPhos,4,,39.43512545,34.4604377746582,13.582223892211914
reaction:3074,AdBrettPhos,4,,0.0,-2.498119354248047,13.631155014038086
reaction:3075,AdBrettPhos,0,,23.50114845,23.93153953552246,13.42843246459961
reaction:3076,AdBrettPhos,3,,39.99682926,35.93015670776367,13.706164360046387
reaction:3077,AdBrettPhos,1,,0.695599064,-1.2050361633300781,13.198888778686523
reaction:3078,AdBrettPhos,3,,39.03126202,41.6402587890625,13.350625038146973
reaction:3079,AdBrettPhos,3,,61.69857953,60.39439392089844,13.586440086364746
reaction:3080,AdBrettPhos,3,,27.69709095,36.719058990478516,13.88542366027832
reaction:3081,AdBrettPhos,0,,36.62142901,48.565853118896484,13.190020561218262
reaction:3082,AdBrettPhos,2,,45.52130306,59.52928924560547,13.375945091247559
reaction:3083,AdBrettPhos,2,,2.782548169,-0.3877677917480469,13.246679306030273
reaction:3084,AdBrettPhos,1,,53.27735781,48.718536376953125,13.130573272705078
reaction:3085,AdBrettPhos,1,,64.8702395,61.461280822753906,12.642693519592285
reaction:3086,AdBrettPhos,2,,3.382805594,3.554290771484375,13.697418212890625
reaction:3087,AdBrettPhos,3,,31.53029931,32.42628479003906,13.254776000976562
reaction:3088,AdBrettPhos,4,,45.77926691,41.89033508300781,13.715770721435547
reaction:3089,AdBrettPhos,3,,0.0,-4.228385925292969,13.501169204711914
reaction:3090,AdBrettPhos,2,,32.33228249,32.72526550292969,13.538698196411133
reaction:3091,AdBrettPhos,3,,49.75811265,45.002586364746094,13.441333770751953
reaction:3092,AdBrettPhos,1,,0.665471445,-0.07947540283203125,13.538187026977539
reaction:3093,AdBrettPhos,1,,50.28049867,53.40383529663086,13.328851699829102
reaction:3094,AdBrettPhos,0,,75.02467082,73.68984985351562,13.321480751037598
reaction:3095,AdBrettPhos,2,,52.59936901,65.33026123046875,13.251830101013184
reaction:3096,AdBrettPhos,1,,74.31911492,73.59721374511719,13.59306812286377
reaction:3097,AdBrettPhos,1,,92.11972779,83.91361999511719,13.562711715698242
reaction:3098,AdBrettPhos,4,,2.135901423,1.4975204467773438,13.83735466003418
reaction:3099,AdBrettPhos,0,,64.185973,65.99263763427734,12.605196952819824
reaction:3100,AdBrettPhos,2,,85.22067267,81.08087921142578,13.622528076171875
reaction:3101,AdBrettPhos,4,,0.552049908,7.256050109863281,13.1350736618042
reaction:3102,AdBrettPhos,0,,15.46929664,25.32815170288086,13.226649284362793
reaction:3103,AdBrettPhos,3,,29.68665622,32.364768981933594,13.840547561645508
reaction:3104,AdBrettPhos,2,,0.0,3.294523239135742,13.568873405456543
reaction:3105,AdBrettPhos,1,,42.07740888,44.606727600097656,13.819209098815918
reaction:3106,AdBrettPhos,2,,50.20384511,48.26716613769531,13.812383651733398
reaction:3107,AdBrettPhos,0,,0.0,7.59516716003418,13.482503890991211
reaction:3108,AdBrettPhos,0,,63.12102891,62.79193115234375,13.309496879577637
reaction:3109,AdBrettPhos,3,,67.79255716,64.53050994873047,13.615471839904785
reaction:3110,AdBrettPhos,2,,74.22961906,64.31439208984375,13.446479797363281
reaction:3111,AdBrettPhos,3,,75.06901133,60.72712707519531,13.41240406036377
reaction:3112,AdBrettPhos,4,,83.08232968,66.04507446289062,13.395618438720703
reaction:3113,AdBrettPhos,1,,0.0,8.061746597290039,13.39532470703125
reaction:3114,AdBrettPhos,2,,22.62644976,38.35345458984375,13.547502517700195
reaction:3115,AdBrettPhos,3,,62.72600186,55.37308120727539,13.639577865600586
reaction:3116,AdBrettPhos,4,,8.178111662000001,5.468448638916016,13.999913215637207
reaction:3117,AdBrettPhos,4,,33.60174029,26.60080909729004,14.050418853759766
reaction:3118,AdBrettPhos,2,,39.12761896,34.8087272644043,14.25445556640625
reaction:3119,AdBrettPhos,4,,0.0,-2.7106971740722656,13.940022468566895
reaction:3120,AdBrettPhos,0,,32.36655355,30.008319854736328,13.217531204223633
reaction:3121,AdBrettPhos,4,,40.59375347,39.77433776855469,13.9364595413208
reaction:3122,AdBrettPhos,2,,0.817066768,-0.522979736328125,13.704339027404785
reaction:3123,AdBrettPhos,1,,50.58160419,48.30543518066406,13.371064186096191
reaction:3124,AdBrettPhos,4,,63.72449893,58.64970397949219,14.010912895202637
reaction:3125,AdBrettPhos,2,,33.94683682,45.773834228515625,14.179940223693848
reaction:3126,AdBrettPhos,1,,41.28086675,51.57183837890625,13.658252716064453
reaction:3127,AdBrettPhos,1,,47.58772845,59.724212646484375,13.572644233703613
reaction:3128,AdBrettPhos,4,,5.956665819,0.7268562316894531,13.930401802062988
reaction:3129,AdBrettPhos,0,,57.2826498,47.376609802246094,12.794880867004395
reaction:3130,AdBrettPhos,2,,64.80074025,63.62275695800781,14.343962669372559
reaction:3131,AdBrettPhos,2,,7.126598877999999,8.112066268920898,13.835418701171875
reaction:3132,AdBrettPhos,3,,37.93567028,34.84315490722656,13.48835563659668
reaction:3133,AdBrettPhos,1,,45.20399384,45.52202224731445,13.795445442199707
reaction:3134,AdBrettPhos,2,,0.0,-0.6290397644042969,13.504383087158203
reaction:3135,AdBrettPhos,4,,41.28466002,42.306617736816406,12.86841869354248
reaction:3136,AdBrettPhos,3,,49.61017751,51.758628845214844,13.573112487792969
reaction:3137,AdBrettPhos,1,,0.789038452,1.469085693359375,13.763236045837402
reaction:3138,AdBrettPhos,1,,63.68559531,65.39076232910156,13.533257484436035
reaction:3139,AdBrettPhos,1,,73.08177999,75.12828826904297,13.598468780517578
reaction:3140,AdBrettPhos,3,,72.98033012,73.28705596923828,13.760327339172363
reaction:3141,AdBrettPhos,2,,82.64502167,75.70783996582031,13.907482147216797
reaction:3142,AdBrettPhos,2,,90.64441503,88.50057983398438,13.796120643615723
reaction:3143,AdBrettPhos,2,,4.936303419,4.29722785949707,13.758167266845703
reaction:3144,AdBrettPhos,2,,73.81395251,68.00347137451172,13.800322532653809
reaction:3145,AdBrettPhos,0,,82.20776042,84.45344543457031,13.426583290100098
reaction:3146,AdBrettPhos,4,,4.618730656,18.066944122314453,13.438735008239746
reaction:3147,AdBrettPhos,4,,15.74680272,25.735950469970703,13.204373359680176
reaction:3148,AdBrettPhos,2,,30.87761179,36.71319580078125,13.869654655456543
reaction:3149,AdBrettPhos,0,,6.9705672320000005,23.105724334716797,12.974215507507324
reaction:3150,AdBrettPhos,4,,65.46891846,58.27878952026367,13.770489692687988
reaction:3151,AdBrettPhos,4,,66.01585424,61.56053161621094,13.541022300720215
reaction:3152,AdBrettPhos,3,,2.350274713,8.235456466674805,13.197328567504883
reaction:3153,AdBrettPhos,1,,70.85918563,63.05232238769531,12.935308456420898
reaction:3154,AdBrettPhos,0,,68.53030279,67.26234436035156,13.085262298583984
reaction:3155,AdBrettPhos,3,,76.3099624,62.56871795654297,13.799335479736328
reaction:3156,AdBrettPhos,3,,75.95426954,60.80035400390625,13.51987075805664
reaction:3157,AdBrettPhos,3,,82.34937004,56.882835388183594,13.953803062438965
reaction:3158,AdBrettPhos,3,,4.974394565,15.372976303100586,13.654256820678711
reaction:3159,AdBrettPhos,2,,25.79072036,38.39582443237305,13.753223419189453
reaction:3160,AdBrettPhos,0,,62.08187356,53.27008819580078,13.072919845581055
reaction:3161,AdBrettPhos,3,,19.16223306,18.930885314941406,13.366747856140137
reaction:3162,AdBrettPhos,4,,35.94447354,33.042503356933594,13.610994338989258
reaction:3163,AdBrettPhos,1,,37.90012178,39.611698150634766,13.815855979919434
reaction:3164,AdBrettPhos,1,,41.26452613,32.119117736816406,13.540143966674805
reaction:3165,AdBrettPhos,3,,59.06928985,52.5101318359375,12.779017448425293
reaction:3166,AdBrettPhos,1,,59.60099255,60.414024353027344,13.574752807617188
reaction:3167,AdBrettPhos,4,,2.42184546,3.4769115447998047,13.563288688659668
reaction:3168,AdBrettPhos,0,,58.63301817,51.88078308105469,13.199814796447754
reaction:3169,AdBrettPhos,4,,63.99950596,65.35630798339844,13.68497085571289
reaction:3170,AdBrettPhos,3,,34.05189508,47.48844909667969,13.518327713012695
reaction:3171,AdBrettPhos,1,,41.4297554,52.69804763793945,13.703551292419434
reaction:3172,AdBrettPhos,4,,47.77426479,63.5556755065918,13.83216667175293
reaction:3173,AdBrettPhos,1,,20.34813867,20.517070770263672,13.408286094665527
reaction:3174,AdBrettPhos,2,,60.49224443,51.836605072021484,13.630035400390625
reaction:3175,AdBrettPhos,3,,63.88080478,65.27494812011719,13.217527389526367
reaction:3176,AdBrettPhos,2,,21.60119174,25.39472198486328,13.714710235595703
reaction:3177,AdBrettPhos,0,,38.59563351,39.110679626464844,13.331406593322754
reaction:3178,AdBrettPhos,2,,44.68109157,52.38748550415039,13.807134628295898
reaction:3179,AdBrettPhos,4,,44.14137034,34.54396438598633,13.259953498840332
reaction:3180,AdBrettPhos,3,,66.81498604,66.54053497314453,13.066376686096191
reaction:3181,AdBrettPhos,1,,68.24812709999999,69.71239471435547,13.412363052368164
reaction:3182,AdBrettPhos,3,,2.579355469,10.283870697021484,12.809622764587402
reaction:3183,AdBrettPhos,0,,74.10582409999999,70.10745239257812,13.34257698059082
reaction:3184,AdBrettPhos,0,,72.8478499,85.81951904296875,13.590786933898926
reaction:3185,AdBrettPhos,3,,89.07661609,77.06852722167969,13.824162483215332
reaction:3186,AdBrettPhos,1,,85.65923047,83.95294189453125,13.488972663879395
reaction:3187,AdBrettPhos,0,,94.15173815,91.72810363769531,13.106433868408203
reaction:3188,AdBrettPhos,1,,24.93961347,24.613269805908203,13.33321475982666
reaction:3189,AdBrettPhos,3,,80.06524350000001,70.949951171875,13.602466583251953
reaction:3190,AdBrettPhos,1,,86.19820374,88.55704498291016,13.002710342407227
reaction:3191,AdBrettPhos,2,,1.252505333,0.5952911376953125,13.807953834533691
reaction:3192,AdBrettPhos,3,,16.04849725,22.610197067260742,13.888904571533203
reaction:3193,AdBrettPhos,0,,30.7124479,29.693260192871094,13.215652465820312
reaction:3194,AdBrettPhos,4,,0.0,3.7835311889648438,13.383395195007324
reaction:3195,AdBrettPhos,3,,0.0,33.377288818359375,13.526998519897461
reaction:3196,AdBrettPhos,3,,43.09475613,37.885623931884766,13.098406791687012
reaction:3197,AdBrettPhos,0,,0.0,2.2853736877441406,13.42445182800293
reaction:3198,AdBrettPhos,1,,47.34816594,45.718685150146484,13.62917423248291
reaction:3199,AdBrettPhos,2,,64.24887053,56.94515609741211,13.86545181274414
reaction:3200,AdBrettPhos,1,,57.59970402,54.21581268310547,13.65257740020752
reaction:3201,AdBrettPhos,3,,64.01092118,58.049293518066406,13.474260330200195
reaction:3202,AdBrettPhos,2,,72.26820117,64.25556182861328,13.840628623962402
reaction:3203,AdBrettPhos,2,,0.8684296779999999,-0.7944488525390625,13.760488510131836
reaction:3204,AdBrettPhos,3,,42.09636278,39.21706008911133,13.989397048950195
reaction:3205,AdBrettPhos,2,,50.25936964,48.74187088012695,14.0305757522583
reaction:3206,AdBrettPhos,3,,2.443106533,-1.7303352355957031,13.623043060302734
reaction:3207,AdBrettPhos,2,,28.78693437,24.962570190429688,13.135209083557129
reaction:3208,AdBrettPhos,3,,34.85762141,31.24779510498047,13.834547996520996
reaction:3209,AdBrettPhos,0,,0.0,-5.067676544189453,13.237884521484375
reaction:3210,AdBrettPhos,2,,20.89901676,11.786832809448242,14.033807754516602
reaction:3211,AdBrettPhos,2,,36.0742325,35.10349655151367,13.794123649597168
reaction:3212,AdBrettPhos,1,,0.489724505,-5.374515533447266,13.82751750946045
reaction:3213,AdBrettPhos,3,,37.99056967,39.77946853637695,13.548669815063477
reaction:3214,AdBrettPhos,2,,56.47944581,56.226722717285156,13.994688987731934
reaction:3215,AdBrettPhos,2,,26.8260429,34.21354293823242,13.872363090515137
reaction:3216,AdBrettPhos,1,,36.10071383,42.665855407714844,14.26500415802002
reaction:3217,AdBrettPhos,1,,46.52870973,52.54933166503906,13.898133277893066
reaction:3218,AdBrettPhos,4,,1.470956156,-6.4284515380859375,13.430338859558105
reaction:3219,AdBrettPhos,3,,0.0,49.75315856933594,13.9384183883667
reaction:3220,AdBrettPhos,0,,57.24624739,56.18559265136719,13.181038856506348
reaction:3221,AdBrettPhos,4,,2.103607287,1.4821815490722656,13.15970516204834
reaction:3222,AdBrettPhos,1,,29.62604669,30.947277069091797,13.781325340270996
reaction:3223,AdBrettPhos,3,,40.21154517,40.81521224975586,13.980762481689453
reaction:3224,AdBrettPhos,1,,0.0,-3.389057159423828,13.490110397338867
reaction:3225,AdBrettPhos,2,,23.916357,25.87441635131836,13.798004150390625
reaction:3226,AdBrettPhos,2,,44.44845486,44.35123062133789,13.764069557189941
reaction:3227,AdBrettPhos,2,,0.490842961,-2.5833473205566406,13.454489707946777
reaction:3228,AdBrettPhos,3,,39.51845686,56.10052490234375,13.466987609863281
reaction:3229,AdBrettPhos,1,,69.71995068,70.13380432128906,13.663041114807129
reaction:3230,AdBrettPhos,3,,47.18415816,63.1795654296875,13.896695137023926
reaction:3231,AdBrettPhos,1,,65.99016493,73.65229797363281,13.823143005371094
reaction:3232,AdBrettPhos,4,,87.94083651,82.97308349609375,13.320651054382324
reaction:3233,AdBrettPhos,4,,1.573799128,-4.838920593261719,13.1050386428833
reaction:3234,AdBrettPhos,4,,61.50487524,59.50636291503906,12.607629776000977
reaction:3235,AdBrettPhos,0,,83.95560608,76.28849029541016,13.300745964050293
reaction:3236,XPhos,1,,13.9614152,12.994905471801758,15.500214576721191
reaction:3237,XPhos,3,,15.08609068,8.648553848266602,14.356165885925293
reaction:3238,XPhos,2,,15.9216391,19.48149871826172,16.223800659179688
reaction:3239,XPhos,3,,2.548391087,-0.536834716796875,15.035840034484863
reaction:3240,XPhos,2,,8.641168314,10.039482116699219,15.775603294372559
reaction:3241,XPhos,2,,6.654637209,9.322212219238281,16.767242431640625
reaction:3242,XPhos,4,,7.713999512000001,3.751619338989258,16.577760696411133
reaction:3243,XPhos,1,,14.761892499999998,22.419361114501953,15.582056999206543
reaction:3244,XPhos,1,,16.70711364,24.466251373291016,15.900693893432617
reaction:3245,XPhos,4,,12.25099464,8.803581237792969,16.806058883666992
reaction:3246,XPhos,2,,16.43551115,9.440868377685547,17.128511428833008
reaction:3247,XPhos,3,,17.06361217,8.644721984863281,13.628548622131348
reaction:3248,XPhos,4,,12.13886151,14.475105285644531,16.347986221313477
reaction:3249,XPhos,1,,10.08173564,10.434623718261719,15.555341720581055
reaction:3250,XPhos,0,,12.79205877,20.715011596679688,15.351097106933594
reaction:3251,XPhos,3,,11.31960299,9.262382507324219,13.995711326599121
reaction:3252,XPhos,3,,22.30541273,17.00152015686035,14.482109069824219
reaction:3253,XPhos,4,,25.45694196,24.939380645751953,17.140628814697266
reaction:3254,XPhos,3,,0.0,-1.4602317810058594,15.074650764465332
reaction:3255,XPhos,3,,2.840028013,3.9172840118408203,14.089322090148926
reaction:3256,XPhos,2,,4.296191189,8.530752182006836,16.646347045898438
reaction:3257,XPhos,3,,1.896990139,0.11035537719726562,13.787442207336426
reaction:3258,XPhos,3,,9.250516466,9.785289764404297,14.661808967590332
reaction:3259,XPhos,0,,13.02243467,12.860954284667969,15.087133407592773
reaction:3260,XPhos,4,,15.10135263,12.678237915039062,16.650537490844727
reaction:3261,XPhos,3,,24.44251918,29.454103469848633,14.444613456726074
reaction:3262,XPhos,2,,26.61192771,30.29494285583496,16.29221534729004
reaction:3263,XPhos,2,,2.419663487,2.5499801635742188,16.86874008178711
reaction:3264,XPhos,2,,6.251282484,10.981855392456055,17.83966636657715
reaction:3265,XPhos,0,,12.75397423,17.780529022216797,15.671466827392578
reaction:3266,XPhos,0,,13.18136791,7.744638442993164,15.421832084655762
reaction:3267,XPhos,3,,22.67787637,15.811105728149414,14.567452430725098
reaction:3268,XPhos,4,,24.0555231,25.93684959411621,17.031295776367188
reaction:3269,XPhos,1,,0.0,-1.2249183654785156,17.111995697021484
reaction:3270,XPhos,0,,2.373234972,-0.29232025146484375,15.300955772399902
reaction:3271,XPhos,0,,5.371995824,5.250965118408203,15.438072204589844
reaction:3272,XPhos,4,,2.067024275,-2.4948997497558594,16.450611114501953
reaction:3273,XPhos,1,,9.241578451,12.404041290283203,15.830463409423828
reaction:3274,XPhos,2,,20.36311527,25.950578689575195,16.016916275024414
reaction:3275,XPhos,3,,14.60964787,13.556859970092773,13.774765968322754
reaction:3276,XPhos,1,,28.761729100000004,34.16804885864258,15.782506942749023
reaction:3277,XPhos,1,,23.20886991,40.9657096862793,15.792938232421875
reaction:3278,XPhos,2,,3.338911929,-2.4530601501464844,16.592735290527344
reaction:3279,XPhos,3,,11.07544016,5.252382278442383,13.58992862701416
reaction:3280,XPhos,1,,16.38360507,20.76369857788086,15.666107177734375
reaction:3281,XPhos,2,,8.599290827999999,3.3651466369628906,16.847333908081055
reaction:3282,XPhos,2,,8.073391293,3.9198951721191406,17.0750675201416
reaction:3283,XPhos,0,,8.373801377000001,17.645000457763672,16.41931915283203
reaction:3284,XPhos,0,,2.086409943,-4.529087066650391,16.759281158447266
reaction:3285,XPhos,2,,3.898269895,7.074840545654297,16.456464767456055
reaction:3286,XPhos,3,,2.8197473260000003,5.611289978027344,15.990706443786621
reaction:3287,XPhos,0,,9.734031055,0.6293563842773438,18.540081024169922
reaction:3288,XPhos,4,,14.02250347,18.542797088623047,16.50650405883789
reaction:3289,XPhos,2,,13.30215474,19.144113540649414,16.793394088745117
reaction:3290,XPhos,4,,11.84842444,8.053266525268555,16.757734298706055
reaction:3291,XPhos,4,,12.48722349,10.388893127441406,16.120176315307617
reaction:3292,XPhos,0,,13.26217146,12.12747573852539,16.449058532714844
reaction:3293,XPhos,4,,7.007309831000001,9.442882537841797,16.664722442626953
reaction:3294,XPhos,0,,3.803167764,3.218128204345703,16.223161697387695
reaction:3295,XPhos,0,,9.3396983,14.532379150390625,16.17129898071289
reaction:3296,XPhos,0,,2.8287389710000004,7.161277770996094,16.284107208251953
reaction:3297,XPhos,2,,11.73173458,16.460529327392578,16.886327743530273
reaction:3298,XPhos,1,,32.01377764,22.02344512939453,17.01325035095215
reaction:3299,XPhos,0,,0.0,0.9895553588867188,16.995006561279297
reaction:3300,XPhos,3,,0.597123544,2.398914337158203,16.585285186767578
reaction:3301,XPhos,1,,1.6246243130000002,8.298406600952148,16.944856643676758
reaction:3302,XPhos,3,,1.378417368,1.9427528381347656,16.21240997314453
reaction:3303,XPhos,0,,5.748911262999999,9.122503280639648,16.48824691772461
reaction:3304,XPhos,4,,15.88279637,9.996461868286133,18.500598907470703
reaction:3305,XPhos,1,,15.03293541,13.472663879394531,16.730052947998047
reaction:3306,XPhos,3,,36.25474039,26.784025192260742,16.796409606933594
reaction:3307,XPhos,3,,40.83653695,34.48008728027344,16.64674186706543
reaction:3308,XPhos,3,,0.0,0.7835922241210938,16.31262969970703
reaction:3309,XPhos,1,,3.383758574,7.386003494262695,16.625890731811523
reaction:3310,XPhos,3,,9.091321628,11.041271209716797,16.823705673217773
reaction:3311,XPhos,1,,1.249008464,1.1817169189453125,16.685041427612305
reaction:3312,XPhos,3,,7.593500734,10.873546600341797,16.866044998168945
reaction:3313,XPhos,2,,23.19251783,19.63027572631836,16.570205688476562
reaction:3314,XPhos,2,,0.0,-8.552127838134766,16.69561004638672
reaction:3315,XPhos,4,,0.0,-9.08502197265625,16.6991024017334
reaction:3316,XPhos,4,,0.0,-3.128631591796875,16.707406997680664
reaction:3317,XPhos,4,,0.0,-5.869537353515625,16.279354095458984
reaction:3318,XPhos,1,,3.304153664,2.6503334045410156,16.703025817871094
reaction:3319,XPhos,1,,4.972241085,23.501781463623047,17.05366325378418
reaction:3320,XPhos,0,,11.6539798,10.348325729370117,17.04320526123047
reaction:3321,XPhos,2,,23.14100825,29.487560272216797,17.49129867553711
reaction:3322,XPhos,3,,30.73323241,35.08549499511719,16.422992706298828
reaction:3323,XPhos,2,,0.0,-9.649879455566406,16.649982452392578
reaction:3324,XPhos,3,,0.0,-1.8895606994628906,16.185161590576172
reaction:3325,XPhos,2,,0.0,11.38926887512207,16.75873565673828
reaction:3326,XPhos,4,,25.79234273,25.248714447021484,16.394899368286133
reaction:3327,XPhos,3,,21.1852936,29.257570266723633,16.95038604736328
reaction:3328,XPhos,0,,41.0055284,39.9332275390625,16.941129684448242
reaction:3329,XPhos,2,,1.426630798,11.55763053894043,15.968607902526855
reaction:3330,XPhos,1,,41.22664286,30.680335998535156,17.684734344482422
reaction:3331,XPhos,0,,47.37967992,33.772377014160156,16.51453971862793
reaction:3332,XPhos,4,,11.25218088,16.257863998413086,16.56714630126953
reaction:3333,XPhos,4,,66.85183325,50.342628479003906,16.690710067749023
reaction:3334,XPhos,2,,67.69619533,54.947471618652344,15.641318321228027
reaction:3335,XPhos,0,,18.57739993,33.959449768066406,17.335071563720703
reaction:3336,XPhos,1,,22.20180478,41.38431167602539,17.12635040283203
reaction:3337,XPhos,0,,22.35512226,42.6768684387207,16.35990333557129
reaction:3338,XPhos,3,,38.752824100000005,28.31238555908203,16.850622177124023
reaction:3339,XPhos,2,,24.97274403,30.437482833862305,17.433109283447266
reaction:3340,XPhos,2,,75.11548375,48.96224594116211,15.926765441894531
reaction:3341,XPhos,2,,19.41980511,21.57306480407715,15.865201950073242
reaction:3342,XPhos,1,,32.07542073,29.64141845703125,17.065555572509766
reaction:3343,XPhos,0,,34.52065187,38.157859802246094,16.914825439453125
reaction:3344,XPhos,1,,2.069142775,2.4535160064697266,18.057573318481445
reaction:3345,XPhos,4,,14.42253285,19.190223693847656,16.834543228149414
reaction:3346,XPhos,2,,22.92734992,25.43970489501953,15.600324630737305
reaction:3347,XPhos,1,,5.821778043999999,4.81129264831543,17.76910400390625
reaction:3348,XPhos,3,,33.78601477,36.53538131713867,16.76967430114746
reaction:3349,XPhos,1,,37.39742705,37.654930114746094,17.50049591064453
reaction:3350,XPhos,0,,26.66040937,28.34326171875,17.323535919189453
reaction:3351,XPhos,1,,44.30153891,47.541770935058594,17.132444381713867
reaction:3352,XPhos,3,,44.76424476,46.058258056640625,16.703535079956055
reaction:3353,XPhos,1,,12.63535619,15.753412246704102,16.729921340942383
reaction:3354,XPhos,1,,32.89151252,23.300247192382812,16.57425308227539
reaction:3355,XPhos,0,,41.00150742,43.79584503173828,16.447071075439453
reaction:3356,XPhos,4,,19.39344332,17.95206069946289,16.758623123168945
reaction:3357,XPhos,4,,31.15934188,27.22378158569336,16.34838104248047
reaction:3358,XPhos,3,,38.74519603,38.76533126831055,16.8516788482666
reaction:3359,XPhos,4,,1.798923194,0.7159538269042969,16.3514347076416
reaction:3360,XPhos,2,,9.508784567,16.56020164489746,15.662412643432617
reaction:3361,XPhos,4,,17.33987768,24.200902938842773,16.754905700683594
reaction:3362,XPhos,2,,5.235495595,3.7566909790039062,15.933858871459961
reaction:3363,XPhos,4,,28.74353219,31.717954635620117,16.691818237304688
reaction:3364,XPhos,1,,53.88645108,51.969757080078125,17.092025756835938
reaction:3365,XPhos,2,,27.32636453,26.025407791137695,16.310136795043945
reaction:3366,XPhos,4,,52.36462009,45.029964447021484,16.615585327148438
reaction:3367,XPhos,2,,62.64059826,48.98220443725586,15.954737663269043
reaction:3368,XPhos,3,,7.71156711,12.516815185546875,16.787874221801758
reaction:3369,XPhos,0,,25.62052054,26.809417724609375,16.213136672973633
reaction:3370,XPhos,3,,43.30658798,46.85911178588867,17.602354049682617
reaction:3371,XPhos,3,,6.70191803,6.455482482910156,16.292327880859375
reaction:3372,XPhos,2,,15.721696,13.078678131103516,17.005998611450195
reaction:3373,XPhos,3,,32.03839032,20.116226196289062,16.842092514038086
reaction:3374,XPhos,2,,0.0,-0.3931884765625,16.92853546142578
reaction:3375,XPhos,0,,5.529906697,9.430936813354492,16.35304832458496
reaction:3376,XPhos,2,,6.840870887,13.35181999206543,17.401836395263672
reaction:3377,XPhos,2,,0.566845941,2.834930419921875,16.591787338256836
reaction:3378,XPhos,4,,22.16483544,30.306970596313477,16.31736183166504
reaction:3379,XPhos,3,,31.41749034,38.07291030883789,17.83803367614746
reaction:3380,XPhos,1,,22.29411196,17.131893157958984,16.682979583740234
reaction:3381,XPhos,0,,31.22952549,22.361257553100586,17.8757381439209
reaction:3382,XPhos,1,,31.17670784,19.54064178466797,16.804006576538086
reaction:3383,XPhos,2,,3.037744154,10.475709915161133,16.74593162536621
reaction:3384,XPhos,0,,13.63572226,12.91849136352539,16.489391326904297
reaction:3385,XPhos,1,,21.33105034,26.201717376708984,16.84336280822754
reaction:3386,XPhos,4,,10.4860128,10.355974197387695,16.240175247192383
reaction:3387,XPhos,0,,26.29886063,28.247684478759766,16.29405403137207
reaction:3388,XPhos,1,,23.69345333,34.32136535644531,17.208131790161133
reaction:3389,XPhos,4,,0.0,2.324951171875,16.365341186523438
reaction:3390,XPhos,2,,6.730455291,6.769817352294922,16.912487030029297
reaction:3391,XPhos,2,,13.41857273,12.144939422607422,16.998159408569336
reaction:3392,XPhos,1,,1.036456102,1.9966888427734375,17.809412002563477
reaction:3393,XPhos,3,,22.99620882,19.590469360351562,16.654056549072266
reaction:3394,XPhos,1,,37.021541,22.454057693481445,17.02764129638672
reaction:3395,XPhos,3,,22.69659515,25.205644607543945,16.55691909790039
reaction:3396,XPhos,0,,37.46429839,37.48295211791992,18.047822952270508
reaction:3397,XPhos,3,,39.38981845,47.08937072753906,16.56672477722168
reaction:3398,XPhos,4,,4.58213428,2.2988529205322266,17.27995491027832
reaction:3399,XPhos,0,,22.70660834,17.69717788696289,16.313329696655273
reaction:3400,XPhos,1,,33.31806917,26.02297019958496,16.74656867980957
reaction:3401,XPhos,0,,7.343376414,8.376253128051758,16.739700317382812
reaction:3402,XPhos,2,,26.03173318,22.867168426513672,17.161867141723633
reaction:3403,XPhos,1,,36.25454831,36.70244216918945,16.96750259399414
reaction:3404,XPhos,1,,0.0,0.4228096008300781,18.082441329956055
reaction:3405,XPhos,2,,4.191040534,1.063650131225586,17.132604598999023
reaction:3406,XPhos,0,,6.114675165,10.651878356933594,16.449321746826172
reaction:3407,XPhos,3,,0.884950948,0.07275772094726562,16.0274715423584
reaction:3408,XPhos,0,,16.69067663,14.039661407470703,16.426513671875
reaction:3409,XPhos,3,,31.26628393,44.67772674560547,17.610881805419922
reaction:3410,XPhos,0,,24.66006055,22.441287994384766,17.592388153076172
reaction:3411,XPhos,0,,45.98390905,39.155059814453125,17.992692947387695
reaction:3412,XPhos,1,,52.56128921,46.716819763183594,16.958200454711914
reaction:3413,XPhos,4,,3.35256921,-1.1496047973632812,17.14475440979004
reaction:3414,XPhos,2,,15.35819367,15.766403198242188,18.191177368164062
reaction:3415,XPhos,0,,29.91552733,28.71996307373047,16.5207462310791
reaction:3416,t-BuXPhos,3,,13.16893511,3.8099632263183594,15.97387981414795
reaction:3417,t-BuXPhos,0,,16.79477369,19.31448745727539,16.43600082397461
reaction:3418,t-BuXPhos,0,,16.24533971,16.472919464111328,17.052093505859375
reaction:3419,t-BuXPhos,4,,2.118660091,-5.399055480957031,14.702921867370605
reaction:3420,t-BuXPhos,0,,15.85894672,20.956432342529297,16.45638084411621
reaction:3421,t-BuXPhos,4,,15.94900479,20.322391510009766,15.088737487792969
reaction:3422,t-BuXPhos,1,,7.108204477,-0.6187515258789062,16.56971549987793
reaction:3423,t-BuXPhos,2,,24.76005147,33.95878982543945,16.61635971069336
reaction:3424,t-BuXPhos,3,,28.11243479,28.730506896972656,16.440425872802734
reaction:3425,t-BuXPhos,4,,27.24876847,31.835866928100586,14.995654106140137
reaction:3426,t-BuXPhos,4,,31.76624566,39.017921447753906,13.992846488952637
reaction:3427,t-BuXPhos,1,,37.29673945,34.44966125488281,17.11829948425293
reaction:3428,t-BuXPhos,4,,16.87891597,14.26974105834961,15.257772445678711
reaction:3429,t-BuXPhos,0,,22.41656552,35.18101119995117,15.665380477905273
reaction:3430,t-BuXPhos,1,,23.46293461,33.79995346069336,15.427809715270996
reaction:3431,t-BuXPhos,2,,9.295516532,15.072368621826172,16.832063674926758
reaction:3432,t-BuXPhos,1,,35.04870846,31.577104568481445,16.933069229125977
reaction:3433,t-BuXPhos,1,,35.39709887,36.946224212646484,17.009191513061523
reaction:3434,t-BuXPhos,1,,0.0,5.298894882202148,17.020193099975586
reaction:3435,t-BuXPhos,4,,34.88973455,25.240680694580078,14.88011360168457
reaction:3436,t-BuXPhos,4,,35.68810141,34.64018249511719,15.47449779510498
reaction:3437,t-BuXPhos,3,,1.257407502,8.023191452026367,16.587905883789062
reaction:3438,t-BuXPhos,0,,55.96431027,45.54690933227539,16.7978458404541
reaction:3439,t-BuXPhos,4,,59.93053961,55.5126953125,15.47199535369873
reaction:3440,t-BuXPhos,4,,56.99401844,51.63601303100586,14.848418235778809
reaction:3441,t-BuXPhos,0,,63.00725217,57.69720458984375,16.322511672973633
reaction:3442,t-BuXPhos,3,,59.18255708,62.964111328125,15.995319366455078
reaction:3443,t-BuXPhos,0,,7.66652575,19.694908142089844,16.557767868041992
reaction:3444,t-BuXPhos,1,,54.77135423,54.6197395324707,16.78427505493164
reaction:3445,t-BuXPhos,4,,62.18465229,58.492862701416016,14.795242309570312
reaction:3446,t-BuXPhos,4,,17.84178388,28.44634246826172,15.529720306396484
reaction:3447,t-BuXPhos,1,,40.13524468,42.13285827636719,17.077112197875977
reaction:3448,t-BuXPhos,3,,46.24961136,46.209869384765625,16.779380798339844
reaction:3449,t-BuXPhos,3,,2.890686767,8.31682014465332,16.301172256469727
reaction:3450,t-BuXPhos,4,,45.52184766,41.24817657470703,15.035750389099121
reaction:3451,t-BuXPhos,4,,47.90925553,49.41061019897461,15.58553695678711
reaction:3452,t-BuXPhos,0,,11.25502625,12.707403182983398,16.757266998291016
reaction:3453,t-BuXPhos,3,,71.70514407,62.76598358154297,15.246000289916992
reaction:3454,t-BuXPhos,4,,72.13959481,70.13109588623047,15.61989974975586
reaction:3455,t-BuXPhos,1,,79.78226496,73.35054016113281,16.17201805114746
reaction:3456,t-BuXPhos,0,,79.62575679,76.84156799316406,15.9562349319458
reaction:3457,t-BuXPhos,4,,82.21280375,84.45365142822266,15.42763614654541
reaction:3458,t-BuXPhos,4,,33.50615076,29.8299617767334,15.381402015686035
reaction:3459,t-BuXPhos,3,,78.67116412,67.85279846191406,16.36135482788086
reaction:3460,t-BuXPhos,4,,79.16863895,80.82674407958984,14.923022270202637
reaction:3461,t-BuXPhos,4,,10.16290719,7.868589401245117,16.813323974609375
reaction:3462,t-BuXPhos,3,,10.72653134,12.066591262817383,16.897947311401367
reaction:3463,t-BuXPhos,1,,11.56918225,20.315223693847656,16.7854061126709
reaction:3464,t-BuXPhos,1,,1.924092177,-10.83700180053711,16.787981033325195
reaction:3465,t-BuXPhos,4,,9.627089409,11.460830688476562,16.261905670166016
reaction:3466,t-BuXPhos,0,,11.09901507,33.9627685546875,15.396490097045898
reaction:3467,t-BuXPhos,4,,6.581266652999999,-2.0977706909179688,15.962827682495117
reaction:3468,t-BuXPhos,0,,16.8324099,29.66036033630371,16.923322677612305
reaction:3469,t-BuXPhos,4,,21.40006849,39.8734245300293,17.032094955444336
reaction:3470,t-BuXPhos,3,,42.78380779,30.259782791137695,16.701780319213867
reaction:3471,t-BuXPhos,2,,53.50463767,32.612831115722656,17.003690719604492
reaction:3472,t-BuXPhos,2,,60.63710952,36.79328918457031,16.938682556152344
reaction:3473,t-BuXPhos,4,,13.25100229,9.971687316894531,16.811782836914062
reaction:3474,t-BuXPhos,3,,18.48421566,34.347434997558594,16.552352905273438
reaction:3475,t-BuXPhos,0,,20.6070389,47.92299270629883,16.094970703125
reaction:3476,t-BuXPhos,1,,1.71151259,8.145992279052734,16.68947982788086
reaction:3477,t-BuXPhos,4,,7.321293774,20.91672134399414,16.728351593017578
reaction:3478,t-BuXPhos,2,,34.91039433,28.519887924194336,16.975231170654297
reaction:3479,t-BuXPhos,0,,0.0,-4.4550933837890625,16.263771057128906
reaction:3480,t-BuXPhos,2,,5.935933532999999,20.478408813476562,17.277206420898438
reaction:3481,t-BuXPhos,4,,58.0174464,27.646141052246094,17.05494499206543
reaction:3482,t-BuXPhos,0,,1.7819099669999998,-1.8078536987304688,16.965091705322266
reaction:3483,t-BuXPhos,2,,22.74107385,33.329017639160156,16.907960891723633
reaction:3484,t-BuXPhos,1,,57.01120739,45.541175842285156,16.243642807006836
reaction:3485,t-BuXPhos,2,,33.66124955,49.99054718017578,16.225282669067383
reaction:3486,t-BuXPhos,1,,51.21151631,57.60088348388672,17.116853713989258
reaction:3487,t-BuXPhos,3,,60.13886073,63.27894592285156,16.318849563598633
reaction:3488,t-BuXPhos,3,,2.249906301,5.706020355224609,16.864482879638672
reaction:3489,t-BuXPhos,0,,41.72955132,38.777503967285156,15.743556022644043
reaction:3490,t-BuXPhos,2,,60.45904469,50.70720672607422,17.116472244262695
reaction:3491,t-BuXPhos,2,,16.47949658,16.747398376464844,17.124677658081055
reaction:3492,t-BuXPhos,2,,27.36893381,24.839426040649414,16.354785919189453
reaction:3493,t-BuXPhos,0,,39.35756061,37.9240837097168,16.982267379760742
reaction:3494,t-BuXPhos,1,,0.712699399,-0.283538818359375,16.649585723876953
reaction:3495,t-BuXPhos,2,,8.970204017,31.629459381103516,17.26576805114746
reaction:3496,t-BuXPhos,3,,44.46296659,43.37295913696289,16.443937301635742
reaction:3497,t-BuXPhos,0,,4.28271464,4.112712860107422,16.81388282775879
reaction:3498,t-BuXPhos,0,,39.55034963,50.4132080078125,16.940168380737305
reaction:3499,t-BuXPhos,0,,63.92666602,59.55152893066406,16.82721710205078
reaction:3500,t-BuXPhos,4,,79.04497323,60.089412689208984,16.762826919555664
reaction:3501,t-BuXPhos,4,,78.70773698,73.75047302246094,15.568623542785645
reaction:3502,t-BuXPhos,2,,84.10193793,78.11775207519531,16.999168395996094
reaction:3503,t-BuXPhos,1,,12.67223423,19.22174072265625,15.450526237487793
reaction:3504,t-BuXPhos,0,,55.95219042,53.29557800292969,15.760944366455078
reaction:3505,t-BuXPhos,3,,80.67857489,69.42620849609375,16.9702205657959
reaction:3506,t-BuXPhos,0,,30.59884697,30.82537841796875,16.6109619140625
reaction:3507,t-BuXPhos,2,,33.91258635,36.618995666503906,16.093324661254883
reaction:3508,t-BuXPhos,0,,36.80129147,37.809967041015625,16.852062225341797
reaction:3509,t-BuXPhos,4,,2.495636052,10.943822860717773,15.260759353637695
reaction:3510,t-BuXPhos,2,,47.27988184,47.76518630981445,16.859323501586914
reaction:3511,t-BuXPhos,3,,44.44212826,44.01545333862305,16.35919761657715
reaction:3512,t-BuXPhos,3,,12.51112995,16.45138931274414,16.734699249267578
reaction:3513,t-BuXPhos,4,,66.1081674,62.39708709716797,15.885449409484863
reaction:3514,t-BuXPhos,2,,63.53604944,57.35000991821289,17.20130729675293
reaction:3515,t-BuXPhos,3,,53.37807808,66.2801742553711,16.810884475708008
reaction:3516,t-BuXPhos,1,,62.99169098,67.02578735351562,17.078662872314453
reaction:3517,t-BuXPhos,4,,63.44404456,65.66883087158203,16.035465240478516
reaction:3518,t-BuXPhos,4,,52.55158103,41.47188186645508,15.849730491638184
reaction:3519,t-BuXPhos,2,,68.74074216,44.960472106933594,17.170879364013672
reaction:3520,t-BuXPhos,0,,77.66689194,64.21066284179688,15.937355995178223
reaction:3521,t-BuXPhos,0,,34.08344524,22.089855194091797,16.81216812133789
reaction:3522,t-BuXPhos,3,,38.11608188,33.7724723815918,16.83968162536621
reaction:3523,t-BuXPhos,3,,39.909465,35.07359313964844,16.880691528320312
reaction:3524,t-BuXPhos,0,,1.029883817,-0.3886985778808594,16.389461517333984
reaction:3525,t-BuXPhos,2,,39.21368937,40.8942756652832,16.888240814208984
reaction:3526,t-BuXPhos,2,,35.2237201,38.99064636230469,16.411970138549805
reaction:3527,t-BuXPhos,0,,3.311093961,3.6375808715820312,16.93258285522461
reaction:3528,t-BuXPhos,1,,57.74229286,59.073875427246094,16.763641357421875
reaction:3529,t-BuXPhos,4,,59.48668549,64.5828628540039,16.099111557006836
reaction:3530,t-BuXPhos,0,,64.60204454,59.0781135559082,16.816360473632812
reaction:3531,t-BuXPhos,0,,61.25906652,67.45587921142578,16.115449905395508
reaction:3532,t-BuXPhos,3,,62.35242374,63.32707214355469,16.242631912231445
reaction:3533,t-BuXPhos,1,,36.30128303,29.119056701660156,15.679582595825195
reaction:3534,t-BuXPhos,4,,63.06191521,70.40531921386719,15.557137489318848
reaction:3535,t-BuXPhos,4,,62.65745672,74.5684814453125,15.58508586883545
reaction:3536,t-BuXPhos,1,,33.03637259,31.798208236694336,16.845314025878906
reaction:3537,t-BuXPhos,1,,39.20587876,40.903587341308594,16.8874454498291
reaction:3538,t-BuXPhos,4,,41.26140824,44.93031692504883,15.444639205932617
reaction:3539,t-BuXPhos,3,,1.728296665,0.34442901611328125,16.46361541748047
reaction:3540,t-BuXPhos,4,,49.69104828,45.84477996826172,15.851126670837402
reaction:3541,t-BuXPhos,1,,41.80838188,45.67396926879883,16.831195831298828
reaction:3542,t-BuXPhos,4,,3.524318044,7.465749740600586,15.51283073425293
reaction:3543,t-BuXPhos,2,,71.55294754,72.53021240234375,16.871755599975586
reaction:3544,t-BuXPhos,4,,72.58292155,72.99935913085938,16.261642456054688
reaction:3545,t-BuXPhos,4,,83.76441682,79.64706420898438,15.759055137634277
reaction:3546,t-BuXPhos,1,,82.77010873,82.5423812866211,17.22836685180664
reaction:3547,t-BuXPhos,2,,80.16290148,82.12015533447266,16.780393600463867
reaction:3548,t-BuXPhos,2,,44.56568658,40.771080017089844,16.309837341308594
reaction:3549,t-BuXPhos,2,,80.07437026,78.06454467773438,17.129690170288086
reaction:3550,t-BuXPhos,4,,81.27546311,88.35405731201172,15.822571754455566
reaction:3551,t-BuXPhos,0,,15.75654156,22.379541397094727,16.46220588684082
reaction:3552,t-BuXPhos,2,,40.52594956,39.25621032714844,14.891109466552734
reaction:3553,t-BuXPhos,1,,38.16592165,40.377471923828125,16.7713623046875
reaction:3554,t-BuXPhos,4,,0.390715033,10.989933013916016,16.02623176574707
reaction:3555,t-BuXPhos,1,,45.77689221,44.19511032104492,17.039283752441406
reaction:3556,t-BuXPhos,4,,41.36745101,40.25330352783203,16.61669158935547
reaction:3557,t-BuXPhos,1,,0.8602956559999999,13.745676040649414,16.733867645263672
reaction:3558,t-BuXPhos,1,,63.69608906,61.274208068847656,16.636005401611328
reaction:3559,t-BuXPhos,2,,64.24487271,55.96690368652344,15.935530662536621
reaction:3560,t-BuXPhos,4,,63.65319734,61.63240051269531,16.14569854736328
reaction:3561,t-BuXPhos,0,,73.26731184,67.15153503417969,15.794727325439453
reaction:3562,t-BuXPhos,3,,70.29330199,62.71980667114258,16.273164749145508
reaction:3563,t-BuXPhos,2,,8.47025224,28.9603214263916,15.147354125976562
reaction:3564,t-BuXPhos,4,,70.27327326,52.49186706542969,15.75275993347168
reaction:3565,t-BuXPhos,4,,75.8997955,52.52459716796875,16.072601318359375
reaction:3566,t-BuXPhos,4,,12.88972347,10.667701721191406,16.441574096679688
reaction:3567,t-BuXPhos,3,,36.29421793,35.83940505981445,16.96147918701172
reaction:3568,t-BuXPhos,3,,37.37794419,35.83100891113281,16.97051429748535
reaction:3569,t-BuXPhos,1,,0.252253584,-1.8136558532714844,16.94561004638672
reaction:3570,t-BuXPhos,3,,37.13655068,34.020904541015625,16.20222282409668
reaction:3571,t-BuXPhos,1,,32.814438300000006,38.50614929199219,17.162433624267578
reaction:3572,t-BuXPhos,1,,0.83326199,1.8492507934570312,16.62108039855957
reaction:3573,t-BuXPhos,3,,55.17541483,56.89959716796875,15.604863166809082
reaction:3574,t-BuXPhos,3,,57.50576347,63.43220901489258,16.75166130065918
reaction:3575,t-BuXPhos,0,,66.07394644,58.14938735961914,16.84393310546875
reaction:3576,t-BuXPhos,0,,64.68492451,66.38832092285156,16.26899528503418
reaction:3577,t-BuXPhos,4,,60.93427362,68.26228332519531,16.585304260253906
reaction:3578,t-BuXPhos,0,,6.684386034,5.490577697753906,16.672000885009766
reaction:3579,t-BuXPhos,3,,63.13467167,64.69117736816406,16.472332000732422
reaction:3580,t-BuXPhos,4,,65.07775968,64.4832992553711,16.032955169677734
reaction:3581,t-BuXPhos,1,,11.91198349,17.185626983642578,16.931854248046875
reaction:3582,t-BuXPhos,0,,39.35316158,40.26581954956055,16.551481246948242
reaction:3583,t-BuXPhos,3,,43.82916168,42.040016174316406,16.8902530670166
reaction:3584,t-BuXPhos,4,,0.381599662,3.4487743377685547,15.780401229858398
reaction:3585,t-BuXPhos,3,,49.01650319,40.21961212158203,16.419208526611328
reaction:3586,t-BuXPhos,1,,42.67624543,43.937862396240234,16.93712043762207
reaction:3587,t-BuXPhos,4,,0.7454308609999999,1.6607856750488281,15.719498634338379
reaction:3588,t-BuXPhos,4,,69.58481273,65.76329803466797,16.45621109008789
reaction:3589,t-BuXPhos,2,,71.48272249,67.11985778808594,15.744614601135254
reaction:3590,t-BuXPhos,0,,82.32171897,75.56834411621094,16.746002197265625
reaction:3591,t-BuXPhos,4,,81.29892199,82.92659759521484,15.304683685302734
reaction:3592,t-BuXPhos,4,,82.34381979999999,88.40153503417969,16.48598289489746
reaction:3593,t-BuXPhos,2,,7.182520972000001,22.37289810180664,15.207117080688477
reaction:3594,t-BuXPhos,1,,75.98553455,77.54290008544922,16.518909454345703
reaction:3595,t-BuXPhos,3,,82.40046293,84.6795654296875,16.765480041503906
reaction:3596,t-BuBrettPhos,3,,9.973367678,4.067798614501953,13.445231437683105
reaction:3597,t-BuBrettPhos,1,,12.38761085,10.276281356811523,13.625042915344238
reaction:3598,t-BuBrettPhos,4,,12.79513925,14.366790771484375,13.355873107910156
reaction:3599,t-BuBrettPhos,1,,0.746156967,-2.2664413452148438,13.472701072692871
reaction:3600,t-BuBrettPhos,4,,12.59161714,14.727424621582031,13.443763732910156
reaction:3601,t-BuBrettPhos,3,,14.72607829,19.72303009033203,13.037797927856445
reaction:3602,t-BuBrettPhos,4,,12.28165388,2.899932861328125,13.383041381835938
reaction:3603,t-BuBrettPhos,2,,24.42477517,26.210514068603516,13.315094947814941
reaction:3604,t-BuBrettPhos,2,,26.50151753,34.69451904296875,13.72684383392334
reaction:3605,t-BuBrettPhos,4,,24.72320112,29.31026840209961,13.400960922241211
reaction:3606,t-BuBrettPhos,0,,27.98543221,32.431968688964844,13.266936302185059
reaction:3607,t-BuBrettPhos,3,,32.32915323,43.45804977416992,13.576419830322266
reaction:3608,t-BuBrettPhos,0,,8.50474803,-7.076457977294922,13.62724781036377
reaction:3609,t-BuBrettPhos,0,,15.43456925,16.332847595214844,12.996224403381348
reaction:3610,t-BuBrettPhos,3,,19.90695412,24.247108459472656,13.630553245544434
reaction:3611,t-BuBrettPhos,3,,2.74121661,8.31355094909668,13.516515731811523
reaction:3612,t-BuBrettPhos,3,,20.07939568,26.201528549194336,13.526622772216797
reaction:3613,t-BuBrettPhos,2,,33.6420654,33.7536735534668,13.874896049499512
reaction:3614,t-BuBrettPhos,4,,0.328567973,3.9063568115234375,13.107060432434082
reaction:3615,t-BuBrettPhos,1,,12.21281347,21.093711853027344,13.913016319274902
reaction:3616,t-BuBrettPhos,3,,33.66516566,33.1302375793457,13.435450553894043
reaction:3617,t-BuBrettPhos,1,,1.993041801,5.46556282043457,13.868205070495605
reaction:3618,t-BuBrettPhos,1,,24.96800216,34.056884765625,13.339305877685547
reaction:3619,t-BuBrettPhos,1,,59.5664451,55.90962219238281,13.659880638122559
reaction:3620,t-BuBrettPhos,2,,32.57727167,30.509933471679688,13.661406517028809
reaction:3621,t-BuBrettPhos,3,,44.24461772,39.741233825683594,13.148482322692871
reaction:3622,t-BuBrettPhos,2,,61.37532466,55.82040786743164,13.664199829101562
reaction:3623,t-BuBrettPhos,2,,1.607816561,6.042657852172852,13.567778587341309
reaction:3624,t-BuBrettPhos,0,,42.1300284,41.477272033691406,12.843039512634277
reaction:3625,t-BuBrettPhos,3,,55.13286563,56.60890197753906,13.427502632141113
reaction:3626,t-BuBrettPhos,3,,13.51164782,11.848180770874023,13.443517684936523
reaction:3627,t-BuBrettPhos,2,,36.28377215,31.44320297241211,13.232585906982422
reaction:3628,t-BuBrettPhos,0,,43.31119655,43.07846450805664,13.420706748962402
reaction:3629,t-BuBrettPhos,1,,0.568210949,1.5963287353515625,13.502517700195312
reaction:3630,t-BuBrettPhos,3,,31.09780796,29.85756492614746,13.293609619140625
reaction:3631,t-BuBrettPhos,1,,44.42036094,44.674686431884766,13.540376663208008
reaction:3632,t-BuBrettPhos,2,,6.604799576,6.421178817749023,13.503091812133789
reaction:3633,t-BuBrettPhos,0,,53.30648897,46.202796936035156,13.544500350952148
reaction:3634,t-BuBrettPhos,2,,73.95398123,72.33721923828125,13.795527458190918
reaction:3635,t-BuBrettPhos,4,,64.98015189,50.80502700805664,13.4379243850708
reaction:3636,t-BuBrettPhos,4,,71.05445565,59.03943634033203,13.428343772888184
reaction:3637,t-BuBrettPhos,3,,83.94468409,86.07238006591797,13.579376220703125
reaction:3638,t-BuBrettPhos,3,,2.019729051,12.272132873535156,13.516840934753418
reaction:3639,t-BuBrettPhos,0,,55.99062735,51.37586212158203,12.883529663085938
reaction:3640,t-BuBrettPhos,3,,83.04189522,76.27166748046875,13.62732982635498
reaction:3641,t-BuBrettPhos,4,,17.35437544,15.318187713623047,13.535451889038086
reaction:3642,t-BuBrettPhos,2,,28.92940614,28.333526611328125,12.969708442687988
reaction:3643,t-BuBrettPhos,2,,34.70800352,32.514190673828125,13.708629608154297
reaction:3644,t-BuBrettPhos,3,,0.572188732,8.545900344848633,13.634367942810059
reaction:3645,t-BuBrettPhos,1,,38.02062933,30.082117080688477,14.197564125061035
reaction:3646,t-BuBrettPhos,3,,38.77000873,41.75868225097656,13.147692680358887
reaction:3647,t-BuBrettPhos,4,,13.95905877,11.92208480834961,13.547805786132812
reaction:3648,t-BuBrettPhos,0,,60.55316321,49.87037658691406,13.37331485748291
reaction:3649,t-BuBrettPhos,1,,63.14360639,52.843528747558594,13.81687068939209
reaction:3650,t-BuBrettPhos,0,,41.14460565,49.34696578979492,13.634075164794922
reaction:3651,t-BuBrettPhos,3,,47.20893463,58.64959716796875,13.64136791229248
reaction:3652,t-BuBrettPhos,4,,58.17261114,60.96514892578125,13.763849258422852
reaction:3653,t-BuBrettPhos,0,,13.53376242,15.328018188476562,13.350069046020508
reaction:3654,t-BuBrettPhos,4,,53.60304102,41.15380096435547,13.627431869506836
reaction:3655,t-BuBrettPhos,4,,58.45828833,47.35316848754883,13.71630573272705
reaction:3656,t-BuBrettPhos,4,,5.492602222,9.198297500610352,13.826652526855469
reaction:3657,t-BuBrettPhos,1,,30.47937114,30.246856689453125,13.574877738952637
reaction:3658,t-BuBrettPhos,4,,38.18576353,39.02420425415039,13.625174522399902
reaction:3659,t-BuBrettPhos,2,,0.0,3.360719680786133,13.368295669555664
reaction:3660,t-BuBrettPhos,3,,21.09483753,22.695615768432617,13.288655281066895
reaction:3661,t-BuBrettPhos,4,,57.7087314,44.1767578125,13.92088794708252
reaction:3662,t-BuBrettPhos,3,,6.312401384,7.396076202392578,13.782689094543457
reaction:3663,t-BuBrettPhos,2,,40.61436819,41.639041900634766,13.058182716369629
reaction:3664,t-BuBrettPhos,0,,62.94407370000001,66.36174774169922,13.276524543762207
reaction:3665,t-BuBrettPhos,0,,29.74076309,34.63433074951172,13.507689476013184
reaction:3666,t-BuBrettPhos,2,,38.06656269,43.395965576171875,13.424325942993164
reaction:3667,t-BuBrettPhos,4,,64.15465798,62.246707916259766,13.98934555053711
reaction:3668,t-BuBrettPhos,1,,4.069080612,9.122995376586914,13.442400932312012
reaction:3669,t-BuBrettPhos,4,,49.17268474,49.8931884765625,14.044018745422363
reaction:3670,t-BuBrettPhos,1,,57.52960259,64.96507263183594,13.257508277893066
reaction:3671,t-BuBrettPhos,0,,12.78962475,9.943424224853516,13.184622764587402
reaction:3672,t-BuBrettPhos,4,,31.88542104,33.05156326293945,13.516378402709961
reaction:3673,t-BuBrettPhos,0,,41.17290032,42.104637145996094,13.308662414550781
reaction:3674,t-BuBrettPhos,0,,0.0,-0.45196533203125,13.256662368774414
reaction:3675,t-BuBrettPhos,4,,36.44526769,25.27219009399414,13.418947219848633
reaction:3676,t-BuBrettPhos,2,,47.11829387,49.07222366333008,13.836090087890625
reaction:3677,t-BuBrettPhos,1,,6.880494812999999,5.68768310546875,13.776890754699707
reaction:3678,t-BuBrettPhos,1,,62.86856054,53.29353332519531,13.76738452911377
reaction:3679,t-BuBrettPhos,3,,72.345187,69.00840759277344,13.83608341217041
reaction:3680,t-BuBrettPhos,4,,72.24358198,49.252044677734375,13.641926765441895
reaction:3681,t-BuBrettPhos,0,,73.49750543,57.954307556152344,12.968473434448242
reaction:3682,t-BuBrettPhos,1,,86.32465757,86.16864776611328,13.79061222076416
reaction:3683,t-BuBrettPhos,0,,2.394294255,7.114702224731445,13.423517227172852
reaction:3684,t-BuBrettPhos,1,,47.68791361,53.375274658203125,13.605948448181152
reaction:3685,t-BuBrettPhos,4,,81.55614964,74.92835998535156,13.750221252441406
reaction:3686,t-BuBrettPhos,3,,11.04036087,15.313346862792969,13.628037452697754
reaction:3687,t-BuBrettPhos,1,,24.23482722,24.810636520385742,13.786581039428711
reaction:3688,t-BuBrettPhos,1,,31.2993075,29.9798641204834,13.708898544311523
reaction:3689,t-BuBrettPhos,4,,0.337596865,4.589729309082031,13.507403373718262
reaction:3690,t-BuBrettPhos,3,,46.64890669,47.07088088989258,13.477557182312012
reaction:3691,t-BuBrettPhos,1,,45.17206702,43.76629638671875,13.686502456665039
reaction:3692,t-BuBrettPhos,0,,9.993569506,9.63201904296875,13.661946296691895
reaction:3693,t-BuBrettPhos,4,,68.91825786,66.7291259765625,13.636537551879883
reaction:3694,t-BuBrettPhos,1,,69.27632316,59.12633514404297,13.984267234802246
reaction:3695,t-BuBrettPhos,2,,78.77070783,70.91648864746094,13.454117774963379
reaction:3696,t-BuBrettPhos,0,,76.11415284,71.40771484375,13.16865348815918
reaction:3697,t-BuBrettPhos,2,,81.78695125,75.46910095214844,13.707001686096191
reaction:3698,t-BuBrettPhos,2,,3.724806832,17.646575927734375,13.687103271484375
reaction:3699,t-BuBrettPhos,0,,17.80357266,37.256004333496094,12.810127258300781
reaction:3700,t-BuBrettPhos,1,,61.99734129,57.18650436401367,13.189793586730957
reaction:3701,t-BuBrettPhos,0,,27.20831726,17.406938552856445,13.826948165893555
reaction:3702,t-BuBrettPhos,0,,38.14083048,37.326454162597656,13.64564323425293
reaction:3703,t-BuBrettPhos,4,,36.4250561,39.856201171875,13.513612747192383
reaction:3704,t-BuBrettPhos,1,,1.088494579,4.283246994018555,13.888915061950684
reaction:3705,t-BuBrettPhos,1,,37.85579692,41.16234588623047,13.92780876159668
reaction:3706,t-BuBrettPhos,0,,41.07404232,43.479183197021484,13.378098487854004
reaction:3707,t-BuBrettPhos,4,,8.955312407000001,7.3997955322265625,13.471342086791992
reaction:3708,t-BuBrettPhos,4,,59.10146589,60.621070861816406,13.388744354248047
reaction:3709,t-BuBrettPhos,1,,65.48133698,67.46797180175781,13.793771743774414
reaction:3710,t-BuBrettPhos,1,,62.79572595,62.96450424194336,13.957002639770508
reaction:3711,t-BuBrettPhos,3,,65.86005497,62.11583709716797,13.200480461120605
reaction:3712,t-BuBrettPhos,4,,64.68104609,68.87095642089844,13.64967155456543
reaction:3713,t-BuBrettPhos,2,,25.61137798,19.047393798828125,13.251354217529297
reaction:3714,t-BuBrettPhos,0,,56.47869884,60.852935791015625,13.186860084533691
reaction:3715,t-BuBrettPhos,1,,60.5253289,67.47232055664062,13.531596183776855
reaction:3716,t-BuBrettPhos,3,,28.57251929,17.950693130493164,13.244682312011719
reaction:3717,t-BuBrettPhos,0,,38.20471013,38.57191467285156,13.77001667022705
reaction:3718,t-BuBrettPhos,4,,41.63261266,45.5018196105957,13.825141906738281
reaction:3719,t-BuBrettPhos,0,,1.226874544,0.5987777709960938,13.617900848388672
reaction:3720,t-BuBrettPhos,3,,47.15627467,45.52079772949219,12.980323791503906
reaction:3721,t-BuBrettPhos,2,,49.15467449,47.94036865234375,13.64121150970459
reaction:3722,t-BuBrettPhos,1,,9.293896224,4.732961654663086,13.849316596984863
reaction:3723,t-BuBrettPhos,0,,74.97052076,72.82180786132812,13.680798530578613
reaction:3724,t-BuBrettPhos,0,,75.97219172,78.51701354980469,13.709508895874023
reaction:3725,t-BuBrettPhos,0,,85.53405964,85.9783935546875,13.608247756958008
reaction:3726,t-BuBrettPhos,4,,80.79670421,88.86311340332031,13.633188247680664
reaction:3727,t-BuBrettPhos,1,,85.64532689,92.48663330078125,13.770607948303223
reaction:3728,t-BuBrettPhos,0,,21.70039266,15.331838607788086,13.676264762878418
reaction:3729,t-BuBrettPhos,1,,76.95155975,66.42137145996094,13.518498420715332
reaction:3730,t-BuBrettPhos,2,,80.79774090000001,81.616455078125,13.78160572052002
reaction:3731,t-BuBrettPhos,3,,2.008708666,8.560546875,13.574950218200684
reaction:3732,t-BuBrettPhos,1,,25.56755062,27.494739532470703,13.846031188964844
reaction:3733,t-BuBrettPhos,4,,32.35958784,35.31890869140625,13.663351058959961
reaction:3734,t-BuBrettPhos,4,,0.0,8.765243530273438,13.678204536437988
reaction:3735,t-BuBrettPhos,1,,41.6263458,35.190940856933594,13.963764190673828
reaction:3736,t-BuBrettPhos,3,,41.53702825,44.1916618347168,13.17924976348877
reaction:3737,t-BuBrettPhos,4,,5.761815995,9.078275680541992,13.556655883789062
reaction:3738,t-BuBrettPhos,3,,63.22828466,56.696617126464844,13.68759822845459
reaction:3739,t-BuBrettPhos,1,,66.89026205,59.64056396484375,13.89902114868164
reaction:3740,t-BuBrettPhos,0,,72.60987428,64.4242935180664,13.0634126663208
reaction:3741,t-BuBrettPhos,4,,78.22401013,67.66567993164062,13.681655883789062
reaction:3742,t-BuBrettPhos,2,,70.14060434,72.31010437011719,13.891472816467285
reaction:3743,t-BuBrettPhos,3,,0.810171959,6.751020431518555,13.752973556518555
reaction:3744,t-BuBrettPhos,2,,48.96975625,46.20293045043945,13.775955200195312
reaction:3745,t-BuBrettPhos,1,,50.40479784,49.12069320678711,13.217848777770996
reaction:3746,t-BuBrettPhos,0,,6.090802245,9.250875473022461,13.522573471069336
reaction:3747,t-BuBrettPhos,1,,38.90083473,33.93889617919922,13.69179630279541
reaction:3748,t-BuBrettPhos,3,,37.47062049,37.56283187866211,13.895402908325195
reaction:3749,t-BuBrettPhos,4,,0.0,6.63831901550293,13.681609153747559
reaction:3750,t-BuBrettPhos,0,,35.15329281,29.567108154296875,13.440902709960938
reaction:3751,t-BuBrettPhos,0,,41.08459601,41.34515380859375,13.261960983276367
reaction:3752,t-BuBrettPhos,1,,4.12761042,6.597272872924805,13.875161170959473
reaction:3753,t-BuBrettPhos,4,,56.83415199,46.59963607788086,13.314275741577148
reaction:3754,t-BuBrettPhos,2,,65.44832937,67.95864868164062,13.556814193725586
reaction:3755,t-BuBrettPhos,1,,58.01064055,48.11979675292969,13.559897422790527
reaction:3756,t-BuBrettPhos,2,,63.16520406,58.07539367675781,13.528302192687988
reaction:3757,t-BuBrettPhos,3,,66.65248144,65.96002197265625,13.797133445739746
reaction:3758,t-BuBrettPhos,3,,2.68455705,7.916013717651367,13.782693862915039
reaction:3759,t-BuBrettPhos,1,,58.35068095,58.81978225708008,13.791006088256836
reaction:3760,t-BuBrettPhos,0,,61.04278074,63.927650451660156,13.393216133117676
reaction:3761,t-BuBrettPhos,1,,6.03417912,5.7557220458984375,13.995050430297852
reaction:3762,t-BuBrettPhos,1,,38.15565558,31.798755645751953,14.02085018157959
reaction:3763,t-BuBrettPhos,4,,45.15638688,41.35755920410156,13.849321365356445
reaction:3764,t-BuBrettPhos,4,,0.0,1.3380985260009766,13.60982608795166
reaction:3765,t-BuBrettPhos,3,,36.98776703,36.3923454284668,13.559988021850586
reaction:3766,t-BuBrettPhos,3,,44.33872807,46.97180938720703,13.691173553466797
reaction:3767,t-BuBrettPhos,4,,4.225486824,-0.7791175842285156,13.704792976379395
reaction:3768,t-BuBrettPhos,2,,59.21946541,52.698822021484375,13.440956115722656
reaction:3769,t-BuBrettPhos,1,,74.59845802,72.24974060058594,13.887467384338379
reaction:3770,t-BuBrettPhos,3,,78.02488381,74.32572937011719,14.128804206848145
reaction:3771,t-BuBrettPhos,3,,80.73687357,83.57331085205078,13.39883041381836
reaction:3772,t-BuBrettPhos,0,,88.24637541,88.83629608154297,13.336580276489258
reaction:3773,t-BuBrettPhos,1,,1.957264533,0.16221237182617188,13.769097328186035
reaction:3774,t-BuBrettPhos,1,,65.74098646,62.147003173828125,13.837475776672363
reaction:3775,t-BuBrettPhos,1,,83.83843021,76.37821960449219,13.579835891723633
reaction:3776,AdBrettPhos,4,,10.47269891,2.5848770141601562,13.262409210205078
reaction:3777,AdBrettPhos,2,,12.16304801,7.560401916503906,13.123130798339844
reaction:3778,AdBrettPhos,2,,10.78771766,15.062284469604492,14.103641510009766
reaction:3779,AdBrettPhos,2,,1.152131483,-2.20587158203125,13.792850494384766
reaction:3780,AdBrettPhos,0,,14.89842021,12.034830093383789,13.769039154052734
reaction:3781,AdBrettPhos,4,,16.26779165,22.451976776123047,13.395670890808105
reaction:3782,AdBrettPhos,3,,4.656693452,2.4472599029541016,13.024285316467285
reaction:3783,AdBrettPhos,0,,21.20587604,20.122690200805664,13.57981014251709
reaction:3784,AdBrettPhos,0,,27.685942800000003,32.431968688964844,13.457054138183594
reaction:3785,AdBrettPhos,3,,21.50066765,21.14197540283203,13.67225170135498
reaction:3786,AdBrettPhos,1,,25.90827653,28.108308792114258,13.672101974487305
reaction:3787,AdBrettPhos,4,,28.29509241,35.704410552978516,13.67512035369873
reaction:3788,AdBrettPhos,0,,14.747497199999998,-7.430305480957031,13.712980270385742
reaction:3789,AdBrettPhos,4,,17.65611496,10.23965835571289,13.548184394836426
reaction:3790,AdBrettPhos,1,,19.96336659,24.957656860351562,13.094703674316406
reaction:3791,AdBrettPhos,2,,2.505489323,4.569637298583984,14.080729484558105
reaction:3792,AdBrettPhos,4,,15.19101144,21.654993057250977,13.103527069091797
reaction:3793,AdBrettPhos,1,,34.181383399999994,29.964046478271484,13.840779304504395
reaction:3794,AdBrettPhos,3,,0.4677335079999999,-0.9330635070800781,13.43339729309082
reaction:3795,AdBrettPhos,1,,14.98944103,16.945499420166016,14.032807350158691
reaction:3796,AdBrettPhos,3,,40.85999304,29.49549102783203,13.547219276428223
reaction:3797,AdBrettPhos,3,,0.648980669,-0.3363380432128906,13.471336364746094
reaction:3798,AdBrettPhos,3,,24.05265274,22.4808406829834,13.317609786987305
reaction:3799,AdBrettPhos,1,,60.8676331,50.25599670410156,13.80954647064209
reaction:3800,AdBrettPhos,3,,20.28381752,18.405454635620117,13.673067092895508
reaction:3801,AdBrettPhos,0,,30.24326754,30.197120666503906,13.279078483581543
reaction:3802,AdBrettPhos,1,,53.5695113,46.618736267089844,13.81861686706543
reaction:3803,AdBrettPhos,0,,1.726024029,-1.3546104431152344,13.433809280395508
reaction:3804,AdBrettPhos,1,,36.92601799,32.64661407470703,13.813411712646484
reaction:3805,AdBrettPhos,1,,56.57387493,50.68809509277344,13.317490577697754
reaction:3806,AdBrettPhos,4,,7.949590253999999,8.573505401611328,13.371803283691406
reaction:3807,AdBrettPhos,0,,30.30978378,30.46684455871582,13.68871784210205
reaction:3808,AdBrettPhos,2,,47.10591975,40.47610092163086,14.106155395507812
reaction:3809,AdBrettPhos,3,,0.256451547,0.03002166748046875,13.649396896362305
reaction:3810,AdBrettPhos,3,,26.95590806,26.50020408630371,13.380914688110352
reaction:3811,AdBrettPhos,2,,49.01475041,40.84072494506836,13.979942321777344
reaction:3812,AdBrettPhos,0,,0.727174946,4.171295166015625,13.737725257873535
reaction:3813,AdBrettPhos,1,,34.67021781,46.33311080932617,13.752265930175781
reaction:3814,AdBrettPhos,4,,73.39202626,65.25404357910156,13.342763900756836
reaction:3815,AdBrettPhos,0,,29.55686861,51.1195182800293,13.628960609436035
reaction:3816,AdBrettPhos,1,,41.06227561,61.55824279785156,13.843340873718262
reaction:3817,AdBrettPhos,4,,86.42573792,74.21630859375,13.648823738098145
reaction:3818,AdBrettPhos,4,,0.0,3.472576141357422,13.572967529296875
reaction:3819,AdBrettPhos,2,,27.34305282,52.189109802246094,13.962736129760742
reaction:3820,AdBrettPhos,4,,76.73986616,72.32386779785156,13.382652282714844
reaction:3821,AdBrettPhos,1,,15.5615648,10.004232406616211,13.946878433227539
reaction:3822,AdBrettPhos,3,,24.35604753,23.281747817993164,13.94141960144043
reaction:3823,AdBrettPhos,3,,28.85136629,29.468135833740234,13.90345573425293
reaction:3824,AdBrettPhos,2,,0.979807222,5.834039688110352,13.687085151672363
reaction:3825,AdBrettPhos,1,,29.01476311,26.571861267089844,14.312749862670898
reaction:3826,AdBrettPhos,2,,33.20741805,42.39138412475586,13.867274284362793
reaction:3827,AdBrettPhos,1,,4.08442672,9.695493698120117,13.998525619506836
reaction:3828,AdBrettPhos,1,,46.70548466,45.84444046020508,13.72102165222168
reaction:3829,AdBrettPhos,2,,49.28704587,56.98418426513672,13.724553108215332
reaction:3830,AdBrettPhos,1,,31.37415917,35.163970947265625,13.926851272583008
reaction:3831,AdBrettPhos,3,,37.12306374,46.37720489501953,13.725440979003906
reaction:3832,AdBrettPhos,2,,42.69698784,57.08684539794922,13.863775253295898
reaction:3833,AdBrettPhos,4,,16.74814495,10.49423599243164,13.802519798278809
reaction:3834,AdBrettPhos,1,,52.20286143,31.168119430541992,13.629388809204102
reaction:3835,AdBrettPhos,1,,56.41870071,45.939395904541016,13.268425941467285
reaction:3836,AdBrettPhos,2,,3.434831672,3.273365020751953,13.770975112915039
reaction:3837,AdBrettPhos,4,,26.32369704,25.543354034423828,13.9066162109375
reaction:3838,AdBrettPhos,3,,36.14852387,34.00455856323242,13.948468208312988
reaction:3839,AdBrettPhos,4,,0.0,-0.6195144653320312,13.802851676940918
reaction:3840,AdBrettPhos,3,,16.7341519,17.245849609375,13.470474243164062
reaction:3841,AdBrettPhos,1,,49.985461,46.692481994628906,13.770604133605957
reaction:3842,AdBrettPhos,3,,0.995077613,1.1033744812011719,13.97226619720459
reaction:3843,AdBrettPhos,4,,30.16614104,33.471195220947266,13.630087852478027
reaction:3844,AdBrettPhos,0,,59.31991617,60.05902862548828,13.363913536071777
reaction:3845,AdBrettPhos,1,,20.49711258,17.95437240600586,13.611083984375
reaction:3846,AdBrettPhos,0,,31.02334366,27.475637435913086,13.152982711791992
reaction:3847,AdBrettPhos,2,,56.03747384,53.138153076171875,13.642892837524414
reaction:3848,AdBrettPhos,4,,2.039001868,0.6833267211914062,13.969273567199707
reaction:3849,AdBrettPhos,4,,47.55321922,42.157318115234375,14.152108192443848
reaction:3850,AdBrettPhos,3,,59.16216512,56.387115478515625,13.692408561706543
reaction:3851,AdBrettPhos,1,,5.071740985,4.63446044921875,13.882922172546387
reaction:3852,AdBrettPhos,2,,31.60555467,26.014488220214844,13.291041374206543
reaction:3853,AdBrettPhos,3,,41.60266431,37.0485954284668,13.963486671447754
reaction:3854,AdBrettPhos,2,,0.0,-4.930442810058594,13.626506805419922
reaction:3855,AdBrettPhos,0,,20.44948228,24.82638168334961,13.341303825378418
reaction:3856,AdBrettPhos,4,,46.3015164,44.698089599609375,13.830607414245605
reaction:3857,AdBrettPhos,0,,1.005881291,-1.9253044128417969,13.483880043029785
reaction:3858,AdBrettPhos,1,,34.47263315,45.40217971801758,13.891022682189941
reaction:3859,AdBrettPhos,3,,72.29221067,62.54747772216797,13.945602416992188
reaction:3860,AdBrettPhos,2,,31.19527434,52.291404724121094,13.626381874084473
reaction:3861,AdBrettPhos,4,,39.71442231,59.24555206298828,13.637307167053223
reaction:3862,AdBrettPhos,0,,83.49602396,74.69754791259766,13.326441764831543
reaction:3863,AdBrettPhos,2,,0.0,-2.2074928283691406,13.63901138305664
reaction:3864,AdBrettPhos,4,,27.15696835,51.63629913330078,13.626752853393555
reaction:3865,AdBrettPhos,0,,67.35182955,73.63768005371094,13.281632423400879
reaction:3866,AdBrettPhos,4,,6.112603375,16.090227127075195,13.201594352722168
reaction:3867,AdBrettPhos,4,,19.11941212,25.019559860229492,13.124778747558594
reaction:3868,AdBrettPhos,2,,29.76126623,32.300193786621094,13.88855266571045
reaction:3869,AdBrettPhos,3,,0.0,2.7903976440429688,13.784674644470215
reaction:3870,AdBrettPhos,2,,49.20462645,44.988685607910156,13.614898681640625
reaction:3871,AdBrettPhos,3,,49.50904012,45.0469970703125,13.466995239257812
reaction:3872,AdBrettPhos,3,,1.743650282,9.189022064208984,13.251124382019043
reaction:3873,AdBrettPhos,1,,67.14890203,63.64154815673828,13.422390937805176
reaction:3874,AdBrettPhos,1,,68.20094264,59.79905319213867,14.070810317993164
reaction:3875,AdBrettPhos,4,,74.20453315,65.54547119140625,13.39989185333252
reaction:3876,AdBrettPhos,3,,74.49984474,61.95852279663086,13.63642692565918
reaction:3877,AdBrettPhos,3,,83.44233536,65.96080780029297,13.943949699401855
reaction:3878,AdBrettPhos,4,,2.899493403,14.703908920288086,13.539856910705566
reaction:3879,AdBrettPhos,3,,16.85617983,29.799503326416016,13.829876899719238
reaction:3880,AdBrettPhos,2,,65.67896113,55.47260665893555,13.85734748840332
reaction:3881,AdBrettPhos,0,,17.43734901,13.150550842285156,13.779410362243652
reaction:3882,AdBrettPhos,1,,35.28597628,32.37620544433594,13.951864242553711
reaction:3883,AdBrettPhos,2,,36.96535355,36.41973114013672,13.675003051757812
reaction:3884,AdBrettPhos,0,,0.926720681,0.5663681030273438,13.577482223510742
reaction:3885,AdBrettPhos,4,,38.563334600000005,34.48073196411133,13.319808959960938
reaction:3886,AdBrettPhos,3,,39.70763397,40.41594696044922,13.237462043762207
reaction:3887,AdBrettPhos,1,,1.666950752,2.9830970764160156,14.099703788757324
reaction:3888,AdBrettPhos,1,,57.55922845,53.62480926513672,13.738397598266602
reaction:3889,AdBrettPhos,4,,61.437310200000006,63.99698257446289,13.724261283874512
reaction:3890,AdBrettPhos,1,,44.04139335,50.608985900878906,14.000814437866211
reaction:3891,AdBrettPhos,4,,53.66497703,53.528526306152344,13.279120445251465
reaction:3892,AdBrettPhos,3,,58.26903703,57.820343017578125,13.582618713378906
reaction:3893,AdBrettPhos,1,,15.287626800000002,14.416572570800781,13.818801879882812
reaction:3894,AdBrettPhos,4,,59.26239712,45.900611877441406,13.717394828796387
reaction:3895,AdBrettPhos,2,,62.55956501,62.04320526123047,13.624710083007812
reaction:3896,AdBrettPhos,2,,15.21649465,19.926483154296875,13.912898063659668
reaction:3897,AdBrettPhos,4,,37.4061745,35.56362533569336,13.47880744934082
reaction:3898,AdBrettPhos,4,,43.02832469,44.952640533447266,13.785920143127441
reaction:3899,AdBrettPhos,1,,1.126878627,0.19626998901367188,13.670402526855469
reaction:3900,AdBrettPhos,0,,43.83894822,43.02666091918945,13.663586616516113
reaction:3901,AdBrettPhos,1,,48.45171074,49.24504089355469,13.80338191986084
reaction:3902,AdBrettPhos,4,,1.342248202,2.961111068725586,13.337279319763184
reaction:3903,AdBrettPhos,2,,69.84952946,67.50332641601562,13.83424186706543
reaction:3904,AdBrettPhos,4,,74.90352783,77.11319732666016,13.503615379333496
reaction:3905,AdBrettPhos,2,,78.41262052,75.47928619384766,13.617598533630371
reaction:3906,AdBrettPhos,0,,80.77035612,77.57279205322266,13.057168006896973
reaction:3907,AdBrettPhos,3,,84.70172213,85.91096496582031,13.40979290008545
reaction:3908,AdBrettPhos,2,,9.540861126,14.012718200683594,13.784234046936035
reaction:3909,AdBrettPhos,0,,61.6695561,65.55242919921875,13.090994834899902
reaction:3910,AdBrettPhos,1,,74.59231799,83.72709655761719,13.36522102355957
reaction:3911,AdBrettPhos,2,,1.159391266,2.3265113830566406,13.6521635055542
reaction:3912,AdBrettPhos,2,,19.7798759,22.8686580657959,12.915047645568848
reaction:3913,AdBrettPhos,4,,27.25583167,31.22723388671875,13.62645435333252
reaction:3914,AdBrettPhos,0,,0.0,0.7042732238769531,13.088462829589844
reaction:3915,AdBrettPhos,2,,27.61595801,33.99860382080078,13.658988952636719
reaction:3916,AdBrettPhos,1,,44.94211074,37.37232971191406,13.729183197021484
reaction:3917,AdBrettPhos,2,,0.0,4.463003158569336,13.59853458404541
reaction:3918,AdBrettPhos,3,,49.88008869,50.296791076660156,13.680047035217285
reaction:3919,AdBrettPhos,1,,61.83593039,55.141090393066406,13.968324661254883
reaction:3920,AdBrettPhos,3,,54.69797468,56.78423309326172,13.789331436157227
reaction:3921,AdBrettPhos,4,,66.42814295,56.494407653808594,13.584599494934082
reaction:3922,AdBrettPhos,2,,66.04767415,64.40623474121094,13.815463066101074
reaction:3923,AdBrettPhos,0,,0.899554125,0.6012077331542969,13.117840766906738
reaction:3924,AdBrettPhos,1,,41.91155944,35.67067337036133,13.352644920349121
reaction:3925,AdBrettPhos,3,,45.77046106,47.18412780761719,13.746115684509277
reaction:3926,AdBrettPhos,3,,2.749074467,0.12977218627929688,13.81110668182373
reaction:3927,AdBrettPhos,2,,28.74221631,28.93900489807129,13.007857322692871
reaction:3928,AdBrettPhos,3,,33.74215602,31.63895034790039,13.935836791992188
reaction:3929,AdBrettPhos,3,,0.0,-3.0676307678222656,13.600122451782227
reaction:3930,AdBrettPhos,1,,20.54633014,24.75726890563965,13.851898193359375
reaction:3931,AdBrettPhos,2,,34.2854552,37.731258392333984,13.591107368469238
reaction:3932,AdBrettPhos,0,,0.52608193,-2.5619277954101562,13.607303619384766
reaction:3933,AdBrettPhos,0,,35.20097749,41.00824737548828,13.6227445602417
reaction:3934,AdBrettPhos,4,,57.87416713,59.81396484375,13.724749565124512
reaction:3935,AdBrettPhos,4,,28.17135486,38.02388000488281,13.446643829345703
reaction:3936,AdBrettPhos,1,,42.18931962,47.088043212890625,13.910196304321289
reaction:3937,AdBrettPhos,3,,54.86277738,54.184234619140625,13.834290504455566
reaction:3938,AdBrettPhos,4,,1.7201850419999998,-2.908275604248047,13.734869956970215
reaction:3939,AdBrettPhos,0,,52.96278289,45.83848190307617,13.011363983154297
reaction:3940,AdBrettPhos,2,,55.26466335,57.27587127685547,13.71570873260498
reaction:3941,AdBrettPhos,4,,2.565604497,-2.3967056274414062,13.540485382080078
reaction:3942,AdBrettPhos,0,,25.67305216,29.315113067626953,13.440099716186523
reaction:3943,AdBrettPhos,4,,40.24019595,37.12820816040039,13.832301139831543
reaction:3944,AdBrettPhos,0,,0.0,-5.8097686767578125,13.336034774780273
reaction:3945,AdBrettPhos,3,,20.84643886,32.382137298583984,13.60520076751709
reaction:3946,AdBrettPhos,1,,46.31398784,38.67792510986328,13.749654769897461
reaction:3947,AdBrettPhos,4,,0.553317014,-8.09872817993164,13.639561653137207
reaction:3948,AdBrettPhos,3,,32.70750682,53.72832489013672,13.367250442504883
reaction:3949,AdBrettPhos,3,,69.61841713,72.11468505859375,13.843352317810059
reaction:3950,AdBrettPhos,3,,38.40380593,62.54496765136719,14.229783058166504
reaction:3951,AdBrettPhos,3,,57.42667045,73.78164672851562,13.365327835083008
reaction:3952,AdBrettPhos,0,,86.23315653,79.82121276855469,13.42867374420166
reaction:3953,AdBrettPhos,1,,1.44008073,-6.839302062988281,13.775918960571289
reaction:3954,AdBrettPhos,3,,43.53836522,61.21034240722656,13.989259719848633
reaction:3955,AdBrettPhos,1,,69.79590237,71.36273956298828,13.606648445129395
