row_id,ligand,fold,reference_group,y_true,y_pred,y_std
reaction:1,XPhos,1,,10.65781182,8.977550506591797,17.09389877319336
reaction:2,XPhos,1,,14.7478961,7.296623229980469,16.385263442993164
reaction:3,XPhos,2,,18.27868619,18.768817901611328,14.99539852142334
reaction:4,XPhos,1,,2.475057616,-0.8704643249511719,10.45822525024414
reaction:5,XPhos,0,,6.119058475,5.61572265625,15.939332962036133
reaction:6,XPhos,2,,5.449924218,3.9731979370117188,15.545392990112305
reaction:7,XPhos,1,,7.802080337,3.2116336822509766,19.36480712890625
reaction:8,XPhos,0,,14.23417841,26.257755279541016,12.65965747833252
reaction:9,XPhos,0,,15.41389344,30.073862075805664,14.296323776245117
reaction:10,XPhos,2,,9.46569581,4.734733581542969,12.390954971313477
reaction:11,XPhos,1,,15.23875818,9.45138168334961,12.102282524108887
reaction:12,XPhos,2,,19.59428889,13.656869888305664,13.830145835876465
reaction:13,XPhos,0,,7.787908452000001,11.768980026245117,14.566446304321289
reaction:14,XPhos,0,,9.677591971,8.193441390991211,16.015470504760742
reaction:15,XPhos,4,,13.17521743,29.335081100463867,15.86466121673584
reaction:16,XPhos,3,,14.01864146,15.466947555541992,12.280811309814453
reaction:17,XPhos,4,,30.5912617,33.05667495727539,11.105562210083008
reaction:18,XPhos,4,,38.15573638,36.920143127441406,16.26206398010254
reaction:19,XPhos,0,,0.456472494,1.7496967315673828,13.292973518371582
reaction:20,XPhos,3,,3.867385769,9.751066207885742,14.943117141723633
reaction:21,XPhos,1,,7.024622197,12.114273071289062,13.101312637329102
reaction:22,XPhos,2,,2.84616447,5.083189010620117,11.732110977172852
reaction:23,XPhos,3,,18.8690087,21.06361961364746,12.845635414123535
reaction:24,XPhos,2,,25.0736586,19.863317489624023,13.005849838256836
reaction:25,XPhos,2,,21.66658644,24.66372299194336,12.291020393371582
reaction:26,XPhos,3,,48.48749388,39.58409881591797,13.186327934265137
reaction:27,XPhos,4,,58.61075678,47.38047409057617,14.345666885375977
reaction:28,XPhos,2,,4.169292721000001,10.221101760864258,13.953775405883789
reaction:29,XPhos,2,,11.38334579,17.210899353027344,11.812760353088379
reaction:30,XPhos,3,,24.41818234,17.163570404052734,12.099394798278809
reaction:31,XPhos,4,,14.96739578,11.815067291259766,12.212953567504883
reaction:32,XPhos,3,,30.28625472,26.170772552490234,13.077390670776367
reaction:33,XPhos,3,,39.57783871,36.426658630371094,12.791411399841309
reaction:34,XPhos,3,,0.339837285,0.7235374450683594,12.84729290008545
reaction:35,XPhos,3,,3.12306153,4.156408309936523,12.885296821594238
reaction:36,XPhos,3,,5.140109821,6.137086868286133,13.161616325378418
reaction:37,XPhos,1,,3.920306162,2.2772445678710938,12.030027389526367
reaction:38,XPhos,4,,15.39753007,16.982444763183594,12.350971221923828
reaction:39,XPhos,3,,22.45064906,39.32648468017578,13.19682502746582
reaction:40,XPhos,3,,23.68617418,21.131776809692383,12.853434562683105
reaction:41,XPhos,4,,42.69485888,45.58518981933594,12.709945678710938
reaction:42,XPhos,0,,54.83360857,59.17722702026367,15.683865547180176
reaction:43,XPhos,0,,6.351542297000001,2.4499282836914062,12.589813232421875
reaction:44,XPhos,3,,14.16472216,12.862529754638672,12.770108222961426
reaction:45,XPhos,0,,17.378304,26.587482452392578,12.980961799621582
reaction:46,XPhos,0,,3.606676847,17.005239486694336,13.177238464355469
reaction:47,XPhos,2,,35.07866175,29.322959899902344,16.763286590576172
reaction:48,XPhos,3,,43.31814591,45.4116325378418,14.572709083557129
reaction:49,XPhos,3,,0.0,1.1379318237304688,21.26275062561035
reaction:50,XPhos,1,,29.29817829,33.2061767578125,15.745100021362305
reaction:51,XPhos,0,,37.56535564,35.32183074951172,14.380011558532715
reaction:52,XPhos,1,,0.960810012,6.655721664428711,18.79413414001465
reaction:53,XPhos,4,,59.0196812,57.770362854003906,11.228378295898438
reaction:54,XPhos,2,,70.96873006,56.00373840332031,12.238581657409668
reaction:55,XPhos,2,,35.13952712,34.32686233520508,11.988508224487305
reaction:56,XPhos,4,,37.65445791,44.023773193359375,11.440552711486816
reaction:57,XPhos,2,,51.10248957,40.46481704711914,13.27181625366211
reaction:58,XPhos,1,,3.963450153,19.652313232421875,12.804224014282227
reaction:59,XPhos,1,,31.93031022,29.804336547851562,15.953981399536133
reaction:60,XPhos,2,,48.70823186,42.954856872558594,10.244343757629395
reaction:61,XPhos,2,,5.008760546,5.878135681152344,12.789864540100098
reaction:62,XPhos,1,,35.08872433,34.17070770263672,12.078892707824707
reaction:63,XPhos,4,,41.2456065,40.358192443847656,15.603713989257812
reaction:64,XPhos,1,,0.0,0.9393997192382812,9.984565734863281
reaction:65,XPhos,1,,13.9769471,14.411882400512695,15.008162498474121
reaction:66,XPhos,0,,18.89524916,22.310874938964844,13.644492149353027
reaction:67,XPhos,4,,0.705195152,0.385223388671875,12.22458553314209
reaction:68,XPhos,4,,32.63234102,33.216304779052734,11.021086692810059
reaction:69,XPhos,3,,31.81837229,44.74748229980469,12.73200511932373
reaction:70,XPhos,0,,30.4254394,31.92400360107422,12.506902694702148
reaction:71,XPhos,2,,53.63578043,49.99848937988281,11.702680587768555
reaction:72,XPhos,0,,59.4767437,54.84471130371094,14.638246536254883
reaction:73,XPhos,2,,2.014671714,6.831153869628906,13.690875053405762
reaction:74,XPhos,2,,26.51352578,27.1887149810791,11.305633544921875
reaction:75,XPhos,1,,36.85037948,35.859493255615234,10.222079277038574
reaction:76,XPhos,1,,4.820162197,8.85511589050293,10.954246520996094
reaction:77,XPhos,3,,34.80628557,36.106693267822266,12.205012321472168
reaction:78,XPhos,4,,46.63249784,46.46946716308594,14.290836334228516
reaction:79,XPhos,1,,0.0,1.1334114074707031,10.201176643371582
reaction:80,XPhos,4,,11.74218494,16.218191146850586,14.003467559814453
reaction:81,XPhos,1,,26.65189435,23.580738067626953,12.875606536865234
reaction:82,XPhos,2,,0.5468298979999999,1.9608306884765625,11.037861824035645
reaction:83,XPhos,0,,35.87055638,37.857948303222656,12.103111267089844
reaction:84,XPhos,4,,68.84449525,51.70923614501953,11.953950881958008
reaction:85,XPhos,0,,33.8754215,39.93268585205078,12.683907508850098
reaction:86,XPhos,3,,63.0697188,60.90413284301758,11.980096817016602
reaction:87,XPhos,3,,70.62989218,67.15242767333984,12.7369966506958
reaction:88,XPhos,2,,2.481415648,5.770013809204102,13.52143669128418
reaction:89,XPhos,1,,31.6780045,29.329397201538086,10.900226593017578
reaction:90,XPhos,2,,46.01420049,44.816219329833984,10.932719230651855
reaction:91,XPhos,1,,22.16644806,13.667449951171875,16.157197952270508
reaction:92,XPhos,4,,23.21156884,22.418701171875,10.207520484924316
reaction:93,XPhos,1,,34.74876407,35.87611770629883,14.399256706237793
reaction:94,XPhos,3,,0.948128865,0.3314208984375,21.143444061279297
reaction:95,XPhos,4,,16.64966496,23.30816650390625,14.282224655151367
reaction:96,XPhos,2,,19.99982627,24.877201080322266,14.628823280334473
reaction:97,XPhos,0,,4.9923792360000006,4.838163375854492,17.341527938842773
reaction:98,XPhos,3,,53.99699311,43.612579345703125,10.75259017944336
reaction:99,XPhos,0,,57.37548977,51.019020080566406,12.694463729858398
reaction:100,XPhos,2,,22.61165831,26.86839485168457,11.240227699279785
reaction:101,XPhos,3,,28.75149591,27.84397315979004,10.820116996765137
reaction:102,XPhos,1,,26.98890626,30.497642517089844,13.583878517150879
reaction:103,XPhos,3,,20.85782482,15.988584518432617,20.363252639770508
reaction:104,XPhos,2,,20.73475671,22.955961227416992,11.65538501739502
reaction:105,XPhos,3,,30.87112941,42.6898078918457,13.750009536743164
reaction:106,XPhos,1,,20.36096013,15.995285034179688,10.271785736083984
reaction:107,XPhos,4,,38.91690391,35.08473205566406,9.439470291137695
reaction:108,XPhos,1,,41.70005044,40.14054870605469,14.523969650268555
reaction:109,XPhos,2,,0.940121626,1.2707176208496094,11.456981658935547
reaction:110,XPhos,2,,14.90450687,16.72877311706543,12.568155288696289
reaction:111,XPhos,3,,19.596159,22.34918212890625,11.052282333374023
reaction:112,XPhos,0,,4.179760101,3.9430904388427734,10.745145797729492
reaction:113,XPhos,4,,39.00815943,36.40403366088867,10.851806640625
reaction:114,XPhos,2,,37.1696242,45.05419921875,11.99926471710205
reaction:115,XPhos,4,,31.61725517,32.357208251953125,11.049399375915527
reaction:116,XPhos,2,,51.21654271,51.60218048095703,11.062963485717773
reaction:117,XPhos,0,,57.55128922,53.33428955078125,14.466998100280762
reaction:118,XPhos,4,,16.17382734,10.181724548339844,11.522467613220215
reaction:119,XPhos,4,,26.58751317,28.18169403076172,11.261560440063477
reaction:120,XPhos,2,,40.41327646,38.289085388183594,9.131482124328613
reaction:121,XPhos,0,,16.96531636,20.657617568969727,10.859917640686035
reaction:122,XPhos,0,,34.37725511,38.361732482910156,10.364870071411133
reaction:123,XPhos,0,,43.5835106,49.158782958984375,16.059268951416016
reaction:124,XPhos,3,,0.828206999,1.1496925354003906,11.42776870727539
reaction:125,XPhos,0,,13.33632103,16.642147064208984,14.814912796020508
reaction:126,XPhos,3,,26.96354436,23.545822143554688,11.927985191345215
reaction:127,XPhos,3,,4.206951598,4.450166702270508,9.892923355102539
reaction:128,XPhos,3,,39.80435813,37.541282653808594,11.207697868347168
reaction:129,XPhos,4,,66.76359549,53.27262878417969,11.755029678344727
reaction:130,XPhos,4,,38.14302674,37.4384880065918,11.583395957946777
reaction:131,XPhos,4,,56.51667394,58.75856399536133,11.497540473937988
reaction:132,XPhos,1,,67.97172842,69.43763732910156,13.26585865020752
reaction:133,XPhos,4,,13.29271578,9.793289184570312,11.465335845947266
reaction:134,XPhos,1,,32.5166032,28.64312744140625,10.55628490447998
reaction:135,XPhos,1,,47.33481015,46.13071823120117,10.325033187866211
reaction:136,t-BuXPhos,2,,15.4176361,14.715307235717773,21.68090057373047
reaction:137,t-BuXPhos,2,,18.97417112,14.583452224731445,15.808248519897461
reaction:138,t-BuXPhos,1,,16.81589184,13.263650894165039,16.204198837280273
reaction:139,t-BuXPhos,2,,2.663355036,-0.13310623168945312,22.456392288208008
reaction:140,t-BuXPhos,2,,16.04854773,18.214006423950195,15.359301567077637
reaction:141,t-BuXPhos,2,,21.9766332,18.12938117980957,15.879647254943848
reaction:142,t-BuXPhos,0,,7.641917877999999,4.296356201171875,19.06355094909668
reaction:143,t-BuXPhos,2,,28.39231834,33.13249588012695,12.537617683410645
reaction:144,t-BuXPhos,3,,26.6748995,31.360727310180664,12.987953186035156
reaction:145,t-BuXPhos,2,,29.97543001,32.13801956176758,12.826825141906738
reaction:146,t-BuXPhos,4,,36.30636065,38.88539123535156,12.511164665222168
reaction:147,t-BuXPhos,0,,36.58798902,42.23790740966797,14.64443302154541
reaction:148,t-BuXPhos,3,,10.54082024,23.302120208740234,17.58022117614746
reaction:149,t-BuXPhos,2,,26.25688388,43.00852966308594,19.52164077758789
reaction:150,t-BuXPhos,2,,28.58964812,48.77326965332031,16.011354446411133
reaction:151,t-BuXPhos,3,,16.88486051,25.409957885742188,12.475237846374512
reaction:152,t-BuXPhos,1,,41.29698409,47.576271057128906,11.385848999023438
reaction:153,t-BuXPhos,0,,43.73298112,46.430091857910156,13.944758415222168
reaction:154,t-BuXPhos,3,,0.655700656,2.9718055725097656,13.076249122619629
reaction:155,t-BuXPhos,2,,33.62905648,44.60295104980469,15.370065689086914
reaction:156,t-BuXPhos,4,,41.48980841,46.95048522949219,14.932479858398438
reaction:157,t-BuXPhos,4,,2.599454304,6.128437042236328,13.440881729125977
reaction:158,t-BuXPhos,1,,66.02401389,68.56598663330078,12.023616790771484
reaction:159,t-BuXPhos,4,,72.39052533,70.33480072021484,12.607163429260254
reaction:160,t-BuXPhos,2,,68.84655406,68.55863952636719,12.342981338500977
reaction:161,t-BuXPhos,0,,82.1847816,77.65031433105469,12.895589828491211
reaction:162,t-BuXPhos,2,,80.58917239,77.04034423828125,14.376823425292969
reaction:163,t-BuXPhos,2,,15.19452071,23.0140380859375,12.339836120605469
reaction:164,t-BuXPhos,2,,83.87445444,76.46861267089844,11.541661262512207
reaction:165,t-BuXPhos,0,,86.003404,77.42695617675781,11.83830451965332
reaction:166,t-BuXPhos,4,,30.01215681,23.310527801513672,12.488584518432617
reaction:167,t-BuXPhos,2,,51.39708789,45.75141906738281,11.646989822387695
reaction:168,t-BuXPhos,0,,50.13634297,53.12079620361328,13.486897468566895
reaction:169,t-BuXPhos,2,,2.942173839,1.903940200805664,13.444864273071289
reaction:170,t-BuXPhos,2,,34.96324083,54.75004577636719,15.183364868164062
reaction:171,t-BuXPhos,4,,51.01008234,55.12999725341797,14.710627555847168
reaction:172,t-BuXPhos,4,,15.31942872,8.244564056396484,13.882830619812012
reaction:173,t-BuXPhos,0,,81.56943098,78.01495361328125,12.125012397766113
reaction:174,t-BuXPhos,2,,77.57371189,80.05194854736328,13.620928764343262
reaction:175,t-BuXPhos,4,,86.68959994,86.58303833007812,12.575787544250488
reaction:176,t-BuXPhos,3,,92.91423383,94.9670181274414,12.116656303405762
reaction:177,t-BuXPhos,1,,97.56849953,96.83741760253906,14.049327850341797
reaction:178,t-BuXPhos,0,,35.55504656,27.506031036376953,13.171136856079102
reaction:179,t-BuXPhos,3,,98.73132029,93.84716796875,11.81120777130127
reaction:180,t-BuXPhos,4,,98.28722602,98.15585327148438,12.03360652923584
reaction:181,t-BuXPhos,1,,5.980979595,16.874900817871094,16.509519577026367
reaction:182,t-BuXPhos,1,,50.58289676,39.919132232666016,14.160642623901367
reaction:183,t-BuXPhos,2,,45.08048043,43.52357864379883,14.615293502807617
reaction:184,t-BuXPhos,0,,0.0,1.6252365112304688,20.51970672607422
reaction:185,t-BuXPhos,0,,42.11946098,44.31486511230469,13.915691375732422
reaction:186,t-BuXPhos,0,,49.11143206,45.85490417480469,13.683027267456055
reaction:187,t-BuXPhos,3,,0.705225291,6.024259567260742,18.732507705688477
reaction:188,t-BuXPhos,0,,70.86219062,65.812744140625,11.227887153625488
reaction:189,t-BuXPhos,2,,66.44951759,64.9283447265625,13.879630088806152
reaction:190,t-BuXPhos,2,,65.93988128,65.73832702636719,12.177732467651367
reaction:191,t-BuXPhos,2,,66.07082051,71.95152282714844,11.741507530212402
reaction:192,t-BuXPhos,0,,66.20793624,73.68995666503906,13.483646392822266
reaction:193,t-BuXPhos,1,,6.110691586000001,23.74321174621582,18.993831634521484
reaction:194,t-BuXPhos,0,,67.81850094,69.1318588256836,10.60954475402832
reaction:195,t-BuXPhos,4,,72.63064909,63.55048370361328,16.681434631347656
reaction:196,t-BuXPhos,0,,7.837919121,16.05838394165039,10.924675941467285
reaction:197,t-BuXPhos,2,,46.74711139,49.62582015991211,10.880142211914062
reaction:198,t-BuXPhos,3,,46.25838016,47.1726188659668,11.45227336883545
reaction:199,t-BuXPhos,3,,0.0,1.0774993896484375,12.324156761169434
reaction:200,t-BuXPhos,2,,37.03037628,46.439186096191406,14.948668479919434
reaction:201,t-BuXPhos,1,,43.69560153,51.69733428955078,14.845600128173828
reaction:202,t-BuXPhos,3,,0.595872872,-0.4080009460449219,12.004546165466309
reaction:203,t-BuXPhos,1,,70.54955286,72.61689758300781,11.66096019744873
reaction:204,t-BuXPhos,0,,80.90409924,74.00656127929688,12.491979598999023
reaction:205,t-BuXPhos,1,,70.2055639,73.80838775634766,11.499425888061523
reaction:206,t-BuXPhos,0,,83.08846167,79.96650695800781,11.866092681884766
reaction:207,t-BuXPhos,4,,85.14465222,77.46298217773438,13.90247631072998
reaction:208,t-BuXPhos,3,,3.149733367,1.017486572265625,10.80829906463623
reaction:209,t-BuXPhos,2,,78.08461533,73.69947814941406,10.891275405883789
reaction:210,t-BuXPhos,4,,82.13737482,75.28495025634766,11.238823890686035
reaction:211,t-BuXPhos,0,,7.782359233999999,23.056812286376953,10.740097999572754
reaction:212,t-BuXPhos,2,,53.59986981,51.64042282104492,11.157185554504395
reaction:213,t-BuXPhos,0,,51.75674767,54.9293098449707,12.206464767456055
reaction:214,t-BuXPhos,3,,0.0,1.5197162628173828,13.021706581115723
reaction:215,t-BuXPhos,2,,49.61438009,55.20066833496094,14.787744522094727
reaction:216,t-BuXPhos,1,,53.675534,56.66898727416992,14.54021167755127
reaction:217,t-BuXPhos,2,,0.6467788210000001,5.264801025390625,11.557806015014648
reaction:218,t-BuXPhos,2,,86.59757822,81.91670989990234,11.339962005615234
reaction:219,t-BuXPhos,0,,84.89551287,83.60603332519531,12.767863273620605
reaction:220,t-BuXPhos,0,,91.39064225,92.58428955078125,11.738906860351562
reaction:221,t-BuXPhos,0,,97.29293259,96.52409362792969,11.610580444335938
reaction:222,t-BuXPhos,3,,99.61910732,100.28684997558594,13.179476737976074
reaction:223,t-BuXPhos,4,,4.166287009,16.193065643310547,10.856500625610352
reaction:224,t-BuXPhos,3,,92.57247896,92.32600402832031,11.051178932189941
reaction:225,t-BuXPhos,0,,94.69105416,98.74043273925781,10.912703514099121
reaction:226,t-BuXPhos,1,,45.04873884,25.098865509033203,16.36821746826172
reaction:227,t-BuXPhos,2,,45.78100103,42.46424102783203,14.995351791381836
reaction:228,t-BuXPhos,4,,44.65371267,43.46457290649414,15.474506378173828
reaction:229,t-BuXPhos,4,,0.924541619,1.4619731903076172,19.890260696411133
reaction:230,t-BuXPhos,2,,44.55887608,46.14838409423828,14.489692687988281
reaction:231,t-BuXPhos,3,,43.35721014,45.98019027709961,14.056201934814453
reaction:232,t-BuXPhos,3,,3.4201663410000003,7.511205673217773,18.48876953125
reaction:233,t-BuXPhos,1,,72.84831426,67.55210876464844,10.723191261291504
reaction:234,t-BuXPhos,4,,65.31185167,67.71022033691406,12.035758972167969
reaction:235,t-BuXPhos,1,,56.83280355,66.27494812011719,11.037628173828125
reaction:236,t-BuXPhos,3,,76.33726193,71.64993286132812,10.704545021057129
reaction:237,t-BuXPhos,2,,73.22050209,72.44027709960938,13.804866790771484
reaction:238,t-BuXPhos,3,,36.47724246,35.19026565551758,16.808137893676758
reaction:239,t-BuXPhos,4,,68.55764886,61.38911437988281,17.689903259277344
reaction:240,t-BuXPhos,0,,69.0890435,70.6499252319336,15.183012008666992
reaction:241,t-BuXPhos,2,,31.88044847,36.411109924316406,11.713692665100098
reaction:242,t-BuXPhos,2,,44.81754321,49.90763473510742,10.069223403930664
reaction:243,t-BuXPhos,0,,46.6498955,48.21314239501953,12.485218048095703
reaction:244,t-BuXPhos,1,,0.668792684,0.8653411865234375,11.60479736328125
reaction:245,t-BuXPhos,1,,39.52986412,46.176475524902344,14.931354522705078
reaction:246,t-BuXPhos,3,,43.87183311,46.58222198486328,13.714000701904297
reaction:247,t-BuXPhos,4,,2.74612364,3.0408096313476562,11.912870407104492
reaction:248,t-BuXPhos,4,,72.63770939,70.86170959472656,11.11137866973877
reaction:249,t-BuXPhos,1,,82.32885806,73.51898193359375,13.532922744750977
reaction:250,t-BuXPhos,4,,73.64322424,73.42877197265625,11.414209365844727
reaction:251,t-BuXPhos,3,,87.90201497,80.97103881835938,11.273548126220703
reaction:252,t-BuXPhos,1,,86.21979782,78.45045471191406,13.955780982971191
reaction:253,t-BuXPhos,3,,34.20844443,32.414512634277344,10.174386978149414
reaction:254,t-BuXPhos,0,,77.33294235,73.90316009521484,9.556841850280762
reaction:255,t-BuXPhos,2,,80.60055876,77.15460205078125,10.826946258544922
reaction:256,t-BuXPhos,1,,42.28229272,33.47651672363281,10.538896560668945
reaction:257,t-BuXPhos,1,,50.28665363,47.01557922363281,10.531584739685059
reaction:258,t-BuXPhos,3,,49.58296909,51.111793518066406,11.567574501037598
reaction:259,t-BuXPhos,1,,1.18600639,1.4262466430664062,10.886067390441895
reaction:260,t-BuXPhos,1,,48.46327508,50.663604736328125,15.31741714477539
reaction:261,t-BuXPhos,1,,49.9274003,49.350685119628906,14.326973915100098
reaction:262,t-BuXPhos,1,,4.582095156,5.469354629516602,9.790895462036133
reaction:263,t-BuXPhos,4,,78.80108905,80.5602798461914,10.928500175476074
reaction:264,t-BuXPhos,3,,79.44483195,84.17189025878906,12.226982116699219
reaction:265,t-BuXPhos,4,,84.85609846,87.39349365234375,11.332983016967773
reaction:266,t-BuXPhos,2,,93.31083413,95.29280853271484,10.708059310913086
reaction:267,t-BuXPhos,1,,93.87454124,94.89420318603516,13.676471710205078
reaction:268,t-BuXPhos,1,,44.02752342,39.878116607666016,10.894598007202148
reaction:269,t-BuXPhos,2,,89.48065113,92.11280822753906,10.563389778137207
reaction:270,t-BuXPhos,2,,91.48509414,88.87069702148438,10.56245231628418
reaction:271,t-BuBrettPhos,2,,7.372693174,-1.4582862854003906,14.042667388916016
reaction:272,t-BuBrettPhos,4,,9.714563227,0.3578643798828125,16.38030242919922
reaction:273,t-BuBrettPhos,0,,9.546870881,4.521358489990234,14.836894989013672
reaction:274,t-BuBrettPhos,3,,1.0224022940000002,-0.4406318664550781,17.413209915161133
reaction:275,t-BuBrettPhos,0,,12.592787,6.199794769287109,15.566482543945312
reaction:276,t-BuBrettPhos,4,,14.01241706,12.75665283203125,13.894652366638184
reaction:277,t-BuBrettPhos,2,,4.337310253,1.697225570678711,13.15217399597168
reaction:278,t-BuBrettPhos,1,,19.47378974,24.97588348388672,12.263883590698242
reaction:279,t-BuBrettPhos,4,,23.2960789,29.12966537475586,12.991809844970703
reaction:280,t-BuBrettPhos,3,,24.90011385,27.144268035888672,12.438817977905273
reaction:281,t-BuBrettPhos,1,,28.47849533,35.091190338134766,12.410841941833496
reaction:282,t-BuBrettPhos,1,,33.33065232,41.95015335083008,14.570302963256836
reaction:283,t-BuBrettPhos,0,,6.753074014,-0.5471611022949219,17.53358268737793
reaction:284,t-BuBrettPhos,1,,15.06136862,20.04456901550293,16.383758544921875
reaction:285,t-BuBrettPhos,2,,15.12671706,25.679670333862305,15.930797576904297
reaction:286,t-BuBrettPhos,4,,3.88663609,6.761741638183594,12.227231979370117
reaction:287,t-BuBrettPhos,3,,25.83457198,32.63676834106445,11.651520729064941
reaction:288,t-BuBrettPhos,0,,44.5879911,33.75010299682617,12.142629623413086
reaction:289,t-BuBrettPhos,1,,0.0,1.3140983581542969,11.914518356323242
reaction:290,t-BuBrettPhos,4,,15.16664871,23.333032608032227,12.728363037109375
reaction:291,t-BuBrettPhos,2,,40.37403082,36.43730926513672,15.130165100097656
reaction:292,t-BuBrettPhos,1,,0.0,-0.468475341796875,12.0964994430542
reaction:293,t-BuBrettPhos,1,,27.79577337,41.78732681274414,12.33201789855957
reaction:294,t-BuBrettPhos,1,,72.31351298,61.45995330810547,14.183817863464355
reaction:295,t-BuBrettPhos,3,,32.00160024,44.56843566894531,12.632914543151855
reaction:296,t-BuBrettPhos,0,,51.8134607,54.24284362792969,11.995858192443848
reaction:297,t-BuBrettPhos,4,,83.36436834,63.72386932373047,14.24454116821289
reaction:298,t-BuBrettPhos,3,,2.641901391,16.99357032775879,12.746188163757324
reaction:299,t-BuBrettPhos,2,,57.97752811,61.090423583984375,12.064138412475586
reaction:300,t-BuBrettPhos,3,,80.28994263,66.75740051269531,11.558683395385742
reaction:301,t-BuBrettPhos,2,,9.564949769,9.320016860961914,12.285215377807617
reaction:302,t-BuBrettPhos,4,,37.21381762,34.539188385009766,15.141200065612793
reaction:303,t-BuBrettPhos,3,,47.09764929,50.628997802734375,12.53422737121582
reaction:304,t-BuBrettPhos,4,,1.1000305259999998,1.563385009765625,12.112931251525879
reaction:305,t-BuBrettPhos,4,,35.70389569,38.201393127441406,12.539420127868652
reaction:306,t-BuBrettPhos,2,,54.89240735,46.34310531616211,15.287890434265137
reaction:307,t-BuBrettPhos,0,,0.0,4.516462326049805,13.095721244812012
reaction:308,t-BuBrettPhos,4,,57.45048731,57.75177764892578,11.988122940063477
reaction:309,t-BuBrettPhos,0,,77.02732986,83.895263671875,12.493326187133789
reaction:310,t-BuBrettPhos,0,,69.39855223,69.52265930175781,11.759193420410156
reaction:311,t-BuBrettPhos,1,,85.4419715,78.64828491210938,12.626441955566406
reaction:312,t-BuBrettPhos,0,,92.00324978,103.25193786621094,13.447413444519043
reaction:313,t-BuBrettPhos,2,,21.86178566,9.598552703857422,11.865405082702637
reaction:314,t-BuBrettPhos,1,,83.65433196,78.69498443603516,12.43679141998291
reaction:315,t-BuBrettPhos,2,,92.95670274,98.35337829589844,12.493927001953125
reaction:316,t-BuBrettPhos,0,,1.297818598,4.836223602294922,15.648113250732422
reaction:317,t-BuBrettPhos,3,,28.35051675,31.422971725463867,13.73038101196289
reaction:318,t-BuBrettPhos,1,,40.1812432,40.588645935058594,14.737048149108887
reaction:319,t-BuBrettPhos,4,,0.0,0.5775489807128906,16.275545120239258
reaction:320,t-BuBrettPhos,2,,40.45135336,47.28857421875,14.527859687805176
reaction:321,t-BuBrettPhos,3,,42.27311559,45.028480529785156,14.110612869262695
reaction:322,t-BuBrettPhos,4,,0.910655456,5.408853530883789,12.246877670288086
reaction:323,t-BuBrettPhos,4,,62.16368477,63.819183349609375,11.137822151184082
reaction:324,t-BuBrettPhos,0,,66.88608561,65.82847595214844,12.097990989685059
reaction:325,t-BuBrettPhos,4,,76.83418769,68.95518493652344,11.66946792602539
reaction:326,t-BuBrettPhos,0,,91.6524383,72.05892944335938,11.581074714660645
reaction:327,t-BuBrettPhos,2,,66.37274183,80.92573547363281,14.333590507507324
reaction:328,t-BuBrettPhos,1,,2.534585496,5.86102294921875,13.736456871032715
reaction:329,t-BuBrettPhos,2,,47.17441756,45.69389724731445,17.922435760498047
reaction:330,t-BuBrettPhos,2,,52.43589363,54.05376434326172,15.666054725646973
reaction:331,t-BuBrettPhos,4,,3.542495517,4.367000579833984,10.981674194335938
reaction:332,t-BuBrettPhos,4,,39.19686382,36.70559310913086,13.69118881225586
reaction:333,t-BuBrettPhos,3,,45.87563784,43.474998474121094,11.599160194396973
reaction:334,t-BuBrettPhos,4,,0.0,0.7178115844726562,11.70988655090332
reaction:335,t-BuBrettPhos,0,,24.02819715,36.7944450378418,13.175722122192383
reaction:336,t-BuBrettPhos,2,,39.3913488,42.56097412109375,14.830164909362793
reaction:337,t-BuBrettPhos,1,,0.0,-0.18621063232421875,10.590639114379883
reaction:338,t-BuBrettPhos,2,,50.04747607,57.23057556152344,11.441326141357422
reaction:339,t-BuBrettPhos,4,,74.62438876,72.69660186767578,12.489751815795898
reaction:340,t-BuBrettPhos,4,,54.58472012,55.82105255126953,12.131665229797363
reaction:341,t-BuBrettPhos,1,,74.81544975,69.2122802734375,11.266559600830078
reaction:342,t-BuBrettPhos,3,,84.20189779,72.87393188476562,12.953010559082031
reaction:343,t-BuBrettPhos,2,,2.234092607,2.0175418853759766,11.57557201385498
reaction:344,t-BuBrettPhos,1,,71.60789091,64.07432556152344,10.708685874938965
reaction:345,t-BuBrettPhos,1,,72.77189285,68.92741394042969,10.54335880279541
reaction:346,t-BuBrettPhos,2,,4.275083316,8.109792709350586,11.71489143371582
reaction:347,t-BuBrettPhos,1,,40.44190447,43.11004638671875,10.928277015686035
reaction:348,t-BuBrettPhos,3,,46.6599306,49.941253662109375,11.864622116088867
reaction:349,t-BuBrettPhos,0,,0.0,0.8046112060546875,10.739360809326172
reaction:350,t-BuBrettPhos,1,,46.64994849,37.935916900634766,12.128418922424316
reaction:351,t-BuBrettPhos,0,,45.97105208,47.43711853027344,12.864034652709961
reaction:352,t-BuBrettPhos,0,,0.0,2.9460277557373047,11.402865409851074
reaction:353,t-BuBrettPhos,3,,72.38342011,69.29525756835938,10.966209411621094
reaction:354,t-BuBrettPhos,0,,82.71053034,83.26163482666016,11.503941535949707
reaction:355,t-BuBrettPhos,2,,77.8707536,82.81021881103516,11.909467697143555
reaction:356,t-BuBrettPhos,0,,96.59121826,90.87287902832031,10.915904998779297
reaction:357,t-BuBrettPhos,3,,97.94800557,93.98243713378906,12.885562896728516
reaction:358,t-BuBrettPhos,4,,3.498335753,6.670017242431641,10.26138973236084
reaction:359,t-BuBrettPhos,1,,89.32288292,82.94581604003906,11.118356704711914
reaction:360,t-BuBrettPhos,2,,89.21674959,92.9627456665039,11.99636459350586
reaction:361,t-BuBrettPhos,3,,9.910073167,11.785360336303711,17.624181747436523
reaction:362,t-BuBrettPhos,1,,33.09515946,27.693368911743164,15.850528717041016
reaction:363,t-BuBrettPhos,2,,39.91592357,33.87843704223633,14.400405883789062
reaction:364,t-BuBrettPhos,2,,0.297246729,0.3223991394042969,11.820732116699219
reaction:365,t-BuBrettPhos,3,,43.42467948,42.546485900878906,13.223148345947266
reaction:366,t-BuBrettPhos,3,,45.27500965,42.33861541748047,13.75294017791748
reaction:367,t-BuBrettPhos,4,,0.8589748359999999,4.835981369018555,12.029204368591309
reaction:368,t-BuBrettPhos,4,,68.84924903,63.343482971191406,10.861174583435059
reaction:369,t-BuBrettPhos,2,,64.60847653,63.30131530761719,12.442594528198242
reaction:370,t-BuBrettPhos,0,,63.8547365,72.8671875,11.815827369689941
reaction:371,t-BuBrettPhos,2,,76.33612431,73.58686065673828,10.931000709533691
reaction:372,t-BuBrettPhos,1,,73.13965753,75.14967346191406,13.242838859558105
reaction:373,t-BuBrettPhos,3,,4.497312078999999,10.207658767700195,17.114961624145508
reaction:374,t-BuBrettPhos,2,,40.87667176,41.44560241699219,17.63079833984375
reaction:375,t-BuBrettPhos,4,,40.31664678,49.14715576171875,15.578035354614258
reaction:376,t-BuBrettPhos,2,,24.27358667,12.928380966186523,10.567679405212402
reaction:377,t-BuBrettPhos,2,,42.64405348,48.10974884033203,12.235892295837402
reaction:378,t-BuBrettPhos,2,,47.5989822,47.46307373046875,13.097023963928223
reaction:379,t-BuBrettPhos,4,,0.345789289,1.4232826232910156,11.472116470336914
reaction:380,t-BuBrettPhos,4,,40.97949244,40.98550033569336,11.18834114074707
reaction:381,t-BuBrettPhos,3,,43.26194293,46.324920654296875,12.280805587768555
reaction:382,t-BuBrettPhos,0,,1.497954505,3.9873294830322266,11.064068794250488
reaction:383,t-BuBrettPhos,0,,68.06627781,67.63468933105469,11.137372016906738
reaction:384,t-BuBrettPhos,3,,74.75498754,77.95748901367188,12.282410621643066
reaction:385,t-BuBrettPhos,4,,70.28309787,64.21174621582031,11.976737976074219
reaction:386,t-BuBrettPhos,3,,80.52782377,73.14593505859375,10.804303169250488
reaction:387,t-BuBrettPhos,4,,85.26909551,79.43046569824219,13.33999252319336
reaction:388,t-BuBrettPhos,0,,21.94834142,17.574357986450195,10.443475723266602
reaction:389,t-BuBrettPhos,3,,72.58738213,70.57522583007812,10.433918952941895
reaction:390,t-BuBrettPhos,0,,77.03264152,71.73095703125,11.31244945526123
reaction:391,t-BuBrettPhos,2,,23.09132333,15.018791198730469,11.168193817138672
reaction:392,t-BuBrettPhos,3,,47.555818,41.6015510559082,9.7528657913208
reaction:393,t-BuBrettPhos,1,,46.76206263,50.89729309082031,12.657166481018066
reaction:394,t-BuBrettPhos,1,,0.605197064,0.3349800109863281,10.248419761657715
reaction:395,t-BuBrettPhos,2,,47.14534203,48.53837585449219,13.123518943786621
reaction:396,t-BuBrettPhos,2,,45.98211557,49.90627670288086,14.66063117980957
reaction:397,t-BuBrettPhos,0,,0.0,5.098814010620117,11.335198402404785
reaction:398,t-BuBrettPhos,4,,79.73976585,75.6922607421875,11.04422378540039
reaction:399,t-BuBrettPhos,2,,80.78664078,82.90097045898438,11.951309204101562
reaction:400,t-BuBrettPhos,4,,84.69021766,85.1343765258789,11.972875595092773
reaction:401,t-BuBrettPhos,4,,91.05627032,96.1345443725586,11.627150535583496
reaction:402,t-BuBrettPhos,4,,98.17713445,97.60911560058594,13.653454780578613
reaction:403,t-BuBrettPhos,1,,23.84150703,20.420654296875,9.914693832397461
reaction:404,t-BuBrettPhos,4,,86.41285544,87.65985870361328,10.725852012634277
reaction:405,t-BuBrettPhos,0,,87.55418753,88.57770538330078,10.770964622497559
reaction:406,AdBrettPhos,4,,6.575127297000001,-3.5918045043945312,19.50183868408203
reaction:407,AdBrettPhos,2,,8.742546332,-7.351387023925781,16.26814079284668
reaction:408,AdBrettPhos,1,,9.935132826,1.7916088104248047,15.224103927612305
reaction:409,AdBrettPhos,4,,1.705289038,-0.5035209655761719,12.690995216369629
reaction:410,AdBrettPhos,1,,12.29594301,0.004482269287109375,14.061056137084961
reaction:411,AdBrettPhos,1,,16.85702349,12.686956405639648,14.926971435546875
reaction:412,AdBrettPhos,1,,3.595206135,-2.6915550231933594,13.239806175231934
reaction:413,AdBrettPhos,2,,19.90273024,16.456520080566406,11.985922813415527
reaction:414,AdBrettPhos,3,,25.2527032,29.71102523803711,13.511617660522461
reaction:415,AdBrettPhos,0,,16.1585109,22.713451385498047,13.06836986541748
reaction:416,AdBrettPhos,0,,20.64357371,30.48444366455078,12.858734130859375
reaction:417,AdBrettPhos,4,,24.16256349,39.4582405090332,14.117645263671875
reaction:418,AdBrettPhos,4,,7.938107707999999,0.020111083984375,17.627639770507812
reaction:419,AdBrettPhos,4,,13.6465536,21.5938663482666,15.735003471374512
reaction:420,AdBrettPhos,4,,14.36737015,33.38850021362305,15.5988187789917
reaction:421,AdBrettPhos,2,,3.956885702,7.280115127563477,12.873082160949707
reaction:422,AdBrettPhos,3,,22.516172,30.40736961364746,11.542977333068848
reaction:423,AdBrettPhos,2,,39.74593472,38.265106201171875,13.014094352722168
reaction:424,AdBrettPhos,1,,0.0,2.1212196350097656,12.039300918579102
reaction:425,AdBrettPhos,4,,15.82179421,20.688724517822266,12.184502601623535
reaction:426,AdBrettPhos,4,,40.1396941,36.99017333984375,13.778002738952637
reaction:427,AdBrettPhos,2,,0.57693322,2.1517295837402344,12.017863273620605
reaction:428,AdBrettPhos,1,,29.29795514,40.13294219970703,12.46168327331543
reaction:429,AdBrettPhos,4,,73.73993868,58.74293518066406,13.489805221557617
reaction:430,AdBrettPhos,2,,24.60602271,30.716880798339844,12.301202774047852
reaction:431,AdBrettPhos,4,,39.09372544,40.25545883178711,12.78746509552002
reaction:432,AdBrettPhos,2,,65.38933316,50.94837188720703,13.64238166809082
reaction:433,AdBrettPhos,4,,2.344713425,4.96087646484375,13.069512367248535
reaction:434,AdBrettPhos,0,,48.30710262,57.50266647338867,12.181326866149902
reaction:435,AdBrettPhos,0,,72.94185386,64.09115600585938,11.881567001342773
reaction:436,AdBrettPhos,3,,10.00188169,8.503179550170898,12.07071304321289
reaction:437,AdBrettPhos,1,,37.52076416,35.983009338378906,12.651114463806152
reaction:438,AdBrettPhos,3,,52.58811564,52.43284606933594,12.278791427612305
reaction:439,AdBrettPhos,1,,0.862838268,2.6814212799072266,12.358396530151367
reaction:440,AdBrettPhos,0,,34.28507945,34.12383270263672,13.607194900512695
reaction:441,AdBrettPhos,3,,53.14523882,54.260040283203125,12.45413589477539
reaction:442,AdBrettPhos,2,,2.173414859,3.2594337463378906,12.281620025634766
reaction:443,AdBrettPhos,0,,59.96800012,56.614097595214844,12.374255180358887
reaction:444,AdBrettPhos,1,,80.9780499,86.62701416015625,14.233200073242188
reaction:445,AdBrettPhos,1,,68.00656479999999,62.07107162475586,12.747536659240723
reaction:446,AdBrettPhos,2,,84.91024962,76.06355285644531,11.96827507019043
reaction:447,AdBrettPhos,4,,95.07020116,104.54241943359375,13.6276216506958
reaction:448,AdBrettPhos,4,,15.22347574,9.486059188842773,12.809356689453125
reaction:449,AdBrettPhos,3,,86.41541039,66.34819793701172,11.896085739135742
reaction:450,AdBrettPhos,4,,92.13068227,95.41410827636719,12.003277778625488
reaction:451,AdBrettPhos,3,,2.038853369,6.371162414550781,14.959781646728516
reaction:452,AdBrettPhos,3,,28.76096277,28.305389404296875,14.064732551574707
reaction:453,AdBrettPhos,0,,44.56045142,34.975032806396484,14.457194328308105
reaction:454,AdBrettPhos,1,,0.3809182129999999,0.5127105712890625,18.21306610107422
reaction:455,AdBrettPhos,4,,44.68712072,35.31377029418945,12.823522567749023
reaction:456,AdBrettPhos,0,,52.78848387,48.744869232177734,13.29957389831543
reaction:457,AdBrettPhos,2,,1.112658983,2.242462158203125,13.201570510864258
reaction:458,AdBrettPhos,1,,67.02083729,60.512474060058594,11.161982536315918
reaction:459,AdBrettPhos,0,,72.46627889,67.50456237792969,12.470918655395508
reaction:460,AdBrettPhos,3,,55.08984272,69.20372009277344,11.45964241027832
reaction:461,AdBrettPhos,3,,63.25759385,73.93755340576172,11.473838806152344
reaction:462,AdBrettPhos,3,,66.28326385,79.34698486328125,13.314460754394531
reaction:463,AdBrettPhos,2,,6.141106311000001,5.889184951782227,17.55602264404297
reaction:464,AdBrettPhos,2,,54.56358173,44.82079315185547,18.082260131835938
reaction:465,AdBrettPhos,2,,63.22469221,55.68439865112305,15.737866401672363
reaction:466,AdBrettPhos,4,,2.256359852,3.5357284545898438,10.664255142211914
reaction:467,AdBrettPhos,4,,32.38635793,34.284141540527344,13.973499298095703
reaction:468,AdBrettPhos,4,,44.44197306,45.31223678588867,12.972223281860352
reaction:469,AdBrettPhos,0,,0.0,0.6745986938476562,10.695734024047852
reaction:470,AdBrettPhos,0,,21.71222946,30.3101806640625,12.442900657653809
reaction:471,AdBrettPhos,0,,43.86426544,48.57577133178711,11.564469337463379
reaction:472,AdBrettPhos,1,,0.0,0.527679443359375,10.352818489074707
reaction:473,AdBrettPhos,4,,39.83155733,49.90435028076172,11.041862487792969
reaction:474,AdBrettPhos,3,,78.71189796,67.83318328857422,12.575401306152344
reaction:475,AdBrettPhos,0,,34.68494953,39.002952575683594,11.174885749816895
reaction:476,AdBrettPhos,0,,51.68395023,54.829368591308594,10.776785850524902
reaction:477,AdBrettPhos,2,,69.94718927,57.2449951171875,13.299677848815918
reaction:478,AdBrettPhos,0,,1.517636561,3.960968017578125,10.633657455444336
reaction:479,AdBrettPhos,4,,65.78374618,64.62621307373047,11.202706336975098
reaction:480,AdBrettPhos,1,,79.37053051,67.97928619384766,10.197437286376953
reaction:481,AdBrettPhos,2,,2.510510682,6.349824905395508,12.039461135864258
reaction:482,AdBrettPhos,2,,36.61548208,41.66124725341797,13.208246231079102
reaction:483,AdBrettPhos,0,,52.67302388,51.72428894042969,10.523914337158203
reaction:484,AdBrettPhos,2,,0.0,0.8568267822265625,12.014331817626953
reaction:485,AdBrettPhos,3,,32.99753143,36.41567611694336,12.186103820800781
reaction:486,AdBrettPhos,3,,57.53990104,52.93718338012695,11.705597877502441
reaction:487,AdBrettPhos,4,,0.544984175,1.0810928344726562,10.432600975036621
reaction:488,AdBrettPhos,1,,57.85208433,64.70722961425781,11.240609169006348
reaction:489,AdBrettPhos,3,,85.89473594,81.63401794433594,12.920281410217285
reaction:490,AdBrettPhos,2,,67.67136056,68.32128143310547,11.782755851745605
reaction:491,AdBrettPhos,3,,95.55515456,81.34451293945312,11.405214309692383
reaction:492,AdBrettPhos,2,,99.03446213,97.27616882324219,13.228914260864258
reaction:493,AdBrettPhos,2,,2.310618854,5.245946884155273,11.697709083557129
reaction:494,AdBrettPhos,0,,86.53541708,83.14805603027344,10.802779197692871
reaction:495,AdBrettPhos,1,,94.50096737,92.23644256591797,10.527030944824219
reaction:496,AdBrettPhos,0,,7.7649642,9.118345260620117,17.372873306274414
reaction:497,AdBrettPhos,0,,31.45776364,31.483230590820312,14.468401908874512
reaction:498,AdBrettPhos,0,,39.80414391,37.95065689086914,14.310802459716797
reaction:499,AdBrettPhos,2,,0.230274449,1.0511894226074219,18.60358428955078
reaction:500,AdBrettPhos,4,,47.71300168,44.299739837646484,12.6495943069458
reaction:501,AdBrettPhos,1,,54.76985941,52.57687759399414,13.699793815612793
reaction:502,AdBrettPhos,0,,0.7376310779999999,2.4431419372558594,19.60519790649414
reaction:503,AdBrettPhos,3,,74.13888356,65.96669006347656,10.542673110961914
reaction:504,AdBrettPhos,4,,71.26504827,70.17720031738281,11.924992561340332
reaction:505,AdBrettPhos,1,,64.02888238,69.13108825683594,11.314519882202148
reaction:506,AdBrettPhos,4,,74.63930208,71.184814453125,11.206493377685547
reaction:507,AdBrettPhos,2,,76.16070518,76.02862548828125,13.36357307434082
reaction:508,AdBrettPhos,4,,5.908085833,9.018796920776367,16.80143928527832
reaction:509,AdBrettPhos,0,,52.86647451,45.52006530761719,13.021832466125488
reaction:510,AdBrettPhos,0,,56.03413013,59.91521453857422,15.306970596313477
reaction:511,AdBrettPhos,2,,12.72121896,12.672061920166016,11.775894165039062
reaction:512,AdBrettPhos,4,,41.67771463,45.367210388183594,13.803707122802734
reaction:513,AdBrettPhos,1,,43.87448476,52.02227783203125,12.47822380065918
reaction:514,AdBrettPhos,3,,0.316193405,0.39377593994140625,10.356711387634277
reaction:515,AdBrettPhos,2,,40.29418927,43.12358093261719,12.817309379577637
reaction:516,AdBrettPhos,4,,45.40015878,53.125457763671875,12.843186378479004
reaction:517,AdBrettPhos,4,,0.778234105,1.9952106475830078,10.026562690734863
reaction:518,AdBrettPhos,3,,65.05218409,56.58635711669922,10.888124465942383
reaction:519,AdBrettPhos,4,,78.61961971,73.12789154052734,12.484973907470703
reaction:520,AdBrettPhos,2,,45.30738516,52.34830093383789,11.439263343811035
reaction:521,AdBrettPhos,1,,56.65401799,59.90135955810547,11.205527305603027
reaction:522,AdBrettPhos,4,,68.60611463,63.43025588989258,12.914979934692383
reaction:523,AdBrettPhos,3,,12.48635948,13.091257095336914,11.641009330749512
reaction:524,AdBrettPhos,4,,69.81626316,68.45263671875,10.964593887329102
reaction:525,AdBrettPhos,3,,75.30179851,72.37606811523438,10.379344940185547
reaction:526,AdBrettPhos,0,,14.49254361,14.178596496582031,10.63894271850586
reaction:527,AdBrettPhos,0,,52.13571621,45.240386962890625,11.543709754943848
reaction:528,AdBrettPhos,1,,48.86581696,62.199485778808594,12.305113792419434
reaction:529,AdBrettPhos,0,,0.364667905,0.7961082458496094,9.955825805664062
reaction:530,AdBrettPhos,0,,55.18037009,47.82283020019531,12.350407600402832
reaction:531,AdBrettPhos,4,,55.01223205,62.25267791748047,12.638901710510254
reaction:532,AdBrettPhos,3,,1.087256852,1.2956504821777344,9.761263847351074
reaction:533,AdBrettPhos,4,,81.22830675,73.30085754394531,10.816275596618652
reaction:534,AdBrettPhos,3,,80.71099803,91.40377807617188,12.433647155761719
reaction:535,AdBrettPhos,3,,86.20017514,77.13404846191406,11.037473678588867
reaction:536,AdBrettPhos,1,,84.17796028,93.17649841308594,11.190577507019043
reaction:537,AdBrettPhos,3,,95.67591323,106.55938720703125,12.367291450500488
reaction:538,AdBrettPhos,0,,14.50083816,12.606067657470703,10.913199424743652
reaction:539,AdBrettPhos,3,,91.52862329,82.00559997558594,10.347082138061523
reaction:540,AdBrettPhos,0,,92.65898323,95.69316864013672,10.460491180419922
reaction:541,XPhos,3,,12.6512469,18.567596435546875,23.053897857666016
reaction:542,XPhos,1,,13.83708642,13.155040740966797,22.8731746673584
reaction:543,XPhos,4,,15.0343232,23.147445678710938,20.770477294921875
reaction:544,XPhos,4,,1.856863727,8.467008590698242,23.27972412109375
reaction:545,XPhos,4,,4.344676685,10.686466217041016,20.68082046508789
reaction:546,XPhos,1,,5.971176669,12.741098403930664,22.31983184814453
reaction:547,XPhos,1,,8.323184663,10.485424041748047,24.08774185180664
reaction:548,XPhos,0,,13.24692026,21.10458755493164,21.11351203918457
reaction:549,XPhos,4,,15.01178808,23.752899169921875,19.055328369140625
reaction:550,XPhos,2,,12.98584411,10.319194793701172,21.431480407714844
reaction:551,XPhos,4,,17.08756486,14.16220474243164,18.45625877380371
reaction:552,XPhos,3,,19.42152909,20.49667739868164,19.861541748046875
reaction:553,XPhos,2,,61.68885211,15.187427520751953,24.917760848999023
reaction:554,XPhos,0,,64.52902546,13.573554992675781,22.69466209411621
reaction:555,XPhos,1,,64.66756982,23.15872573852539,23.162506103515625
reaction:556,XPhos,4,,14.26895253,20.513700485229492,21.415729522705078
reaction:557,XPhos,1,,24.93013825,20.43352699279785,21.8070011138916
reaction:558,XPhos,1,,38.55067304,22.657337188720703,22.254100799560547
reaction:559,XPhos,1,,0.0,9.246309280395508,22.233417510986328
reaction:560,XPhos,1,,1.224185961,4.532781600952148,22.389982223510742
reaction:561,XPhos,0,,2.633257106,9.042448043823242,20.91208267211914
reaction:562,XPhos,4,,1.932595354,3.430858612060547,23.021865844726562
reaction:563,XPhos,2,,8.432863834,17.921649932861328,20.01986312866211
reaction:564,XPhos,1,,11.40684881,12.561328887939453,21.32429313659668
reaction:565,XPhos,1,,16.82928554,13.048513412475586,21.186067581176758
reaction:566,XPhos,4,,35.53815083,23.675809860229492,13.696950912475586
reaction:567,XPhos,1,,41.96438983,27.138107299804688,21.884788513183594
reaction:568,XPhos,4,,2.917168593,31.474712371826172,23.101795196533203
reaction:569,XPhos,3,,7.768371677,25.281883239746094,19.493261337280273
reaction:570,XPhos,3,,14.74148388,28.58298683166504,19.37488555908203
reaction:571,XPhos,1,,21.50977994,15.447437286376953,22.005298614501953
reaction:572,XPhos,2,,20.96272395,21.11363983154297,22.619565963745117
reaction:573,XPhos,0,,26.67806508,36.95277404785156,22.036163330078125
reaction:574,XPhos,1,,0.0,9.306184768676758,22.26227569580078
reaction:575,XPhos,2,,3.941726457,-1.2807540893554688,21.108797073364258
reaction:576,XPhos,3,,7.774794319,-0.17894744873046875,18.776182174682617
reaction:577,XPhos,3,,2.331533569,2.9666213989257812,21.884479522705078
reaction:578,XPhos,3,,15.28777504,5.444639205932617,15.931580543518066
reaction:579,XPhos,2,,23.43579167,18.836318969726562,20.774070739746094
reaction:580,XPhos,2,,15.69796379,15.828418731689453,20.322175979614258
reaction:581,XPhos,2,,27.33482675,34.1690788269043,20.21253776550293
reaction:582,XPhos,4,,34.44632451,46.27313232421875,16.06060028076172
reaction:583,XPhos,4,,9.061926079,31.235403060913086,23.09613609313965
reaction:584,XPhos,4,,20.11332693,13.520463943481445,20.141996383666992
reaction:585,XPhos,0,,25.93974836,20.66389274597168,21.31250762939453
reaction:586,XPhos,0,,2.968869757,22.997119903564453,21.84442901611328
reaction:587,XPhos,4,,2.391870808,21.70500946044922,20.517562866210938
reaction:588,XPhos,4,,20.86747592,25.95538330078125,20.795780181884766
reaction:589,XPhos,2,,2.064063489,7.497797012329102,25.468019485473633
reaction:590,XPhos,3,,11.1309805,15.809247970581055,22.099544525146484
reaction:591,XPhos,0,,14.36693621,25.289661407470703,21.837194442749023
reaction:592,XPhos,2,,9.085602443,9.966611862182617,21.995668411254883
reaction:593,XPhos,2,,51.71538404,21.29647445678711,20.829755783081055
reaction:594,XPhos,2,,53.23936389,24.73853874206543,20.982938766479492
reaction:595,XPhos,0,,10.59565991,24.021228790283203,20.220495223999023
reaction:596,XPhos,0,,12.24156469,32.69697952270508,20.214128494262695
reaction:597,XPhos,3,,12.7214048,29.95583724975586,21.635175704956055
reaction:598,XPhos,3,,20.53476821,19.259519577026367,24.344329833984375
reaction:599,XPhos,2,,16.03639807,16.00482749938965,22.176651000976562
reaction:600,XPhos,3,,19.29401032,38.0909309387207,22.06769561767578
reaction:601,XPhos,1,,24.42152468,19.592758178710938,23.348602294921875
reaction:602,XPhos,4,,35.72058232,39.97279739379883,19.976585388183594
reaction:603,XPhos,1,,34.68866542,43.427120208740234,21.099830627441406
reaction:604,XPhos,3,,1.299881507,2.3913326263427734,21.788148880004883
reaction:605,XPhos,1,,17.26980964,16.351919174194336,20.99260139465332
reaction:606,XPhos,1,,28.37187434,23.265798568725586,20.557392120361328
reaction:607,XPhos,0,,5.370036774,6.334997177124023,21.017072677612305
reaction:608,XPhos,3,,37.71186321,37.939735412597656,21.057891845703125
reaction:609,XPhos,1,,36.02889558,51.641204833984375,20.457918167114258
reaction:610,XPhos,4,,32.92776022,30.196203231811523,18.999710083007812
reaction:611,XPhos,4,,59.55262648,50.90148162841797,18.88370132446289
reaction:612,XPhos,4,,57.6053748,54.06050109863281,20.384052276611328
reaction:613,XPhos,2,,18.46342998,18.004657745361328,22.255695343017578
reaction:614,XPhos,1,,36.80966237,30.83306312561035,22.174869537353516
reaction:615,XPhos,4,,44.33084711,45.717674255371094,20.59099578857422
reaction:616,XPhos,1,,26.52646529,19.38137435913086,23.405302047729492
reaction:617,XPhos,3,,40.07198822,34.08976745605469,21.496171951293945
reaction:618,XPhos,0,,44.04700483,37.55342483520508,19.976346969604492
reaction:619,XPhos,0,,0.844427684,2.6902103424072266,21.0460205078125
reaction:620,XPhos,3,,10.60791195,17.33660125732422,21.61456871032715
reaction:621,XPhos,0,,19.44976087,28.651140213012695,21.138093948364258
reaction:622,XPhos,1,,4.67315366,7.081676483154297,23.08930015563965
reaction:623,XPhos,4,,33.71090461,39.878108978271484,18.49717903137207
reaction:624,XPhos,4,,58.95423439,46.96803283691406,18.89322853088379
reaction:625,XPhos,1,,32.36907857,33.921749114990234,19.802579879760742
reaction:626,XPhos,3,,58.30938102,59.37549591064453,21.161531448364258
reaction:627,XPhos,1,,63.62909921,59.68914031982422,20.694480895996094
reaction:628,XPhos,0,,15.1458408,17.808059692382812,21.048934936523438
reaction:629,XPhos,1,,31.9937252,30.33889389038086,22.298402786254883
reaction:630,XPhos,0,,53.36463944,45.28658676147461,19.849533081054688
reaction:631,XPhos,0,,5.928429551,23.29129981994629,21.892017364501953
reaction:632,XPhos,2,,9.302544665,26.030345916748047,22.115734100341797
reaction:633,XPhos,0,,34.88077285,40.59880065917969,21.839359283447266
reaction:634,XPhos,3,,0.47110416,8.962671279907227,25.168437957763672
reaction:635,XPhos,4,,28.77482765,22.745540618896484,19.401498794555664
reaction:636,XPhos,2,,35.21497708,24.805465698242188,20.965484619140625
reaction:637,XPhos,4,,4.111488109,10.245393753051758,24.846813201904297
reaction:638,XPhos,1,,64.27233548,36.231422424316406,17.464744567871094
reaction:639,XPhos,3,,65.69456697,42.13874816894531,19.94634246826172
reaction:640,XPhos,1,,14.11480355,22.151365280151367,18.04261016845703
reaction:641,XPhos,0,,17.56349703,40.899269104003906,19.987489700317383
reaction:642,XPhos,0,,15.1215994,42.15069580078125,20.76325798034668
reaction:643,XPhos,4,,12.74466628,19.81597328186035,23.950754165649414
reaction:644,XPhos,2,,14.21418921,26.921215057373047,21.880455017089844
reaction:645,XPhos,4,,16.84841979,43.35721969604492,21.83157730102539
reaction:646,XPhos,1,,19.58685815,21.604246139526367,21.2228946685791
reaction:647,XPhos,1,,43.74297776,37.94425582885742,19.30211067199707
reaction:648,XPhos,0,,41.13226409,48.08797073364258,22.423786163330078
reaction:649,XPhos,0,,0.43718104,2.3380470275878906,21.125333786010742
reaction:650,XPhos,2,,23.41191123,39.09665298461914,16.519620895385742
reaction:651,XPhos,1,,34.22871308,32.343502044677734,17.731977462768555
reaction:652,XPhos,4,,2.005732083,4.571319580078125,21.907615661621094
reaction:653,XPhos,2,,50.97511306,56.47849655151367,13.70032787322998
reaction:654,XPhos,2,,50.54514481,59.04606628417969,14.95806884765625
reaction:655,XPhos,0,,39.19022489,39.35235595703125,20.997882843017578
reaction:656,XPhos,4,,59.13712916,60.57417297363281,13.764242172241211
reaction:657,XPhos,1,,63.46127974,52.643611907958984,18.113927841186523
reaction:658,XPhos,1,,14.56258268,14.194061279296875,20.859018325805664
reaction:659,XPhos,3,,42.70687587,35.09517288208008,21.4273624420166
reaction:660,XPhos,4,,51.1783537,45.81489181518555,19.184663772583008
reaction:661,XPhos,2,,20.79893886,19.370847702026367,21.617807388305664
reaction:662,XPhos,1,,44.03844861,34.803871154785156,18.996658325195312
reaction:663,XPhos,4,,47.42870408,43.330665588378906,18.899333953857422
reaction:664,XPhos,3,,0.389738186,2.990549087524414,23.09071159362793
reaction:665,XPhos,2,,14.82994008,36.73064422607422,16.46372413635254
reaction:666,XPhos,3,,27.38026406,35.025238037109375,20.66277503967285
reaction:667,XPhos,1,,1.922791563,3.2361297607421875,21.2933292388916
reaction:668,XPhos,2,,42.32124218,54.963836669921875,13.685691833496094
reaction:669,XPhos,0,,66.26745697,57.38007736206055,21.669092178344727
reaction:670,XPhos,1,,38.26811211,39.21548080444336,15.985260963439941
reaction:671,XPhos,1,,65.27849508,57.25498580932617,16.054676055908203
reaction:672,XPhos,1,,69.51698512,56.336326599121094,18.359264373779297
reaction:673,XPhos,0,,11.65114169,13.411041259765625,21.442066192626953
reaction:674,XPhos,0,,35.81675951,40.73391342163086,21.344457626342773
reaction:675,XPhos,3,,49.09682213,51.46068572998047,21.62952995300293
reaction:676,t-BuXPhos,1,,14.56538038,15.424982070922852,23.10879898071289
reaction:677,t-BuXPhos,4,,18.74350865,19.277667999267578,22.920930862426758
reaction:678,t-BuXPhos,4,,19.60839775,17.180126190185547,22.668668746948242
reaction:679,t-BuXPhos,3,,2.060581853,7.685354232788086,24.588985443115234
reaction:680,t-BuXPhos,4,,16.39030586,18.535789489746094,22.445926666259766
reaction:681,t-BuXPhos,3,,19.65840226,23.350101470947266,22.661483764648438
reaction:682,t-BuXPhos,1,,6.853480142,14.080440521240234,23.710716247558594
reaction:683,t-BuXPhos,3,,26.75645727,33.92680358886719,21.321483612060547
reaction:684,t-BuXPhos,0,,27.04861196,33.471248626708984,19.633283615112305
reaction:685,t-BuXPhos,3,,31.29909936,33.702484130859375,21.529455184936523
reaction:686,t-BuXPhos,1,,35.2030282,37.25811767578125,15.546843528747559
reaction:687,t-BuXPhos,3,,40.08669181,41.35811233520508,21.6227970123291
reaction:688,t-BuXPhos,0,,68.76495224,22.718746185302734,23.017446517944336
reaction:689,t-BuXPhos,4,,74.00970333,42.580299377441406,23.835472106933594
reaction:690,t-BuXPhos,3,,70.58038327,45.650718688964844,23.04568099975586
reaction:691,t-BuXPhos,4,,12.56300254,23.74451446533203,22.325674057006836
reaction:692,t-BuXPhos,2,,47.02427089,54.110111236572266,18.23581886291504
reaction:693,t-BuXPhos,2,,48.56121582,48.89641571044922,17.30665397644043
reaction:694,t-BuXPhos,0,,0.529819216,4.997684478759766,22.428117752075195
reaction:695,t-BuXPhos,3,,47.2768797,45.128334045410156,23.041635513305664
reaction:696,t-BuXPhos,0,,55.19349187,55.704017639160156,18.810646057128906
reaction:697,t-BuXPhos,0,,73.2728017,70.84890747070312,16.098941802978516
reaction:698,t-BuXPhos,1,,77.78682066,74.51487731933594,16.628116607666016
reaction:699,t-BuXPhos,3,,69.39495874,76.02930450439453,21.518733978271484
reaction:700,t-BuXPhos,3,,84.60201966,81.15324401855469,21.469654083251953
reaction:701,t-BuXPhos,3,,85.14015258,85.7795639038086,21.764101028442383
reaction:702,t-BuXPhos,0,,12.48383732,30.610210418701172,21.763179779052734
reaction:703,t-BuXPhos,2,,78.00495066,82.13671875,19.76585578918457
reaction:704,t-BuXPhos,1,,83.73721982,82.9262466430664,18.813396453857422
reaction:705,t-BuXPhos,1,,26.05284451,18.207630157470703,21.344221115112305
reaction:706,t-BuXPhos,2,,53.83922891,56.968116760253906,18.317052841186523
reaction:707,t-BuXPhos,1,,52.3137348,53.1048698425293,18.015300750732422
reaction:708,t-BuXPhos,2,,3.500057239,2.772306442260742,23.300405502319336
reaction:709,t-BuXPhos,4,,49.39865649,55.6199951171875,20.765363693237305
reaction:710,t-BuXPhos,0,,56.13504943,61.86958312988281,18.154516220092773
reaction:711,t-BuXPhos,3,,16.2490011,18.194915771484375,22.62367057800293
reaction:712,t-BuXPhos,4,,79.87241595,82.28584289550781,19.826778411865234
reaction:713,t-BuXPhos,2,,81.15116736,82.53702545166016,14.94424057006836
reaction:714,t-BuXPhos,1,,88.44637346,82.71116638183594,15.09086799621582
reaction:715,t-BuXPhos,1,,93.09950718,92.3724365234375,15.098474502563477
reaction:716,t-BuXPhos,1,,99.99999,95.39775085449219,17.02933692932129
reaction:717,t-BuXPhos,4,,36.89391539,23.512908935546875,22.95127296447754
reaction:718,t-BuXPhos,1,,94.34623373,87.5899658203125,19.568115234375
reaction:719,t-BuXPhos,4,,93.02887198,94.27790069580078,21.90205955505371
reaction:720,t-BuXPhos,4,,34.28672739,35.87553405761719,22.616104125976562
reaction:721,t-BuXPhos,4,,51.07128287,46.19059371948242,21.300559997558594
reaction:722,t-BuXPhos,2,,44.71241275,40.01811218261719,22.244394302368164
reaction:723,t-BuXPhos,1,,1.112505085,12.789100646972656,24.46563720703125
reaction:724,t-BuXPhos,1,,50.90618574,47.693092346191406,23.436058044433594
reaction:725,t-BuXPhos,2,,54.23706048,42.48999786376953,22.733671188354492
reaction:726,t-BuXPhos,1,,4.695061055,22.280406951904297,24.383378982543945
reaction:727,t-BuXPhos,2,,83.3036144,59.251983642578125,21.11194610595703
reaction:728,t-BuXPhos,1,,70.00785114,63.07146072387695,22.66876220703125
reaction:729,t-BuXPhos,2,,52.85443039,58.404029846191406,21.196569442749023
reaction:730,t-BuXPhos,2,,72.15476775,62.38629150390625,21.135629653930664
reaction:731,t-BuXPhos,3,,73.13874552,73.14933013916016,19.719636917114258
reaction:732,t-BuXPhos,4,,18.412337,41.441993713378906,22.732650756835938
reaction:733,t-BuXPhos,3,,1.57607478,68.35772705078125,21.520090103149414
reaction:734,t-BuXPhos,0,,1.834161249,70.52622985839844,22.0206241607666
reaction:735,t-BuXPhos,1,,39.94694428,42.27556228637695,23.145545959472656
reaction:736,t-BuXPhos,1,,54.22375463,60.118186950683594,23.03822898864746
reaction:737,t-BuXPhos,1,,50.12467654,52.59050750732422,23.01923370361328
reaction:738,t-BuXPhos,2,,1.102452884,2.8090553283691406,21.959461212158203
reaction:739,t-BuXPhos,2,,45.39654665,51.82929229736328,19.5981502532959
reaction:740,t-BuXPhos,4,,51.57354724,52.69297409057617,19.224700927734375
reaction:741,t-BuXPhos,1,,77.85802389,81.64671325683594,22.490497589111328
reaction:742,t-BuXPhos,3,,80.13587028,81.7235107421875,19.234333038330078
reaction:743,t-BuXPhos,0,,80.58863006,76.34083557128906,19.99127769470215
reaction:744,t-BuXPhos,1,,86.25411640000002,86.81236267089844,22.525257110595703
reaction:745,t-BuXPhos,1,,91.93340238,87.84458923339844,23.06987953186035
reaction:746,t-BuXPhos,1,,49.30997149,55.248085021972656,23.082277297973633
reaction:747,t-BuXPhos,3,,86.10507439,85.02050018310547,20.446964263916016
reaction:748,t-BuXPhos,3,,88.16754027,79.77716827392578,20.434053421020508
reaction:749,t-BuXPhos,0,,45.04099086,41.67852783203125,21.151845932006836
reaction:750,t-BuXPhos,1,,52.01896484,59.526458740234375,23.033580780029297
reaction:751,t-BuXPhos,0,,50.27132659,52.233131408691406,21.11635398864746
reaction:752,t-BuXPhos,1,,1.402918235,4.103321075439453,23.265871047973633
reaction:753,t-BuXPhos,4,,50.57898439,48.64443588256836,18.925399780273438
reaction:754,t-BuXPhos,1,,51.23480839,53.875518798828125,22.72511100769043
reaction:755,t-BuXPhos,1,,6.591475121,22.694679260253906,23.44382095336914
reaction:756,t-BuXPhos,4,,83.09647392,82.35530090332031,17.814136505126953
reaction:757,t-BuXPhos,3,,79.26160687,83.61190795898438,19.034412384033203
reaction:758,t-BuXPhos,4,,86.19439925,85.10935974121094,17.955347061157227
reaction:759,t-BuXPhos,0,,91.26694463,91.04037475585938,20.19166374206543
reaction:760,t-BuXPhos,3,,95.38648822,98.41570281982422,18.898727416992188
reaction:761,t-BuXPhos,0,,63.26443611,51.981834411621094,21.3765811920166
reaction:762,t-BuXPhos,1,,94.87994774,87.75830841064453,22.826217651367188
reaction:763,t-BuXPhos,0,,93.42111456,94.44721984863281,20.95903778076172
reaction:764,t-BuXPhos,3,,31.76101887,30.66222381591797,24.54678726196289
reaction:765,t-BuXPhos,2,,47.94242943,41.23918914794922,21.406490325927734
reaction:766,t-BuXPhos,0,,42.81292825,39.17143249511719,20.518041610717773
reaction:767,t-BuXPhos,3,,0.39886034,10.17622184753418,24.862895965576172
reaction:768,t-BuXPhos,3,,45.57576479,41.1053466796875,21.739572525024414
reaction:769,t-BuXPhos,3,,49.32093179,48.005550384521484,20.620407104492188
reaction:770,t-BuXPhos,2,,3.622466468,12.796773910522461,24.07485008239746
reaction:771,t-BuXPhos,0,,75.31115449,57.32868576049805,18.64391326904297
reaction:772,t-BuXPhos,2,,67.19184926,58.03448486328125,20.08243751525879
reaction:773,t-BuXPhos,4,,54.63079808,61.4985466003418,19.54558563232422
reaction:774,t-BuXPhos,0,,63.14714159,61.70768737792969,18.821680068969727
reaction:775,t-BuXPhos,1,,63.83709974,65.83836364746094,20.426084518432617
reaction:776,t-BuXPhos,2,,20.39347896,31.767885208129883,24.935569763183594
reaction:777,t-BuXPhos,0,,0.0,62.623809814453125,20.81854248046875
reaction:778,t-BuXPhos,1,,0.0,66.30058288574219,22.308523178100586
reaction:779,t-BuXPhos,2,,34.30918762,34.03828430175781,22.4154109954834
reaction:780,t-BuXPhos,0,,52.55061961,60.59173583984375,19.045333862304688
reaction:781,t-BuXPhos,1,,52.37811419,57.597572326660156,20.052846908569336
reaction:782,t-BuXPhos,1,,0.695297498,2.228649139404297,21.82693862915039
reaction:783,t-BuXPhos,0,,43.182647,61.555633544921875,18.237905502319336
reaction:784,t-BuXPhos,3,,52.5635645,62.50686264038086,19.239652633666992
reaction:785,t-BuXPhos,0,,3.012114112,5.629131317138672,21.75142478942871
reaction:786,t-BuXPhos,1,,80.58281911,76.08889770507812,18.088336944580078
reaction:787,t-BuXPhos,1,,81.02094948,76.87322998046875,19.241304397583008
reaction:788,t-BuXPhos,4,,76.63515592,81.589599609375,17.777273178100586
reaction:789,t-BuXPhos,1,,88.44485055,84.55142211914062,18.14360809326172
reaction:790,t-BuXPhos,1,,90.22793001,81.8133773803711,19.851581573486328
reaction:791,t-BuXPhos,3,,30.758172,27.79488182067871,22.55936622619629
reaction:792,t-BuXPhos,1,,85.68357471,79.59962463378906,20.432470321655273
reaction:793,t-BuXPhos,2,,86.971127,81.19364929199219,20.059215545654297
reaction:794,t-BuXPhos,3,,34.96627405,35.004180908203125,22.4501953125
reaction:795,t-BuXPhos,3,,0.97555089,3.309429168701172,23.304887771606445
reaction:796,t-BuXPhos,0,,44.07099157,61.00162124633789,18.611270904541016
reaction:797,t-BuXPhos,3,,48.93807733,61.546993255615234,19.29752540588379
reaction:798,t-BuXPhos,4,,3.893641215,4.6202545166015625,21.70606803894043
reaction:799,t-BuXPhos,2,,79.05542624,83.38046264648438,17.398319244384766
reaction:800,t-BuXPhos,3,,79.63886176,80.53374481201172,17.871736526489258
reaction:801,t-BuXPhos,3,,86.00345438,81.36839294433594,17.331710815429688
reaction:802,t-BuXPhos,3,,92.13719474,90.15776062011719,17.094501495361328
reaction:803,t-BuXPhos,0,,91.51096876,94.80937957763672,18.269807815551758
reaction:804,t-BuXPhos,0,,30.83522639,36.08695983886719,21.245901107788086
reaction:805,t-BuXPhos,0,,92.72370704,90.5111083984375,19.64875602722168
reaction:806,t-BuXPhos,4,,92.25602815,88.224609375,20.24060821533203
reaction:807,t-BuBrettPhos,2,,9.322132163,8.745847702026367,23.076757431030273
reaction:808,t-BuBrettPhos,1,,13.23389373,11.858680725097656,21.320846557617188
reaction:809,t-BuBrettPhos,1,,12.65611523,15.912158966064453,20.542409896850586
reaction:810,t-BuBrettPhos,0,,0.862512473,5.609037399291992,21.86407470703125
reaction:811,t-BuBrettPhos,0,,11.12595571,6.902683258056641,20.228858947753906
reaction:812,t-BuBrettPhos,0,,11.33541199,11.857391357421875,19.712234497070312
reaction:813,t-BuBrettPhos,0,,3.848767902,9.114978790283203,23.316564559936523
reaction:814,t-BuBrettPhos,0,,26.55673667,19.835289001464844,18.29678726196289
reaction:815,t-BuBrettPhos,4,,25.42117806,36.58119583129883,18.8624267578125
reaction:816,t-BuBrettPhos,0,,23.70056273,22.35970687866211,18.728534698486328
reaction:817,t-BuBrettPhos,4,,25.95507424,32.9122428894043,18.346149444580078
reaction:818,t-BuBrettPhos,3,,35.80276164,41.18523406982422,19.75733757019043
reaction:819,t-BuBrettPhos,3,,66.85191048,11.012411117553711,23.79925537109375
reaction:820,t-BuBrettPhos,0,,70.56509529,39.59431838989258,22.026283264160156
reaction:821,t-BuBrettPhos,4,,66.6354412,37.09573745727539,23.04283332824707
reaction:822,t-BuBrettPhos,0,,3.468901589,18.020320892333984,21.861225128173828
reaction:823,t-BuBrettPhos,0,,31.17955703,35.60063171386719,18.920557022094727
reaction:824,t-BuBrettPhos,4,,44.26289513,44.69017028808594,17.999351501464844
reaction:825,t-BuBrettPhos,1,,0.0,8.060619354248047,22.2211856842041
reaction:826,t-BuBrettPhos,1,,11.31352123,15.111494064331055,17.27692222595215
reaction:827,t-BuBrettPhos,3,,33.79435982,28.99600601196289,18.350934982299805
reaction:828,t-BuBrettPhos,0,,0.0,7.59037971496582,21.87980842590332
reaction:829,t-BuBrettPhos,4,,36.54381967,39.83367156982422,15.343050956726074
reaction:830,t-BuBrettPhos,3,,78.50560016,69.84553527832031,17.554574966430664
reaction:831,t-BuBrettPhos,3,,32.19059222,35.232479095458984,16.87818717956543
reaction:832,t-BuBrettPhos,0,,55.46040564,47.139617919921875,16.231101989746094
reaction:833,t-BuBrettPhos,1,,81.63511603,78.43690490722656,16.132211685180664
reaction:834,t-BuBrettPhos,1,,4.546243303,25.205991744995117,21.103229522705078
reaction:835,t-BuBrettPhos,1,,60.54913452,65.47907257080078,19.51807975769043
reaction:836,t-BuBrettPhos,1,,71.15077458,72.39884185791016,18.924129486083984
reaction:837,t-BuBrettPhos,0,,22.42347536,22.376726150512695,21.757614135742188
reaction:838,t-BuBrettPhos,4,,41.46468331,38.744083404541016,19.464792251586914
reaction:839,t-BuBrettPhos,1,,54.24578847,49.96940994262695,17.187307357788086
reaction:840,t-BuBrettPhos,1,,1.581660756,8.537309646606445,22.25798797607422
reaction:841,t-BuBrettPhos,4,,20.76458994,25.607622146606445,17.16840362548828
reaction:842,t-BuBrettPhos,4,,36.05750203,42.92058563232422,17.1135311126709
reaction:843,t-BuBrettPhos,3,,7.805738503,4.089651107788086,21.909828186035156
reaction:844,t-BuBrettPhos,0,,52.90774845,51.354583740234375,16.19211769104004
reaction:845,t-BuBrettPhos,1,,83.29437838,83.97366333007812,16.340482711791992
reaction:846,t-BuBrettPhos,4,,50.80872036,55.05726623535156,15.96965217590332
reaction:847,t-BuBrettPhos,0,,71.49385038,65.3675537109375,16.415599822998047
reaction:848,t-BuBrettPhos,3,,99.99999,92.7652359008789,18.104862213134766
reaction:849,t-BuBrettPhos,2,,29.94942755,12.511829376220703,21.824071884155273
reaction:850,t-BuBrettPhos,3,,80.02767877,74.67529296875,19.898151397705078
reaction:851,t-BuBrettPhos,3,,88.40427326,86.48403930664062,20.001384735107422
reaction:852,t-BuBrettPhos,1,,7.021683633,19.670900344848633,23.50059700012207
reaction:853,t-BuBrettPhos,0,,32.41068171,39.84697341918945,21.16106605529785
reaction:854,t-BuBrettPhos,4,,34.60429695,43.08391571044922,20.085973739624023
reaction:855,t-BuBrettPhos,0,,0.51807887,6.315988540649414,21.352581024169922
reaction:856,t-BuBrettPhos,2,,38.44240466,49.7806510925293,21.23743438720703
reaction:857,t-BuBrettPhos,0,,50.89816476,46.726043701171875,20.324865341186523
reaction:858,t-BuBrettPhos,1,,5.429390182,14.498424530029297,23.75484848022461
reaction:859,t-BuBrettPhos,4,,70.22907456,67.43037414550781,19.137569427490234
reaction:860,t-BuBrettPhos,3,,73.4448659,68.70046997070312,19.07111167907715
reaction:861,t-BuBrettPhos,3,,68.99091328,73.44110107421875,18.4416561126709
reaction:862,t-BuBrettPhos,4,,87.93113193,74.86459350585938,19.005048751831055
reaction:863,t-BuBrettPhos,1,,89.46707858,77.42132568359375,21.439334869384766
reaction:864,t-BuBrettPhos,2,,6.160292213,25.513750076293945,23.275718688964844
reaction:865,t-BuBrettPhos,4,,4.80921591,52.11011505126953,22.27680206298828
reaction:866,t-BuBrettPhos,2,,4.592618792,47.36114501953125,21.426942825317383
reaction:867,t-BuBrettPhos,2,,25.85124884,23.995418548583984,21.70679473876953
reaction:868,t-BuBrettPhos,3,,48.4805474,51.39048767089844,17.199670791625977
reaction:869,t-BuBrettPhos,1,,47.29404915,54.736507415771484,20.488475799560547
reaction:870,t-BuBrettPhos,2,,0.682447226,2.7198410034179688,21.691162109375
reaction:871,t-BuBrettPhos,2,,40.82349272,38.59750747680664,21.0252685546875
reaction:872,t-BuBrettPhos,4,,45.50089871,51.175785064697266,15.718772888183594
reaction:873,t-BuBrettPhos,4,,2.461539411,11.65286636352539,21.759490966796875
reaction:874,t-BuBrettPhos,2,,73.58359974,71.3712158203125,19.822723388671875
reaction:875,t-BuBrettPhos,2,,79.18190676,80.34810638427734,20.11237144470215
reaction:876,t-BuBrettPhos,2,,78.17281005,70.2109375,19.901033401489258
reaction:877,t-BuBrettPhos,1,,84.44355873,81.61178588867188,18.476408004760742
reaction:878,t-BuBrettPhos,4,,91.20970452,86.94668579101562,16.327726364135742
reaction:879,t-BuBrettPhos,3,,40.48243437,40.40626907348633,21.388229370117188
reaction:880,t-BuBrettPhos,4,,78.37132703,81.427734375,19.40091896057129
reaction:881,t-BuBrettPhos,3,,23.89038147,24.027313232421875,20.68475341796875
reaction:882,t-BuBrettPhos,2,,46.79588748,44.082008361816406,20.803789138793945
reaction:883,t-BuBrettPhos,1,,46.14092963,52.89105987548828,20.538389205932617
reaction:884,t-BuBrettPhos,3,,0.81239337,1.8638858795166016,21.693708419799805
reaction:885,t-BuBrettPhos,1,,34.83452753,43.37114715576172,19.94180679321289
reaction:886,t-BuBrettPhos,0,,44.26066466,44.509090423583984,19.681997299194336
reaction:887,t-BuBrettPhos,4,,9.034825048,10.806722640991211,21.75661277770996
reaction:888,t-BuBrettPhos,2,,74.23566846,71.99685668945312,19.667869567871094
reaction:889,t-BuBrettPhos,1,,78.10978605,79.61817932128906,19.507545471191406
reaction:890,t-BuBrettPhos,2,,86.12188158,78.32057189941406,19.738449096679688
reaction:891,t-BuBrettPhos,0,,87.95919128,89.93025970458984,18.67932891845703
reaction:892,t-BuBrettPhos,4,,92.35381549,92.88681030273438,16.358121871948242
reaction:893,t-BuBrettPhos,0,,42.37662469,39.837158203125,21.03689956665039
reaction:894,t-BuBrettPhos,3,,89.5866498,81.06503295898438,18.306243896484375
reaction:895,t-BuBrettPhos,1,,88.35188783,67.04600524902344,21.309288024902344
reaction:896,t-BuBrettPhos,4,,1.039364305,17.694252014160156,23.60800552368164
reaction:897,t-BuBrettPhos,2,,23.78240992,44.115081787109375,22.138771057128906
reaction:898,t-BuBrettPhos,2,,28.58196621,45.476844787597656,21.794586181640625
reaction:899,t-BuBrettPhos,3,,0.0,7.54681396484375,24.008670806884766
reaction:900,t-BuBrettPhos,1,,44.72607544,44.12098693847656,21.651811599731445
reaction:901,t-BuBrettPhos,2,,37.40734019,49.064971923828125,21.547840118408203
reaction:902,t-BuBrettPhos,0,,7.259312325,12.008934020996094,22.85710334777832
reaction:903,t-BuBrettPhos,3,,68.29340203,70.79570007324219,17.307640075683594
reaction:904,t-BuBrettPhos,2,,71.5462211,70.25355529785156,20.502843856811523
reaction:905,t-BuBrettPhos,0,,69.08248124,76.28849029541016,17.900455474853516
reaction:906,t-BuBrettPhos,1,,88.30829539,70.55661010742188,20.56841468811035
reaction:907,t-BuBrettPhos,1,,92.90401218,73.30497741699219,21.50068473815918
reaction:908,t-BuBrettPhos,1,,1.691952122,12.475303649902344,22.364850997924805
reaction:909,t-BuBrettPhos,0,,0.955483806,46.742801666259766,21.624971389770508
reaction:910,t-BuBrettPhos,3,,0.597977578,45.64735412597656,21.332969665527344
reaction:911,t-BuBrettPhos,0,,13.50296194,19.517841339111328,20.76812171936035
reaction:912,t-BuBrettPhos,4,,48.49744103,51.720890045166016,19.430978775024414
reaction:913,t-BuBrettPhos,2,,50.86308576,47.52541732788086,21.608875274658203
reaction:914,t-BuBrettPhos,2,,0.0,1.8325958251953125,22.573978424072266
reaction:915,t-BuBrettPhos,2,,47.57684436,44.63777160644531,21.960018157958984
reaction:916,t-BuBrettPhos,3,,54.42113597,53.28150939941406,17.641647338867188
reaction:917,t-BuBrettPhos,4,,0.0,6.173755645751953,21.373493194580078
reaction:918,t-BuBrettPhos,1,,77.66498135,71.56846618652344,19.194189071655273
reaction:919,t-BuBrettPhos,1,,81.47790375,75.58154296875,20.073938369750977
reaction:920,t-BuBrettPhos,0,,63.40623793,75.41326904296875,16.267675399780273
reaction:921,t-BuBrettPhos,4,,77.4707991,83.15594482421875,16.497920989990234
reaction:922,t-BuBrettPhos,2,,90.37135809,86.04624938964844,20.77873992919922
reaction:923,t-BuBrettPhos,2,,13.89042777,16.330541610717773,22.861459732055664
reaction:924,t-BuBrettPhos,0,,81.62368897,85.79718017578125,19.495046615600586
reaction:925,t-BuBrettPhos,4,,83.33821324,59.80623245239258,20.065824508666992
reaction:926,t-BuBrettPhos,2,,18.21528105,16.104734420776367,22.618799209594727
reaction:927,t-BuBrettPhos,3,,49.51819322,48.62064743041992,18.232805252075195
reaction:928,t-BuBrettPhos,3,,47.67937659,53.275550842285156,17.74040412902832
reaction:929,t-BuBrettPhos,3,,0.354218547,1.9674854278564453,22.729896545410156
reaction:930,t-BuBrettPhos,0,,48.43208177,49.19950866699219,18.30284309387207
reaction:931,t-BuBrettPhos,3,,43.57558027,55.60532760620117,17.855602264404297
reaction:932,t-BuBrettPhos,1,,4.2283815680000005,2.3294525146484375,21.503826141357422
reaction:933,t-BuBrettPhos,4,,79.45834404,79.24850463867188,16.428863525390625
reaction:934,t-BuBrettPhos,2,,79.06108402,85.38868713378906,21.05314826965332
reaction:935,t-BuBrettPhos,4,,87.76406197,75.81819152832031,16.85344886779785
reaction:936,t-BuBrettPhos,0,,93.03255731,87.10627746582031,16.653371810913086
reaction:937,t-BuBrettPhos,2,,98.84920594,97.51466369628906,21.000568389892578
reaction:938,t-BuBrettPhos,2,,14.59032311,18.342426300048828,22.800729751586914
reaction:939,t-BuBrettPhos,2,,93.74857618,86.41747283935547,21.899587631225586
reaction:940,t-BuBrettPhos,4,,93.10117477,66.85150909423828,20.190702438354492
reaction:941,AdBrettPhos,2,,9.062775444,9.535362243652344,23.976078033447266
reaction:942,AdBrettPhos,2,,13.5242012,7.065397262573242,21.708677291870117
reaction:943,AdBrettPhos,4,,13.8481868,13.105138778686523,20.824804306030273
reaction:944,AdBrettPhos,1,,1.858564029,5.767955780029297,23.864892959594727
reaction:945,AdBrettPhos,2,,13.88581248,12.824371337890625,20.80753517150879
reaction:946,AdBrettPhos,3,,16.72117045,20.9024600982666,20.475975036621094
reaction:947,AdBrettPhos,4,,6.264897465,5.851581573486328,23.16118049621582
reaction:948,AdBrettPhos,4,,23.31600153,20.405437469482422,18.135692596435547
reaction:949,AdBrettPhos,1,,26.3918508,31.461015701293945,19.453170776367188
reaction:950,AdBrettPhos,1,,19.27582448,22.729103088378906,18.759458541870117
reaction:951,AdBrettPhos,0,,20.15990301,25.729076385498047,18.24384880065918
reaction:952,AdBrettPhos,2,,27.24737039,31.522903442382812,20.314306259155273
reaction:953,AdBrettPhos,3,,68.47251074,15.39971923828125,24.33472442626953
reaction:954,AdBrettPhos,2,,71.41375314,34.7465934753418,22.6552791595459
reaction:955,AdBrettPhos,4,,68.57486471,35.853580474853516,22.215381622314453
reaction:956,AdBrettPhos,4,,3.309805744,14.07571792602539,21.459278106689453
reaction:957,AdBrettPhos,1,,19.84794125,19.81683349609375,17.198400497436523
reaction:958,AdBrettPhos,0,,35.66483427,33.863834381103516,17.15886688232422
reaction:959,AdBrettPhos,2,,0.0,2.374330520629883,22.581554412841797
reaction:960,AdBrettPhos,3,,15.1448727,12.698675155639648,18.409761428833008
reaction:961,AdBrettPhos,3,,47.46105675,32.592674255371094,18.42688751220703
reaction:962,AdBrettPhos,0,,0.620480408,9.975292205810547,22.144943237304688
reaction:963,AdBrettPhos,3,,27.30055458,26.63313102722168,16.278200149536133
reaction:964,AdBrettPhos,1,,67.48065191,52.913421630859375,15.497800827026367
reaction:965,AdBrettPhos,3,,17.316822600000002,20.781715393066406,16.565580368041992
reaction:966,AdBrettPhos,4,,16.25514799,33.420475006103516,12.985915184020996
reaction:967,AdBrettPhos,2,,50.42857568,41.162532806396484,17.84335708618164
reaction:968,AdBrettPhos,3,,4.713893798,20.77414321899414,22.14762306213379
reaction:969,AdBrettPhos,2,,45.27091516,48.67780303955078,20.267332077026367
reaction:970,AdBrettPhos,2,,58.943816000000005,59.34928894042969,19.713333129882812
reaction:971,AdBrettPhos,3,,20.59737033,12.170494079589844,21.283306121826172
reaction:972,AdBrettPhos,0,,33.22033214,32.215457916259766,18.419944763183594
reaction:973,AdBrettPhos,1,,48.38997285,51.77373504638672,16.7161865234375
reaction:974,AdBrettPhos,4,,2.0185504880000003,2.2906665802001953,23.020776748657227
reaction:975,AdBrettPhos,0,,28.52881836,30.481966018676758,17.60236167907715
reaction:976,AdBrettPhos,1,,49.32388819,59.88441848754883,17.062421798706055
reaction:977,AdBrettPhos,0,,7.120028255,11.712211608886719,22.173694610595703
reaction:978,AdBrettPhos,0,,49.40490981,48.24372100830078,14.856858253479004
reaction:979,AdBrettPhos,2,,74.16554821,79.00981140136719,15.5075044631958
reaction:980,AdBrettPhos,3,,44.47903411,50.82252502441406,16.915782928466797
reaction:981,AdBrettPhos,2,,59.28097568,47.512603759765625,15.027949333190918
reaction:982,AdBrettPhos,2,,81.51017538,71.82455444335938,18.01748275756836
reaction:983,AdBrettPhos,2,,28.30443344,12.981952667236328,22.105892181396484
reaction:984,AdBrettPhos,0,,68.89095082,66.12847900390625,19.599721908569336
reaction:985,AdBrettPhos,2,,84.40270662,78.0765380859375,19.76654624938965
reaction:986,AdBrettPhos,0,,5.298717423,21.900283813476562,22.719867706298828
reaction:987,AdBrettPhos,0,,41.59326244,44.432777404785156,21.377174377441406
reaction:988,AdBrettPhos,4,,44.78270058,51.38169479370117,20.23386573791504
reaction:989,AdBrettPhos,1,,1.262424529,10.201271057128906,24.51175308227539
reaction:990,AdBrettPhos,2,,53.17975334,55.965492248535156,21.005619049072266
reaction:991,AdBrettPhos,3,,54.63240731,56.08705139160156,19.796058654785156
reaction:992,AdBrettPhos,0,,4.246823607,10.346195220947266,23.665882110595703
reaction:993,AdBrettPhos,0,,82.46360414,75.39692687988281,20.326078414916992
reaction:994,AdBrettPhos,0,,79.07623711,75.44059753417969,20.80169677734375
reaction:995,AdBrettPhos,1,,74.61155282,75.49860382080078,19.895797729492188
reaction:996,AdBrettPhos,1,,83.37705512,79.19523620605469,19.702856063842773
reaction:997,AdBrettPhos,4,,91.37329051,80.85226440429688,19.790969848632812
reaction:998,AdBrettPhos,4,,9.147761663,24.552101135253906,23.123313903808594
reaction:999,AdBrettPhos,4,,1.707595349,60.86505889892578,21.719268798828125
reaction:1000,AdBrettPhos,0,,2.733728741,57.75486755371094,21.853925704956055
reaction:1001,AdBrettPhos,1,,25.8434488,26.62336540222168,22.374040603637695
reaction:1002,AdBrettPhos,2,,48.06786456,47.34522247314453,21.643962860107422
reaction:1003,AdBrettPhos,2,,48.00212967,47.494056701660156,21.15777015686035
reaction:1004,AdBrettPhos,0,,0.85894734,7.677608489990234,21.5588321685791
reaction:1005,AdBrettPhos,3,,46.19696168,47.57645797729492,16.230224609375
reaction:1006,AdBrettPhos,3,,51.39664392,45.230125427246094,16.241256713867188
reaction:1007,AdBrettPhos,3,,2.615785832,3.234830856323242,21.310230255126953
reaction:1008,AdBrettPhos,4,,73.85492194,70.26502990722656,12.838519096374512
reaction:1009,AdBrettPhos,2,,78.46972259,78.9793930053711,20.917837142944336
reaction:1010,AdBrettPhos,1,,61.91869342,71.04548645019531,15.334540367126465
reaction:1011,AdBrettPhos,0,,66.70576357,69.78656005859375,19.40306854248047
reaction:1012,AdBrettPhos,2,,69.8410056,69.06103515625,21.07656478881836
reaction:1013,AdBrettPhos,0,,35.857904600000005,39.16429901123047,20.89925193786621
reaction:1014,AdBrettPhos,2,,81.6084941,47.53162384033203,21.83220863342285
reaction:1015,AdBrettPhos,2,,84.55661490000001,71.94159698486328,21.120880126953125
reaction:1016,AdBrettPhos,2,,28.68684159,27.474245071411133,21.928749084472656
reaction:1017,AdBrettPhos,1,,53.85457225,53.206993103027344,19.070863723754883
reaction:1018,AdBrettPhos,4,,55.16379105,56.422096252441406,17.027700424194336
reaction:1019,AdBrettPhos,0,,1.0681254059999998,7.714895248413086,21.46311378479004
reaction:1020,AdBrettPhos,0,,54.23706273,50.173553466796875,19.9925479888916
reaction:1021,AdBrettPhos,2,,50.10376029,60.86001968383789,21.263248443603516
reaction:1022,AdBrettPhos,1,,3.135484875,6.15791130065918,22.91571807861328
reaction:1023,AdBrettPhos,0,,80.39591728,79.64331817626953,19.91921043395996
reaction:1024,AdBrettPhos,2,,82.63071562,90.82492065429688,20.76725196838379
reaction:1025,AdBrettPhos,0,,89.88953077,79.37734985351562,20.151552200317383
reaction:1026,AdBrettPhos,0,,92.89765441,88.37208557128906,19.946372985839844
reaction:1027,AdBrettPhos,1,,94.14846732,90.11366271972656,17.154512405395508
reaction:1028,AdBrettPhos,3,,41.58551371,35.30213928222656,21.458173751831055
reaction:1029,AdBrettPhos,2,,95.12897845,64.3153076171875,21.900630950927734
reaction:1030,AdBrettPhos,0,,92.39124083,96.27838134765625,20.495248794555664
reaction:1031,AdBrettPhos,4,,1.261091862,21.606311798095703,23.268259048461914
reaction:1032,AdBrettPhos,2,,12.61696696,48.21492004394531,21.969074249267578
reaction:1033,AdBrettPhos,2,,36.64285561,59.25775909423828,21.771764755249023
reaction:1034,AdBrettPhos,2,,0.0,8.68814468383789,24.512975692749023
reaction:1035,AdBrettPhos,3,,52.34346738,57.98486328125,19.189855575561523
reaction:1036,AdBrettPhos,3,,57.08877056,59.599578857421875,19.43468475341797
reaction:1037,AdBrettPhos,0,,1.117675591,11.45977783203125,23.838560104370117
reaction:1038,AdBrettPhos,2,,83.14947865,79.97789001464844,19.95277214050293
reaction:1039,AdBrettPhos,0,,82.84063003,74.04263305664062,19.409833908081055
reaction:1040,AdBrettPhos,1,,80.49152522,68.976806640625,20.760828018188477
reaction:1041,AdBrettPhos,0,,89.89767813,76.86770629882812,19.198585510253906
reaction:1042,AdBrettPhos,0,,94.29690562,78.7125015258789,19.788484573364258
reaction:1043,AdBrettPhos,2,,2.241763673,18.65463638305664,24.07332992553711
reaction:1044,AdBrettPhos,3,,1.826315609,52.725311279296875,21.511526107788086
reaction:1045,AdBrettPhos,2,,0.747631534,59.539520263671875,22.569618225097656
reaction:1046,AdBrettPhos,3,,9.328786223,10.988420486450195,22.000640869140625
reaction:1047,AdBrettPhos,2,,45.92980056,44.836753845214844,21.748193740844727
reaction:1048,AdBrettPhos,1,,52.24472601,52.03046417236328,20.937143325805664
reaction:1049,AdBrettPhos,0,,0.338169234,7.255243301391602,21.652109146118164
reaction:1050,AdBrettPhos,2,,43.34412585,43.35022735595703,22.07679557800293
reaction:1051,AdBrettPhos,1,,53.38444046,52.18170166015625,21.081069946289062
reaction:1052,AdBrettPhos,1,,0.841459123,2.0773448944091797,21.581411361694336
reaction:1053,AdBrettPhos,4,,72.1822742,68.51968383789062,14.080294609069824
reaction:1054,AdBrettPhos,2,,83.93941968,74.65152740478516,20.882408142089844
reaction:1055,AdBrettPhos,2,,38.32865111,61.46615219116211,20.865585327148438
reaction:1056,AdBrettPhos,1,,59.55424843,70.45578002929688,20.14681625366211
reaction:1057,AdBrettPhos,0,,77.75555198,68.03599548339844,18.653789520263672
reaction:1058,AdBrettPhos,3,,11.79076705,10.013526916503906,22.806867599487305
reaction:1059,AdBrettPhos,4,,83.93526521,67.20042419433594,19.486574172973633
reaction:1060,AdBrettPhos,0,,90.73131654,71.97392272949219,19.604480743408203
reaction:1061,AdBrettPhos,2,,12.78013721,12.462869644165039,22.638776779174805
reaction:1062,AdBrettPhos,0,,49.15372199,51.9083137512207,19.996206283569336
reaction:1063,AdBrettPhos,2,,55.56585889,60.00018310546875,21.600173950195312
reaction:1064,AdBrettPhos,0,,0.3553679289999999,7.912420272827148,21.558916091918945
reaction:1065,AdBrettPhos,1,,50.10834683,47.62937927246094,20.313091278076172
reaction:1066,AdBrettPhos,0,,53.33497035,62.847862243652344,18.72342300415039
reaction:1067,AdBrettPhos,0,,0.968826586,4.315874099731445,21.365676879882812
reaction:1068,AdBrettPhos,0,,80.68492948,85.2662353515625,17.973140716552734
reaction:1069,AdBrettPhos,3,,83.05466982,92.04682922363281,15.798358917236328
reaction:1070,AdBrettPhos,1,,81.37846659,59.666831970214844,19.836898803710938
reaction:1071,AdBrettPhos,3,,89.47412112,82.56416320800781,14.316990852355957
reaction:1072,AdBrettPhos,2,,95.75260589,101.16064453125,20.95343780517578
reaction:1073,AdBrettPhos,2,,9.967076399,15.240880966186523,22.317350387573242
reaction:1074,AdBrettPhos,2,,86.08980917,91.54925537109375,21.91811180114746
reaction:1075,AdBrettPhos,4,,94.54981251,98.10423278808594,19.510974884033203
reaction:1076,XPhos,0,,11.59050003,10.831062316894531,14.106624603271484
reaction:1077,XPhos,1,,12.36887401,5.792671203613281,16.245168685913086
reaction:1078,XPhos,3,,16.16257939,23.40045928955078,15.438516616821289
reaction:1079,XPhos,4,,1.729864191,-0.014919281005859375,10.4053316116333
reaction:1080,XPhos,1,,4.215754471,5.363857269287109,16.34947967529297
reaction:1081,XPhos,4,,4.112217946,7.832069396972656,14.079429626464844
reaction:1082,XPhos,1,,7.911192525,3.272571563720703,19.194425582885742
reaction:1083,XPhos,3,,13.99630758,28.348400115966797,12.46023178100586
reaction:1084,XPhos,3,,18.40781284,34.881771087646484,13.811530113220215
reaction:1085,XPhos,3,,13.98755594,9.998586654663086,12.524142265319824
reaction:1086,XPhos,1,,20.04239857,8.740224838256836,11.810498237609863
reaction:1087,XPhos,4,,19.49452071,12.34719467163086,14.319408416748047
reaction:1088,XPhos,4,,9.474964289,12.775054931640625,19.2248592376709
reaction:1089,XPhos,3,,10.26328927,12.686939239501953,16.97197723388672
reaction:1090,XPhos,4,,14.9442896,33.40739440917969,15.580096244812012
reaction:1091,XPhos,2,,15.11582189,12.414358139038086,12.709741592407227
reaction:1092,XPhos,1,,28.39895545,26.90139389038086,12.993680000305176
reaction:1093,XPhos,2,,34.38141407,30.527280807495117,13.974794387817383
reaction:1094,XPhos,1,,0.377050084,1.373739242553711,11.032121658325195
reaction:1095,XPhos,1,,9.043513945,10.229114532470703,15.588444709777832
reaction:1096,XPhos,0,,13.524053,11.880632400512695,14.3124418258667
reaction:1097,XPhos,0,,3.045865819,3.8684253692626953,12.089109420776367
reaction:1098,XPhos,2,,26.51530021,19.808929443359375,11.660097122192383
reaction:1099,XPhos,2,,28.15132537,20.833106994628906,12.565773963928223
reaction:1100,XPhos,3,,22.49487977,22.87257194519043,13.169756889343262
reaction:1101,XPhos,4,,37.83294904,45.53411102294922,11.231389999389648
reaction:1102,XPhos,3,,43.37501152,49.32308578491211,13.918964385986328
reaction:1103,XPhos,3,,10.00638892,7.640575408935547,13.087209701538086
reaction:1104,XPhos,4,,21.4669222,19.039209365844727,12.058032989501953
reaction:1105,XPhos,2,,32.75793304,23.811174392700195,9.938350677490234
reaction:1106,XPhos,4,,11.65330714,12.790266036987305,11.75322151184082
reaction:1107,XPhos,2,,22.58353247,25.844951629638672,18.09540367126465
reaction:1108,XPhos,2,,35.26155109,34.23109436035156,12.41667366027832
reaction:1109,XPhos,4,,0.275668441,0.6431045532226562,11.26708984375
reaction:1110,XPhos,4,,4.057606054,4.940240859985352,14.065354347229004
reaction:1111,XPhos,2,,8.039691846,13.937641143798828,11.908498764038086
reaction:1112,XPhos,4,,2.547971795,3.3839893341064453,12.995424270629883
reaction:1113,XPhos,1,,17.09448081,19.933521270751953,11.90648078918457
reaction:1114,XPhos,3,,30.59514524,44.294654846191406,13.259065628051758
reaction:1115,XPhos,3,,26.31222578,23.143680572509766,12.930371284484863
reaction:1116,XPhos,1,,50.09944792,41.194969177246094,12.459369659423828
reaction:1117,XPhos,0,,55.00354925,51.70822525024414,15.323674201965332
reaction:1118,XPhos,0,,6.968929302,7.06434440612793,11.939948081970215
reaction:1119,XPhos,1,,18.1188647,20.109676361083984,11.9282865524292
reaction:1120,XPhos,3,,29.06844689,33.916786193847656,12.3206148147583
reaction:1121,XPhos,2,,1.25144582,10.438497543334961,24.244304656982422
reaction:1122,XPhos,1,,8.110761371,2.991395950317383,21.248825073242188
reaction:1123,XPhos,3,,9.109122278,14.65103530883789,21.203046798706055
reaction:1124,XPhos,1,,0.121773863,6.345541000366211,21.19478416442871
reaction:1125,XPhos,0,,3.267294839,0.9225921630859375,22.109298706054688
reaction:1126,XPhos,4,,9.105544009,3.7765235900878906,20.688758850097656
reaction:1127,XPhos,1,,0.689951869,8.185543060302734,23.56562042236328
reaction:1128,XPhos,3,,8.876631997,12.873735427856445,20.003101348876953
reaction:1129,XPhos,2,,6.083579291,14.504142761230469,18.045501708984375
reaction:1130,XPhos,0,,7.972544215,1.3017463684082031,20.705127716064453
reaction:1131,XPhos,1,,11.17697809,11.935018539428711,18.75413703918457
reaction:1132,XPhos,4,,13.03686492,12.154287338256836,20.94773292541504
reaction:1133,XPhos,2,,3.23775549,12.008304595947266,24.16761589050293
reaction:1134,XPhos,1,,7.996830791,7.229953765869141,22.031635284423828
reaction:1135,XPhos,2,,9.676524882,13.932075500488281,19.694013595581055
reaction:1136,XPhos,2,,0.0,3.9477291107177734,21.5226993560791
reaction:1137,XPhos,1,,3.342369627,6.75560188293457,20.196252822875977
reaction:1138,XPhos,0,,23.70536277,12.369747161865234,22.041831970214844
reaction:1139,XPhos,0,,0.0,7.596063613891602,21.765239715576172
reaction:1140,XPhos,3,,0.0,3.275026321411133,20.894113540649414
reaction:1141,XPhos,2,,1.742923089,7.368841171264648,16.18338966369629
reaction:1142,XPhos,4,,0.0,0.8384895324707031,20.917240142822266
reaction:1143,XPhos,0,,1.132043957,3.4924354553222656,20.520076751708984
reaction:1144,XPhos,4,,4.889819476,-1.4667510986328125,18.886693954467773
reaction:1145,XPhos,0,,4.510171982,10.504112243652344,20.642112731933594
reaction:1146,XPhos,1,,34.38173794,38.549171447753906,18.42507553100586
reaction:1147,XPhos,4,,42.29478749,36.90519332885742,19.960092544555664
reaction:1148,XPhos,0,,0.0,1.8252601623535156,21.212478637695312
reaction:1149,XPhos,1,,5.948041851,4.625392913818359,20.24072265625
reaction:1150,XPhos,0,,8.970807297999999,16.048906326293945,21.39376449584961
reaction:1151,XPhos,1,,0.0,2.010316848754883,21.170846939086914
reaction:1152,XPhos,2,,3.074612079,0.09446334838867188,18.836862564086914
reaction:1153,XPhos,1,,14.24693951,24.0967960357666,20.525503158569336
reaction:1154,XPhos,0,,0.0,7.656587600708008,21.61562156677246
reaction:1155,XPhos,2,,0.0,-5.883068084716797,15.986368179321289
reaction:1156,XPhos,2,,0.878081853,3.5483875274658203,16.239717483520508
reaction:1157,XPhos,0,,0.0,1.4565773010253906,21.287078857421875
reaction:1158,XPhos,2,,0.830867403,-2.2845535278320312,13.308621406555176
reaction:1159,XPhos,0,,2.902396599,16.40068817138672,21.072898864746094
reaction:1160,XPhos,0,,6.536001371,13.552249908447266,20.827533721923828
reaction:1161,XPhos,2,,46.544616600000005,28.828453063964844,13.24689769744873
reaction:1162,XPhos,0,,46.08846314,46.637386322021484,21.441936492919922
reaction:1163,XPhos,1,,0.0,0.144989013671875,21.162628173828125
reaction:1164,XPhos,3,,3.074693717,7.026784896850586,20.502368927001953
reaction:1165,XPhos,0,,5.085670913,20.125944137573242,21.283185958862305
reaction:1166,XPhos,2,,18.46507819,16.420757293701172,20.727191925048828
reaction:1167,XPhos,0,,13.47157217,27.182865142822266,13.906739234924316
reaction:1168,XPhos,0,,37.38354754,42.16508102416992,15.979558944702148
reaction:1169,XPhos,0,,1.208332351,1.3330230712890625,16.074424743652344
reaction:1170,XPhos,3,,39.67142934,23.967878341674805,14.047281265258789
reaction:1171,XPhos,2,,41.17834608,27.46441650390625,15.342357635498047
reaction:1172,XPhos,0,,10.30004263,6.453845977783203,17.381988525390625
reaction:1173,XPhos,3,,61.72597738,48.649757385253906,11.717853546142578
reaction:1174,XPhos,4,,62.91956913,55.502418518066406,12.716730117797852
reaction:1175,XPhos,1,,19.78619625,32.243831634521484,11.911431312561035
reaction:1176,XPhos,0,,23.5354934,38.706512451171875,11.354691505432129
reaction:1177,XPhos,3,,21.9180702,36.132049560546875,13.323878288269043
reaction:1178,XPhos,1,,47.96214472,22.111263275146484,13.523085594177246
reaction:1179,XPhos,1,,27.15198165,27.727153778076172,16.412240982055664
reaction:1180,XPhos,2,,76.45126838,40.27552795410156,10.744644165039062
reaction:1181,XPhos,2,,0.0,13.719017028808594,13.306434631347656
reaction:1182,XPhos,0,,30.36311877,26.719703674316406,10.894553184509277
reaction:1183,XPhos,4,,31.86956379,35.90780258178711,15.905081748962402
reaction:1184,XPhos,2,,0.5424974920000001,0.8939170837402344,12.484747886657715
reaction:1185,XPhos,0,,14.09805788,14.09616470336914,15.400595664978027
reaction:1186,XPhos,0,,17.10738006,20.906023025512695,13.548481941223145
reaction:1187,XPhos,3,,3.019148584,2.7651844024658203,10.987180709838867
reaction:1188,XPhos,0,,33.44114491,31.175506591796875,11.77505111694336
reaction:1189,XPhos,2,,35.15374563,35.541839599609375,13.104365348815918
reaction:1190,XPhos,0,,24.23900204,25.491233825683594,12.389790534973145
reaction:1191,XPhos,2,,43.49187499,43.09393310546875,12.167638778686523
reaction:1192,XPhos,2,,48.23965662,45.36469650268555,13.344779014587402
reaction:1193,XPhos,2,,14.0670777,19.724918365478516,13.98864459991455
reaction:1194,XPhos,4,,26.30947521,25.444564819335938,12.275556564331055
reaction:1195,XPhos,0,,35.92744664,40.89420700073242,12.141403198242188
reaction:1196,XPhos,2,,12.90070345,14.039989471435547,12.847650527954102
reaction:1197,XPhos,2,,25.0144043,30.359466552734375,18.264432907104492
reaction:1198,XPhos,3,,42.53147932,40.31729507446289,12.26313304901123
reaction:1199,XPhos,3,,0.44794504,1.1152381896972656,12.364485740661621
reaction:1200,XPhos,4,,12.94497014,18.473833084106445,14.41608715057373
reaction:1201,XPhos,1,,24.71545556,22.094585418701172,13.534811973571777
reaction:1202,XPhos,0,,2.841459947,3.6825294494628906,11.185698509216309
reaction:1203,XPhos,2,,36.58244249,34.21265411376953,11.781089782714844
reaction:1204,XPhos,2,,64.13599101,53.26041030883789,12.597055435180664
reaction:1205,XPhos,4,,32.16531055,33.26453399658203,12.22204875946045
reaction:1206,XPhos,3,,51.64764803,55.03606414794922,12.4412841796875
reaction:1207,XPhos,1,,58.39892185,62.24159622192383,14.091845512390137
reaction:1208,XPhos,2,,13.37572764,18.10749053955078,13.828307151794434
reaction:1209,XPhos,3,,30.61273502,29.868810653686523,12.297673225402832
reaction:1210,XPhos,4,,47.66948987,46.14807891845703,10.90204906463623
reaction:1211,XPhos,2,,9.055172217,9.085695266723633,21.648426055908203
reaction:1212,XPhos,2,,8.916453721,4.236412048339844,18.412317276000977
reaction:1213,XPhos,4,,8.674987339,12.711099624633789,18.046131134033203
reaction:1214,XPhos,0,,1.468935867,0.5709381103515625,18.235633850097656
reaction:1215,XPhos,4,,2.627491811,3.9833946228027344,17.60917854309082
reaction:1216,XPhos,3,,4.471163192,6.046241760253906,16.65662384033203
reaction:1217,XPhos,4,,6.90640733,3.578815460205078,22.49279022216797
reaction:1218,XPhos,3,,8.653540466,18.763120651245117,14.898887634277344
reaction:1219,XPhos,1,,10.22354965,21.837493896484375,16.16867446899414
reaction:1220,XPhos,0,,7.147436012000001,-2.1472930908203125,14.55117416381836
reaction:1221,XPhos,0,,9.80291595,-0.52838134765625,14.233933448791504
reaction:1222,XPhos,2,,10.13794025,3.0500125885009766,15.904304504394531
reaction:1223,XPhos,1,,3.031273928,11.875541687011719,16.42525863647461
reaction:1224,XPhos,1,,4.546819288,7.050373077392578,18.23724365234375
reaction:1225,XPhos,1,,8.546147234,18.548500061035156,18.937538146972656
reaction:1226,XPhos,1,,7.131859569,10.319953918457031,14.848165512084961
reaction:1227,XPhos,2,,17.58389829,21.465490341186523,16.37604331970215
reaction:1228,XPhos,1,,26.35991815,16.584619522094727,17.0378360748291
reaction:1229,XPhos,0,,0.0,1.1627197265625,15.000657081604004
reaction:1230,XPhos,0,,0.665064231,5.760908126831055,16.735252380371094
reaction:1231,XPhos,1,,2.871965335,4.609914779663086,15.334378242492676
reaction:1232,XPhos,2,,0.0,4.360509872436523,14.67715072631836
reaction:1233,XPhos,4,,4.892554111,12.792238235473633,15.099225997924805
reaction:1234,XPhos,1,,8.121165956,2.8469161987304688,16.077468872070312
reaction:1235,XPhos,2,,11.68964545,13.08180046081543,14.005340576171875
reaction:1236,XPhos,3,,24.97534285,24.59579086303711,15.267755508422852
reaction:1237,XPhos,2,,29.2582978,21.015026092529297,14.87783432006836
reaction:1238,XPhos,2,,0.894637207,4.145112991333008,16.45534896850586
reaction:1239,XPhos,2,,2.546576237,10.844369888305664,14.368964195251465
reaction:1240,XPhos,3,,7.473385241,8.491449356079102,14.961592674255371
reaction:1241,XPhos,0,,9.967512853,6.330259323120117,14.435401916503906
reaction:1242,XPhos,3,,17.78386933,17.29363250732422,15.64872932434082
reaction:1243,XPhos,3,,18.90594075,28.316165924072266,15.367749214172363
reaction:1244,XPhos,2,,0.0,0.5404586791992188,15.625128746032715
reaction:1245,XPhos,2,,2.7859919960000004,-5.320095062255859,15.069875717163086
reaction:1246,XPhos,2,,3.936030958,1.5138263702392578,14.342671394348145
reaction:1247,XPhos,0,,3.462173057,0.3665924072265625,14.67878246307373
reaction:1248,XPhos,1,,12.57060724,3.470438003540039,13.994258880615234
reaction:1249,XPhos,3,,12.67179243,26.240392684936523,15.635188102722168
reaction:1250,XPhos,4,,14.22488447,10.761064529418945,15.37850570678711
reaction:1251,XPhos,3,,19.78249574,32.3425407409668,15.093926429748535
reaction:1252,XPhos,1,,23.41994655,38.0858039855957,16.194456100463867
reaction:1253,XPhos,2,,6.131625875,0.9983673095703125,16.3389892578125
reaction:1254,XPhos,0,,9.894361569,5.259757995605469,14.141547203063965
reaction:1255,XPhos,0,,12.53742021,11.914178848266602,14.30671501159668
reaction:1256,t-BuXPhos,0,,9.616112883,10.122180938720703,17.704710006713867
reaction:1257,t-BuXPhos,3,,13.66496862,14.586585998535156,15.517862319946289
reaction:1258,t-BuXPhos,4,,11.85429164,13.554933547973633,16.200525283813477
reaction:1259,t-BuXPhos,1,,2.579332416,-0.44788360595703125,17.886852264404297
reaction:1260,t-BuXPhos,3,,16.4358293,16.708755493164062,15.109052658081055
reaction:1261,t-BuXPhos,0,,18.29616546,17.624483108520508,14.22536849975586
reaction:1262,t-BuXPhos,1,,2.8893303610000003,2.937469482421875,18.163759231567383
reaction:1263,t-BuXPhos,3,,19.25650723,30.05298614501953,12.325384140014648
reaction:1264,t-BuXPhos,4,,19.42489921,30.088537216186523,13.147427558898926
reaction:1265,t-BuXPhos,4,,30.38899776,26.724151611328125,12.6543607711792
reaction:1266,t-BuXPhos,2,,38.88072897,32.318946838378906,11.56966495513916
reaction:1267,t-BuXPhos,3,,40.27887601,35.14229965209961,13.738343238830566
reaction:1268,t-BuXPhos,0,,11.94269708,17.770431518554688,16.081647872924805
reaction:1269,t-BuXPhos,2,,21.93776353,35.695945739746094,19.24936866760254
reaction:1270,t-BuXPhos,4,,23.04134387,40.083526611328125,17.154401779174805
reaction:1271,t-BuXPhos,4,,10.309392,17.04084587097168,12.343214988708496
reaction:1272,t-BuXPhos,0,,32.25917309,30.156112670898438,11.181953430175781
reaction:1273,t-BuXPhos,1,,36.38251036,36.42599868774414,16.21735954284668
reaction:1274,t-BuXPhos,1,,0.321740184,0.4627838134765625,12.915192604064941
reaction:1275,t-BuXPhos,4,,33.60384304,32.72235870361328,14.170454025268555
reaction:1276,t-BuXPhos,3,,42.00742206,39.83481216430664,14.694682121276855
reaction:1277,t-BuXPhos,1,,1.095223411,1.437164306640625,11.545727729797363
reaction:1278,t-BuXPhos,4,,52.43953497,50.771026611328125,12.226743698120117
reaction:1279,t-BuXPhos,0,,54.90007838,55.147369384765625,13.266977310180664
reaction:1280,t-BuXPhos,1,,54.22895975,53.09087371826172,12.467366218566895
reaction:1281,t-BuXPhos,1,,63.56431346,64.10377502441406,12.660378456115723
reaction:1282,t-BuXPhos,0,,63.2869505,59.55132293701172,13.377021789550781
reaction:1283,t-BuXPhos,0,,12.05436323,26.551250457763672,12.695900917053223
reaction:1284,t-BuXPhos,4,,57.02971842,62.636775970458984,12.086650848388672
reaction:1285,t-BuXPhos,2,,54.65489395,58.43014144897461,11.472899436950684
reaction:1286,t-BuXPhos,2,,23.76547665,16.48150634765625,12.330121994018555
reaction:1287,t-BuXPhos,1,,35.88987774,40.199806213378906,11.889813423156738
reaction:1288,t-BuXPhos,3,,46.36906778,44.33543014526367,12.84231185913086
reaction:1289,t-BuXPhos,1,,0.8572553079999999,1.74737548828125,12.307107925415039
reaction:1290,t-BuXPhos,0,,44.39407022,44.85849380493164,11.658126831054688
reaction:1291,t-BuXPhos,4,,53.10447809,49.42068099975586,14.576396942138672
reaction:1292,t-BuXPhos,4,,5.49871711,4.241827011108398,13.408537864685059
reaction:1293,t-BuXPhos,2,,68.26027768,65.57278442382812,11.439871788024902
reaction:1294,t-BuXPhos,4,,67.19924832,67.98649597167969,12.523225784301758
reaction:1295,t-BuXPhos,0,,73.07610721,79.16388702392578,12.371857643127441
reaction:1296,t-BuXPhos,1,,81.15618498,84.25727844238281,12.525407791137695
reaction:1297,t-BuXPhos,1,,79.52732954,86.96446990966797,14.554706573486328
reaction:1298,t-BuXPhos,3,,39.62688642,20.189640045166016,12.161335945129395
reaction:1299,t-BuXPhos,2,,82.02772208,77.70124816894531,11.25710391998291
reaction:1300,t-BuXPhos,2,,86.76211847,74.86262512207031,11.24667739868164
reaction:1301,t-BuXPhos,1,,10.05139356,9.705598831176758,22.912439346313477
reaction:1302,t-BuXPhos,4,,12.33593597,4.589834213256836,20.81892967224121
reaction:1303,t-BuXPhos,0,,10.49048013,13.363666534423828,21.808128356933594
reaction:1304,t-BuXPhos,1,,0.970983294,6.518749237060547,23.266141891479492
reaction:1305,t-BuXPhos,1,,13.33701887,8.574703216552734,21.751970291137695
reaction:1306,t-BuXPhos,1,,17.14482537,10.610321044921875,22.026159286499023
reaction:1307,t-BuXPhos,3,,4.522238884,4.705728530883789,23.121173858642578
reaction:1308,t-BuXPhos,4,,14.62829911,11.251066207885742,19.074947357177734
reaction:1309,t-BuXPhos,4,,13.95628888,23.66257095336914,19.61467742919922
reaction:1310,t-BuXPhos,4,,19.47556274,6.251598358154297,19.317808151245117
reaction:1311,t-BuXPhos,0,,21.66443641,28.528886795043945,20.15791893005371
reaction:1312,t-BuXPhos,0,,18.99441923,39.33918762207031,20.56650161743164
reaction:1313,t-BuXPhos,2,,12.14875689,14.126375198364258,24.887208938598633
reaction:1314,t-BuXPhos,0,,14.44407911,28.700748443603516,21.18317413330078
reaction:1315,t-BuXPhos,0,,11.72782605,33.118797302246094,22.155916213989258
reaction:1316,t-BuXPhos,2,,0.330501293,12.929367065429688,22.064346313476562
reaction:1317,t-BuXPhos,0,,5.800095284,14.678119659423828,20.344322204589844
reaction:1318,t-BuXPhos,1,,9.518190042,18.63323974609375,21.9564208984375
reaction:1319,t-BuXPhos,1,,0.0,-0.09958267211914062,21.559852600097656
reaction:1320,t-BuXPhos,2,,6.77799041,0.7351264953613281,20.889997482299805
reaction:1321,t-BuXPhos,0,,14.9053934,18.866640090942383,20.28631019592285
reaction:1322,t-BuXPhos,3,,0.0,-2.3586807250976562,20.968551635742188
reaction:1323,t-BuXPhos,4,,12.68915479,9.212520599365234,17.268461227416992
reaction:1324,t-BuXPhos,3,,30.40581968,45.70335006713867,18.264554977416992
reaction:1325,t-BuXPhos,2,,8.246523526,0.3449821472167969,19.559112548828125
reaction:1326,t-BuXPhos,2,,36.7072802,35.07841873168945,19.363628387451172
reaction:1327,t-BuXPhos,3,,54.29333472,51.53553771972656,18.28415298461914
reaction:1328,t-BuXPhos,4,,0.0,-6.0814666748046875,20.406482696533203
reaction:1329,t-BuXPhos,1,,19.13564251,29.169635772705078,21.056774139404297
reaction:1330,t-BuXPhos,0,,13.7385945,35.4672737121582,20.535507202148438
reaction:1331,t-BuXPhos,2,,0.419612341,18.302093505859375,22.062219619750977
reaction:1332,t-BuXPhos,0,,11.85943612,24.82651138305664,20.24717903137207
reaction:1333,t-BuXPhos,3,,33.82793233,22.458871841430664,20.139501571655273
reaction:1334,t-BuXPhos,3,,0.0,2.144643783569336,20.797330856323242
reaction:1335,t-BuXPhos,1,,13.87014343,23.63009262084961,21.589786529541016
reaction:1336,t-BuXPhos,1,,33.28584241,29.532678604125977,22.333133697509766
reaction:1337,t-BuXPhos,4,,0.0,4.056486129760742,20.899824142456055
reaction:1338,t-BuXPhos,3,,24.59821074,33.811859130859375,18.4361572265625
reaction:1339,t-BuXPhos,2,,66.86881109,43.119140625,19.877634048461914
reaction:1340,t-BuXPhos,1,,14.03184959,38.72642135620117,19.507295608520508
reaction:1341,t-BuXPhos,4,,60.85990802,53.80083465576172,16.987552642822266
reaction:1342,t-BuXPhos,1,,80.53864746,73.6436996459961,19.7659969329834
reaction:1343,t-BuXPhos,0,,0.0,12.39456558227539,21.250484466552734
reaction:1344,t-BuXPhos,0,,46.74806516,38.100181579589844,20.285364151000977
reaction:1345,t-BuXPhos,0,,45.53588257,53.532257080078125,20.5323543548584
reaction:1346,t-BuXPhos,2,,21.18588073,26.864437103271484,21.62600326538086
reaction:1347,t-BuXPhos,3,,23.00642082,42.476470947265625,15.142240524291992
reaction:1348,t-BuXPhos,0,,39.51659226,43.300350189208984,14.228007316589355
reaction:1349,t-BuXPhos,0,,2.048615833,2.441030502319336,20.48868179321289
reaction:1350,t-BuXPhos,1,,44.92520247,49.227142333984375,15.328761100769043
reaction:1351,t-BuXPhos,3,,47.05254638,49.64556121826172,14.795055389404297
reaction:1352,t-BuXPhos,2,,13.82100293,8.002653121948242,15.828603744506836
reaction:1353,t-BuXPhos,0,,72.6088082,66.38798522949219,11.082818984985352
reaction:1354,t-BuXPhos,3,,69.38989345,66.25624084472656,13.131165504455566
reaction:1355,t-BuXPhos,2,,62.426823,66.50422668457031,12.236104011535645
reaction:1356,t-BuXPhos,1,,76.21686958,71.82868957519531,12.150860786437988
reaction:1357,t-BuXPhos,4,,70.35430221,71.38119506835938,14.646897315979004
reaction:1358,t-BuXPhos,0,,59.99235473,28.08731460571289,15.31270694732666
reaction:1359,t-BuXPhos,2,,75.38356191,61.42549133300781,19.365283966064453
reaction:1360,t-BuXPhos,3,,78.29631742,64.8084716796875,16.278345108032227
reaction:1361,t-BuXPhos,0,,26.29043032,20.09921646118164,10.639341354370117
reaction:1362,t-BuXPhos,1,,34.77458228,30.8990421295166,11.13679313659668
reaction:1363,t-BuXPhos,0,,37.39782282,37.84676742553711,12.586385726928711
reaction:1364,t-BuXPhos,1,,0.96264489,0.68011474609375,12.500372886657715
reaction:1365,t-BuXPhos,2,,39.32908802,36.502017974853516,15.192039489746094
reaction:1366,t-BuXPhos,1,,40.32887688,43.05235290527344,15.264693260192871
reaction:1367,t-BuXPhos,0,,4.451923676,3.6942272186279297,12.984929084777832
reaction:1368,t-BuXPhos,4,,61.04819615,57.207008361816406,12.222368240356445
reaction:1369,t-BuXPhos,2,,59.7575144,67.26199340820312,13.746628761291504
reaction:1370,t-BuXPhos,3,,57.84627264,59.21737289428711,12.456460952758789
reaction:1371,t-BuXPhos,2,,65.93366748,68.57200622558594,11.673856735229492
reaction:1372,t-BuXPhos,2,,63.71103229,66.9345703125,14.147130966186523
reaction:1373,t-BuXPhos,0,,38.01577432,30.521114349365234,11.515419006347656
reaction:1374,t-BuXPhos,3,,66.05788910000001,63.60602569580078,11.161828994750977
reaction:1375,t-BuXPhos,2,,62.40731324,70.11906433105469,11.667679786682129
reaction:1376,t-BuXPhos,4,,28.72536954,29.574033737182617,12.248584747314453
reaction:1377,t-BuXPhos,2,,34.91231211,36.574951171875,11.26129150390625
reaction:1378,t-BuXPhos,1,,45.90687609,43.73606872558594,16.288970947265625
reaction:1379,t-BuXPhos,3,,1.413781414,1.865011215209961,13.28833293914795
reaction:1380,t-BuXPhos,2,,50.43757677,45.43068313598633,14.958292961120605
reaction:1381,t-BuXPhos,2,,52.0133379,46.72042465209961,13.634109497070312
reaction:1382,t-BuXPhos,4,,5.620589612000001,7.147422790527344,13.467788696289062
reaction:1383,t-BuXPhos,3,,73.06292012,72.21072387695312,12.220186233520508
reaction:1384,t-BuXPhos,0,,75.59377488,72.60984802246094,12.566323280334473
reaction:1385,t-BuXPhos,0,,76.3025428,81.47669982910156,11.56535816192627
reaction:1386,t-BuXPhos,0,,80.02551627,86.28071594238281,11.425484657287598
reaction:1387,t-BuXPhos,4,,83.65366275,86.49811553955078,14.419218063354492
reaction:1388,t-BuXPhos,3,,45.11238212,42.96533966064453,11.466094970703125
reaction:1389,t-BuXPhos,2,,78.61845192,83.53413391113281,11.644822120666504
reaction:1390,t-BuXPhos,3,,84.40416295,80.29106140136719,11.8309326171875
reaction:1391,t-BuXPhos,3,,8.912186757,7.65308952331543,21.36256980895996
reaction:1392,t-BuXPhos,4,,10.72342611,7.442155838012695,17.507387161254883
reaction:1393,t-BuXPhos,1,,11.81277895,7.176416397094727,18.1475830078125
reaction:1394,t-BuXPhos,3,,1.84960131,1.1863441467285156,21.49314308166504
reaction:1395,t-BuXPhos,4,,9.065649451,5.929067611694336,17.550931930541992
reaction:1396,t-BuXPhos,1,,13.83920399,9.218732833862305,17.112218856811523
reaction:1397,t-BuXPhos,4,,4.278834497,1.2947120666503906,18.665760040283203
reaction:1398,t-BuXPhos,4,,16.48404533,20.712602615356445,15.606480598449707
reaction:1399,t-BuXPhos,4,,17.45236147,21.676769256591797,16.102474212646484
reaction:1400,t-BuXPhos,0,,18.18990312,15.428888320922852,14.170660972595215
reaction:1401,t-BuXPhos,3,,23.65087488,25.060596466064453,14.636116027832031
reaction:1402,t-BuXPhos,1,,26.69194458,29.270713806152344,16.786266326904297
reaction:1403,t-BuXPhos,1,,8.194090633,15.671564102172852,20.67363166809082
reaction:1404,t-BuXPhos,1,,14.81646107,34.64143753051758,19.334453582763672
reaction:1405,t-BuXPhos,2,,16.67869351,33.212745666503906,17.732181549072266
reaction:1406,t-BuXPhos,3,,4.385154303,9.534357070922852,15.320693969726562
reaction:1407,t-BuXPhos,2,,27.07281953,26.975786209106445,14.10506534576416
reaction:1408,t-BuXPhos,2,,30.11809644,32.0126838684082,15.093692779541016
reaction:1409,t-BuXPhos,0,,0.0,3.703144073486328,15.200787544250488
reaction:1410,t-BuXPhos,3,,25.94022732,20.70144271850586,16.676034927368164
reaction:1411,t-BuXPhos,1,,35.19969401,30.10322380065918,17.401891708374023
reaction:1412,t-BuXPhos,0,,0.478819391,11.692037582397461,15.829275131225586
reaction:1413,t-BuXPhos,1,,47.92550874,40.93267059326172,15.377126693725586
reaction:1414,t-BuXPhos,2,,50.62222146,49.576133728027344,16.01144790649414
reaction:1415,t-BuXPhos,4,,38.10999093,45.32459259033203,15.216581344604492
reaction:1416,t-BuXPhos,1,,54.30595244,56.578407287597656,15.439517974853516
reaction:1417,t-BuXPhos,0,,57.95225277,60.38852310180664,14.06381893157959
reaction:1418,t-BuXPhos,4,,3.496970929,16.310178756713867,15.62375259399414
reaction:1419,t-BuXPhos,4,,46.50216111,50.16084671020508,15.821290016174316
reaction:1420,t-BuXPhos,3,,49.89638876,57.73521423339844,14.619627952575684
reaction:1421,t-BuXPhos,4,,14.03295033,13.173145294189453,15.647619247436523
reaction:1422,t-BuXPhos,4,,33.32323005,34.93195724487305,15.262152671813965
reaction:1423,t-BuXPhos,4,,44.03901684,40.67107009887695,17.527700424194336
reaction:1424,t-BuXPhos,3,,4.510108394,1.6601943969726562,16.278034210205078
reaction:1425,t-BuXPhos,2,,31.15457228,39.71592330932617,16.80224609375
reaction:1426,t-BuXPhos,2,,42.55967392,45.312034606933594,15.970174789428711
reaction:1427,t-BuXPhos,4,,16.12823791,4.088230133056641,16.64704132080078
reaction:1428,t-BuXPhos,4,,58.864107,64.068359375,15.360748291015625
reaction:1429,t-BuXPhos,0,,61.87528527,64.00304412841797,13.993727684020996
reaction:1430,t-BuXPhos,1,,63.35366236,68.09912872314453,15.08617115020752
reaction:1431,t-BuXPhos,2,,81.85780625,74.00699615478516,14.247056007385254
reaction:1432,t-BuXPhos,3,,86.21496371,79.28411865234375,15.459944725036621
reaction:1433,t-BuXPhos,2,,26.57993699,16.46222686767578,15.525362014770508
reaction:1434,t-BuXPhos,4,,73.72948461,67.19120025634766,15.567090034484863
reaction:1435,t-BuXPhos,2,,77.85078652,68.82843017578125,14.544270515441895
reaction:1436,t-BuBrettPhos,4,,3.167837071,-8.608715057373047,19.299072265625
reaction:1437,t-BuBrettPhos,3,,1.983204496,-5.031883239746094,14.657798767089844
reaction:1438,t-BuBrettPhos,2,,2.106143629,1.128225326538086,14.686100959777832
reaction:1439,t-BuBrettPhos,2,,0.295056228,-1.4904747009277344,12.402077674865723
reaction:1440,t-BuBrettPhos,0,,9.853260903,7.76945686340332,15.026129722595215
reaction:1441,t-BuBrettPhos,3,,9.685019183,9.11197280883789,15.054618835449219
reaction:1442,t-BuBrettPhos,0,,2.658633939,1.323568344116211,17.21070098876953
reaction:1443,t-BuBrettPhos,3,,14.46737016,19.038166046142578,12.31549072265625
reaction:1444,t-BuBrettPhos,1,,17.15607423,26.207176208496094,13.912631034851074
reaction:1445,t-BuBrettPhos,3,,28.40072634,25.945064544677734,12.651691436767578
reaction:1446,t-BuBrettPhos,2,,32.01759643,32.26341247558594,11.444487571716309
reaction:1447,t-BuBrettPhos,3,,39.75657581,31.874019622802734,14.028716087341309
reaction:1448,t-BuBrettPhos,0,,1.859601121,-4.007026672363281,17.187929153442383
reaction:1449,t-BuBrettPhos,0,,3.947187556,18.215526580810547,16.957149505615234
reaction:1450,t-BuBrettPhos,4,,5.007207988,20.568389892578125,16.243812561035156
reaction:1451,t-BuBrettPhos,3,,2.874679313,3.231689453125,11.807811737060547
reaction:1452,t-BuBrettPhos,3,,28.48464058,24.728496551513672,11.87675666809082
reaction:1453,t-BuBrettPhos,4,,35.59381518,34.79999542236328,13.113289833068848
reaction:1454,t-BuBrettPhos,4,,0.0,0.7263717651367188,12.532818794250488
reaction:1455,t-BuBrettPhos,0,,19.70724871,26.461923599243164,14.038289070129395
reaction:1456,t-BuBrettPhos,0,,37.2145199,36.868614196777344,13.60894775390625
reaction:1457,t-BuBrettPhos,1,,5.4796607260000005,3.1595497131347656,11.910545349121094
reaction:1458,t-BuBrettPhos,0,,38.82629912,44.83375549316406,12.208202362060547
reaction:1459,t-BuBrettPhos,0,,64.96884309,57.3629035949707,12.542850494384766
reaction:1460,t-BuBrettPhos,4,,42.31281665,48.428741455078125,12.749443054199219
reaction:1461,t-BuBrettPhos,3,,57.9744807,56.007469177246094,12.385492324829102
reaction:1462,t-BuBrettPhos,1,,65.15148191,59.737709045410156,13.30371379852295
reaction:1463,t-BuBrettPhos,3,,3.551606076,6.823831558227539,12.927443504333496
reaction:1464,t-BuBrettPhos,2,,53.91867484,58.018394470214844,11.42613410949707
reaction:1465,t-BuBrettPhos,1,,62.34681732,64.2982177734375,11.645959854125977
reaction:1466,t-BuBrettPhos,2,,4.68080841,8.960121154785156,11.657015800476074
reaction:1467,t-BuBrettPhos,1,,29.59583126,37.87858963012695,11.947035789489746
reaction:1468,t-BuBrettPhos,0,,43.56818344,46.67953109741211,11.951088905334473
reaction:1469,t-BuBrettPhos,1,,0.0,0.9396095275878906,11.648713111877441
reaction:1470,t-BuBrettPhos,0,,35.46998729,42.058349609375,13.542950630187988
reaction:1471,t-BuBrettPhos,2,,49.74093184,46.99544906616211,14.888079643249512
reaction:1472,t-BuBrettPhos,1,,5.688672061,5.432064056396484,11.843632698059082
reaction:1473,t-BuBrettPhos,2,,64.99704829,62.18372344970703,11.418822288513184
reaction:1474,t-BuBrettPhos,1,,75.71719698,79.2109375,13.996734619140625
reaction:1475,t-BuBrettPhos,1,,77.92695821,75.3868408203125,12.3095703125
reaction:1476,t-BuBrettPhos,4,,88.82757824,84.38642883300781,12.414618492126465
reaction:1477,t-BuBrettPhos,0,,84.31065923,93.27249145507812,13.222023010253906
reaction:1478,t-BuBrettPhos,2,,8.955957809,9.676164627075195,11.161654472351074
reaction:1479,t-BuBrettPhos,3,,80.64990682,73.06035614013672,12.26169204711914
reaction:1480,t-BuBrettPhos,4,,92.20931063,83.6985855102539,11.403016090393066
reaction:1481,t-BuBrettPhos,3,,2.887815395,-0.20218276977539062,22.50203514099121
reaction:1482,t-BuBrettPhos,1,,11.65626027,-1.2461318969726562,21.023780822753906
reaction:1483,t-BuBrettPhos,0,,12.51034862,9.473470687866211,20.892784118652344
reaction:1484,t-BuBrettPhos,2,,0.1532427999999999,5.065914154052734,22.22774314880371
reaction:1485,t-BuBrettPhos,1,,10.4212352,1.9959850311279297,19.584312438964844
reaction:1486,t-BuBrettPhos,3,,15.44371593,8.94333267211914,19.721637725830078
reaction:1487,t-BuBrettPhos,3,,1.034854608,5.0088653564453125,20.822467803955078
reaction:1488,t-BuBrettPhos,1,,15.70792465,6.323465347290039,18.573223114013672
reaction:1489,t-BuBrettPhos,0,,11.23128528,31.91656494140625,20.17229461669922
reaction:1490,t-BuBrettPhos,0,,13.20129952,18.15435028076172,19.973588943481445
reaction:1491,t-BuBrettPhos,4,,14.46827704,21.479320526123047,15.220813751220703
reaction:1492,t-BuBrettPhos,0,,13.88482007,34.39537811279297,20.11728286743164
reaction:1493,t-BuBrettPhos,3,,6.968372781,1.3939285278320312,22.712421417236328
reaction:1494,t-BuBrettPhos,3,,15.40870509,0.010616302490234375,20.728973388671875
reaction:1495,t-BuBrettPhos,3,,14.85665703,6.204797744750977,20.992504119873047
reaction:1496,t-BuBrettPhos,1,,0.0,6.961332321166992,21.178909301757812
reaction:1497,t-BuBrettPhos,3,,4.220973073,9.288721084594727,17.65986442565918
reaction:1498,t-BuBrettPhos,3,,11.98186799,24.397598266601562,17.631534576416016
reaction:1499,t-BuBrettPhos,1,,0.0,0.3102302551269531,20.796703338623047
reaction:1500,t-BuBrettPhos,0,,3.378377543,-3.2497100830078125,19.452638626098633
reaction:1501,t-BuBrettPhos,2,,15.30703648,14.878026962280273,19.812904357910156
reaction:1502,t-BuBrettPhos,2,,3.549284452,1.6924324035644531,21.419694900512695
reaction:1503,t-BuBrettPhos,1,,7.705318498,0.6247749328613281,15.238287925720215
reaction:1504,t-BuBrettPhos,4,,41.94054392,23.283767700195312,14.28879165649414
reaction:1505,t-BuBrettPhos,0,,9.609943508,1.7293987274169922,17.94589614868164
reaction:1506,t-BuBrettPhos,3,,15.35251148,26.780311584472656,15.394325256347656
reaction:1507,t-BuBrettPhos,4,,43.16671419,46.774658203125,15.082024574279785
reaction:1508,t-BuBrettPhos,3,,0.0,-0.0606536865234375,20.607959747314453
reaction:1509,t-BuBrettPhos,4,,11.61765415,28.37190055847168,18.618675231933594
reaction:1510,t-BuBrettPhos,3,,12.24697181,11.127382278442383,18.411144256591797
reaction:1511,t-BuBrettPhos,1,,0.413827697,10.497854232788086,21.199405670166016
reaction:1512,t-BuBrettPhos,1,,9.508022367,16.019311904907227,17.6339168548584
reaction:1513,t-BuBrettPhos,0,,32.14841463,23.06830596923828,19.15010643005371
reaction:1514,t-BuBrettPhos,2,,0.0,2.5335006713867188,21.70743751525879
reaction:1515,t-BuBrettPhos,2,,7.275251821,19.603498458862305,18.122406005859375
reaction:1516,t-BuBrettPhos,2,,35.33585167,30.774442672729492,20.195722579956055
reaction:1517,t-BuBrettPhos,1,,3.20619178,5.89906120300293,20.95849609375
reaction:1518,t-BuBrettPhos,2,,16.32124134,29.897743225097656,16.722110748291016
reaction:1519,t-BuBrettPhos,4,,73.16269955,40.61915588378906,13.975397109985352
reaction:1520,t-BuBrettPhos,4,,21.81045338,34.24546813964844,13.038725852966309
reaction:1521,t-BuBrettPhos,0,,48.23235239,37.66240692138672,18.08475685119629
reaction:1522,t-BuBrettPhos,3,,78.78970759,59.34437561035156,16.611900329589844
reaction:1523,t-BuBrettPhos,0,,0.0,6.144193649291992,21.060810089111328
reaction:1524,t-BuBrettPhos,4,,12.90161423,44.23957443237305,18.56664276123047
reaction:1525,t-BuBrettPhos,1,,26.6793303,35.214290618896484,18.224702835083008
reaction:1526,t-BuBrettPhos,3,,8.171441333999999,9.71685791015625,18.136384963989258
reaction:1527,t-BuBrettPhos,2,,19.65092582,32.32088088989258,15.89460277557373
reaction:1528,t-BuBrettPhos,1,,39.13544884,40.8701286315918,15.275243759155273
reaction:1529,t-BuBrettPhos,4,,0.0,1.2233715057373047,16.85042953491211
reaction:1530,t-BuBrettPhos,0,,47.81434881,49.827842712402344,14.431084632873535
reaction:1531,t-BuBrettPhos,4,,48.36396181,49.682395935058594,13.857348442077637
reaction:1532,t-BuBrettPhos,1,,1.372286353,8.057489395141602,14.620797157287598
reaction:1533,t-BuBrettPhos,3,,67.28395541,70.51643371582031,11.4557523727417
reaction:1534,t-BuBrettPhos,1,,74.23518284,68.99490356445312,13.802657127380371
reaction:1535,t-BuBrettPhos,0,,73.53944548,77.27118682861328,11.946927070617676
reaction:1536,t-BuBrettPhos,0,,79.65524299,77.14794921875,11.477519989013672
reaction:1537,t-BuBrettPhos,2,,84.58893866,80.28916931152344,14.573162078857422
reaction:1538,t-BuBrettPhos,3,,8.990373152,11.268770217895508,17.62264060974121
reaction:1539,t-BuBrettPhos,2,,48.47717448,43.2540283203125,18.069612503051758
reaction:1540,t-BuBrettPhos,4,,70.14574928,55.618621826171875,16.2611141204834
reaction:1541,t-BuBrettPhos,3,,16.06858475,10.950531005859375,11.305951118469238
reaction:1542,t-BuBrettPhos,1,,33.41994964,29.069232940673828,11.545434951782227
reaction:1543,t-BuBrettPhos,1,,36.38014621,39.6815071105957,13.610121726989746
reaction:1544,t-BuBrettPhos,4,,0.35921569,1.1321525573730469,12.657373428344727
reaction:1545,t-BuBrettPhos,0,,38.49679424,37.155677795410156,13.105311393737793
reaction:1546,t-BuBrettPhos,1,,40.47969677,42.46244430541992,11.95991039276123
reaction:1547,t-BuBrettPhos,0,,5.094725505,4.476123809814453,11.025626182556152
reaction:1548,t-BuBrettPhos,1,,59.16896654,54.52418518066406,11.972743034362793
reaction:1549,t-BuBrettPhos,1,,65.19833527,67.156494140625,13.859911918640137
reaction:1550,t-BuBrettPhos,2,,57.83107149,54.460105895996094,11.739404678344727
reaction:1551,t-BuBrettPhos,4,,62.53871196,65.44387817382812,12.617171287536621
reaction:1552,t-BuBrettPhos,2,,65.59087383,68.76036071777344,12.699483871459961
reaction:1553,t-BuBrettPhos,0,,21.23653704,14.176944732666016,10.53158187866211
reaction:1554,t-BuBrettPhos,2,,61.27839379,66.66339111328125,11.852934837341309
reaction:1555,t-BuBrettPhos,2,,63.81281277,73.11614990234375,11.656618118286133
reaction:1556,t-BuBrettPhos,3,,14.2414228,13.276203155517578,11.614657402038574
reaction:1557,t-BuBrettPhos,0,,33.56777138,38.439361572265625,10.810686111450195
reaction:1558,t-BuBrettPhos,3,,45.52244321,45.23912048339844,12.196144104003906
reaction:1559,t-BuBrettPhos,2,,0.49264217,1.3014774322509766,11.41356086730957
reaction:1560,t-BuBrettPhos,2,,52.14134094,48.235530853271484,13.511552810668945
reaction:1561,t-BuBrettPhos,3,,49.57379186,49.139068603515625,13.096359252929688
reaction:1562,t-BuBrettPhos,1,,7.18319285,6.590145111083984,11.386554718017578
reaction:1563,t-BuBrettPhos,4,,75.03674068,73.3208999633789,12.179577827453613
reaction:1564,t-BuBrettPhos,2,,79.76639273,78.3815689086914,12.31928825378418
reaction:1565,t-BuBrettPhos,0,,79.07949659,83.92816162109375,10.64021110534668
reaction:1566,t-BuBrettPhos,4,,86.78620377,91.40641784667969,12.655367851257324
reaction:1567,t-BuBrettPhos,3,,89.32312927,91.03699493408203,13.233440399169922
reaction:1568,t-BuBrettPhos,4,,20.99661905,21.732563018798828,11.3587007522583
reaction:1569,t-BuBrettPhos,3,,86.07412603,80.40234375,11.663973808288574
reaction:1570,t-BuBrettPhos,2,,93.58777419,93.94063568115234,12.256096839904785
reaction:1571,t-BuBrettPhos,3,,6.945630992999999,-2.0232696533203125,19.650165557861328
reaction:1572,t-BuBrettPhos,1,,8.368171473,-3.617534637451172,18.321508407592773
reaction:1573,t-BuBrettPhos,1,,10.75855339,3.3591442108154297,17.207279205322266
reaction:1574,t-BuBrettPhos,3,,0.5287626999999999,0.6290130615234375,19.07583999633789
reaction:1575,t-BuBrettPhos,1,,9.492103343,3.3831310272216797,16.919723510742188
reaction:1576,t-BuBrettPhos,1,,12.42396719,9.265417098999023,16.528995513916016
reaction:1577,t-BuBrettPhos,1,,3.257714985,5.019731521606445,17.186006546020508
reaction:1578,t-BuBrettPhos,4,,15.67304028,11.900333404541016,15.030861854553223
reaction:1579,t-BuBrettPhos,3,,16.97838607,26.88068962097168,15.2855863571167
reaction:1580,t-BuBrettPhos,4,,16.31613355,16.580486297607422,15.254461288452148
reaction:1581,t-BuBrettPhos,2,,19.93006899,26.202939987182617,14.569751739501953
reaction:1582,t-BuBrettPhos,2,,24.6686189,37.426612854003906,16.598318099975586
reaction:1583,t-BuBrettPhos,3,,7.371601311,1.5629749298095703,19.480764389038086
reaction:1584,t-BuBrettPhos,4,,10.88559026,9.089202880859375,18.983524322509766
reaction:1585,t-BuBrettPhos,0,,13.183779800000002,16.962848663330078,16.922801971435547
reaction:1586,t-BuBrettPhos,0,,0.8718207459999999,4.170843124389648,15.086442947387695
reaction:1587,t-BuBrettPhos,2,,10.20185762,15.767213821411133,15.760786056518555
reaction:1588,t-BuBrettPhos,2,,28.77460219,30.5427188873291,16.158672332763672
reaction:1589,t-BuBrettPhos,4,,0.0,1.360147476196289,15.950179100036621
reaction:1590,t-BuBrettPhos,1,,4.728362295,6.793909072875977,15.097563743591309
reaction:1591,t-BuBrettPhos,0,,35.24488191,19.302196502685547,15.797135353088379
reaction:1592,t-BuBrettPhos,0,,4.103392125,8.546220779418945,14.601251602172852
reaction:1593,t-BuBrettPhos,0,,10.36729294,20.603439331054688,14.577231407165527
reaction:1594,t-BuBrettPhos,0,,56.21933491,36.21256637573242,15.15393352508545
reaction:1595,t-BuBrettPhos,0,,13.57914578,20.696147918701172,14.6056547164917
reaction:1596,t-BuBrettPhos,4,,24.95867786,24.084774017333984,15.281099319458008
reaction:1597,t-BuBrettPhos,2,,49.7806525,54.44526672363281,15.662583351135254
reaction:1598,t-BuBrettPhos,3,,0.0,7.467370986938477,15.826616287231445
reaction:1599,t-BuBrettPhos,4,,26.20309393,28.788860321044922,15.17113208770752
reaction:1600,t-BuBrettPhos,4,,40.57039192,43.848541259765625,15.201956748962402
reaction:1601,t-BuBrettPhos,2,,7.387205125,7.239768981933594,15.013568878173828
reaction:1602,t-BuBrettPhos,2,,22.3492694,23.933456420898438,15.337398529052734
reaction:1603,t-BuBrettPhos,1,,47.05511825,37.0499382019043,15.971549034118652
reaction:1604,t-BuBrettPhos,1,,0.987020024,0.9994907379150391,14.87764835357666
reaction:1605,t-BuBrettPhos,1,,17.55880282,20.898509979248047,15.127307891845703
reaction:1606,t-BuBrettPhos,0,,43.58283319,32.361106872558594,15.7880220413208
reaction:1607,t-BuBrettPhos,2,,12.47762059,6.485057830810547,14.75892448425293
reaction:1608,t-BuBrettPhos,0,,32.02304313,42.07301712036133,14.455859184265137
reaction:1609,t-BuBrettPhos,0,,72.70979963,55.416770935058594,14.844345092773438
reaction:1610,t-BuBrettPhos,0,,36.05565123,51.32612609863281,14.465448379516602
reaction:1611,t-BuBrettPhos,2,,46.16924796,55.68932342529297,14.587127685546875
reaction:1612,t-BuBrettPhos,4,,87.75322874,72.06379699707031,16.308027267456055
reaction:1613,t-BuBrettPhos,3,,24.93118771,10.638883590698242,15.46412467956543
reaction:1614,t-BuBrettPhos,2,,45.52509107,48.372337341308594,14.615971565246582
reaction:1615,t-BuBrettPhos,4,,70.18702806,63.715309143066406,15.385422706604004
reaction:1616,AdBrettPhos,0,,1.918248424,-6.886711120605469,17.949787139892578
reaction:1617,AdBrettPhos,3,,2.933858815,-11.158405303955078,14.889018058776855
reaction:1618,AdBrettPhos,0,,3.446957245,-0.5782737731933594,15.12292766571045
reaction:1619,AdBrettPhos,1,,0.0,-1.9784584045410156,18.647132873535156
reaction:1620,AdBrettPhos,1,,7.829216765,0.6719894409179688,13.848746299743652
reaction:1621,AdBrettPhos,3,,11.24955158,11.164705276489258,14.729205131530762
reaction:1622,AdBrettPhos,0,,0.628858286,-3.050823211669922,20.028135299682617
reaction:1623,AdBrettPhos,0,,12.30029297,16.9808349609375,12.057805061340332
reaction:1624,AdBrettPhos,3,,17.30024922,23.419185638427734,13.791143417358398
reaction:1625,AdBrettPhos,1,,17.08713871,17.278343200683594,12.552408218383789
reaction:1626,AdBrettPhos,4,,21.75875381,22.2871036529541,12.109376907348633
reaction:1627,AdBrettPhos,1,,27.05720868,30.27192497253418,13.477161407470703
reaction:1628,AdBrettPhos,1,,2.029011587,-3.040515899658203,14.963422775268555
reaction:1629,AdBrettPhos,4,,3.679918653,17.252025604248047,15.519918441772461
reaction:1630,AdBrettPhos,0,,5.39705828,23.515766143798828,16.002819061279297
reaction:1631,AdBrettPhos,3,,3.399446884,4.482814788818359,12.681105613708496
reaction:1632,AdBrettPhos,3,,24.03126631,20.896339416503906,11.78719425201416
reaction:1633,AdBrettPhos,2,,37.04718214,31.18625831604004,12.456368446350098
reaction:1634,AdBrettPhos,4,,0.0,0.7588882446289062,11.872519493103027
reaction:1635,AdBrettPhos,4,,20.36820588,27.384475708007812,12.041082382202148
reaction:1636,AdBrettPhos,0,,37.1376218,34.69243621826172,12.375898361206055
reaction:1637,AdBrettPhos,3,,0.375286042,1.1412887573242188,11.917218208312988
reaction:1638,AdBrettPhos,0,,34.22216946,39.259700775146484,11.872143745422363
reaction:1639,AdBrettPhos,0,,60.33199916,55.772789001464844,12.013193130493164
reaction:1640,AdBrettPhos,4,,28.41978949,30.889129638671875,12.636565208435059
reaction:1641,AdBrettPhos,3,,37.45572206,41.114749908447266,12.141822814941406
reaction:1642,AdBrettPhos,4,,46.33728613,49.05521774291992,13.688461303710938
reaction:1643,AdBrettPhos,4,,3.063860217,7.968221664428711,12.545937538146973
reaction:1644,AdBrettPhos,4,,43.8122723,54.56428527832031,12.13833236694336
reaction:1645,AdBrettPhos,4,,54.92415457,63.63138961791992,11.351391792297363
reaction:1646,AdBrettPhos,1,,7.259820865,7.458028793334961,11.717653274536133
reaction:1647,AdBrettPhos,2,,29.47262424,40.34517288208008,13.116438865661621
reaction:1648,AdBrettPhos,3,,47.11942721,51.205841064453125,12.350502014160156
reaction:1649,AdBrettPhos,2,,0.382305168,1.3819942474365234,11.936705589294434
reaction:1650,AdBrettPhos,2,,42.90896956,41.183536529541016,13.571736335754395
reaction:1651,AdBrettPhos,4,,50.10463357,52.52503967285156,13.456103324890137
reaction:1652,AdBrettPhos,1,,1.379250532,2.4640159606933594,11.25334644317627
reaction:1653,AdBrettPhos,4,,66.71317285,56.21937561035156,11.830316543579102
reaction:1654,AdBrettPhos,2,,76.22505116,82.59127807617188,12.241114616394043
reaction:1655,AdBrettPhos,1,,70.04834525,64.95394897460938,12.242274284362793
reaction:1656,AdBrettPhos,4,,82.57086092,76.28550720214844,12.633548736572266
reaction:1657,AdBrettPhos,2,,90.31730943,94.45716857910156,13.070404052734375
reaction:1658,AdBrettPhos,0,,11.31144666,7.173852920532227,12.213652610778809
reaction:1659,AdBrettPhos,3,,79.68761126,62.79994201660156,12.059965133666992
reaction:1660,AdBrettPhos,3,,91.69839995,79.5346450805664,11.72584056854248
reaction:1661,AdBrettPhos,4,,1.069060713,-3.2477951049804688,22.735658645629883
reaction:1662,AdBrettPhos,0,,5.105134806000001,-4.763542175292969,21.176332473754883
reaction:1663,AdBrettPhos,4,,3.280980517,0.7985725402832031,18.36385726928711
reaction:1664,AdBrettPhos,3,,0.0,3.6642398834228516,21.271404266357422
reaction:1665,AdBrettPhos,4,,3.302452152,-4.956424713134766,17.502395629882812
reaction:1666,AdBrettPhos,0,,11.0075153,3.6809539794921875,20.63702392578125
reaction:1667,AdBrettPhos,1,,0.8366448879999999,2.3263092041015625,21.639671325683594
reaction:1668,AdBrettPhos,3,,7.242678118,-0.031162261962890625,18.465723037719727
reaction:1669,AdBrettPhos,0,,7.957289224,22.707744598388672,20.252256393432617
reaction:1670,AdBrettPhos,0,,5.427048525,7.943693161010742,19.76542091369629
reaction:1671,AdBrettPhos,2,,4.952408524,10.251691818237305,17.865312576293945
reaction:1672,AdBrettPhos,3,,6.244420827999999,21.28129768371582,19.409456253051758
reaction:1673,AdBrettPhos,1,,0.750246803,3.029754638671875,22.097782135009766
reaction:1674,AdBrettPhos,1,,5.82300352,4.80894660949707,21.825597763061523
reaction:1675,AdBrettPhos,3,,6.214566797000001,11.855098724365234,21.039167404174805
reaction:1676,AdBrettPhos,3,,0.0,-6.2125244140625,20.474924087524414
reaction:1677,AdBrettPhos,1,,3.160193721,8.106462478637695,19.001792907714844
reaction:1678,AdBrettPhos,3,,8.104754995,14.573848724365234,18.043651580810547
reaction:1679,AdBrettPhos,0,,0.0,0.4212303161621094,21.175003051757812
reaction:1680,AdBrettPhos,3,,2.004686227,-17.713260650634766,17.917236328125
reaction:1681,AdBrettPhos,4,,6.894237827,20.081466674804688,14.946335792541504
reaction:1682,AdBrettPhos,2,,0.0,-0.7311935424804688,21.480710983276367
reaction:1683,AdBrettPhos,3,,4.677881799,-18.552574157714844,16.667816162109375
reaction:1684,AdBrettPhos,0,,16.33859929,45.84633255004883,18.534391403198242
reaction:1685,AdBrettPhos,3,,3.547951578,-23.576934814453125,16.849422454833984
reaction:1686,AdBrettPhos,2,,7.467378263,5.138124465942383,16.50767707824707
reaction:1687,AdBrettPhos,2,,15.10235685,14.220552444458008,17.985383987426758
reaction:1688,AdBrettPhos,3,,0.0,-2.5763702392578125,20.780759811401367
reaction:1689,AdBrettPhos,3,,6.275458681,14.917221069335938,19.10529136657715
reaction:1690,AdBrettPhos,1,,6.702513015,23.338787078857422,18.85415267944336
reaction:1691,AdBrettPhos,0,,0.299153601,5.125173568725586,20.879846572875977
reaction:1692,AdBrettPhos,1,,6.9479336,21.831865310668945,19.225296020507812
reaction:1693,AdBrettPhos,0,,39.56647024,22.85073471069336,19.367971420288086
reaction:1694,AdBrettPhos,2,,0.0,1.9533023834228516,21.849903106689453
reaction:1695,AdBrettPhos,1,,4.988380083,18.03851318359375,17.46834945678711
reaction:1696,AdBrettPhos,0,,39.27719826,23.670764923095703,19.03839683532715
reaction:1697,AdBrettPhos,0,,0.0,2.4887218475341797,21.095949172973633
reaction:1698,AdBrettPhos,1,,10.46965924,27.94747543334961,16.348119735717773
reaction:1699,AdBrettPhos,1,,70.2716235,40.02912521362305,17.653427124023438
reaction:1700,AdBrettPhos,0,,13.55922704,32.00870895385742,18.49596405029297
reaction:1701,AdBrettPhos,0,,36.35900481,38.15188217163086,18.32085418701172
reaction:1702,AdBrettPhos,2,,79.01720716,49.71788024902344,17.45270538330078
reaction:1703,AdBrettPhos,1,,0.0,4.775957107543945,20.793014526367188
reaction:1704,AdBrettPhos,3,,14.39054676,35.3754997253418,19.00133514404297
reaction:1705,AdBrettPhos,4,,47.30915738,29.436738967895508,17.878538131713867
reaction:1706,AdBrettPhos,2,,1.831351486,9.512189865112305,16.641185760498047
reaction:1707,AdBrettPhos,1,,9.025273637,32.02455139160156,14.192313194274902
reaction:1708,AdBrettPhos,1,,31.74709006,42.312950134277344,14.934569358825684
reaction:1709,AdBrettPhos,1,,0.0,1.618795394897461,18.56011390686035
reaction:1710,AdBrettPhos,4,,45.98289688,41.26484298706055,13.780896186828613
reaction:1711,AdBrettPhos,1,,46.93920076,53.645294189453125,14.567169189453125
reaction:1712,AdBrettPhos,0,,0.66547915,1.8655204772949219,19.65040397644043
reaction:1713,AdBrettPhos,1,,61.80395318,69.84617614746094,12.045225143432617
reaction:1714,AdBrettPhos,1,,68.3339655,72.29200744628906,14.001551628112793
reaction:1715,AdBrettPhos,0,,70.41045785,61.94654083251953,11.582196235656738
reaction:1716,AdBrettPhos,0,,77.6347291,68.47062683105469,11.401376724243164
reaction:1717,AdBrettPhos,4,,79.76966371,70.69454956054688,14.00729751586914
reaction:1718,AdBrettPhos,4,,1.779970363,9.569541931152344,17.433578491210938
reaction:1719,AdBrettPhos,1,,31.49662818,46.67853927612305,16.454303741455078
reaction:1720,AdBrettPhos,0,,70.31871872,58.049034118652344,15.344673156738281
reaction:1721,AdBrettPhos,2,,9.550418032,8.22567367553711,12.724656105041504
reaction:1722,AdBrettPhos,0,,33.30841773,24.45577621459961,11.081157684326172
reaction:1723,AdBrettPhos,4,,34.84480888,34.98147964477539,13.619226455688477
reaction:1724,AdBrettPhos,3,,0.319224301,0.059833526611328125,11.492632865905762
reaction:1725,AdBrettPhos,1,,31.39385907,31.229825973510742,12.480320930480957
reaction:1726,AdBrettPhos,4,,35.25588385,38.25102233886719,13.56493091583252
reaction:1727,AdBrettPhos,0,,1.279456438,0.4758415222167969,10.601070404052734
reaction:1728,AdBrettPhos,3,,50.41927701,43.7249755859375,11.862317085266113
reaction:1729,AdBrettPhos,1,,57.65452227,61.689056396484375,13.848402976989746
reaction:1730,AdBrettPhos,2,,33.09635306,38.62659454345703,11.839188575744629
reaction:1731,AdBrettPhos,4,,40.91072057,48.075374603271484,12.595060348510742
reaction:1732,AdBrettPhos,1,,46.38749412,51.4534797668457,13.11016845703125
reaction:1733,AdBrettPhos,2,,13.31813914,8.085550308227539,11.582305908203125
reaction:1734,AdBrettPhos,3,,53.12382569,62.15143585205078,11.197822570800781
reaction:1735,AdBrettPhos,2,,57.26273694,67.70138549804688,11.552891731262207
reaction:1736,AdBrettPhos,1,,10.68115857,11.383886337280273,11.517464637756348
reaction:1737,AdBrettPhos,1,,33.95037625,43.4656867980957,12.042394638061523
reaction:1738,AdBrettPhos,1,,47.09445645,52.64778137207031,13.131710052490234
reaction:1739,AdBrettPhos,0,,0.492662711,1.1562919616699219,10.059469223022461
reaction:1740,AdBrettPhos,4,,48.41843845,45.88508987426758,11.840988159179688
reaction:1741,AdBrettPhos,3,,50.21013597,52.10948181152344,12.148721694946289
reaction:1742,AdBrettPhos,2,,1.542228309,2.6957473754882812,11.868793487548828
reaction:1743,AdBrettPhos,1,,74.39518038,69.45932006835938,11.990910530090332
reaction:1744,AdBrettPhos,0,,76.98654081,80.94110107421875,11.86263656616211
reaction:1745,AdBrettPhos,0,,75.55480498,70.62908935546875,11.447599411010742
reaction:1746,AdBrettPhos,0,,87.36384149,82.11518859863281,10.886916160583496
reaction:1747,AdBrettPhos,0,,86.76065944,94.127685546875,11.49074935913086
reaction:1748,AdBrettPhos,0,,11.83956232,13.710811614990234,10.999239921569824
reaction:1749,AdBrettPhos,0,,83.80386815,75.38522338867188,10.696709632873535
reaction:1750,AdBrettPhos,3,,92.12702212,84.6235122680664,11.051886558532715
reaction:1751,AdBrettPhos,2,,3.449624718,-0.714996337890625,18.47587776184082
reaction:1752,AdBrettPhos,2,,3.932288397,-11.05685043334961,18.042699813842773
reaction:1753,AdBrettPhos,0,,5.419599738,2.0239791870117188,16.895099639892578
reaction:1754,AdBrettPhos,1,,0.0,0.11865997314453125,20.083446502685547
reaction:1755,AdBrettPhos,0,,4.7783658,-0.7471923828125,16.435897827148438
reaction:1756,AdBrettPhos,4,,8.071196301,9.238424301147461,15.862717628479004
reaction:1757,AdBrettPhos,3,,0.526967727,-2.280261993408203,16.5599365234375
reaction:1758,AdBrettPhos,1,,9.746425367,10.038108825683594,14.822965621948242
reaction:1759,AdBrettPhos,1,,14.43785417,21.68588638305664,16.192506790161133
reaction:1760,AdBrettPhos,3,,8.586375019,9.41642951965332,14.820929527282715
reaction:1761,AdBrettPhos,0,,11.06445724,17.99994659423828,14.736918449401855
reaction:1762,AdBrettPhos,0,,15.42196799,24.85249137878418,15.753716468811035
reaction:1763,AdBrettPhos,0,,2.238996806,-0.7684593200683594,16.952852249145508
reaction:1764,AdBrettPhos,0,,8.862814973999999,2.742725372314453,16.06711769104004
reaction:1765,AdBrettPhos,1,,10.829637599999998,19.433359146118164,16.497684478759766
reaction:1766,AdBrettPhos,4,,0.432282788,2.188993453979492,15.260390281677246
reaction:1767,AdBrettPhos,0,,4.469322068,11.273628234863281,14.747763633728027
reaction:1768,AdBrettPhos,0,,18.53801466,25.067764282226562,14.279057502746582
reaction:1769,AdBrettPhos,0,,0.0,0.6573486328125,14.309246063232422
reaction:1770,AdBrettPhos,3,,3.046255894,-1.9411888122558594,15.006343841552734
reaction:1771,AdBrettPhos,3,,24.02218457,18.346466064453125,14.931459426879883
reaction:1772,AdBrettPhos,3,,0.0,-0.5345840454101562,14.87221908569336
reaction:1773,AdBrettPhos,2,,5.605744575,9.075010299682617,14.74596881866455
reaction:1774,AdBrettPhos,3,,39.2434395,38.795772552490234,14.866786003112793
reaction:1775,AdBrettPhos,3,,3.747141461000001,-7.528850555419922,14.355145454406738
reaction:1776,AdBrettPhos,0,,6.703331473,10.824129104614258,14.10278606414795
reaction:1777,AdBrettPhos,1,,17.35228888,25.189054489135742,15.368350982666016
reaction:1778,AdBrettPhos,3,,0.0,3.4673995971679688,15.972153663635254
reaction:1779,AdBrettPhos,4,,12.57405954,16.731006622314453,15.717020988464355
reaction:1780,AdBrettPhos,4,,29.29764197,39.525753021240234,15.004433631896973
reaction:1781,AdBrettPhos,1,,6.92498784,4.640844345092773,14.920592308044434
reaction:1782,AdBrettPhos,0,,19.60222309,23.366500854492188,15.054397583007812
reaction:1783,AdBrettPhos,4,,43.94123378,33.74934005737305,16.025283813476562
reaction:1784,AdBrettPhos,2,,1.061200258,1.2550468444824219,15.276325225830078
reaction:1785,AdBrettPhos,2,,17.8480573,19.223567962646484,16.34745979309082
reaction:1786,AdBrettPhos,4,,39.0058585,38.527713775634766,15.166677474975586
reaction:1787,AdBrettPhos,0,,2.373221649,2.5411128997802734,14.474771499633789
reaction:1788,AdBrettPhos,2,,29.36083658,31.239078521728516,14.867203712463379
reaction:1789,AdBrettPhos,2,,68.1907703,57.842010498046875,15.539531707763672
reaction:1790,AdBrettPhos,1,,29.35743486,36.50719451904297,14.527527809143066
reaction:1791,AdBrettPhos,0,,35.64598437,50.92140579223633,14.208317756652832
reaction:1792,AdBrettPhos,1,,77.54677515,64.47322082519531,15.402420997619629
reaction:1793,AdBrettPhos,3,,7.732563505,6.271907806396484,15.804733276367188
reaction:1794,AdBrettPhos,1,,36.03481726,38.29343795776367,14.193979263305664
reaction:1795,AdBrettPhos,0,,63.99072189,58.962318420410156,14.101961135864258
reaction:1796,XPhos,3,,0.0,8.154680252075195,17.108068466186523
reaction:1797,XPhos,4,,0.296524645,-5.245990753173828,13.812348365783691
reaction:1798,XPhos,1,,0.0,7.21626091003418,18.29720687866211
reaction:1799,XPhos,0,,0.0,-0.9705924987792969,17.538105010986328
reaction:1800,XPhos,0,,0.0,-8.754451751708984,16.42912483215332
reaction:1801,XPhos,2,,0.0,-4.105220794677734,15.954076766967773
reaction:1802,XPhos,4,,0.0,0.01988983154296875,21.984285354614258
reaction:1803,XPhos,2,,0.0,11.699426651000977,12.726022720336914
reaction:1804,XPhos,0,,0.0,16.508686065673828,14.482087135314941
reaction:1805,XPhos,4,,0.0,-9.957969665527344,14.142766952514648
reaction:1806,XPhos,0,,0.0,-3.5684127807617188,13.544806480407715
reaction:1807,XPhos,1,,0.0,-1.932037353515625,17.443519592285156
reaction:1808,XPhos,4,,0.0,8.319629669189453,20.157514572143555
reaction:1809,XPhos,4,,0.0,1.405792236328125,18.813039779663086
reaction:1810,XPhos,4,,0.0,22.3887996673584,17.114871978759766
reaction:1811,XPhos,3,,17.36491347,18.625930786132812,13.745323181152344
reaction:1812,XPhos,2,,27.46647446,34.273048400878906,15.391887664794922
reaction:1813,XPhos,3,,34.89767991,42.312828063964844,12.72325611114502
reaction:1814,XPhos,0,,0.426836265,1.3489437103271484,13.939948081970215
reaction:1815,XPhos,0,,9.912732719,9.976957321166992,16.6943359375
reaction:1816,XPhos,2,,21.7977125,16.554479598999023,13.787302017211914
reaction:1817,XPhos,2,,2.86790041,3.497577667236328,12.52231502532959
reaction:1818,XPhos,0,,34.68012306,24.736797332763672,13.637529373168945
reaction:1819,XPhos,0,,42.17741181,30.482791900634766,15.178595542907715
reaction:1820,XPhos,1,,26.14998957,33.348934173583984,16.298507690429688
reaction:1821,XPhos,0,,49.4018977,43.98516082763672,13.977520942687988
reaction:1822,XPhos,4,,40.9724255,51.35789489746094,15.596842765808105
reaction:1823,XPhos,4,,11.67138777,9.46688461303711,14.647871017456055
reaction:1824,XPhos,2,,26.55730378,21.98147201538086,12.612812042236328
reaction:1825,XPhos,4,,38.4179882,30.5725154876709,13.245917320251465
reaction:1826,XPhos,0,,18.14790513,16.16008186340332,13.411921501159668
reaction:1827,XPhos,2,,31.22142105,30.745615005493164,18.68425178527832
reaction:1828,XPhos,0,,45.90521481,38.042823791503906,17.288787841796875
reaction:1829,XPhos,2,,0.344428756,1.0432777404785156,13.75227165222168
reaction:1830,XPhos,2,,6.408110436,8.747114181518555,13.77109432220459
reaction:1831,XPhos,4,,15.48048004,21.165874481201172,15.761801719665527
reaction:1832,XPhos,4,,2.68757234,3.537473678588867,14.786530494689941
reaction:1833,XPhos,3,,23.14452899,29.080902099609375,12.942612648010254
reaction:1834,XPhos,0,,50.86354716,44.272743225097656,15.370908737182617
reaction:1835,XPhos,1,,28.88381703,34.053863525390625,16.221471786499023
reaction:1836,XPhos,3,,51.52656955,52.60752868652344,12.878704071044922
reaction:1837,XPhos,3,,59.0740653,48.68791580200195,13.973923683166504
reaction:1838,XPhos,4,,8.431077782000001,8.2667236328125,14.60972785949707
reaction:1839,XPhos,3,,22.07470925,25.929397583007812,13.807741165161133
reaction:1840,XPhos,1,,34.74690376,41.5313835144043,16.599262237548828
reaction:1841,XPhos,4,,11.13292009,9.842840194702148,18.86724853515625
reaction:1842,XPhos,3,,15.0324858,9.067838668823242,17.809831619262695
reaction:1843,XPhos,1,,14.02259716,17.151750564575195,17.506410598754883
reaction:1844,XPhos,2,,3.02090007,2.6766700744628906,23.710691452026367
reaction:1845,XPhos,1,,9.070205476,8.128847122192383,18.093442916870117
reaction:1846,XPhos,3,,6.9996798810000005,9.239538192749023,16.518653869628906
reaction:1847,XPhos,0,,14.86219247,4.464948654174805,19.686649322509766
reaction:1848,XPhos,0,,19.33424545,24.77098846435547,14.873147010803223
reaction:1849,XPhos,4,,12.44362591,30.92422103881836,15.994526863098145
reaction:1850,XPhos,1,,12.438351,5.894794464111328,15.015055656433105
reaction:1851,XPhos,3,,18.58444117,6.895807266235352,14.951736450195312
reaction:1852,XPhos,1,,17.39978172,7.939428329467773,16.948020935058594
reaction:1853,XPhos,2,,17.22825534,12.385049819946289,22.001699447631836
reaction:1854,XPhos,3,,8.798104801000001,8.499086380004883,18.57328224182129
reaction:1855,XPhos,4,,11.59336493,30.0731201171875,18.551708221435547
reaction:1856,XPhos,1,,2.550915003,8.78251838684082,15.12830638885498
reaction:1857,XPhos,1,,9.795326165,20.711933135986328,15.067471504211426
reaction:1858,XPhos,1,,19.55154349,13.535594940185547,16.6929988861084
reaction:1859,XPhos,0,,0.0,0.42108154296875,15.848148345947266
reaction:1860,XPhos,4,,0.602239969,-1.2266807556152344,17.06741714477539
reaction:1861,XPhos,0,,2.613234135,0.9777259826660156,16.83500862121582
reaction:1862,XPhos,1,,0.0,1.5519657135009766,15.29514217376709
reaction:1863,XPhos,4,,3.339136515,9.480829238891602,15.608404159545898
reaction:1864,XPhos,4,,3.546985039,13.327194213867188,15.209222793579102
reaction:1865,XPhos,1,,10.00194934,6.395946502685547,14.41443157196045
reaction:1866,XPhos,2,,18.5257144,21.788734436035156,14.978314399719238
reaction:1867,XPhos,2,,21.49059564,15.575967788696289,15.878174781799316
reaction:1868,XPhos,4,,1.445871909,3.892118453979492,16.41058921813965
reaction:1869,XPhos,1,,0.929191796,8.427864074707031,14.665729522705078
reaction:1870,XPhos,3,,3.66151941,15.224214553833008,14.941354751586914
reaction:1871,XPhos,0,,10.78337463,6.897106170654297,15.526795387268066
reaction:1872,XPhos,2,,27.09846988,16.47637367248535,19.63864517211914
reaction:1873,XPhos,0,,23.3532112,30.037527084350586,18.45145606994629
reaction:1874,XPhos,3,,0.0,1.1538829803466797,15.59700870513916
reaction:1875,XPhos,1,,5.298016227,4.843395233154297,17.19645881652832
reaction:1876,XPhos,4,,10.26938874,9.00341796875,16.947141647338867
reaction:1877,XPhos,2,,1.52899949,2.631366729736328,15.704340934753418
reaction:1878,XPhos,0,,19.26994536,13.072664260864258,15.460592269897461
reaction:1879,XPhos,0,,30.9794262,25.830411911010742,16.879486083984375
reaction:1880,XPhos,4,,18.83260332,19.353435516357422,16.123905181884766
reaction:1881,XPhos,2,,28.69582004,36.6279296875,14.740533828735352
reaction:1882,XPhos,0,,28.02951353,40.72547149658203,17.51961326599121
reaction:1883,XPhos,1,,4.247160433,4.016567230224609,14.936175346374512
reaction:1884,XPhos,1,,18.76658525,14.662771224975586,15.073412895202637
reaction:1885,XPhos,2,,26.7561311,16.963932037353516,15.0560302734375
reaction:1886,XPhos,0,,0.522267307,8.54770278930664,21.331029891967773
reaction:1887,XPhos,4,,0.0,-4.640071868896484,21.20716667175293
reaction:1888,XPhos,2,,0.0,6.229280471801758,20.60295867919922
reaction:1889,XPhos,2,,0.0,6.458293914794922,25.221141815185547
reaction:1890,XPhos,2,,0.0,1.0474796295166016,19.77100372314453
reaction:1891,XPhos,0,,0.0,-0.5332107543945312,20.673851013183594
reaction:1892,XPhos,0,,0.0,5.840265274047852,22.450674057006836
reaction:1893,XPhos,2,,0.0,11.37884521484375,18.792583465576172
reaction:1894,XPhos,3,,0.0,10.147321701049805,20.485660552978516
reaction:1895,XPhos,0,,0.0,-6.978931427001953,19.687429428100586
reaction:1896,XPhos,3,,0.0,-8.312992095947266,19.808900833129883
reaction:1897,XPhos,4,,0.0,-8.60373306274414,21.493003845214844
reaction:1898,XPhos,1,,0.0,10.595878601074219,22.379470825195312
reaction:1899,XPhos,1,,0.0,4.391441345214844,22.412179946899414
reaction:1900,XPhos,0,,0.0,15.012105941772461,21.159639358520508
reaction:1901,XPhos,1,,0.7575191240000001,7.82258415222168,21.399953842163086
reaction:1902,XPhos,0,,0.5467913839999999,16.128419876098633,19.415769577026367
reaction:1903,XPhos,4,,0.70766924,7.073421478271484,21.911853790283203
reaction:1904,XPhos,4,,0.0,0.9634857177734375,20.9910831451416
reaction:1905,XPhos,4,,0.0,-5.219440460205078,21.665307998657227
reaction:1906,XPhos,1,,1.933202382,-1.1224861145019531,21.338003158569336
reaction:1907,XPhos,2,,0.0,2.5241317749023438,20.935190200805664
reaction:1908,XPhos,3,,1.204026973,3.373992919921875,19.31861114501953
reaction:1909,XPhos,1,,0.602410789,-0.9660301208496094,20.79581069946289
reaction:1910,XPhos,1,,0.0,-5.462902069091797,20.438676834106445
reaction:1911,XPhos,4,,1.437346554,12.75994873046875,20.396696090698242
reaction:1912,XPhos,0,,1.530768374,3.1109561920166016,19.730775833129883
reaction:1913,XPhos,0,,0.0,3.5658607482910156,19.910655975341797
reaction:1914,XPhos,3,,0.0,2.744365692138672,20.1248722076416
reaction:1915,XPhos,0,,0.027450906,11.321146011352539,20.27350616455078
reaction:1916,XPhos,1,,16.82018282,11.353267669677734,21.469839096069336
reaction:1917,XPhos,4,,21.42393699,9.646326065063477,20.849721908569336
reaction:1918,XPhos,0,,19.15166059,10.431131362915039,20.605236053466797
reaction:1919,XPhos,2,,0.423167396,2.2863731384277344,21.397001266479492
reaction:1920,XPhos,2,,4.73013199,7.069602966308594,16.789533615112305
reaction:1921,XPhos,3,,9.35930625,9.129549026489258,19.661470413208008
reaction:1922,XPhos,1,,3.525705852,2.688385009765625,21.15033531188965
reaction:1923,XPhos,0,,17.85871647,5.816534042358398,18.760652542114258
reaction:1924,XPhos,4,,21.48672588,20.17146873474121,20.73932456970215
reaction:1925,XPhos,4,,7.156167612999999,14.302055358886719,20.704038619995117
reaction:1926,XPhos,4,,11.85200713,28.068681716918945,20.709672927856445
reaction:1927,XPhos,2,,13.49999802,21.29114532470703,17.091842651367188
reaction:1928,XPhos,2,,4.333466821,2.6547470092773438,21.12992286682129
reaction:1929,XPhos,3,,12.51722888,10.436687469482422,20.301788330078125
reaction:1930,XPhos,0,,18.54827099,19.570228576660156,20.087451934814453
reaction:1931,XPhos,0,,16.76617673,17.95313835144043,16.843873977661133
reaction:1932,XPhos,1,,27.47304315,19.640419006347656,18.907447814941406
reaction:1933,XPhos,4,,35.89724622,29.971630096435547,18.21320343017578
reaction:1934,XPhos,3,,0.8503584259999999,2.30743408203125,22.410982131958008
reaction:1935,XPhos,3,,9.607508599,14.36044692993164,15.797701835632324
reaction:1936,XPhos,4,,11.82938133,17.765384674072266,17.027462005615234
reaction:1937,XPhos,0,,8.822068949,6.5353546142578125,19.69120216369629
reaction:1938,XPhos,1,,25.87549138,33.989967346191406,15.347173690795898
reaction:1939,XPhos,3,,34.29689514,37.011260986328125,15.210640907287598
reaction:1940,XPhos,2,,17.200701000000002,16.491628646850586,14.123165130615234
reaction:1941,XPhos,3,,24.04057337,19.015596389770508,14.009690284729004
reaction:1942,XPhos,0,,23.94536549,16.595508575439453,16.32748031616211
reaction:1943,XPhos,0,,15.22072074,15.443195343017578,16.85637855529785
reaction:1944,XPhos,1,,20.45508721,16.759326934814453,19.055727005004883
reaction:1945,XPhos,1,,28.5480245,28.85931968688965,19.511198043823242
reaction:1946,XPhos,3,,13.87079949,16.896198272705078,15.329617500305176
reaction:1947,XPhos,4,,22.22290277,24.75792121887207,14.770418167114258
reaction:1948,XPhos,0,,26.64038865,29.74911880493164,18.114681243896484
reaction:1949,XPhos,0,,0.0,2.104440689086914,16.19287109375
reaction:1950,XPhos,3,,1.629425083,1.2255115509033203,16.292049407958984
reaction:1951,XPhos,0,,2.128691227,-2.4074974060058594,16.180248260498047
reaction:1952,XPhos,1,,2.570236026,4.67762565612793,16.225290298461914
reaction:1953,XPhos,3,,8.384736601,8.792688369750977,13.921198844909668
reaction:1954,XPhos,3,,11.20904607,12.710262298583984,14.772917747497559
reaction:1955,XPhos,3,,6.819997972,10.226072311401367,14.934710502624512
reaction:1956,XPhos,3,,13.1450619,23.367454528808594,14.01568603515625
reaction:1957,XPhos,3,,12.68763797,23.314205169677734,15.190587043762207
reaction:1958,XPhos,2,,3.235819119,6.513889312744141,15.740154266357422
reaction:1959,XPhos,4,,5.972926182,7.262876510620117,15.766837120056152
reaction:1960,XPhos,0,,8.041639597,8.75491714477539,15.53508472442627
reaction:1961,XPhos,4,,18.97711675,14.50355339050293,15.641436576843262
reaction:1962,XPhos,0,,28.60232004,23.71438217163086,14.603286743164062
reaction:1963,XPhos,3,,40.27113975,30.93018341064453,14.739920616149902
reaction:1964,XPhos,0,,0.0,2.4290428161621094,15.75696849822998
reaction:1965,XPhos,0,,1.79441071,2.3512001037597656,16.91765785217285
reaction:1966,XPhos,2,,2.066222749,7.615154266357422,14.261092185974121
reaction:1967,XPhos,0,,5.163801227,3.6024723052978516,15.620784759521484
reaction:1968,XPhos,4,,11.8907701,11.82490348815918,15.161484718322754
reaction:1969,XPhos,4,,29.83775681,26.939950942993164,15.83772087097168
reaction:1970,XPhos,2,,16.58042552,14.459890365600586,13.49697208404541
reaction:1971,XPhos,3,,26.94242513,32.556583404541016,13.827056884765625
reaction:1972,XPhos,2,,27.31009438,31.73065948486328,14.55204963684082
reaction:1973,XPhos,1,,5.543745956,4.428678512573242,16.02479362487793
reaction:1974,XPhos,3,,10.25341715,10.330215454101562,15.051322937011719
reaction:1975,XPhos,3,,14.86685885,16.354162216186523,14.575754165649414
reaction:1976,t-BuXPhos,0,,0.0,6.081583023071289,18.38139533996582
reaction:1977,t-BuXPhos,2,,0.0,-6.138134002685547,16.238346099853516
reaction:1978,t-BuXPhos,3,,0.0,-5.687610626220703,16.03618049621582
reaction:1979,t-BuXPhos,1,,0.0,0.6457977294921875,20.600732803344727
reaction:1980,t-BuXPhos,4,,0.8010865229999999,-5.757846832275391,16.206287384033203
reaction:1981,t-BuXPhos,3,,2.97427716,-2.836353302001953,16.233652114868164
reaction:1982,t-BuXPhos,4,,0.0,-2.7699432373046875,17.425189971923828
reaction:1983,t-BuXPhos,3,,1.599458738,5.902433395385742,13.688825607299805
reaction:1984,t-BuXPhos,2,,2.601590615,6.105928421020508,14.774540901184082
reaction:1985,t-BuXPhos,0,,3.510094374,6.654743194580078,14.054210662841797
reaction:1986,t-BuXPhos,4,,8.008432112000001,10.679250717163086,14.094743728637695
reaction:1987,t-BuXPhos,0,,9.011992674,17.891197204589844,15.165513038635254
reaction:1988,t-BuXPhos,3,,0.0,20.389636993408203,18.447019577026367
reaction:1989,t-BuXPhos,0,,0.0,32.16595458984375,13.277496337890625
reaction:1990,t-BuXPhos,1,,1.171055965,26.356178283691406,19.842273712158203
reaction:1991,t-BuXPhos,1,,24.21309665,21.24827766418457,16.75647735595703
reaction:1992,t-BuXPhos,3,,35.9238924,32.47438049316406,13.73482894897461
reaction:1993,t-BuXPhos,4,,35.32665147,38.20762252807617,16.786226272583008
reaction:1994,t-BuXPhos,2,,0.5535074839999999,0.548492431640625,13.880629539489746
reaction:1995,t-BuXPhos,1,,36.52871122,38.6435546875,18.442272186279297
reaction:1996,t-BuXPhos,1,,40.65115531,44.808753967285156,18.407718658447266
reaction:1997,t-BuXPhos,3,,2.408749938,0.3777122497558594,14.305612564086914
reaction:1998,t-BuXPhos,2,,56.843372200000005,54.81775665283203,12.793533325195312
reaction:1999,t-BuXPhos,2,,58.99233401,61.38694763183594,14.635037422180176
reaction:2000,t-BuXPhos,1,,60.26102193,57.268951416015625,16.73020362854004
reaction:2001,t-BuXPhos,0,,60.25206697,65.90310668945312,13.806571006774902
reaction:2002,t-BuXPhos,4,,63.42879895,63.32632827758789,15.588600158691406
reaction:2003,t-BuXPhos,1,,25.82773903,20.32293701171875,17.24769401550293
reaction:2004,t-BuXPhos,2,,60.28357539,61.116050720214844,12.308568954467773
reaction:2005,t-BuXPhos,2,,61.92858478,62.646697998046875,12.703967094421387
reaction:2006,t-BuXPhos,3,,28.132793300000003,29.1451358795166,14.211274147033691
reaction:2007,t-BuXPhos,4,,40.09723237,44.69780349731445,13.307943344116211
reaction:2008,t-BuXPhos,2,,48.69500261,47.791778564453125,13.638961791992188
reaction:2009,t-BuXPhos,4,,0.723968187,2.5294723510742188,14.151140213012695
reaction:2010,t-BuXPhos,2,,51.38895599,51.03901672363281,15.6538667678833
reaction:2011,t-BuXPhos,3,,56.62080434,52.091461181640625,16.131616592407227
reaction:2012,t-BuXPhos,2,,2.853941347,7.736789703369141,12.871932029724121
reaction:2013,t-BuXPhos,1,,73.31932313,73.47645568847656,16.620290756225586
reaction:2014,t-BuXPhos,3,,74.44046437,73.19112396240234,14.808603286743164
reaction:2015,t-BuXPhos,1,,81.53694628,81.2760009765625,16.79442596435547
reaction:2016,t-BuXPhos,1,,85.40177854,81.97665405273438,16.837141036987305
reaction:2017,t-BuXPhos,1,,88.51390693,85.98358154296875,17.548870086669922
reaction:2018,t-BuXPhos,2,,31.87466664,35.067867279052734,13.597346305847168
reaction:2019,t-BuXPhos,3,,85.8122803,77.38728332519531,13.643561363220215
reaction:2020,t-BuXPhos,0,,83.31333267,81.22904205322266,13.219087600708008
reaction:2021,t-BuXPhos,2,,13.02655322,15.91299819946289,22.83749008178711
reaction:2022,t-BuXPhos,1,,16.09836574,11.222925186157227,17.306921005249023
reaction:2023,t-BuXPhos,4,,15.87410565,15.49105453491211,18.59284210205078
reaction:2024,t-BuXPhos,1,,1.879419954,2.1035537719726562,19.71352195739746
reaction:2025,t-BuXPhos,3,,14.85699263,13.711664199829102,17.0895938873291
reaction:2026,t-BuXPhos,2,,19.37897224,18.58684539794922,18.263168334960938
reaction:2027,t-BuXPhos,2,,4.57865157,5.752582550048828,18.67622184753418
reaction:2028,t-BuXPhos,2,,22.0084522,23.183074951171875,15.81573486328125
reaction:2029,t-BuXPhos,3,,22.22340072,31.69711685180664,15.922338485717773
reaction:2030,t-BuXPhos,3,,21.68221926,27.154937744140625,15.415130615234375
reaction:2031,t-BuXPhos,2,,35.06478929,29.41446876525879,15.716455459594727
reaction:2032,t-BuXPhos,2,,30.72459608,35.15370559692383,17.314069747924805
reaction:2033,t-BuXPhos,2,,10.88472418,20.34928321838379,22.962499618530273
reaction:2034,t-BuXPhos,3,,21.37540077,35.15333938598633,16.765050888061523
reaction:2035,t-BuXPhos,3,,23.67114189,36.773826599121094,18.39732551574707
reaction:2036,t-BuXPhos,2,,0.7474117720000001,14.922330856323242,16.465200424194336
reaction:2037,t-BuXPhos,4,,9.794715203,14.571636199951172,15.583870887756348
reaction:2038,t-BuXPhos,4,,23.9717282,21.315773010253906,18.157705307006836
reaction:2039,t-BuXPhos,2,,0.0,1.8091201782226562,16.73747444152832
reaction:2040,t-BuXPhos,4,,6.683677134,8.571403503417969,17.469812393188477
reaction:2041,t-BuXPhos,4,,25.46788478,13.188692092895508,17.5432186126709
reaction:2042,t-BuXPhos,0,,0.0,8.479835510253906,16.559144973754883
reaction:2043,t-BuXPhos,0,,14.43583555,23.007488250732422,13.432510375976562
reaction:2044,t-BuXPhos,2,,41.96736477,37.768089294433594,16.257286071777344
reaction:2045,t-BuXPhos,3,,12.36409536,30.615081787109375,15.677593231201172
reaction:2046,t-BuXPhos,0,,33.74087377,36.41239929199219,14.046416282653809
reaction:2047,t-BuXPhos,0,,44.53583158,34.928524017333984,14.383587837219238
reaction:2048,t-BuXPhos,4,,0.0,24.282976150512695,16.215049743652344
reaction:2049,t-BuXPhos,1,,30.43973822,33.77399826049805,15.38514232635498
reaction:2050,t-BuXPhos,2,,39.10680932,36.72301483154297,15.500062942504883
reaction:2051,t-BuXPhos,3,,22.894141,10.365785598754883,15.479715347290039
reaction:2052,t-BuXPhos,4,,27.11496768,28.815439224243164,15.847222328186035
reaction:2053,t-BuXPhos,1,,41.66866973,36.310142517089844,18.268136978149414
reaction:2054,t-BuXPhos,1,,2.863405084,2.173694610595703,15.5639009475708
reaction:2055,t-BuXPhos,4,,21.62255716,28.90213394165039,17.23972511291504
reaction:2056,t-BuXPhos,2,,35.07362546,40.765804290771484,16.660625457763672
reaction:2057,t-BuXPhos,3,,13.56968075,4.787681579589844,15.351613998413086
reaction:2058,t-BuXPhos,2,,44.17785429999999,43.14299392700195,15.101622581481934
reaction:2059,t-BuXPhos,1,,61.501693200000005,58.01030731201172,16.33990478515625
reaction:2060,t-BuXPhos,3,,48.36115435,58.51953887939453,15.692604064941406
reaction:2061,t-BuXPhos,1,,61.11611165,60.106956481933594,15.04638385772705
reaction:2062,t-BuXPhos,0,,70.86807008,62.191200256347656,14.18010139465332
reaction:2063,t-BuXPhos,3,,39.35843617,10.453348159790039,15.01659107208252
reaction:2064,t-BuXPhos,0,,54.8424453,53.0584831237793,14.007874488830566
reaction:2065,t-BuXPhos,3,,60.06619639,62.07292175292969,15.217358589172363
reaction:2066,t-BuXPhos,4,,1.009269411,6.003009796142578,22.609106063842773
reaction:2067,t-BuXPhos,2,,5.034974824,0.7929000854492188,22.212627410888672
reaction:2068,t-BuXPhos,3,,4.765281768,0.5193061828613281,21.192977905273438
reaction:2069,t-BuXPhos,4,,0.359225753,6.052053451538086,24.398483276367188
reaction:2070,t-BuXPhos,2,,4.621114909,-2.5977020263671875,21.762489318847656
reaction:2071,t-BuXPhos,3,,3.876829723,0.9989433288574219,21.49996566772461
reaction:2072,t-BuXPhos,1,,0.400015161,9.463895797729492,23.237539291381836
reaction:2073,t-BuXPhos,1,,5.425616594,5.399999618530273,20.878820419311523
reaction:2074,t-BuXPhos,2,,8.36792795,4.993194580078125,21.38950538635254
reaction:2075,t-BuXPhos,0,,3.451949517,6.219781875610352,20.062381744384766
reaction:2076,t-BuXPhos,1,,4.84059533,9.942865371704102,20.976776123046875
reaction:2077,t-BuXPhos,4,,10.03634536,13.724374771118164,20.56010627746582
reaction:2078,t-BuXPhos,3,,1.309393322,18.74631690979004,22.47368812561035
reaction:2079,t-BuXPhos,0,,2.689766175,18.055274963378906,19.970272064208984
reaction:2080,t-BuXPhos,2,,4.416019864,15.62870979309082,22.191482543945312
reaction:2081,t-BuXPhos,3,,0.0,9.921327590942383,20.641937255859375
reaction:2082,t-BuXPhos,2,,1.785587557,3.327699661254883,20.83134651184082
reaction:2083,t-BuXPhos,0,,3.141934656,0.3375892639160156,20.44729995727539
reaction:2084,t-BuXPhos,1,,0.0,1.2200450897216797,21.286502838134766
reaction:2085,t-BuXPhos,2,,0.74784749,-8.210674285888672,21.818803787231445
reaction:2086,t-BuXPhos,0,,2.732925094,-3.2358436584472656,20.444889068603516
reaction:2087,t-BuXPhos,4,,0.518126221,8.444036483764648,21.44646453857422
reaction:2088,t-BuXPhos,3,,2.39251025,-1.2893295288085938,19.06122589111328
reaction:2089,t-BuXPhos,4,,6.363967977000001,8.397394180297852,17.93036460876465
reaction:2090,t-BuXPhos,0,,1.986478634,5.056854248046875,19.71994400024414
reaction:2091,t-BuXPhos,4,,6.315944702,15.82054328918457,17.54700469970703
reaction:2092,t-BuXPhos,2,,8.140819585,18.641990661621094,21.580778121948242
reaction:2093,t-BuXPhos,0,,0.0,16.01629066467285,20.462268829345703
reaction:2094,t-BuXPhos,4,,2.39840777,11.038381576538086,20.180206298828125
reaction:2095,t-BuXPhos,3,,3.973986769,18.155202865600586,20.43855857849121
reaction:2096,t-BuXPhos,4,,21.36830036,11.519659042358398,20.450559616088867
reaction:2097,t-BuXPhos,0,,21.54675104,20.486478805541992,19.8912353515625
reaction:2098,t-BuXPhos,1,,23.06691402,23.65424919128418,22.399948120117188
reaction:2099,t-BuXPhos,3,,2.7209239710000004,2.7765064239501953,20.63702392578125
reaction:2100,t-BuXPhos,3,,15.47495789,24.198986053466797,21.127593994140625
reaction:2101,t-BuXPhos,0,,19.40320705,20.53466796875,20.308088302612305
reaction:2102,t-BuXPhos,3,,14.32160153,6.934043884277344,20.570146560668945
reaction:2103,t-BuXPhos,2,,28.13311375,31.1530818939209,20.486312866210938
reaction:2104,t-BuXPhos,0,,30.76250124,33.32405090332031,19.936201095581055
reaction:2105,t-BuXPhos,4,,40.21576406,33.25487518310547,17.3403263092041
reaction:2106,t-BuXPhos,2,,46.05681806,38.428035736083984,20.474210739135742
reaction:2107,t-BuXPhos,1,,51.15306518,40.698822021484375,21.004152297973633
reaction:2108,t-BuXPhos,2,,30.05876834,13.533897399902344,21.36820411682129
reaction:2109,t-BuXPhos,3,,30.11566658,29.96819496154785,19.937707901000977
reaction:2110,t-BuXPhos,3,,33.8132368,43.82587432861328,20.644847869873047
reaction:2111,t-BuXPhos,2,,20.05913492,23.911460876464844,22.342012405395508
reaction:2112,t-BuXPhos,3,,34.2208852,37.168853759765625,17.46694564819336
reaction:2113,t-BuXPhos,3,,40.30244069,35.286407470703125,17.470237731933594
reaction:2114,t-BuXPhos,4,,1.194006928,3.7861270904541016,21.693767547607422
reaction:2115,t-BuXPhos,1,,27.35092133,35.65561294555664,17.927398681640625
reaction:2116,t-BuXPhos,4,,26.91242644,39.392311096191406,17.511377334594727
reaction:2117,t-BuXPhos,2,,5.628261366,8.854761123657227,17.644315719604492
reaction:2118,t-BuXPhos,3,,51.85571731,55.296295166015625,14.828205108642578
reaction:2119,t-BuXPhos,0,,49.62220517,50.268333435058594,15.347407341003418
reaction:2120,t-BuXPhos,1,,53.94447324,53.79778289794922,15.681962013244629
reaction:2121,t-BuXPhos,1,,65.48767084,60.358238220214844,15.734546661376953
reaction:2122,t-BuXPhos,0,,66.1445595,62.311126708984375,16.10955238342285
reaction:2123,t-BuXPhos,3,,38.1181996,33.15293884277344,19.438316345214844
reaction:2124,t-BuXPhos,2,,64.2716813,51.71901321411133,20.4093074798584
reaction:2125,t-BuXPhos,4,,65.73471929,54.23064422607422,19.3360595703125
reaction:2126,t-BuXPhos,4,,18.75584418,16.606000900268555,15.922478675842285
reaction:2127,t-BuXPhos,0,,28.59018557,22.790821075439453,13.641569137573242
reaction:2128,t-BuXPhos,3,,31.83731475,23.354873657226562,15.11711597442627
reaction:2129,t-BuXPhos,3,,0.7070455170000001,1.8155937194824219,16.300121307373047
reaction:2130,t-BuXPhos,4,,13.25145725,15.292594909667969,17.290191650390625
reaction:2131,t-BuXPhos,4,,15.92909866,20.005298614501953,17.54437255859375
reaction:2132,t-BuXPhos,4,,4.0644436960000005,5.562540054321289,16.35433006286621
reaction:2133,t-BuXPhos,2,,32.63137063,38.67257308959961,14.284307479858398
reaction:2134,t-BuXPhos,2,,32.03830806,42.621788024902344,15.981199264526367
reaction:2135,t-BuXPhos,3,,38.03832948,43.06914520263672,14.772631645202637
reaction:2136,t-BuXPhos,2,,50.50908656,53.31459045410156,14.313966751098633
reaction:2137,t-BuXPhos,2,,46.64490818,54.28511047363281,16.364261627197266
reaction:2138,t-BuXPhos,1,,27.15209242,32.127376556396484,16.298511505126953
reaction:2139,t-BuXPhos,4,,46.97084661,53.692752838134766,15.654725074768066
reaction:2140,t-BuXPhos,4,,47.28268345,50.16681671142578,15.770853996276855
reaction:2141,t-BuXPhos,1,,29.17558441,27.677356719970703,16.098400115966797
reaction:2142,t-BuXPhos,0,,36.5598853,38.00517272949219,13.94980525970459
reaction:2143,t-BuXPhos,3,,49.46796695,41.52926254272461,15.475903511047363
reaction:2144,t-BuXPhos,3,,1.858400826,3.2661209106445312,16.726211547851562
reaction:2145,t-BuXPhos,4,,31.25713511,36.97480773925781,17.17793846130371
reaction:2146,t-BuXPhos,4,,34.0355551,42.373687744140625,17.484088897705078
reaction:2147,t-BuXPhos,0,,11.31698923,8.26902961730957,16.431150436401367
reaction:2148,t-BuXPhos,0,,62.64758393,61.00890350341797,13.115734100341797
reaction:2149,t-BuXPhos,0,,60.28741502,57.508087158203125,14.23426628112793
reaction:2150,t-BuXPhos,0,,77.39811795,72.01510620117188,13.384148597717285
reaction:2151,t-BuXPhos,4,,83.68183531,78.78207397460938,15.478116035461426
reaction:2152,t-BuXPhos,4,,84.53852223,79.77142333984375,17.22003746032715
reaction:2153,t-BuXPhos,3,,49.15752148,35.34626007080078,15.337797164916992
reaction:2154,t-BuXPhos,0,,76.23035085,72.0112075805664,13.969898223876953
reaction:2155,t-BuXPhos,3,,75.20935081,73.80270385742188,14.991959571838379
reaction:2156,t-BuBrettPhos,4,,0.0,-9.500984191894531,20.085702896118164
reaction:2157,t-BuBrettPhos,2,,0.0,-8.62350845336914,16.67588996887207
reaction:2158,t-BuBrettPhos,2,,10.5253011,-7.848350524902344,15.809211730957031
reaction:2159,t-BuBrettPhos,4,,0.0,-0.8595428466796875,17.95621109008789
reaction:2160,t-BuBrettPhos,0,,0.0,-1.1386642456054688,15.764019012451172
reaction:2161,t-BuBrettPhos,2,,2.458138496,-1.2704353332519531,16.11315155029297
reaction:2162,t-BuBrettPhos,3,,9.08121194,-0.870452880859375,14.012227058410645
reaction:2163,t-BuBrettPhos,2,,9.636653904,8.54863166809082,12.832414627075195
reaction:2164,t-BuBrettPhos,1,,10.37235966,10.994199752807617,16.953536987304688
reaction:2165,t-BuBrettPhos,0,,1.660025621,18.06649398803711,13.872823715209961
reaction:2166,t-BuBrettPhos,2,,2.145304957,16.596328735351562,12.896016120910645
reaction:2167,t-BuBrettPhos,3,,27.04583578,16.761638641357422,14.849808692932129
reaction:2168,t-BuBrettPhos,1,,0.0,-4.969150543212891,18.554244995117188
reaction:2169,t-BuBrettPhos,0,,0.0,14.695732116699219,17.633769989013672
reaction:2170,t-BuBrettPhos,4,,0.0,17.047956466674805,17.20873260498047
reaction:2171,t-BuBrettPhos,1,,15.09367159,13.839590072631836,16.61429214477539
reaction:2172,t-BuBrettPhos,2,,34.51239146,34.248966217041016,13.717629432678223
reaction:2173,t-BuBrettPhos,3,,35.6149447,45.65392303466797,14.109687805175781
reaction:2174,t-BuBrettPhos,1,,0.438548426,0.9169120788574219,16.71641731262207
reaction:2175,t-BuBrettPhos,0,,31.2588772,33.44015884399414,14.49547290802002
reaction:2176,t-BuBrettPhos,2,,34.24307349,42.518001556396484,15.80465030670166
reaction:2177,t-BuBrettPhos,2,,6.866213056,6.369956970214844,12.585227966308594
reaction:2178,t-BuBrettPhos,3,,62.44858365,55.246917724609375,13.324627876281738
reaction:2179,t-BuBrettPhos,1,,65.94190973,64.522216796875,17.276784896850586
reaction:2180,t-BuBrettPhos,2,,58.32558385,53.91551971435547,12.985132217407227
reaction:2181,t-BuBrettPhos,1,,60.47798465,61.90679931640625,15.710824966430664
reaction:2182,t-BuBrettPhos,3,,63.18914382,66.44219970703125,14.669785499572754
reaction:2183,t-BuBrettPhos,1,,18.36789148,11.072307586669922,16.54018783569336
reaction:2184,t-BuBrettPhos,0,,59.7949718,65.59967041015625,12.5686674118042
reaction:2185,t-BuBrettPhos,4,,64.64035682,65.92274475097656,12.988966941833496
reaction:2186,t-BuBrettPhos,4,,17.38451108,18.199371337890625,13.599127769470215
reaction:2187,t-BuBrettPhos,1,,38.46400948,44.70022201538086,16.16645622253418
reaction:2188,t-BuBrettPhos,3,,51.11682644,55.96582794189453,14.258139610290527
reaction:2189,t-BuBrettPhos,0,,0.578158424,2.011289596557617,13.209932327270508
reaction:2190,t-BuBrettPhos,3,,45.97256872,47.107757568359375,14.143651962280273
reaction:2191,t-BuBrettPhos,2,,47.70226953,52.58708953857422,15.952582359313965
reaction:2192,t-BuBrettPhos,0,,7.228003442999999,10.064289093017578,13.68403434753418
reaction:2193,t-BuBrettPhos,2,,79.8902752,76.42279052734375,12.673336029052734
reaction:2194,t-BuBrettPhos,4,,80.5818059,79.46441650390625,13.565165519714355
reaction:2195,t-BuBrettPhos,1,,84.93002270000001,85.09217834472656,15.497577667236328
reaction:2196,t-BuBrettPhos,0,,89.419451,85.79698181152344,12.412139892578125
reaction:2197,t-BuBrettPhos,0,,89.55924552,91.76206970214844,13.868133544921875
reaction:2198,t-BuBrettPhos,3,,13.66378067,20.212890625,13.703524589538574
reaction:2199,t-BuBrettPhos,4,,86.89971677,80.87492370605469,13.545742988586426
reaction:2200,t-BuBrettPhos,0,,87.237545,86.02428436279297,12.864070892333984
reaction:2201,t-BuBrettPhos,4,,11.30133212,2.078756332397461,21.0212345123291
reaction:2202,t-BuBrettPhos,1,,10.82736056,5.944149017333984,18.535825729370117
reaction:2203,t-BuBrettPhos,2,,12.11048821,11.450056076049805,17.53536033630371
reaction:2204,t-BuBrettPhos,3,,1.03540736,1.3875579833984375,19.112905502319336
reaction:2205,t-BuBrettPhos,3,,15.16491224,13.51187515258789,16.121660232543945
reaction:2206,t-BuBrettPhos,2,,19.46778248,15.79725456237793,18.21523094177246
reaction:2207,t-BuBrettPhos,4,,8.038113026,5.034858703613281,17.071447372436523
reaction:2208,t-BuBrettPhos,4,,23.73944169,22.196697235107422,14.688435554504395
reaction:2209,t-BuBrettPhos,1,,30.46158728,31.384260177612305,16.4448299407959
reaction:2210,t-BuBrettPhos,1,,24.62070452,31.282541275024414,15.17695140838623
reaction:2211,t-BuBrettPhos,2,,28.5763008,31.389286041259766,15.606965065002441
reaction:2212,t-BuBrettPhos,1,,36.14968182,40.88250732421875,16.566205978393555
reaction:2213,t-BuBrettPhos,0,,13.71916528,3.893217086791992,19.056554794311523
reaction:2214,t-BuBrettPhos,0,,13.98206369,15.45001220703125,18.92340850830078
reaction:2215,t-BuBrettPhos,2,,18.13660134,21.9473934173584,18.54326820373535
reaction:2216,t-BuBrettPhos,1,,0.927604534,12.738395690917969,15.085866928100586
reaction:2217,t-BuBrettPhos,0,,7.316239252000001,16.42850112915039,14.698634147644043
reaction:2218,t-BuBrettPhos,1,,21.43045359,11.440303802490234,15.899011611938477
reaction:2219,t-BuBrettPhos,4,,0.0,0.8726577758789062,16.550580978393555
reaction:2220,t-BuBrettPhos,0,,3.292807267,7.341131210327148,15.723796844482422
reaction:2221,t-BuBrettPhos,3,,23.04423411,9.03141975402832,15.943171501159668
reaction:2222,t-BuBrettPhos,3,,0.0,1.8194122314453125,14.933343887329102
reaction:2223,t-BuBrettPhos,0,,7.479579469,19.224464416503906,13.630364418029785
reaction:2224,t-BuBrettPhos,3,,39.99701682,28.714435577392578,15.523260116577148
reaction:2225,t-BuBrettPhos,1,,9.836570629,14.65922737121582,14.647671699523926
reaction:2226,t-BuBrettPhos,3,,16.26033077,16.65827751159668,14.191529273986816
reaction:2227,t-BuBrettPhos,0,,36.05690183,43.40803527832031,14.687355041503906
reaction:2228,t-BuBrettPhos,0,,0.0,7.083843231201172,15.315018653869629
reaction:2229,t-BuBrettPhos,2,,15.39357697,30.97037696838379,15.658409118652344
reaction:2230,t-BuBrettPhos,2,,27.678997100000004,34.60112762451172,15.399104118347168
reaction:2231,t-BuBrettPhos,0,,20.24596352,6.867511749267578,15.354970932006836
reaction:2232,t-BuBrettPhos,3,,29.08430143,20.050893783569336,14.157461166381836
reaction:2233,t-BuBrettPhos,1,,38.79638342,28.23046875,15.851350784301758
reaction:2234,t-BuBrettPhos,3,,0.851812248,1.8502349853515625,14.967890739440918
reaction:2235,t-BuBrettPhos,3,,26.7810647,23.82943344116211,15.28554630279541
reaction:2236,t-BuBrettPhos,3,,29.42310745,27.006803512573242,15.9723482131958
reaction:2237,t-BuBrettPhos,3,,7.689322987000001,5.424970626831055,14.8794584274292
reaction:2238,t-BuBrettPhos,2,,45.3883139,38.71841812133789,14.588135719299316
reaction:2239,t-BuBrettPhos,3,,59.85587044,50.97600555419922,15.508514404296875
reaction:2240,t-BuBrettPhos,3,,49.94868445,46.570350646972656,14.82492446899414
reaction:2241,t-BuBrettPhos,4,,50.70720641,56.57243347167969,15.378297805786133
reaction:2242,t-BuBrettPhos,3,,77.95754061,65.87434387207031,15.867419242858887
reaction:2243,t-BuBrettPhos,1,,15.1222891,7.949331283569336,14.993943214416504
reaction:2244,t-BuBrettPhos,2,,45.50180654,55.46121597290039,15.41537094116211
reaction:2245,t-BuBrettPhos,2,,48.17982197,63.505950927734375,15.841957092285156
reaction:2246,t-BuBrettPhos,0,,1.232632372,4.503604888916016,21.889440536499023
reaction:2247,t-BuBrettPhos,0,,5.992320527,-0.426116943359375,20.48308563232422
reaction:2248,t-BuBrettPhos,2,,4.022257677,-1.6990089416503906,19.689373016357422
reaction:2249,t-BuBrettPhos,0,,0.0,3.581026077270508,20.30887222290039
reaction:2250,t-BuBrettPhos,0,,3.26158183,4.283824920654297,20.65631103515625
reaction:2251,t-BuBrettPhos,2,,6.286120839,1.1435470581054688,19.678730010986328
reaction:2252,t-BuBrettPhos,1,,9.606838288,9.310293197631836,22.217294692993164
reaction:2253,t-BuBrettPhos,4,,13.59760256,4.594194412231445,20.062334060668945
reaction:2254,t-BuBrettPhos,4,,10.04227922,7.54478645324707,20.122156143188477
reaction:2255,t-BuBrettPhos,0,,4.444109893,14.749343872070312,19.355714797973633
reaction:2256,t-BuBrettPhos,3,,2.413308832,13.240713119506836,17.958955764770508
reaction:2257,t-BuBrettPhos,2,,12.05269157,14.73921012878418,19.137630462646484
reaction:2258,t-BuBrettPhos,3,,0.0,10.783147811889648,22.742725372314453
reaction:2259,t-BuBrettPhos,1,,6.360003901000001,4.691873550415039,21.33475112915039
reaction:2260,t-BuBrettPhos,3,,6.499222361,5.896968841552734,20.906187057495117
reaction:2261,t-BuBrettPhos,0,,0.7015522279999999,9.130353927612305,20.171142578125
reaction:2262,t-BuBrettPhos,0,,2.069098233,0.6810035705566406,19.731117248535156
reaction:2263,t-BuBrettPhos,0,,3.566410027,0.6205215454101562,18.7095947265625
reaction:2264,t-BuBrettPhos,1,,0.0,-0.11484527587890625,20.82745361328125
reaction:2265,t-BuBrettPhos,1,,0.64714493,-7.781669616699219,16.606300354003906
reaction:2266,t-BuBrettPhos,2,,2.042704931,-0.4244422912597656,18.491872787475586
reaction:2267,t-BuBrettPhos,1,,0.8551124720000001,9.388397216796875,21.047670364379883
reaction:2268,t-BuBrettPhos,4,,2.370474153,-2.115680694580078,19.356340408325195
reaction:2269,t-BuBrettPhos,3,,6.026719466,10.095251083374023,18.844987869262695
reaction:2270,t-BuBrettPhos,3,,0.0,4.871608734130859,18.429630279541016
reaction:2271,t-BuBrettPhos,2,,1.592422994,4.835124969482422,16.313661575317383
reaction:2272,t-BuBrettPhos,3,,2.633148758,14.199928283691406,19.180387496948242
reaction:2273,t-BuBrettPhos,3,,0.0,22.18985366821289,20.70867156982422
reaction:2274,t-BuBrettPhos,2,,1.73070141,9.772113800048828,19.62105369567871
reaction:2275,t-BuBrettPhos,0,,2.661542727,6.496206283569336,19.305450439453125
reaction:2276,t-BuBrettPhos,3,,20.0833829,8.339155197143555,20.236528396606445
reaction:2277,t-BuBrettPhos,0,,22.43503561,18.804738998413086,19.71855354309082
reaction:2278,t-BuBrettPhos,2,,22.47082227,24.14322280883789,18.200990676879883
reaction:2279,t-BuBrettPhos,4,,0.788355769,2.4050064086914062,21.238197326660156
reaction:2280,t-BuBrettPhos,0,,15.37805239,23.16042137145996,19.725128173828125
reaction:2281,t-BuBrettPhos,2,,15.73387398,20.592697143554688,18.56046485900879
reaction:2282,t-BuBrettPhos,0,,13.65409275,7.171194076538086,20.009397506713867
reaction:2283,t-BuBrettPhos,4,,30.87951231,27.455856323242188,19.627763748168945
reaction:2284,t-BuBrettPhos,1,,33.69627508,34.06178665161133,16.367740631103516
reaction:2285,t-BuBrettPhos,4,,40.01187418,35.0355224609375,19.89252471923828
reaction:2286,t-BuBrettPhos,4,,40.89777506,37.19024658203125,19.74593734741211
reaction:2287,t-BuBrettPhos,1,,44.9389876,37.71827697753906,16.766719818115234
reaction:2288,t-BuBrettPhos,0,,28.90716664,11.214309692382812,20.086986541748047
reaction:2289,t-BuBrettPhos,1,,32.16902238,28.920751571655273,19.127552032470703
reaction:2290,t-BuBrettPhos,4,,33.39106531,29.746797561645508,20.553119659423828
reaction:2291,t-BuBrettPhos,4,,16.27214516,13.015253067016602,20.938636779785156
reaction:2292,t-BuBrettPhos,3,,30.61272696,28.83960723876953,16.75168228149414
reaction:2293,t-BuBrettPhos,3,,42.70251629,37.663578033447266,16.61399269104004
reaction:2294,t-BuBrettPhos,1,,0.593797719,4.026847839355469,18.184513092041016
reaction:2295,t-BuBrettPhos,3,,23.1010236,33.863433837890625,16.579164505004883
reaction:2296,t-BuBrettPhos,2,,29.85245303,39.998207092285156,17.32076644897461
reaction:2297,t-BuBrettPhos,0,,9.228754169,11.236099243164062,19.079631805419922
reaction:2298,t-BuBrettPhos,3,,54.9141799,56.98133087158203,14.686774253845215
reaction:2299,t-BuBrettPhos,0,,59.29246641,57.91188049316406,16.073022842407227
reaction:2300,t-BuBrettPhos,2,,56.49708288,59.67213439941406,14.499557495117188
reaction:2301,t-BuBrettPhos,4,,63.56506276,61.74461364746094,15.477028846740723
reaction:2302,t-BuBrettPhos,4,,68.44214129,62.31419372558594,17.01029396057129
reaction:2303,t-BuBrettPhos,2,,36.10795647,18.163837432861328,18.21539306640625
reaction:2304,t-BuBrettPhos,4,,70.74157393,38.07841110229492,18.536184310913086
reaction:2305,t-BuBrettPhos,2,,73.24639173,46.48473358154297,17.570322036743164
reaction:2306,t-BuBrettPhos,4,,16.10027076,13.863527297973633,15.746915817260742
reaction:2307,t-BuBrettPhos,2,,29.89972719,22.707191467285156,15.338292121887207
reaction:2308,t-BuBrettPhos,2,,33.0062022,30.371089935302734,15.84250259399414
reaction:2309,t-BuBrettPhos,2,,0.0,1.5685577392578125,14.569036483764648
reaction:2310,t-BuBrettPhos,4,,11.92095297,9.535310745239258,15.686244010925293
reaction:2311,t-BuBrettPhos,2,,18.20662132,29.118024826049805,17.023727416992188
reaction:2312,t-BuBrettPhos,2,,9.58087319,9.379024505615234,14.353053092956543
reaction:2313,t-BuBrettPhos,3,,38.52322666,37.47699737548828,14.443965911865234
reaction:2314,t-BuBrettPhos,3,,44.01604328,49.33155822753906,15.738726615905762
reaction:2315,t-BuBrettPhos,1,,36.66758858,41.65995407104492,15.13587760925293
reaction:2316,t-BuBrettPhos,1,,43.48269562,45.07056427001953,15.4779052734375
reaction:2317,t-BuBrettPhos,3,,47.63381676,58.402313232421875,16.057090759277344
reaction:2318,t-BuBrettPhos,1,,24.80297238,31.677976608276367,15.82345199584961
reaction:2319,t-BuBrettPhos,3,,53.55291415,58.02350616455078,15.192890167236328
reaction:2320,t-BuBrettPhos,0,,58.6831586,57.05358123779297,15.241735458374023
reaction:2321,t-BuBrettPhos,1,,22.90680768,21.86600112915039,16.10454750061035
reaction:2322,t-BuBrettPhos,4,,36.5499256,42.841365814208984,17.41744613647461
reaction:2323,t-BuBrettPhos,1,,49.30223849,49.02057647705078,16.50510597229004
reaction:2324,t-BuBrettPhos,2,,0.710304987,2.6861534118652344,14.501007080078125
reaction:2325,t-BuBrettPhos,2,,29.57593303,37.46284484863281,15.833667755126953
reaction:2326,t-BuBrettPhos,2,,35.50826326,48.65388870239258,17.190593719482422
reaction:2327,t-BuBrettPhos,4,,13.45243807,12.388750076293945,15.478344917297363
reaction:2328,t-BuBrettPhos,0,,65.066599,65.86875915527344,14.720049858093262
reaction:2329,t-BuBrettPhos,2,,69.13479769,71.56951904296875,15.17004680633545
reaction:2330,t-BuBrettPhos,3,,80.10225068,69.83726501464844,14.871262550354004
reaction:2331,t-BuBrettPhos,1,,85.13318487,78.79525756835938,15.546871185302734
reaction:2332,t-BuBrettPhos,4,,89.59877790000002,81.76376342773438,16.827556610107422
reaction:2333,t-BuBrettPhos,4,,40.91094026,30.04888153076172,15.452012062072754
reaction:2334,t-BuBrettPhos,4,,80.00019125,76.97111511230469,15.717374801635742
reaction:2335,t-BuBrettPhos,2,,83.40919805,87.77448272705078,14.884376525878906
reaction:2336,AdBrettPhos,1,,0.0,-3.3465232849121094,18.696929931640625
reaction:2337,AdBrettPhos,0,,0.0,-8.274246215820312,15.788622856140137
reaction:2338,AdBrettPhos,1,,12.15190247,-4.7941436767578125,18.076051712036133
reaction:2339,AdBrettPhos,2,,0.0,-1.2124290466308594,19.419918060302734
reaction:2340,AdBrettPhos,3,,0.0,-3.537586212158203,15.369184494018555
reaction:2341,AdBrettPhos,3,,7.843927615,0.072235107421875,15.765913009643555
reaction:2342,AdBrettPhos,4,,0.0,-2.5132179260253906,13.119283676147461
reaction:2343,AdBrettPhos,4,,1.023181291,12.758028030395508,13.422062873840332
reaction:2344,AdBrettPhos,2,,14.17510686,11.648042678833008,13.93583869934082
reaction:2345,AdBrettPhos,4,,0.0,14.5423583984375,13.900627136230469
reaction:2346,AdBrettPhos,0,,0.0,15.24976921081543,13.319674491882324
reaction:2347,AdBrettPhos,3,,17.5357483,17.258323669433594,15.075852394104004
reaction:2348,AdBrettPhos,2,,0.0,-3.8141555786132812,18.17376136779785
reaction:2349,AdBrettPhos,4,,0.0,15.395484924316406,16.804283142089844
reaction:2350,AdBrettPhos,4,,16.7720232,23.01421356201172,16.72650909423828
reaction:2351,AdBrettPhos,1,,12.19056007,10.133377075195312,16.71942710876465
reaction:2352,AdBrettPhos,1,,34.43934364,26.680004119873047,16.44942855834961
reaction:2353,AdBrettPhos,1,,36.629676,42.96171951293945,17.398263931274414
reaction:2354,AdBrettPhos,3,,0.4065857229999999,0.7797431945800781,13.570454597473145
reaction:2355,AdBrettPhos,4,,33.21564888,31.60089874267578,13.348512649536133
reaction:2356,AdBrettPhos,1,,37.49278178,44.62517547607422,17.394407272338867
reaction:2357,AdBrettPhos,0,,1.161532817,0.7396011352539062,13.144386291503906
reaction:2358,AdBrettPhos,0,,50.13324447,45.4242057800293,12.070267677307129
reaction:2359,AdBrettPhos,4,,58.15311301,60.49866485595703,13.880744934082031
reaction:2360,AdBrettPhos,1,,43.94688122,43.694583892822266,15.870601654052734
reaction:2361,AdBrettPhos,1,,46.59177534,50.857994079589844,15.9085111618042
reaction:2362,AdBrettPhos,3,,51.25885662,55.45411682128906,14.84955883026123
reaction:2363,AdBrettPhos,4,,14.93339955,9.420326232910156,14.322224617004395
reaction:2364,AdBrettPhos,3,,55.59012858,69.289794921875,13.297046661376953
reaction:2365,AdBrettPhos,3,,55.78951841,64.06303405761719,13.466104507446289
reaction:2366,AdBrettPhos,0,,14.51047679,17.369220733642578,13.124998092651367
reaction:2367,AdBrettPhos,0,,38.37909694,44.786338806152344,13.438765525817871
reaction:2368,AdBrettPhos,1,,52.49415636,62.298301696777344,17.249980926513672
reaction:2369,AdBrettPhos,1,,0.7862553109999999,2.206470489501953,16.826950073242188
reaction:2370,AdBrettPhos,3,,47.61178197,49.59827423095703,14.427874565124512
reaction:2371,AdBrettPhos,1,,50.83768511,63.089637756347656,17.564720153808594
reaction:2372,AdBrettPhos,4,,1.226267555,4.097400665283203,13.523035049438477
reaction:2373,AdBrettPhos,0,,75.29152855,68.88092041015625,12.292275428771973
reaction:2374,AdBrettPhos,3,,79.19714754,81.90589904785156,15.018261909484863
reaction:2375,AdBrettPhos,3,,83.03295526,76.82400512695312,13.568556785583496
reaction:2376,AdBrettPhos,2,,93.56409267,82.22673797607422,12.033432960510254
reaction:2377,AdBrettPhos,4,,96.13228316,96.0067367553711,14.179941177368164
reaction:2378,AdBrettPhos,0,,11.53765302,15.976896286010742,13.422670364379883
reaction:2379,AdBrettPhos,0,,89.97416157,78.32859802246094,12.813457489013672
reaction:2380,AdBrettPhos,2,,86.79260178,83.82815551757812,12.04753589630127
reaction:2381,AdBrettPhos,0,,7.257395781,-0.8779754638671875,19.515682220458984
reaction:2382,AdBrettPhos,3,,9.576264128,-4.371421813964844,16.866933822631836
reaction:2383,AdBrettPhos,3,,10.75553549,3.934284210205078,15.95537281036377
reaction:2384,AdBrettPhos,4,,0.6131578329999999,1.1741065979003906,16.639137268066406
reaction:2385,AdBrettPhos,1,,10.63604029,5.211650848388672,16.43119239807129
reaction:2386,AdBrettPhos,2,,14.35852859,13.473722457885742,17.67305564880371
reaction:2387,AdBrettPhos,0,,1.582170389,1.4008159637451172,21.181303024291992
reaction:2388,AdBrettPhos,1,,13.89350209,18.251461029052734,15.254068374633789
reaction:2389,AdBrettPhos,3,,23.26106265,22.937538146972656,15.473669052124023
reaction:2390,AdBrettPhos,1,,15.64688259,21.17967987060547,15.424972534179688
reaction:2391,AdBrettPhos,0,,16.4099085,23.970378875732422,14.78648567199707
reaction:2392,AdBrettPhos,1,,23.02454867,30.724817276000977,16.185213088989258
reaction:2393,AdBrettPhos,2,,7.488530825,1.1562957763671875,19.943269729614258
reaction:2394,AdBrettPhos,2,,12.60415393,7.716876983642578,19.98539924621582
reaction:2395,AdBrettPhos,4,,14.36942688,18.76077651977539,17.86821746826172
reaction:2396,AdBrettPhos,2,,0.0,-0.000946044921875,16.253650665283203
reaction:2397,AdBrettPhos,2,,3.835722246,9.944931030273438,15.796942710876465
reaction:2398,AdBrettPhos,0,,13.98397961,14.56552505493164,14.207630157470703
reaction:2399,AdBrettPhos,2,,0.0,1.5250530242919922,16.058269500732422
reaction:2400,AdBrettPhos,3,,1.520182439,1.0063438415527344,15.34621810913086
reaction:2401,AdBrettPhos,3,,16.00671459,5.092844009399414,15.048673629760742
reaction:2402,AdBrettPhos,4,,0.0,-1.4733314514160156,15.822481155395508
reaction:2403,AdBrettPhos,4,,3.744544243,12.769811630249023,14.540005683898926
reaction:2404,AdBrettPhos,1,,27.85496925,28.52690887451172,16.06507682800293
reaction:2405,AdBrettPhos,0,,3.964447459,-3.3275718688964844,14.28320026397705
reaction:2406,AdBrettPhos,4,,6.168096918,6.600656509399414,15.35119342803955
reaction:2407,AdBrettPhos,1,,14.42398425,20.93269920349121,15.720664978027344
reaction:2408,AdBrettPhos,2,,0.0,-2.1400794982910156,15.74327278137207
reaction:2409,AdBrettPhos,1,,7.466671245,18.05586814880371,14.70552921295166
reaction:2410,AdBrettPhos,3,,17.36013023,22.69593048095703,14.635305404663086
reaction:2411,AdBrettPhos,4,,5.889073661,9.414121627807617,15.927976608276367
reaction:2412,AdBrettPhos,0,,27.06341711,20.58721923828125,14.95327377319336
reaction:2413,AdBrettPhos,2,,34.65614692,33.27342987060547,15.778610229492188
reaction:2414,AdBrettPhos,2,,0.0,2.567502975463867,16.585325241088867
reaction:2415,AdBrettPhos,4,,24.41645938,24.57311248779297,15.616637229919434
reaction:2416,AdBrettPhos,4,,25.12838943,37.57927703857422,15.656750679016113
reaction:2417,AdBrettPhos,2,,0.954745242,2.9392948150634766,15.933996200561523
reaction:2418,AdBrettPhos,2,,43.35191306,31.783506393432617,14.73829460144043
reaction:2419,AdBrettPhos,0,,51.5902696,53.65900421142578,14.727810859680176
reaction:2420,AdBrettPhos,0,,48.18783868,38.971187591552734,14.511566162109375
reaction:2421,AdBrettPhos,2,,49.14544471,46.457210540771484,14.55893611907959
reaction:2422,AdBrettPhos,4,,63.351286,64.54725646972656,15.96961498260498
reaction:2423,AdBrettPhos,0,,3.647451971,5.42396354675293,15.44438648223877
reaction:2424,AdBrettPhos,2,,43.17813797,37.65489959716797,15.588340759277344
reaction:2425,AdBrettPhos,1,,47.34357171,49.894569396972656,14.548295021057129
reaction:2426,AdBrettPhos,4,,0.698318685,-1.0241317749023438,23.149211883544922
reaction:2427,AdBrettPhos,4,,2.97486192,-6.552909851074219,21.5494384765625
reaction:2428,AdBrettPhos,4,,3.10979023,-5.303794860839844,21.16402244567871
reaction:2429,AdBrettPhos,1,,0.0,4.238994598388672,23.232013702392578
reaction:2430,AdBrettPhos,0,,0.489044772,-1.8910865783691406,20.247726440429688
reaction:2431,AdBrettPhos,4,,4.88514688,-2.5617103576660156,21.1531982421875
reaction:2432,AdBrettPhos,2,,0.0,5.024320602416992,21.73104476928711
reaction:2433,AdBrettPhos,0,,1.305562617,5.507129669189453,18.47104835510254
reaction:2434,AdBrettPhos,4,,6.931862367000001,2.5873165130615234,20.354331970214844
reaction:2435,AdBrettPhos,0,,0.0,7.721164703369141,18.758420944213867
reaction:2436,AdBrettPhos,2,,0.0,5.790258407592773,17.070817947387695
reaction:2437,AdBrettPhos,4,,6.151237345,11.273725509643555,20.89453125
reaction:2438,AdBrettPhos,0,,0.0,3.3977489471435547,21.173240661621094
reaction:2439,AdBrettPhos,0,,2.42482932,0.8288497924804688,20.522005081176758
reaction:2440,AdBrettPhos,4,,7.121202502999999,6.718809127807617,22.027935028076172
reaction:2441,AdBrettPhos,3,,0.0,10.078119277954102,20.291278839111328
reaction:2442,AdBrettPhos,2,,1.12036933,7.169733047485352,19.6574764251709
reaction:2443,AdBrettPhos,4,,1.896181594,3.5033092498779297,18.69780731201172
reaction:2444,AdBrettPhos,0,,0.0,1.2584896087646484,20.181245803833008
reaction:2445,AdBrettPhos,3,,0.0,-2.3115768432617188,18.651077270507812
reaction:2446,AdBrettPhos,4,,0.974444275,-2.0855178833007812,19.08343505859375
reaction:2447,AdBrettPhos,1,,0.0,4.9371337890625,21.397777557373047
reaction:2448,AdBrettPhos,3,,0.9560868,-0.040538787841796875,17.666362762451172
reaction:2449,AdBrettPhos,2,,2.600006823,11.179996490478516,17.841020584106445
reaction:2450,AdBrettPhos,4,,0.0,-4.990894317626953,16.815776824951172
reaction:2451,AdBrettPhos,1,,0.0,-2.554595947265625,15.150480270385742
reaction:2452,AdBrettPhos,4,,0.0,8.307065963745117,18.6702880859375
reaction:2453,AdBrettPhos,3,,0.0,13.762401580810547,20.70787811279297
reaction:2454,AdBrettPhos,4,,0.0,5.249223709106445,19.73472785949707
reaction:2455,AdBrettPhos,1,,1.40959558,12.027591705322266,18.364521026611328
reaction:2456,AdBrettPhos,1,,17.87933698,7.8515472412109375,20.694005966186523
reaction:2457,AdBrettPhos,1,,24.40165539,18.07952880859375,18.031558990478516
reaction:2458,AdBrettPhos,2,,24.45376754,22.220077514648438,18.928050994873047
reaction:2459,AdBrettPhos,3,,1.682541771,1.6129932403564453,20.515771865844727
reaction:2460,AdBrettPhos,0,,18.44134196,19.498306274414062,19.080167770385742
reaction:2461,AdBrettPhos,1,,18.87491239,20.56986427307129,17.56035614013672
reaction:2462,AdBrettPhos,1,,6.9499718360000005,7.589420318603516,21.342130661010742
reaction:2463,AdBrettPhos,1,,30.37188127,27.41541862487793,15.100208282470703
reaction:2464,AdBrettPhos,4,,33.47151562,32.824729919433594,18.40077018737793
reaction:2465,AdBrettPhos,3,,34.48220577,34.710121154785156,17.49774742126465
reaction:2466,AdBrettPhos,4,,35.36016156,39.649070739746094,16.922752380371094
reaction:2467,AdBrettPhos,4,,35.68280094,51.21238327026367,18.51089096069336
reaction:2468,AdBrettPhos,4,,18.37316337,9.276554107666016,21.064464569091797
reaction:2469,AdBrettPhos,3,,27.82910373,22.81640625,19.283430099487305
reaction:2470,AdBrettPhos,4,,37.08543096,29.51111602783203,19.794469833374023
reaction:2471,AdBrettPhos,0,,8.62455294,3.732576370239258,19.62856101989746
reaction:2472,AdBrettPhos,2,,14.26125924,4.143806457519531,17.819610595703125
reaction:2473,AdBrettPhos,4,,28.49871025,20.07569122314453,17.162567138671875
reaction:2474,AdBrettPhos,1,,0.538585368,1.7818965911865234,20.77436637878418
reaction:2475,AdBrettPhos,4,,13.34881918,13.898956298828125,16.448875427246094
reaction:2476,AdBrettPhos,1,,28.28230111,20.54901885986328,17.290164947509766
reaction:2477,AdBrettPhos,0,,1.999177844,2.843381881713867,21.28901481628418
reaction:2478,AdBrettPhos,3,,27.16016891,32.02767562866211,14.657434463500977
reaction:2479,AdBrettPhos,1,,50.52138402,35.97915267944336,16.609760284423828
reaction:2480,AdBrettPhos,4,,20.00288675,34.731781005859375,15.573441505432129
reaction:2481,AdBrettPhos,0,,25.99050807,40.538631439208984,15.030016899108887
reaction:2482,AdBrettPhos,0,,40.32898976,45.34990692138672,16.51534652709961
reaction:2483,AdBrettPhos,2,,13.34689497,3.100332260131836,19.146486282348633
reaction:2484,AdBrettPhos,4,,40.63647217,20.689865112304688,18.401058197021484
reaction:2485,AdBrettPhos,2,,74.04736649,30.53746795654297,17.61702537536621
reaction:2486,AdBrettPhos,2,,5.195732957,10.01351547241211,15.034988403320312
reaction:2487,AdBrettPhos,3,,19.31180946,22.253761291503906,14.743799209594727
reaction:2488,AdBrettPhos,3,,30.77223842,30.161680221557617,15.451860427856445
reaction:2489,AdBrettPhos,4,,0.0,0.6262664794921875,15.676396369934082
reaction:2490,AdBrettPhos,3,,11.75749506,13.910274505615234,15.801301002502441
reaction:2491,AdBrettPhos,0,,23.34747951,23.038116455078125,15.332496643066406
reaction:2492,AdBrettPhos,4,,1.039903259,0.28884124755859375,15.356965065002441
reaction:2493,AdBrettPhos,2,,28.39783953,25.031585693359375,13.857858657836914
reaction:2494,AdBrettPhos,1,,39.89470015,44.94662857055664,16.06147003173828
reaction:2495,AdBrettPhos,0,,13.79100096,16.81999969482422,14.105884552001953
reaction:2496,AdBrettPhos,3,,19.53099508,24.34257698059082,15.047652244567871
reaction:2497,AdBrettPhos,3,,26.870862899999995,38.05592346191406,15.884117126464844
reaction:2498,AdBrettPhos,1,,9.396462800000002,2.907320022583008,15.911336898803711
reaction:2499,AdBrettPhos,4,,40.58293806,25.852479934692383,15.400097846984863
reaction:2500,AdBrettPhos,3,,52.66349061,53.86510467529297,14.963558197021484
reaction:2501,AdBrettPhos,4,,15.85078385,12.864032745361328,15.516722679138184
reaction:2502,AdBrettPhos,2,,32.88980878,35.796409606933594,15.55788803100586
reaction:2503,AdBrettPhos,3,,47.13760632,45.38983154296875,15.30109977722168
reaction:2504,AdBrettPhos,3,,0.7072545920000001,1.07977294921875,15.097317695617676
reaction:2505,AdBrettPhos,0,,32.71728338,30.624980926513672,15.775322914123535
reaction:2506,AdBrettPhos,4,,41.68551837,46.01092529296875,15.78575611114502
reaction:2507,AdBrettPhos,0,,1.753987647,3.961355209350586,15.519082069396973
reaction:2508,AdBrettPhos,4,,54.56471519,53.42265319824219,15.174114227294922
reaction:2509,AdBrettPhos,2,,68.58213231,68.995361328125,14.979254722595215
reaction:2510,AdBrettPhos,3,,60.52865164,50.288211822509766,14.987701416015625
reaction:2511,AdBrettPhos,3,,67.75052852,61.80677795410156,14.935054779052734
reaction:2512,AdBrettPhos,1,,80.80959568,71.76078033447266,15.913232803344727
reaction:2513,AdBrettPhos,4,,6.777260235,13.45979118347168,15.852697372436523
reaction:2514,AdBrettPhos,2,,48.77228165,69.40567016601562,14.565176963806152
reaction:2515,AdBrettPhos,4,,74.51133845,81.34638977050781,15.443483352661133
reaction:2516,XPhos,1,,24.10905766,17.444293975830078,16.104909896850586
reaction:2517,XPhos,0,,32.87780619,29.96013069152832,13.453421592712402
reaction:2518,XPhos,3,,43.39942952,45.21522903442383,14.087112426757812
reaction:2519,XPhos,2,,1.221284135,1.6461257934570312,22.604433059692383
reaction:2520,XPhos,4,,25.1779767,33.90346908569336,14.2345609664917
reaction:2521,XPhos,1,,32.37253744,39.839969635009766,13.046930313110352
reaction:2522,XPhos,1,,7.676008537,7.072973251342773,18.648483276367188
reaction:2523,XPhos,0,,60.41732712,57.47947692871094,10.260492324829102
reaction:2524,XPhos,4,,64.50667156,61.355010986328125,11.825728416442871
reaction:2525,XPhos,1,,36.55522639,38.193424224853516,10.711382865905762
reaction:2526,XPhos,2,,46.64960106,44.32307052612305,10.654725074768066
reaction:2527,XPhos,4,,47.85301388,40.77821731567383,13.68524169921875
reaction:2528,XPhos,4,,21.44960942,20.081193923950195,18.740482330322266
reaction:2529,XPhos,3,,27.71714775,29.638702392578125,15.887432098388672
reaction:2530,XPhos,4,,52.2237426,52.811180114746094,14.81820297241211
reaction:2531,XPhos,0,,15.42545497,10.534738540649414,9.381288528442383
reaction:2532,XPhos,4,,30.08596307,25.51446533203125,9.275148391723633
reaction:2533,XPhos,4,,35.8368136,33.45307922363281,15.4059476852417
reaction:2534,XPhos,2,,0.0,0.4652252197265625,11.479473114013672
reaction:2535,XPhos,4,,11.6535106,8.404609680175781,13.534709930419922
reaction:2536,XPhos,4,,17.02843498,13.344715118408203,12.648805618286133
reaction:2537,XPhos,2,,1.188847918,2.5464935302734375,10.378082275390625
reaction:2538,XPhos,4,,32.40012299,25.940120697021484,10.699845314025879
reaction:2539,XPhos,0,,27.27757284,31.964134216308594,13.177725791931152
reaction:2540,XPhos,3,,24.95662893,24.62717628479004,11.426908493041992
reaction:2541,XPhos,0,,45.54864618,44.482025146484375,11.519621849060059
reaction:2542,XPhos,3,,42.79858664,53.046180725097656,12.504321098327637
reaction:2543,XPhos,3,,8.905135224,6.389339447021484,11.297741889953613
reaction:2544,XPhos,4,,18.1199602,19.006114959716797,11.09321403503418
reaction:2545,XPhos,0,,27.22195897,35.32400131225586,11.628885269165039
reaction:2546,XPhos,1,,8.286467695,15.57647705078125,10.581527709960938
reaction:2547,XPhos,3,,22.46669781,28.432445526123047,11.519994735717773
reaction:2548,XPhos,0,,37.70168941,40.02296829223633,15.818584442138672
reaction:2549,XPhos,2,,0.0,0.3948783874511719,11.99620246887207
reaction:2550,XPhos,2,,8.034140762,7.792791366577148,11.971845626831055
reaction:2551,XPhos,4,,20.18480169,15.791679382324219,13.4918851852417
reaction:2552,XPhos,2,,0.662349524,2.3653297424316406,10.238568305969238
reaction:2553,XPhos,4,,21.77773542,27.635576248168945,10.898508071899414
reaction:2554,XPhos,0,,53.28001638,46.92729187011719,13.435002326965332
reaction:2555,XPhos,0,,23.90935743,29.082538604736328,12.065255165100098
reaction:2556,XPhos,0,,47.15771685,50.78257369995117,11.727456092834473
reaction:2557,XPhos,2,,62.53548833,54.688499450683594,11.766332626342773
reaction:2558,XPhos,4,,4.577603745,8.015811920166016,11.223461151123047
reaction:2559,XPhos,1,,21.19444726,20.2990665435791,10.507637023925781
reaction:2560,XPhos,3,,42.00065126,34.2305793762207,10.36915397644043
reaction:2561,XPhos,4,,18.40035471,19.558073043823242,15.356834411621094
reaction:2562,XPhos,3,,16.25238798,31.576946258544922,15.157812118530273
reaction:2563,XPhos,0,,42.71521565,42.73750305175781,15.730955123901367
reaction:2564,XPhos,4,,0.0,1.1302604675292969,8.886503219604492
reaction:2565,XPhos,0,,39.12148383,28.4307804107666,14.73261547088623
reaction:2566,XPhos,2,,47.59873076,34.36970520019531,14.85773754119873
reaction:2567,XPhos,3,,3.5977898880000003,9.20587158203125,10.817172050476074
reaction:2568,XPhos,1,,69.98737297,45.501853942871094,10.114137649536133
reaction:2569,XPhos,1,,70.05483344,51.87007141113281,12.704911231994629
reaction:2570,XPhos,4,,20.97581455,36.03031539916992,11.451642990112305
reaction:2571,XPhos,2,,23.18775097,42.43098449707031,11.100874900817871
reaction:2572,XPhos,3,,22.00500964,43.27968215942383,12.728580474853516
reaction:2573,XPhos,3,,18.04784884,15.725242614746094,20.4820499420166
reaction:2574,XPhos,3,,23.57347354,30.04969024658203,16.178470611572266
reaction:2575,XPhos,1,,81.35759178,40.28058624267578,16.777803421020508
reaction:2576,XPhos,3,,14.75153907,11.167764663696289,11.22115707397461
reaction:2577,XPhos,1,,31.62416369,26.770998001098633,11.784518241882324
reaction:2578,XPhos,2,,37.39576088,33.2595329284668,13.723388671875
reaction:2579,XPhos,0,,0.448085745,0.5167617797851562,11.135995864868164
reaction:2580,XPhos,3,,13.27473408,11.796710968017578,14.006733894348145
reaction:2581,XPhos,3,,17.72318391,19.583526611328125,11.316520690917969
reaction:2582,XPhos,4,,3.418730848,0.449981689453125,12.185611724853516
reaction:2583,XPhos,2,,25.1224442,25.594118118286133,11.36611270904541
reaction:2584,XPhos,3,,30.07190595,33.65190124511719,12.582891464233398
reaction:2585,XPhos,2,,22.54874195,21.247102737426758,11.571433067321777
reaction:2586,XPhos,0,,36.80117668,40.38636779785156,11.651899337768555
reaction:2587,XPhos,0,,42.20791273,45.77750778198242,14.267391204833984
reaction:2588,XPhos,3,,8.748271212999999,5.581724166870117,11.861410140991211
reaction:2589,XPhos,4,,19.13281286,20.673797607421875,11.212223052978516
reaction:2590,XPhos,3,,27.47497093,38.255279541015625,10.907866477966309
reaction:2591,XPhos,3,,9.361658454,11.418317794799805,10.645149230957031
reaction:2592,XPhos,1,,22.12521071,27.77246856689453,9.466729164123535
reaction:2593,XPhos,2,,38.83428513,39.76127243041992,12.126028060913086
reaction:2594,XPhos,1,,0.0,0.829864501953125,9.531390190124512
reaction:2595,XPhos,0,,9.540244592,10.255319595336914,14.578414916992188
reaction:2596,XPhos,0,,21.41511712,19.774703979492188,14.677108764648438
reaction:2597,XPhos,4,,2.217163117,1.3484687805175781,12.151266098022461
reaction:2598,XPhos,3,,25.83582864,28.043590545654297,11.518921852111816
reaction:2599,XPhos,0,,53.84533811,47.28067398071289,13.49686336517334
reaction:2600,XPhos,4,,25.36847762,30.009422302246094,11.503148078918457
reaction:2601,XPhos,0,,50.91041247,47.90996551513672,11.857013702392578
reaction:2602,XPhos,3,,62.69909879,53.10392761230469,12.60837459564209
reaction:2603,XPhos,1,,5.005508734,8.128559112548828,9.690339088439941
reaction:2604,XPhos,1,,24.92895829,22.416038513183594,10.430354118347168
reaction:2605,XPhos,2,,43.08223061,39.07596206665039,10.500117301940918
reaction:2606,XPhos,0,,26.47105008,22.457504272460938,19.084482192993164
reaction:2607,XPhos,0,,15.00790512,29.551820755004883,18.87360191345215
reaction:2608,XPhos,1,,40.67066673,39.57360076904297,18.296167373657227
reaction:2609,XPhos,2,,10.03471889,20.452335357666016,24.61595916748047
reaction:2610,XPhos,1,,44.50757189,37.69527053833008,18.51410675048828
reaction:2611,XPhos,2,,50.81226991,38.381404876708984,19.330602645874023
reaction:2612,XPhos,4,,13.26153778,11.845746994018555,23.88507843017578
reaction:2613,XPhos,3,,66.43295508,38.32585525512695,17.087717056274414
reaction:2614,XPhos,3,,69.21564786,42.027122497558594,17.84790802001953
reaction:2615,XPhos,4,,16.47592229,35.26616668701172,18.856847763061523
reaction:2616,XPhos,0,,19.59466142,40.057003021240234,17.019287109375
reaction:2617,XPhos,3,,19.12358264,31.29864501953125,17.94171714782715
reaction:2618,XPhos,2,,37.0158274,19.381702423095703,23.427349090576172
reaction:2619,XPhos,4,,10.02539168,27.17386817932129,21.658756256103516
reaction:2620,XPhos,3,,41.01536377,37.349849700927734,18.671722412109375
reaction:2621,XPhos,4,,17.88950545,13.666154861450195,19.096851348876953
reaction:2622,XPhos,1,,30.84474943,25.475486755371094,18.344350814819336
reaction:2623,XPhos,3,,42.94679968,33.088340759277344,16.118146896362305
reaction:2624,XPhos,4,,39.22831543,34.699790954589844,18.73747444152832
reaction:2625,XPhos,4,,47.13740479,39.752689361572266,19.751115798950195
reaction:2626,XPhos,4,,49.46765787,28.467029571533203,19.58422088623047
reaction:2627,XPhos,4,,6.2629300720000005,6.203073501586914,19.814836502075195
reaction:2628,XPhos,3,,24.92429214,31.12053108215332,15.061487197875977
reaction:2629,XPhos,4,,29.29928272,43.21217727661133,18.401390075683594
reaction:2630,XPhos,3,,26.0695387,21.713069915771484,15.27895736694336
reaction:2631,XPhos,1,,40.32928262,47.77853775024414,17.10407829284668
reaction:2632,XPhos,4,,46.57912629,51.62721252441406,19.653940200805664
reaction:2633,XPhos,2,,10.87603871,9.692583084106445,19.86858558654785
reaction:2634,XPhos,1,,19.12422917,23.077503204345703,17.640911102294922
reaction:2635,XPhos,4,,30.41179661,36.180782318115234,18.918827056884766
reaction:2636,XPhos,2,,12.69227905,19.295639038085938,19.27310562133789
reaction:2637,XPhos,2,,24.01338043,32.96105194091797,19.29644012451172
reaction:2638,XPhos,0,,38.95047983,49.2353515625,18.193254470825195
reaction:2639,XPhos,3,,38.99137319,35.40833282470703,18.93550682067871
reaction:2640,XPhos,1,,45.82883908,41.17365646362305,19.324771881103516
reaction:2641,XPhos,4,,50.09626002,31.402904510498047,19.73443603515625
reaction:2642,XPhos,3,,5.967393026,8.306856155395508,18.549732208251953
reaction:2643,XPhos,3,,28.83921229,37.1587028503418,14.742595672607422
reaction:2644,XPhos,1,,55.76912496,45.309776306152344,18.164316177368164
reaction:2645,XPhos,4,,27.19452945,32.79176712036133,18.37397003173828
reaction:2646,XPhos,4,,55.41075316,46.63340759277344,18.33761215209961
reaction:2647,XPhos,1,,64.88423444,55.02580642700195,18.301097869873047
reaction:2648,XPhos,3,,7.65708472,13.580202102661133,18.751401901245117
reaction:2649,XPhos,3,,24.91728565,24.732288360595703,17.17734146118164
reaction:2650,XPhos,1,,43.47281583,36.79977798461914,17.83976173400879
reaction:2651,XPhos,3,,6.618305452,14.257570266723633,14.957791328430176
reaction:2652,XPhos,2,,19.22189421,17.280803680419922,16.42021369934082
reaction:2653,XPhos,4,,38.88169758,28.399311065673828,14.971224784851074
reaction:2654,XPhos,3,,0.0,-0.02435302734375,21.074785232543945
reaction:2655,XPhos,1,,8.123761297,18.98906707763672,15.646708488464355
reaction:2656,XPhos,1,,9.226197008,22.751407623291016,13.172470092773438
reaction:2657,XPhos,3,,0.340410651,5.434947967529297,10.07802677154541
reaction:2658,XPhos,3,,32.95642094,39.3404541015625,10.496359825134277
reaction:2659,XPhos,3,,47.36333704,44.37889862060547,12.098713874816895
reaction:2660,XPhos,1,,24.01631717,20.18018913269043,10.88896369934082
reaction:2661,XPhos,1,,30.07960625,24.986398696899414,10.66877269744873
reaction:2662,XPhos,1,,29.79340439,24.45345687866211,13.622286796569824
reaction:2663,XPhos,1,,3.1690993310000004,15.843860626220703,12.571078300476074
reaction:2664,XPhos,4,,18.20970217,16.859516143798828,17.377544403076172
reaction:2665,XPhos,4,,28.27747642,40.11654281616211,15.087475776672363
reaction:2666,XPhos,2,,9.330486935,7.001110076904297,12.252974510192871
reaction:2667,XPhos,1,,24.08891574,21.041519165039062,11.830458641052246
reaction:2668,XPhos,2,,26.99117029,29.857173919677734,13.479637145996094
reaction:2669,XPhos,3,,0.0,0.15790557861328125,10.6649751663208
reaction:2670,XPhos,4,,7.405890222999999,3.940826416015625,13.822545051574707
reaction:2671,XPhos,4,,8.430071853,7.153470993041992,12.95566463470459
reaction:2672,XPhos,4,,0.72962294,0.5987510681152344,12.259016036987305
reaction:2673,XPhos,3,,20.3250042,18.680225372314453,11.263901710510254
reaction:2674,XPhos,4,,20.51920273,26.046955108642578,11.664196014404297
reaction:2675,XPhos,3,,21.60400316,17.661117553710938,11.427972793579102
reaction:2676,XPhos,4,,30.2871506,38.41999435424805,11.417815208435059
reaction:2677,XPhos,2,,38.85520908,41.443172454833984,12.540205955505371
reaction:2678,XPhos,4,,4.143900161,3.6455154418945312,11.660005569458008
reaction:2679,XPhos,2,,16.01570816,15.01521110534668,10.653779983520508
reaction:2680,XPhos,0,,19.48013153,25.338972091674805,11.534000396728516
reaction:2681,XPhos,1,,5.982836529,10.935033798217773,10.67940616607666
reaction:2682,XPhos,3,,19.02499104,24.80706214904785,11.465883255004883
reaction:2683,XPhos,0,,34.0336157,35.07853698730469,15.75062084197998
reaction:2684,XPhos,2,,0.0,0.4655189514160156,12.066802978515625
reaction:2685,XPhos,0,,4.698019536,4.183807373046875,14.425349235534668
reaction:2686,XPhos,2,,8.109204436,11.363746643066406,11.396774291992188
reaction:2687,XPhos,0,,0.94272788,0.7851524353027344,10.449645042419434
reaction:2688,XPhos,3,,17.29489164,21.533288955688477,10.976866722106934
reaction:2689,XPhos,4,,38.16631108,38.62115478515625,12.059523582458496
reaction:2690,XPhos,4,,25.48313253,23.767953872680664,11.837410926818848
reaction:2691,XPhos,4,,49.96376516,44.1632080078125,11.772485733032227
reaction:2692,XPhos,4,,54.07334238,51.14427185058594,13.560125350952148
reaction:2693,XPhos,3,,3.609434473,3.968128204345703,11.165416717529297
reaction:2694,XPhos,0,,16.57162393,20.279237747192383,10.202289581298828
reaction:2695,XPhos,2,,32.51941474,28.13509750366211,10.250381469726562
reaction:2696,t-BuXPhos,3,,24.17024028,24.927316665649414,19.791484832763672
reaction:2697,t-BuXPhos,0,,35.80552258,39.71940231323242,13.137414932250977
reaction:2698,t-BuXPhos,4,,40.2947746,42.19490432739258,15.39867877960205
reaction:2699,t-BuXPhos,2,,3.120933892,1.3449134826660156,22.15291404724121
reaction:2700,t-BuXPhos,0,,42.30149711,46.89459991455078,13.353808403015137
reaction:2701,t-BuXPhos,2,,40.31193463,45.3419189453125,14.97829818725586
reaction:2702,t-BuXPhos,1,,10.90397812,6.716215133666992,17.504117965698242
reaction:2703,t-BuXPhos,1,,61.05645885,61.97027587890625,10.710204124450684
reaction:2704,t-BuXPhos,1,,64.44051661,59.792850494384766,12.873892784118652
reaction:2705,t-BuXPhos,1,,70.14701034,61.66346740722656,11.022250175476074
reaction:2706,t-BuXPhos,1,,70.25926715,67.88825988769531,11.150626182556152
reaction:2707,t-BuXPhos,1,,73.95050649,65.8405532836914,13.461999893188477
reaction:2708,t-BuXPhos,2,,27.32089436,29.653852462768555,21.566133499145508
reaction:2709,t-BuXPhos,2,,72.8784855,58.60099792480469,18.976863861083984
reaction:2710,t-BuXPhos,4,,74.62339174,60.54283905029297,16.48677635192871
reaction:2711,t-BuXPhos,1,,21.83853262,18.91508674621582,10.051337242126465
reaction:2712,t-BuXPhos,0,,34.89766998,35.59417724609375,9.229119300842285
reaction:2713,t-BuXPhos,0,,40.40712226,37.92563247680664,12.194522857666016
reaction:2714,t-BuXPhos,0,,0.3399420529999999,0.4615745544433594,11.450343132019043
reaction:2715,t-BuXPhos,3,,37.12675544,32.029685974121094,14.232219696044922
reaction:2716,t-BuXPhos,0,,34.27058432,36.229251861572266,10.27585220336914
reaction:2717,t-BuXPhos,3,,1.3589469669999998,-0.01935577392578125,11.227457046508789
reaction:2718,t-BuXPhos,1,,57.33300234,56.332210540771484,11.330276489257812
reaction:2719,t-BuXPhos,1,,64.45105489,59.70341873168945,13.425844192504883
reaction:2720,t-BuXPhos,2,,61.13755675,60.58784484863281,11.129929542541504
reaction:2721,t-BuXPhos,3,,70.67829218,66.39407348632812,11.062566757202148
reaction:2722,t-BuXPhos,0,,58.46064001,67.24359893798828,11.947983741760254
reaction:2723,t-BuXPhos,1,,21.26152094,14.181215286254883,11.050030708312988
reaction:2724,t-BuXPhos,1,,61.01774399,64.45889282226562,10.838260650634766
reaction:2725,t-BuXPhos,4,,68.67316565,63.41374969482422,10.843615531921387
reaction:2726,t-BuXPhos,2,,24.48223218,24.58600616455078,11.63346004486084
reaction:2727,t-BuXPhos,4,,38.35488356,38.52553176879883,10.187796592712402
reaction:2728,t-BuXPhos,0,,42.68462411,44.30848693847656,11.624759674072266
reaction:2729,t-BuXPhos,2,,0.399824711,1.2017288208007812,12.236544609069824
reaction:2730,t-BuXPhos,3,,47.37471195,40.16853332519531,13.970559120178223
reaction:2731,t-BuXPhos,2,,42.52654707,42.53767013549805,12.897107124328613
reaction:2732,t-BuXPhos,2,,1.442502721,6.07200813293457,10.671987533569336
reaction:2733,t-BuXPhos,0,,67.97015702,69.56201934814453,10.427221298217773
reaction:2734,t-BuXPhos,3,,67.99152053,72.41749572753906,12.075644493103027
reaction:2735,t-BuXPhos,2,,83.17489955,79.12066650390625,10.940690994262695
reaction:2736,t-BuXPhos,1,,81.27460019,84.68978881835938,11.197357177734375
reaction:2737,t-BuXPhos,3,,84.68245385,83.30860900878906,12.579299926757812
reaction:2738,t-BuXPhos,0,,23.79770547,32.526023864746094,10.869145393371582
reaction:2739,t-BuXPhos,0,,79.51166554,79.77279663085938,9.023715019226074
reaction:2740,t-BuXPhos,0,,79.64252926,86.87139892578125,10.113750457763672
reaction:2741,t-BuXPhos,1,,31.73318055,24.147180557250977,16.274782180786133
reaction:2742,t-BuXPhos,0,,33.92093167,37.20092010498047,13.237667083740234
reaction:2743,t-BuXPhos,3,,38.41251828,35.91182327270508,14.106410026550293
reaction:2744,t-BuXPhos,3,,1.277604509,1.6706104278564453,20.042407989501953
reaction:2745,t-BuXPhos,4,,46.04956103,42.26327133178711,14.253569602966309
reaction:2746,t-BuXPhos,4,,43.335395,42.890892028808594,14.18451976776123
reaction:2747,t-BuXPhos,2,,9.850315112,6.079128265380859,15.339319229125977
reaction:2748,t-BuXPhos,2,,63.8388463,59.41105651855469,11.493999481201172
reaction:2749,t-BuXPhos,0,,64.60187181,58.67809295654297,12.081111907958984
reaction:2750,t-BuXPhos,1,,54.53336611,60.72047424316406,10.86515998840332
reaction:2751,t-BuXPhos,4,,55.70352222,67.59844970703125,11.351057052612305
reaction:2752,t-BuXPhos,0,,57.7580975,67.12960815429688,13.000044822692871
reaction:2753,t-BuXPhos,0,,51.955783200000006,26.111576080322266,15.014802932739258
reaction:2754,t-BuXPhos,4,,71.32414041,55.95587158203125,17.7404727935791
reaction:2755,t-BuXPhos,3,,78.36249844,59.24192810058594,15.857181549072266
reaction:2756,t-BuXPhos,4,,31.26129694,26.015029907226562,11.234485626220703
reaction:2757,t-BuXPhos,3,,38.72175402,34.73833084106445,11.037971496582031
reaction:2758,t-BuXPhos,4,,36.57290373,37.171142578125,15.047204971313477
reaction:2759,t-BuXPhos,4,,0.719285108,0.16002655029296875,10.836136817932129
reaction:2760,t-BuXPhos,4,,36.22635154,36.33005905151367,13.373459815979004
reaction:2761,t-BuXPhos,1,,33.94655387,40.169734954833984,14.532423973083496
reaction:2762,t-BuXPhos,0,,3.373624056,2.7982349395751953,12.696375846862793
reaction:2763,t-BuXPhos,1,,54.46826622,58.714141845703125,11.283714294433594
reaction:2764,t-BuXPhos,2,,62.7905956,63.42955017089844,13.373041152954102
reaction:2765,t-BuXPhos,3,,66.11270607,59.76058578491211,11.895620346069336
reaction:2766,t-BuXPhos,0,,66.35401825,68.48441314697266,11.31187915802002
reaction:2767,t-BuXPhos,4,,65.50261834,64.61406707763672,13.804816246032715
reaction:2768,t-BuXPhos,4,,33.03335054,24.866989135742188,10.898226737976074
reaction:2769,t-BuXPhos,0,,65.91039362,61.92030334472656,9.056103706359863
reaction:2770,t-BuXPhos,3,,67.31022474,63.54231643676758,10.772019386291504
reaction:2771,t-BuXPhos,3,,33.931236600000005,33.1867561340332,11.640625953674316
reaction:2772,t-BuXPhos,0,,40.60161129,42.23299789428711,9.690410614013672
reaction:2773,t-BuXPhos,1,,42.25144884,42.216976165771484,15.694021224975586
reaction:2774,t-BuXPhos,0,,1.152603634,1.447408676147461,11.225114822387695
reaction:2775,t-BuXPhos,2,,46.21141257,46.00972366333008,14.593857765197754
reaction:2776,t-BuXPhos,3,,44.40779423,44.024749755859375,14.213310241699219
reaction:2777,t-BuXPhos,0,,3.864236463,4.967540740966797,12.288743019104004
reaction:2778,t-BuXPhos,1,,69.25619095,69.84503173828125,10.92326545715332
reaction:2779,t-BuXPhos,3,,68.71737558,72.90542602539062,12.491911888122559
reaction:2780,t-BuXPhos,3,,82.51131881,78.92497253417969,11.908907890319824
reaction:2781,t-BuXPhos,1,,84.42429873,82.82887268066406,11.16987133026123
reaction:2782,t-BuXPhos,0,,83.82528245,85.73739624023438,11.921992301940918
reaction:2783,t-BuXPhos,0,,33.61928283,40.44276809692383,11.01197624206543
reaction:2784,t-BuXPhos,2,,76.73725946,84.93892669677734,10.909872055053711
reaction:2785,t-BuXPhos,0,,78.2529931,87.26226806640625,10.255792617797852
reaction:2786,t-BuXPhos,0,,33.44709826,32.20283126831055,21.02800941467285
reaction:2787,t-BuXPhos,3,,36.56526068,43.34977340698242,18.26116943359375
reaction:2788,t-BuXPhos,2,,39.55792883,44.64947509765625,19.216753005981445
reaction:2789,t-BuXPhos,0,,8.38964842,23.239967346191406,22.733169555664062
reaction:2790,t-BuXPhos,0,,65.92742304,54.73002243041992,19.12288475036621
reaction:2791,t-BuXPhos,2,,63.53284655,52.00762176513672,19.622743606567383
reaction:2792,t-BuXPhos,0,,9.771808987,11.55526351928711,21.629167556762695
reaction:2793,t-BuXPhos,1,,64.80559966,65.38831329345703,17.01009178161621
reaction:2794,t-BuXPhos,2,,63.41514905,61.16853332519531,18.201894760131836
reaction:2795,t-BuXPhos,2,,62.46560879,65.4924545288086,17.362234115600586
reaction:2796,t-BuXPhos,1,,64.57811697,70.18829345703125,17.137630462646484
reaction:2797,t-BuXPhos,4,,63.222267,68.23603820800781,19.575408935546875
reaction:2798,t-BuXPhos,3,,65.33671460000001,31.523481369018555,21.48019790649414
reaction:2799,t-BuXPhos,0,,72.70586315,62.705623626708984,18.289396286010742
reaction:2800,t-BuXPhos,4,,76.79526891,61.158287048339844,21.259374618530273
reaction:2801,t-BuXPhos,3,,33.27025402,31.702136993408203,18.339365005493164
reaction:2802,t-BuXPhos,2,,39.35320613,36.1664924621582,15.692617416381836
reaction:2803,t-BuXPhos,1,,39.02512557,35.80284118652344,18.713411331176758
reaction:2804,t-BuXPhos,4,,41.03794598,36.26362228393555,19.238601684570312
reaction:2805,t-BuXPhos,3,,57.95486785,55.118736267089844,15.524194717407227
reaction:2806,t-BuXPhos,1,,52.14546944,48.979637145996094,18.05460548400879
reaction:2807,t-BuXPhos,2,,5.06261629,3.0141983032226562,19.304691314697266
reaction:2808,t-BuXPhos,1,,57.19204969,57.1082763671875,16.113346099853516
reaction:2809,t-BuXPhos,3,,59.81582481,59.516624450683594,13.90500545501709
reaction:2810,t-BuXPhos,3,,62.39976577,65.3982925415039,12.836199760437012
reaction:2811,t-BuXPhos,2,,66.50686069,68.09286499023438,13.65615177154541
reaction:2812,t-BuXPhos,1,,62.22086343,66.56609344482422,17.74861717224121
reaction:2813,t-BuXPhos,3,,37.522573,22.68004035949707,18.93585968017578
reaction:2814,t-BuXPhos,0,,60.65973957,60.9426383972168,17.79499626159668
reaction:2815,t-BuXPhos,3,,65.9488999,67.73550415039062,15.984381675720215
reaction:2816,t-BuXPhos,1,,37.07516302,37.501319885253906,18.443342208862305
reaction:2817,t-BuXPhos,0,,39.89366621,44.550228118896484,17.877138137817383
reaction:2818,t-BuXPhos,0,,41.55598689,46.927757263183594,18.41900062561035
reaction:2819,t-BuXPhos,2,,42.05804129999999,37.24281311035156,19.909128189086914
reaction:2820,t-BuXPhos,0,,66.26538653,63.35712432861328,17.958467483520508
reaction:2821,t-BuXPhos,3,,56.80622374,60.750221252441406,15.445748329162598
reaction:2822,t-BuXPhos,3,,5.460903942000001,8.624780654907227,18.76382827758789
reaction:2823,t-BuXPhos,0,,69.07936453,70.49079895019531,17.459829330444336
reaction:2824,t-BuXPhos,1,,67.52036403,71.52964782714844,17.296066284179688
reaction:2825,t-BuXPhos,0,,84.81458604,80.44183349609375,17.343584060668945
reaction:2826,t-BuXPhos,0,,83.82537223,81.50379180908203,17.647411346435547
reaction:2827,t-BuXPhos,2,,85.99469652,79.46149444580078,14.899011611938477
reaction:2828,t-BuXPhos,3,,45.19876304,29.025115966796875,19.000045776367188
reaction:2829,t-BuXPhos,0,,78.63353277,75.72978210449219,18.05645179748535
reaction:2830,t-BuXPhos,0,,81.63071985,82.23821258544922,17.997541427612305
reaction:2831,t-BuXPhos,3,,17.50108516,22.664962768554688,19.78789520263672
reaction:2832,t-BuXPhos,4,,38.94339394,41.00595474243164,14.151525497436523
reaction:2833,t-BuXPhos,4,,40.11142329,42.610877990722656,15.635035514831543
reaction:2834,t-BuXPhos,3,,0.0,1.5781326293945312,19.852006912231445
reaction:2835,t-BuXPhos,3,,42.74477554,48.542449951171875,13.659812927246094
reaction:2836,t-BuXPhos,2,,44.8781348,44.998504638671875,15.131623268127441
reaction:2837,t-BuXPhos,1,,0.6491105420000001,7.106321334838867,17.55031394958496
reaction:2838,t-BuXPhos,2,,65.57301901,65.81846618652344,11.321494102478027
reaction:2839,t-BuXPhos,2,,66.67600965,61.99537658691406,13.492915153503418
reaction:2840,t-BuXPhos,4,,70.24905586,63.03987503051758,11.753768920898438
reaction:2841,t-BuXPhos,1,,69.97972982,71.70173645019531,11.148303985595703
reaction:2842,t-BuXPhos,0,,75.73582011,71.12490844726562,12.80268383026123
reaction:2843,t-BuXPhos,3,,8.776630532999999,23.128826141357422,16.655452728271484
reaction:2844,t-BuXPhos,2,,74.07785582,58.815181732177734,19.057886123657227
reaction:2845,t-BuXPhos,1,,75.28558302,69.53363037109375,17.069162368774414
reaction:2846,t-BuXPhos,4,,12.26279814,9.450019836425781,11.458141326904297
reaction:2847,t-BuXPhos,3,,37.31441052,34.58919906616211,10.397109031677246
reaction:2848,t-BuXPhos,0,,36.58867026,36.447105407714844,12.031148910522461
reaction:2849,t-BuXPhos,1,,0.0,-0.6269798278808594,11.492294311523438
reaction:2850,t-BuXPhos,2,,38.66523027,37.09297180175781,14.66710376739502
reaction:2851,t-BuXPhos,1,,31.57364304,38.3446159362793,14.626177787780762
reaction:2852,t-BuXPhos,4,,0.638545637,-0.8379478454589844,12.296433448791504
reaction:2853,t-BuXPhos,1,,57.71086681,56.92524337768555,11.427891731262207
reaction:2854,t-BuXPhos,2,,59.93143231,61.75308609008789,13.23078727722168
reaction:2855,t-BuXPhos,3,,61.82340519,62.212242126464844,11.348796844482422
reaction:2856,t-BuXPhos,1,,71.09717455,68.11737060546875,11.45834732055664
reaction:2857,t-BuXPhos,2,,59.66718586,68.74113464355469,13.594779968261719
reaction:2858,t-BuXPhos,0,,6.7680647810000005,15.737283706665039,10.945473670959473
reaction:2859,t-BuXPhos,0,,63.07769687,62.561729431152344,8.778146743774414
reaction:2860,t-BuXPhos,4,,68.10761052,70.27125549316406,11.394303321838379
reaction:2861,t-BuXPhos,3,,12.21708819,19.053754806518555,11.022346496582031
reaction:2862,t-BuXPhos,4,,40.36775448,40.52207946777344,10.688993453979492
reaction:2863,t-BuXPhos,2,,42.68363634,42.981815338134766,12.012969017028809
reaction:2864,t-BuXPhos,4,,0.0,1.2663288116455078,11.34769058227539
reaction:2865,t-BuXPhos,3,,47.71503964,44.11388397216797,13.881013870239258
reaction:2866,t-BuXPhos,2,,44.37252425,41.450069427490234,13.059486389160156
reaction:2867,t-BuXPhos,4,,0.609947969,1.4584827423095703,12.812252044677734
reaction:2868,t-BuXPhos,3,,70.19925962,69.7633056640625,11.085041999816895
reaction:2869,t-BuXPhos,1,,65.42133393,71.7799072265625,12.876535415649414
reaction:2870,t-BuXPhos,4,,84.64975432,78.46966552734375,11.642122268676758
reaction:2871,t-BuXPhos,2,,83.38501147,84.52346801757812,10.839493751525879
reaction:2872,t-BuXPhos,0,,86.49714531,83.0311508178711,11.709450721740723
reaction:2873,t-BuXPhos,0,,0.0,26.780132293701172,10.88913631439209
reaction:2874,t-BuXPhos,1,,78.00288409,81.74366760253906,10.954870223999023
reaction:2875,t-BuXPhos,4,,79.34654649,88.15625,10.979667663574219
reaction:2876,t-BuBrettPhos,2,,7.147036957999999,5.765388488769531,12.877098083496094
reaction:2877,t-BuBrettPhos,2,,28.25277351,30.75259017944336,15.326348304748535
reaction:2878,t-BuBrettPhos,2,,34.79607292,34.31218338012695,14.302021980285645
reaction:2879,t-BuBrettPhos,1,,0.4713272579999999,0.9833869934082031,13.599717140197754
reaction:2880,t-BuBrettPhos,0,,38.40946204,39.62310028076172,14.009635925292969
reaction:2881,t-BuBrettPhos,2,,42.82874785,44.375186920166016,15.061542510986328
reaction:2882,t-BuBrettPhos,1,,6.975926865,6.876626968383789,13.718915939331055
reaction:2883,t-BuBrettPhos,1,,54.39040243,63.21324157714844,10.447269439697266
reaction:2884,t-BuBrettPhos,4,,68.43167679,63.106868743896484,11.631999015808105
reaction:2885,t-BuBrettPhos,4,,70.51359377,66.90402221679688,11.356974601745605
reaction:2886,t-BuBrettPhos,0,,72.16100406,70.27508544921875,10.82060718536377
reaction:2887,t-BuBrettPhos,1,,78.28452045,74.73020935058594,13.184554100036621
reaction:2888,t-BuBrettPhos,1,,6.877576478,5.445993423461914,13.46838665008545
reaction:2889,t-BuBrettPhos,0,,47.63735715,43.31344223022461,16.104089736938477
reaction:2890,t-BuBrettPhos,4,,52.16406686,47.84934616088867,15.495691299438477
reaction:2891,t-BuBrettPhos,0,,3.849200649,5.79698371887207,11.236808776855469
reaction:2892,t-BuBrettPhos,2,,35.33279168,34.55422592163086,12.140411376953125
reaction:2893,t-BuBrettPhos,1,,37.62624076,38.11644744873047,12.62822151184082
reaction:2894,t-BuBrettPhos,0,,0.0,0.6714591979980469,9.155241012573242
reaction:2895,t-BuBrettPhos,4,,25.94389985,25.784278869628906,11.037971496582031
reaction:2896,t-BuBrettPhos,3,,42.12607272,36.79689407348633,12.136334419250488
reaction:2897,t-BuBrettPhos,4,,3.554195282,3.272428512573242,10.207735061645508
reaction:2898,t-BuBrettPhos,4,,50.4472159,47.016258239746094,10.898514747619629
reaction:2899,t-BuBrettPhos,4,,62.03548199,64.74976348876953,12.193693161010742
reaction:2900,t-BuBrettPhos,3,,55.58164705,49.2870979309082,11.071632385253906
reaction:2901,t-BuBrettPhos,2,,56.60877307,60.733428955078125,10.745716094970703
reaction:2902,t-BuBrettPhos,0,,69.52780108,69.47256469726562,10.837562561035156
reaction:2903,t-BuBrettPhos,3,,2.7908224180000003,9.639337539672852,11.223395347595215
reaction:2904,t-BuBrettPhos,3,,55.60412419,59.08367156982422,10.307303428649902
reaction:2905,t-BuBrettPhos,0,,65.50667277,64.30720520019531,10.676558494567871
reaction:2906,t-BuBrettPhos,1,,3.638207936,6.916042327880859,10.155511856079102
reaction:2907,t-BuBrettPhos,4,,35.20060583,36.396610260009766,14.060927391052246
reaction:2908,t-BuBrettPhos,3,,40.48594286,41.780338287353516,10.994293212890625
reaction:2909,t-BuBrettPhos,3,,0.0,0.8269729614257812,9.874140739440918
reaction:2910,t-BuBrettPhos,1,,31.9378098,34.45172119140625,11.870733261108398
reaction:2911,t-BuBrettPhos,3,,49.97942971,42.22746276855469,12.040519714355469
reaction:2912,t-BuBrettPhos,4,,4.04132523,4.054203033447266,10.217134475708008
reaction:2913,t-BuBrettPhos,4,,55.23935567,61.636688232421875,10.876821517944336
reaction:2914,t-BuBrettPhos,3,,71.83207772,72.05416870117188,11.852853775024414
reaction:2915,t-BuBrettPhos,4,,71.00136701,75.14115905761719,11.79442310333252
reaction:2916,t-BuBrettPhos,1,,80.78104004,78.20112609863281,11.077874183654785
reaction:2917,t-BuBrettPhos,1,,91.13914928,88.45526123046875,12.653677940368652
reaction:2918,t-BuBrettPhos,3,,2.354282195,11.106040954589844,10.558627128601074
reaction:2919,t-BuBrettPhos,3,,72.70181754,75.1318359375,10.459352493286133
reaction:2920,t-BuBrettPhos,3,,81.99763098,85.00865173339844,9.798755645751953
reaction:2921,t-BuBrettPhos,1,,1.2229069259999998,8.49176025390625,13.5743989944458
reaction:2922,t-BuBrettPhos,2,,24.60563466,34.6247673034668,15.574077606201172
reaction:2923,t-BuBrettPhos,3,,33.55651029,37.9789924621582,13.243598937988281
reaction:2924,t-BuBrettPhos,3,,0.0,0.7504081726074219,16.80583953857422
reaction:2925,t-BuBrettPhos,3,,46.67086698,46.15544509887695,13.467191696166992
reaction:2926,t-BuBrettPhos,1,,49.72808893,46.47691345214844,13.48294448852539
reaction:2927,t-BuBrettPhos,1,,7.810317962999999,7.256038665771484,13.671756744384766
reaction:2928,t-BuBrettPhos,2,,64.56169067,68.92765045166016,11.187308311462402
reaction:2929,t-BuBrettPhos,2,,69.13688603,68.04798889160156,12.680835723876953
reaction:2930,t-BuBrettPhos,0,,80.28534176,75.89593505859375,11.531515121459961
reaction:2931,t-BuBrettPhos,2,,77.62777181,79.15653228759766,11.3143310546875
reaction:2932,t-BuBrettPhos,3,,82.33244396,75.75450897216797,13.079975128173828
reaction:2933,t-BuBrettPhos,2,,0.0,8.155155181884766,16.12659454345703
reaction:2934,t-BuBrettPhos,0,,35.33291059,42.789337158203125,16.183826446533203
reaction:2935,t-BuBrettPhos,4,,55.96628365,50.93838882446289,15.59802532196045
reaction:2936,t-BuBrettPhos,2,,13.70204119,7.463146209716797,10.763418197631836
reaction:2937,t-BuBrettPhos,4,,37.08529427,33.606685638427734,13.558117866516113
reaction:2938,t-BuBrettPhos,2,,36.0162633,36.52111053466797,13.337026596069336
reaction:2939,t-BuBrettPhos,3,,0.0,0.6872940063476562,10.462870597839355
reaction:2940,t-BuBrettPhos,3,,34.74723042,33.256717681884766,11.065267562866211
reaction:2941,t-BuBrettPhos,3,,40.08752213,41.675933837890625,12.576456069946289
reaction:2942,t-BuBrettPhos,3,,4.7108856,4.037958145141602,10.114681243896484
reaction:2943,t-BuBrettPhos,1,,59.00727735,50.893333435058594,10.74575424194336
reaction:2944,t-BuBrettPhos,3,,60.61766338,65.22300720214844,12.510072708129883
reaction:2945,t-BuBrettPhos,2,,56.33395035,53.71701431274414,11.72821044921875
reaction:2946,t-BuBrettPhos,2,,60.94658978,62.35662841796875,11.227157592773438
reaction:2947,t-BuBrettPhos,4,,63.37225968,71.0665054321289,13.351929664611816
reaction:2948,t-BuBrettPhos,2,,8.39178019,4.473962783813477,11.291054725646973
reaction:2949,t-BuBrettPhos,4,,56.79309437,58.788726806640625,10.788765907287598
reaction:2950,t-BuBrettPhos,2,,61.57150807,67.24700164794922,11.079544067382812
reaction:2951,t-BuBrettPhos,3,,11.32681683,13.603282928466797,10.72427749633789
reaction:2952,t-BuBrettPhos,0,,38.5374711,40.016563415527344,10.342148780822754
reaction:2953,t-BuBrettPhos,1,,41.728023,43.94078063964844,12.548166275024414
reaction:2954,t-BuBrettPhos,0,,0.0,0.8556556701660156,10.085552215576172
reaction:2955,t-BuBrettPhos,0,,46.19860459,44.43642044067383,12.25646686553955
reaction:2956,t-BuBrettPhos,3,,49.53018855,49.05809783935547,12.453408241271973
reaction:2957,t-BuBrettPhos,2,,4.961974313,6.122655868530273,10.9285249710083
reaction:2958,t-BuBrettPhos,3,,70.71411309999999,70.1722412109375,10.631852149963379
reaction:2959,t-BuBrettPhos,0,,71.82751675,77.00922393798828,10.933794021606445
reaction:2960,t-BuBrettPhos,2,,86.6996801,79.77251434326172,11.764839172363281
reaction:2961,t-BuBrettPhos,4,,84.33974431,88.74290466308594,11.601415634155273
reaction:2962,t-BuBrettPhos,4,,89.12987666,94.22588348388672,13.644596099853516
reaction:2963,t-BuBrettPhos,0,,6.458217991000001,13.088443756103516,10.6002779006958
reaction:2964,t-BuBrettPhos,0,,76.47373216,76.84201049804688,9.701391220092773
reaction:2965,t-BuBrettPhos,2,,83.59935968,88.0315170288086,11.899413108825684
reaction:2966,t-BuBrettPhos,3,,14.29478531,19.462106704711914,21.7685546875
reaction:2967,t-BuBrettPhos,3,,28.32846401,32.5466423034668,19.22800064086914
reaction:2968,t-BuBrettPhos,3,,36.31466019,39.300437927246094,18.799833297729492
reaction:2969,t-BuBrettPhos,1,,7.206982067,17.170743942260742,20.054109573364258
reaction:2970,t-BuBrettPhos,4,,57.87284649,59.111412048339844,18.985252380371094
reaction:2971,t-BuBrettPhos,2,,60.98476598,56.71240234375,19.900339126586914
reaction:2972,t-BuBrettPhos,0,,9.444894792,12.038240432739258,20.694326400756836
reaction:2973,t-BuBrettPhos,4,,65.10791868,69.64815521240234,18.078289031982422
reaction:2974,t-BuBrettPhos,3,,72.37220718,67.7552719116211,17.91888427734375
reaction:2975,t-BuBrettPhos,1,,78.76794462,76.25251770019531,18.05646514892578
reaction:2976,t-BuBrettPhos,0,,77.82985513,73.57335662841797,16.743295669555664
reaction:2977,t-BuBrettPhos,3,,79.30639259,72.60810852050781,18.302064895629883
reaction:2978,t-BuBrettPhos,2,,6.010382761,21.66802215576172,21.50856590270996
reaction:2979,t-BuBrettPhos,1,,37.26514805,42.28928756713867,20.46062660217285
reaction:2980,t-BuBrettPhos,3,,54.37431586,54.965606689453125,19.860010147094727
reaction:2981,t-BuBrettPhos,1,,27.94500953,18.41265869140625,18.779033660888672
reaction:2982,t-BuBrettPhos,0,,36.81475234,32.27754211425781,16.70292091369629
reaction:2983,t-BuBrettPhos,1,,36.76661903,34.78203582763672,19.032629013061523
reaction:2984,t-BuBrettPhos,2,,39.97323526,37.56285095214844,19.266172409057617
reaction:2985,t-BuBrettPhos,0,,57.13220837,52.79084014892578,17.316761016845703
reaction:2986,t-BuBrettPhos,0,,60.30536067,51.092262268066406,17.52878189086914
reaction:2987,t-BuBrettPhos,1,,7.74850436,10.755687713623047,18.525127410888672
reaction:2988,t-BuBrettPhos,2,,57.9781308,57.47869110107422,18.39925765991211
reaction:2989,t-BuBrettPhos,1,,66.51493362,63.23149871826172,18.165172576904297
reaction:2990,t-BuBrettPhos,1,,58.92871095,62.427860260009766,17.440494537353516
reaction:2991,t-BuBrettPhos,2,,59.21092574,62.7697639465332,18.288768768310547
reaction:2992,t-BuBrettPhos,4,,60.412252,68.72282409667969,19.22365379333496
reaction:2993,t-BuBrettPhos,4,,32.73462184,29.26818084716797,18.97993278503418
reaction:2994,t-BuBrettPhos,2,,59.47851607,60.277076721191406,19.260072708129883
reaction:2995,t-BuBrettPhos,0,,64.00575958,65.24305725097656,17.104717254638672
reaction:2996,t-BuBrettPhos,1,,29.60669897,21.54697036743164,18.81715202331543
reaction:2997,t-BuBrettPhos,1,,38.03109863,44.03125762939453,18.106822967529297
reaction:2998,t-BuBrettPhos,2,,41.71330917,47.666831970214844,19.662864685058594
reaction:2999,t-BuBrettPhos,1,,41.98383636,37.955650329589844,18.62449073791504
reaction:3000,t-BuBrettPhos,4,,67.81431274,64.89745330810547,18.233129501342773
reaction:3001,t-BuBrettPhos,0,,65.94429183,61.38914489746094,17.513580322265625
reaction:3002,t-BuBrettPhos,4,,12.64243358,9.65738296508789,19.001741409301758
reaction:3003,t-BuBrettPhos,4,,74.21032846,74.0535888671875,17.98472023010254
reaction:3004,t-BuBrettPhos,0,,75.06056887,82.83537292480469,16.284616470336914
reaction:3005,t-BuBrettPhos,3,,90.99050642,81.06257629394531,16.339393615722656
reaction:3006,t-BuBrettPhos,3,,84.34096533,83.72116088867188,16.012487411499023
reaction:3007,t-BuBrettPhos,2,,88.72522624,84.92570495605469,18.999807357788086
reaction:3008,t-BuBrettPhos,0,,36.05104123,35.877342224121094,18.031269073486328
reaction:3009,t-BuBrettPhos,0,,77.28415340000001,76.83415985107422,16.953323364257812
reaction:3010,t-BuBrettPhos,4,,85.60572483,81.12516784667969,18.537343978881836
reaction:3011,t-BuBrettPhos,4,,1.637827855,6.426309585571289,18.99435806274414
reaction:3012,t-BuBrettPhos,4,,27.00233561,29.498865127563477,15.663261413574219
reaction:3013,t-BuBrettPhos,3,,31.38632484,35.57216262817383,12.737467765808105
reaction:3014,t-BuBrettPhos,4,,0.0,0.6025390625,16.313295364379883
reaction:3015,t-BuBrettPhos,2,,38.20230031,38.404212951660156,14.183613777160645
reaction:3016,t-BuBrettPhos,4,,39.32745332,47.054779052734375,13.016704559326172
reaction:3017,t-BuBrettPhos,2,,4.950264204,6.64488410949707,12.06404972076416
reaction:3018,t-BuBrettPhos,1,,63.52683766,62.76764678955078,10.489872932434082
reaction:3019,t-BuBrettPhos,4,,64.23525691,65.72810363769531,11.964062690734863
reaction:3020,t-BuBrettPhos,2,,75.99606764,66.72183227539062,11.344562530517578
reaction:3021,t-BuBrettPhos,0,,73.60085469,71.7674789428711,10.760232925415039
reaction:3022,t-BuBrettPhos,4,,77.54678733,74.17088317871094,13.50931453704834
reaction:3023,t-BuBrettPhos,0,,0.970209889,3.451845169067383,16.23565673828125
reaction:3024,t-BuBrettPhos,3,,45.30338681,40.43075180053711,13.916916847229004
reaction:3025,t-BuBrettPhos,2,,49.87050942,48.34279251098633,15.284903526306152
reaction:3026,t-BuBrettPhos,0,,5.265059572,5.729452133178711,11.155505180358887
reaction:3027,t-BuBrettPhos,0,,36.39098731,35.155364990234375,10.198159217834473
reaction:3028,t-BuBrettPhos,4,,36.44138063,37.22782897949219,12.611141204833984
reaction:3029,t-BuBrettPhos,3,,0.0,0.6082038879394531,9.694926261901855
reaction:3030,t-BuBrettPhos,2,,35.28694368,27.148746490478516,13.376656532287598
reaction:3031,t-BuBrettPhos,0,,42.09555031,38.996498107910156,12.290165901184082
reaction:3032,t-BuBrettPhos,4,,3.678633066,3.702730178833008,10.547844886779785
reaction:3033,t-BuBrettPhos,1,,50.63065751,46.74110412597656,10.984407424926758
reaction:3034,t-BuBrettPhos,2,,61.65083258,66.31329345703125,11.79000186920166
reaction:3035,t-BuBrettPhos,1,,52.72286451,50.366539001464844,11.135492324829102
reaction:3036,t-BuBrettPhos,1,,62.07451283,58.46054458618164,11.16671371459961
reaction:3037,t-BuBrettPhos,0,,61.80067802,69.60819244384766,10.777437210083008
reaction:3038,t-BuBrettPhos,3,,3.0359005960000003,3.4063186645507812,11.042628288269043
reaction:3039,t-BuBrettPhos,3,,58.2347243,58.854774475097656,10.109474182128906
reaction:3040,t-BuBrettPhos,1,,66.48281999,63.62080764770508,10.271711349487305
reaction:3041,t-BuBrettPhos,4,,4.477162725,7.446464538574219,10.813754081726074
reaction:3042,t-BuBrettPhos,4,,37.34827699,37.55674743652344,14.386173248291016
reaction:3043,t-BuBrettPhos,4,,41.73289196,41.319610595703125,12.422937393188477
reaction:3044,t-BuBrettPhos,4,,0.0,0.7897758483886719,10.883112907409668
reaction:3045,t-BuBrettPhos,3,,37.72387007,41.652496337890625,11.385700225830078
reaction:3046,t-BuBrettPhos,0,,49.04564688,43.897308349609375,12.261329650878906
reaction:3047,t-BuBrettPhos,1,,4.390150349,4.671319961547852,10.226398468017578
reaction:3048,t-BuBrettPhos,3,,57.96795904,65.94203186035156,10.079643249511719
reaction:3049,t-BuBrettPhos,4,,73.57415684,72.422607421875,12.158812522888184
reaction:3050,t-BuBrettPhos,2,,74.69880742,75.78016662597656,11.536328315734863
reaction:3051,t-BuBrettPhos,1,,87.52908706,80.41827392578125,11.134537696838379
reaction:3052,t-BuBrettPhos,4,,89.61417594,85.70613861083984,13.793608665466309
reaction:3053,t-BuBrettPhos,0,,2.405254053,9.137584686279297,10.406647682189941
reaction:3054,t-BuBrettPhos,0,,77.09161451,75.36712646484375,9.399201393127441
reaction:3055,t-BuBrettPhos,3,,83.01646677,87.236328125,9.759784698486328
reaction:3056,AdBrettPhos,4,,6.891124522,10.662353515625,18.86181640625
reaction:3057,AdBrettPhos,0,,24.99527669,29.358911514282227,14.090851783752441
reaction:3058,AdBrettPhos,4,,37.54624547,41.65813064575195,13.839481353759766
reaction:3059,AdBrettPhos,2,,0.7063810420000001,1.2843399047851562,18.538179397583008
reaction:3060,AdBrettPhos,2,,42.52691913,45.40229034423828,13.944453239440918
reaction:3061,AdBrettPhos,2,,47.95299992,55.294342041015625,14.556567192077637
reaction:3062,AdBrettPhos,1,,2.294941324,2.191213607788086,11.521728515625
reaction:3063,AdBrettPhos,1,,62.78571552,64.46332550048828,10.87669849395752
reaction:3064,AdBrettPhos,4,,69.97034068,71.98956298828125,11.749274253845215
reaction:3065,AdBrettPhos,1,,74.06067797,65.06013488769531,11.239700317382812
reaction:3066,AdBrettPhos,3,,77.51023369,69.72572326660156,10.657501220703125
reaction:3067,AdBrettPhos,1,,80.90631241,73.94029235839844,12.30915355682373
reaction:3068,AdBrettPhos,1,,8.332944957,8.722087860107422,13.947790145874023
reaction:3069,AdBrettPhos,3,,47.89881593,43.26723098754883,14.626904487609863
reaction:3070,AdBrettPhos,2,,61.03423565,57.305511474609375,15.289607048034668
reaction:3071,AdBrettPhos,2,,3.42165598,4.653249740600586,11.79123592376709
reaction:3072,AdBrettPhos,0,,26.24845362,27.44139289855957,10.523737907409668
reaction:3073,AdBrettPhos,4,,39.43512545,34.37831115722656,12.71229362487793
reaction:3074,AdBrettPhos,4,,0.0,0.4042854309082031,10.505328178405762
reaction:3075,AdBrettPhos,0,,23.50114845,24.012680053710938,11.863618850708008
reaction:3076,AdBrettPhos,3,,39.99682926,33.668575286865234,11.506635665893555
reaction:3077,AdBrettPhos,1,,0.695599064,-0.23650360107421875,10.055281639099121
reaction:3078,AdBrettPhos,3,,39.03126202,34.49306106567383,10.698923110961914
reaction:3079,AdBrettPhos,3,,61.69857953,58.78325653076172,12.00678825378418
reaction:3080,AdBrettPhos,3,,27.69709095,25.83742904663086,10.82673454284668
reaction:3081,AdBrettPhos,0,,36.62142901,40.43119812011719,10.09473705291748
reaction:3082,AdBrettPhos,2,,45.52130306,52.40054702758789,12.761652946472168
reaction:3083,AdBrettPhos,2,,2.782548169,1.5660476684570312,10.337292671203613
reaction:3084,AdBrettPhos,1,,53.27735781,45.64228057861328,9.703629493713379
reaction:3085,AdBrettPhos,1,,64.8702395,61.669044494628906,9.605002403259277
reaction:3086,AdBrettPhos,2,,3.382805594,6.467430114746094,11.393726348876953
reaction:3087,AdBrettPhos,3,,31.53029931,30.576963424682617,9.584781646728516
reaction:3088,AdBrettPhos,4,,45.77926691,42.81935501098633,13.026618957519531
reaction:3089,AdBrettPhos,3,,0.0,0.12790298461914062,9.716421127319336
reaction:3090,AdBrettPhos,2,,32.33228249,33.91182327270508,13.197392463684082
reaction:3091,AdBrettPhos,3,,49.75811265,44.28099060058594,11.121272087097168
reaction:3092,AdBrettPhos,1,,0.665471445,-0.130615234375,9.801292419433594
reaction:3093,AdBrettPhos,1,,50.28049867,54.658538818359375,10.996589660644531
reaction:3094,AdBrettPhos,0,,75.02467082,73.94355010986328,11.308355331420898
reaction:3095,AdBrettPhos,2,,52.59936901,60.301902770996094,11.289910316467285
reaction:3096,AdBrettPhos,1,,74.31911492,72.04220581054688,11.141746520996094
reaction:3097,AdBrettPhos,1,,92.11972779,83.53265380859375,12.21670150756836
reaction:3098,AdBrettPhos,4,,2.135901423,3.2486019134521484,10.957491874694824
reaction:3099,AdBrettPhos,0,,64.185973,71.28089904785156,10.079920768737793
reaction:3100,AdBrettPhos,2,,85.22067267,84.59695434570312,10.327383041381836
reaction:3101,AdBrettPhos,4,,0.552049908,7.955724716186523,18.95256996154785
reaction:3102,AdBrettPhos,0,,15.46929664,28.401391983032227,14.175775527954102
reaction:3103,AdBrettPhos,3,,29.68665622,37.77909851074219,12.146390914916992
reaction:3104,AdBrettPhos,2,,0.0,1.0752449035644531,18.73516082763672
reaction:3105,AdBrettPhos,1,,42.07740888,40.91505432128906,12.60660457611084
reaction:3106,AdBrettPhos,2,,50.20384511,51.76826858520508,14.817501068115234
reaction:3107,AdBrettPhos,0,,0.0,3.5217132568359375,19.48556137084961
reaction:3108,AdBrettPhos,0,,63.12102891,65.32881927490234,10.5717191696167
reaction:3109,AdBrettPhos,3,,67.79255716,68.38837432861328,12.879266738891602
reaction:3110,AdBrettPhos,2,,74.22961906,64.92814636230469,11.50465202331543
reaction:3111,AdBrettPhos,3,,75.06901133,68.72583770751953,11.242337226867676
reaction:3112,AdBrettPhos,4,,83.08232968,71.93692016601562,13.087449073791504
reaction:3113,AdBrettPhos,1,,0.0,7.6544036865234375,13.89441967010498
reaction:3114,AdBrettPhos,2,,22.62644976,42.36327362060547,17.912811279296875
reaction:3115,AdBrettPhos,3,,62.72600186,56.051692962646484,14.725455284118652
reaction:3116,AdBrettPhos,4,,8.178111662000001,6.668220520019531,10.491986274719238
reaction:3117,AdBrettPhos,4,,33.60174029,30.82107162475586,13.839856147766113
reaction:3118,AdBrettPhos,2,,39.12761896,36.41045379638672,12.379463195800781
reaction:3119,AdBrettPhos,4,,0.0,0.4229316711425781,10.733755111694336
reaction:3120,AdBrettPhos,0,,32.36655355,29.980350494384766,11.953849792480469
reaction:3121,AdBrettPhos,4,,40.59375347,40.96541213989258,12.760451316833496
reaction:3122,AdBrettPhos,2,,0.817066768,0.5487289428710938,10.834139823913574
reaction:3123,AdBrettPhos,1,,50.58160419,45.83834457397461,10.886251449584961
reaction:3124,AdBrettPhos,4,,63.72449893,61.88134765625,12.512616157531738
reaction:3125,AdBrettPhos,2,,33.94683682,39.00558853149414,11.752108573913574
reaction:3126,AdBrettPhos,1,,41.28086675,47.311885833740234,11.129718780517578
reaction:3127,AdBrettPhos,1,,47.58772845,57.952613830566406,12.194429397583008
reaction:3128,AdBrettPhos,4,,5.956665819,3.588380813598633,11.483695983886719
reaction:3129,AdBrettPhos,0,,57.2826498,47.99260330200195,9.825170516967773
reaction:3130,AdBrettPhos,2,,64.80074025,63.30364227294922,11.168622016906738
reaction:3131,AdBrettPhos,2,,7.126598877999999,9.9351806640625,11.660418510437012
reaction:3132,AdBrettPhos,3,,37.93567028,36.196990966796875,10.204389572143555
reaction:3133,AdBrettPhos,1,,45.20399384,50.772422790527344,12.137614250183105
reaction:3134,AdBrettPhos,2,,0.0,0.6672515869140625,11.684759140014648
reaction:3135,AdBrettPhos,4,,41.28466002,42.1370735168457,10.849053382873535
reaction:3136,AdBrettPhos,3,,49.61017751,51.35735321044922,11.548998832702637
reaction:3137,AdBrettPhos,1,,0.789038452,1.1713581085205078,9.603948593139648
reaction:3138,AdBrettPhos,1,,63.68559531,63.57337951660156,10.971388816833496
reaction:3139,AdBrettPhos,1,,73.08177999,79.62808227539062,12.919927597045898
reaction:3140,AdBrettPhos,3,,72.98033012,67.40962219238281,11.3347749710083
reaction:3141,AdBrettPhos,2,,82.64502167,75.89077758789062,11.274113655090332
reaction:3142,AdBrettPhos,2,,90.64441503,91.00548553466797,13.002570152282715
reaction:3143,AdBrettPhos,2,,4.936303419,7.430700302124023,11.212698936462402
reaction:3144,AdBrettPhos,2,,73.81395251,76.85855102539062,11.293045043945312
reaction:3145,AdBrettPhos,0,,82.20776042,88.70497131347656,9.969138145446777
reaction:3146,AdBrettPhos,4,,4.618730656,19.87432289123535,22.632190704345703
reaction:3147,AdBrettPhos,4,,15.74680272,33.651588439941406,20.714181900024414
reaction:3148,AdBrettPhos,2,,30.87761179,48.50423049926758,19.13506507873535
reaction:3149,AdBrettPhos,0,,6.9705672320000005,20.391494750976562,18.02417755126953
reaction:3150,AdBrettPhos,4,,65.46891846,57.82120895385742,19.214723587036133
reaction:3151,AdBrettPhos,4,,66.01585424,62.926475524902344,18.76903533935547
reaction:3152,AdBrettPhos,3,,2.350274713,8.415216445922852,19.968360900878906
reaction:3153,AdBrettPhos,1,,70.85918563,70.70987701416016,18.12656593322754
reaction:3154,AdBrettPhos,0,,68.53030279,73.41949462890625,17.441326141357422
reaction:3155,AdBrettPhos,3,,76.3099624,68.44654083251953,17.36138916015625
reaction:3156,AdBrettPhos,3,,75.95426954,69.18585205078125,17.145700454711914
reaction:3157,AdBrettPhos,3,,82.34937004,71.70150756835938,18.429563522338867
reaction:3158,AdBrettPhos,3,,4.974394565,14.99577522277832,22.112300872802734
reaction:3159,AdBrettPhos,2,,25.79072036,48.77423858642578,21.554983139038086
reaction:3160,AdBrettPhos,0,,62.08187356,61.653533935546875,19.389524459838867
reaction:3161,AdBrettPhos,3,,19.16223306,17.689510345458984,18.688602447509766
reaction:3162,AdBrettPhos,4,,35.94447354,29.585168838500977,19.514545440673828
reaction:3163,AdBrettPhos,1,,37.90012178,30.982065200805664,18.822290420532227
reaction:3164,AdBrettPhos,1,,41.26452613,39.27400207519531,18.505979537963867
reaction:3165,AdBrettPhos,3,,59.06928985,45.75876998901367,16.483530044555664
reaction:3166,AdBrettPhos,1,,59.60099255,51.771392822265625,18.97809600830078
reaction:3167,AdBrettPhos,4,,2.42184546,2.0339183807373047,18.91249656677246
reaction:3168,AdBrettPhos,0,,58.63301817,49.238426208496094,15.932913780212402
reaction:3169,AdBrettPhos,4,,63.99950596,55.67491912841797,18.28847312927246
reaction:3170,AdBrettPhos,3,,34.05189508,43.028541564941406,15.522550582885742
reaction:3171,AdBrettPhos,1,,41.4297554,51.13087844848633,18.0656681060791
reaction:3172,AdBrettPhos,4,,47.77426479,57.34618377685547,18.96101188659668
reaction:3173,AdBrettPhos,1,,20.34813867,14.48356819152832,18.731542587280273
reaction:3174,AdBrettPhos,2,,60.49224443,56.080589294433594,19.229745864868164
reaction:3175,AdBrettPhos,3,,63.88080478,66.29634857177734,17.40056800842285
reaction:3176,AdBrettPhos,2,,21.60119174,23.013851165771484,19.463207244873047
reaction:3177,AdBrettPhos,0,,38.59563351,47.10785675048828,17.276365280151367
reaction:3178,AdBrettPhos,2,,44.68109157,56.13202667236328,19.42839241027832
reaction:3179,AdBrettPhos,4,,44.14137034,38.271854400634766,19.01465606689453
reaction:3180,AdBrettPhos,3,,66.81498604,59.70260238647461,16.848365783691406
reaction:3181,AdBrettPhos,1,,68.24812709999999,67.00113677978516,19.101755142211914
reaction:3182,AdBrettPhos,3,,2.579355469,5.378286361694336,18.56382942199707
reaction:3183,AdBrettPhos,0,,74.10582409999999,73.76995849609375,16.31107521057129
reaction:3184,AdBrettPhos,0,,72.8478499,86.18145751953125,16.937889099121094
reaction:3185,AdBrettPhos,3,,89.07661609,73.37806701660156,16.129215240478516
reaction:3186,AdBrettPhos,1,,85.65923047,86.71707153320312,17.975419998168945
reaction:3187,AdBrettPhos,0,,94.15173815,90.75243377685547,17.012462615966797
reaction:3188,AdBrettPhos,1,,24.93961347,18.620080947875977,18.708314895629883
reaction:3189,AdBrettPhos,3,,80.06524350000001,73.13151550292969,17.650100708007812
reaction:3190,AdBrettPhos,1,,86.19820374,88.57331848144531,18.244699478149414
reaction:3191,AdBrettPhos,2,,1.252505333,3.997793197631836,16.083267211914062
reaction:3192,AdBrettPhos,3,,16.04849725,19.046798706054688,13.437973976135254
reaction:3193,AdBrettPhos,0,,30.7124479,27.425304412841797,13.90127944946289
reaction:3194,AdBrettPhos,4,,0.0,0.23711013793945312,11.44737434387207
reaction:3195,AdBrettPhos,3,,0.0,34.75993347167969,12.669100761413574
reaction:3196,AdBrettPhos,3,,43.09475613,42.809749603271484,13.415844917297363
reaction:3197,AdBrettPhos,0,,0.0,1.6263275146484375,19.421396255493164
reaction:3198,AdBrettPhos,1,,47.34816594,52.02592849731445,10.940916061401367
reaction:3199,AdBrettPhos,2,,64.24887053,56.02092742919922,12.492108345031738
reaction:3200,AdBrettPhos,1,,57.59970402,53.678123474121094,11.303468704223633
reaction:3201,AdBrettPhos,3,,64.01092118,59.24247741699219,10.65341854095459
reaction:3202,AdBrettPhos,2,,72.26820117,62.91425323486328,13.488187789916992
reaction:3203,AdBrettPhos,2,,0.8684296779999999,3.406982421875,17.25069236755371
reaction:3204,AdBrettPhos,3,,42.09636278,35.047088623046875,14.61154556274414
reaction:3205,AdBrettPhos,2,,50.25936964,45.68840026855469,15.426116943359375
reaction:3206,AdBrettPhos,3,,2.443106533,1.3792705535888672,10.721756935119629
reaction:3207,AdBrettPhos,2,,28.78693437,22.175537109375,12.796027183532715
reaction:3208,AdBrettPhos,3,,34.85762141,31.910400390625,10.689525604248047
reaction:3209,AdBrettPhos,0,,0.0,0.19585800170898438,9.810776710510254
reaction:3210,AdBrettPhos,2,,20.89901676,10.537084579467773,13.0071439743042
reaction:3211,AdBrettPhos,2,,36.0742325,33.17572784423828,12.466521263122559
reaction:3212,AdBrettPhos,1,,0.489724505,0.3224449157714844,10.042174339294434
reaction:3213,AdBrettPhos,3,,37.99056967,33.9073600769043,10.631597518920898
reaction:3214,AdBrettPhos,2,,56.47944581,55.03034210205078,11.968775749206543
reaction:3215,AdBrettPhos,2,,26.8260429,22.901050567626953,11.580440521240234
reaction:3216,AdBrettPhos,1,,36.10071383,35.62329864501953,11.272562026977539
reaction:3217,AdBrettPhos,1,,46.52870973,51.52217102050781,12.30657958984375
reaction:3218,AdBrettPhos,4,,1.470956156,1.0745773315429688,11.823351860046387
reaction:3219,AdBrettPhos,3,,0.0,50.168426513671875,9.803633689880371
reaction:3220,AdBrettPhos,0,,57.24624739,56.91980743408203,9.428990364074707
reaction:3221,AdBrettPhos,4,,2.103607287,2.1800384521484375,10.942122459411621
reaction:3222,AdBrettPhos,1,,29.62604669,32.086883544921875,10.975391387939453
reaction:3223,AdBrettPhos,3,,40.21154517,40.75638961791992,10.579681396484375
reaction:3224,AdBrettPhos,1,,0.0,-0.1031646728515625,10.358428955078125
reaction:3225,AdBrettPhos,2,,23.916357,21.831523895263672,13.432525634765625
reaction:3226,AdBrettPhos,2,,44.44845486,42.46421432495117,12.239570617675781
reaction:3227,AdBrettPhos,2,,0.490842961,0.5713386535644531,10.895834922790527
reaction:3228,AdBrettPhos,3,,39.51845686,53.33839416503906,10.572556495666504
reaction:3229,AdBrettPhos,1,,69.71995068,69.31838989257812,13.035086631774902
reaction:3230,AdBrettPhos,3,,47.18415816,57.21833419799805,10.803757667541504
reaction:3231,AdBrettPhos,1,,65.99016493,67.96920013427734,11.249345779418945
reaction:3232,AdBrettPhos,4,,87.94083651,82.82791137695312,12.80160903930664
reaction:3233,AdBrettPhos,4,,1.573799128,0.9780082702636719,11.534159660339355
reaction:3234,AdBrettPhos,4,,61.50487524,33.60601043701172,10.13948917388916
reaction:3235,AdBrettPhos,0,,83.95560608,78.9820556640625,9.841578483581543
reaction:3236,XPhos,1,,13.9614152,10.72357177734375,16.989967346191406
reaction:3237,XPhos,3,,15.08609068,8.360149383544922,16.72872543334961
reaction:3238,XPhos,2,,15.9216391,18.39181137084961,14.866764068603516
reaction:3239,XPhos,3,,2.548391087,0.8136558532714844,21.924732208251953
reaction:3240,XPhos,2,,8.641168314,6.324785232543945,14.29173755645752
reaction:3241,XPhos,2,,6.654637209,7.433443069458008,15.341814994812012
reaction:3242,XPhos,4,,7.713999512000001,3.8834362030029297,22.14936065673828
reaction:3243,XPhos,1,,14.761892499999998,27.76686668395996,11.807823181152344
reaction:3244,XPhos,1,,16.70711364,32.92929458618164,13.902176856994629
reaction:3245,XPhos,4,,12.25099464,6.038394927978516,14.746074676513672
reaction:3246,XPhos,2,,16.43551115,10.40195083618164,11.787025451660156
reaction:3247,XPhos,3,,17.06361217,10.379632949829102,14.492505073547363
reaction:3248,XPhos,4,,12.13886151,11.787424087524414,20.293237686157227
reaction:3249,XPhos,1,,10.08173564,11.581720352172852,16.621850967407227
reaction:3250,XPhos,0,,12.79205877,25.888671875,15.860041618347168
reaction:3251,XPhos,3,,11.31960299,13.876523971557617,13.609061241149902
reaction:3252,XPhos,3,,22.30541273,18.360679626464844,13.028883934020996
reaction:3253,XPhos,4,,25.45694196,21.014110565185547,17.24462127685547
reaction:3254,XPhos,3,,0.0,0.9247245788574219,13.9022798538208
reaction:3255,XPhos,3,,2.840028013,6.33360481262207,15.462416648864746
reaction:3256,XPhos,2,,4.296191189,4.309818267822266,12.963887214660645
reaction:3257,XPhos,3,,1.896990139,3.063507080078125,13.064448356628418
reaction:3258,XPhos,3,,9.250516466,11.852836608886719,14.102088928222656
reaction:3259,XPhos,0,,13.02243467,10.1878662109375,14.829445838928223
reaction:3260,XPhos,4,,15.10135263,11.233804702758789,14.283884048461914
reaction:3261,XPhos,3,,24.44251918,27.350830078125,14.005122184753418
reaction:3262,XPhos,2,,26.61192771,23.223094940185547,13.310577392578125
reaction:3263,XPhos,2,,2.419663487,5.8509674072265625,13.988162994384766
reaction:3264,XPhos,2,,6.251282484,11.127542495727539,11.676660537719727
reaction:3265,XPhos,0,,12.75397423,15.418867111206055,14.029053688049316
reaction:3266,XPhos,0,,13.18136791,9.865938186645508,13.146690368652344
reaction:3267,XPhos,3,,22.67787637,13.996452331542969,14.313946723937988
reaction:3268,XPhos,4,,24.0555231,23.15585708618164,16.228809356689453
reaction:3269,XPhos,1,,0.0,0.440704345703125,11.442187309265137
reaction:3270,XPhos,0,,2.373234972,-2.9331817626953125,16.048616409301758
reaction:3271,XPhos,0,,5.371995824,1.775289535522461,16.129541397094727
reaction:3272,XPhos,4,,2.067024275,2.2488937377929688,15.247197151184082
reaction:3273,XPhos,1,,9.241578451,9.47300910949707,12.109326362609863
reaction:3274,XPhos,2,,20.36311527,26.91698455810547,12.429915428161621
reaction:3275,XPhos,3,,14.60964787,12.004056930541992,13.303420066833496
reaction:3276,XPhos,1,,28.761729100000004,31.49264907836914,12.471940994262695
reaction:3277,XPhos,1,,23.20886991,40.13919448852539,14.308868408203125
reaction:3278,XPhos,2,,3.338911929,3.0261363983154297,13.826130867004395
reaction:3279,XPhos,3,,11.07544016,6.463275909423828,13.861764907836914
reaction:3280,XPhos,1,,16.38360507,20.212865829467773,11.854582786560059
reaction:3281,XPhos,2,,8.599290827999999,8.437295913696289,22.49603843688965
reaction:3282,XPhos,2,,8.073391293,5.13922119140625,19.894514083862305
reaction:3283,XPhos,0,,8.373801377000001,18.901050567626953,19.89533233642578
reaction:3284,XPhos,0,,2.086409943,4.535558700561523,21.175893783569336
reaction:3285,XPhos,2,,3.898269895,4.795757293701172,18.275741577148438
reaction:3286,XPhos,3,,2.8197473260000003,6.933494567871094,18.391700744628906
reaction:3287,XPhos,0,,9.734031055,5.88494873046875,21.610233306884766
reaction:3288,XPhos,4,,14.02250347,16.808433532714844,16.102783203125
reaction:3289,XPhos,2,,13.30215474,19.833276748657227,17.397485733032227
reaction:3290,XPhos,4,,11.84842444,3.3167362213134766,16.542085647583008
reaction:3291,XPhos,4,,12.48722349,6.978940963745117,16.129606246948242
reaction:3292,XPhos,0,,13.26217146,13.441230773925781,18.791654586791992
reaction:3293,XPhos,4,,7.007309831000001,10.098352432250977,21.124792098999023
reaction:3294,XPhos,0,,3.803167764,5.197134017944336,19.937162399291992
reaction:3295,XPhos,0,,9.3396983,17.49159049987793,19.649904251098633
reaction:3296,XPhos,0,,2.8287389710000004,6.971635818481445,18.136295318603516
reaction:3297,XPhos,2,,11.73173458,17.316749572753906,18.25662612915039
reaction:3298,XPhos,1,,32.01377764,26.392841339111328,18.349157333374023
reaction:3299,XPhos,0,,0.0,2.398700714111328,19.090524673461914
reaction:3300,XPhos,3,,0.597123544,7.3555908203125,17.23208236694336
reaction:3301,XPhos,1,,1.6246243130000002,8.096508026123047,16.99744415283203
reaction:3302,XPhos,3,,1.378417368,2.5379810333251953,19.061132431030273
reaction:3303,XPhos,0,,5.748911262999999,15.710193634033203,15.220113754272461
reaction:3304,XPhos,4,,15.88279637,7.9612274169921875,16.070144653320312
reaction:3305,XPhos,1,,15.03293541,17.4207763671875,16.98578453063965
reaction:3306,XPhos,3,,36.25474039,25.272336959838867,15.257864952087402
reaction:3307,XPhos,3,,40.83653695,29.755983352661133,16.71987533569336
reaction:3308,XPhos,3,,0.0,2.6779613494873047,19.394630432128906
reaction:3309,XPhos,1,,3.383758574,5.773050308227539,16.400192260742188
reaction:3310,XPhos,3,,9.091321628,3.326313018798828,17.594335556030273
reaction:3311,XPhos,1,,1.249008464,2.831958770751953,17.00482177734375
reaction:3312,XPhos,3,,7.593500734,5.936145782470703,17.52511978149414
reaction:3313,XPhos,2,,23.19251783,25.609111785888672,17.327648162841797
reaction:3314,XPhos,2,,0.0,0.44231414794921875,17.461551666259766
reaction:3315,XPhos,4,,0.0,-8.929378509521484,17.65747833251953
reaction:3316,XPhos,4,,0.0,-6.0873870849609375,17.520225524902344
reaction:3317,XPhos,4,,0.0,0.8932952880859375,16.838001251220703
reaction:3318,XPhos,1,,3.304153664,-0.9913597106933594,16.450523376464844
reaction:3319,XPhos,1,,4.972241085,20.829715728759766,16.94801902770996
reaction:3320,XPhos,0,,11.6539798,6.649604797363281,15.877453804016113
reaction:3321,XPhos,2,,23.14100825,29.766788482666016,16.60875129699707
reaction:3322,XPhos,3,,30.73323241,26.970867156982422,16.778593063354492
reaction:3323,XPhos,2,,0.0,-2.712383270263672,17.892004013061523
reaction:3324,XPhos,3,,0.0,0.7141265869140625,17.94873809814453
reaction:3325,XPhos,2,,0.0,9.615415573120117,16.732078552246094
reaction:3326,XPhos,4,,25.79234273,19.58319854736328,16.539783477783203
reaction:3327,XPhos,3,,21.1852936,29.282390594482422,15.636442184448242
reaction:3328,XPhos,0,,41.0055284,44.32238006591797,16.455032348632812
reaction:3329,XPhos,2,,1.426630798,2.4084930419921875,22.852956771850586
reaction:3330,XPhos,1,,41.22664286,31.813583374023438,16.274566650390625
reaction:3331,XPhos,0,,47.37967992,34.91677474975586,14.89493179321289
reaction:3332,XPhos,4,,11.25218088,7.909885406494141,21.572025299072266
reaction:3333,XPhos,4,,66.85183325,50.002410888671875,12.572200775146484
reaction:3334,XPhos,2,,67.69619533,51.96857833862305,12.8014554977417
reaction:3335,XPhos,0,,18.57739993,35.672630310058594,12.37275505065918
reaction:3336,XPhos,1,,22.20180478,40.820072174072266,11.831949234008789
reaction:3337,XPhos,0,,22.35512226,41.75163269042969,14.3099946975708
reaction:3338,XPhos,3,,38.752824100000005,17.441349029541016,20.724672317504883
reaction:3339,XPhos,2,,24.97274403,26.654083251953125,12.896775245666504
reaction:3340,XPhos,2,,75.11548375,41.625144958496094,10.968727111816406
reaction:3341,XPhos,2,,19.41980511,19.715566635131836,13.297442436218262
reaction:3342,XPhos,1,,32.07542073,32.00547790527344,12.913761138916016
reaction:3343,XPhos,0,,34.52065187,36.646522521972656,16.680198669433594
reaction:3344,XPhos,1,,2.069142775,2.2279090881347656,10.918659210205078
reaction:3345,XPhos,4,,14.42253285,13.60972785949707,14.739510536193848
reaction:3346,XPhos,2,,22.92734992,19.482027053833008,13.015843391418457
reaction:3347,XPhos,1,,5.821778043999999,5.603645324707031,11.73192310333252
reaction:3348,XPhos,3,,33.78601477,32.4882698059082,12.457691192626953
reaction:3349,XPhos,1,,37.39742705,34.787349700927734,13.993526458740234
reaction:3350,XPhos,0,,26.66040937,27.567649841308594,12.985645294189453
reaction:3351,XPhos,1,,44.30153891,47.72579574584961,12.49870777130127
reaction:3352,XPhos,3,,44.76424476,53.090274810791016,13.562797546386719
reaction:3353,XPhos,1,,12.63535619,10.252410888671875,10.955292701721191
reaction:3354,XPhos,1,,32.89151252,24.051143646240234,11.219464302062988
reaction:3355,XPhos,0,,41.00150742,40.211769104003906,12.79526138305664
reaction:3356,XPhos,4,,19.39344332,17.991697311401367,12.649139404296875
reaction:3357,XPhos,4,,31.15934188,30.049240112304688,11.317676544189453
reaction:3358,XPhos,3,,38.74519603,38.11404800415039,12.39732551574707
reaction:3359,XPhos,4,,1.798923194,2.3141345977783203,12.118085861206055
reaction:3360,XPhos,2,,9.508784567,13.108497619628906,13.18382740020752
reaction:3361,XPhos,4,,17.33987768,24.139385223388672,14.793807983398438
reaction:3362,XPhos,2,,5.235495595,5.826961517333984,11.691164016723633
reaction:3363,XPhos,4,,28.74353219,31.8131160736084,12.678669929504395
reaction:3364,XPhos,1,,53.88645108,50.350276947021484,13.718924522399902
reaction:3365,XPhos,2,,27.32636453,29.172962188720703,12.02974796295166
reaction:3366,XPhos,4,,52.36462009,49.842262268066406,13.082427978515625
reaction:3367,XPhos,2,,62.64059826,54.38975524902344,12.98859691619873
reaction:3368,XPhos,3,,7.71156711,11.406848907470703,12.58987808227539
reaction:3369,XPhos,0,,25.62052054,32.32126235961914,11.738029479980469
reaction:3370,XPhos,3,,43.30658798,45.9124755859375,11.778972625732422
reaction:3371,XPhos,3,,6.70191803,12.914026260375977,15.039946556091309
reaction:3372,XPhos,2,,15.721696,14.522167205810547,16.23554229736328
reaction:3373,XPhos,3,,32.03839032,26.354907989501953,14.14484977722168
reaction:3374,XPhos,2,,0.0,0.3132743835449219,22.550939559936523
reaction:3375,XPhos,0,,5.529906697,10.059595108032227,14.76805305480957
reaction:3376,XPhos,2,,6.840870887,14.779060363769531,14.478715896606445
reaction:3377,XPhos,2,,0.566845941,4.561826705932617,8.703208923339844
reaction:3378,XPhos,4,,22.16483544,35.64668273925781,10.914497375488281
reaction:3379,XPhos,3,,31.41749034,42.64101791381836,12.231067657470703
reaction:3380,XPhos,1,,22.29411196,12.684089660644531,10.838550567626953
reaction:3381,XPhos,0,,31.22952549,17.221105575561523,10.947429656982422
reaction:3382,XPhos,1,,31.17670784,17.235502243041992,13.587791442871094
reaction:3383,XPhos,2,,3.037744154,13.381326675415039,20.241199493408203
reaction:3384,XPhos,0,,13.63572226,11.506437301635742,14.50519847869873
reaction:3385,XPhos,1,,21.33105034,29.6676082611084,16.86232566833496
reaction:3386,XPhos,4,,10.4860128,9.368309020996094,10.263802528381348
reaction:3387,XPhos,0,,26.29886063,28.551794052124023,10.440749168395996
reaction:3388,XPhos,1,,23.69345333,32.42543029785156,14.589763641357422
reaction:3389,XPhos,4,,0.0,0.42719268798828125,9.94547176361084
reaction:3390,XPhos,2,,6.730455291,6.577028274536133,12.407468795776367
reaction:3391,XPhos,2,,13.41857273,9.30118179321289,11.766401290893555
reaction:3392,XPhos,1,,1.036456102,1.3981437683105469,10.433013916015625
reaction:3393,XPhos,3,,22.99620882,21.921829223632812,11.376914978027344
reaction:3394,XPhos,1,,37.021541,21.024112701416016,13.017426490783691
reaction:3395,XPhos,3,,22.69659515,22.881622314453125,11.515280723571777
reaction:3396,XPhos,0,,37.46429839,38.97449493408203,11.695595741271973
reaction:3397,XPhos,3,,39.38981845,48.035797119140625,12.566030502319336
reaction:3398,XPhos,4,,4.58213428,2.2568225860595703,11.418755531311035
reaction:3399,XPhos,0,,22.70660834,15.00877571105957,9.985668182373047
reaction:3400,XPhos,1,,33.31806917,24.898347854614258,9.925738334655762
reaction:3401,XPhos,0,,7.343376414,9.385396957397461,10.52878475189209
reaction:3402,XPhos,2,,26.03173318,22.600114822387695,17.688161849975586
reaction:3403,XPhos,1,,36.25454831,34.98445510864258,14.401374816894531
reaction:3404,XPhos,1,,0.0,0.18603515625,9.718888282775879
reaction:3405,XPhos,2,,4.191040534,1.8273029327392578,11.936737060546875
reaction:3406,XPhos,0,,6.114675165,11.169246673583984,14.713387489318848
reaction:3407,XPhos,3,,0.884950948,0.6931114196777344,9.716863632202148
reaction:3408,XPhos,0,,16.69067663,19.346406936645508,11.654603958129883
reaction:3409,XPhos,3,,31.26628393,48.79603576660156,11.708298683166504
reaction:3410,XPhos,0,,24.66006055,24.19339942932129,12.221050262451172
reaction:3411,XPhos,0,,45.98390905,43.48008728027344,11.909402847290039
reaction:3412,XPhos,1,,52.56128921,51.175384521484375,13.306767463684082
reaction:3413,XPhos,4,,3.35256921,0.8559379577636719,11.390410423278809
reaction:3414,XPhos,2,,15.35819367,21.243236541748047,9.414876937866211
reaction:3415,XPhos,0,,29.91552733,34.339881896972656,10.91118335723877
reaction:3416,t-BuXPhos,3,,13.16893511,9.622587203979492,20.799898147583008
reaction:3417,t-BuXPhos,0,,16.79477369,14.116230010986328,15.257231712341309
reaction:3418,t-BuXPhos,0,,16.24533971,12.927505493164062,15.655841827392578
reaction:3419,t-BuXPhos,4,,2.118660091,1.4597492218017578,21.2197322845459
reaction:3420,t-BuXPhos,0,,15.85894672,15.854656219482422,15.282702445983887
reaction:3421,t-BuXPhos,4,,15.94900479,15.221681594848633,16.674829483032227
reaction:3422,t-BuXPhos,1,,7.108204477,4.074169158935547,18.2447566986084
reaction:3423,t-BuXPhos,2,,24.76005147,30.05314826965332,12.124975204467773
reaction:3424,t-BuXPhos,3,,28.11243479,28.870677947998047,14.516226768493652
reaction:3425,t-BuXPhos,4,,27.24876847,27.447031021118164,14.843536376953125
reaction:3426,t-BuXPhos,4,,31.76624566,34.55943298339844,14.502845764160156
reaction:3427,t-BuXPhos,1,,37.29673945,35.09637451171875,14.5477933883667
reaction:3428,t-BuXPhos,4,,16.87891597,14.2978515625,17.87930679321289
reaction:3429,t-BuXPhos,0,,22.41656552,42.80777359008789,12.92590618133545
reaction:3430,t-BuXPhos,1,,23.46293461,43.34050369262695,17.75680923461914
reaction:3431,t-BuXPhos,2,,9.295516532,14.268762588500977,12.692183494567871
reaction:3432,t-BuXPhos,1,,35.04870846,35.323734283447266,11.767395973205566
reaction:3433,t-BuXPhos,1,,35.39709887,37.933937072753906,16.243972778320312
reaction:3434,t-BuXPhos,1,,0.0,1.9015159606933594,12.870315551757812
reaction:3435,t-BuXPhos,4,,34.88973455,33.360050201416016,16.19810676574707
reaction:3436,t-BuXPhos,4,,35.68810141,34.44221496582031,16.5582275390625
reaction:3437,t-BuXPhos,3,,1.257407502,7.635435104370117,14.187728881835938
reaction:3438,t-BuXPhos,0,,55.96431027,54.69794845581055,12.840105056762695
reaction:3439,t-BuXPhos,4,,59.93053961,58.34918212890625,14.800370216369629
reaction:3440,t-BuXPhos,4,,56.99401844,58.089515686035156,14.745652198791504
reaction:3441,t-BuXPhos,0,,63.00725217,64.92694091796875,13.545764923095703
reaction:3442,t-BuXPhos,3,,59.18255708,62.60015106201172,14.918713569641113
reaction:3443,t-BuXPhos,0,,7.66652575,22.356660842895508,13.509490013122559
reaction:3444,t-BuXPhos,1,,54.77135423,59.575653076171875,12.391091346740723
reaction:3445,t-BuXPhos,4,,62.18465229,56.87144470214844,14.811091423034668
reaction:3446,t-BuXPhos,4,,17.84178388,17.67734146118164,14.665008544921875
reaction:3447,t-BuXPhos,1,,40.13524468,41.750064849853516,12.23068904876709
reaction:3448,t-BuXPhos,3,,46.24961136,44.15423583984375,14.235298156738281
reaction:3449,t-BuXPhos,3,,2.890686767,1.5705070495605469,14.885567665100098
reaction:3450,t-BuXPhos,4,,45.52184766,45.08309555053711,16.008487701416016
reaction:3451,t-BuXPhos,4,,47.90925553,46.60236358642578,16.4261417388916
reaction:3452,t-BuXPhos,0,,11.25502625,4.892171859741211,14.3883056640625
reaction:3453,t-BuXPhos,3,,71.70514407,69.41529846191406,13.945987701416016
reaction:3454,t-BuXPhos,4,,72.13959481,70.43769073486328,14.879988670349121
reaction:3455,t-BuXPhos,1,,79.78226496,80.21684265136719,12.393264770507812
reaction:3456,t-BuXPhos,0,,79.62575679,83.75279235839844,13.219145774841309
reaction:3457,t-BuXPhos,4,,82.21280375,83.20510864257812,16.300262451171875
reaction:3458,t-BuXPhos,4,,33.50615076,19.328777313232422,14.426495552062988
reaction:3459,t-BuXPhos,3,,78.67116412,71.81962585449219,13.483672142028809
reaction:3460,t-BuXPhos,4,,79.16863895,76.03607177734375,14.543437957763672
reaction:3461,t-BuXPhos,4,,10.16290719,12.147422790527344,18.24347686767578
reaction:3462,t-BuXPhos,3,,10.72653134,14.227964401245117,19.03990364074707
reaction:3463,t-BuXPhos,1,,11.56918225,20.901403427124023,18.041481018066406
reaction:3464,t-BuXPhos,1,,1.924092177,3.5724754333496094,20.586130142211914
reaction:3465,t-BuXPhos,4,,9.627089409,13.311517715454102,17.74074363708496
reaction:3466,t-BuXPhos,0,,11.09901507,33.63958740234375,18.95052146911621
reaction:3467,t-BuXPhos,4,,6.581266652999999,5.139812469482422,19.006103515625
reaction:3468,t-BuXPhos,0,,16.8324099,31.849525451660156,17.421127319335938
reaction:3469,t-BuXPhos,4,,21.40006849,39.813270568847656,16.896459579467773
reaction:3470,t-BuXPhos,3,,42.78380779,31.436729431152344,16.10345458984375
reaction:3471,t-BuXPhos,2,,53.50463767,30.57699203491211,16.236125946044922
reaction:3472,t-BuXPhos,2,,60.63710952,34.39966583251953,17.670093536376953
reaction:3473,t-BuXPhos,4,,13.25100229,15.264976501464844,19.008405685424805
reaction:3474,t-BuXPhos,3,,18.48421566,36.758853912353516,19.00142478942871
reaction:3475,t-BuXPhos,0,,20.6070389,50.072479248046875,19.973676681518555
reaction:3476,t-BuXPhos,1,,1.71151259,10.744535446166992,16.644643783569336
reaction:3477,t-BuXPhos,4,,7.321293774,21.41918182373047,15.102989196777344
reaction:3478,t-BuXPhos,2,,34.91039433,32.600921630859375,16.598012924194336
reaction:3479,t-BuXPhos,0,,0.0,0.5733871459960938,19.415231704711914
reaction:3480,t-BuXPhos,2,,5.935933532999999,28.158607482910156,18.251861572265625
reaction:3481,t-BuXPhos,4,,58.0174464,28.87898063659668,17.154115676879883
reaction:3482,t-BuXPhos,0,,1.7819099669999998,6.520315170288086,19.90526008605957
reaction:3483,t-BuXPhos,2,,22.74107385,35.62580108642578,16.086301803588867
reaction:3484,t-BuXPhos,1,,57.01120739,46.07026290893555,15.521254539489746
reaction:3485,t-BuXPhos,2,,33.66124955,58.58202362060547,16.42020034790039
reaction:3486,t-BuXPhos,1,,51.21151631,55.537017822265625,14.126242637634277
reaction:3487,t-BuXPhos,3,,60.13886073,59.354549407958984,16.035533905029297
reaction:3488,t-BuXPhos,3,,2.249906301,6.447544097900391,19.150060653686523
reaction:3489,t-BuXPhos,0,,41.72955132,37.745819091796875,18.091814041137695
reaction:3490,t-BuXPhos,2,,60.45904469,64.0007553100586,16.480375289916992
reaction:3491,t-BuXPhos,2,,16.47949658,8.074188232421875,17.343868255615234
reaction:3492,t-BuXPhos,2,,27.36893381,15.672204971313477,16.251482009887695
reaction:3493,t-BuXPhos,0,,39.35756061,46.94619369506836,18.181352615356445
reaction:3494,t-BuXPhos,1,,0.712699399,2.164430618286133,17.13262939453125
reaction:3495,t-BuXPhos,2,,8.970204017,37.24824523925781,17.995460510253906
reaction:3496,t-BuXPhos,3,,44.46296659,65.72694396972656,16.523048400878906
reaction:3497,t-BuXPhos,0,,4.28271464,9.878255844116211,19.780488967895508
reaction:3498,t-BuXPhos,0,,39.55034963,49.050655364990234,17.19370460510254
reaction:3499,t-BuXPhos,0,,63.92666602,69.51811218261719,17.489286422729492
reaction:3500,t-BuXPhos,4,,79.04497323,56.976932525634766,14.8364896774292
reaction:3501,t-BuXPhos,4,,78.70773698,68.04536437988281,14.561380386352539
reaction:3502,t-BuXPhos,2,,84.10193793,75.91371154785156,17.38117027282715
reaction:3503,t-BuXPhos,1,,12.67223423,15.33251953125,16.867671966552734
reaction:3504,t-BuXPhos,0,,55.95219042,57.03898620605469,18.259273529052734
reaction:3505,t-BuXPhos,3,,80.67857489,76.58214569091797,17.30167007446289
reaction:3506,t-BuXPhos,0,,30.59884697,26.281848907470703,17.550966262817383
reaction:3507,t-BuXPhos,2,,33.91258635,36.98847961425781,15.782171249389648
reaction:3508,t-BuXPhos,0,,36.80129147,39.337223052978516,14.689970016479492
reaction:3509,t-BuXPhos,4,,2.495636052,2.2910919189453125,20.532522201538086
reaction:3510,t-BuXPhos,2,,47.27988184,43.34556198120117,15.316164016723633
reaction:3511,t-BuXPhos,3,,44.44212826,43.050758361816406,14.869728088378906
reaction:3512,t-BuXPhos,3,,12.51112995,8.110048294067383,18.93901252746582
reaction:3513,t-BuXPhos,4,,66.1081674,60.19009780883789,12.753804206848145
reaction:3514,t-BuXPhos,2,,63.53604944,57.92437744140625,14.373711585998535
reaction:3515,t-BuXPhos,3,,53.37807808,62.89836120605469,12.134407997131348
reaction:3516,t-BuXPhos,1,,62.99169098,66.66383361816406,12.275681495666504
reaction:3517,t-BuXPhos,4,,63.44404456,63.899078369140625,15.168781280517578
reaction:3518,t-BuXPhos,4,,52.55158103,32.38664245605469,16.67784309387207
reaction:3519,t-BuXPhos,2,,68.74074216,56.4110107421875,19.517562866210938
reaction:3520,t-BuXPhos,0,,77.66689194,64.26242065429688,15.691217422485352
reaction:3521,t-BuXPhos,0,,34.08344524,24.60196876525879,11.552834510803223
reaction:3522,t-BuXPhos,3,,38.11608188,33.13850402832031,11.839106559753418
reaction:3523,t-BuXPhos,3,,39.909465,34.86666488647461,12.024962425231934
reaction:3524,t-BuXPhos,0,,1.029883817,1.4718074798583984,12.751171112060547
reaction:3525,t-BuXPhos,2,,39.21368937,37.54458236694336,15.33612060546875
reaction:3526,t-BuXPhos,2,,35.2237201,34.32252502441406,13.09853458404541
reaction:3527,t-BuXPhos,0,,3.311093961,2.4202804565429688,13.614383697509766
reaction:3528,t-BuXPhos,1,,57.74229286,57.49352264404297,12.456991195678711
reaction:3529,t-BuXPhos,4,,59.48668549,63.86123275756836,13.226465225219727
reaction:3530,t-BuXPhos,0,,64.60204454,60.582801818847656,12.280675888061523
reaction:3531,t-BuXPhos,0,,61.25906652,67.89752960205078,12.359099388122559
reaction:3532,t-BuXPhos,3,,62.35242374,62.471580505371094,13.676129341125488
reaction:3533,t-BuXPhos,1,,36.30128303,31.654836654663086,12.323328971862793
reaction:3534,t-BuXPhos,4,,63.06191521,66.1036376953125,12.785992622375488
reaction:3535,t-BuXPhos,4,,62.65745672,72.5972900390625,13.036262512207031
reaction:3536,t-BuXPhos,1,,33.03637259,36.95279312133789,11.802176475524902
reaction:3537,t-BuXPhos,1,,39.20587876,42.28962707519531,11.798754692077637
reaction:3538,t-BuXPhos,4,,41.26140824,45.212669372558594,15.81921672821045
reaction:3539,t-BuXPhos,3,,1.728296665,2.037273406982422,13.407983779907227
reaction:3540,t-BuXPhos,4,,49.69104828,46.58263397216797,14.458782196044922
reaction:3541,t-BuXPhos,1,,41.80838188,43.783546447753906,15.077202796936035
reaction:3542,t-BuXPhos,4,,3.524318044,5.952947616577148,14.01960563659668
reaction:3543,t-BuXPhos,2,,71.55294754,70.75965118408203,12.033862113952637
reaction:3544,t-BuXPhos,4,,72.58292155,71.96246337890625,13.327540397644043
reaction:3545,t-BuXPhos,4,,83.76441682,79.17640686035156,13.20760726928711
reaction:3546,t-BuXPhos,1,,82.77010873,82.28878784179688,12.336726188659668
reaction:3547,t-BuXPhos,2,,80.16290148,83.56558990478516,14.115527153015137
reaction:3548,t-BuXPhos,2,,44.56568658,44.48780822753906,12.967836380004883
reaction:3549,t-BuXPhos,2,,80.07437026,82.15019226074219,11.934473037719727
reaction:3550,t-BuXPhos,4,,81.27546311,89.78784942626953,12.729158401489258
reaction:3551,t-BuXPhos,0,,15.75654156,21.053634643554688,16.95221519470215
reaction:3552,t-BuXPhos,2,,40.52594956,39.74297332763672,14.800944328308105
reaction:3553,t-BuXPhos,1,,38.16592165,42.52800750732422,15.5143461227417
reaction:3554,t-BuXPhos,4,,0.390715033,1.4101142883300781,19.878389358520508
reaction:3555,t-BuXPhos,1,,45.77689221,46.900062561035156,14.676434516906738
reaction:3556,t-BuXPhos,4,,41.36745101,44.71228790283203,14.091039657592773
reaction:3557,t-BuXPhos,1,,0.8602956559999999,6.5715789794921875,17.5548038482666
reaction:3558,t-BuXPhos,1,,63.69608906,65.01268005371094,10.735480308532715
reaction:3559,t-BuXPhos,2,,64.24487271,61.318870544433594,13.219313621520996
reaction:3560,t-BuXPhos,4,,63.65319734,61.82549285888672,11.476638793945312
reaction:3561,t-BuXPhos,0,,73.26731184,68.7255859375,11.006257057189941
reaction:3562,t-BuXPhos,3,,70.29330199,68.12748718261719,12.229238510131836
reaction:3563,t-BuXPhos,2,,8.47025224,26.566852569580078,21.546674728393555
reaction:3564,t-BuXPhos,4,,70.27327326,56.84725570678711,17.68363380432129
reaction:3565,t-BuXPhos,4,,75.8997955,60.66114807128906,16.529420852661133
reaction:3566,t-BuXPhos,4,,12.88972347,8.955633163452148,11.115957260131836
reaction:3567,t-BuXPhos,3,,36.29421793,34.137420654296875,10.499709129333496
reaction:3568,t-BuXPhos,3,,37.37794419,35.83942794799805,10.871529579162598
reaction:3569,t-BuXPhos,1,,0.252253584,-0.360809326171875,11.487445831298828
reaction:3570,t-BuXPhos,3,,37.13655068,32.59382629394531,14.270655632019043
reaction:3571,t-BuXPhos,1,,32.814438300000006,37.496524810791016,14.654094696044922
reaction:3572,t-BuXPhos,1,,0.83326199,-1.7584495544433594,10.088571548461914
reaction:3573,t-BuXPhos,3,,55.17541483,55.714752197265625,11.143529891967773
reaction:3574,t-BuXPhos,3,,57.50576347,62.83757781982422,12.190203666687012
reaction:3575,t-BuXPhos,0,,66.07394644,57.597957611083984,11.198370933532715
reaction:3576,t-BuXPhos,0,,64.68492451,66.14420318603516,11.382057189941406
reaction:3577,t-BuXPhos,4,,60.93427362,66.40908813476562,13.706405639648438
reaction:3578,t-BuXPhos,0,,6.684386034,2.750936508178711,11.113089561462402
reaction:3579,t-BuXPhos,3,,63.13467167,61.7090950012207,9.860636711120605
reaction:3580,t-BuXPhos,4,,65.07775968,64.46891784667969,10.990485191345215
reaction:3581,t-BuXPhos,1,,11.91198349,19.900714874267578,10.53009033203125
reaction:3582,t-BuXPhos,0,,39.35316158,40.82887268066406,9.715319633483887
reaction:3583,t-BuXPhos,3,,43.82916168,42.27500915527344,11.521904945373535
reaction:3584,t-BuXPhos,4,,0.381599662,1.581878662109375,11.011998176574707
reaction:3585,t-BuXPhos,3,,49.01650319,40.9691276550293,13.982755661010742
reaction:3586,t-BuXPhos,1,,42.67624543,44.136478424072266,14.35664176940918
reaction:3587,t-BuXPhos,4,,0.7454308609999999,3.015644073486328,12.383739471435547
reaction:3588,t-BuXPhos,4,,69.58481273,70.28766632080078,11.016924858093262
reaction:3589,t-BuXPhos,2,,71.48272249,68.62535095214844,12.455432891845703
reaction:3590,t-BuXPhos,0,,82.32171897,79.2060546875,11.181681632995605
reaction:3591,t-BuXPhos,4,,81.29892199,83.79264831542969,10.98353385925293
reaction:3592,t-BuXPhos,4,,82.34381979999999,87.82852172851562,13.615063667297363
reaction:3593,t-BuXPhos,2,,7.182520972000001,20.700298309326172,11.512445449829102
reaction:3594,t-BuXPhos,1,,75.98553455,81.42584228515625,10.944087982177734
reaction:3595,t-BuXPhos,3,,82.40046293,83.71830749511719,10.608115196228027
reaction:3596,t-BuBrettPhos,3,,9.973367678,0.1699981689453125,19.039091110229492
reaction:3597,t-BuBrettPhos,1,,12.38761085,1.456552505493164,16.65151596069336
reaction:3598,t-BuBrettPhos,4,,12.79513925,8.86761474609375,15.520857810974121
reaction:3599,t-BuBrettPhos,1,,0.746156967,-0.6765518188476562,14.81914234161377
reaction:3600,t-BuBrettPhos,4,,12.59161714,9.646820068359375,15.15738582611084
reaction:3601,t-BuBrettPhos,3,,14.72607829,12.996749877929688,15.722166061401367
reaction:3602,t-BuBrettPhos,4,,12.28165388,3.813983917236328,15.498685836791992
reaction:3603,t-BuBrettPhos,2,,24.42477517,23.061994552612305,11.814878463745117
reaction:3604,t-BuBrettPhos,2,,26.50151753,29.823657989501953,13.186171531677246
reaction:3605,t-BuBrettPhos,4,,24.72320112,28.25592803955078,14.424276351928711
reaction:3606,t-BuBrettPhos,0,,27.98543221,32.653751373291016,12.841991424560547
reaction:3607,t-BuBrettPhos,3,,32.32915323,36.79448699951172,14.770966529846191
reaction:3608,t-BuBrettPhos,0,,8.50474803,-4.348625183105469,17.731718063354492
reaction:3609,t-BuBrettPhos,0,,15.43456925,22.414249420166016,17.396129608154297
reaction:3610,t-BuBrettPhos,3,,19.90695412,22.529800415039062,16.530750274658203
reaction:3611,t-BuBrettPhos,3,,2.74121661,5.9059906005859375,13.440435409545898
reaction:3612,t-BuBrettPhos,3,,20.07939568,27.803760528564453,13.050372123718262
reaction:3613,t-BuBrettPhos,2,,33.6420654,31.165437698364258,13.714605331420898
reaction:3614,t-BuBrettPhos,4,,0.328567973,0.9937095642089844,14.893712997436523
reaction:3615,t-BuBrettPhos,1,,12.21281347,18.487184524536133,13.38287353515625
reaction:3616,t-BuBrettPhos,3,,33.66516566,31.14223861694336,14.589838027954102
reaction:3617,t-BuBrettPhos,1,,1.993041801,4.8985748291015625,11.906085014343262
reaction:3618,t-BuBrettPhos,1,,24.96800216,34.98643493652344,12.373235702514648
reaction:3619,t-BuBrettPhos,1,,59.5664451,56.17804718017578,14.166702270507812
reaction:3620,t-BuBrettPhos,2,,32.57727167,34.08127975463867,12.052637100219727
reaction:3621,t-BuBrettPhos,3,,44.24461772,41.775840759277344,13.21480655670166
reaction:3622,t-BuBrettPhos,2,,61.37532466,56.043052673339844,12.962737083435059
reaction:3623,t-BuBrettPhos,2,,1.607816561,-0.3698081970214844,11.985455513000488
reaction:3624,t-BuBrettPhos,0,,42.1300284,46.378726959228516,12.376907348632812
reaction:3625,t-BuBrettPhos,3,,55.13286563,53.54943084716797,13.268184661865234
reaction:3626,t-BuBrettPhos,3,,13.51164782,10.287481307983398,13.664592742919922
reaction:3627,t-BuBrettPhos,2,,36.28377215,29.731992721557617,12.33837604522705
reaction:3628,t-BuBrettPhos,0,,43.31119655,44.30827713012695,12.330146789550781
reaction:3629,t-BuBrettPhos,1,,0.568210949,0.8031501770019531,11.87666130065918
reaction:3630,t-BuBrettPhos,3,,31.09780796,29.307498931884766,13.93785572052002
reaction:3631,t-BuBrettPhos,1,,44.42036094,42.71760559082031,12.354009628295898
reaction:3632,t-BuBrettPhos,2,,6.604799576,5.1730804443359375,11.734611511230469
reaction:3633,t-BuBrettPhos,0,,53.30648897,50.65391540527344,11.851750373840332
reaction:3634,t-BuBrettPhos,2,,73.95398123,71.61219787597656,12.67508602142334
reaction:3635,t-BuBrettPhos,4,,64.98015189,63.34429168701172,13.997187614440918
reaction:3636,t-BuBrettPhos,4,,71.05445565,72.76522827148438,13.132478713989258
reaction:3637,t-BuBrettPhos,3,,83.94468409,84.4832763671875,14.454350471496582
reaction:3638,t-BuBrettPhos,3,,2.019729051,6.509044647216797,13.594388961791992
reaction:3639,t-BuBrettPhos,0,,55.99062735,64.88079071044922,12.514021873474121
reaction:3640,t-BuBrettPhos,3,,83.04189522,78.1256103515625,13.379817008972168
reaction:3641,t-BuBrettPhos,4,,17.35437544,10.089851379394531,21.195133209228516
reaction:3642,t-BuBrettPhos,2,,28.92940614,26.518844604492188,19.173730850219727
reaction:3643,t-BuBrettPhos,2,,34.70800352,29.253578186035156,18.330114364624023
reaction:3644,t-BuBrettPhos,3,,0.572188732,4.502925872802734,21.690948486328125
reaction:3645,t-BuBrettPhos,1,,38.02062933,31.976343154907227,17.57831573486328
reaction:3646,t-BuBrettPhos,3,,38.77000873,43.10879135131836,19.595596313476562
reaction:3647,t-BuBrettPhos,4,,13.95905877,9.351470947265625,17.10193634033203
reaction:3648,t-BuBrettPhos,0,,60.55316321,52.56859588623047,17.434486389160156
reaction:3649,t-BuBrettPhos,1,,63.14360639,53.31401062011719,17.552053451538086
reaction:3650,t-BuBrettPhos,0,,41.14460565,58.27239227294922,17.748620986938477
reaction:3651,t-BuBrettPhos,3,,47.20893463,58.34535217285156,17.970718383789062
reaction:3652,t-BuBrettPhos,4,,58.17261114,61.43601989746094,17.114744186401367
reaction:3653,t-BuBrettPhos,0,,13.53376242,10.49740982055664,21.21154022216797
reaction:3654,t-BuBrettPhos,4,,53.60304102,30.38721466064453,18.941585540771484
reaction:3655,t-BuBrettPhos,4,,58.45828833,45.33681869506836,19.35350227355957
reaction:3656,t-BuBrettPhos,4,,5.492602222,7.8837738037109375,16.050159454345703
reaction:3657,t-BuBrettPhos,1,,30.47937114,23.920330047607422,16.33661651611328
reaction:3658,t-BuBrettPhos,4,,38.18576353,30.929931640625,16.53250503540039
reaction:3659,t-BuBrettPhos,2,,0.0,0.604949951171875,16.833030700683594
reaction:3660,t-BuBrettPhos,3,,21.09483753,22.344161987304688,18.078155517578125
reaction:3661,t-BuBrettPhos,4,,57.7087314,35.1136474609375,15.886817932128906
reaction:3662,t-BuBrettPhos,3,,6.312401384,5.614036560058594,19.08224868774414
reaction:3663,t-BuBrettPhos,2,,40.61436819,45.754554748535156,16.481342315673828
reaction:3664,t-BuBrettPhos,0,,62.94407370000001,59.632667541503906,16.558263778686523
reaction:3665,t-BuBrettPhos,0,,29.74076309,47.99854278564453,15.543259620666504
reaction:3666,t-BuBrettPhos,2,,38.06656269,49.99013137817383,16.419343948364258
reaction:3667,t-BuBrettPhos,4,,64.15465798,60.201416015625,16.944360733032227
reaction:3668,t-BuBrettPhos,1,,4.069080612,0.3203086853027344,16.6402587890625
reaction:3669,t-BuBrettPhos,4,,49.17268474,32.19550323486328,15.880431175231934
reaction:3670,t-BuBrettPhos,1,,57.52960259,61.248931884765625,16.21501922607422
reaction:3671,t-BuBrettPhos,0,,12.78962475,9.478132247924805,18.56372833251953
reaction:3672,t-BuBrettPhos,4,,31.88542104,38.15249252319336,17.639925003051758
reaction:3673,t-BuBrettPhos,0,,41.17290032,46.621219635009766,17.522266387939453
reaction:3674,t-BuBrettPhos,0,,0.0,1.855325698852539,18.93672752380371
reaction:3675,t-BuBrettPhos,4,,36.44526769,35.621089935302734,15.850956916809082
reaction:3676,t-BuBrettPhos,2,,47.11829387,62.3816032409668,18.91048812866211
reaction:3677,t-BuBrettPhos,1,,6.880494812999999,8.898555755615234,16.76848602294922
reaction:3678,t-BuBrettPhos,1,,62.86856054,60.90626525878906,16.154447555541992
reaction:3679,t-BuBrettPhos,3,,72.345187,76.12369537353516,17.656265258789062
reaction:3680,t-BuBrettPhos,4,,72.24358198,59.583763122558594,15.192399024963379
reaction:3681,t-BuBrettPhos,0,,73.49750543,61.102027893066406,15.77381706237793
reaction:3682,t-BuBrettPhos,1,,86.32465757,88.25544738769531,17.254180908203125
reaction:3683,t-BuBrettPhos,0,,2.394294255,9.853954315185547,18.703989028930664
reaction:3684,t-BuBrettPhos,1,,47.68791361,65.67430114746094,17.02274513244629
reaction:3685,t-BuBrettPhos,4,,81.55614964,77.11808013916016,15.382965087890625
reaction:3686,t-BuBrettPhos,3,,11.04036087,14.948633193969727,18.175708770751953
reaction:3687,t-BuBrettPhos,1,,24.23482722,28.543703079223633,16.5361270904541
reaction:3688,t-BuBrettPhos,1,,31.2993075,37.37102508544922,15.37033462524414
reaction:3689,t-BuBrettPhos,4,,0.337596865,1.5490989685058594,17.231563568115234
reaction:3690,t-BuBrettPhos,3,,46.64890669,47.487510681152344,14.045172691345215
reaction:3691,t-BuBrettPhos,1,,45.17206702,46.08357620239258,14.534605979919434
reaction:3692,t-BuBrettPhos,0,,9.993569506,9.067039489746094,16.968725204467773
reaction:3693,t-BuBrettPhos,4,,68.91825786,66.14083099365234,12.610365867614746
reaction:3694,t-BuBrettPhos,1,,69.27632316,67.04776763916016,13.961101531982422
reaction:3695,t-BuBrettPhos,2,,78.77070783,71.91969299316406,12.45189094543457
reaction:3696,t-BuBrettPhos,0,,76.11415284,75.35310363769531,12.143889427185059
reaction:3697,t-BuBrettPhos,2,,81.78695125,76.0777359008789,14.72364330291748
reaction:3698,t-BuBrettPhos,2,,3.724806832,12.09505844116211,16.718713760375977
reaction:3699,t-BuBrettPhos,0,,17.80357266,42.32335662841797,16.80913543701172
reaction:3700,t-BuBrettPhos,1,,61.99734129,51.151947021484375,13.849287033081055
reaction:3701,t-BuBrettPhos,0,,27.20831726,24.302043914794922,12.527798652648926
reaction:3702,t-BuBrettPhos,0,,38.14083048,35.56907272338867,11.801716804504395
reaction:3703,t-BuBrettPhos,4,,36.4250561,39.67461395263672,13.699586868286133
reaction:3704,t-BuBrettPhos,1,,1.088494579,1.5288772583007812,11.397560119628906
reaction:3705,t-BuBrettPhos,1,,37.85579692,37.15635681152344,13.065777778625488
reaction:3706,t-BuBrettPhos,0,,41.07404232,43.39176940917969,13.31973648071289
reaction:3707,t-BuBrettPhos,4,,8.955312407000001,8.000783920288086,12.250624656677246
reaction:3708,t-BuBrettPhos,4,,59.10146589,56.851356506347656,12.287872314453125
reaction:3709,t-BuBrettPhos,1,,65.48133698,67.17776489257812,13.916903495788574
reaction:3710,t-BuBrettPhos,1,,62.79572595,59.536956787109375,12.259556770324707
reaction:3711,t-BuBrettPhos,3,,65.86005497,61.69779586791992,11.869545936584473
reaction:3712,t-BuBrettPhos,4,,64.68104609,68.225341796875,14.298663139343262
reaction:3713,t-BuBrettPhos,2,,25.61137798,17.172027587890625,12.274334907531738
reaction:3714,t-BuBrettPhos,0,,56.47869884,60.70789337158203,10.966443061828613
reaction:3715,t-BuBrettPhos,1,,60.5253289,63.07650375366211,11.589090347290039
reaction:3716,t-BuBrettPhos,3,,28.57251929,25.10767364501953,11.596820831298828
reaction:3717,t-BuBrettPhos,0,,38.20471013,37.21559143066406,11.772043228149414
reaction:3718,t-BuBrettPhos,4,,41.63261266,45.150062561035156,13.502737045288086
reaction:3719,t-BuBrettPhos,0,,1.226874544,1.652639389038086,11.503540992736816
reaction:3720,t-BuBrettPhos,3,,47.15627467,46.04172897338867,12.689719200134277
reaction:3721,t-BuBrettPhos,2,,49.15467449,47.91139602661133,15.36013412475586
reaction:3722,t-BuBrettPhos,1,,9.293896224,9.324216842651367,11.503646850585938
reaction:3723,t-BuBrettPhos,0,,74.97052076,69.07470703125,11.762216567993164
reaction:3724,t-BuBrettPhos,0,,75.97219172,76.10066223144531,12.165236473083496
reaction:3725,t-BuBrettPhos,0,,85.53405964,82.59552001953125,11.379620552062988
reaction:3726,t-BuBrettPhos,4,,80.79670421,89.70681762695312,12.664767265319824
reaction:3727,t-BuBrettPhos,1,,85.64532689,89.86323547363281,13.619062423706055
reaction:3728,t-BuBrettPhos,0,,21.70039266,25.48457145690918,11.942550659179688
reaction:3729,t-BuBrettPhos,1,,76.95155975,73.02960968017578,11.9341402053833
reaction:3730,t-BuBrettPhos,2,,80.79774090000001,82.99324035644531,12.615915298461914
reaction:3731,t-BuBrettPhos,3,,2.008708666,6.186542510986328,17.559406280517578
reaction:3732,t-BuBrettPhos,1,,25.56755062,27.021039962768555,15.874252319335938
reaction:3733,t-BuBrettPhos,4,,32.35958784,36.689083099365234,13.379717826843262
reaction:3734,t-BuBrettPhos,4,,0.0,0.3701820373535156,16.115509033203125
reaction:3735,t-BuBrettPhos,1,,41.6263458,41.792510986328125,12.833453178405762
reaction:3736,t-BuBrettPhos,3,,41.53702825,44.09865951538086,13.660430908203125
reaction:3737,t-BuBrettPhos,4,,5.761815995,6.82310676574707,11.960251808166504
reaction:3738,t-BuBrettPhos,3,,63.22828466,63.317237854003906,10.360692024230957
reaction:3739,t-BuBrettPhos,1,,66.89026205,64.22176361083984,13.024835586547852
reaction:3740,t-BuBrettPhos,0,,72.60987428,71.66412353515625,11.57870864868164
reaction:3741,t-BuBrettPhos,4,,78.22401013,72.37225341796875,11.15235424041748
reaction:3742,t-BuBrettPhos,2,,70.14060434,75.29778289794922,13.670658111572266
reaction:3743,t-BuBrettPhos,3,,0.810171959,3.308673858642578,17.064353942871094
reaction:3744,t-BuBrettPhos,2,,48.96975625,38.699951171875,17.500703811645508
reaction:3745,t-BuBrettPhos,1,,50.40479784,47.048255920410156,12.865050315856934
reaction:3746,t-BuBrettPhos,0,,6.090802245,7.452951431274414,11.425633430480957
reaction:3747,t-BuBrettPhos,1,,38.90083473,34.78276443481445,10.507052421569824
reaction:3748,t-BuBrettPhos,3,,37.47062049,40.58458709716797,10.830830574035645
reaction:3749,t-BuBrettPhos,4,,0.0,0.5894584655761719,11.554141998291016
reaction:3750,t-BuBrettPhos,0,,35.15329281,31.323274612426758,12.825927734375
reaction:3751,t-BuBrettPhos,0,,41.08459601,41.305824279785156,12.464261054992676
reaction:3752,t-BuBrettPhos,1,,4.12761042,3.427572250366211,10.304884910583496
reaction:3753,t-BuBrettPhos,4,,56.83415199,49.08366775512695,10.859169006347656
reaction:3754,t-BuBrettPhos,2,,65.44832937,70.1362533569336,11.44805908203125
reaction:3755,t-BuBrettPhos,1,,58.01064055,53.88231658935547,11.117653846740723
reaction:3756,t-BuBrettPhos,2,,63.16520406,64.63113403320312,10.609872817993164
reaction:3757,t-BuBrettPhos,3,,66.65248144,70.78382873535156,12.402101516723633
reaction:3758,t-BuBrettPhos,3,,2.68455705,3.8340377807617188,11.193321228027344
reaction:3759,t-BuBrettPhos,1,,58.35068095,60.66632080078125,10.40993595123291
reaction:3760,t-BuBrettPhos,0,,61.04278074,66.27890014648438,10.898113250732422
reaction:3761,t-BuBrettPhos,1,,6.03417912,8.302106857299805,10.270496368408203
reaction:3762,t-BuBrettPhos,1,,38.15565558,37.47479248046875,10.784797668457031
reaction:3763,t-BuBrettPhos,4,,45.15638688,40.822444915771484,12.064352035522461
reaction:3764,t-BuBrettPhos,4,,0.0,0.48883056640625,10.666223526000977
reaction:3765,t-BuBrettPhos,3,,36.98776703,40.241031646728516,11.5348539352417
reaction:3766,t-BuBrettPhos,3,,44.33872807,44.79231262207031,12.07007884979248
reaction:3767,t-BuBrettPhos,4,,4.225486824,4.577581405639648,10.175150871276855
reaction:3768,t-BuBrettPhos,2,,59.21946541,64.75322723388672,10.921451568603516
reaction:3769,t-BuBrettPhos,1,,74.59845802,75.12364959716797,13.016626358032227
reaction:3770,t-BuBrettPhos,3,,78.02488381,75.72762298583984,11.24044418334961
reaction:3771,t-BuBrettPhos,3,,80.73687357,83.51872253417969,10.585601806640625
reaction:3772,t-BuBrettPhos,0,,88.24637541,88.3990478515625,12.09518051147461
reaction:3773,t-BuBrettPhos,1,,1.957264533,6.165538787841797,9.924180030822754
reaction:3774,t-BuBrettPhos,1,,65.74098646,76.68443298339844,10.850045204162598
reaction:3775,t-BuBrettPhos,1,,83.83843021,80.86105346679688,9.352831840515137
reaction:3776,AdBrettPhos,4,,10.47269891,-1.0051956176757812,20.386201858520508
reaction:3777,AdBrettPhos,2,,12.16304801,-3.208942413330078,16.031259536743164
reaction:3778,AdBrettPhos,2,,10.78771766,9.212051391601562,14.605708122253418
reaction:3779,AdBrettPhos,2,,1.152131483,-0.2956275939941406,19.023996353149414
reaction:3780,AdBrettPhos,0,,14.89842021,7.390508651733398,15.247703552246094
reaction:3781,AdBrettPhos,4,,16.26779165,21.84499168395996,15.199468612670898
reaction:3782,AdBrettPhos,3,,4.656693452,0.22291946411132812,15.254881858825684
reaction:3783,AdBrettPhos,0,,21.20587604,20.167675018310547,12.7716646194458
reaction:3784,AdBrettPhos,0,,27.685942800000003,32.91602325439453,13.936153411865234
reaction:3785,AdBrettPhos,3,,21.50066765,20.288658142089844,13.160479545593262
reaction:3786,AdBrettPhos,1,,25.90827653,30.581132888793945,12.192198753356934
reaction:3787,AdBrettPhos,4,,28.29509241,39.03741455078125,15.557042121887207
reaction:3788,AdBrettPhos,0,,14.747497199999998,-2.959392547607422,15.976421356201172
reaction:3789,AdBrettPhos,4,,17.65611496,14.192157745361328,17.135976791381836
reaction:3790,AdBrettPhos,1,,19.96336659,30.812217712402344,13.957015037536621
reaction:3791,AdBrettPhos,2,,2.505489323,7.552244186401367,12.722908973693848
reaction:3792,AdBrettPhos,4,,15.19101144,30.149274826049805,15.754237174987793
reaction:3793,AdBrettPhos,1,,34.181383399999994,35.06252670288086,13.640111923217773
reaction:3794,AdBrettPhos,3,,0.4677335079999999,1.5266132354736328,13.707812309265137
reaction:3795,AdBrettPhos,1,,14.98944103,17.493635177612305,12.926344871520996
reaction:3796,AdBrettPhos,3,,40.85999304,38.912994384765625,13.873666763305664
reaction:3797,AdBrettPhos,3,,0.648980669,1.5630722045898438,13.250679016113281
reaction:3798,AdBrettPhos,3,,24.05265274,24.547447204589844,12.905797958374023
reaction:3799,AdBrettPhos,1,,60.8676331,56.7861442565918,14.22430419921875
reaction:3800,AdBrettPhos,3,,20.28381752,11.845891952514648,13.313776016235352
reaction:3801,AdBrettPhos,0,,30.24326754,21.354774475097656,12.336610794067383
reaction:3802,AdBrettPhos,1,,53.5695113,48.69933319091797,13.530109405517578
reaction:3803,AdBrettPhos,0,,1.726024029,1.5630645751953125,12.822293281555176
reaction:3804,AdBrettPhos,1,,36.92601799,17.08587646484375,11.531258583068848
reaction:3805,AdBrettPhos,1,,56.57387493,54.09101867675781,11.465431213378906
reaction:3806,AdBrettPhos,4,,7.949590253999999,1.3521671295166016,14.15838623046875
reaction:3807,AdBrettPhos,0,,30.30978378,21.094310760498047,13.087934494018555
reaction:3808,AdBrettPhos,2,,47.10591975,36.89297103881836,13.040480613708496
reaction:3809,AdBrettPhos,3,,0.256451547,1.3336620330810547,13.435163497924805
reaction:3810,AdBrettPhos,3,,26.95590806,22.271949768066406,13.650568008422852
reaction:3811,AdBrettPhos,2,,49.01475041,41.183929443359375,12.668441772460938
reaction:3812,AdBrettPhos,0,,0.727174946,1.1959381103515625,13.02599048614502
reaction:3813,AdBrettPhos,1,,34.67021781,43.1468391418457,12.419672966003418
reaction:3814,AdBrettPhos,4,,73.39202626,62.52620315551758,14.07876968383789
reaction:3815,AdBrettPhos,0,,29.55686861,46.615848541259766,12.457958221435547
reaction:3816,AdBrettPhos,1,,41.06227561,62.08013916015625,12.613482475280762
reaction:3817,AdBrettPhos,4,,86.42573792,78.2491455078125,14.412317276000977
reaction:3818,AdBrettPhos,4,,0.0,0.9735565185546875,14.594528198242188
reaction:3819,AdBrettPhos,2,,27.34305282,55.159080505371094,11.8751220703125
reaction:3820,AdBrettPhos,4,,76.73986616,70.44542694091797,13.652533531188965
reaction:3821,AdBrettPhos,1,,15.5615648,6.058908462524414,18.721515655517578
reaction:3822,AdBrettPhos,3,,24.35604753,18.591041564941406,19.855100631713867
reaction:3823,AdBrettPhos,3,,28.85136629,25.314340591430664,19.375703811645508
reaction:3824,AdBrettPhos,2,,0.979807222,2.938282012939453,21.421350479125977
reaction:3825,AdBrettPhos,1,,29.01476311,19.73821449279785,17.636444091796875
reaction:3826,AdBrettPhos,2,,33.20741805,39.827701568603516,18.95513153076172
reaction:3827,AdBrettPhos,1,,4.08442672,4.2173004150390625,17.68992042541504
reaction:3828,AdBrettPhos,1,,46.70548466,38.015602111816406,16.522214889526367
reaction:3829,AdBrettPhos,2,,49.28704587,52.492919921875,17.480199813842773
reaction:3830,AdBrettPhos,1,,31.37415917,33.94595718383789,16.565332412719727
reaction:3831,AdBrettPhos,3,,37.12306374,41.96145248413086,17.444822311401367
reaction:3832,AdBrettPhos,2,,42.69698784,56.00151824951172,18.17267608642578
reaction:3833,AdBrettPhos,4,,16.74814495,5.557336807250977,19.79893684387207
reaction:3834,AdBrettPhos,1,,52.20286143,27.614425659179688,20.04994773864746
reaction:3835,AdBrettPhos,1,,56.41870071,43.75274658203125,17.53952407836914
reaction:3836,AdBrettPhos,2,,3.434831672,6.538993835449219,17.234172821044922
reaction:3837,AdBrettPhos,4,,26.32369704,32.41913986206055,17.213563919067383
reaction:3838,AdBrettPhos,3,,36.14852387,32.901851654052734,18.578245162963867
reaction:3839,AdBrettPhos,4,,0.0,1.2258186340332031,16.180742263793945
reaction:3840,AdBrettPhos,3,,16.7341519,21.400074005126953,16.460039138793945
reaction:3841,AdBrettPhos,1,,49.985461,44.66827392578125,16.95572280883789
reaction:3842,AdBrettPhos,3,,0.995077613,3.7813568115234375,19.131940841674805
reaction:3843,AdBrettPhos,4,,30.16614104,33.69773864746094,15.08112621307373
reaction:3844,AdBrettPhos,0,,59.31991617,65.71282958984375,17.59421157836914
reaction:3845,AdBrettPhos,1,,20.49711258,17.553672790527344,16.0372314453125
reaction:3846,AdBrettPhos,0,,31.02334366,25.440616607666016,16.875167846679688
reaction:3847,AdBrettPhos,2,,56.03747384,55.061065673828125,18.01498031616211
reaction:3848,AdBrettPhos,4,,2.039001868,2.213937759399414,16.596389770507812
reaction:3849,AdBrettPhos,4,,47.55321922,48.15945816040039,16.312782287597656
reaction:3850,AdBrettPhos,3,,59.16216512,58.81817626953125,17.923633575439453
reaction:3851,AdBrettPhos,1,,5.071740985,3.6829700469970703,16.91213035583496
reaction:3852,AdBrettPhos,2,,31.60555467,25.393442153930664,17.549562454223633
reaction:3853,AdBrettPhos,3,,41.60266431,30.761871337890625,18.47976303100586
reaction:3854,AdBrettPhos,2,,0.0,0.4566459655761719,17.300922393798828
reaction:3855,AdBrettPhos,0,,20.44948228,18.397254943847656,17.59790802001953
reaction:3856,AdBrettPhos,4,,46.3015164,48.40013885498047,16.609411239624023
reaction:3857,AdBrettPhos,0,,1.005881291,0.6505699157714844,18.89563751220703
reaction:3858,AdBrettPhos,1,,34.47263315,37.66730880737305,16.06732749938965
reaction:3859,AdBrettPhos,3,,72.29221067,58.827430725097656,16.6874942779541
reaction:3860,AdBrettPhos,2,,31.19527434,38.722206115722656,16.6616153717041
reaction:3861,AdBrettPhos,4,,39.71442231,54.085208892822266,15.443482398986816
reaction:3862,AdBrettPhos,0,,83.49602396,73.12806701660156,16.748281478881836
reaction:3863,AdBrettPhos,2,,0.0,1.9763202667236328,17.010770797729492
reaction:3864,AdBrettPhos,4,,27.15696835,60.37277603149414,15.765582084655762
reaction:3865,AdBrettPhos,0,,67.35182955,70.74363708496094,17.600109100341797
reaction:3866,AdBrettPhos,4,,6.112603375,13.690685272216797,19.59244155883789
reaction:3867,AdBrettPhos,4,,19.11941212,29.42003631591797,16.55515480041504
reaction:3868,AdBrettPhos,2,,29.76126623,41.66762161254883,14.933036804199219
reaction:3869,AdBrettPhos,3,,0.0,1.4254341125488281,13.097225189208984
reaction:3870,AdBrettPhos,2,,49.20462645,47.667015075683594,14.919158935546875
reaction:3871,AdBrettPhos,3,,49.50904012,50.66681671142578,14.485197067260742
reaction:3872,AdBrettPhos,3,,1.743650282,4.159420013427734,13.742033004760742
reaction:3873,AdBrettPhos,1,,67.14890203,67.484619140625,12.05763053894043
reaction:3874,AdBrettPhos,1,,68.20094264,69.21617126464844,14.035200119018555
reaction:3875,AdBrettPhos,4,,74.20453315,69.90907287597656,13.051344871520996
reaction:3876,AdBrettPhos,3,,74.49984474,70.79859924316406,12.045699119567871
reaction:3877,AdBrettPhos,3,,83.44233536,77.018310546875,13.729536056518555
reaction:3878,AdBrettPhos,4,,2.899493403,9.282861709594727,17.784013748168945
reaction:3879,AdBrettPhos,3,,16.85617983,37.28395462036133,15.544289588928223
reaction:3880,AdBrettPhos,2,,65.67896113,54.953712463378906,16.164615631103516
reaction:3881,AdBrettPhos,0,,17.43734901,13.106365203857422,11.364137649536133
reaction:3882,AdBrettPhos,1,,35.28597628,32.631343841552734,11.845602989196777
reaction:3883,AdBrettPhos,2,,36.96535355,40.62290954589844,13.174484252929688
reaction:3884,AdBrettPhos,0,,0.926720681,1.6093082427978516,11.44779109954834
reaction:3885,AdBrettPhos,4,,38.563334600000005,36.66515350341797,12.571025848388672
reaction:3886,AdBrettPhos,3,,39.70763397,43.15730667114258,12.647281646728516
reaction:3887,AdBrettPhos,1,,1.666950752,2.041013717651367,11.41482925415039
reaction:3888,AdBrettPhos,1,,57.55922845,52.241065979003906,12.091106414794922
reaction:3889,AdBrettPhos,4,,61.437310200000006,68.90632629394531,13.523773193359375
reaction:3890,AdBrettPhos,1,,44.04139335,45.16979217529297,12.230953216552734
reaction:3891,AdBrettPhos,4,,53.66497703,51.8753547668457,13.071335792541504
reaction:3892,AdBrettPhos,3,,58.26903703,61.917869567871094,13.279928207397461
reaction:3893,AdBrettPhos,1,,15.287626800000002,9.295969009399414,11.256834983825684
reaction:3894,AdBrettPhos,4,,59.26239712,44.138938903808594,12.710030555725098
reaction:3895,AdBrettPhos,2,,62.55956501,60.304931640625,12.118162155151367
reaction:3896,AdBrettPhos,2,,15.21649465,16.671464920043945,12.629802703857422
reaction:3897,AdBrettPhos,4,,37.4061745,38.803524017333984,14.31241226196289
reaction:3898,AdBrettPhos,4,,43.02832469,45.36030578613281,14.268872261047363
reaction:3899,AdBrettPhos,1,,1.126878627,0.9897193908691406,11.656530380249023
reaction:3900,AdBrettPhos,0,,43.83894822,44.30595397949219,13.015803337097168
reaction:3901,AdBrettPhos,1,,48.45171074,49.69955062866211,13.698263168334961
reaction:3902,AdBrettPhos,4,,1.342248202,2.636983871459961,12.223726272583008
reaction:3903,AdBrettPhos,2,,69.84952946,63.11821746826172,12.033239364624023
reaction:3904,AdBrettPhos,4,,74.90352783,81.01492309570312,13.396303176879883
reaction:3905,AdBrettPhos,2,,78.41262052,67.50334930419922,12.552766799926758
reaction:3906,AdBrettPhos,0,,80.77035612,81.8922119140625,11.507287979125977
reaction:3907,AdBrettPhos,3,,84.70172213,96.5048599243164,13.304485321044922
reaction:3908,AdBrettPhos,2,,9.540861126,14.36503791809082,12.229192733764648
reaction:3909,AdBrettPhos,0,,61.6695561,73.53707885742188,11.545729637145996
reaction:3910,AdBrettPhos,1,,74.59231799,85.61672973632812,11.413349151611328
reaction:3911,AdBrettPhos,2,,1.159391266,5.066978454589844,15.868722915649414
reaction:3912,AdBrettPhos,2,,19.7798759,18.3773136138916,15.438827514648438
reaction:3913,AdBrettPhos,4,,27.25583167,30.53908348083496,13.90207576751709
reaction:3914,AdBrettPhos,0,,0.0,0.18787765502929688,9.360662460327148
reaction:3915,AdBrettPhos,2,,27.61595801,34.358314514160156,13.846078872680664
reaction:3916,AdBrettPhos,1,,44.94211074,41.31113815307617,13.702012062072754
reaction:3917,AdBrettPhos,2,,0.0,2.322599411010742,12.314887046813965
reaction:3918,AdBrettPhos,3,,49.88008869,53.67418670654297,10.515666961669922
reaction:3919,AdBrettPhos,1,,61.83593039,59.48765563964844,13.096631050109863
reaction:3920,AdBrettPhos,3,,54.69797468,57.26823425292969,10.759139060974121
reaction:3921,AdBrettPhos,4,,66.42814295,57.87236785888672,11.06833267211914
reaction:3922,AdBrettPhos,2,,66.04767415,66.89546203613281,13.201484680175781
reaction:3923,AdBrettPhos,0,,0.899554125,3.1210269927978516,14.100110054016113
reaction:3924,AdBrettPhos,1,,41.91155944,34.243370056152344,15.817415237426758
reaction:3925,AdBrettPhos,3,,45.77046106,47.661041259765625,14.415345191955566
reaction:3926,AdBrettPhos,3,,2.749074467,1.9698257446289062,10.86758041381836
reaction:3927,AdBrettPhos,2,,28.74221631,25.647199630737305,12.498568534851074
reaction:3928,AdBrettPhos,3,,33.74215602,32.61819839477539,10.734954833984375
reaction:3929,AdBrettPhos,3,,0.0,-0.10205459594726562,10.20752239227295
reaction:3930,AdBrettPhos,1,,20.54633014,18.82625389099121,11.548157691955566
reaction:3931,AdBrettPhos,2,,34.2854552,40.59663391113281,12.02268123626709
reaction:3932,AdBrettPhos,0,,0.52608193,0.8642921447753906,10.125728607177734
reaction:3933,AdBrettPhos,0,,35.20097749,33.22576141357422,10.457799911499023
reaction:3934,AdBrettPhos,4,,57.87416713,59.79499053955078,12.41252326965332
reaction:3935,AdBrettPhos,4,,28.17135486,23.8895320892334,11.592819213867188
reaction:3936,AdBrettPhos,1,,42.18931962,35.81050109863281,11.232791900634766
reaction:3937,AdBrettPhos,3,,54.86277738,49.69766616821289,12.237348556518555
reaction:3938,AdBrettPhos,4,,1.7201850419999998,2.205059051513672,11.369140625
reaction:3939,AdBrettPhos,0,,52.96278289,34.30832290649414,9.927865982055664
reaction:3940,AdBrettPhos,2,,55.26466335,56.27541732788086,10.528730392456055
reaction:3941,AdBrettPhos,4,,2.565604497,0.018047332763671875,10.582843780517578
reaction:3942,AdBrettPhos,0,,25.67305216,26.31926918029785,11.250831604003906
reaction:3943,AdBrettPhos,4,,40.24019595,34.3759765625,13.061850547790527
reaction:3944,AdBrettPhos,0,,0.0,-0.4534721374511719,9.583564758300781
reaction:3945,AdBrettPhos,3,,20.84643886,30.904067993164062,11.624025344848633
reaction:3946,AdBrettPhos,1,,46.31398784,36.55524826049805,12.774168014526367
reaction:3947,AdBrettPhos,4,,0.553317014,-0.5114326477050781,10.084190368652344
reaction:3948,AdBrettPhos,3,,32.70750682,54.72206115722656,10.756949424743652
reaction:3949,AdBrettPhos,3,,69.61841713,71.74636840820312,12.42667007446289
reaction:3950,AdBrettPhos,3,,38.40380593,58.3199577331543,11.016839027404785
reaction:3951,AdBrettPhos,3,,57.42667045,71.00819396972656,10.818079948425293
reaction:3952,AdBrettPhos,0,,86.23315653,80.8389892578125,11.085718154907227
reaction:3953,AdBrettPhos,1,,1.44008073,0.6068954467773438,9.854330062866211
reaction:3954,AdBrettPhos,3,,43.53836522,64.82272338867188,10.253470420837402
reaction:3955,AdBrettPhos,1,,69.79590237,73.41284942626953,10.120542526245117
