row_id,ligand,fold,reference_group,y_true,y_pred,y_std
reaction:1,P(tBu)3,5,,4.76,2.2544631958007812,14.992098808288574
reaction:2,P(Ph)3,2,,4.12,7.388118743896484,16.027536392211914
reaction:3,AmPhos,6,,2.58,3.9342918395996094,13.899292945861816
reaction:4,P(Cy)3,2,,4.44,8.844928741455078,14.655867576599121
reaction:5,P(o-Tol)3,4,,1.95,3.678783416748047,13.741965293884277
reaction:6,CataCXium A,0,,3.25,6.660987854003906,13.230966567993164
reaction:7,SPhos,7,,86.26,80.0129623413086,12.981441497802734
reaction:9,XPhos,6,,93.67,96.74603271484375,12.880252838134766
reaction:13,P(tBu)3,5,,3.16,6.842487335205078,14.696334838867188
reaction:14,P(Ph)3,5,,4.75,5.756130218505859,15.277762413024902
reaction:15,AmPhos,2,,2.46,4.045223236083984,15.489696502685547
reaction:16,P(Cy)3,5,,5.27,5.628643035888672,14.914104461669922
reaction:17,P(o-Tol)3,6,,1.96,-1.1376266479492188,14.083155632019043
reaction:18,CataCXium A,6,,3.35,1.6475791931152344,13.004575729370117
reaction:19,SPhos,2,,69.22,73.66482543945312,13.254800796508789
reaction:21,XPhos,1,,83.19,77.90216827392578,13.290546417236328
reaction:25,P(tBu)3,7,,1.79,5.4795379638671875,15.314749717712402
reaction:26,P(Ph)3,2,,4.36,3.7323951721191406,16.439626693725586
reaction:27,AmPhos,7,,2.71,4.7655487060546875,15.10436725616455
reaction:28,P(Cy)3,6,,6.49,12.457427978515625,14.801298141479492
reaction:29,P(o-Tol)3,6,,2.1,0.59625244140625,15.106155395507812
reaction:30,CataCXium A,2,,3.32,4.716621398925781,15.034028053283691
reaction:31,SPhos,7,,68.44,65.23731994628906,14.289631843566895
reaction:33,XPhos,5,,73.02,78.57865142822266,14.535260200500488
reaction:37,P(tBu)3,6,,3.0,4.898441314697266,14.965188026428223
reaction:38,P(Ph)3,4,,4.73,1.9680252075195312,14.936188697814941
reaction:39,AmPhos,3,,2.58,3.1144676208496094,14.834696769714355
reaction:40,P(Cy)3,4,,5.83,-0.4440803527832031,14.388450622558594
reaction:41,P(o-Tol)3,1,,1.88,-1.5404853820800781,14.44501781463623
reaction:42,CataCXium A,4,,3.69,0.0726165771484375,13.946111679077148
reaction:43,SPhos,5,,53.34,58.262447357177734,13.573309898376465
reaction:45,XPhos,4,,60.67,66.25735473632812,13.621627807617188
reaction:49,P(tBu)3,1,,5.6,5.3778076171875,13.87797737121582
reaction:50,P(Ph)3,2,,4.82,5.36224365234375,15.804771423339844
reaction:51,AmPhos,0,,2.49,2.7587890625,13.980836868286133
reaction:52,P(Cy)3,3,,6.46,6.247444152832031,14.289759635925293
reaction:53,P(o-Tol)3,2,,2.06,2.7175331115722656,14.6967191696167
reaction:54,CataCXium A,5,,3.22,4.8006744384765625,13.558629989624023
reaction:55,SPhos,1,,78.42,81.06380462646484,12.568192481994629
reaction:57,XPhos,2,,92.22,88.63399505615234,13.504382133483887
reaction:61,P(tBu)3,7,,7.08,10.023014068603516,13.933454513549805
reaction:62,P(Ph)3,3,,5.45,7.386787414550781,15.251355171203613
reaction:63,AmPhos,5,,1.99,4.303943634033203,14.7203369140625
reaction:64,P(Cy)3,0,,6.08,8.13956069946289,13.873409271240234
reaction:65,P(o-Tol)3,6,,2.45,3.1601715087890625,14.188097953796387
reaction:66,CataCXium A,5,,3.57,4.671581268310547,13.703447341918945
reaction:67,SPhos,4,,85.77,80.66700744628906,12.506464004516602
reaction:69,XPhos,7,,92.83,90.21954345703125,13.107828140258789
reaction:73,P(tBu)3,0,,7.82,7.694797515869141,14.327559471130371
reaction:74,P(Ph)3,5,,6.14,6.262935638427734,15.3075590133667
reaction:75,AmPhos,2,,2.13,3.230579376220703,15.512517929077148
reaction:76,P(Cy)3,7,,5.05,10.226974487304688,13.767242431640625
reaction:77,P(o-Tol)3,6,,1.98,1.7926445007324219,14.22344970703125
reaction:78,CataCXium A,7,,4.47,7.568672180175781,13.329373359680176
reaction:79,SPhos,0,,78.96,78.45748901367188,12.898429870605469
reaction:81,XPhos,0,,90.3,86.27793884277344,13.38451099395752
reaction:85,P(tBu)3,2,,9.76,11.142086029052734,15.83138370513916
reaction:86,P(Ph)3,6,,4.15,4.775459289550781,15.007881164550781
reaction:87,AmPhos,1,,1.53,8.153697967529297,14.928277015686035
reaction:88,P(Cy)3,7,,5.8,6.81817626953125,14.48286247253418
reaction:89,P(o-Tol)3,3,,2.65,-0.09358978271484375,14.342641830444336
reaction:90,CataCXium A,7,,4.43,8.98690414428711,14.022875785827637
reaction:91,SPhos,2,,66.8,70.95572662353516,14.299565315246582
reaction:93,XPhos,5,,78.23,77.31315612792969,14.51916217803955
reaction:97,P(tBu)3,7,,33.79,54.23850631713867,14.546797752380371
reaction:98,P(Ph)3,3,,8.08,14.339115142822266,15.716484069824219
reaction:99,AmPhos,7,,61.2,49.19403076171875,14.414448738098145
reaction:100,P(Cy)3,1,,69.94,68.2272720336914,15.098437309265137
reaction:101,P(o-Tol)3,2,,7.2,11.849777221679688,14.358960151672363
reaction:102,CataCXium A,3,,79.47,67.7392578125,13.435151100158691
reaction:103,SPhos,2,,87.06,88.12681579589844,13.022665023803711
reaction:105,XPhos,4,,88.97,91.50148010253906,14.07300853729248
reaction:109,P(tBu)3,4,,66.74,55.5813102722168,14.60308837890625
reaction:110,P(Ph)3,1,,8.11,12.920345306396484,15.377963066101074
reaction:111,AmPhos,5,,57.48,51.08966827392578,15.392032623291016
reaction:112,P(Cy)3,1,,61.89,69.75473022460938,14.903054237365723
reaction:113,P(o-Tol)3,0,,2.23,13.59194564819336,13.915316581726074
reaction:114,CataCXium A,0,,70.45,69.84662628173828,13.46580696105957
reaction:115,SPhos,4,,79.85,69.3805160522461,13.232565879821777
reaction:117,XPhos,1,,80.77,74.26781463623047,14.184042930603027
reaction:121,P(tBu)3,5,,39.17,42.44364929199219,16.310327529907227
reaction:122,P(Ph)3,1,,7.24,7.594181060791016,16.17735481262207
reaction:123,AmPhos,2,,44.98,45.551292419433594,15.289922714233398
reaction:124,P(Cy)3,4,,50.95,65.45393371582031,15.286541938781738
reaction:125,P(o-Tol)3,3,,2.23,3.4381637573242188,14.697364807128906
reaction:126,CataCXium A,7,,61.29,52.87659454345703,14.871397018432617
reaction:127,SPhos,7,,60.83,53.82984161376953,14.1936616897583
reaction:129,XPhos,4,,53.52,66.65237426757812,14.623730659484863
reaction:133,P(tBu)3,2,,41.23,46.35200881958008,16.428936004638672
reaction:134,P(Ph)3,5,,6.66,5.779178619384766,15.379753112792969
reaction:135,AmPhos,3,,33.02,46.31923294067383,14.643031120300293
reaction:136,P(Cy)3,1,,50.06,58.21534729003906,15.281183242797852
reaction:137,P(o-Tol)3,6,,2.68,-3.0983009338378906,14.927253723144531
reaction:138,CataCXium A,4,,55.85,56.027793884277344,14.657820701599121
reaction:139,SPhos,0,,47.94,55.64790725708008,13.762421607971191
reaction:141,XPhos,1,,52.33,58.3947868347168,14.68843936920166
reaction:145,P(tBu)3,4,,48.56,50.912452697753906,14.481877326965332
reaction:146,P(Ph)3,6,,7.77,7.809833526611328,15.081727981567383
reaction:147,AmPhos,5,,42.73,46.550533294677734,15.307910919189453
reaction:148,P(Cy)3,7,,55.08,65.10504150390625,13.872697830200195
reaction:149,P(o-Tol)3,3,,3.03,2.2524375915527344,13.586214065551758
reaction:150,CataCXium A,7,,62.33,62.34688949584961,13.491178512573242
reaction:151,SPhos,7,,73.31,72.51756286621094,12.469756126403809
reaction:153,XPhos,1,,72.0,80.5278091430664,14.074356079101562
reaction:157,P(tBu)3,5,,66.16,53.17658996582031,15.619386672973633
reaction:158,P(Ph)3,1,,9.92,15.611827850341797,15.398932456970215
reaction:159,AmPhos,6,,58.51,47.301509857177734,15.125653266906738
reaction:160,P(Cy)3,3,,78.15,54.53312301635742,14.824759483337402
reaction:161,P(o-Tol)3,6,,5.12,8.882328033447266,14.579826354980469
reaction:162,CataCXium A,4,,62.02,72.3956298828125,13.968534469604492
reaction:163,SPhos,6,,85.95,82.06968688964844,13.81877326965332
reaction:165,XPhos,0,,85.21,86.74546813964844,13.693739891052246
reaction:169,P(tBu)3,2,,68.72,57.49775314331055,16.12877082824707
reaction:170,P(Ph)3,4,,10.16,16.84115982055664,15.655084609985352
reaction:171,AmPhos,1,,48.8,49.99999237060547,14.384054183959961
reaction:172,P(Cy)3,6,,82.65,60.15547180175781,14.640937805175781
reaction:173,P(o-Tol)3,0,,5.97,15.33993911743164,13.957123756408691
reaction:174,CataCXium A,7,,80.74,71.77467346191406,13.527791976928711
reaction:175,SPhos,4,,87.82,83.55419921875,13.373526573181152
reaction:177,XPhos,6,,88.93,89.60177612304688,14.314104080200195
reaction:181,P(tBu)3,3,,67.57,59.61333084106445,14.88621711730957
reaction:182,P(Ph)3,4,,9.44,16.646883010864258,16.126888275146484
reaction:183,AmPhos,5,,64.56,51.84685134887695,15.991597175598145
reaction:184,P(Cy)3,2,,73.97,68.99169921875,15.355669021606445
reaction:185,P(o-Tol)3,7,,4.81,21.291770935058594,14.434549331665039
reaction:186,CataCXium A,2,,83.62,77.90878295898438,14.307774543762207
reaction:187,SPhos,1,,89.17,82.0821533203125,14.520147323608398
reaction:189,XPhos,2,,91.35,85.13103485107422,14.456122398376465
reaction:193,P(tBu)3,3,,17.33,14.139263153076172,15.07886791229248
reaction:194,P(Ph)3,2,,6.27,7.598491668701172,15.824849128723145
reaction:195,AmPhos,5,,5.34,9.19314193725586,15.074666023254395
reaction:196,P(Cy)3,4,,12.74,14.558692932128906,14.929350852966309
reaction:197,P(o-Tol)3,0,,5.37,6.254261016845703,14.117826461791992
reaction:198,CataCXium A,4,,8.6,13.800220489501953,13.91443157196045
reaction:199,SPhos,5,,77.85,81.05862426757812,13.2096529006958
reaction:201,XPhos,2,,88.28,79.28312683105469,14.168039321899414
reaction:205,P(tBu)3,7,,3.5,13.644580841064453,14.018779754638672
reaction:206,P(Ph)3,7,,6.84,5.527706146240234,14.781682968139648
reaction:207,AmPhos,7,,2.54,3.6251220703125,14.002519607543945
reaction:208,P(Cy)3,4,,10.59,11.476753234863281,14.565977096557617
reaction:209,P(o-Tol)3,4,,1.19,-3.2539939880371094,13.937911033630371
reaction:210,CataCXium A,0,,7.85,8.808536529541016,13.397133827209473
reaction:211,SPhos,0,,42.13,65.49867248535156,13.04681396484375
reaction:213,XPhos,0,,37.01,68.43748474121094,13.541662216186523
reaction:217,P(tBu)3,7,,1.22,8.710514068603516,15.399446487426758
reaction:218,P(Ph)3,0,,6.24,18.8488712310791,15.389284133911133
reaction:219,AmPhos,3,,4.25,3.8273353576660156,15.719511032104492
reaction:220,P(Cy)3,3,,42.54,14.237037658691406,15.565377235412598
reaction:221,P(o-Tol)3,7,,1.05,3.12078857421875,14.98975658416748
reaction:222,CataCXium A,3,,12.89,12.272834777832031,14.392717361450195
reaction:223,SPhos,7,,63.88,60.77397537231445,14.240389823913574
reaction:225,XPhos,5,,60.88,65.6929931640625,14.327818870544434
reaction:229,P(tBu)3,5,,3.69,11.616477966308594,14.985346794128418
reaction:230,P(Ph)3,5,,5.3,4.940784454345703,15.884675979614258
reaction:231,AmPhos,3,,5.08,4.849632263183594,15.576375961303711
reaction:232,P(Cy)3,3,,6.97,9.87985610961914,15.300379753112793
reaction:233,P(o-Tol)3,1,,0.99,1.122711181640625,14.283099174499512
reaction:234,CataCXium A,5,,11.91,5.896053314208984,14.133050918579102
reaction:235,SPhos,1,,39.83,45.03175735473633,13.394980430603027
reaction:237,XPhos,6,,39.49,48.18473434448242,13.838765144348145
reaction:241,P(tBu)3,0,,13.55,7.248077392578125,15.175100326538086
reaction:242,P(Ph)3,2,,4.36,5.848686218261719,15.572908401489258
reaction:243,AmPhos,3,,3.3,5.296722412109375,15.099664688110352
reaction:244,P(Cy)3,3,,7.47,11.391254425048828,14.840051651000977
reaction:245,P(o-Tol)3,7,,3.54,3.8455429077148438,13.540077209472656
reaction:246,CataCXium A,1,,10.67,9.421318054199219,13.34900188446045
reaction:247,SPhos,7,,62.77,64.72142028808594,12.591963768005371
reaction:249,XPhos,0,,79.14,62.2016487121582,13.30736255645752
reaction:253,P(tBu)3,0,,23.07,11.859535217285156,15.328145980834961
reaction:254,P(Ph)3,7,,7.07,5.159000396728516,14.776002883911133
reaction:255,AmPhos,4,,4.12,6.910610198974609,13.889113426208496
reaction:256,P(Cy)3,0,,6.71,13.225330352783203,13.733841896057129
reaction:257,P(o-Tol)3,0,,2.67,2.3788185119628906,13.878145217895508
reaction:258,CataCXium A,1,,6.27,9.968433380126953,13.558185577392578
reaction:259,SPhos,6,,71.54,53.64451599121094,12.807205200195312
reaction:261,XPhos,3,,61.47,63.8206672668457,13.341214179992676
reaction:265,P(tBu)3,0,,17.9,11.414054870605469,15.347978591918945
reaction:266,P(Ph)3,4,,4.61,6.336521148681641,14.618387222290039
reaction:267,AmPhos,3,,4.6,4.955379486083984,15.235567092895508
reaction:268,P(Cy)3,7,,7.56,13.73464584350586,14.094522476196289
reaction:269,P(o-Tol)3,5,,2.56,3.582569122314453,14.21729564666748
reaction:270,CataCXium A,3,,6.26,13.135993957519531,13.679963111877441
reaction:271,SPhos,4,,72.84,56.14255905151367,12.707941055297852
reaction:273,XPhos,2,,67.48,65.84707641601562,14.056174278259277
reaction:277,P(tBu)3,1,,19.08,15.929832458496094,14.833541870117188
reaction:278,P(Ph)3,6,,4.88,3.7426528930664062,15.095722198486328
reaction:279,AmPhos,4,,5.43,8.303627014160156,14.782306671142578
reaction:280,P(Cy)3,4,,7.06,11.36285400390625,15.242938041687012
reaction:281,P(o-Tol)3,3,,1.22,2.0759544372558594,14.358262062072754
reaction:282,CataCXium A,5,,8.89,9.740863800048828,14.341585159301758
reaction:283,SPhos,2,,49.12,45.987525939941406,14.279932022094727
reaction:285,XPhos,0,,43.52,53.54073715209961,14.310881614685059
reaction:289,P(tBu)3,0,,33.37,23.21063232421875,16.080686569213867
reaction:290,P(Ph)3,0,,15.35,23.386817932128906,15.774484634399414
reaction:291,AmPhos,7,,30.96,24.078096389770508,14.81104564666748
reaction:292,P(Cy)3,7,,32.72,21.79522132873535,15.347912788391113
reaction:293,P(o-Tol)3,0,,34.24,18.364612579345703,14.58166217803955
reaction:294,CataCXium A,2,,14.91,41.4941291809082,14.916136741638184
reaction:295,SPhos,5,,43.3,34.864501953125,13.539074897766113
reaction:297,XPhos,3,,37.65,48.45657730102539,14.246733665466309
reaction:301,P(tBu)3,1,,27.3,18.95721435546875,15.176200866699219
reaction:302,P(Ph)3,1,,37.47,18.14028549194336,15.86925983428955
reaction:303,AmPhos,3,,13.08,22.13426399230957,14.692343711853027
reaction:304,P(Cy)3,2,,27.89,29.815885543823242,14.857080459594727
reaction:305,P(o-Tol)3,5,,14.4,18.455236434936523,14.142023086547852
reaction:306,CataCXium A,0,,25.15,20.16586685180664,14.04503345489502
reaction:307,SPhos,5,,16.51,23.84317398071289,13.143570899963379
reaction:309,XPhos,2,,30.98,26.087696075439453,14.111656188964844
reaction:313,P(tBu)3,3,,28.45,26.23872947692871,15.733063697814941
reaction:314,P(Ph)3,1,,13.64,19.321918487548828,16.619535446166992
reaction:315,AmPhos,3,,31.82,26.24723243713379,15.52260684967041
reaction:316,P(Cy)3,6,,30.94,25.248760223388672,15.447161674499512
reaction:317,P(o-Tol)3,7,,31.98,22.545108795166016,14.862444877624512
reaction:318,CataCXium A,2,,28.13,37.24771499633789,15.62431526184082
reaction:319,SPhos,2,,18.42,26.185941696166992,14.860487937927246
reaction:321,XPhos,5,,35.0,18.951175689697266,14.875103950500488
reaction:325,P(tBu)3,7,,26.85,17.08597755432129,15.525199890136719
reaction:326,P(Ph)3,3,,15.5,18.184709548950195,16.053085327148438
reaction:327,AmPhos,2,,12.57,19.289949417114258,15.452770233154297
reaction:328,P(Cy)3,7,,14.4,22.743364334106445,15.762147903442383
reaction:329,P(o-Tol)3,1,,13.04,16.700145721435547,15.181116104125977
reaction:330,CataCXium A,7,,15.23,21.420452117919922,14.417562484741211
reaction:331,SPhos,2,,22.25,18.681589126586914,14.222525596618652
reaction:333,XPhos,1,,22.24,32.480262756347656,13.989583969116211
reaction:337,P(tBu)3,0,,14.91,22.17216682434082,15.67292594909668
reaction:338,P(Ph)3,4,,18.37,21.787187576293945,15.90518856048584
reaction:339,AmPhos,6,,22.52,18.91306495666504,14.520901679992676
reaction:340,P(Cy)3,4,,39.31,24.420711517333984,13.999192237854004
reaction:341,P(o-Tol)3,1,,18.24,20.719022750854492,14.702287673950195
reaction:342,CataCXium A,0,,30.77,26.434633255004883,13.981069564819336
reaction:343,SPhos,0,,19.02,34.594547271728516,13.296296119689941
reaction:345,XPhos,6,,40.25,38.33427429199219,13.640953063964844
reaction:349,P(tBu)3,6,,12.85,20.268489837646484,14.472087860107422
reaction:350,P(Ph)3,7,,22.93,14.923770904541016,15.91154670715332
reaction:351,AmPhos,5,,12.79,17.66802978515625,14.445463180541992
reaction:352,P(Cy)3,5,,13.31,27.138216018676758,14.637521743774414
reaction:353,P(o-Tol)3,1,,11.64,13.501350402832031,14.843486785888672
reaction:354,CataCXium A,2,,13.56,19.936687469482422,14.788928031921387
reaction:355,SPhos,6,,16.83,35.04248809814453,13.550965309143066
reaction:357,XPhos,6,,27.33,44.98439025878906,14.060321807861328
reaction:361,P(tBu)3,2,,12.62,20.705862045288086,15.501745223999023
reaction:362,P(Ph)3,4,,17.43,24.840822219848633,15.982498168945312
reaction:363,AmPhos,4,,13.35,19.837772369384766,14.595579147338867
reaction:364,P(Cy)3,5,,27.89,30.93893814086914,14.662070274353027
reaction:365,P(o-Tol)3,5,,14.65,17.29212188720703,14.151851654052734
reaction:366,CataCXium A,3,,31.02,18.430788040161133,14.132139205932617
reaction:367,SPhos,4,,18.02,22.167917251586914,12.634743690490723
reaction:369,XPhos,5,,32.86,20.487014770507812,13.932774543762207
reaction:373,P(tBu)3,0,,13.88,24.629404067993164,16.256324768066406
reaction:374,P(Ph)3,0,,14.7,17.528274536132812,16.118133544921875
reaction:375,AmPhos,0,,32.25,22.602794647216797,15.419354438781738
reaction:376,P(Cy)3,5,,17.65,32.680809020996094,15.367545127868652
reaction:377,P(o-Tol)3,1,,16.99,26.713462829589844,15.330798149108887
reaction:378,CataCXium A,3,,41.59,20.094486236572266,14.838650703430176
reaction:379,SPhos,0,,21.47,25.819730758666992,14.304291725158691
reaction:381,XPhos,5,,37.87,19.493431091308594,14.588812828063965
reaction:385,P(tBu)3,6,,79.31,90.8351058959961,13.964295387268066
reaction:386,P(Ph)3,0,,85.43,88.25086975097656,13.528755187988281
reaction:387,AmPhos,1,,86.82,90.06143188476562,14.067033767700195
reaction:388,P(Cy)3,3,,75.98,82.52902221679688,13.674227714538574
reaction:389,P(o-Tol)3,2,,41.8,44.40628433227539,13.593208312988281
reaction:390,CataCXium A,0,,96.38,96.22976684570312,13.157508850097656
reaction:391,SPhos,1,,92.63,76.62134552001953,13.479440689086914
reaction:393,XPhos,1,,90.21,67.309814453125,13.752152442932129
reaction:397,P(tBu)3,1,,93.3,80.23541259765625,13.53751277923584
reaction:398,P(Ph)3,3,,90.89,83.07977294921875,14.338801383972168
reaction:399,AmPhos,3,,93.44,82.60025024414062,13.836175918579102
reaction:400,P(Cy)3,0,,86.13,75.00294494628906,13.039997100830078
reaction:401,P(o-Tol)3,1,,28.22,41.58252716064453,13.446451187133789
reaction:402,CataCXium A,0,,93.94,84.80416870117188,12.680551528930664
reaction:403,SPhos,0,,71.11,65.07945251464844,11.989534378051758
reaction:405,XPhos,7,,56.96,60.78141784667969,12.880799293518066
reaction:409,P(tBu)3,2,,76.51,54.27962875366211,14.590409278869629
reaction:410,P(Ph)3,6,,68.5,76.82511138916016,15.045183181762695
reaction:411,AmPhos,0,,83.6,84.45988464355469,14.032327651977539
reaction:412,P(Cy)3,0,,71.0,68.0821533203125,13.92626667022705
reaction:413,P(o-Tol)3,7,,39.98,41.07196044921875,14.168181419372559
reaction:414,CataCXium A,5,,84.02,85.67555236816406,13.540818214416504
reaction:415,SPhos,3,,46.81,62.34232711791992,13.81395149230957
reaction:417,XPhos,6,,46.08,50.82877731323242,14.443534851074219
reaction:421,P(tBu)3,6,,67.14,75.41790008544922,14.49706745147705
reaction:422,P(Ph)3,7,,62.56,71.90864562988281,14.48829460144043
reaction:423,AmPhos,1,,77.71,79.32781219482422,14.240160942077637
reaction:424,P(Cy)3,6,,48.17,53.55470275878906,14.294605255126953
reaction:425,P(o-Tol)3,2,,30.4,23.455007553100586,13.959322929382324
reaction:426,CataCXium A,5,,82.69,72.26884460449219,13.646971702575684
reaction:427,SPhos,6,,36.08,48.543479919433594,13.607122421264648
reaction:429,XPhos,4,,34.03,45.63044738769531,13.586519241333008
reaction:433,P(tBu)3,3,,78.75,82.18955993652344,13.985868453979492
reaction:434,P(Ph)3,1,,76.72,80.81452178955078,13.496591567993164
reaction:435,AmPhos,5,,87.47,88.30722045898438,13.275338172912598
reaction:436,P(Cy)3,4,,63.2,80.0831298828125,12.798372268676758
reaction:437,P(o-Tol)3,7,,40.06,41.17692947387695,13.025111198425293
reaction:438,CataCXium A,2,,95.57,93.40634155273438,12.952301979064941
reaction:439,SPhos,3,,71.71,80.27009582519531,12.867545127868652
reaction:441,XPhos,7,,74.15,68.06526184082031,12.861753463745117
reaction:445,P(tBu)3,0,,90.99,95.24981689453125,12.959165573120117
reaction:446,P(Ph)3,3,,96.76,85.5177001953125,14.467732429504395
reaction:447,AmPhos,2,,91.93,88.95864868164062,13.64684772491455
reaction:448,P(Cy)3,6,,87.49,86.8752670288086,13.820927619934082
reaction:449,P(o-Tol)3,7,,34.73,48.4747314453125,12.96646785736084
reaction:450,CataCXium A,4,,95.88,97.10536193847656,12.600825309753418
reaction:451,SPhos,4,,92.53,78.24945831298828,12.52245044708252
reaction:453,XPhos,6,,75.54,73.69619750976562,13.44266414642334
reaction:457,P(tBu)3,7,,91.95,94.77819061279297,13.380419731140137
reaction:458,P(Ph)3,4,,88.9,86.86065673828125,13.824012756347656
reaction:459,AmPhos,4,,91.32,86.11312866210938,13.248165130615234
reaction:460,P(Cy)3,7,,90.6,75.25871276855469,13.570695877075195
reaction:461,P(o-Tol)3,0,,25.72,43.123435974121094,12.828018188476562
reaction:462,CataCXium A,5,,96.05,95.0079345703125,13.063620567321777
reaction:463,SPhos,7,,81.16,67.36512756347656,12.484825134277344
reaction:465,XPhos,6,,64.3,65.92718505859375,13.407489776611328
reaction:469,P(tBu)3,6,,91.09,93.92085266113281,14.677599906921387
reaction:470,P(Ph)3,5,,83.34,79.89196014404297,14.69277286529541
reaction:471,AmPhos,3,,90.34,82.9547119140625,14.658111572265625
reaction:472,P(Cy)3,6,,67.73,66.7379150390625,14.689632415771484
reaction:473,P(o-Tol)3,0,,21.43,38.63951873779297,13.792705535888672
reaction:474,CataCXium A,0,,91.81,85.65902709960938,13.78171157836914
reaction:475,SPhos,2,,61.6,52.2762336730957,13.54358196258545
reaction:477,XPhos,3,,42.69,52.47156524658203,14.066134452819824
reaction:481,P(tBu)3,1,,87.82,85.19920349121094,14.635721206665039
reaction:482,P(Ph)3,4,,90.21,91.18901062011719,14.001336097717285
reaction:483,AmPhos,2,,86.25,92.22821044921875,14.398507118225098
reaction:484,P(Cy)3,2,,78.26,71.64665222167969,13.698081970214844
reaction:485,P(o-Tol)3,1,,70.18,60.986419677734375,14.376206398010254
reaction:486,CataCXium A,3,,96.57,99.43389892578125,13.870884895324707
reaction:487,SPhos,2,,72.44,79.36084747314453,13.064743995666504
reaction:489,XPhos,4,,71.64,64.42352294921875,13.619261741638184
reaction:493,P(tBu)3,2,,93.99,90.08915710449219,13.888458251953125
reaction:494,P(Ph)3,6,,95.93,91.77776336669922,14.022297859191895
reaction:495,AmPhos,1,,91.69,85.88619995117188,14.060956001281738
reaction:496,P(Cy)3,4,,74.19,73.37049102783203,13.595876693725586
reaction:497,P(o-Tol)3,3,,56.2,57.92121887207031,13.739559173583984
reaction:498,CataCXium A,3,,96.89,95.33671569824219,13.586185455322266
reaction:499,SPhos,1,,67.2,54.266807556152344,13.535820007324219
reaction:501,XPhos,1,,48.37,43.31258773803711,13.634763717651367
reaction:505,P(tBu)3,2,,72.82,60.70737838745117,14.991066932678223
reaction:506,P(Ph)3,6,,75.08,71.142822265625,15.30999755859375
reaction:507,AmPhos,2,,74.79,73.61312103271484,15.244447708129883
reaction:508,P(Cy)3,6,,55.51,55.25041961669922,14.590987205505371
reaction:509,P(o-Tol)3,2,,51.71,42.78334426879883,15.064668655395508
reaction:510,CataCXium A,2,,75.62,76.95318603515625,14.619799613952637
reaction:511,SPhos,1,,32.56,31.9090576171875,14.490416526794434
reaction:513,XPhos,2,,19.33,29.436105728149414,14.069437980651855
reaction:517,P(tBu)3,3,,60.2,68.90548706054688,14.586783409118652
reaction:518,P(Ph)3,1,,70.78,64.4908218383789,14.474656105041504
reaction:519,AmPhos,7,,70.16,70.66162109375,14.17754077911377
reaction:520,P(Cy)3,4,,34.61,50.08681869506836,14.151437759399414
reaction:521,P(o-Tol)3,2,,34.54,37.37970733642578,14.433947563171387
reaction:522,CataCXium A,0,,79.66,72.43440246582031,13.366942405700684
reaction:523,SPhos,4,,34.88,37.34535598754883,13.687756538391113
reaction:525,XPhos,4,,24.48,29.85265350341797,13.977007865905762
reaction:529,P(tBu)3,2,,66.68,78.09358978271484,13.836129188537598
reaction:530,P(Ph)3,3,,73.8,75.63165283203125,13.813358306884766
reaction:531,AmPhos,2,,75.63,81.47298431396484,14.096668243408203
reaction:532,P(Cy)3,5,,44.1,61.131099700927734,13.442702293395996
reaction:533,P(o-Tol)3,2,,52.45,50.74452590942383,13.857403755187988
reaction:534,CataCXium A,1,,87.88,80.930908203125,13.613892555236816
reaction:535,SPhos,1,,51.15,55.70602798461914,13.463289260864258
reaction:537,XPhos,1,,50.12,48.106300354003906,13.57983684539795
reaction:541,P(tBu)3,0,,92.77,93.06982421875,13.52963638305664
reaction:542,P(Ph)3,5,,87.78,89.6316909790039,13.948259353637695
reaction:543,AmPhos,3,,89.22,88.92880249023438,14.321367263793945
reaction:544,P(Cy)3,5,,73.6,73.19937133789062,13.633262634277344
reaction:545,P(o-Tol)3,1,,73.33,55.77553176879883,14.216123580932617
reaction:546,CataCXium A,1,,97.29,92.86619567871094,13.7849760055542
reaction:547,SPhos,5,,68.32,68.07987976074219,12.381980895996094
reaction:549,XPhos,2,,45.58,63.2114143371582,13.16636848449707
reaction:553,P(tBu)3,0,,94.67,89.09675598144531,13.629548072814941
reaction:554,P(Ph)3,6,,94.88,92.16769409179688,14.259683609008789
reaction:555,AmPhos,2,,91.88,84.16889953613281,14.13451862335205
reaction:556,P(Cy)3,1,,80.43,74.34605407714844,13.618257522583008
reaction:557,P(o-Tol)3,7,,41.28,66.82511901855469,13.328718185424805
reaction:558,CataCXium A,6,,97.83,96.62648010253906,12.834189414978027
reaction:559,SPhos,0,,70.45,70.42414855957031,12.090777397155762
reaction:561,XPhos,1,,60.95,60.874168395996094,13.68109130859375
reaction:565,P(tBu)3,1,,92.98,91.96748352050781,14.883156776428223
reaction:566,P(Ph)3,2,,95.48,94.06488800048828,14.301782608032227
reaction:567,AmPhos,4,,92.22,91.52523803710938,14.492019653320312
reaction:568,P(Cy)3,4,,81.47,73.5013656616211,14.521252632141113
reaction:569,P(o-Tol)3,1,,65.14,55.15534973144531,14.738069534301758
reaction:570,CataCXium A,0,,97.86,97.83611297607422,13.923456192016602
reaction:571,SPhos,4,,61.39,68.76881408691406,13.743788719177246
reaction:573,XPhos,0,,63.04,51.405635833740234,13.315253257751465
reaction:577,P(tBu)3,1,,72.57,61.603126525878906,14.459050178527832
reaction:578,P(Ph)3,0,,75.94,79.11441040039062,13.633600234985352
reaction:579,AmPhos,4,,66.37,58.13688659667969,13.62685489654541
reaction:580,P(Cy)3,7,,55.56,56.3575325012207,13.446301460266113
reaction:581,P(o-Tol)3,0,,17.1,32.71216583251953,13.284331321716309
reaction:582,CataCXium A,5,,81.09,72.11946105957031,13.357230186462402
reaction:583,SPhos,0,,59.55,50.36064147949219,12.48136043548584
reaction:585,XPhos,6,,26.44,48.94673538208008,13.314776420593262
reaction:589,P(tBu)3,1,,13.2,30.973066329956055,14.146150588989258
reaction:590,P(Ph)3,4,,84.39,77.16970825195312,14.087309837341309
reaction:591,AmPhos,7,,29.98,48.41762924194336,13.444720268249512
reaction:592,P(Cy)3,6,,37.34,53.213531494140625,13.394619941711426
reaction:593,P(o-Tol)3,3,,11.56,1.9629440307617188,13.712929725646973
reaction:594,CataCXium A,0,,50.79,55.110042572021484,12.44063949584961
reaction:595,SPhos,1,,27.28,32.19371795654297,12.63864517211914
reaction:597,XPhos,6,,10.88,23.96685028076172,13.271496772766113
reaction:601,P(tBu)3,0,,9.48,27.840959548950195,14.210965156555176
reaction:602,P(Ph)3,7,,84.61,77.40072631835938,14.968064308166504
reaction:603,AmPhos,2,,57.94,51.30717086791992,14.66565990447998
reaction:604,P(Cy)3,5,,57.56,59.900978088378906,14.340676307678223
reaction:605,P(o-Tol)3,6,,14.51,31.332786560058594,14.099085807800293
reaction:606,CataCXium A,2,,80.36,72.01016998291016,14.420370101928711
reaction:607,SPhos,1,,62.26,49.52674865722656,14.000195503234863
reaction:609,XPhos,7,,44.81,38.02499008178711,14.305599212646484
reaction:613,P(tBu)3,1,,50.79,41.96281051635742,14.524548530578613
reaction:614,P(Ph)3,7,,72.94,70.01127624511719,14.389705657958984
reaction:615,AmPhos,5,,56.65,55.908878326416016,14.155077934265137
reaction:616,P(Cy)3,1,,29.96,38.52264404296875,14.31615161895752
reaction:617,P(o-Tol)3,3,,16.2,15.837196350097656,14.165924072265625
reaction:618,CataCXium A,3,,65.71,63.635337829589844,13.896485328674316
reaction:619,SPhos,7,,22.24,31.80641746520996,13.052244186401367
reaction:621,XPhos,5,,29.35,10.189891815185547,13.474896430969238
reaction:625,P(tBu)3,6,,49.15,49.56389236450195,13.533624649047852
reaction:626,P(Ph)3,5,,80.18,77.29238891601562,13.711627960205078
reaction:627,AmPhos,7,,67.22,60.63969421386719,13.308716773986816
reaction:628,P(Cy)3,0,,60.71,53.46146774291992,12.95989990234375
reaction:629,P(o-Tol)3,0,,20.57,28.493635177612305,12.672764778137207
reaction:630,CataCXium A,1,,84.99,73.84284210205078,13.232146263122559
reaction:631,SPhos,3,,62.66,46.879215240478516,12.586284637451172
reaction:633,XPhos,5,,30.55,39.69947814941406,12.798896789550781
reaction:637,P(tBu)3,4,,82.07,65.07415771484375,13.488301277160645
reaction:638,P(Ph)3,4,,81.23,83.09123992919922,14.118608474731445
reaction:639,AmPhos,7,,59.02,63.93931198120117,13.471614837646484
reaction:640,P(Cy)3,0,,64.13,55.50710678100586,12.994508743286133
reaction:641,P(o-Tol)3,2,,16.87,27.49872589111328,13.517481803894043
reaction:642,CataCXium A,2,,77.38,78.94489288330078,13.503778457641602
reaction:643,SPhos,0,,48.5,40.17096710205078,12.102216720581055
reaction:645,XPhos,4,,18.95,33.799278259277344,12.969477653503418
reaction:649,P(tBu)3,2,,66.97,68.94428253173828,13.598315238952637
reaction:650,P(Ph)3,2,,69.58,74.9183578491211,14.048934936523438
reaction:651,AmPhos,1,,50.06,59.12101745605469,13.953343391418457
reaction:652,P(Cy)3,5,,38.25,47.675472259521484,13.602435111999512
reaction:653,P(o-Tol)3,1,,23.23,9.823699951171875,13.462005615234375
reaction:654,CataCXium A,3,,65.03,67.4278335571289,13.356459617614746
reaction:655,SPhos,5,,22.76,35.28001403808594,12.587400436401367
reaction:657,XPhos,7,,22.27,14.24346923828125,12.947123527526855
reaction:661,P(tBu)3,5,,68.5,67.90169525146484,14.485111236572266
reaction:662,P(Ph)3,1,,72.85,67.09857940673828,14.610499382019043
reaction:663,AmPhos,1,,57.54,57.082489013671875,14.523211479187012
reaction:664,P(Cy)3,4,,28.7,40.78577423095703,14.1318998336792
reaction:665,P(o-Tol)3,4,,17.91,11.748764038085938,13.840361595153809
reaction:666,CataCXium A,1,,62.32,59.447566986083984,14.27260971069336
reaction:667,SPhos,0,,20.77,23.122108459472656,12.981722831726074
reaction:669,XPhos,4,,15.1,12.541900634765625,13.769651412963867
reaction:673,P(tBu)3,4,,85.05,79.3913803100586,14.151350975036621
reaction:674,P(Ph)3,6,,92.8,94.36600494384766,14.249174118041992
reaction:675,AmPhos,1,,77.34,78.9043197631836,14.58177375793457
reaction:676,P(Cy)3,5,,91.24,87.88238525390625,14.047991752624512
reaction:677,P(o-Tol)3,2,,87.0,88.76774597167969,13.450867652893066
reaction:678,CataCXium A,0,,91.58,89.6495132446289,12.894917488098145
reaction:679,SPhos,4,,92.88,89.21809387207031,13.532485008239746
reaction:681,XPhos,4,,91.27,83.43650817871094,13.76856803894043
reaction:685,P(tBu)3,1,,77.88,73.94200897216797,13.98825454711914
reaction:686,P(Ph)3,0,,92.6,91.53022766113281,13.991276741027832
reaction:687,AmPhos,1,,81.73,75.9384536743164,14.279400825500488
reaction:688,P(Cy)3,4,,92.24,84.54212188720703,13.64509391784668
reaction:689,P(o-Tol)3,2,,93.79,87.13079071044922,13.066773414611816
reaction:690,CataCXium A,6,,86.98,93.11212158203125,13.685274124145508
reaction:691,SPhos,2,,85.69,80.99491119384766,11.997710227966309
reaction:693,XPhos,6,,82.19,75.00619506835938,12.687875747680664
reaction:697,P(tBu)3,0,,69.56,75.45570373535156,14.844229698181152
reaction:698,P(Ph)3,7,,75.46,73.65936279296875,14.739601135253906
reaction:699,AmPhos,3,,75.58,73.28447723388672,14.111869812011719
reaction:700,P(Cy)3,2,,75.43,72.88392639160156,14.40931510925293
reaction:701,P(o-Tol)3,2,,87.41,75.12815856933594,14.443026542663574
reaction:702,CataCXium A,2,,80.5,77.30134582519531,14.351349830627441
reaction:703,SPhos,7,,56.64,53.98429870605469,14.015907287597656
reaction:705,XPhos,3,,45.64,55.53949737548828,14.22270679473877
reaction:709,P(tBu)3,3,,84.62,78.11347961425781,13.956942558288574
reaction:710,P(Ph)3,1,,94.67,89.93428039550781,14.355714797973633
reaction:711,AmPhos,7,,76.31,79.48434448242188,14.5927095413208
reaction:712,P(Cy)3,1,,88.84,85.03665161132812,14.023211479187012
reaction:713,P(o-Tol)3,4,,90.31,90.36079406738281,14.661055564880371
reaction:714,CataCXium A,2,,89.42,92.59274291992188,13.602876663208008
reaction:715,SPhos,3,,92.54,89.01800537109375,13.66710090637207
reaction:717,XPhos,0,,90.69,80.71371459960938,13.188071250915527
reaction:721,P(tBu)3,0,,81.33,76.17811584472656,13.908722877502441
reaction:722,P(Ph)3,2,,92.61,89.60188293457031,14.038656234741211
reaction:723,AmPhos,0,,71.62,78.74617767333984,13.363358497619629
reaction:724,P(Cy)3,4,,89.74,83.80343627929688,13.530211448669434
reaction:725,P(o-Tol)3,4,,88.24,89.66776275634766,14.008659362792969
reaction:726,CataCXium A,6,,85.46,92.76956939697266,13.581177711486816
reaction:727,SPhos,3,,91.14,89.9781494140625,12.952713966369629
reaction:729,XPhos,1,,90.55,83.91790008544922,12.97476577758789
reaction:733,P(tBu)3,5,,82.44,78.1150894165039,14.129361152648926
reaction:734,P(Ph)3,0,,92.9,95.77291870117188,14.101980209350586
reaction:735,AmPhos,0,,69.6,79.71388244628906,13.431267738342285
reaction:736,P(Cy)3,3,,89.34,89.48143005371094,13.877318382263184
reaction:737,P(o-Tol)3,0,,88.09,90.85003662109375,13.143064498901367
reaction:738,CataCXium A,6,,85.58,89.64768981933594,13.782987594604492
reaction:739,SPhos,4,,92.27,88.55271911621094,13.013338088989258
reaction:741,XPhos,4,,90.62,83.668212890625,13.258048057556152
reaction:745,P(tBu)3,1,,74.15,72.89502716064453,14.121374130249023
reaction:746,P(Ph)3,5,,82.99,83.66934967041016,13.760496139526367
reaction:747,AmPhos,7,,73.01,70.72261047363281,14.152848243713379
reaction:748,P(Cy)3,3,,75.99,75.775146484375,13.938933372497559
reaction:749,P(o-Tol)3,7,,85.28,79.54000854492188,13.344252586364746
reaction:750,CataCXium A,6,,82.84,84.90145874023438,13.799123764038086
reaction:751,SPhos,1,,58.79,65.88432312011719,12.778170585632324
reaction:753,XPhos,2,,52.37,60.85933303833008,12.468738555908203
reaction:757,P(tBu)3,5,,53.8,59.812015533447266,15.023880958557129
reaction:758,P(Ph)3,2,,62.78,56.641536712646484,14.924354553222656
reaction:759,AmPhos,6,,61.57,59.21857833862305,14.467591285705566
reaction:760,P(Cy)3,2,,52.54,59.78263854980469,14.234143257141113
reaction:761,P(o-Tol)3,0,,63.78,64.22822570800781,13.964207649230957
reaction:762,CataCXium A,7,,62.37,61.46778869628906,13.6210355758667
reaction:763,SPhos,5,,36.2,53.189266204833984,13.881566047668457
reaction:765,XPhos,5,,26.69,50.257259368896484,14.184195518493652
reaction:769,P(tBu)3,4,,56.38,66.15211486816406,14.488431930541992
reaction:770,P(Ph)3,3,,96.6,94.47734069824219,14.652813911437988
reaction:771,AmPhos,3,,83.79,82.07864379882812,14.020709991455078
reaction:772,P(Cy)3,6,,87.57,77.90946960449219,14.294075012207031
reaction:773,P(o-Tol)3,0,,69.99,67.79924011230469,13.803338050842285
reaction:774,CataCXium A,3,,91.47,92.03508758544922,13.161285400390625
reaction:775,SPhos,3,,91.47,88.40092468261719,13.664775848388672
reaction:777,XPhos,1,,92.69,82.19792175292969,13.715434074401855
reaction:781,P(tBu)3,4,,66.86,69.04415893554688,14.201772689819336
reaction:782,P(Ph)3,5,,98.53,101.91226959228516,14.292759895324707
reaction:783,AmPhos,7,,94.26,88.52099609375,13.911822319030762
reaction:784,P(Cy)3,6,,93.05,87.75416564941406,14.07740306854248
reaction:785,P(o-Tol)3,7,,78.44,64.1189193725586,13.071739196777344
reaction:786,CataCXium A,6,,92.77,93.88163757324219,13.679441452026367
reaction:787,SPhos,6,,78.31,80.67982482910156,13.04210376739502
reaction:789,XPhos,6,,78.08,76.89393615722656,13.278753280639648
reaction:793,P(tBu)3,7,,66.13,52.53030776977539,14.81855297088623
reaction:794,P(Ph)3,1,,96.49,83.50775146484375,15.465989112854004
reaction:795,AmPhos,6,,93.69,91.77072143554688,15.364407539367676
reaction:796,P(Cy)3,2,,76.46,88.71637725830078,14.968993186950684
reaction:797,P(o-Tol)3,6,,61.39,68.27339172363281,15.05356502532959
reaction:798,CataCXium A,2,,88.31,95.4127197265625,14.153640747070312
reaction:799,SPhos,7,,45.46,72.46607971191406,14.186893463134766
reaction:801,XPhos,7,,66.46,68.84635925292969,14.463144302368164
reaction:805,P(tBu)3,2,,70.25,51.79758071899414,14.452936172485352
reaction:806,P(Ph)3,6,,87.68,81.47535705566406,15.13218879699707
reaction:807,AmPhos,6,,87.91,87.8996353149414,14.77949333190918
reaction:808,P(Cy)3,3,,41.08,71.2029800415039,14.10991382598877
reaction:809,P(o-Tol)3,6,,44.26,61.371395111083984,14.370254516601562
reaction:810,CataCXium A,0,,82.41,70.8082046508789,13.770041465759277
reaction:811,SPhos,0,,44.11,54.813961029052734,13.254261016845703
reaction:813,XPhos,1,,47.08,52.132102966308594,13.92626667022705
reaction:817,P(tBu)3,7,,68.06,64.87686920166016,13.77716064453125
reaction:818,P(Ph)3,0,,96.49,97.42922973632812,14.71267318725586
reaction:819,AmPhos,1,,90.23,88.87671661376953,14.030512809753418
reaction:820,P(Cy)3,7,,81.84,85.44925689697266,13.407233238220215
reaction:821,P(o-Tol)3,5,,64.29,71.89212036132812,13.0713472366333
reaction:822,CataCXium A,1,,92.96,91.31404113769531,13.189558982849121
reaction:823,SPhos,5,,80.73,85.82327270507812,12.231890678405762
reaction:825,XPhos,1,,84.67,80.98802185058594,13.360652923583984
reaction:829,P(tBu)3,0,,68.43,79.93948364257812,14.17656421661377
reaction:830,P(Ph)3,0,,97.42,102.35961151123047,14.807525634765625
reaction:831,AmPhos,7,,84.74,92.54559326171875,13.928226470947266
reaction:832,P(Cy)3,6,,92.09,83.85111999511719,14.193038940429688
reaction:833,P(o-Tol)3,1,,82.77,67.58522033691406,13.855711936950684
reaction:834,CataCXium A,5,,91.17,94.30061340332031,13.261762619018555
reaction:835,SPhos,0,,90.89,92.12443542480469,12.553576469421387
reaction:837,XPhos,3,,91.1,85.446533203125,14.045214653015137
reaction:841,P(tBu)3,0,,67.59,71.78810119628906,14.297290802001953
reaction:842,P(Ph)3,7,,97.45,96.97792053222656,14.082427978515625
reaction:843,AmPhos,6,,85.04,86.24598693847656,14.243993759155273
reaction:844,P(Cy)3,2,,92.7,78.10977172851562,14.057978630065918
reaction:845,P(o-Tol)3,6,,70.45,66.72893524169922,13.92477035522461
reaction:846,CataCXium A,4,,92.52,92.65617370605469,13.012617111206055
reaction:847,SPhos,7,,91.37,78.61764526367188,12.49008560180664
reaction:849,XPhos,3,,80.59,80.59756469726562,13.959307670593262
reaction:853,P(tBu)3,2,,74.74,69.9156494140625,14.694018363952637
reaction:854,P(Ph)3,0,,97.46,90.06613159179688,15.387999534606934
reaction:855,AmPhos,1,,90.67,85.21670532226562,14.969217300415039
reaction:856,P(Cy)3,5,,84.05,72.2127914428711,14.559418678283691
reaction:857,P(o-Tol)3,1,,58.44,59.543548583984375,14.716264724731445
reaction:858,CataCXium A,6,,88.7,88.0381088256836,14.403464317321777
reaction:859,SPhos,1,,71.35,66.92063903808594,14.066893577575684
reaction:861,XPhos,5,,66.77,62.812774658203125,13.454660415649414
reaction:865,P(tBu)3,2,,51.22,47.93446350097656,14.450085639953613
reaction:866,P(Ph)3,6,,96.32,83.05252075195312,15.162127494812012
reaction:867,AmPhos,5,,33.57,32.74357986450195,15.004767417907715
reaction:868,P(Cy)3,6,,89.35,74.37237548828125,14.307591438293457
reaction:869,P(o-Tol)3,7,,60.68,43.668758392333984,13.357805252075195
reaction:870,CataCXium A,4,,29.57,47.525421142578125,13.571660041809082
reaction:871,SPhos,0,,93.86,92.98131561279297,13.222142219543457
reaction:873,XPhos,7,,95.8,96.15225219726562,13.170065879821777
reaction:877,P(tBu)3,3,,54.85,44.970821380615234,15.012917518615723
reaction:878,P(Ph)3,3,,87.25,92.55264282226562,14.735986709594727
reaction:879,AmPhos,5,,25.72,30.91474151611328,14.619577407836914
reaction:880,P(Cy)3,7,,92.7,79.76872253417969,13.768586158752441
reaction:881,P(o-Tol)3,1,,43.75,35.07318878173828,13.826211929321289
reaction:882,CataCXium A,3,,30.6,36.50223922729492,13.707115173339844
reaction:883,SPhos,3,,86.7,81.88612365722656,13.416196823120117
reaction:885,XPhos,3,,87.65,83.15394592285156,13.829318046569824
reaction:889,P(tBu)3,1,,22.37,32.66248321533203,15.456008911132812
reaction:890,P(Ph)3,3,,67.88,81.19908142089844,15.453645706176758
reaction:891,AmPhos,3,,15.15,19.910032272338867,15.171826362609863
reaction:892,P(Cy)3,0,,83.84,73.96065521240234,14.574020385742188
reaction:893,P(o-Tol)3,2,,11.83,28.59039306640625,15.027470588684082
reaction:894,CataCXium A,3,,29.45,26.173656463623047,14.270174980163574
reaction:895,SPhos,5,,52.91,52.28917694091797,13.597631454467773
reaction:897,XPhos,2,,55.66,62.265541076660156,14.465370178222656
reaction:901,P(tBu)3,4,,27.63,29.336864471435547,14.733187675476074
reaction:902,P(Ph)3,4,,65.66,75.62554168701172,14.589146614074707
reaction:903,AmPhos,5,,14.99,20.9419002532959,15.034911155700684
reaction:904,P(Cy)3,7,,73.07,55.962432861328125,14.308902740478516
reaction:905,P(o-Tol)3,3,,9.33,27.023868560791016,13.979119300842285
reaction:906,CataCXium A,6,,23.78,21.80131721496582,14.02479076385498
reaction:907,SPhos,3,,54.78,58.83076858520508,13.751224517822266
reaction:909,XPhos,3,,47.9,62.57066345214844,14.185933113098145
reaction:913,P(tBu)3,1,,33.26,42.699180603027344,14.56513786315918
reaction:914,P(Ph)3,4,,84.51,77.47755432128906,13.904655456542969
reaction:915,AmPhos,1,,11.46,23.515531539916992,13.944070816040039
reaction:916,P(Cy)3,2,,65.64,71.02230072021484,13.642487525939941
reaction:917,P(o-Tol)3,4,,26.99,31.481611251831055,13.335749626159668
reaction:918,CataCXium A,5,,24.54,18.396642684936523,12.99526596069336
reaction:919,SPhos,3,,61.35,78.06756591796875,13.230558395385742
reaction:921,XPhos,2,,80.83,76.78471374511719,13.139863967895508
reaction:925,P(tBu)3,3,,53.78,45.28053283691406,15.12230110168457
reaction:926,P(Ph)3,6,,85.88,81.72180938720703,14.988712310791016
reaction:927,AmPhos,4,,23.63,28.036346435546875,13.681753158569336
reaction:928,P(Cy)3,1,,65.74,79.48320770263672,14.156435012817383
reaction:929,P(o-Tol)3,2,,48.33,44.75680923461914,14.124796867370605
reaction:930,CataCXium A,4,,26.71,35.8137092590332,13.16181468963623
reaction:931,SPhos,1,,93.67,91.56027221679688,12.652252197265625
reaction:933,XPhos,5,,95.5,94.29965209960938,13.0867338180542
reaction:937,P(tBu)3,6,,49.02,48.451087951660156,14.631763458251953
reaction:938,P(Ph)3,1,,86.07,86.07240295410156,15.011752128601074
reaction:939,AmPhos,3,,28.08,26.09147071838379,14.5254487991333
reaction:940,P(Cy)3,1,,75.26,78.76528930664062,14.150028228759766
reaction:941,P(o-Tol)3,1,,54.06,35.68339920043945,13.954263687133789
reaction:942,CataCXium A,7,,26.61,37.37922668457031,13.197949409484863
reaction:943,SPhos,0,,93.81,89.37472534179688,12.854107856750488
reaction:945,XPhos,6,,95.85,91.89717102050781,13.524861335754395
reaction:949,P(tBu)3,4,,56.78,54.865516662597656,15.094301223754883
reaction:950,P(Ph)3,7,,82.3,88.11376953125,14.769275665283203
reaction:951,AmPhos,2,,42.8,32.70131301879883,14.833186149597168
reaction:952,P(Cy)3,3,,75.64,77.1615982055664,14.669093132019043
reaction:953,P(o-Tol)3,1,,55.96,38.309913635253906,14.924578666687012
reaction:954,CataCXium A,4,,25.66,48.130287170410156,14.101926803588867
reaction:955,SPhos,5,,95.21,82.86974334716797,13.528995513916016
reaction:957,XPhos,2,,95.19,87.69955444335938,14.077298164367676
reaction:961,P(tBu)3,1,,40.2,27.789531707763672,14.199676513671875
reaction:962,P(Ph)3,2,,66.32,77.71377563476562,14.582548141479492
reaction:963,AmPhos,4,,43.18,50.42240524291992,14.47773551940918
reaction:964,P(Cy)3,2,,57.08,67.71548461914062,14.349071502685547
reaction:965,P(o-Tol)3,0,,33.92,39.21336364746094,13.784436225891113
reaction:966,CataCXium A,4,,54.3,51.95835494995117,13.676487922668457
reaction:967,SPhos,3,,55.27,58.10877227783203,12.990859985351562
reaction:969,XPhos,4,,47.22,59.97141647338867,13.68855094909668
reaction:973,P(tBu)3,4,,9.29,12.766838073730469,14.401010513305664
reaction:974,P(Ph)3,4,,92.28,83.81974792480469,13.757440567016602
reaction:975,AmPhos,7,,54.36,43.138641357421875,13.977548599243164
reaction:976,P(Cy)3,3,,88.55,66.23158264160156,14.115416526794434
reaction:977,P(o-Tol)3,3,,27.55,34.1478271484375,13.42304801940918
reaction:978,CataCXium A,6,,43.2,58.4774284362793,13.278573989868164
reaction:979,SPhos,7,,64.69,51.712791442871094,12.63392448425293
reaction:981,XPhos,4,,52.85,55.29967498779297,13.267518043518066
reaction:985,P(tBu)3,7,,8.71,13.002132415771484,14.935768127441406
reaction:986,P(Ph)3,1,,91.14,82.73583984375,15.363675117492676
reaction:987,AmPhos,5,,76.44,63.2705192565918,14.941530227661133
reaction:988,P(Cy)3,4,,94.46,86.04441833496094,14.457155227661133
reaction:989,P(o-Tol)3,4,,60.0,52.180572509765625,14.435016632080078
reaction:990,CataCXium A,0,,94.8,81.31602478027344,14.271615982055664
reaction:991,SPhos,7,,77.9,68.66874694824219,14.332937240600586
reaction:993,XPhos,7,,87.99,61.03123092651367,14.674924850463867
reaction:997,P(tBu)3,4,,19.62,29.326873779296875,14.910429954528809
reaction:998,P(Ph)3,0,,89.87,72.19517517089844,15.176316261291504
reaction:999,AmPhos,4,,69.93,59.626312255859375,14.6917085647583
reaction:1000,P(Cy)3,0,,55.64,61.511878967285156,14.519075393676758
reaction:1001,P(o-Tol)3,6,,46.83,38.340057373046875,14.177369117736816
reaction:1002,CataCXium A,1,,69.48,55.77497100830078,13.652158737182617
reaction:1003,SPhos,5,,46.44,43.444271087646484,12.937468528747559
reaction:1005,XPhos,1,,43.5,39.99542236328125,13.630995750427246
reaction:1009,P(tBu)3,4,,27.96,28.579866409301758,14.303057670593262
reaction:1010,P(Ph)3,7,,83.95,82.08245849609375,14.355011940002441
reaction:1011,AmPhos,1,,56.65,57.87137985229492,14.227953910827637
reaction:1012,P(Cy)3,7,,74.22,74.03662872314453,13.598759651184082
reaction:1013,P(o-Tol)3,5,,40.11,42.33143615722656,13.106939315795898
reaction:1014,CataCXium A,0,,64.54,59.86625289916992,13.315110206604004
reaction:1015,SPhos,6,,67.16,61.31032180786133,12.507813453674316
reaction:1017,XPhos,3,,64.39,61.50078582763672,13.099090576171875
reaction:1021,P(tBu)3,7,,52.58,38.59529113769531,14.072237014770508
reaction:1022,P(Ph)3,0,,82.96,81.6811752319336,14.640485763549805
reaction:1023,AmPhos,7,,56.07,55.411460876464844,13.990234375
reaction:1024,P(Cy)3,5,,75.36,68.12358856201172,13.56116771697998
reaction:1025,P(o-Tol)3,4,,37.35,46.04670715332031,13.418868064880371
reaction:1026,CataCXium A,2,,60.94,62.882686614990234,13.269110679626465
reaction:1027,SPhos,4,,68.7,66.15167236328125,12.800177574157715
reaction:1029,XPhos,7,,66.93,59.04521942138672,13.009204864501953
reaction:1033,P(tBu)3,7,,20.74,35.80251693725586,14.032740592956543
reaction:1034,P(Ph)3,6,,60.18,72.40068054199219,14.928800582885742
reaction:1035,AmPhos,1,,35.88,51.11774444580078,14.306618690490723
reaction:1036,P(Cy)3,0,,34.25,59.325836181640625,13.765701293945312
reaction:1037,P(o-Tol)3,3,,27.1,33.753440856933594,13.54327392578125
reaction:1038,CataCXium A,3,,43.02,48.03810119628906,13.338510513305664
reaction:1039,SPhos,3,,23.33,55.14027404785156,12.964920997619629
reaction:1041,XPhos,3,,27.91,53.13264083862305,13.439743995666504
reaction:1045,P(tBu)3,4,,20.9,38.976341247558594,15.115171432495117
reaction:1046,P(Ph)3,3,,57.19,69.37071228027344,15.445417404174805
reaction:1047,AmPhos,5,,41.02,48.10078430175781,14.80388355255127
reaction:1048,P(Cy)3,2,,33.78,55.89778137207031,14.905133247375488
reaction:1049,P(o-Tol)3,2,,31.67,26.877363204956055,14.253300666809082
reaction:1050,CataCXium A,1,,48.48,36.83302307128906,14.056059837341309
reaction:1051,SPhos,4,,26.47,36.798526763916016,13.898942947387695
reaction:1053,XPhos,7,,26.28,34.98786926269531,13.88842487335205
reaction:1057,P(tBu)3,1,,45.03,42.090816497802734,14.798200607299805
reaction:1058,P(Ph)3,1,,96.7,93.27922058105469,15.615206718444824
reaction:1059,AmPhos,0,,70.76,61.97441482543945,15.03620433807373
reaction:1060,P(Cy)3,2,,93.33,89.18327331542969,14.957947731018066
reaction:1061,P(o-Tol)3,0,,63.28,56.42058563232422,13.982697486877441
reaction:1062,CataCXium A,2,,61.13,72.94103240966797,14.178372383117676
reaction:1063,SPhos,5,,94.82,88.48404693603516,13.669628143310547
reaction:1065,XPhos,0,,88.97,86.84410095214844,14.259439468383789
reaction:1069,P(tBu)3,6,,40.73,35.3043327331543,15.247258186340332
reaction:1070,P(Ph)3,4,,88.59,95.54764556884766,14.893948554992676
reaction:1071,AmPhos,5,,58.43,69.09028625488281,14.55226993560791
reaction:1072,P(Cy)3,2,,89.13,87.37486267089844,14.689552307128906
reaction:1073,P(o-Tol)3,5,,55.72,58.2559700012207,14.22221565246582
reaction:1074,CataCXium A,6,,64.52,69.00543212890625,14.210264205932617
reaction:1075,SPhos,1,,81.73,81.0325927734375,12.697822570800781
reaction:1077,XPhos,6,,75.35,76.02330017089844,14.050374031066895
reaction:1081,P(tBu)3,6,,43.13,43.25051498413086,16.23825454711914
reaction:1082,P(Ph)3,5,,85.73,86.3611068725586,15.954065322875977
reaction:1083,AmPhos,0,,77.72,61.00679397583008,15.504374504089355
reaction:1084,P(Cy)3,7,,89.81,92.46910095214844,14.897382736206055
reaction:1085,P(o-Tol)3,6,,48.91,66.6423110961914,15.59023666381836
reaction:1086,CataCXium A,3,,86.51,67.47955322265625,14.262404441833496
reaction:1087,SPhos,0,,71.88,63.436798095703125,14.498909950256348
reaction:1089,XPhos,6,,60.51,64.52156066894531,15.21031379699707
reaction:1093,P(tBu)3,0,,32.15,40.056522369384766,15.531230926513672
reaction:1094,P(Ph)3,1,,94.15,92.03036499023438,15.882721900939941
reaction:1095,AmPhos,4,,61.84,66.21881103515625,14.892704010009766
reaction:1096,P(Cy)3,6,,83.83,84.7164535522461,15.139838218688965
reaction:1097,P(o-Tol)3,7,,58.94,54.65150451660156,13.850598335266113
reaction:1098,CataCXium A,2,,59.67,69.27789306640625,14.364562034606934
reaction:1099,SPhos,6,,90.1,84.1685791015625,14.260758399963379
reaction:1101,XPhos,3,,83.35,82.0251693725586,13.833945274353027
reaction:1105,P(tBu)3,1,,33.02,36.85694122314453,14.461853981018066
reaction:1106,P(Ph)3,4,,93.94,93.3919677734375,14.860353469848633
reaction:1107,AmPhos,6,,61.96,62.96213150024414,14.742477416992188
reaction:1108,P(Cy)3,0,,82.1,87.62613677978516,14.381194114685059
reaction:1109,P(o-Tol)3,5,,55.13,55.76721954345703,14.14189338684082
reaction:1110,CataCXium A,7,,62.96,66.04139709472656,12.837313652038574
reaction:1111,SPhos,2,,88.13,86.60565185546875,12.783331871032715
reaction:1113,XPhos,3,,82.32,83.55519104003906,13.176557540893555
reaction:1117,P(tBu)3,6,,33.37,37.524505615234375,15.322944641113281
reaction:1118,P(Ph)3,1,,95.31,91.44371032714844,15.445629119873047
reaction:1119,AmPhos,6,,58.42,62.06597900390625,14.854939460754395
reaction:1120,P(Cy)3,5,,80.68,87.9442138671875,14.369929313659668
reaction:1121,P(o-Tol)3,4,,48.82,56.177371978759766,13.594179153442383
reaction:1122,CataCXium A,6,,57.05,62.27600860595703,14.373374938964844
reaction:1123,SPhos,5,,90.9,87.18531799316406,13.201878547668457
reaction:1125,XPhos,3,,82.88,86.04591369628906,13.403487205505371
reaction:1129,P(tBu)3,0,,40.22,40.19908905029297,15.082504272460938
reaction:1130,P(Ph)3,3,,88.74,88.39208984375,14.82918930053711
reaction:1131,AmPhos,2,,72.98,60.586692810058594,13.873786926269531
reaction:1132,P(Cy)3,0,,88.05,87.41387939453125,14.506710052490234
reaction:1133,P(o-Tol)3,4,,56.98,55.02327346801758,13.81055736541748
reaction:1134,CataCXium A,4,,80.85,62.90103530883789,13.111760139465332
reaction:1135,SPhos,4,,76.89,69.7099609375,12.540050506591797
reaction:1137,XPhos,0,,68.57,67.92340850830078,13.949527740478516
reaction:1141,P(tBu)3,0,,30.34,30.460355758666992,15.648487091064453
reaction:1142,P(Ph)3,1,,75.36,67.33152770996094,16.07006072998047
reaction:1143,AmPhos,3,,53.38,53.3885383605957,15.249933242797852
reaction:1144,P(Cy)3,0,,75.13,70.36103820800781,15.23784065246582
reaction:1145,P(o-Tol)3,6,,37.06,44.12062454223633,15.338217735290527
reaction:1146,CataCXium A,1,,58.78,50.41490936279297,13.826369285583496
reaction:1147,SPhos,2,,40.21,44.29188537597656,13.732063293457031
reaction:1149,XPhos,0,,29.42,43.89911651611328,14.66415786743164
reaction:1153,P(tBu)3,2,,93.31,88.46070861816406,13.760076522827148
reaction:1154,P(Ph)3,0,,93.7,96.03343963623047,13.260416030883789
reaction:1155,AmPhos,6,,94.33,92.54625701904297,13.130779266357422
reaction:1156,P(Cy)3,1,,87.35,90.42948913574219,13.560807228088379
reaction:1157,P(o-Tol)3,5,,84.09,86.41543579101562,13.61470890045166
reaction:1158,CataCXium A,4,,95.65,97.68021392822266,13.223753929138184
reaction:1159,SPhos,2,,87.6,95.36967468261719,12.603201866149902
reaction:1161,XPhos,7,,86.6,89.62820434570312,12.394172668457031
reaction:1165,P(tBu)3,7,,91.47,83.55241394042969,13.07055950164795
reaction:1166,P(Ph)3,7,,93.27,93.56362915039062,13.820028305053711
reaction:1167,AmPhos,5,,94.03,94.97991943359375,13.701029777526855
reaction:1168,P(Cy)3,0,,84.04,88.25570678710938,12.37879467010498
reaction:1169,P(o-Tol)3,5,,86.92,82.78414916992188,13.146076202392578
reaction:1170,CataCXium A,3,,92.01,92.43338012695312,12.995677947998047
reaction:1171,SPhos,2,,87.49,86.34512329101562,12.415518760681152
reaction:1173,XPhos,3,,84.94,77.4637222290039,12.298063278198242
reaction:1177,P(tBu)3,6,,87.61,66.33413696289062,14.254900932312012
reaction:1178,P(Ph)3,3,,95.85,87.20561218261719,14.7542085647583
reaction:1179,AmPhos,4,,90.3,91.27450561523438,13.940402030944824
reaction:1180,P(Cy)3,7,,88.99,83.91545104980469,14.271328926086426
reaction:1181,P(o-Tol)3,6,,80.55,80.75603485107422,14.254337310791016
reaction:1182,CataCXium A,5,,91.07,93.7091064453125,13.542511940002441
reaction:1183,SPhos,0,,83.98,79.93978881835938,13.08268928527832
reaction:1185,XPhos,6,,79.93,77.27725982666016,13.920783996582031
reaction:1189,P(tBu)3,2,,83.54,68.40170288085938,14.144740104675293
reaction:1190,P(Ph)3,1,,91.18,81.74058532714844,13.882598876953125
reaction:1191,AmPhos,4,,86.92,84.9322509765625,13.567553520202637
reaction:1192,P(Cy)3,4,,81.31,69.55145263671875,13.44505500793457
reaction:1193,P(o-Tol)3,6,,73.72,69.77035522460938,13.856759071350098
reaction:1194,CataCXium A,5,,85.75,84.472900390625,13.77208423614502
reaction:1195,SPhos,6,,71.78,67.41629028320312,13.455065727233887
reaction:1197,XPhos,4,,65.69,69.26647186279297,12.904195785522461
reaction:1201,P(tBu)3,3,,82.29,87.07882690429688,13.215229034423828
reaction:1202,P(Ph)3,7,,91.35,91.65029907226562,13.782764434814453
reaction:1203,AmPhos,2,,89.74,93.56298828125,12.90098762512207
reaction:1204,P(Cy)3,2,,83.91,89.15389251708984,13.152700424194336
reaction:1205,P(o-Tol)3,7,,81.25,82.68850708007812,12.686153411865234
reaction:1206,CataCXium A,6,,93.12,94.66979217529297,12.943668365478516
reaction:1207,SPhos,0,,86.64,93.42930603027344,12.101009368896484
reaction:1209,XPhos,0,,85.95,90.01753234863281,12.322545051574707
reaction:1213,P(tBu)3,5,,92.92,100.10350036621094,13.467257499694824
reaction:1214,P(Ph)3,3,,98.2,96.60331726074219,14.116613388061523
reaction:1215,AmPhos,7,,90.96,95.62998962402344,13.101505279541016
reaction:1216,P(Cy)3,3,,91.73,93.93170928955078,13.354096412658691
reaction:1217,P(o-Tol)3,2,,90.03,85.82866668701172,12.978507041931152
reaction:1218,CataCXium A,0,,94.64,98.4940185546875,12.418283462524414
reaction:1219,SPhos,4,,93.43,94.410400390625,11.954789161682129
reaction:1221,XPhos,0,,88.37,90.67628479003906,12.39031982421875
reaction:1225,P(tBu)3,7,,91.89,99.44866180419922,13.126168251037598
reaction:1226,P(Ph)3,2,,94.82,97.70299530029297,13.476807594299316
reaction:1227,AmPhos,5,,91.24,93.56038665771484,13.754969596862793
reaction:1228,P(Cy)3,6,,91.4,86.08622741699219,13.393194198608398
reaction:1229,P(o-Tol)3,6,,85.85,77.94387817382812,13.047704696655273
reaction:1230,CataCXium A,3,,92.03,96.2054443359375,12.98391342163086
reaction:1231,SPhos,2,,85.21,84.62865447998047,12.487923622131348
reaction:1233,XPhos,5,,79.09,77.74284362792969,12.492681503295898
reaction:1237,P(tBu)3,5,,80.43,96.07652282714844,14.175905227661133
reaction:1238,P(Ph)3,3,,81.66,85.90200805664062,14.760574340820312
reaction:1239,AmPhos,5,,80.71,88.05726623535156,14.394983291625977
reaction:1240,P(Cy)3,2,,71.35,72.28010559082031,14.184739112854004
reaction:1241,P(o-Tol)3,7,,68.84,64.38081359863281,13.564244270324707
reaction:1242,CataCXium A,1,,80.77,81.18458557128906,13.745551109313965
reaction:1243,SPhos,6,,67.76,65.18811798095703,13.356147766113281
reaction:1245,XPhos,4,,63.55,61.28130340576172,13.073103904724121
reaction:1249,P(tBu)3,1,,88.5,76.6158676147461,14.14018440246582
reaction:1250,P(Ph)3,5,,95.95,85.27754211425781,13.807552337646484
reaction:1251,AmPhos,7,,94.08,83.51537322998047,14.469937324523926
reaction:1252,P(Cy)3,3,,88.6,80.95201110839844,13.397665977478027
reaction:1253,P(o-Tol)3,2,,83.3,76.1589584350586,13.372273445129395
reaction:1254,CataCXium A,3,,96.14,88.34981536865234,13.33284854888916
reaction:1255,SPhos,3,,86.88,82.16987609863281,12.902236938476562
reaction:1257,XPhos,0,,83.93,77.57402801513672,12.958077430725098
reaction:1261,P(tBu)3,1,,83.82,73.7234115600586,13.76323127746582
reaction:1262,P(Ph)3,3,,91.34,83.63885498046875,13.958805084228516
reaction:1263,AmPhos,7,,83.05,78.19210052490234,14.390103340148926
reaction:1264,P(Cy)3,1,,81.74,75.53092956542969,13.872702598571777
reaction:1265,P(o-Tol)3,5,,64.98,67.51715087890625,14.012944221496582
reaction:1266,CataCXium A,5,,74.43,82.80752563476562,13.434986114501953
reaction:1267,SPhos,0,,60.4,62.4576530456543,11.883586883544922
reaction:1269,XPhos,3,,55.47,56.55794143676758,12.606414794921875
reaction:1273,P(tBu)3,7,,55.62,56.92455291748047,14.805289268493652
reaction:1274,P(Ph)3,0,,70.45,73.53538513183594,14.567886352539062
reaction:1275,AmPhos,5,,63.78,70.11044311523438,14.799864768981934
reaction:1276,P(Cy)3,1,,62.81,63.96209716796875,14.87716293334961
reaction:1277,P(o-Tol)3,5,,48.77,53.46284866333008,14.949183464050293
reaction:1278,CataCXium A,2,,62.9,67.09576416015625,13.777589797973633
reaction:1279,SPhos,7,,39.4,45.4996223449707,13.965259552001953
reaction:1281,XPhos,7,,40.12,43.87004089355469,14.256790161132812
reaction:1285,P(tBu)3,3,,47.62,55.26526641845703,14.49360466003418
reaction:1286,P(Ph)3,5,,61.51,67.11604309082031,14.094822883605957
reaction:1287,AmPhos,4,,59.14,65.41061401367188,13.83255386352539
reaction:1288,P(Cy)3,5,,52.8,59.18357467651367,13.62125301361084
reaction:1289,P(o-Tol)3,5,,45.49,44.229915618896484,14.406270980834961
reaction:1290,CataCXium A,4,,63.2,62.773014068603516,13.386442184448242
reaction:1291,SPhos,3,,39.21,41.611202239990234,13.075454711914062
reaction:1293,XPhos,5,,38.17,40.17229080200195,13.107755661010742
reaction:1297,P(tBu)3,6,,52.95,66.9658432006836,13.563117027282715
reaction:1298,P(Ph)3,0,,65.45,76.83800506591797,13.418206214904785
reaction:1299,AmPhos,7,,68.9,67.80508422851562,14.379700660705566
reaction:1300,P(Cy)3,1,,65.74,64.69213104248047,13.859169006347656
reaction:1301,P(o-Tol)3,2,,48.98,56.752410888671875,13.051386833190918
reaction:1302,CataCXium A,0,,69.93,71.44303894042969,12.567870140075684
reaction:1303,SPhos,0,,59.54,63.296302795410156,11.99497127532959
reaction:1305,XPhos,1,,60.62,59.741973876953125,12.68939208984375
reaction:1309,P(tBu)3,3,,73.2,82.35256958007812,14.037056922912598
reaction:1310,P(Ph)3,7,,81.77,86.87680053710938,13.073287010192871
reaction:1311,AmPhos,3,,77.13,82.83348083496094,13.859950065612793
reaction:1312,P(Cy)3,4,,77.57,77.61341094970703,12.869657516479492
reaction:1313,P(o-Tol)3,6,,67.75,72.50083923339844,13.255060195922852
reaction:1314,CataCXium A,1,,84.72,81.9664535522461,13.267027854919434
reaction:1315,SPhos,1,,73.5,79.96847534179688,12.596037864685059
reaction:1317,XPhos,7,,73.95,73.73509216308594,12.603789329528809
reaction:1321,P(tBu)3,2,,81.91,83.63945770263672,13.05508804321289
reaction:1322,P(Ph)3,2,,87.64,89.38716888427734,13.288862228393555
reaction:1323,AmPhos,7,,84.9,77.90316009521484,14.551105499267578
reaction:1324,P(Cy)3,3,,80.13,82.06672668457031,13.062809944152832
reaction:1325,P(o-Tol)3,3,,70.14,67.80463409423828,13.4629545211792
reaction:1326,CataCXium A,7,,87.87,85.41138458251953,12.721720695495605
reaction:1327,SPhos,1,,74.29,75.32860565185547,12.591958999633789
reaction:1329,XPhos,4,,67.97,70.99003601074219,12.69594955444336
reaction:1333,P(tBu)3,0,,81.08,79.22601318359375,14.12373161315918
reaction:1334,P(Ph)3,1,,88.67,84.65887451171875,14.044845581054688
reaction:1335,AmPhos,2,,84.67,80.9639892578125,14.226550102233887
reaction:1336,P(Cy)3,1,,82.58,77.69513702392578,14.602679252624512
reaction:1337,P(o-Tol)3,3,,69.32,63.82689666748047,14.47425651550293
reaction:1338,CataCXium A,0,,81.6,82.58562469482422,13.64776611328125
reaction:1339,SPhos,0,,70.57,66.22820281982422,13.067068099975586
reaction:1341,XPhos,2,,62.62,63.35447692871094,13.401577949523926
reaction:1345,P(tBu)3,3,,64.95,62.12760925292969,13.954176902770996
reaction:1346,P(Ph)3,7,,93.38,92.75130462646484,13.981689453125
reaction:1347,AmPhos,5,,89.51,91.43733215332031,13.717659950256348
reaction:1348,P(Cy)3,0,,91.29,87.47357177734375,12.933412551879883
reaction:1349,P(o-Tol)3,3,,74.87,70.30305480957031,13.537149429321289
reaction:1350,CataCXium A,5,,91.79,91.43128967285156,13.449356079101562
reaction:1351,SPhos,0,,83.02,83.96617126464844,12.798169136047363
reaction:1353,XPhos,0,,75.62,77.94258880615234,13.053810119628906
reaction:1357,P(tBu)3,0,,9.62,30.277620315551758,12.90539264678955
reaction:1358,P(Ph)3,5,,89.45,95.64633178710938,13.386321067810059
reaction:1359,AmPhos,7,,81.29,75.79810333251953,13.286262512207031
reaction:1360,P(Cy)3,7,,84.98,77.92444610595703,12.829375267028809
reaction:1361,P(o-Tol)3,1,,65.69,57.873775482177734,13.129155158996582
reaction:1362,CataCXium A,3,,73.08,76.58723449707031,13.055831909179688
reaction:1363,SPhos,1,,68.07,74.57022094726562,12.740243911743164
reaction:1365,XPhos,6,,72.44,62.55597686767578,12.67318344116211
reaction:1369,P(tBu)3,4,,8.8,23.335548400878906,13.98591136932373
reaction:1370,P(Ph)3,5,,90.61,95.99407958984375,14.377455711364746
reaction:1371,AmPhos,0,,87.35,83.41700744628906,14.294421195983887
reaction:1372,P(Cy)3,2,,89.78,87.00938415527344,14.213557243347168
reaction:1373,P(o-Tol)3,7,,79.47,68.82540893554688,14.021340370178223
reaction:1374,CataCXium A,5,,90.18,93.37066650390625,13.725298881530762
reaction:1375,SPhos,4,,83.1,87.78823852539062,13.302460670471191
reaction:1377,XPhos,2,,85.48,73.004150390625,13.525304794311523
reaction:1381,P(tBu)3,7,,12.07,52.55279541015625,13.860048294067383
reaction:1382,P(Ph)3,6,,88.27,88.32733154296875,14.033370018005371
reaction:1383,AmPhos,2,,82.92,80.28303527832031,13.418404579162598
reaction:1384,P(Cy)3,1,,80.35,72.41275024414062,13.282483100891113
reaction:1385,P(o-Tol)3,6,,66.72,54.970428466796875,13.737491607666016
reaction:1386,CataCXium A,6,,83.56,77.84845733642578,13.7835111618042
reaction:1387,SPhos,1,,59.91,63.492919921875,13.039670944213867
reaction:1389,XPhos,5,,57.98,52.09012985229492,13.016273498535156
reaction:1393,P(tBu)3,2,,49.99,42.06919860839844,13.04812240600586
reaction:1394,P(Ph)3,4,,92.73,91.98490905761719,13.523664474487305
reaction:1395,AmPhos,3,,90.14,87.18575286865234,13.659987449645996
reaction:1396,P(Cy)3,5,,90.79,91.76210021972656,13.483060836791992
reaction:1397,P(o-Tol)3,4,,67.92,71.77320098876953,12.759800910949707
reaction:1398,CataCXium A,4,,92.7,89.8219985961914,12.590919494628906
reaction:1399,SPhos,3,,85.37,76.81793212890625,12.150260925292969
reaction:1401,XPhos,0,,66.05,78.1708984375,12.318488121032715
reaction:1405,P(tBu)3,2,,76.2,64.43392181396484,13.235941886901855
reaction:1406,P(Ph)3,4,,96.42,95.68216705322266,13.686006546020508
reaction:1407,AmPhos,7,,94.57,89.71603393554688,13.317022323608398
reaction:1408,P(Cy)3,6,,92.8,90.18678283691406,13.337282180786133
reaction:1409,P(o-Tol)3,1,,73.68,76.0622329711914,13.19682788848877
reaction:1410,CataCXium A,7,,94.57,93.6475830078125,12.809309959411621
reaction:1411,SPhos,6,,86.08,80.26687622070312,12.619953155517578
reaction:1413,XPhos,4,,75.29,74.45697784423828,12.428085327148438
reaction:1417,P(tBu)3,5,,82.54,58.210052490234375,13.491114616394043
reaction:1418,P(Ph)3,1,,87.27,84.1756362915039,13.665105819702148
reaction:1419,AmPhos,0,,80.07,86.72177124023438,13.080744743347168
reaction:1420,P(Cy)3,5,,62.34,78.13917541503906,13.641928672790527
reaction:1421,P(o-Tol)3,7,,60.03,66.1866683959961,12.946730613708496
reaction:1422,CataCXium A,6,,79.46,80.30816650390625,13.126304626464844
reaction:1423,SPhos,6,,52.43,62.277587890625,12.572652816772461
reaction:1425,XPhos,4,,50.85,54.18388366699219,12.583053588867188
reaction:1429,P(tBu)3,3,,71.32,62.5124626159668,14.423290252685547
reaction:1430,P(Ph)3,6,,84.47,82.3367691040039,14.372986793518066
reaction:1431,AmPhos,3,,78.24,82.57445526123047,14.426108360290527
reaction:1432,P(Cy)3,6,,66.87,65.39417266845703,14.233915328979492
reaction:1433,P(o-Tol)3,4,,56.86,56.555747985839844,13.804071426391602
reaction:1434,CataCXium A,1,,72.38,73.88443756103516,13.866720199584961
reaction:1435,SPhos,1,,47.9,53.48725891113281,13.607315063476562
reaction:1437,XPhos,2,,48.25,43.93233108520508,13.321599960327148
reaction:1441,P(tBu)3,4,,86.11,84.39691925048828,14.061384201049805
reaction:1442,P(Ph)3,0,,93.65,95.34746551513672,14.305094718933105
reaction:1443,AmPhos,2,,92.07,93.0748291015625,13.605714797973633
reaction:1444,P(Cy)3,6,,93.78,95.49134063720703,13.424365997314453
reaction:1445,P(o-Tol)3,2,,91.83,92.39456176757812,13.020098686218262
reaction:1446,CataCXium A,2,,94.15,94.57887268066406,13.449283599853516
reaction:1447,SPhos,0,,90.26,89.75553131103516,12.923770904541016
reaction:1449,XPhos,0,,91.45,88.0048599243164,13.20455265045166
reaction:1453,P(tBu)3,5,,71.72,83.73880004882812,14.163503646850586
reaction:1454,P(Ph)3,3,,93.82,90.90396118164062,13.488186836242676
reaction:1455,AmPhos,6,,92.52,91.5435562133789,13.49444580078125
reaction:1456,P(Cy)3,0,,92.43,95.4115219116211,13.311176300048828
reaction:1457,P(o-Tol)3,1,,91.08,92.69917297363281,13.705177307128906
reaction:1458,CataCXium A,2,,93.13,92.19498443603516,13.161746978759766
reaction:1459,SPhos,5,,86.63,85.07423400878906,12.57175064086914
reaction:1461,XPhos,5,,86.36,83.08760070800781,12.928717613220215
reaction:1465,P(tBu)3,7,,75.91,76.38492584228516,15.346673011779785
reaction:1466,P(Ph)3,7,,89.29,78.21988677978516,14.469010353088379
reaction:1467,AmPhos,2,,85.76,86.04280090332031,14.415956497192383
reaction:1468,P(Cy)3,4,,88.01,87.22398376464844,14.222260475158691
reaction:1469,P(o-Tol)3,0,,88.6,84.47927856445312,14.180335998535156
reaction:1470,CataCXium A,7,,90.39,88.43962860107422,14.111401557922363
reaction:1471,SPhos,3,,65.6,70.91522979736328,13.312827110290527
reaction:1473,XPhos,2,,77.72,59.53141784667969,13.662075996398926
reaction:1477,P(tBu)3,4,,91.29,82.21614074707031,14.19635009765625
reaction:1478,P(Ph)3,2,,96.74,94.82974243164062,14.180229187011719
reaction:1479,AmPhos,5,,92.82,90.5607681274414,14.942296028137207
reaction:1480,P(Cy)3,1,,96.3,94.5748291015625,13.786736488342285
reaction:1481,P(o-Tol)3,4,,93.73,93.12986755371094,14.07912826538086
reaction:1482,CataCXium A,2,,95.37,97.79319763183594,13.83394718170166
reaction:1483,SPhos,0,,91.37,90.97260284423828,13.122457504272461
reaction:1485,XPhos,0,,90.79,87.59996032714844,13.498780250549316
reaction:1489,P(tBu)3,4,,92.06,81.4586181640625,13.41610336303711
reaction:1490,P(Ph)3,4,,94.47,89.84159088134766,13.28426742553711
reaction:1491,AmPhos,0,,92.08,91.32540893554688,13.595734596252441
reaction:1492,P(Cy)3,0,,92.52,92.83468627929688,13.305350303649902
reaction:1493,P(o-Tol)3,2,,91.99,94.03585052490234,12.470239639282227
reaction:1494,CataCXium A,0,,95.06,92.84822082519531,12.586647987365723
reaction:1495,SPhos,4,,90.53,89.87870025634766,11.910416603088379
reaction:1497,XPhos,4,,90.57,88.79814147949219,12.321624755859375
reaction:1501,P(tBu)3,7,,94.01,84.79254150390625,14.3458251953125
reaction:1502,P(Ph)3,0,,98.69,98.01533508300781,13.981158256530762
reaction:1503,AmPhos,2,,93.28,94.59634399414062,13.3961181640625
reaction:1504,P(Cy)3,0,,92.97,96.98747253417969,13.359476089477539
reaction:1505,P(o-Tol)3,7,,92.65,97.26034545898438,13.329044342041016
reaction:1506,CataCXium A,6,,96.04,93.97299194335938,12.846816062927246
reaction:1507,SPhos,0,,91.75,96.06045532226562,12.423243522644043
reaction:1509,XPhos,7,,91.45,93.46969604492188,12.333919525146484
reaction:1513,P(tBu)3,3,,81.58,80.10092163085938,13.027226448059082
reaction:1514,P(Ph)3,0,,89.8,87.58158874511719,13.934910774230957
reaction:1515,AmPhos,5,,86.54,84.3026123046875,14.509810447692871
reaction:1516,P(Cy)3,6,,88.06,87.94918060302734,13.354948043823242
reaction:1517,P(o-Tol)3,4,,87.76,84.567626953125,13.489720344543457
reaction:1518,CataCXium A,3,,89.09,88.02020263671875,12.761324882507324
reaction:1519,SPhos,2,,72.51,74.92396545410156,12.455708503723145
reaction:1521,XPhos,7,,73.77,72.85575866699219,12.340559005737305
reaction:1525,P(tBu)3,5,,59.54,63.1059455871582,15.016504287719727
reaction:1526,P(Ph)3,0,,46.28,66.19644165039062,14.728789329528809
reaction:1527,AmPhos,5,,72.03,71.70310974121094,15.08072280883789
reaction:1528,P(Cy)3,2,,73.65,68.28067779541016,13.979514122009277
reaction:1529,P(o-Tol)3,7,,68.96,68.28689575195312,13.969727516174316
reaction:1530,CataCXium A,7,,72.18,69.48211669921875,13.452290534973145
reaction:1531,SPhos,5,,48.82,56.211097717285156,13.505805015563965
reaction:1533,XPhos,1,,48.59,51.247039794921875,13.822670936584473
reaction:1537,P(tBu)3,2,,34.3,57.56734848022461,14.220473289489746
reaction:1538,P(Ph)3,1,,78.03,82.500732421875,15.005613327026367
reaction:1539,AmPhos,1,,62.59,79.25001525878906,14.478808403015137
reaction:1540,P(Cy)3,5,,50.25,56.53884506225586,14.81789779663086
reaction:1541,P(o-Tol)3,7,,50.56,54.089378356933594,13.667672157287598
reaction:1542,CataCXium A,5,,95.62,66.98810577392578,14.152809143066406
reaction:1543,SPhos,4,,74.84,77.50879669189453,13.016013145446777
reaction:1545,XPhos,5,,67.97,68.97250366210938,13.367587089538574
reaction:1549,P(tBu)3,3,,44.24,57.55662155151367,14.484192848205566
reaction:1550,P(Ph)3,2,,87.31,87.84709167480469,14.296247482299805
reaction:1551,AmPhos,4,,89.54,81.83091735839844,13.806300163269043
reaction:1552,P(Cy)3,3,,60.21,67.79962158203125,14.175129890441895
reaction:1553,P(o-Tol)3,7,,52.95,54.47691345214844,13.458669662475586
reaction:1554,CataCXium A,2,,80.64,86.08949279785156,13.233760833740234
reaction:1555,SPhos,0,,60.49,63.247276306152344,13.0225830078125
reaction:1557,XPhos,2,,50.2,60.288692474365234,13.115947723388672
reaction:1561,P(tBu)3,4,,42.57,53.12002944946289,15.198941230773926
reaction:1562,P(Ph)3,0,,83.05,85.78995513916016,15.246251106262207
reaction:1563,AmPhos,3,,88.28,85.21046447753906,15.362058639526367
reaction:1564,P(Cy)3,5,,73.25,76.23648071289062,15.359786033630371
reaction:1565,P(o-Tol)3,2,,69.46,59.77534103393555,14.437816619873047
reaction:1566,CataCXium A,3,,98.61,93.23974609375,14.242640495300293
reaction:1567,SPhos,6,,68.95,62.876304626464844,14.229527473449707
reaction:1569,XPhos,5,,60.14,56.080894470214844,13.97225570678711
reaction:1573,P(tBu)3,7,,42.91,49.17311096191406,14.73501968383789
reaction:1574,P(Ph)3,6,,74.45,76.78728485107422,14.827497482299805
reaction:1575,AmPhos,2,,84.23,83.14930725097656,14.422797203063965
reaction:1576,P(Cy)3,7,,42.55,44.865394592285156,13.972073554992676
reaction:1577,P(o-Tol)3,2,,58.61,47.62040710449219,14.30036735534668
reaction:1578,CataCXium A,1,,70.52,80.71492004394531,13.911276817321777
reaction:1579,SPhos,7,,61.21,48.2457389831543,13.283929824829102
reaction:1581,XPhos,7,,55.94,42.024269104003906,13.598642349243164
reaction:1585,P(tBu)3,3,,65.86,62.11195373535156,14.440644264221191
reaction:1586,P(Ph)3,1,,91.46,88.23149108886719,14.714179039001465
reaction:1587,AmPhos,5,,90.4,91.03025817871094,13.6066255569458
reaction:1588,P(Cy)3,1,,71.78,65.49717712402344,14.087873458862305
reaction:1589,P(o-Tol)3,6,,71.66,66.95367431640625,13.472949028015137
reaction:1590,CataCXium A,4,,96.15,94.81226348876953,13.027734756469727
reaction:1591,SPhos,2,,84.76,81.94850158691406,12.670019149780273
reaction:1593,XPhos,5,,79.44,71.26614379882812,12.777941703796387
reaction:1597,P(tBu)3,7,,72.9,64.00129699707031,14.239392280578613
reaction:1598,P(Ph)3,7,,95.86,89.67591857910156,14.506155967712402
reaction:1599,AmPhos,3,,93.84,85.92979431152344,14.66946029663086
reaction:1600,P(Cy)3,5,,71.12,69.91159057617188,14.469437599182129
reaction:1601,P(o-Tol)3,6,,59.47,70.49701690673828,13.613775253295898
reaction:1602,CataCXium A,5,,95.78,83.8148193359375,13.780038833618164
reaction:1603,SPhos,0,,86.28,77.33682250976562,13.118513107299805
reaction:1605,XPhos,2,,60.54,79.08507537841797,13.305561065673828
reaction:1609,P(tBu)3,0,,72.09,63.1859130859375,14.34273624420166
reaction:1610,P(Ph)3,4,,92.43,87.08572387695312,14.62362003326416
reaction:1611,AmPhos,3,,92.49,84.27777099609375,14.62072467803955
reaction:1612,P(Cy)3,7,,58.64,69.60316467285156,13.468057632446289
reaction:1613,P(o-Tol)3,3,,49.79,65.42960357666016,13.497382164001465
reaction:1614,CataCXium A,1,,95.36,89.00672912597656,13.605241775512695
reaction:1615,SPhos,1,,70.77,73.76740264892578,12.866064071655273
reaction:1617,XPhos,6,,61.61,65.88428497314453,13.291805267333984
reaction:1621,P(tBu)3,7,,80.99,65.81387329101562,14.983624458312988
reaction:1622,P(Ph)3,5,,86.63,85.357177734375,15.388398170471191
reaction:1623,AmPhos,7,,89.02,81.09176635742188,14.411270141601562
reaction:1624,P(Cy)3,5,,44.82,62.680484771728516,15.0249605178833
reaction:1625,P(o-Tol)3,0,,52.39,61.79617691040039,14.316876411437988
reaction:1626,CataCXium A,5,,97.25,79.7086410522461,14.404404640197754
reaction:1627,SPhos,4,,61.68,63.46311950683594,13.595141410827637
reaction:1629,XPhos,7,,49.48,57.86183547973633,13.493951797485352
reaction:1633,P(tBu)3,4,,31.45,34.570518493652344,14.561986923217773
reaction:1634,P(Ph)3,3,,92.89,90.84210205078125,15.063675880432129
reaction:1635,AmPhos,2,,23.2,22.784770965576172,14.435728073120117
reaction:1636,P(Cy)3,6,,66.25,78.22650146484375,14.548100471496582
reaction:1637,P(o-Tol)3,2,,32.29,29.908023834228516,14.329760551452637
reaction:1638,CataCXium A,4,,26.8,30.92487144470215,13.601364135742188
reaction:1639,SPhos,7,,90.94,85.45646667480469,12.616555213928223
reaction:1641,XPhos,1,,90.0,92.97232055664062,13.442436218261719
reaction:1645,P(tBu)3,7,,35.1,33.17675018310547,14.51701545715332
reaction:1646,P(Ph)3,2,,96.16,99.13880920410156,14.769769668579102
reaction:1647,AmPhos,6,,22.19,21.884227752685547,14.589235305786133
reaction:1648,P(Cy)3,1,,95.29,77.9757308959961,14.229451179504395
reaction:1649,P(o-Tol)3,5,,16.72,29.224273681640625,13.476552963256836
reaction:1650,CataCXium A,3,,30.07,33.31127166748047,12.765022277832031
reaction:1651,SPhos,2,,76.37,78.42340087890625,13.393916130065918
reaction:1653,XPhos,7,,80.96,79.99864196777344,12.8717622756958
reaction:1657,P(tBu)3,5,,17.48,20.639328002929688,14.780566215515137
reaction:1658,P(Ph)3,4,,85.82,87.54080963134766,15.457304000854492
reaction:1659,AmPhos,2,,19.11,20.885766983032227,14.998194694519043
reaction:1660,P(Cy)3,1,,95.0,79.28962707519531,15.297416687011719
reaction:1661,P(o-Tol)3,1,,22.65,19.915006637573242,15.229318618774414
reaction:1662,CataCXium A,7,,37.69,35.275821685791016,14.707192420959473
reaction:1663,SPhos,2,,53.23,67.3673324584961,14.595608711242676
reaction:1665,XPhos,0,,70.51,59.50604248046875,14.995741844177246
reaction:1669,P(tBu)3,1,,21.44,23.7899227142334,15.086465835571289
reaction:1670,P(Ph)3,1,,83.61,79.27355194091797,15.188018798828125
reaction:1671,AmPhos,0,,29.86,17.849018096923828,14.731246948242188
reaction:1672,P(Cy)3,1,,77.59,64.95892333984375,14.794611930847168
reaction:1673,P(o-Tol)3,1,,20.35,19.613094329833984,14.595128059387207
reaction:1674,CataCXium A,2,,31.69,25.944599151611328,14.294561386108398
reaction:1675,SPhos,4,,55.07,64.79168701171875,13.316718101501465
reaction:1677,XPhos,0,,65.8,60.85724639892578,14.738609313964844
reaction:1681,P(tBu)3,2,,37.31,28.971948623657227,14.256911277770996
reaction:1682,P(Ph)3,4,,90.75,89.25545501708984,14.586575508117676
reaction:1683,AmPhos,1,,23.77,22.126575469970703,14.760994911193848
reaction:1684,P(Cy)3,5,,75.02,77.13903045654297,13.627110481262207
reaction:1685,P(o-Tol)3,1,,33.92,24.99860382080078,13.980491638183594
reaction:1686,CataCXium A,7,,23.22,32.03633499145508,13.292622566223145
reaction:1687,SPhos,1,,82.31,78.87690734863281,12.509852409362793
reaction:1689,XPhos,3,,84.34,85.11202239990234,13.08474063873291
reaction:1693,P(tBu)3,3,,38.88,35.89896774291992,15.020081520080566
reaction:1694,P(Ph)3,7,,94.45,94.06318664550781,14.831498146057129
reaction:1695,AmPhos,7,,20.51,26.23036766052246,14.03530216217041
reaction:1696,P(Cy)3,0,,79.1,77.27674102783203,14.170723915100098
reaction:1697,P(o-Tol)3,4,,30.29,30.99791145324707,13.490413665771484
reaction:1698,CataCXium A,7,,18.55,33.242401123046875,13.460683822631836
reaction:1699,SPhos,6,,94.27,86.39749145507812,13.385795593261719
reaction:1701,XPhos,0,,93.61,90.06483459472656,14.3120756149292
reaction:1705,P(tBu)3,0,,37.8,38.27569580078125,14.697062492370605
reaction:1706,P(Ph)3,2,,96.02,95.56098937988281,14.85719108581543
reaction:1707,AmPhos,5,,15.05,28.0189208984375,14.508711814880371
reaction:1708,P(Cy)3,7,,73.27,84.67247772216797,13.718242645263672
reaction:1709,P(o-Tol)3,2,,35.32,27.826391220092773,14.212587356567383
reaction:1710,CataCXium A,6,,28.86,31.843250274658203,13.624484062194824
reaction:1711,SPhos,2,,95.06,86.73381805419922,13.478307723999023
reaction:1713,XPhos,0,,91.7,91.61345672607422,14.393600463867188
reaction:1717,P(tBu)3,7,,39.91,38.813011169433594,15.262654304504395
reaction:1718,P(Ph)3,7,,96.15,97.72053527832031,15.408320426940918
reaction:1719,AmPhos,1,,25.97,29.400218963623047,15.585043907165527
reaction:1720,P(Cy)3,4,,94.3,78.74317932128906,14.596132278442383
reaction:1721,P(o-Tol)3,1,,25.48,27.93489646911621,14.941798210144043
reaction:1722,CataCXium A,4,,26.31,36.92701721191406,14.129087448120117
reaction:1723,SPhos,0,,82.24,81.76094818115234,14.432718276977539
reaction:1725,XPhos,6,,81.88,86.8194580078125,14.596985816955566
reaction:1729,P(tBu)3,6,,52.87,32.33890914916992,14.767986297607422
reaction:1730,P(Ph)3,4,,71.41,76.3597640991211,14.464664459228516
reaction:1731,AmPhos,3,,43.54,46.22489547729492,14.799301147460938
reaction:1732,P(Cy)3,1,,54.68,53.90455627441406,14.200898170471191
reaction:1733,P(o-Tol)3,0,,29.2,38.136837005615234,14.210951805114746
reaction:1734,CataCXium A,2,,23.29,54.01237869262695,13.718241691589355
reaction:1735,SPhos,7,,70.63,65.0362548828125,12.648005485534668
reaction:1737,XPhos,2,,68.92,63.923561096191406,13.672622680664062
reaction:1741,P(tBu)3,0,,22.8,27.485918045043945,14.388045310974121
reaction:1742,P(Ph)3,7,,90.99,88.31459045410156,14.833304405212402
reaction:1743,AmPhos,5,,46.17,55.14493179321289,13.79249382019043
reaction:1744,P(Cy)3,3,,60.25,76.83686828613281,13.46271800994873
reaction:1745,P(o-Tol)3,5,,31.45,41.98043441772461,13.396280288696289
reaction:1746,CataCXium A,6,,68.31,42.68229293823242,13.984432220458984
reaction:1747,SPhos,7,,66.35,60.71019744873047,12.478041648864746
reaction:1749,XPhos,6,,52.63,61.39601135253906,13.212259292602539
reaction:1753,P(tBu)3,3,,10.33,31.635452270507812,15.183836936950684
reaction:1754,P(Ph)3,1,,92.04,88.74008178710938,15.499551773071289
reaction:1755,AmPhos,3,,66.56,67.50704193115234,15.370211601257324
reaction:1756,P(Cy)3,7,,93.1,85.24394226074219,15.050033569335938
reaction:1757,P(o-Tol)3,3,,58.79,60.01197814941406,14.46304702758789
reaction:1758,CataCXium A,7,,91.26,75.80155944824219,14.526192665100098
reaction:1759,SPhos,2,,72.82,81.88267517089844,14.288228034973145
reaction:1761,XPhos,0,,67.02,75.50076293945312,14.214558601379395
reaction:1765,P(tBu)3,2,,23.79,38.93348693847656,14.362762451171875
reaction:1766,P(Ph)3,3,,83.36,80.33881378173828,14.948100090026855
reaction:1767,AmPhos,0,,66.09,59.22886657714844,14.744155883789062
reaction:1768,P(Cy)3,0,,52.88,64.81908416748047,14.435791015625
reaction:1769,P(o-Tol)3,2,,43.96,47.67809295654297,14.4501314163208
reaction:1770,CataCXium A,6,,65.1,46.80612564086914,14.568496704101562
reaction:1771,SPhos,2,,47.6,59.519195556640625,13.679410934448242
reaction:1773,XPhos,0,,48.02,54.04352951049805,14.034571647644043
reaction:1777,P(tBu)3,1,,39.79,43.184043884277344,14.064239501953125
reaction:1778,P(Ph)3,7,,83.87,91.53656005859375,14.873848915100098
reaction:1779,AmPhos,1,,61.52,59.461524963378906,14.292469024658203
reaction:1780,P(Cy)3,2,,89.01,68.86547088623047,13.866598129272461
reaction:1781,P(o-Tol)3,2,,54.78,48.31230926513672,13.721113204956055
reaction:1782,CataCXium A,7,,52.04,69.20094299316406,13.190998077392578
reaction:1783,SPhos,1,,74.8,79.28550720214844,12.637110710144043
reaction:1785,XPhos,0,,71.36,75.78919219970703,13.245366096496582
reaction:1789,P(tBu)3,4,,61.88,53.54697799682617,14.191045761108398
reaction:1790,P(Ph)3,6,,89.04,88.53138732910156,15.07954216003418
reaction:1791,AmPhos,4,,67.24,61.48067855834961,14.03768539428711
reaction:1792,P(Cy)3,6,,71.21,71.4036865234375,14.521787643432617
reaction:1793,P(o-Tol)3,5,,57.62,50.41051483154297,13.418880462646484
reaction:1794,CataCXium A,4,,53.67,66.31657409667969,13.345114707946777
reaction:1795,SPhos,4,,77.06,78.81250762939453,12.657830238342285
reaction:1797,XPhos,2,,75.0,71.85031127929688,13.48499584197998
reaction:1801,P(tBu)3,5,,65.32,45.571990966796875,13.958386421203613
reaction:1802,P(Ph)3,5,,85.9,79.87290954589844,14.4712495803833
reaction:1803,AmPhos,2,,57.78,54.80847930908203,14.310132026672363
reaction:1804,P(Cy)3,4,,70.55,59.496070861816406,13.8648099899292
reaction:1805,P(o-Tol)3,6,,45.41,45.30416488647461,13.832962989807129
reaction:1806,CataCXium A,4,,53.78,58.44782638549805,13.420450210571289
reaction:1807,SPhos,2,,75.33,61.27998733520508,13.272363662719727
reaction:1809,XPhos,5,,65.57,60.019683837890625,12.739681243896484
reaction:1813,P(tBu)3,4,,60.05,50.8760871887207,14.810611724853516
reaction:1814,P(Ph)3,6,,79.66,75.23340606689453,15.659031867980957
reaction:1815,AmPhos,2,,45.66,57.460235595703125,15.01068115234375
reaction:1816,P(Cy)3,6,,68.03,54.58953094482422,15.28859806060791
reaction:1817,P(o-Tol)3,0,,52.13,42.14924621582031,14.501836776733398
reaction:1818,CataCXium A,6,,49.82,53.4763069152832,14.893287658691406
reaction:1819,SPhos,7,,71.12,65.08317565917969,13.385233879089355
reaction:1821,XPhos,4,,74.08,56.060585021972656,14.087204933166504
reaction:1825,P(tBu)3,6,,28.74,25.004785537719727,15.276040077209473
reaction:1826,P(Ph)3,4,,91.0,86.54267120361328,15.6173095703125
reaction:1827,AmPhos,6,,46.01,47.451995849609375,14.666557312011719
reaction:1828,P(Cy)3,2,,62.34,78.00313568115234,15.110882759094238
reaction:1829,P(o-Tol)3,4,,54.12,52.39554977416992,14.67685317993164
reaction:1830,CataCXium A,7,,36.3,39.51168441772461,13.301980018615723
reaction:1831,SPhos,5,,72.63,63.78126525878906,13.718478202819824
reaction:1833,XPhos,7,,63.61,66.77890014648438,14.194457054138184
reaction:1837,P(tBu)3,3,,26.25,27.70221519470215,14.876527786254883
reaction:1838,P(Ph)3,7,,92.54,91.99085998535156,15.072607040405273
reaction:1839,AmPhos,4,,54.75,46.703575134277344,15.283159255981445
reaction:1840,P(Cy)3,2,,89.22,81.77629089355469,14.885214805603027
reaction:1841,P(o-Tol)3,1,,55.28,55.257205963134766,13.927021980285645
reaction:1842,CataCXium A,5,,46.34,45.31055450439453,13.71444320678711
reaction:1843,SPhos,1,,57.38,60.659481048583984,13.028956413269043
reaction:1845,XPhos,7,,56.03,56.03071594238281,13.97544002532959
reaction:1849,P(tBu)3,6,,30.54,21.111921310424805,16.0799560546875
reaction:1850,P(Ph)3,5,,80.77,83.75466918945312,16.42170524597168
reaction:1851,AmPhos,7,,38.15,53.85840606689453,15.514178276062012
reaction:1852,P(Cy)3,6,,79.56,74.0970687866211,15.945590019226074
reaction:1853,P(o-Tol)3,2,,48.82,43.769596099853516,14.420450210571289
reaction:1854,CataCXium A,1,,41.54,47.08881378173828,14.614293098449707
reaction:1855,SPhos,3,,31.36,44.391075134277344,14.325669288635254
reaction:1857,XPhos,0,,36.08,36.71418380737305,14.233848571777344
reaction:1861,P(tBu)3,1,,25.47,24.52159309387207,15.140321731567383
reaction:1862,P(Ph)3,1,,94.74,92.70907592773438,15.95886516571045
reaction:1863,AmPhos,1,,55.38,49.55006408691406,14.930723190307617
reaction:1864,P(Cy)3,0,,83.07,77.93073272705078,14.590442657470703
reaction:1865,P(o-Tol)3,6,,61.24,55.71200942993164,14.581612586975098
reaction:1866,CataCXium A,5,,40.4,48.652374267578125,14.266133308410645
reaction:1867,SPhos,6,,74.29,68.19886779785156,14.061722755432129
reaction:1869,XPhos,4,,68.52,68.56230926513672,13.805387496948242
reaction:1873,P(tBu)3,5,,19.33,26.57071876525879,14.828843116760254
reaction:1874,P(Ph)3,7,,94.2,92.01734924316406,15.054197311401367
reaction:1875,AmPhos,5,,51.1,46.3380241394043,14.509561538696289
reaction:1876,P(Cy)3,7,,82.87,79.70101928710938,14.20685863494873
reaction:1877,P(o-Tol)3,3,,58.21,53.462989807128906,13.953322410583496
reaction:1878,CataCXium A,7,,35.0,46.214080810546875,13.064517974853516
reaction:1879,SPhos,1,,73.51,69.07221984863281,12.918015480041504
reaction:1881,XPhos,5,,71.6,66.66635131835938,13.65281867980957
reaction:1885,P(tBu)3,3,,22.38,28.20119857788086,15.007305145263672
reaction:1886,P(Ph)3,5,,94.74,96.43730163574219,15.582890510559082
reaction:1887,AmPhos,4,,50.15,44.86023712158203,15.326882362365723
reaction:1888,P(Cy)3,6,,86.78,75.49210357666016,15.195149421691895
reaction:1889,P(o-Tol)3,4,,58.07,53.53733444213867,14.431570053100586
reaction:1890,CataCXium A,1,,36.27,45.71192169189453,13.570183753967285
reaction:1891,SPhos,7,,76.49,66.13847351074219,13.248747825622559
reaction:1893,XPhos,7,,76.38,64.22882080078125,14.118570327758789
reaction:1897,P(tBu)3,5,,22.3,26.792844772338867,14.937520980834961
reaction:1898,P(Ph)3,1,,86.35,86.88744354248047,15.547252655029297
reaction:1899,AmPhos,7,,39.96,49.17136001586914,14.667065620422363
reaction:1900,P(Cy)3,4,,74.99,73.25007629394531,14.49487018585205
reaction:1901,P(o-Tol)3,4,,48.59,46.00807571411133,14.55911922454834
reaction:1902,CataCXium A,4,,42.82,35.523277282714844,13.345269203186035
reaction:1903,SPhos,6,,38.93,50.87244415283203,13.385333061218262
reaction:1905,XPhos,3,,40.32,45.01914978027344,14.055997848510742
reaction:1909,P(tBu)3,1,,24.85,17.898157119750977,15.429588317871094
reaction:1910,P(Ph)3,5,,67.67,71.84523010253906,16.087812423706055
reaction:1911,AmPhos,4,,31.33,40.79697036743164,15.813192367553711
reaction:1912,P(Cy)3,2,,60.57,65.46956634521484,15.505090713500977
reaction:1913,P(o-Tol)3,4,,39.76,41.28396987915039,15.011317253112793
reaction:1914,CataCXium A,0,,34.18,30.786388397216797,14.157637596130371
reaction:1915,SPhos,1,,29.22,33.34591293334961,14.120009422302246
reaction:1917,XPhos,7,,28.87,29.764692306518555,14.564387321472168
reaction:1921,P(tBu)3,1,,93.45,89.44779205322266,13.427574157714844
reaction:1922,P(Ph)3,2,,91.77,90.35971069335938,13.581661224365234
reaction:1923,AmPhos,2,,94.83,95.45314025878906,13.254268646240234
reaction:1924,P(Cy)3,1,,85.66,84.42090606689453,13.65534496307373
reaction:1925,P(o-Tol)3,4,,84.89,83.66593933105469,13.27225399017334
reaction:1926,CataCXium A,1,,94.39,96.61905670166016,13.282167434692383
reaction:1927,SPhos,4,,91.96,94.25247192382812,12.612130165100098
reaction:1929,XPhos,1,,90.64,85.58860778808594,12.914368629455566
reaction:1933,P(tBu)3,2,,90.21,84.96412658691406,13.693499565124512
reaction:1934,P(Ph)3,0,,86.31,91.47032928466797,12.843864440917969
reaction:1935,AmPhos,0,,94.41,97.12825012207031,12.804408073425293
reaction:1936,P(Cy)3,2,,83.44,80.51813507080078,13.127920150756836
reaction:1937,P(o-Tol)3,2,,78.9,78.94086456298828,13.050408363342285
reaction:1938,CataCXium A,1,,87.12,91.0265884399414,13.09302806854248
reaction:1939,SPhos,2,,73.94,84.06021118164062,12.299586296081543
reaction:1941,XPhos,3,,74.99,74.39147186279297,12.343623161315918
reaction:1945,P(tBu)3,2,,77.29,75.32169342041016,14.676137924194336
reaction:1946,P(Ph)3,1,,82.9,82.32252502441406,14.547317504882812
reaction:1947,AmPhos,0,,91.18,93.36660766601562,14.080224990844727
reaction:1948,P(Cy)3,5,,73.98,81.36151123046875,14.17870807647705
reaction:1949,P(o-Tol)3,4,,77.15,78.73033142089844,14.103580474853516
reaction:1950,CataCXium A,7,,88.58,87.09381866455078,13.804829597473145
reaction:1951,SPhos,7,,76.2,76.30426788330078,13.540897369384766
reaction:1953,XPhos,1,,72.25,72.53514099121094,13.921530723571777
reaction:1957,P(tBu)3,2,,73.51,76.38978576660156,14.348179817199707
reaction:1958,P(Ph)3,3,,76.58,82.45497131347656,14.274962425231934
reaction:1959,AmPhos,6,,85.14,87.73912811279297,13.530111312866211
reaction:1960,P(Cy)3,3,,65.61,70.31802368164062,13.427291870117188
reaction:1961,P(o-Tol)3,1,,66.38,68.20248413085938,13.542713165283203
reaction:1962,CataCXium A,5,,83.98,79.7293472290039,13.730695724487305
reaction:1963,SPhos,6,,81.32,62.3322639465332,13.452266693115234
reaction:1965,XPhos,6,,71.22,58.659263610839844,13.65338134765625
reaction:1969,P(tBu)3,6,,91.28,88.13272857666016,12.910221099853516
reaction:1970,P(Ph)3,5,,94.13,87.28440856933594,13.419230461120605
reaction:1971,AmPhos,5,,99.05,94.83377075195312,13.377739906311035
reaction:1972,P(Cy)3,1,,91.07,81.48939514160156,13.182254791259766
reaction:1973,P(o-Tol)3,5,,86.97,81.65324401855469,13.010610580444336
reaction:1974,CataCXium A,6,,95.97,97.43367004394531,12.795790672302246
reaction:1975,SPhos,7,,93.95,92.79488372802734,12.14420223236084
reaction:1977,XPhos,5,,93.06,86.44949340820312,12.310827255249023
reaction:1981,P(tBu)3,2,,98.42,100.88780975341797,13.73282241821289
reaction:1982,P(Ph)3,7,,94.7,95.75729370117188,13.83663272857666
reaction:1983,AmPhos,1,,99.15,97.40327453613281,13.370891571044922
reaction:1984,P(Cy)3,5,,92.42,89.98648071289062,13.278557777404785
reaction:1985,P(o-Tol)3,2,,88.64,86.69422149658203,13.115500450134277
reaction:1986,CataCXium A,4,,96.48,98.75028991699219,12.827132225036621
reaction:1987,SPhos,3,,93.44,99.25802612304688,11.985873222351074
reaction:1989,XPhos,7,,92.77,89.914794921875,12.385539054870605
reaction:1993,P(tBu)3,5,,96.3,101.2838134765625,13.393672943115234
reaction:1994,P(Ph)3,5,,94.38,92.6655502319336,13.61085033416748
reaction:1995,AmPhos,1,,97.98,94.61674499511719,13.447458267211914
reaction:1996,P(Cy)3,5,,85.57,86.47763061523438,13.311716079711914
reaction:1997,P(o-Tol)3,1,,83.26,77.9988021850586,13.088526725769043
reaction:1998,CataCXium A,4,,94.32,96.60353088378906,12.956855773925781
reaction:1999,SPhos,4,,84.9,85.55648803710938,12.212060928344727
reaction:2001,XPhos,2,,72.37,82.5560073852539,12.512812614440918
reaction:2005,P(tBu)3,1,,90.88,91.8741455078125,14.17072582244873
reaction:2006,P(Ph)3,2,,79.83,83.26016235351562,14.274613380432129
reaction:2007,AmPhos,1,,86.16,87.44549560546875,14.116216659545898
reaction:2008,P(Cy)3,6,,61.84,67.31614685058594,14.409250259399414
reaction:2009,P(o-Tol)3,4,,58.42,62.5654411315918,13.745379447937012
reaction:2010,CataCXium A,1,,71.98,79.20881652832031,14.10604190826416
reaction:2011,SPhos,4,,63.7,60.77358627319336,13.08751106262207
reaction:2013,XPhos,1,,48.24,61.348812103271484,13.584878921508789
reaction:2017,P(tBu)3,0,,87.52,92.00723266601562,13.86296272277832
reaction:2018,P(Ph)3,4,,86.4,92.03223419189453,13.35702133178711
reaction:2019,AmPhos,6,,91.17,95.09645080566406,13.635818481445312
reaction:2020,P(Cy)3,7,,75.17,84.0331802368164,13.327908515930176
reaction:2021,P(o-Tol)3,7,,73.61,79.86518096923828,13.288936614990234
reaction:2022,CataCXium A,0,,92.59,94.14584350585938,12.963038444519043
reaction:2023,SPhos,3,,81.41,88.03082275390625,12.976922035217285
reaction:2025,XPhos,7,,82.69,83.41184997558594,12.595381736755371
reaction:2029,P(tBu)3,0,,95.58,88.31114959716797,13.406303405761719
reaction:2030,P(Ph)3,3,,94.23,86.47872924804688,13.998750686645508
reaction:2031,AmPhos,3,,91.47,89.98131561279297,13.8974609375
reaction:2032,P(Cy)3,4,,75.42,80.95703125,13.003572463989258
reaction:2033,P(o-Tol)3,5,,63.8,73.59088134765625,14.126209259033203
reaction:2034,CataCXium A,1,,87.5,86.2134780883789,13.164493560791016
reaction:2035,SPhos,5,,68.79,71.43453979492188,12.436806678771973
reaction:2037,XPhos,5,,56.96,67.19061279296875,12.691964149475098
reaction:2041,P(tBu)3,3,,70.1,64.81979370117188,14.66082763671875
reaction:2042,P(Ph)3,3,,73.19,73.21179962158203,14.777765274047852
reaction:2043,AmPhos,5,,79.38,78.72288513183594,14.734384536743164
reaction:2044,P(Cy)3,0,,64.74,64.0872573852539,13.852090835571289
reaction:2045,P(o-Tol)3,5,,51.31,59.32026290893555,15.041089057922363
reaction:2046,CataCXium A,5,,73.74,72.26708984375,14.381929397583008
reaction:2047,SPhos,4,,50.98,46.13577651977539,13.47917366027832
reaction:2049,XPhos,7,,41.21,47.8365478515625,14.156702041625977
reaction:2053,P(tBu)3,2,,62.64,66.83810424804688,13.701652526855469
reaction:2054,P(Ph)3,0,,63.24,67.64811706542969,14.080938339233398
reaction:2055,AmPhos,2,,72.78,73.10205078125,13.683349609375
reaction:2056,P(Cy)3,1,,53.88,55.23269271850586,14.135632514953613
reaction:2057,P(o-Tol)3,5,,46.37,50.39408874511719,14.50812816619873
reaction:2058,CataCXium A,5,,70.7,68.68557739257812,14.222406387329102
reaction:2059,SPhos,3,,47.47,49.70466995239258,13.050840377807617
reaction:2061,XPhos,5,,43.93,48.090755462646484,13.37910270690918
reaction:2065,P(tBu)3,1,,79.77,77.09974670410156,13.640761375427246
reaction:2066,P(Ph)3,7,,77.32,77.39126586914062,12.984691619873047
reaction:2067,AmPhos,3,,84.23,81.76226806640625,13.840435028076172
reaction:2068,P(Cy)3,1,,68.45,68.47566986083984,13.631103515625
reaction:2069,P(o-Tol)3,3,,64.85,63.4774284362793,13.459416389465332
reaction:2070,CataCXium A,5,,86.12,78.59314727783203,13.566641807556152
reaction:2071,SPhos,3,,73.7,73.41075897216797,12.43807315826416
reaction:2073,XPhos,2,,72.71,68.19084167480469,12.28565502166748
reaction:2077,P(tBu)3,7,,93.55,92.32223510742188,13.586843490600586
reaction:2078,P(Ph)3,5,,94.71,87.680419921875,13.305644035339355
reaction:2079,AmPhos,7,,95.53,91.97596740722656,14.419011116027832
reaction:2080,P(Cy)3,7,,82.19,81.48534393310547,13.284902572631836
reaction:2081,P(o-Tol)3,5,,87.04,79.6332015991211,14.061933517456055
reaction:2082,CataCXium A,5,,96.61,91.37164306640625,13.683072090148926
reaction:2083,SPhos,2,,95.34,89.11355590820312,12.21219253540039
reaction:2085,XPhos,0,,93.67,80.66999816894531,12.068387985229492
reaction:2089,P(tBu)3,4,,96.25,97.28477478027344,12.759302139282227
reaction:2090,P(Ph)3,0,,97.09,91.84623718261719,13.51111125946045
reaction:2091,AmPhos,7,,96.0,90.87247467041016,14.433053016662598
reaction:2092,P(Cy)3,7,,90.29,82.52835083007812,13.300682067871094
reaction:2093,P(o-Tol)3,6,,84.87,72.46694946289062,13.379140853881836
reaction:2094,CataCXium A,0,,94.85,97.65760803222656,12.78875732421875
reaction:2095,SPhos,4,,85.37,84.91123962402344,12.50396728515625
reaction:2097,XPhos,4,,80.34,79.25281524658203,12.700735092163086
reaction:2101,P(tBu)3,5,,89.61,91.62367248535156,14.26688003540039
reaction:2102,P(Ph)3,2,,88.95,91.1005859375,14.260210037231445
reaction:2103,AmPhos,7,,89.95,91.39682006835938,14.988089561462402
reaction:2104,P(Cy)3,2,,77.56,79.696533203125,13.852255821228027
reaction:2105,P(o-Tol)3,3,,65.8,67.28433990478516,14.462206840515137
reaction:2106,CataCXium A,3,,86.35,85.90115356445312,13.897541999816895
reaction:2107,SPhos,6,,68.0,71.07076263427734,13.412841796875
reaction:2109,XPhos,1,,61.65,67.94783782958984,13.629110336303711
reaction:2113,P(tBu)3,6,,74.71,71.46461486816406,13.874100685119629
reaction:2114,P(Ph)3,7,,88.53,94.38101196289062,14.064188957214355
reaction:2115,AmPhos,0,,93.09,96.8484878540039,13.3727388381958
reaction:2116,P(Cy)3,6,,93.81,81.39825439453125,13.472750663757324
reaction:2117,P(o-Tol)3,3,,82.45,71.34390258789062,13.750886917114258
reaction:2118,CataCXium A,3,,94.6,95.49681091308594,13.465177536010742
reaction:2119,SPhos,7,,91.09,91.79698181152344,12.39337158203125
reaction:2121,XPhos,2,,90.34,79.93263244628906,12.407845497131348
reaction:2125,P(tBu)3,7,,9.76,45.79754638671875,13.208436012268066
reaction:2126,P(Ph)3,6,,93.09,91.95204162597656,13.228106498718262
reaction:2127,AmPhos,3,,88.64,79.2978744506836,13.765634536743164
reaction:2128,P(Cy)3,4,,70.05,81.9000244140625,12.82544231414795
reaction:2129,P(o-Tol)3,2,,62.61,61.59088134765625,12.954950332641602
reaction:2130,CataCXium A,7,,84.49,76.23426818847656,12.652817726135254
reaction:2131,SPhos,1,,75.87,78.64675903320312,12.787095069885254
reaction:2133,XPhos,6,,72.62,67.33816528320312,12.561025619506836
reaction:2137,P(tBu)3,2,,8.72,36.371829986572266,14.322257995605469
reaction:2138,P(Ph)3,4,,90.92,90.4180908203125,14.513703346252441
reaction:2139,AmPhos,6,,91.83,86.5220718383789,14.328536033630371
reaction:2140,P(Cy)3,5,,82.68,85.818115234375,14.598248481750488
reaction:2141,P(o-Tol)3,5,,77.72,70.29226684570312,13.879935264587402
reaction:2142,CataCXium A,2,,94.69,93.13822937011719,14.297657012939453
reaction:2143,SPhos,4,,82.58,88.24980926513672,13.490297317504883
reaction:2145,XPhos,1,,75.7,79.62212371826172,14.28802490234375
reaction:2149,P(tBu)3,3,,67.21,39.094879150390625,13.98021411895752
reaction:2150,P(Ph)3,3,,82.49,86.78809356689453,13.966755867004395
reaction:2151,AmPhos,3,,85.38,84.96099090576172,14.13111686706543
reaction:2152,P(Cy)3,0,,60.87,69.99362182617188,13.441807746887207
reaction:2153,P(o-Tol)3,4,,55.43,66.98092651367188,13.305047988891602
reaction:2154,CataCXium A,2,,80.23,82.89037322998047,13.667034149169922
reaction:2155,SPhos,6,,65.91,62.667686462402344,13.201639175415039
reaction:2157,XPhos,7,,51.28,63.12095260620117,13.164861679077148
reaction:2161,P(tBu)3,4,,56.56,59.672481536865234,12.974834442138672
reaction:2162,P(Ph)3,0,,93.46,94.75944519042969,12.663961410522461
reaction:2163,AmPhos,6,,91.35,96.86750793457031,13.03779411315918
reaction:2164,P(Cy)3,6,,93.62,87.05130004882812,13.170485496520996
reaction:2165,P(o-Tol)3,3,,82.14,71.6443862915039,13.284379005432129
reaction:2166,CataCXium A,6,,94.13,98.61555480957031,12.90974235534668
reaction:2167,SPhos,5,,88.89,92.24564361572266,11.942663192749023
reaction:2169,XPhos,3,,85.96,78.12084197998047,12.57094669342041
reaction:2173,P(tBu)3,1,,88.33,80.10200500488281,13.369217872619629
reaction:2174,P(Ph)3,7,,95.49,98.82811737060547,13.880722045898438
reaction:2175,AmPhos,1,,96.28,98.83695983886719,13.201931953430176
reaction:2176,P(Cy)3,3,,89.03,88.5239028930664,13.34073543548584
reaction:2177,P(o-Tol)3,3,,82.58,77.44566345214844,13.458239555358887
reaction:2178,CataCXium A,5,,96.97,100.27377319335938,13.265012741088867
reaction:2179,SPhos,3,,93.79,88.44017028808594,12.32483959197998
reaction:2181,XPhos,1,,82.14,80.56425476074219,13.028124809265137
reaction:2185,P(tBu)3,6,,92.96,74.80274200439453,13.577676773071289
reaction:2186,P(Ph)3,1,,89.15,87.29749298095703,13.627689361572266
reaction:2187,AmPhos,2,,90.81,89.85014343261719,13.01076602935791
reaction:2188,P(Cy)3,3,,76.98,69.55911254882812,13.392082214355469
reaction:2189,P(o-Tol)3,5,,71.34,69.94163513183594,13.29969310760498
reaction:2190,CataCXium A,4,,86.44,87.74618530273438,12.758037567138672
reaction:2191,SPhos,4,,73.02,71.02639770507812,12.242573738098145
reaction:2193,XPhos,7,,72.75,62.031776428222656,12.567070007324219
reaction:2197,P(tBu)3,4,,90.92,69.42621612548828,13.982304573059082
reaction:2198,P(Ph)3,4,,95.18,79.25885009765625,14.332962989807129
reaction:2199,AmPhos,2,,95.78,83.66136169433594,13.869260787963867
reaction:2200,P(Cy)3,5,,62.9,64.07058715820312,14.182629585266113
reaction:2201,P(o-Tol)3,1,,51.62,64.87103271484375,14.126446723937988
reaction:2202,CataCXium A,7,,74.53,74.5396728515625,12.940749168395996
reaction:2203,SPhos,1,,55.91,56.93839645385742,13.732186317443848
reaction:2205,XPhos,4,,44.36,49.84495544433594,13.363739013671875
reaction:2209,P(tBu)3,6,,80.02,82.61717224121094,13.318535804748535
reaction:2210,P(Ph)3,6,,89.96,85.34121704101562,14.168892860412598
reaction:2211,AmPhos,5,,90.36,85.5714111328125,14.661242485046387
reaction:2212,P(Cy)3,5,,84.38,88.77233123779297,14.184082984924316
reaction:2213,P(o-Tol)3,7,,83.25,87.24493408203125,13.444889068603516
reaction:2214,CataCXium A,0,,84.8,82.4494400024414,13.177750587463379
reaction:2215,SPhos,4,,83.9,91.32797241210938,12.779156684875488
reaction:2217,XPhos,4,,81.05,90.3265380859375,13.146872520446777
reaction:2221,P(tBu)3,4,,77.27,71.77658081054688,13.269164085388184
reaction:2222,P(Ph)3,3,,87.84,84.30168914794922,13.598660469055176
reaction:2223,AmPhos,0,,90.07,88.088134765625,13.719711303710938
reaction:2224,P(Cy)3,3,,86.58,85.70423126220703,13.308917045593262
reaction:2225,P(o-Tol)3,5,,86.82,87.27433776855469,13.589082717895508
reaction:2226,CataCXium A,1,,83.75,83.51119995117188,12.867509841918945
reaction:2227,SPhos,1,,82.5,84.37065124511719,12.490761756896973
reaction:2229,XPhos,2,,81.52,82.01799774169922,12.578426361083984
reaction:2233,P(tBu)3,5,,67.08,67.84854125976562,15.126688957214355
reaction:2234,P(Ph)3,5,,68.0,76.98599243164062,14.601387977600098
reaction:2235,AmPhos,0,,75.68,79.62469482421875,14.800580978393555
reaction:2236,P(Cy)3,5,,77.41,78.95706176757812,14.788769721984863
reaction:2237,P(o-Tol)3,5,,72.92,76.66596221923828,14.651738166809082
reaction:2238,CataCXium A,4,,76.08,74.70330810546875,14.024466514587402
reaction:2239,SPhos,1,,52.18,58.987060546875,13.944376945495605
reaction:2241,XPhos,3,,49.61,61.377227783203125,13.663538932800293
reaction:2245,P(tBu)3,6,,83.04,83.07972717285156,13.66716194152832
reaction:2246,P(Ph)3,5,,90.36,86.99981689453125,13.927749633789062
reaction:2247,AmPhos,5,,92.58,86.22338104248047,14.870428085327148
reaction:2248,P(Cy)3,0,,88.04,88.5143051147461,13.660185813903809
reaction:2249,P(o-Tol)3,0,,88.19,89.511474609375,13.700172424316406
reaction:2250,CataCXium A,2,,91.15,88.30276489257812,13.633265495300293
reaction:2251,SPhos,3,,88.96,88.64222717285156,12.978092193603516
reaction:2253,XPhos,4,,85.09,89.12869262695312,13.2366304397583
reaction:2257,P(tBu)3,3,,80.91,77.62689208984375,12.796255111694336
reaction:2258,P(Ph)3,2,,83.21,84.77629089355469,13.74561595916748
reaction:2259,AmPhos,2,,83.8,87.8242416381836,12.833054542541504
reaction:2260,P(Cy)3,5,,78.56,88.31291198730469,13.636638641357422
reaction:2261,P(o-Tol)3,1,,86.4,85.02789306640625,13.754778861999512
reaction:2262,CataCXium A,1,,83.71,82.96318054199219,12.807244300842285
reaction:2263,SPhos,7,,87.81,87.88157653808594,11.752053260803223
reaction:2265,XPhos,2,,82.35,89.17808532714844,12.554442405700684
reaction:2269,P(tBu)3,7,,85.92,79.35603332519531,14.233811378479004
reaction:2270,P(Ph)3,7,,92.33,89.0064697265625,12.978586196899414
reaction:2271,AmPhos,1,,100.0,84.92886352539062,13.5917387008667
reaction:2272,P(Cy)3,5,,89.27,91.59941101074219,13.798362731933594
reaction:2273,P(o-Tol)3,1,,100.0,87.29696655273438,13.986848831176758
reaction:2274,CataCXium A,0,,86.19,88.24925994873047,12.708060264587402
reaction:2275,SPhos,3,,100.0,92.82595825195312,12.437202453613281
reaction:2277,XPhos,4,,91.9,95.0216064453125,12.505024909973145
reaction:2281,P(tBu)3,5,,70.65,71.69540405273438,14.282166481018066
reaction:2282,P(Ph)3,2,,78.77,82.09132385253906,13.802986145019531
reaction:2283,AmPhos,6,,73.96,83.62753295898438,13.760854721069336
reaction:2284,P(Cy)3,3,,84.05,77.90409851074219,13.465300559997559
reaction:2285,P(o-Tol)3,7,,72.18,80.93450927734375,13.400436401367188
reaction:2286,CataCXium A,5,,73.53,80.21437072753906,12.890417098999023
reaction:2287,SPhos,3,,76.43,70.8075180053711,12.529119491577148
reaction:2289,XPhos,5,,78.36,68.02470397949219,12.7611083984375
reaction:2293,P(tBu)3,6,,41.39,58.983421325683594,14.161731719970703
reaction:2294,P(Ph)3,3,,47.4,57.03078842163086,14.38618278503418
reaction:2295,AmPhos,6,,66.14,71.18130493164062,14.733820915222168
reaction:2296,P(Cy)3,6,,72.16,58.84886169433594,14.193531036376953
reaction:2297,P(o-Tol)3,6,,64.73,64.86318969726562,14.0272216796875
reaction:2298,CataCXium A,2,,55.71,65.96884155273438,13.783331871032715
reaction:2299,SPhos,0,,63.75,53.45429992675781,13.07591724395752
reaction:2301,XPhos,1,,66.05,51.964317321777344,13.857953071594238
reaction:2305,P(tBu)3,6,,54.09,75.1435546875,14.781638145446777
reaction:2306,P(Ph)3,3,,89.89,76.96583557128906,15.26371955871582
reaction:2307,AmPhos,2,,88.23,83.9925765991211,13.794590950012207
reaction:2308,P(Cy)3,4,,71.74,77.29402923583984,14.111543655395508
reaction:2309,P(o-Tol)3,5,,75.74,60.15736770629883,14.031211853027344
reaction:2310,CataCXium A,4,,87.89,81.21672058105469,13.868924140930176
reaction:2311,SPhos,4,,85.64,89.81689453125,13.623682022094727
reaction:2313,XPhos,6,,73.21,80.90715026855469,13.144111633300781
reaction:2317,P(tBu)3,2,,60.99,60.064247131347656,14.054197311401367
reaction:2318,P(Ph)3,0,,68.23,77.6316146850586,13.49246597290039
reaction:2319,AmPhos,6,,66.89,79.69908905029297,14.235755920410156
reaction:2320,P(Cy)3,2,,70.14,60.79972457885742,14.16072940826416
reaction:2321,P(o-Tol)3,1,,59.04,58.365089416503906,13.820513725280762
reaction:2322,CataCXium A,1,,56.68,73.98779296875,13.739428520202637
reaction:2323,SPhos,0,,73.5,68.65552520751953,12.866463661193848
reaction:2325,XPhos,2,,60.47,60.93719482421875,12.687658309936523
reaction:2329,P(tBu)3,0,,0.0,63.02067565917969,14.717948913574219
reaction:2330,P(Ph)3,3,,53.51,70.67803955078125,15.578679084777832
reaction:2331,AmPhos,0,,68.33,75.41036987304688,14.521528244018555
reaction:2332,P(Cy)3,6,,72.87,48.07416534423828,14.449758529663086
reaction:2333,P(o-Tol)3,6,,70.13,45.953487396240234,14.755915641784668
reaction:2334,CataCXium A,4,,57.5,67.95227813720703,14.531569480895996
reaction:2335,SPhos,4,,73.4,66.41060638427734,14.161697387695312
reaction:2337,XPhos,0,,58.39,56.24125671386719,13.96103572845459
reaction:2341,P(tBu)3,0,,38.56,56.57448196411133,14.285867691040039
reaction:2342,P(Ph)3,2,,59.59,59.992042541503906,15.302655220031738
reaction:2343,AmPhos,0,,61.85,67.63047790527344,14.111927032470703
reaction:2344,P(Cy)3,2,,40.11,42.04311752319336,14.782567024230957
reaction:2345,P(o-Tol)3,4,,35.17,42.591556549072266,13.687267303466797
reaction:2346,CataCXium A,1,,48.02,58.11573791503906,14.204773902893066
reaction:2347,SPhos,5,,53.78,57.515159606933594,13.343454360961914
reaction:2349,XPhos,0,,55.03,45.31342315673828,13.641168594360352
reaction:2353,P(tBu)3,5,,54.09,62.1513786315918,13.933494567871094
reaction:2354,P(Ph)3,6,,70.82,72.59408569335938,14.077305793762207
reaction:2355,AmPhos,5,,81.7,79.94961547851562,14.296102523803711
reaction:2356,P(Cy)3,1,,74.2,64.64485931396484,14.441014289855957
reaction:2357,P(o-Tol)3,0,,61.1,61.11300277709961,13.261676788330078
reaction:2358,CataCXium A,0,,78.09,78.6701431274414,13.05859088897705
reaction:2359,SPhos,7,,89.93,82.23863220214844,12.978385925292969
reaction:2361,XPhos,0,,70.65,76.59221649169922,12.945955276489258
reaction:2365,P(tBu)3,3,,92.06,68.3802490234375,14.500728607177734
reaction:2366,P(Ph)3,1,,73.07,85.12725830078125,14.421727180480957
reaction:2367,AmPhos,4,,85.26,86.37808227539062,13.908292770385742
reaction:2368,P(Cy)3,0,,87.12,74.70288848876953,13.43043041229248
reaction:2369,P(o-Tol)3,5,,76.39,60.21367645263672,13.602287292480469
reaction:2370,CataCXium A,0,,70.45,84.964111328125,13.306434631347656
reaction:2371,SPhos,0,,82.08,87.67805480957031,12.91767692565918
reaction:2373,XPhos,4,,77.21,70.88636016845703,13.492430686950684
reaction:2377,P(tBu)3,4,,91.87,66.83772277832031,13.96046257019043
reaction:2378,P(Ph)3,4,,86.04,75.11538696289062,14.323535919189453
reaction:2379,AmPhos,6,,81.14,86.76437377929688,14.325051307678223
reaction:2380,P(Cy)3,4,,58.71,75.14051055908203,13.830606460571289
reaction:2381,P(o-Tol)3,0,,53.69,61.14331817626953,13.449134826660156
reaction:2382,CataCXium A,5,,82.92,76.16336059570312,13.445852279663086
reaction:2383,SPhos,5,,74.65,75.48558807373047,12.951199531555176
reaction:2385,XPhos,6,,60.58,67.09605407714844,13.170202255249023
reaction:2389,P(tBu)3,2,,90.41,71.34402465820312,14.851572036743164
reaction:2390,P(Ph)3,6,,73.11,64.2393798828125,15.035304069519043
reaction:2391,AmPhos,5,,83.89,80.85734558105469,14.957494735717773
reaction:2392,P(Cy)3,3,,51.13,62.39375305175781,14.854580879211426
reaction:2393,P(o-Tol)3,7,,53.85,54.684574127197266,13.811375617980957
reaction:2394,CataCXium A,2,,75.67,69.2346420288086,14.346038818359375
reaction:2395,SPhos,0,,58.46,64.8287582397461,13.78392219543457
reaction:2397,XPhos,1,,56.14,52.02277374267578,14.167585372924805
reaction:2401,P(tBu)3,3,,91.58,87.98028564453125,15.083889961242676
reaction:2402,P(Ph)3,7,,78.77,86.17041015625,15.211404800415039
reaction:2403,AmPhos,6,,91.57,88.75310516357422,14.688390731811523
reaction:2404,P(Cy)3,4,,72.23,64.98988342285156,14.735516548156738
reaction:2405,P(o-Tol)3,1,,55.9,64.80816650390625,14.393341064453125
reaction:2406,CataCXium A,4,,95.99,94.13639831542969,13.722164154052734
reaction:2407,SPhos,0,,87.24,84.17828369140625,12.83912181854248
reaction:2409,XPhos,4,,79.27,72.27667236328125,13.730921745300293
reaction:2413,P(tBu)3,7,,94.76,88.66942596435547,14.882144927978516
reaction:2414,P(Ph)3,2,,84.05,78.07389831542969,14.377816200256348
reaction:2415,AmPhos,0,,83.02,85.4054946899414,13.383401870727539
reaction:2416,P(Cy)3,3,,51.05,66.1273193359375,14.11327838897705
reaction:2417,P(o-Tol)3,5,,57.14,52.51113510131836,14.19230842590332
reaction:2418,CataCXium A,0,,87.79,84.24635314941406,12.946998596191406
reaction:2419,SPhos,6,,58.9,64.05986785888672,13.000436782836914
reaction:2421,XPhos,5,,46.82,55.017608642578125,13.685117721557617
reaction:2425,P(tBu)3,5,,62.75,66.534912109375,15.328696250915527
reaction:2426,P(Ph)3,6,,67.34,60.6737174987793,15.660066604614258
reaction:2427,AmPhos,3,,72.45,71.13089752197266,15.330937385559082
reaction:2428,P(Cy)3,3,,35.86,54.82572937011719,14.890249252319336
reaction:2429,P(o-Tol)3,3,,50.31,44.47443389892578,15.120936393737793
reaction:2430,CataCXium A,7,,77.02,68.1582260131836,14.806577682495117
reaction:2431,SPhos,6,,44.12,50.21043395996094,14.460660934448242
reaction:2433,XPhos,6,,35.27,40.87705612182617,14.830121040344238
reaction:2437,P(tBu)3,2,,63.86,69.77999877929688,14.62690544128418
reaction:2438,P(Ph)3,0,,57.83,61.41408157348633,14.439754486083984
reaction:2439,AmPhos,4,,69.6,70.19552612304688,15.055068969726562
reaction:2440,P(Cy)3,2,,30.49,41.4540901184082,14.7622652053833
reaction:2441,P(o-Tol)3,3,,35.36,37.07421112060547,14.754575729370117
reaction:2442,CataCXium A,7,,76.6,65.8289566040039,14.311699867248535
reaction:2443,SPhos,2,,43.0,47.51057434082031,13.662455558776855
reaction:2445,XPhos,5,,41.3,40.351192474365234,14.206799507141113
reaction:2449,P(tBu)3,7,,84.63,75.41617584228516,14.85751724243164
reaction:2450,P(Ph)3,4,,66.77,71.18612670898438,14.702448844909668
reaction:2451,AmPhos,5,,82.33,78.6795883178711,14.686017990112305
reaction:2452,P(Cy)3,4,,51.68,52.725181579589844,14.216445922851562
reaction:2453,P(o-Tol)3,4,,47.09,50.96088409423828,13.540531158447266
reaction:2454,CataCXium A,6,,87.49,82.85231018066406,13.330608367919922
reaction:2455,SPhos,3,,65.49,68.49351501464844,13.444140434265137
reaction:2457,XPhos,0,,58.58,60.647125244140625,12.727048873901367
reaction:2461,P(tBu)3,7,,95.96,91.53699493408203,14.896851539611816
reaction:2462,P(Ph)3,4,,84.07,82.11351013183594,14.731986045837402
reaction:2463,AmPhos,2,,89.16,84.12583923339844,13.785652160644531
reaction:2464,P(Cy)3,5,,69.93,65.4508056640625,13.586607933044434
reaction:2465,P(o-Tol)3,3,,48.16,65.74761962890625,14.457456588745117
reaction:2466,CataCXium A,0,,96.19,92.40573120117188,13.150324821472168
reaction:2467,SPhos,2,,84.96,73.06382751464844,13.16549301147461
reaction:2469,XPhos,3,,62.77,69.00202941894531,13.796137809753418
reaction:2473,P(tBu)3,5,,96.75,96.23966979980469,14.562643051147461
reaction:2474,P(Ph)3,6,,89.53,85.15950012207031,14.570556640625
reaction:2475,AmPhos,4,,83.51,87.16204833984375,14.701294898986816
reaction:2476,P(Cy)3,0,,73.54,65.93387603759766,13.469310760498047
reaction:2477,P(o-Tol)3,7,,50.25,61.475982666015625,13.857150077819824
reaction:2478,CataCXium A,7,,94.07,97.50272369384766,13.792912483215332
reaction:2479,SPhos,5,,87.02,78.89385986328125,13.239364624023438
reaction:2481,XPhos,4,,78.0,68.60055541992188,13.372088432312012
reaction:2485,P(tBu)3,7,,95.63,93.71629333496094,15.365950584411621
reaction:2486,P(Ph)3,7,,90.28,81.46148681640625,15.617729187011719
reaction:2487,AmPhos,4,,89.01,88.70185852050781,15.287602424621582
reaction:2488,P(Cy)3,4,,68.94,63.00947952270508,15.134157180786133
reaction:2489,P(o-Tol)3,5,,58.19,57.194496154785156,14.837828636169434
reaction:2490,CataCXium A,2,,93.15,94.05192565917969,14.187495231628418
reaction:2491,SPhos,0,,74.94,71.43772888183594,13.525877952575684
reaction:2493,XPhos,3,,62.86,65.07421875,14.743020057678223
reaction:2497,P(tBu)3,3,,76.5,70.25749206542969,15.095430374145508
reaction:2498,P(Ph)3,6,,73.78,72.60737609863281,14.726306915283203
reaction:2499,AmPhos,4,,79.7,64.46139526367188,14.339691162109375
reaction:2500,P(Cy)3,3,,64.78,56.25764465332031,13.915831565856934
reaction:2501,P(o-Tol)3,0,,24.56,37.11762237548828,13.633899688720703
reaction:2502,CataCXium A,7,,65.95,77.64669799804688,13.634400367736816
reaction:2503,SPhos,3,,66.0,47.16036605834961,13.2550687789917
reaction:2505,XPhos,4,,34.74,44.25617218017578,13.796716690063477
reaction:2509,P(tBu)3,4,,46.47,43.41252517700195,14.470637321472168
reaction:2510,P(Ph)3,2,,69.04,67.0888442993164,15.00892162322998
reaction:2511,AmPhos,3,,48.07,51.26205825805664,14.370938301086426
reaction:2512,P(Cy)3,2,,51.21,42.90426254272461,14.304593086242676
reaction:2513,P(o-Tol)3,2,,14.81,11.898490905761719,13.097447395324707
reaction:2514,CataCXium A,0,,49.06,50.33013916015625,13.088592529296875
reaction:2515,SPhos,2,,26.04,33.95844650268555,13.236885070800781
reaction:2517,XPhos,0,,22.13,16.35204315185547,12.678582191467285
reaction:2521,P(tBu)3,2,,36.03,20.735210418701172,14.608953475952148
reaction:2522,P(Ph)3,1,,73.12,57.50069046020508,15.42917251586914
reaction:2523,AmPhos,7,,46.27,62.85870361328125,14.992560386657715
reaction:2524,P(Cy)3,0,,36.75,61.12156295776367,14.325652122497559
reaction:2525,P(o-Tol)3,4,,24.77,28.03927993774414,14.743239402770996
reaction:2526,CataCXium A,1,,71.45,58.89384841918945,14.909449577331543
reaction:2527,SPhos,2,,46.34,45.066402435302734,14.177602767944336
reaction:2529,XPhos,7,,21.87,35.156532287597656,14.694231986999512
reaction:2533,P(tBu)3,3,,48.73,46.8931999206543,15.099332809448242
reaction:2534,P(Ph)3,1,,61.38,59.67769241333008,14.833951950073242
reaction:2535,AmPhos,3,,54.47,59.311038970947266,14.820863723754883
reaction:2536,P(Cy)3,1,,20.64,41.16571807861328,15.150239944458008
reaction:2537,P(o-Tol)3,3,,11.81,16.505084991455078,14.249317169189453
reaction:2538,CataCXium A,1,,54.23,55.880409240722656,14.368820190429688
reaction:2539,SPhos,6,,29.16,27.292104721069336,13.12874698638916
reaction:2541,XPhos,0,,15.46,16.475929260253906,13.484652519226074
reaction:2545,P(tBu)3,4,,48.06,61.46849822998047,14.44806957244873
reaction:2546,P(Ph)3,2,,64.78,71.24166870117188,14.800493240356445
reaction:2547,AmPhos,4,,66.62,64.27008056640625,13.79375171661377
reaction:2548,P(Cy)3,0,,67.83,58.6576042175293,13.418318748474121
reaction:2549,P(o-Tol)3,6,,30.73,24.744699478149414,13.439921379089355
reaction:2550,CataCXium A,5,,64.75,77.32691192626953,13.194422721862793
reaction:2551,SPhos,5,,63.96,54.19976043701172,12.574914932250977
reaction:2553,XPhos,2,,43.51,38.451698303222656,13.512084007263184
reaction:2557,P(tBu)3,4,,78.71,80.41116333007812,14.480688095092773
reaction:2558,P(Ph)3,4,,75.39,73.05941772460938,14.716136932373047
reaction:2559,AmPhos,6,,69.89,68.73834228515625,14.35994815826416
reaction:2560,P(Cy)3,4,,64.27,61.920692443847656,14.177884101867676
reaction:2561,P(o-Tol)3,0,,26.26,28.698137283325195,13.360527992248535
reaction:2562,CataCXium A,0,,82.62,70.15699768066406,13.15661334991455
reaction:2563,SPhos,0,,33.94,41.64483642578125,12.489399909973145
reaction:2565,XPhos,4,,15.32,29.542482376098633,13.441658973693848
reaction:2569,P(tBu)3,7,,80.76,77.44601440429688,13.963422775268555
reaction:2570,P(Ph)3,0,,64.9,65.05624389648438,13.76201057434082
reaction:2571,AmPhos,2,,75.18,58.91993713378906,13.778305053710938
reaction:2572,P(Cy)3,1,,49.02,49.429649353027344,14.562318801879883
reaction:2573,P(o-Tol)3,4,,6.62,27.836427688598633,13.852678298950195
reaction:2574,CataCXium A,0,,72.32,60.214317321777344,13.12999439239502
reaction:2575,SPhos,7,,42.8,31.45513916015625,13.258337020874023
reaction:2577,XPhos,7,,12.06,19.707807540893555,13.633964538574219
reaction:2581,P(tBu)3,0,,80.94,72.6624755859375,14.161617279052734
reaction:2582,P(Ph)3,4,,45.54,64.71683502197266,15.247344017028809
reaction:2583,AmPhos,2,,57.76,62.426578521728516,14.635785102844238
reaction:2584,P(Cy)3,2,,45.11,36.02490234375,15.03530216217041
reaction:2585,P(o-Tol)3,3,,12.44,22.713491439819336,14.563600540161133
reaction:2586,CataCXium A,7,,64.8,60.467071533203125,14.124995231628418
reaction:2587,SPhos,7,,23.47,26.089839935302734,13.929671287536621
reaction:2589,XPhos,5,,17.57,12.680252075195312,13.948495864868164
reaction:2593,P(tBu)3,4,,59.59,44.0439453125,14.960972785949707
reaction:2594,P(Ph)3,0,,79.1,70.8863754272461,14.765588760375977
reaction:2595,AmPhos,1,,68.54,64.27348327636719,15.590714454650879
reaction:2596,P(Cy)3,7,,61.92,59.183406829833984,14.506697654724121
reaction:2597,P(o-Tol)3,2,,64.08,68.92508697509766,13.738521575927734
reaction:2598,CataCXium A,7,,64.25,65.69818878173828,13.435194969177246
reaction:2599,SPhos,3,,54.09,55.14166259765625,12.725926399230957
reaction:2601,XPhos,1,,52.82,49.47928237915039,14.120794296264648
reaction:2605,P(tBu)3,2,,31.58,43.500579833984375,14.323944091796875
reaction:2606,P(Ph)3,6,,68.46,65.23100280761719,15.723546981811523
reaction:2607,AmPhos,6,,56.14,59.9192008972168,14.681159973144531
reaction:2608,P(Cy)3,6,,47.07,49.72509002685547,14.544394493103027
reaction:2609,P(o-Tol)3,4,,64.57,59.78388214111328,14.173040390014648
reaction:2610,CataCXium A,0,,58.33,55.152164459228516,12.634231567382812
reaction:2611,SPhos,7,,35.81,41.853904724121094,13.222426414489746
reaction:2613,XPhos,0,,29.62,37.83534240722656,12.782748222351074
reaction:2617,P(tBu)3,6,,43.27,31.192949295043945,15.56434440612793
reaction:2618,P(Ph)3,6,,46.68,50.64957046508789,16.425392150878906
reaction:2619,AmPhos,4,,51.25,55.13941192626953,15.27427864074707
reaction:2620,P(Cy)3,1,,24.51,39.36383819580078,15.374770164489746
reaction:2621,P(o-Tol)3,0,,48.51,56.39317321777344,14.447405815124512
reaction:2622,CataCXium A,7,,42.43,44.27806091308594,14.53709888458252
reaction:2623,SPhos,6,,17.87,21.972185134887695,14.095293998718262
reaction:2625,XPhos,1,,16.19,17.605146408081055,14.999019622802734
reaction:2629,P(tBu)3,4,,42.55,42.108699798583984,15.171843528747559
reaction:2630,P(Ph)3,6,,66.78,69.6465072631836,16.069068908691406
reaction:2631,AmPhos,4,,63.17,60.60655212402344,15.08737564086914
reaction:2632,P(Cy)3,2,,57.3,51.596954345703125,14.878679275512695
reaction:2633,P(o-Tol)3,0,,60.9,66.02964782714844,13.983415603637695
reaction:2634,CataCXium A,7,,65.29,60.1954345703125,13.854763984680176
reaction:2635,SPhos,2,,50.12,50.3477897644043,13.673439979553223
reaction:2637,XPhos,7,,43.98,48.68020248413086,14.449272155761719
reaction:2641,P(tBu)3,0,,39.63,42.425716400146484,14.683728218078613
reaction:2642,P(Ph)3,2,,71.17,68.77082824707031,15.169821739196777
reaction:2643,AmPhos,6,,62.59,60.412628173828125,14.599334716796875
reaction:2644,P(Cy)3,3,,59.71,54.45286560058594,13.888866424560547
reaction:2645,P(o-Tol)3,4,,67.68,65.92029571533203,14.166609764099121
reaction:2646,CataCXium A,6,,69.05,64.76876831054688,12.8954496383667
reaction:2647,SPhos,4,,60.62,54.74424362182617,12.830854415893555
reaction:2649,XPhos,6,,53.64,51.809654235839844,13.051607131958008
reaction:2653,P(tBu)3,2,,44.8,49.344337463378906,14.38020133972168
reaction:2654,P(Ph)3,6,,77.92,68.92269897460938,15.827101707458496
reaction:2655,AmPhos,1,,63.77,57.843631744384766,15.42821979522705
reaction:2656,P(Cy)3,6,,69.81,51.324134826660156,14.696123123168945
reaction:2657,P(o-Tol)3,6,,71.59,64.72614288330078,13.417893409729004
reaction:2658,CataCXium A,3,,58.86,66.61583709716797,13.541608810424805
reaction:2659,SPhos,0,,51.57,58.889530181884766,12.265228271484375
reaction:2661,XPhos,5,,58.45,47.36980056762695,13.811142921447754
reaction:2665,P(tBu)3,6,,29.1,43.80233383178711,14.573505401611328
reaction:2666,P(Ph)3,5,,53.9,58.719058990478516,15.07489013671875
reaction:2667,AmPhos,5,,52.82,55.82468795776367,14.547361373901367
reaction:2668,P(Cy)3,7,,23.64,48.931663513183594,14.416200637817383
reaction:2669,P(o-Tol)3,3,,56.7,52.36319351196289,14.528237342834473
reaction:2670,CataCXium A,3,,58.18,46.588523864746094,13.754770278930664
reaction:2671,SPhos,7,,24.98,35.2039909362793,13.395164489746094
reaction:2673,XPhos,7,,17.11,31.439470291137695,14.00446891784668
reaction:2677,P(tBu)3,5,,23.95,31.99115562438965,15.547301292419434
reaction:2678,P(Ph)3,0,,34.17,45.83757400512695,15.298002243041992
reaction:2679,AmPhos,4,,42.55,49.30965805053711,15.182759284973145
reaction:2680,P(Cy)3,0,,22.01,34.80754470825195,14.423095703125
reaction:2681,P(o-Tol)3,2,,45.8,46.08475875854492,14.25001335144043
reaction:2682,CataCXium A,4,,44.01,40.25299835205078,14.20207405090332
reaction:2683,SPhos,0,,21.48,18.150775909423828,13.461606979370117
reaction:2685,XPhos,5,,17.77,18.731399536132812,14.79139232635498
reaction:2689,P(tBu)3,6,,1.2,9.063514709472656,15.227580070495605
reaction:2690,P(Ph)3,3,,18.94,12.496574401855469,15.531063079833984
reaction:2691,AmPhos,4,,4.02,5.6959228515625,14.185102462768555
reaction:2692,P(Cy)3,6,,16.47,12.83359146118164,13.664571762084961
reaction:2693,P(o-Tol)3,7,,2.62,1.9906082153320312,13.678232192993164
reaction:2694,CataCXium A,2,,15.97,10.124320983886719,14.04157829284668
reaction:2695,SPhos,6,,41.9,90.49871063232422,12.916357040405273
reaction:2697,XPhos,6,,56.66,97.27322387695312,13.260107040405273
reaction:2701,P(tBu)3,7,,10.73,11.864608764648438,13.711747169494629
reaction:2702,P(Ph)3,2,,14.74,16.010040283203125,15.255138397216797
reaction:2703,AmPhos,0,,11.22,10.172599792480469,14.680841445922852
reaction:2704,P(Cy)3,0,,12.8,15.905956268310547,14.335103034973145
reaction:2705,P(o-Tol)3,7,,6.61,9.420238494873047,13.502300262451172
reaction:2706,CataCXium A,7,,12.93,21.04616355895996,13.200994491577148
reaction:2707,SPhos,5,,76.92,65.46382141113281,13.178350448608398
reaction:2709,XPhos,3,,76.61,75.23173522949219,13.374846458435059
reaction:2713,P(tBu)3,2,,9.98,3.102008819580078,15.661816596984863
reaction:2714,P(Ph)3,7,,13.89,14.417327880859375,15.718191146850586
reaction:2715,AmPhos,0,,7.66,11.29061508178711,15.58144760131836
reaction:2716,P(Cy)3,2,,13.92,18.97671127319336,15.19828987121582
reaction:2717,P(o-Tol)3,0,,7.8,9.190963745117188,14.640204429626465
reaction:2718,CataCXium A,7,,15.16,18.222579956054688,14.513437271118164
reaction:2719,SPhos,1,,72.09,67.82792663574219,14.152045249938965
reaction:2721,XPhos,3,,77.78,71.48863220214844,14.25096607208252
reaction:2725,P(tBu)3,1,,8.73,9.358367919921875,14.471349716186523
reaction:2726,P(Ph)3,6,,14.02,14.847381591796875,15.107280731201172
reaction:2727,AmPhos,0,,9.68,9.017829895019531,15.164225578308105
reaction:2728,P(Cy)3,0,,12.55,13.794609069824219,14.886796951293945
reaction:2729,P(o-Tol)3,5,,5.79,7.278919219970703,14.555335998535156
reaction:2730,CataCXium A,4,,15.47,15.906557083129883,13.625670433044434
reaction:2731,SPhos,5,,69.42,61.286136627197266,13.790083885192871
reaction:2733,XPhos,2,,68.05,70.15519714355469,14.386515617370605
reaction:2737,P(tBu)3,6,,10.48,8.148323059082031,14.930130004882812
reaction:2738,P(Ph)3,2,,13.89,15.913434982299805,15.26962661743164
reaction:2739,AmPhos,2,,8.09,10.666149139404297,15.302443504333496
reaction:2740,P(Cy)3,5,,12.11,12.584053039550781,14.589322090148926
reaction:2741,P(o-Tol)3,5,,6.6,6.486591339111328,13.932530403137207
reaction:2742,CataCXium A,0,,12.64,15.368587493896484,12.689197540283203
reaction:2743,SPhos,5,,74.54,62.633544921875,13.157560348510742
reaction:2745,XPhos,5,,81.17,68.70572662353516,13.692821502685547
reaction:2749,P(tBu)3,0,,12.39,12.896583557128906,13.74436092376709
reaction:2750,P(Ph)3,1,,14.63,16.194847106933594,14.849228858947754
reaction:2751,AmPhos,2,,8.7,8.58432388305664,15.361673355102539
reaction:2752,P(Cy)3,5,,12.0,11.540950775146484,14.639853477478027
reaction:2753,P(o-Tol)3,1,,7.08,8.247200012207031,13.808807373046875
reaction:2754,CataCXium A,1,,14.51,13.41140365600586,13.112228393554688
reaction:2755,SPhos,2,,75.5,69.44050598144531,13.276426315307617
reaction:2757,XPhos,1,,76.56,75.63033294677734,13.509138107299805
reaction:2761,P(tBu)3,1,,9.28,13.581539154052734,14.068495750427246
reaction:2762,P(Ph)3,1,,14.61,16.384553909301758,14.841005325317383
reaction:2763,AmPhos,1,,10.13,6.894817352294922,13.903364181518555
reaction:2764,P(Cy)3,3,,11.6,12.707054138183594,14.279025077819824
reaction:2765,P(o-Tol)3,6,,5.93,5.424449920654297,13.170323371887207
reaction:2766,CataCXium A,7,,14.44,15.12729263305664,13.305072784423828
reaction:2767,SPhos,3,,72.12,63.86669158935547,12.883244514465332
reaction:2769,XPhos,1,,67.73,71.75695037841797,13.488151550292969
reaction:2773,P(tBu)3,6,,12.16,12.581344604492188,15.688472747802734
reaction:2774,P(Ph)3,6,,14.3,14.920387268066406,15.497232437133789
reaction:2775,AmPhos,3,,8.88,10.214786529541016,14.917780876159668
reaction:2776,P(Cy)3,1,,12.44,16.013324737548828,14.940171241760254
reaction:2777,P(o-Tol)3,5,,7.41,5.722324371337891,14.764320373535156
reaction:2778,CataCXium A,1,,18.06,21.90155601501465,14.107505798339844
reaction:2779,SPhos,4,,64.66,59.48994827270508,13.223051071166992
reaction:2781,XPhos,2,,66.37,64.03009033203125,14.736374855041504
reaction:2785,P(tBu)3,2,,22.09,41.457420349121094,16.06779670715332
reaction:2786,P(Ph)3,0,,16.79,16.4062442779541,15.752553939819336
reaction:2787,AmPhos,7,,16.94,21.135753631591797,14.383513450622559
reaction:2788,P(Cy)3,7,,31.86,41.57868576049805,14.782235145568848
reaction:2789,P(o-Tol)3,2,,10.92,9.073989868164062,14.565882682800293
reaction:2790,CataCXium A,0,,49.91,41.537296295166016,13.589493751525879
reaction:2791,SPhos,4,,78.41,77.53329467773438,13.194497108459473
reaction:2793,XPhos,3,,92.16,84.78543090820312,13.972367286682129
reaction:2797,P(tBu)3,4,,51.13,48.8407096862793,14.077526092529297
reaction:2798,P(Ph)3,0,,15.63,15.763940811157227,15.468894004821777
reaction:2799,AmPhos,6,,30.89,27.6662540435791,15.044677734375
reaction:2800,P(Cy)3,0,,48.75,35.16746520996094,14.50617790222168
reaction:2801,P(o-Tol)3,0,,7.82,10.86751937866211,13.940887451171875
reaction:2802,CataCXium A,0,,67.8,41.09355926513672,13.310215950012207
reaction:2803,SPhos,6,,50.66,67.02086639404297,13.751424789428711
reaction:2805,XPhos,7,,56.5,76.56755065917969,13.958345413208008
reaction:2809,P(tBu)3,6,,21.19,38.410850524902344,15.47866439819336
reaction:2810,P(Ph)3,6,,15.55,17.547449111938477,16.51436424255371
reaction:2811,AmPhos,1,,25.81,18.62895965576172,15.80971908569336
reaction:2812,P(Cy)3,5,,43.78,33.244781494140625,14.958873748779297
reaction:2813,P(o-Tol)3,2,,5.56,3.989185333251953,15.283890724182129
reaction:2814,CataCXium A,3,,48.33,41.798072814941406,14.005731582641602
reaction:2815,SPhos,6,,46.59,57.528236389160156,15.008506774902344
reaction:2817,XPhos,5,,57.55,60.94550704956055,14.820226669311523
reaction:2821,P(tBu)3,2,,30.6,43.29863357543945,16.282554626464844
reaction:2822,P(Ph)3,6,,16.41,16.155364990234375,16.052467346191406
reaction:2823,AmPhos,3,,23.82,21.05341911315918,14.633408546447754
reaction:2824,P(Cy)3,2,,37.16,29.83892059326172,15.240163803100586
reaction:2825,P(o-Tol)3,1,,6.45,4.585178375244141,14.195231437683105
reaction:2826,CataCXium A,4,,46.65,40.535701751708984,14.09838581085205
reaction:2827,SPhos,6,,53.72,61.62398147583008,14.446444511413574
reaction:2829,XPhos,5,,68.31,65.38249206542969,14.411974906921387
reaction:2833,P(tBu)3,3,,44.63,37.29667663574219,13.910579681396484
reaction:2834,P(Ph)3,5,,17.78,17.32020378112793,14.89573860168457
reaction:2835,AmPhos,1,,25.22,21.69835662841797,14.867928504943848
reaction:2836,P(Cy)3,2,,46.21,26.61400032043457,14.728211402893066
reaction:2837,P(o-Tol)3,3,,7.62,4.4557037353515625,13.48966121673584
reaction:2838,CataCXium A,1,,33.61,49.531105041503906,13.288732528686523
reaction:2839,SPhos,7,,70.67,64.32157135009766,13.370030403137207
reaction:2841,XPhos,4,,79.94,76.53080749511719,13.08871841430664
reaction:2845,P(tBu)3,5,,52.95,37.05012512207031,15.119010925292969
reaction:2846,P(Ph)3,6,,18.29,13.45364761352539,15.652137756347656
reaction:2847,AmPhos,1,,15.12,24.614967346191406,15.018086433410645
reaction:2848,P(Cy)3,0,,18.51,36.285648345947266,14.369366645812988
reaction:2849,P(o-Tol)3,5,,9.07,4.927642822265625,13.95413589477539
reaction:2850,CataCXium A,6,,30.62,44.52091979980469,13.432655334472656
reaction:2851,SPhos,7,,77.13,70.20706939697266,13.432807922363281
reaction:2853,XPhos,1,,92.53,78.68777465820312,13.36504077911377
reaction:2857,P(tBu)3,0,,58.57,40.98280334472656,14.206661224365234
reaction:2858,P(Ph)3,0,,18.11,12.686153411865234,15.536925315856934
reaction:2859,AmPhos,0,,11.47,23.544633865356445,14.325199127197266
reaction:2860,P(Cy)3,3,,15.75,41.36882400512695,14.114483833312988
reaction:2861,P(o-Tol)3,2,,7.3,8.68259048461914,14.440957069396973
reaction:2862,CataCXium A,2,,33.7,48.14839172363281,13.564291000366211
reaction:2863,SPhos,3,,76.22,72.07283020019531,13.074048042297363
reaction:2865,XPhos,2,,91.76,79.77558135986328,13.891422271728516
reaction:2869,P(tBu)3,7,,51.1,47.50309371948242,14.854778289794922
reaction:2870,P(Ph)3,3,,17.49,22.959585189819336,15.515827178955078
reaction:2871,AmPhos,2,,31.05,30.116138458251953,15.244704246520996
reaction:2872,P(Cy)3,7,,51.23,48.79836654663086,15.251218795776367
reaction:2873,P(o-Tol)3,0,,6.84,22.25814437866211,14.712835311889648
reaction:2874,CataCXium A,4,,77.06,53.47319793701172,14.275472640991211
reaction:2875,SPhos,5,,69.3,76.50251770019531,14.24793815612793
reaction:2877,XPhos,6,,84.83,75.52452087402344,15.00377082824707
reaction:2881,P(tBu)3,1,,25.34,5.286396026611328,14.658631324768066
reaction:2882,P(Ph)3,2,,13.32,18.39307403564453,15.47350788116455
reaction:2883,AmPhos,1,,11.93,8.079788208007812,14.5061616897583
reaction:2884,P(Cy)3,0,,13.92,20.95142936706543,14.36860179901123
reaction:2885,P(o-Tol)3,7,,7.68,7.057254791259766,13.578532218933105
reaction:2886,CataCXium A,2,,12.29,24.905925750732422,13.742999076843262
reaction:2887,SPhos,7,,72.38,26.17669677734375,13.020018577575684
reaction:2889,XPhos,7,,86.53,26.229604721069336,13.567072868347168
reaction:2893,P(tBu)3,5,,11.13,3.86077880859375,14.772966384887695
reaction:2894,P(Ph)3,7,,17.02,19.836544036865234,15.265954971313477
reaction:2895,AmPhos,6,,8.53,10.606681823730469,13.995606422424316
reaction:2896,P(Cy)3,4,,32.5,21.847572326660156,14.702607154846191
reaction:2897,P(o-Tol)3,5,,6.25,6.5629730224609375,14.37343692779541
reaction:2898,CataCXium A,0,,21.79,21.430286407470703,12.623130798339844
reaction:2899,SPhos,4,,46.5,34.734493255615234,12.345393180847168
reaction:2901,XPhos,5,,52.93,31.736082077026367,13.494921684265137
reaction:2905,P(tBu)3,1,,4.3,-3.33624267578125,15.38815689086914
reaction:2906,P(Ph)3,0,,16.32,24.77638816833496,15.30470085144043
reaction:2907,AmPhos,0,,9.25,11.015575408935547,15.271907806396484
reaction:2908,P(Cy)3,4,,31.18,27.03659439086914,15.443593978881836
reaction:2909,P(o-Tol)3,2,,5.96,11.640449523925781,15.304229736328125
reaction:2910,CataCXium A,6,,21.02,25.088424682617188,14.401416778564453
reaction:2911,SPhos,4,,56.86,40.08202362060547,13.559752464294434
reaction:2913,XPhos,1,,47.98,47.96603012084961,14.352087020874023
reaction:2917,P(tBu)3,5,,12.78,6.775096893310547,15.2769136428833
reaction:2918,P(Ph)3,4,,15.29,19.781681060791016,15.064252853393555
reaction:2919,AmPhos,3,,9.32,12.378883361816406,14.82530689239502
reaction:2920,P(Cy)3,0,,26.25,18.929250717163086,14.623788833618164
reaction:2921,P(o-Tol)3,2,,7.24,10.859420776367188,14.935306549072266
reaction:2922,CataCXium A,7,,20.58,24.814416885375977,13.593934059143066
reaction:2923,SPhos,0,,40.43,33.629859924316406,13.381670951843262
reaction:2925,XPhos,3,,40.46,33.4003791809082,13.409127235412598
reaction:2929,P(tBu)3,3,,0.0,12.584938049316406,14.160333633422852
reaction:2930,P(Ph)3,7,,16.19,13.735931396484375,15.21413803100586
reaction:2931,AmPhos,3,,10.77,9.947578430175781,14.387897491455078
reaction:2932,P(Cy)3,4,,14.09,17.511760711669922,14.578154563903809
reaction:2933,P(o-Tol)3,4,,7.58,3.2295608520507812,13.524971008300781
reaction:2934,CataCXium A,3,,18.47,12.819129943847656,12.816336631774902
reaction:2935,SPhos,1,,13.53,31.28421401977539,12.407342910766602
reaction:2937,XPhos,6,,10.45,33.72031784057617,12.311532020568848
reaction:2941,P(tBu)3,1,,9.54,15.607282638549805,14.436312675476074
reaction:2942,P(Ph)3,3,,14.96,14.10150146484375,15.161535263061523
reaction:2943,AmPhos,0,,10.98,7.857765197753906,14.367071151733398
reaction:2944,P(Cy)3,2,,13.1,15.00870132446289,14.506817817687988
reaction:2945,P(o-Tol)3,0,,8.04,3.247241973876953,13.469697952270508
reaction:2946,CataCXium A,6,,17.26,11.342548370361328,13.183106422424316
reaction:2947,SPhos,5,,12.4,30.71579933166504,12.941652297973633
reaction:2949,XPhos,2,,11.13,32.070491790771484,14.242390632629395
reaction:2953,P(tBu)3,3,,5.84,19.813980102539062,14.254961967468262
reaction:2954,P(Ph)3,5,,15.7,11.456954956054688,15.31285285949707
reaction:2955,AmPhos,6,,9.8,8.168754577636719,14.127469062805176
reaction:2956,P(Cy)3,7,,13.13,13.505439758300781,14.203261375427246
reaction:2957,P(o-Tol)3,5,,8.19,0.5785675048828125,14.51772403717041
reaction:2958,CataCXium A,5,,16.12,9.349075317382812,13.444092750549316
reaction:2959,SPhos,3,,10.75,26.226293563842773,12.492281913757324
reaction:2961,XPhos,2,,9.9,28.714580535888672,14.290392875671387
reaction:2965,P(tBu)3,0,,6.69,19.137420654296875,14.963935852050781
reaction:2966,P(Ph)3,6,,15.93,12.995830535888672,14.914957046508789
reaction:2967,AmPhos,4,,8.94,11.062213897705078,14.161308288574219
reaction:2968,P(Cy)3,4,,15.15,16.00371551513672,15.387874603271484
reaction:2969,P(o-Tol)3,5,,10.92,1.5665664672851562,15.034507751464844
reaction:2970,CataCXium A,4,,19.53,15.484176635742188,13.935892105102539
reaction:2971,SPhos,2,,15.42,17.69349479675293,14.531506538391113
reaction:2973,XPhos,5,,8.47,19.840303421020508,14.24793815612793
reaction:2977,P(tBu)3,0,,20.19,19.59844207763672,15.385295867919922
reaction:2978,P(Ph)3,4,,12.85,11.40777587890625,16.167484283447266
reaction:2979,AmPhos,4,,8.82,15.87314224243164,15.259321212768555
reaction:2980,P(Cy)3,6,,21.07,31.231975555419922,14.781951904296875
reaction:2981,P(o-Tol)3,3,,7.45,20.215925216674805,14.823657035827637
reaction:2982,CataCXium A,1,,42.98,19.25088882446289,14.390666961669922
reaction:2983,SPhos,1,,63.06,50.38166046142578,13.413461685180664
reaction:2985,XPhos,4,,58.97,58.214141845703125,14.389781951904297
reaction:2989,P(tBu)3,0,,21.2,18.68030548095703,14.967939376831055
reaction:2990,P(Ph)3,5,,11.91,19.54777717590332,14.847058296203613
reaction:2991,AmPhos,5,,12.2,9.436538696289062,14.570706367492676
reaction:2992,P(Cy)3,0,,30.49,20.454925537109375,14.98143482208252
reaction:2993,P(o-Tol)3,7,,7.67,6.099433898925781,13.773639678955078
reaction:2994,CataCXium A,5,,16.27,23.190265655517578,13.949251174926758
reaction:2995,SPhos,4,,35.94,35.935516357421875,13.686257362365723
reaction:2997,XPhos,3,,34.16,41.55803680419922,14.61703872680664
reaction:3001,P(tBu)3,3,,23.39,18.904571533203125,15.809001922607422
reaction:3002,P(Ph)3,4,,11.68,6.625232696533203,16.475004196166992
reaction:3003,AmPhos,1,,9.8,15.27846908569336,15.7340726852417
reaction:3004,P(Cy)3,0,,18.07,20.53445053100586,15.755143165588379
reaction:3005,P(o-Tol)3,0,,8.15,9.526092529296875,14.960188865661621
reaction:3006,CataCXium A,6,,21.77,18.767133712768555,15.193368911743164
reaction:3007,SPhos,2,,14.38,23.69195556640625,14.506295204162598
reaction:3009,XPhos,3,,16.18,26.79934310913086,15.299819946289062
reaction:3013,P(tBu)3,2,,15.69,18.20113754272461,15.340827941894531
reaction:3014,P(Ph)3,0,,12.04,13.436561584472656,16.04374122619629
reaction:3015,AmPhos,7,,10.09,10.512630462646484,15.021437644958496
reaction:3016,P(Cy)3,0,,19.35,20.212732315063477,15.404866218566895
reaction:3017,P(o-Tol)3,4,,5.87,10.933460235595703,15.076253890991211
reaction:3018,CataCXium A,7,,15.42,24.625295639038086,14.434874534606934
reaction:3019,SPhos,6,,60.45,44.277244567871094,13.672236442565918
reaction:3021,XPhos,3,,51.75,54.150291442871094,14.96895694732666
reaction:3025,P(tBu)3,6,,15.32,13.684844970703125,14.279400825500488
reaction:3026,P(Ph)3,4,,11.81,12.036121368408203,15.94721508026123
reaction:3027,AmPhos,6,,11.2,9.684181213378906,14.716156959533691
reaction:3028,P(Cy)3,5,,21.42,24.21405029296875,14.190853118896484
reaction:3029,P(o-Tol)3,1,,6.28,12.234077453613281,14.699607849121094
reaction:3030,CataCXium A,1,,13.29,24.61178970336914,14.053173065185547
reaction:3031,SPhos,7,,60.4,46.445152282714844,12.459301948547363
reaction:3033,XPhos,4,,60.85,51.38071823120117,13.978721618652344
reaction:3037,P(tBu)3,5,,17.43,15.31439208984375,14.358546257019043
reaction:3038,P(Ph)3,2,,9.21,15.46596908569336,15.706830024719238
reaction:3039,AmPhos,4,,12.79,9.485645294189453,15.003105163574219
reaction:3040,P(Cy)3,2,,23.45,21.166038513183594,14.670979499816895
reaction:3041,P(o-Tol)3,4,,8.07,9.610004425048828,14.606542587280273
reaction:3042,CataCXium A,7,,21.18,25.053218841552734,13.787004470825195
reaction:3043,SPhos,4,,60.02,50.05011749267578,13.68045425415039
reaction:3045,XPhos,3,,65.54,54.157772064208984,14.688272476196289
reaction:3049,P(tBu)3,3,,15.05,14.991275787353516,15.205187797546387
reaction:3050,P(Ph)3,3,,11.91,10.392814636230469,15.66912841796875
reaction:3051,AmPhos,1,,10.87,8.065574645996094,14.8989896774292
reaction:3052,P(Cy)3,6,,22.2,22.080312728881836,14.708128929138184
reaction:3053,P(o-Tol)3,3,,6.7,4.758098602294922,14.663053512573242
reaction:3054,CataCXium A,3,,23.44,16.021923065185547,14.370283126831055
reaction:3055,SPhos,5,,18.87,27.72385597229004,12.078825950622559
reaction:3057,XPhos,2,,16.23,31.341594696044922,13.729562759399414
reaction:3061,P(tBu)3,4,,12.23,14.220733642578125,15.087742805480957
reaction:3062,P(Ph)3,4,,11.61,3.1797752380371094,16.469879150390625
reaction:3063,AmPhos,6,,7.2,13.82735824584961,15.591695785522461
reaction:3064,P(Cy)3,4,,15.05,15.519454956054688,15.088504791259766
reaction:3065,P(o-Tol)3,6,,7.86,5.394870758056641,14.9105863571167
reaction:3066,CataCXium A,5,,19.76,20.142234802246094,14.748488426208496
reaction:3067,SPhos,6,,9.62,18.925479888916016,14.103971481323242
reaction:3069,XPhos,7,,10.31,23.043609619140625,14.035858154296875
reaction:3074,P(tBu)3,4,,7.97,13.171703338623047,15.704663276672363
reaction:3075,P(Ph)3,7,,12.28,16.04773712158203,15.65617847442627
reaction:3076,AmPhos,6,,7.25,14.69345474243164,15.905977249145508
reaction:3077,P(Cy)3,7,,5.75,9.886661529541016,15.329962730407715
reaction:3078,P(o-Tol)3,1,,9.46,10.383686065673828,15.387777328491211
reaction:3079,CataCXium A,4,,8.71,11.599254608154297,14.867217063903809
reaction:3080,SPhos,4,,9.46,7.283817291259766,14.323629379272461
reaction:3082,XPhos,6,,10.67,12.624324798583984,14.22130298614502
reaction:3086,P(tBu)3,1,,17.9,13.249210357666016,15.594039916992188
reaction:3087,P(Ph)3,3,,16.76,21.71770668029785,15.577919960021973
reaction:3088,AmPhos,0,,15.53,15.594598770141602,15.653643608093262
reaction:3089,P(Cy)3,7,,15.45,12.628246307373047,14.791454315185547
reaction:3090,P(o-Tol)3,2,,16.58,16.6210880279541,14.625470161437988
reaction:3091,CataCXium A,6,,17.09,16.404232025146484,14.612186431884766
reaction:3092,SPhos,5,,15.62,14.866966247558594,13.263168334960938
reaction:3094,XPhos,4,,16.83,18.09758758544922,14.318461418151855
reaction:3098,P(tBu)3,1,,13.59,11.633430480957031,15.335841178894043
reaction:3099,P(Ph)3,5,,13.24,17.520610809326172,15.239856719970703
reaction:3100,AmPhos,2,,12.03,12.992351531982422,14.989615440368652
reaction:3101,P(Cy)3,7,,12.97,9.136955261230469,14.595108985900879
reaction:3102,P(o-Tol)3,0,,12.55,12.516719818115234,14.62100887298584
reaction:3103,CataCXium A,1,,14.22,11.92380142211914,14.594425201416016
reaction:3104,SPhos,3,,8.83,9.860919952392578,12.411575317382812
reaction:3106,XPhos,5,,10.59,14.752094268798828,13.301177024841309
reaction:3110,P(tBu)3,5,,9.7,11.573707580566406,14.819244384765625
reaction:3111,P(Ph)3,4,,16.66,15.468055725097656,15.250588417053223
reaction:3112,AmPhos,0,,13.76,9.91357421875,15.464652061462402
reaction:3113,P(Cy)3,1,,9.29,7.495582580566406,15.181999206542969
reaction:3114,P(o-Tol)3,7,,10.11,11.9527587890625,14.397777557373047
reaction:3115,CataCXium A,2,,10.18,9.959819793701172,14.410900115966797
reaction:3116,SPhos,2,,9.43,9.715766906738281,13.829371452331543
reaction:3118,XPhos,3,,12.72,12.128204345703125,13.395467758178711
reaction:3122,P(tBu)3,5,,11.55,11.905132293701172,14.794380187988281
reaction:3123,P(Ph)3,1,,15.61,16.088891983032227,16.08676528930664
reaction:3124,AmPhos,1,,13.45,13.24530029296875,15.316786766052246
reaction:3125,P(Cy)3,6,,11.63,14.007171630859375,14.381595611572266
reaction:3126,P(o-Tol)3,6,,11.83,12.620471954345703,14.024078369140625
reaction:3127,CataCXium A,4,,15.68,12.80173110961914,14.048169136047363
reaction:3128,SPhos,1,,10.54,9.822391510009766,13.16418743133545
reaction:3130,XPhos,2,,12.75,12.9761962890625,14.071746826171875
reaction:3134,P(tBu)3,6,,12.96,17.10875701904297,15.434746742248535
reaction:3135,P(Ph)3,2,,16.54,17.489898681640625,15.575355529785156
reaction:3136,AmPhos,4,,12.97,13.21142578125,14.968485832214355
reaction:3137,P(Cy)3,6,,10.41,19.934579849243164,14.541691780090332
reaction:3138,P(o-Tol)3,7,,13.93,11.71548080444336,14.406882286071777
reaction:3139,CataCXium A,6,,12.92,17.806615829467773,14.567063331604004
reaction:3140,SPhos,4,,9.89,8.891681671142578,13.578855514526367
reaction:3142,XPhos,7,,12.12,12.407840728759766,13.068392753601074
reaction:3146,P(tBu)3,3,,10.08,12.432182312011719,15.656765937805176
reaction:3147,P(Ph)3,7,,15.56,22.316394805908203,16.01248550415039
reaction:3148,AmPhos,5,,13.25,15.512077331542969,15.469398498535156
reaction:3149,P(Cy)3,7,,10.22,19.983524322509766,15.874300956726074
reaction:3150,P(o-Tol)3,7,,13.25,11.859268188476562,15.600502967834473
reaction:3151,CataCXium A,7,,14.27,13.599163055419922,15.459030151367188
reaction:3152,SPhos,7,,11.93,9.616241455078125,14.317731857299805
reaction:3154,XPhos,0,,12.19,17.502534866333008,14.752801895141602
reaction:3158,P(tBu)3,0,,11.12,14.365280151367188,15.57413387298584
reaction:3159,P(Ph)3,2,,15.95,12.444202423095703,15.918256759643555
reaction:3160,AmPhos,6,,13.51,12.804187774658203,15.686948776245117
reaction:3161,P(Cy)3,1,,11.89,13.401485443115234,15.532367706298828
reaction:3162,P(o-Tol)3,3,,13.55,14.298820495605469,13.96773910522461
reaction:3163,CataCXium A,1,,13.55,14.522552490234375,15.200277328491211
reaction:3164,SPhos,6,,12.05,10.482402801513672,13.480963706970215
reaction:3166,XPhos,3,,13.52,16.264678955078125,13.870070457458496
reaction:3170,P(tBu)3,6,,14.0,18.56395721435547,16.672710418701172
reaction:3171,P(Ph)3,2,,47.59,58.32369613647461,16.431053161621094
reaction:3172,AmPhos,5,,23.86,18.121036529541016,15.608418464660645
reaction:3173,P(Cy)3,1,,60.56,45.2144889831543,15.107138633728027
reaction:3174,P(o-Tol)3,4,,20.06,17.918922424316406,15.550365447998047
reaction:3175,CataCXium A,0,,21.28,28.404863357543945,14.436217308044434
reaction:3176,SPhos,3,,24.09,25.104564666748047,13.873148918151855
reaction:3178,XPhos,4,,30.5,26.669382095336914,14.673356056213379
reaction:3182,P(tBu)3,4,,21.09,19.76880645751953,16.037500381469727
reaction:3183,P(Ph)3,7,,70.55,47.58795928955078,15.937615394592285
reaction:3184,AmPhos,4,,20.06,19.660627365112305,15.664122581481934
reaction:3185,P(Cy)3,4,,40.01,53.998531341552734,15.509500503540039
reaction:3186,P(o-Tol)3,3,,20.03,20.77155303955078,14.175639152526855
reaction:3187,CataCXium A,5,,23.24,19.40936851501465,14.811525344848633
reaction:3188,SPhos,7,,22.4,24.436967849731445,12.651886940002441
reaction:3190,XPhos,0,,30.09,25.623136520385742,14.081012725830078
reaction:3194,P(tBu)3,5,,14.49,16.720731735229492,15.746028900146484
reaction:3195,P(Ph)3,1,,71.09,47.0748291015625,16.138795852661133
reaction:3196,AmPhos,6,,12.55,15.067436218261719,16.081226348876953
reaction:3197,P(Cy)3,6,,41.57,52.858299255371094,15.154539108276367
reaction:3198,P(o-Tol)3,5,,17.54,13.811771392822266,14.223711013793945
reaction:3199,CataCXium A,2,,17.46,17.694541931152344,14.975972175598145
reaction:3200,SPhos,6,,16.6,16.464876174926758,13.51690673828125
reaction:3202,XPhos,5,,18.41,24.087642669677734,13.636836051940918
reaction:3206,P(tBu)3,6,,13.03,15.993059158325195,16.170682907104492
reaction:3207,P(Ph)3,7,,60.47,41.8790283203125,15.831367492675781
reaction:3208,AmPhos,3,,12.2,15.517097473144531,15.193120956420898
reaction:3209,P(Cy)3,5,,23.17,52.83186340332031,15.562639236450195
reaction:3210,P(o-Tol)3,4,,14.55,12.852283477783203,14.966132164001465
reaction:3211,CataCXium A,2,,13.75,10.752532958984375,15.14840316772461
reaction:3212,SPhos,1,,13.96,15.148971557617188,13.857711791992188
reaction:3214,XPhos,5,,15.29,23.311613082885742,13.759384155273438
reaction:3218,P(tBu)3,0,,16.45,17.403818130493164,15.213533401489258
reaction:3219,P(Ph)3,1,,53.54,49.58694076538086,16.22381591796875
reaction:3220,AmPhos,2,,15.59,17.170654296875,15.427699089050293
reaction:3221,P(Cy)3,5,,44.32,57.49702835083008,15.536870956420898
reaction:3222,P(o-Tol)3,7,,15.21,16.53944969177246,13.896448135375977
reaction:3223,CataCXium A,2,,24.96,19.361492156982422,15.106642723083496
reaction:3224,SPhos,3,,15.41,17.200889587402344,12.79423713684082
reaction:3226,XPhos,6,,19.47,21.60572052001953,14.218049049377441
reaction:3230,P(tBu)3,5,,16.0,20.810869216918945,15.814963340759277
reaction:3231,P(Ph)3,4,,44.25,61.90229034423828,16.137332916259766
reaction:3232,AmPhos,6,,19.09,16.02581214904785,16.212186813354492
reaction:3233,P(Cy)3,0,,61.14,46.224327087402344,14.915453910827637
reaction:3234,P(o-Tol)3,0,,16.17,18.35491180419922,13.920555114746094
reaction:3235,CataCXium A,3,,23.74,26.440237045288086,13.26675796508789
reaction:3236,SPhos,2,,23.28,18.96570587158203,13.182477951049805
reaction:3238,XPhos,3,,21.02,26.719619750976562,13.472225189208984
reaction:3242,P(tBu)3,7,,17.39,16.343353271484375,16.04203224182129
reaction:3243,P(Ph)3,0,,43.13,65.81756591796875,16.521081924438477
reaction:3244,AmPhos,1,,19.07,19.3759708404541,16.014169692993164
reaction:3245,P(Cy)3,2,,84.64,45.802818298339844,16.14885139465332
reaction:3246,P(o-Tol)3,4,,18.36,15.919673919677734,15.64820671081543
reaction:3247,CataCXium A,1,,29.12,39.03659439086914,14.864056587219238
reaction:3248,SPhos,1,,18.27,29.838645935058594,14.956933975219727
reaction:3250,XPhos,7,,35.39,23.013696670532227,14.433464050292969
reaction:3254,P(tBu)3,2,,20.98,14.947223663330078,16.65371322631836
reaction:3255,P(Ph)3,5,,42.26,59.41071319580078,16.398775100708008
reaction:3256,AmPhos,1,,18.06,18.04488754272461,15.50136661529541
reaction:3257,P(Cy)3,4,,71.96,48.21900939941406,15.742327690124512
reaction:3258,P(o-Tol)3,6,,16.85,21.847759246826172,15.439984321594238
reaction:3259,CataCXium A,6,,30.48,34.17509841918945,14.797760009765625
reaction:3260,SPhos,6,,24.7,25.776721954345703,14.41606330871582
reaction:3262,XPhos,0,,32.07,25.91741371154785,14.312952995300293
reaction:3266,P(tBu)3,4,,11.29,14.79184341430664,16.136186599731445
reaction:3267,P(Ph)3,5,,15.14,15.251457214355469,16.12057876586914
reaction:3268,AmPhos,7,,10.53,10.176513671875,15.351922988891602
reaction:3269,P(Cy)3,4,,11.98,12.61526870727539,15.466031074523926
reaction:3270,P(o-Tol)3,5,,12.1,14.008811950683594,15.189170837402344
reaction:3271,CataCXium A,5,,12.05,16.395490646362305,15.253999710083008
reaction:3272,SPhos,7,,12.21,10.364673614501953,13.848549842834473
reaction:3274,XPhos,6,,14.92,19.33639907836914,14.459979057312012
reaction:3278,P(tBu)3,7,,18.78,21.380990982055664,14.293415069580078
reaction:3279,P(Ph)3,1,,19.48,20.892976760864258,16.264766693115234
reaction:3280,AmPhos,4,,17.79,14.806934356689453,15.56899356842041
reaction:3281,P(Cy)3,0,,19.5,17.021228790283203,15.757125854492188
reaction:3282,P(o-Tol)3,3,,17.96,15.622699737548828,14.219730377197266
reaction:3283,CataCXium A,5,,18.41,20.256879806518555,14.891368865966797
reaction:3284,SPhos,2,,17.82,16.340805053710938,14.20412826538086
reaction:3286,XPhos,4,,20.84,23.212528228759766,14.601834297180176
reaction:3290,P(tBu)3,4,,18.27,13.115154266357422,15.489701271057129
reaction:3291,P(Ph)3,0,,11.77,23.681095123291016,16.5828800201416
reaction:3292,AmPhos,0,,11.43,10.835933685302734,15.16409969329834
reaction:3293,P(Cy)3,4,,14.02,14.847110748291016,14.734905242919922
reaction:3294,P(o-Tol)3,4,,11.74,12.914016723632812,14.861090660095215
reaction:3295,CataCXium A,3,,12.2,19.002561569213867,13.533381462097168
reaction:3296,SPhos,4,,11.94,11.596927642822266,13.757631301879883
reaction:3298,XPhos,4,,23.37,18.00812530517578,14.189549446105957
reaction:3302,P(tBu)3,3,,12.38,18.73288917541504,15.059597969055176
reaction:3303,P(Ph)3,0,,13.1,23.903987884521484,16.675334930419922
reaction:3304,AmPhos,3,,10.49,12.11062240600586,14.996124267578125
reaction:3305,P(Cy)3,0,,11.45,15.174259185791016,15.557425498962402
reaction:3306,P(o-Tol)3,5,,11.47,13.554428100585938,14.442524909973145
reaction:3307,CataCXium A,1,,15.88,11.95404052734375,14.852140426635742
reaction:3308,SPhos,7,,11.18,10.670623779296875,12.957754135131836
reaction:3310,XPhos,5,,11.72,17.123645782470703,14.108985900878906
reaction:3314,P(tBu)3,2,,11.78,11.979228973388672,14.792274475097656
reaction:3315,P(Ph)3,0,,14.49,24.773950576782227,16.614316940307617
reaction:3316,AmPhos,0,,11.21,9.76873779296875,15.189468383789062
reaction:3317,P(Cy)3,1,,20.77,15.32229232788086,15.193286895751953
reaction:3318,P(o-Tol)3,4,,12.2,11.410858154296875,14.90643310546875
reaction:3319,CataCXium A,3,,13.04,19.705373764038086,13.630248069763184
reaction:3320,SPhos,5,,11.9,11.178447723388672,13.65085506439209
reaction:3322,XPhos,6,,14.73,19.8438720703125,13.356280326843262
reaction:3326,P(tBu)3,4,,28.73,17.248220443725586,15.622272491455078
reaction:3327,P(Ph)3,3,,31.17,14.769500732421875,15.426154136657715
reaction:3328,AmPhos,7,,11.48,14.884937286376953,14.705291748046875
reaction:3329,P(Cy)3,3,,29.54,17.464168548583984,14.379404067993164
reaction:3330,P(o-Tol)3,5,,13.88,19.317995071411133,14.504979133605957
reaction:3331,CataCXium A,6,,30.18,21.77509117126465,13.954205513000488
reaction:3332,SPhos,0,,12.93,11.96844482421875,13.301302909851074
reaction:3334,XPhos,2,,16.19,18.558319091796875,14.413935661315918
reaction:3338,P(tBu)3,1,,11.67,12.298748016357422,15.85918140411377
reaction:3339,P(Ph)3,1,,32.48,15.44757080078125,16.764528274536133
reaction:3340,AmPhos,1,,10.88,14.88070297241211,16.125940322875977
reaction:3341,P(Cy)3,0,,13.65,26.916109085083008,16.131914138793945
reaction:3342,P(o-Tol)3,7,,12.8,13.320610046386719,15.165691375732422
reaction:3343,CataCXium A,1,,14.05,17.84840965270996,15.747955322265625
reaction:3344,SPhos,2,,12.53,22.29360008239746,14.948269844055176
reaction:3346,XPhos,5,,33.09,20.317617416381836,14.997678756713867
reaction:3350,P(tBu)3,0,,11.86,20.646499633789062,15.60392951965332
reaction:3351,P(Ph)3,5,,13.7,19.986215591430664,15.97757625579834
reaction:3352,AmPhos,4,,11.93,17.211759567260742,15.785270690917969
reaction:3353,P(Cy)3,2,,11.79,24.626901626586914,14.771754264831543
reaction:3354,P(o-Tol)3,4,,25.41,19.850400924682617,15.440582275390625
reaction:3355,CataCXium A,1,,33.14,18.408479690551758,15.274303436279297
reaction:3356,SPhos,7,,12.96,26.105607986450195,13.707767486572266
reaction:3358,XPhos,5,,35.78,18.476327896118164,14.615232467651367
reaction:3362,P(tBu)3,0,,24.57,34.51402282714844,16.18091583251953
reaction:3363,P(Ph)3,7,,48.08,55.06783676147461,16.54861831665039
reaction:3364,AmPhos,7,,54.99,39.04931640625,15.258842468261719
reaction:3365,P(Cy)3,3,,26.1,52.016845703125,16.888647079467773
reaction:3366,P(o-Tol)3,1,,38.2,51.91607666015625,14.764778137207031
reaction:3367,CataCXium A,3,,71.95,34.57522201538086,14.304078102111816
reaction:3368,SPhos,5,,25.89,33.104148864746094,14.564691543579102
reaction:3370,XPhos,3,,27.69,29.492141723632812,15.535260200500488
reaction:3374,P(tBu)3,5,,23.77,22.520950317382812,16.109764099121094
reaction:3375,P(Ph)3,3,,72.56,71.64588165283203,18.11431312561035
reaction:3376,AmPhos,0,,39.11,33.696510314941406,15.366480827331543
reaction:3377,P(Cy)3,1,,61.53,55.05510711669922,15.005475044250488
reaction:3378,P(o-Tol)3,6,,35.64,36.4970588684082,14.756418228149414
reaction:3379,CataCXium A,4,,35.27,42.84847640991211,13.476728439331055
reaction:3380,SPhos,2,,47.03,46.663330078125,13.427313804626465
reaction:3382,XPhos,4,,51.17,46.832340240478516,15.103631973266602
reaction:3386,P(tBu)3,4,,20.76,20.968761444091797,16.0722713470459
reaction:3387,P(Ph)3,0,,73.52,70.90966796875,16.81779670715332
reaction:3388,AmPhos,4,,30.22,36.54043960571289,15.608506202697754
reaction:3389,P(Cy)3,3,,49.15,63.13787078857422,16.270408630371094
reaction:3390,P(o-Tol)3,6,,37.72,34.022274017333984,14.417076110839844
reaction:3391,CataCXium A,1,,36.05,38.18812942504883,13.752575874328613
reaction:3392,SPhos,5,,45.38,43.0518913269043,13.639984130859375
reaction:3394,XPhos,2,,47.38,44.45175552368164,14.087175369262695
reaction:3398,P(tBu)3,7,,20.85,16.685258865356445,15.26101303100586
reaction:3399,P(Ph)3,3,,74.41,67.35066223144531,18.075862884521484
reaction:3400,AmPhos,6,,25.49,34.169891357421875,15.485828399658203
reaction:3401,P(Cy)3,7,,47.92,54.927459716796875,15.24428939819336
reaction:3402,P(o-Tol)3,1,,31.78,35.48749542236328,14.058625221252441
reaction:3403,CataCXium A,1,,29.21,35.645782470703125,14.062383651733398
reaction:3404,SPhos,1,,50.69,41.26910400390625,12.43649673461914
reaction:3406,XPhos,4,,43.22,46.834259033203125,14.738997459411621
reaction:3410,P(tBu)3,0,,21.32,22.67245101928711,15.60021686553955
reaction:3411,P(Ph)3,3,,83.66,70.70410919189453,18.03172492980957
reaction:3412,AmPhos,2,,36.82,35.81855773925781,14.975753784179688
reaction:3413,P(Cy)3,5,,63.05,61.46314239501953,15.20276165008545
reaction:3414,P(o-Tol)3,3,,37.05,40.587730407714844,13.545162200927734
reaction:3415,CataCXium A,1,,40.78,44.16347885131836,13.84714126586914
reaction:3416,SPhos,5,,53.28,43.41352462768555,13.759354591369629
reaction:3418,XPhos,0,,46.27,49.81527328491211,14.732085227966309
reaction:3422,P(tBu)3,6,,18.29,21.679346084594727,15.482888221740723
reaction:3423,P(Ph)3,3,,71.31,69.87388610839844,18.044837951660156
reaction:3424,AmPhos,3,,31.01,35.910560607910156,15.443242073059082
reaction:3425,P(Cy)3,0,,69.26,53.444435119628906,15.496713638305664
reaction:3426,P(o-Tol)3,6,,37.59,30.51869010925293,14.678814888000488
reaction:3427,CataCXium A,2,,37.91,40.80013656616211,13.166604042053223
reaction:3428,SPhos,7,,23.2,43.50884246826172,13.037797927856445
reaction:3430,XPhos,7,,30.62,43.02129364013672,14.051846504211426
reaction:3434,P(tBu)3,4,,23.65,27.073787689208984,16.701217651367188
reaction:3435,P(Ph)3,3,,62.95,75.09484100341797,18.25191879272461
reaction:3436,AmPhos,0,,45.32,34.10186767578125,15.86872673034668
reaction:3437,P(Cy)3,4,,83.06,53.096309661865234,15.656397819519043
reaction:3438,P(o-Tol)3,4,,38.42,37.48613739013672,14.913939476013184
reaction:3439,CataCXium A,3,,43.3,47.06792068481445,14.229504585266113
reaction:3440,SPhos,3,,27.79,47.43498229980469,14.657902717590332
reaction:3442,XPhos,1,,48.35,32.73299789428711,14.425413131713867
reaction:3446,P(tBu)3,5,,20.59,20.143203735351562,16.218345642089844
reaction:3447,P(Ph)3,5,,84.54,73.58100891113281,17.27597427368164
reaction:3448,AmPhos,4,,31.28,38.185569763183594,16.091005325317383
reaction:3449,P(Cy)3,7,,64.63,63.34192657470703,15.768720626831055
reaction:3450,P(o-Tol)3,0,,44.63,34.26594924926758,14.482665061950684
reaction:3451,CataCXium A,7,,31.51,45.47455978393555,13.937864303588867
reaction:3452,SPhos,3,,52.78,45.0867805480957,14.233901977539062
reaction:3454,XPhos,0,,42.62,51.931907653808594,15.240362167358398
reaction:3458,P(tBu)3,6,,14.78,16.813735961914062,15.553540229797363
reaction:3459,P(Ph)3,6,,15.69,20.91220474243164,16.065637588500977
reaction:3460,AmPhos,5,,16.01,16.444013595581055,15.640304565429688
reaction:3461,P(Cy)3,3,,19.35,14.729621887207031,14.691779136657715
reaction:3462,P(o-Tol)3,4,,17.37,17.393098831176758,15.016057014465332
reaction:3463,CataCXium A,6,,15.16,17.558208465576172,15.447613716125488
reaction:3464,SPhos,2,,14.48,15.388347625732422,14.331128120422363
reaction:3466,XPhos,7,,16.12,16.131683349609375,13.984469413757324
reaction:3470,P(tBu)3,3,,17.82,18.776689529418945,15.452597618103027
reaction:3471,P(Ph)3,5,,19.46,20.755207061767578,16.23208999633789
reaction:3472,AmPhos,6,,20.67,19.52814483642578,15.058252334594727
reaction:3473,P(Cy)3,2,,19.64,18.570322036743164,14.70841121673584
reaction:3474,P(o-Tol)3,2,,29.53,21.83983039855957,14.949357986450195
reaction:3475,CataCXium A,1,,19.42,22.557323455810547,14.55378246307373
reaction:3476,SPhos,1,,19.15,20.072689056396484,13.170783042907715
reaction:3478,XPhos,7,,20.14,18.122156143188477,13.324390411376953
reaction:3482,P(tBu)3,6,,18.86,15.93075942993164,14.544013023376465
reaction:3483,P(Ph)3,0,,16.12,16.465673446655273,15.633503913879395
reaction:3484,AmPhos,4,,16.64,14.423759460449219,14.141678810119629
reaction:3485,P(Cy)3,6,,16.07,15.6514892578125,15.087393760681152
reaction:3486,P(o-Tol)3,6,,17.97,23.08397102355957,14.667947769165039
reaction:3487,CataCXium A,4,,17.61,19.327499389648438,13.764994621276855
reaction:3488,SPhos,1,,17.31,16.138444900512695,12.586899757385254
reaction:3490,XPhos,3,,16.92,17.32738494873047,13.321560859680176
reaction:3494,P(tBu)3,2,,16.72,20.807945251464844,15.601871490478516
reaction:3495,P(Ph)3,0,,18.91,16.06783676147461,15.664856910705566
reaction:3496,AmPhos,7,,16.35,19.275896072387695,14.673439025878906
reaction:3497,P(Cy)3,6,,15.9,18.388093948364258,15.21494197845459
reaction:3498,P(o-Tol)3,0,,36.68,20.054805755615234,14.600052833557129
reaction:3499,CataCXium A,2,,24.07,19.353351593017578,14.70771598815918
reaction:3500,SPhos,6,,16.43,12.437126159667969,13.404989242553711
reaction:3502,XPhos,3,,4.66,16.723695755004883,13.551336288452148
reaction:3506,P(tBu)3,1,,15.83,15.591009140014648,15.25576400756836
reaction:3507,P(Ph)3,5,,15.34,16.76140022277832,15.897004127502441
reaction:3508,AmPhos,0,,15.09,17.014480590820312,15.141115188598633
reaction:3509,P(Cy)3,1,,15.73,14.209754943847656,14.771183967590332
reaction:3510,P(o-Tol)3,0,,13.61,19.944398880004883,14.691771507263184
reaction:3511,CataCXium A,0,,15.62,18.659183502197266,14.198186874389648
reaction:3512,SPhos,3,,15.39,13.212493896484375,12.666833877563477
reaction:3514,XPhos,2,,14.07,15.057086944580078,13.855711936950684
reaction:3518,P(tBu)3,2,,16.0,16.3348445892334,15.61198902130127
reaction:3519,P(Ph)3,6,,16.23,19.510194778442383,15.467032432556152
reaction:3520,AmPhos,0,,12.4,16.226516723632812,15.142439842224121
reaction:3521,P(Cy)3,1,,14.32,16.406808853149414,14.884568214416504
reaction:3522,P(o-Tol)3,6,,15.59,20.657928466796875,14.817296028137207
reaction:3523,CataCXium A,3,,16.37,17.79865837097168,13.09595775604248
reaction:3524,SPhos,5,,13.25,14.254566192626953,12.655176162719727
reaction:3526,XPhos,5,,15.8,13.745597839355469,13.311934471130371
reaction:3530,P(tBu)3,2,,17.17,16.566280364990234,16.30461311340332
reaction:3531,P(Ph)3,7,,19.75,21.288192749023438,16.231428146362305
reaction:3532,AmPhos,3,,12.94,17.752424240112305,15.654350280761719
reaction:3533,P(Cy)3,7,,14.18,19.965150833129883,15.1411771774292
reaction:3534,P(o-Tol)3,6,,15.69,22.18425178527832,15.632892608642578
reaction:3535,CataCXium A,2,,22.51,17.670814514160156,15.573918342590332
reaction:3536,SPhos,6,,15.14,14.723400115966797,14.55157470703125
reaction:3538,XPhos,2,,14.17,15.661283493041992,14.980387687683105
reaction:3542,P(tBu)3,0,,14.14,18.827716827392578,15.395284652709961
reaction:3543,P(Ph)3,6,,15.19,22.182632446289062,15.920628547668457
reaction:3544,AmPhos,6,,16.49,16.211959838867188,15.461274147033691
reaction:3545,P(Cy)3,6,,16.02,16.9349308013916,15.687298774719238
reaction:3546,P(o-Tol)3,0,,15.25,16.90963363647461,15.099371910095215
reaction:3547,CataCXium A,4,,13.53,17.6462345123291,14.306539535522461
reaction:3548,SPhos,6,,14.34,18.752063751220703,14.219040870666504
reaction:3550,XPhos,6,,15.27,20.193838119506836,14.342852592468262
reaction:3554,P(tBu)3,1,,31.76,25.923946380615234,16.886512756347656
reaction:3555,P(Ph)3,4,,51.68,47.76694869995117,15.891895294189453
reaction:3556,AmPhos,3,,37.57,39.35070037841797,15.33830451965332
reaction:3557,P(Cy)3,1,,47.6,40.38040542602539,16.674787521362305
reaction:3558,P(o-Tol)3,1,,34.75,37.694175720214844,15.940126419067383
reaction:3559,CataCXium A,6,,55.11,52.75886154174805,15.272833824157715
reaction:3560,SPhos,0,,31.85,32.16078186035156,15.103378295898438
reaction:3562,XPhos,4,,29.92,29.806047439575195,14.972965240478516
reaction:3566,P(tBu)3,0,,27.16,26.803943634033203,16.77634620666504
reaction:3567,P(Ph)3,7,,47.7,50.47048568725586,16.359556198120117
reaction:3568,AmPhos,4,,43.3,38.60264205932617,15.939467430114746
reaction:3569,P(Cy)3,2,,44.4,34.53253173828125,14.671735763549805
reaction:3570,P(o-Tol)3,4,,34.11,39.008079528808594,15.147560119628906
reaction:3571,CataCXium A,4,,46.43,53.83313751220703,14.665847778320312
reaction:3572,SPhos,5,,27.58,28.027679443359375,13.968603134155273
reaction:3574,XPhos,2,,23.65,27.932262420654297,13.498334884643555
reaction:3578,P(tBu)3,3,,21.26,26.822999954223633,15.521208763122559
reaction:3579,P(Ph)3,6,,42.44,42.24867630004883,15.887873649597168
reaction:3580,AmPhos,6,,30.95,35.62931823730469,15.965413093566895
reaction:3581,P(Cy)3,1,,27.31,35.867191314697266,16.165563583374023
reaction:3582,P(o-Tol)3,5,,34.82,34.88734817504883,14.097712516784668
reaction:3583,CataCXium A,6,,56.37,46.027366638183594,14.36491870880127
reaction:3584,SPhos,7,,27.03,27.340164184570312,14.799159049987793
reaction:3586,XPhos,6,,23.4,25.889991760253906,14.594528198242188
reaction:3590,P(tBu)3,0,,22.12,25.40435791015625,16.635345458984375
reaction:3591,P(Ph)3,7,,34.49,46.69112777709961,16.264310836791992
reaction:3592,AmPhos,0,,36.44,36.95016098022461,16.589296340942383
reaction:3593,P(Cy)3,1,,32.77,29.952116012573242,16.27042007446289
reaction:3594,P(o-Tol)3,1,,35.01,35.98384094238281,15.336297988891602
reaction:3595,CataCXium A,7,,41.14,49.81783676147461,15.320554733276367
reaction:3596,SPhos,1,,23.89,26.132328033447266,13.803826332092285
reaction:3598,XPhos,6,,23.11,23.005695343017578,14.821032524108887
reaction:3602,P(tBu)3,7,,26.44,25.32056999206543,15.394379615783691
reaction:3603,P(Ph)3,5,,42.52,41.391326904296875,16.406328201293945
reaction:3604,AmPhos,0,,27.31,39.156856536865234,16.613189697265625
reaction:3605,P(Cy)3,4,,23.96,37.923431396484375,14.913602828979492
reaction:3606,P(o-Tol)3,0,,37.34,35.62177276611328,15.888030052185059
reaction:3607,CataCXium A,1,,49.39,46.46805191040039,15.249703407287598
reaction:3608,SPhos,7,,22.85,26.81049156188965,14.844992637634277
reaction:3610,XPhos,1,,24.26,22.57012939453125,14.212711334228516
reaction:3614,P(tBu)3,6,,26.61,29.451204299926758,15.834869384765625
reaction:3615,P(Ph)3,0,,47.17,42.89085388183594,16.4034423828125
reaction:3616,AmPhos,6,,41.97,40.0053596496582,16.113401412963867
reaction:3617,P(Cy)3,4,,30.56,42.921932220458984,14.98409652709961
reaction:3618,P(o-Tol)3,3,,37.91,39.37493896484375,13.680427551269531
reaction:3619,CataCXium A,0,,60.3,49.91874694824219,15.295489311218262
reaction:3620,SPhos,5,,30.31,30.51033592224121,13.800048828125
reaction:3622,XPhos,5,,29.03,27.679765701293945,14.406925201416016
reaction:3626,P(tBu)3,4,,29.1,28.690229415893555,16.6171875
reaction:3627,P(Ph)3,5,,53.77,44.533382415771484,17.042863845825195
reaction:3628,AmPhos,7,,42.75,38.20636749267578,16.455480575561523
reaction:3629,P(Cy)3,5,,38.71,38.91261291503906,15.609294891357422
reaction:3630,P(o-Tol)3,7,,35.42,39.300960540771484,16.06844139099121
reaction:3631,CataCXium A,3,,60.07,51.97929382324219,13.845991134643555
reaction:3632,SPhos,0,,32.04,30.77213478088379,15.199918746948242
reaction:3634,XPhos,7,,28.83,28.51034164428711,15.93271541595459
reaction:3638,P(tBu)3,5,,23.75,30.594453811645508,16.30886459350586
reaction:3639,P(Ph)3,0,,55.89,44.90615463256836,16.63560676574707
reaction:3640,AmPhos,2,,44.98,39.48063278198242,15.34911823272705
reaction:3641,P(Cy)3,1,,43.32,40.40372848510742,16.524492263793945
reaction:3642,P(o-Tol)3,0,,40.65,37.43100357055664,16.19764518737793
reaction:3643,CataCXium A,7,,58.2,54.406280517578125,15.76570987701416
reaction:3644,SPhos,3,,30.76,34.37406921386719,12.592032432556152
reaction:3646,XPhos,1,,31.51,27.82530403137207,14.70777416229248
reaction:3650,P(tBu)3,6,,13.05,20.721399307250977,15.815174102783203
reaction:3651,P(Ph)3,4,,15.86,19.96078109741211,16.26865005493164
reaction:3652,AmPhos,6,,21.99,15.510894775390625,15.782795906066895
reaction:3653,P(Cy)3,5,,17.53,16.543336868286133,14.919050216674805
reaction:3654,P(o-Tol)3,0,,14.79,15.344921112060547,15.266392707824707
reaction:3655,CataCXium A,2,,13.97,15.997596740722656,14.731961250305176
reaction:3656,SPhos,3,,14.89,18.33050537109375,13.178099632263184
reaction:3658,XPhos,1,,22.39,14.801376342773438,15.377020835876465
reaction:3662,P(tBu)3,4,,16.21,21.11283302307129,15.988066673278809
reaction:3663,P(Ph)3,5,,20.23,19.540626525878906,16.40007972717285
reaction:3664,AmPhos,4,,19.9,19.40970230102539,15.435942649841309
reaction:3665,P(Cy)3,5,,16.86,19.242361068725586,14.638097763061523
reaction:3666,P(o-Tol)3,5,,19.22,18.762088775634766,14.336820602416992
reaction:3667,CataCXium A,0,,18.83,16.86452293395996,14.740154266357422
reaction:3668,SPhos,0,,18.66,19.056682586669922,14.102566719055176
reaction:3670,XPhos,1,,19.78,18.010061264038086,14.945466041564941
reaction:3674,P(tBu)3,4,,19.09,18.120895385742188,15.66309642791748
reaction:3675,P(Ph)3,6,,16.59,16.742698669433594,15.287300109863281
reaction:3676,AmPhos,3,,13.82,17.010334014892578,14.996232032775879
reaction:3677,P(Cy)3,0,,16.67,15.291324615478516,14.46615219116211
reaction:3678,P(o-Tol)3,7,,20.61,14.848251342773438,14.117608070373535
reaction:3679,CataCXium A,4,,15.85,17.057954788208008,13.950614929199219
reaction:3680,SPhos,0,,14.7,16.90196990966797,13.579587936401367
reaction:3682,XPhos,6,,16.51,18.059005737304688,13.858817100524902
reaction:3686,P(tBu)3,4,,18.87,18.832138061523438,15.747536659240723
reaction:3687,P(Ph)3,2,,15.17,16.282642364501953,15.232002258300781
reaction:3688,AmPhos,5,,12.52,17.603595733642578,15.313827514648438
reaction:3689,P(Cy)3,3,,14.04,14.865638732910156,14.357870101928711
reaction:3690,P(o-Tol)3,4,,14.41,17.52389907836914,14.228828430175781
reaction:3691,CataCXium A,7,,14.16,14.998954772949219,14.385824203491211
reaction:3692,SPhos,6,,8.89,9.809017181396484,13.771537780761719
reaction:3694,XPhos,0,,5.87,12.244827270507812,13.95666217803955
reaction:3698,P(tBu)3,6,,14.85,14.89688491821289,14.942060470581055
reaction:3699,P(Ph)3,0,,15.24,17.226985931396484,15.816608428955078
reaction:3700,AmPhos,2,,13.75,14.751590728759766,15.09941291809082
reaction:3701,P(Cy)3,6,,13.5,13.260936737060547,14.870315551757812
reaction:3702,P(o-Tol)3,2,,15.93,14.029788970947266,14.302055358886719
reaction:3703,CataCXium A,6,,14.94,13.396308898925781,14.230595588684082
reaction:3704,SPhos,1,,13.89,15.619455337524414,14.147683143615723
reaction:3706,XPhos,5,,15.15,15.07815170288086,12.642301559448242
reaction:3710,P(tBu)3,7,,15.33,17.488731384277344,15.642295837402344
reaction:3711,P(Ph)3,4,,15.57,19.249906539916992,15.808953285217285
reaction:3712,AmPhos,7,,14.34,16.361574172973633,14.746892929077148
reaction:3713,P(Cy)3,6,,16.56,12.494903564453125,14.930573463439941
reaction:3714,P(o-Tol)3,0,,14.67,14.270767211914062,14.689955711364746
reaction:3715,CataCXium A,3,,13.1,16.93436622619629,13.336335182189941
reaction:3716,SPhos,1,,14.39,13.93166732788086,14.34941291809082
reaction:3718,XPhos,1,,15.63,13.522720336914062,14.879369735717773
reaction:3722,P(tBu)3,5,,13.46,17.065189361572266,16.203075408935547
reaction:3723,P(Ph)3,4,,15.1,22.63469696044922,16.360275268554688
reaction:3724,AmPhos,5,,13.14,19.446805953979492,16.144123077392578
reaction:3725,P(Cy)3,1,,14.73,17.71236801147461,15.413156509399414
reaction:3726,P(o-Tol)3,3,,14.45,16.336769104003906,14.904158592224121
reaction:3727,CataCXium A,6,,19.58,17.172733306884766,15.229233741760254
reaction:3728,SPhos,2,,13.61,16.67806625366211,14.11722469329834
reaction:3730,XPhos,6,,15.96,17.218788146972656,15.204557418823242
reaction:3734,P(tBu)3,7,,31.57,17.60525131225586,16.018226623535156
reaction:3735,P(Ph)3,4,,19.08,21.4405460357666,16.10884666442871
reaction:3736,AmPhos,6,,26.77,19.533159255981445,15.586655616760254
reaction:3737,P(Cy)3,3,,13.69,20.626794815063477,14.820199966430664
reaction:3738,P(o-Tol)3,3,,14.13,25.503828048706055,14.556615829467773
reaction:3739,CataCXium A,3,,14.55,25.765865325927734,13.918510437011719
reaction:3740,SPhos,7,,31.35,13.911079406738281,13.518487930297852
reaction:3742,XPhos,6,,15.82,27.646163940429688,14.693729400634766
reaction:3746,P(tBu)3,7,,16.44,37.48225402832031,15.812261581420898
reaction:3747,P(Ph)3,1,,56.56,52.91670608520508,18.116846084594727
reaction:3748,AmPhos,0,,45.17,53.28739547729492,16.732711791992188
reaction:3749,P(Cy)3,5,,21.88,54.906158447265625,17.20806884765625
reaction:3750,P(o-Tol)3,3,,56.29,48.55583572387695,15.504118919372559
reaction:3751,CataCXium A,3,,43.94,37.433109283447266,14.377317428588867
reaction:3752,SPhos,7,,29.67,46.282203674316406,14.619353294372559
reaction:3754,XPhos,7,,30.14,45.6115608215332,15.626145362854004
reaction:3758,P(tBu)3,6,,48.3,44.908416748046875,15.837477684020996
reaction:3759,P(Ph)3,7,,75.18,78.18262481689453,16.90708351135254
reaction:3760,AmPhos,7,,63.04,66.32637023925781,15.251596450805664
reaction:3761,P(Cy)3,5,,75.06,71.18610382080078,17.035749435424805
reaction:3762,P(o-Tol)3,7,,72.15,73.20710754394531,14.377793312072754
reaction:3763,CataCXium A,4,,70.31,73.35733032226562,13.82581615447998
reaction:3764,SPhos,3,,62.57,63.738929748535156,13.125388145446777
reaction:3766,XPhos,7,,61.95,57.89059066772461,14.993208885192871
reaction:3770,P(tBu)3,5,,42.64,43.85613250732422,16.74307632446289
reaction:3771,P(Ph)3,6,,69.39,76.40293884277344,16.585811614990234
reaction:3772,AmPhos,0,,60.07,64.98796844482422,16.28113555908203
reaction:3773,P(Cy)3,2,,68.64,62.47772979736328,14.620682716369629
reaction:3774,P(o-Tol)3,3,,69.92,67.93866729736328,14.59207820892334
reaction:3775,CataCXium A,0,,64.04,69.16570281982422,13.363690376281738
reaction:3776,SPhos,1,,51.08,60.93457794189453,15.324752807617188
reaction:3778,XPhos,2,,57.92,52.35108947753906,14.040477752685547
reaction:3782,P(tBu)3,4,,44.23,43.51428985595703,16.659914016723633
reaction:3783,P(Ph)3,4,,78.31,77.49893951416016,16.49100112915039
reaction:3784,AmPhos,2,,61.48,64.19625091552734,14.953489303588867
reaction:3785,P(Cy)3,1,,73.72,66.16172790527344,16.421480178833008
reaction:3786,P(o-Tol)3,0,,73.24,71.63999938964844,14.534767150878906
reaction:3787,CataCXium A,3,,63.42,74.26181030273438,13.394947052001953
reaction:3788,SPhos,1,,69.82,64.387451171875,15.476161003112793
reaction:3790,XPhos,5,,64.55,59.527320861816406,15.447466850280762
reaction:3794,P(tBu)3,3,,53.09,47.68731689453125,16.557453155517578
reaction:3795,P(Ph)3,5,,81.48,75.19205474853516,18.26296615600586
reaction:3796,AmPhos,1,,70.14,69.38336181640625,16.045509338378906
reaction:3797,P(Cy)3,5,,69.95,74.36711883544922,16.832443237304688
reaction:3798,P(o-Tol)3,7,,80.65,75.80546569824219,14.157853126525879
reaction:3799,CataCXium A,7,,82.23,71.93511962890625,12.958600044250488
reaction:3800,SPhos,6,,66.4,64.4537124633789,13.496847152709961
reaction:3802,XPhos,1,,61.03,58.741851806640625,16.552038192749023
reaction:3806,P(tBu)3,0,,46.61,49.08540725708008,16.501840591430664
reaction:3807,P(Ph)3,3,,80.09,76.1877670288086,16.545133590698242
reaction:3808,AmPhos,4,,74.74,65.28942108154297,15.988064765930176
reaction:3809,P(Cy)3,2,,73.91,70.61167907714844,14.813344955444336
reaction:3810,P(o-Tol)3,3,,79.4,75.59030151367188,14.763569831848145
reaction:3811,CataCXium A,6,,81.25,73.54359436035156,13.494880676269531
reaction:3812,SPhos,2,,58.75,63.67710494995117,13.387506484985352
reaction:3814,XPhos,2,,44.35,58.67435836791992,14.397354125976562
reaction:3818,P(tBu)3,4,,53.82,49.65062713623047,17.20058822631836
reaction:3819,P(Ph)3,1,,82.9,71.04904174804688,18.205617904663086
reaction:3820,AmPhos,4,,78.92,66.55582427978516,16.617782592773438
reaction:3821,P(Cy)3,6,,66.13,70.0258560180664,16.349050521850586
reaction:3822,P(o-Tol)3,6,,84.77,78.25143432617188,15.374393463134766
reaction:3823,CataCXium A,4,,74.96,74.398681640625,14.580913543701172
reaction:3824,SPhos,2,,59.47,58.666507720947266,14.274735450744629
reaction:3826,XPhos,1,,50.87,53.59455108642578,17.097070693969727
reaction:3830,P(tBu)3,3,,49.74,46.820552825927734,16.81142807006836
reaction:3831,P(Ph)3,7,,78.9,78.8740234375,17.110469818115234
reaction:3832,AmPhos,2,,70.77,66.21915435791016,15.387444496154785
reaction:3833,P(Cy)3,3,,78.59,70.87461853027344,15.441651344299316
reaction:3834,P(o-Tol)3,6,,71.82,76.9107666015625,14.87391471862793
reaction:3835,CataCXium A,2,,76.98,75.60452270507812,13.723233222961426
reaction:3836,SPhos,6,,68.51,68.8580093383789,14.277663230895996
reaction:3838,XPhos,1,,67.02,60.822540283203125,16.788375854492188
reaction:3842,P(tBu)3,6,,12.41,15.335029602050781,15.876374244689941
reaction:3843,P(Ph)3,3,,23.02,21.80885124206543,16.23902702331543
reaction:3844,AmPhos,0,,20.7,18.355422973632812,15.792654991149902
reaction:3845,P(Cy)3,4,,12.94,15.607601165771484,15.816956520080566
reaction:3846,P(o-Tol)3,1,,15.23,12.551933288574219,15.474116325378418
reaction:3847,CataCXium A,6,,14.79,18.369962692260742,14.98892879486084
reaction:3848,SPhos,4,,13.01,12.490245819091797,14.28266716003418
reaction:3850,XPhos,2,,13.88,13.821426391601562,14.787761688232422
reaction:3854,P(tBu)3,5,,15.81,13.587120056152344,15.704024314880371
reaction:3855,P(Ph)3,1,,18.18,22.32703399658203,16.045391082763672
reaction:3856,AmPhos,7,,17.45,17.146812438964844,15.679043769836426
reaction:3857,P(Cy)3,2,,17.86,17.64352798461914,15.133390426635742
reaction:3858,P(o-Tol)3,1,,17.29,15.651044845581055,14.94708251953125
reaction:3859,CataCXium A,7,,18.96,16.911540985107422,14.705305099487305
reaction:3860,SPhos,6,,17.79,18.644685745239258,13.798340797424316
reaction:3862,XPhos,1,,21.26,17.398771286010742,14.157958984375
reaction:3866,P(tBu)3,2,,12.17,13.166854858398438,15.624664306640625
reaction:3867,P(Ph)3,5,,17.75,15.052936553955078,15.909110069274902
reaction:3868,AmPhos,5,,13.16,16.078054428100586,15.240413665771484
reaction:3869,P(Cy)3,2,,10.99,15.00130844116211,14.89565658569336
reaction:3870,P(o-Tol)3,3,,12.41,13.270805358886719,13.748637199401855
reaction:3871,CataCXium A,4,,14.15,11.850086212158203,15.158806800842285
reaction:3872,SPhos,2,,12.9,13.952709197998047,13.317660331726074
reaction:3874,XPhos,2,,12.01,15.698965072631836,13.918371200561523
reaction:3878,P(tBu)3,1,,14.14,12.508777618408203,16.007726669311523
reaction:3879,P(Ph)3,5,,22.09,16.413623809814453,15.978344917297363
reaction:3880,AmPhos,1,,11.54,12.110458374023438,15.584822654724121
reaction:3881,P(Cy)3,4,,10.1,13.867061614990234,15.201714515686035
reaction:3882,P(o-Tol)3,3,,10.87,13.69024658203125,13.952773094177246
reaction:3883,CataCXium A,5,,11.88,10.666851043701172,14.685746192932129
reaction:3884,SPhos,6,,13.93,13.75112533569336,13.716768264770508
reaction:3886,XPhos,1,,12.89,16.152944564819336,13.98876953125
reaction:3890,P(tBu)3,0,,10.18,15.059638977050781,15.450423240661621
reaction:3891,P(Ph)3,1,,14.48,21.30290985107422,15.807808876037598
reaction:3892,AmPhos,6,,23.12,14.075935363769531,14.91788387298584
reaction:3893,P(Cy)3,3,,30.88,11.7496337890625,13.858696937561035
reaction:3894,P(o-Tol)3,7,,15.05,15.173324584960938,14.811823844909668
reaction:3895,CataCXium A,3,,15.78,14.200202941894531,13.067938804626465
reaction:3896,SPhos,5,,13.79,13.405200958251953,13.06157112121582
reaction:3898,XPhos,6,,12.72,15.658451080322266,14.061094284057617
reaction:3902,P(tBu)3,1,,11.97,12.974220275878906,15.935741424560547
reaction:3903,P(Ph)3,3,,15.43,22.55663299560547,15.720691680908203
reaction:3904,AmPhos,4,,14.47,17.545387268066406,15.397326469421387
reaction:3905,P(Cy)3,1,,13.34,14.835643768310547,14.497516632080078
reaction:3906,P(o-Tol)3,5,,13.04,12.222740173339844,14.773730278015137
reaction:3907,CataCXium A,7,,14.29,16.407155990600586,14.563116073608398
reaction:3908,SPhos,1,,12.48,12.244087219238281,13.716897010803223
reaction:3910,XPhos,6,,12.47,13.584918975830078,14.131696701049805
reaction:3914,P(tBu)3,1,,15.09,14.64108657836914,16.637269973754883
reaction:3915,P(Ph)3,3,,16.43,21.25205421447754,16.20198631286621
reaction:3916,AmPhos,1,,12.89,25.51878547668457,16.370485305786133
reaction:3917,P(Cy)3,7,,11.29,16.27836799621582,15.4957914352417
reaction:3918,P(o-Tol)3,6,,13.82,15.83395767211914,15.427539825439453
reaction:3919,CataCXium A,0,,14.88,13.047134399414062,15.017788887023926
reaction:3920,SPhos,3,,12.2,11.988117218017578,13.199811935424805
reaction:3922,XPhos,0,,13.04,13.91965103149414,14.388916015625
reaction:3926,P(tBu)3,4,,12.86,14.589111328125,16.114013671875
reaction:3927,P(Ph)3,5,,17.77,21.405569076538086,16.297607421875
reaction:3928,AmPhos,7,,17.88,18.855188369750977,15.925496101379395
reaction:3929,P(Cy)3,0,,12.99,13.521522521972656,14.669936180114746
reaction:3930,P(o-Tol)3,4,,13.53,16.471004486083984,15.520808219909668
reaction:3931,CataCXium A,4,,13.83,18.686227798461914,15.7235107421875
reaction:3932,SPhos,6,,12.68,11.687992095947266,14.235851287841797
reaction:3934,XPhos,4,,12.83,14.370109558105469,14.250836372375488
reaction:3938,P(tBu)3,0,,20.69,28.51833152770996,16.969715118408203
reaction:3939,P(Ph)3,4,,53.11,39.1849250793457,16.178354263305664
reaction:3940,AmPhos,0,,46.46,37.11448669433594,17.06529426574707
reaction:3941,P(Cy)3,0,,18.38,32.77116012573242,16.411720275878906
reaction:3942,P(o-Tol)3,6,,20.14,32.91337585449219,15.211495399475098
reaction:3943,CataCXium A,3,,58.69,36.6577033996582,14.311887741088867
reaction:3944,SPhos,6,,14.0,21.849760055541992,14.507142066955566
reaction:3946,XPhos,3,,16.74,16.239404678344727,14.429862022399902
reaction:3950,P(tBu)3,5,,17.7,18.840551376342773,16.870376586914062
reaction:3951,P(Ph)3,1,,32.1,44.05794906616211,16.183841705322266
reaction:3952,AmPhos,0,,17.87,28.885107040405273,16.7666072845459
reaction:3953,P(Cy)3,2,,18.72,11.333637237548828,14.736893653869629
reaction:3954,P(o-Tol)3,7,,16.32,8.997047424316406,15.904468536376953
reaction:3955,CataCXium A,3,,17.77,34.63243103027344,13.682931900024414
reaction:3956,SPhos,5,,16.49,14.6199951171875,15.441205978393555
reaction:3958,XPhos,7,,16.07,18.240198135375977,14.644027709960938
reaction:3962,P(tBu)3,1,,28.53,15.122135162353516,15.342082023620605
reaction:3963,P(Ph)3,0,,37.86,42.29521942138672,16.508634567260742
reaction:3964,AmPhos,4,,24.69,30.603763580322266,16.27845001220703
reaction:3965,P(Cy)3,5,,16.02,10.769859313964844,14.717933654785156
reaction:3966,P(o-Tol)3,1,,17.53,11.746055603027344,13.876137733459473
reaction:3967,CataCXium A,6,,19.02,38.334373474121094,13.963095664978027
reaction:3968,SPhos,5,,15.36,12.692855834960938,15.042226791381836
reaction:3970,XPhos,4,,16.52,15.912845611572266,15.069253921508789
reaction:3974,P(tBu)3,1,,18.4,20.599763870239258,15.523613929748535
reaction:3975,P(Ph)3,2,,32.6,47.70206069946289,16.497699737548828
reaction:3976,AmPhos,7,,21.01,27.282676696777344,16.27072525024414
reaction:3977,P(Cy)3,6,,14.75,11.517887115478516,15.234993934631348
reaction:3978,P(o-Tol)3,7,,22.25,11.994926452636719,15.815933227539062
reaction:3979,CataCXium A,1,,21.39,37.04356384277344,13.518038749694824
reaction:3980,SPhos,0,,15.41,16.857141494750977,13.685991287231445
reaction:3982,XPhos,3,,20.14,15.947521209716797,13.591915130615234
reaction:3986,P(tBu)3,5,,19.64,23.364866256713867,16.690547943115234
reaction:3987,P(Ph)3,2,,37.23,46.30621337890625,16.46106719970703
reaction:3988,AmPhos,0,,20.82,32.51223373413086,16.632951736450195
reaction:3989,P(Cy)3,7,,18.83,18.88240623474121,15.74425983428955
reaction:3990,P(o-Tol)3,3,,18.35,15.66128921508789,13.628262519836426
reaction:3991,CataCXium A,5,,33.48,37.419288635253906,15.147480010986328
reaction:3992,SPhos,5,,16.16,15.734455108642578,15.130252838134766
reaction:3994,XPhos,6,,17.41,15.820625305175781,14.30204963684082
reaction:3998,P(tBu)3,5,,22.93,28.50838851928711,16.708099365234375
reaction:3999,P(Ph)3,1,,57.68,43.95146942138672,16.05357551574707
reaction:4000,AmPhos,6,,40.65,30.09604263305664,15.637904167175293
reaction:4001,P(Cy)3,3,,20.38,31.1402530670166,14.513483047485352
reaction:4002,P(o-Tol)3,2,,17.77,26.9540958404541,14.513955116271973
reaction:4003,CataCXium A,4,,57.89,35.25034713745117,14.821075439453125
reaction:4004,SPhos,5,,17.04,18.95198631286621,15.149450302124023
reaction:4006,XPhos,2,,16.0,19.44473648071289,14.378679275512695
reaction:4010,P(tBu)3,0,,25.2,23.76329803466797,17.0740966796875
reaction:4011,P(Ph)3,6,,47.55,42.426876068115234,16.729021072387695
reaction:4012,AmPhos,0,,52.13,31.528453826904297,17.134048461914062
reaction:4013,P(Cy)3,0,,24.81,21.99659538269043,16.535057067871094
reaction:4014,P(o-Tol)3,6,,20.9,34.46015930175781,15.554069519042969
reaction:4015,CataCXium A,0,,57.21,35.01373291015625,15.851675987243652
reaction:4016,SPhos,5,,17.2,19.315601348876953,15.789731979370117
reaction:4018,XPhos,6,,18.91,16.38804817199707,15.431977272033691
reaction:4022,P(tBu)3,6,,28.07,25.519346237182617,16.398889541625977
reaction:4023,P(Ph)3,4,,67.49,38.418296813964844,16.027231216430664
reaction:4024,AmPhos,6,,50.05,31.953603744506836,16.004165649414062
reaction:4025,P(Cy)3,6,,20.77,36.96758270263672,15.63773250579834
reaction:4026,P(o-Tol)3,4,,20.88,34.7196044921875,16.046178817749023
reaction:4027,CataCXium A,2,,67.61,37.393062591552734,14.007759094238281
reaction:4028,SPhos,4,,17.3,22.16997528076172,15.26938247680664
reaction:4030,XPhos,6,,16.23,17.463871002197266,14.883244514465332
reaction:4034,P(tBu)3,1,,12.02,16.47766876220703,15.767692565917969
reaction:4035,P(Ph)3,0,,13.72,19.41902732849121,15.85014820098877
reaction:4036,AmPhos,3,,12.47,17.8070011138916,15.706966400146484
reaction:4037,P(Cy)3,4,,11.65,11.975906372070312,16.01806640625
reaction:4038,P(o-Tol)3,6,,13.9,15.114227294921875,15.28051471710205
reaction:4039,CataCXium A,7,,13.56,15.97237777709961,15.442192077636719
reaction:4040,SPhos,2,,13.75,11.971569061279297,14.258803367614746
reaction:4042,XPhos,7,,14.3,14.317119598388672,15.29212760925293
reaction:4046,P(tBu)3,5,,16.9,17.75277328491211,15.52056884765625
reaction:4047,P(Ph)3,2,,18.3,17.236417770385742,16.791105270385742
reaction:4048,AmPhos,1,,17.09,15.040668487548828,15.384888648986816
reaction:4049,P(Cy)3,4,,18.64,17.53891372680664,15.626083374023438
reaction:4050,P(o-Tol)3,7,,20.27,17.31003189086914,15.330461502075195
reaction:4051,CataCXium A,5,,22.53,16.475418090820312,15.597594261169434
reaction:4052,SPhos,7,,17.32,17.97076988220215,14.654938697814941
reaction:4054,XPhos,5,,17.09,19.09288215637207,13.873885154724121
reaction:4058,P(tBu)3,3,,13.04,13.203392028808594,15.24191665649414
reaction:4059,P(Ph)3,7,,13.51,17.151479721069336,14.846129417419434
reaction:4060,AmPhos,0,,12.36,12.689212799072266,15.382259368896484
reaction:4061,P(Cy)3,2,,14.06,13.285446166992188,15.355051040649414
reaction:4062,P(o-Tol)3,2,,14.22,14.520465850830078,14.632219314575195
reaction:4063,CataCXium A,5,,13.74,13.48663330078125,15.206707000732422
reaction:4064,SPhos,3,,14.1,13.947551727294922,12.25662612915039
reaction:4066,XPhos,7,,14.1,15.809120178222656,14.713531494140625
reaction:4070,P(tBu)3,6,,14.48,16.16012954711914,15.497519493103027
reaction:4071,P(Ph)3,2,,17.99,19.579858779907227,16.720048904418945
reaction:4072,AmPhos,5,,11.6,9.57171630859375,15.589649200439453
reaction:4073,P(Cy)3,4,,12.44,11.771957397460938,15.445146560668945
reaction:4074,P(o-Tol)3,1,,16.27,14.106552124023438,14.386695861816406
reaction:4075,CataCXium A,0,,12.36,14.002609252929688,14.06959056854248
reaction:4076,SPhos,1,,13.53,13.969417572021484,13.15531063079834
reaction:4078,XPhos,2,,13.5,15.408912658691406,13.827593803405762
reaction:4082,P(tBu)3,7,,13.12,9.875579833984375,15.609383583068848
reaction:4083,P(Ph)3,2,,15.23,15.927499771118164,16.696170806884766
reaction:4084,AmPhos,7,,11.83,12.375556945800781,15.65528392791748
reaction:4085,P(Cy)3,5,,13.09,16.117210388183594,14.871138572692871
reaction:4086,P(o-Tol)3,5,,13.77,14.230239868164062,15.022297859191895
reaction:4087,CataCXium A,6,,12.14,14.214775085449219,14.403271675109863
reaction:4088,SPhos,0,,12.62,12.819709777832031,13.720696449279785
reaction:4090,XPhos,7,,14.08,14.074058532714844,14.755017280578613
reaction:4094,P(tBu)3,2,,13.21,15.558704376220703,16.03716468811035
reaction:4095,P(Ph)3,5,,15.71,16.700132369995117,15.869535446166992
reaction:4096,AmPhos,2,,12.61,14.253562927246094,15.432877540588379
reaction:4097,P(Cy)3,6,,12.78,11.46895980834961,14.580268859863281
reaction:4098,P(o-Tol)3,7,,14.74,14.103992462158203,15.221756935119629
reaction:4099,CataCXium A,2,,13.87,16.86585235595703,14.641701698303223
reaction:4100,SPhos,0,,13.37,12.284809112548828,13.831779479980469
reaction:4102,XPhos,3,,14.58,12.811820983886719,13.313920974731445
reaction:4106,P(tBu)3,6,,12.49,11.57684326171875,16.433988571166992
reaction:4107,P(Ph)3,6,,20.36,19.01146125793457,16.250978469848633
reaction:4108,AmPhos,1,,13.01,20.4541072845459,16.05348014831543
reaction:4109,P(Cy)3,7,,13.94,16.243459701538086,15.661008834838867
reaction:4110,P(o-Tol)3,6,,14.48,18.753000259399414,15.818625450134277
reaction:4111,CataCXium A,6,,14.14,19.117935180664062,15.700088500976562
reaction:4112,SPhos,6,,13.14,15.000938415527344,14.101112365722656
reaction:4114,XPhos,7,,13.69,15.688774108886719,15.740499496459961
reaction:4118,P(tBu)3,7,,13.15,13.779457092285156,16.011228561401367
reaction:4119,P(Ph)3,2,,16.14,22.597736358642578,16.924936294555664
reaction:4120,AmPhos,3,,12.26,17.64480209350586,15.448025703430176
reaction:4121,P(Cy)3,3,,14.6,11.944469451904297,14.30994987487793
reaction:4122,P(o-Tol)3,0,,14.35,14.597087860107422,14.951203346252441
reaction:4123,CataCXium A,5,,15.34,17.6137752532959,15.639220237731934
reaction:4124,SPhos,1,,13.64,13.81924057006836,13.603775024414062
reaction:4126,XPhos,2,,14.78,14.97287368774414,14.323771476745605
reaction:4130,P(tBu)3,6,,56.15,50.90793228149414,15.71251106262207
reaction:4131,P(Ph)3,4,,48.5,53.67675018310547,17.2454776763916
reaction:4132,AmPhos,1,,62.12,49.870826721191406,15.840328216552734
reaction:4133,P(Cy)3,7,,20.21,16.360088348388672,16.672550201416016
reaction:4134,P(o-Tol)3,1,,74.71,63.996559143066406,14.526023864746094
reaction:4135,CataCXium A,2,,60.48,57.72311782836914,14.472139358520508
reaction:4136,SPhos,2,,18.91,36.11149597167969,13.830767631530762
reaction:4138,XPhos,3,,29.22,22.08366584777832,16.24222183227539
reaction:4142,P(tBu)3,5,,38.52,42.697021484375,17.121868133544922
reaction:4143,P(Ph)3,7,,58.94,58.82843017578125,17.264081954956055
reaction:4144,AmPhos,3,,46.32,44.92235565185547,15.572938919067383
reaction:4145,P(Cy)3,7,,27.29,17.46135902404785,16.391456604003906
reaction:4146,P(o-Tol)3,3,,51.26,64.09386444091797,13.86988353729248
reaction:4147,CataCXium A,4,,44.78,53.492027282714844,13.323563575744629
reaction:4148,SPhos,7,,47.02,39.19437026977539,12.763605117797852
reaction:4150,XPhos,4,,41.29,45.11843490600586,15.56903076171875
reaction:4154,P(tBu)3,1,,46.83,52.335899353027344,15.03674602508545
reaction:4155,P(Ph)3,7,,68.15,63.396209716796875,17.15606689453125
reaction:4156,AmPhos,7,,57.98,48.71237564086914,15.306836128234863
reaction:4157,P(Cy)3,2,,31.08,30.138399124145508,15.106234550476074
reaction:4158,P(o-Tol)3,5,,74.84,73.13409423828125,14.703622817993164
reaction:4159,CataCXium A,3,,66.67,60.219940185546875,12.983884811401367
reaction:4160,SPhos,4,,51.04,49.08142852783203,14.041792869567871
reaction:4162,XPhos,3,,49.83,43.90502166748047,15.725014686584473
reaction:4166,P(tBu)3,1,,39.95,42.1096076965332,15.20188045501709
reaction:4167,P(Ph)3,1,,73.12,51.67506790161133,17.090099334716797
reaction:4168,AmPhos,4,,6.65,53.5184211730957,15.653034210205078
reaction:4169,P(Cy)3,3,,0.0,37.30009460449219,15.053474426269531
reaction:4170,P(o-Tol)3,6,,63.01,56.33056640625,13.682535171508789
reaction:4171,CataCXium A,6,,61.84,41.87022018432617,13.53948974609375
reaction:4172,SPhos,3,,59.43,52.50764465332031,14.662201881408691
reaction:4174,XPhos,0,,58.39,50.05931091308594,15.31052017211914
reaction:4178,P(tBu)3,3,,57.66,48.74638748168945,16.37362289428711
reaction:4179,P(Ph)3,5,,40.92,66.40682220458984,17.17201042175293
reaction:4180,AmPhos,5,,52.74,52.60108184814453,16.37062644958496
reaction:4181,P(Cy)3,7,,35.41,16.44706916809082,16.247982025146484
reaction:4182,P(o-Tol)3,0,,74.05,72.42613220214844,14.092421531677246
reaction:4183,CataCXium A,0,,57.44,64.72395324707031,13.038105964660645
reaction:4184,SPhos,6,,39.32,46.23686599731445,12.914911270141602
reaction:4186,XPhos,3,,46.03,37.12495803833008,15.756521224975586
reaction:4190,P(tBu)3,3,,40.8,51.508670806884766,16.408605575561523
reaction:4191,P(Ph)3,6,,64.11,55.81052780151367,16.277196884155273
reaction:4192,AmPhos,7,,57.24,47.34784698486328,15.385570526123047
reaction:4193,P(Cy)3,1,,17.87,29.885631561279297,16.078542709350586
reaction:4194,P(o-Tol)3,2,,71.99,63.13444137573242,13.43630313873291
reaction:4195,CataCXium A,2,,65.69,50.09199523925781,13.68454647064209
reaction:4196,SPhos,1,,21.1,37.99616241455078,12.188437461853027
reaction:4198,XPhos,2,,24.86,28.991344451904297,13.870680809020996
reaction:4202,P(tBu)3,7,,57.08,53.96997833251953,16.440587997436523
reaction:4203,P(Ph)3,2,,64.73,57.441810607910156,16.895795822143555
reaction:4204,AmPhos,0,,71.17,51.51194381713867,16.3619327545166
reaction:4205,P(Cy)3,7,,28.01,23.474807739257812,16.947704315185547
reaction:4206,P(o-Tol)3,7,,74.34,71.12513732910156,15.006010055541992
reaction:4207,CataCXium A,6,,56.68,59.987770080566406,14.626322746276855
reaction:4208,SPhos,3,,32.23,37.89112854003906,15.229650497436523
reaction:4210,XPhos,6,,33.45,33.080467224121094,15.203904151916504
reaction:4214,P(tBu)3,3,,45.81,48.45223617553711,16.683303833007812
reaction:4215,P(Ph)3,3,,72.19,60.238834381103516,16.790006637573242
reaction:4216,AmPhos,1,,52.92,49.11608123779297,15.436503410339355
reaction:4217,P(Cy)3,1,,28.32,33.5716552734375,16.320283889770508
reaction:4218,P(o-Tol)3,5,,68.86,69.75221252441406,15.257841110229492
reaction:4219,CataCXium A,3,,59.44,59.03229522705078,13.72693920135498
reaction:4220,SPhos,0,,54.8,44.49734115600586,14.81074333190918
reaction:4222,XPhos,0,,42.55,42.85607147216797,15.855106353759766
reaction:4226,P(tBu)3,3,,16.56,19.236900329589844,15.205124855041504
reaction:4227,P(Ph)3,3,,19.58,18.191558837890625,16.697649002075195
reaction:4228,AmPhos,6,,17.09,16.725807189941406,15.078836441040039
reaction:4229,P(Cy)3,3,,17.27,17.920989990234375,16.115482330322266
reaction:4230,P(o-Tol)3,0,,18.46,15.964654922485352,14.927254676818848
reaction:4231,CataCXium A,4,,21.89,18.22991943359375,14.197319984436035
reaction:4232,SPhos,1,,16.09,18.171939849853516,14.311591148376465
reaction:4234,XPhos,1,,17.25,18.76555824279785,14.800569534301758
reaction:4238,P(tBu)3,1,,16.17,13.31576919555664,15.138803482055664
reaction:4239,P(Ph)3,3,,18.37,19.32131576538086,16.380971908569336
reaction:4240,AmPhos,3,,15.92,15.135242462158203,15.20236587524414
reaction:4241,P(Cy)3,7,,20.33,17.83733558654785,14.290365219116211
reaction:4242,P(o-Tol)3,0,,15.52,14.641658782958984,14.560937881469727
reaction:4243,CataCXium A,3,,16.65,16.918657302856445,14.041675567626953
reaction:4244,SPhos,4,,17.6,14.435867309570312,13.065413475036621
reaction:4246,XPhos,2,,16.82,15.430866241455078,14.064691543579102
reaction:4250,P(tBu)3,1,,19.02,15.054557800292969,14.818958282470703
reaction:4251,P(Ph)3,2,,17.07,18.37055015563965,15.654844284057617
reaction:4252,AmPhos,3,,19.41,16.583282470703125,14.759082794189453
reaction:4253,P(Cy)3,3,,19.05,17.408737182617188,15.476665496826172
reaction:4254,P(o-Tol)3,0,,18.46,16.483510971069336,14.174509048461914
reaction:4255,CataCXium A,2,,16.05,18.24951934814453,13.771560668945312
reaction:4256,SPhos,0,,17.84,17.47170639038086,12.155138969421387
reaction:4258,XPhos,3,,16.16,20.16288948059082,13.412201881408691
reaction:4262,P(tBu)3,7,,15.77,15.861011505126953,13.825736045837402
reaction:4263,P(Ph)3,2,,15.01,16.92791748046875,15.784857749938965
reaction:4264,AmPhos,7,,12.55,14.803630828857422,13.866947174072266
reaction:4265,P(Cy)3,7,,14.57,15.669990539550781,14.154626846313477
reaction:4266,P(o-Tol)3,3,,15.0,15.58273696899414,13.826430320739746
reaction:4267,CataCXium A,2,,13.51,14.151840209960938,13.921889305114746
reaction:4268,SPhos,5,,15.85,16.715055465698242,12.89967155456543
reaction:4270,XPhos,4,,14.19,19.34041976928711,12.840653419494629
reaction:4274,P(tBu)3,4,,13.07,16.61541175842285,14.434528350830078
reaction:4275,P(Ph)3,5,,18.44,16.739391326904297,15.346035957336426
reaction:4276,AmPhos,2,,15.32,15.802642822265625,14.931902885437012
reaction:4277,P(Cy)3,5,,16.18,16.072307586669922,14.514406204223633
reaction:4278,P(o-Tol)3,6,,16.91,14.530162811279297,13.861428260803223
reaction:4279,CataCXium A,5,,16.03,14.629650115966797,13.872408866882324
reaction:4280,SPhos,2,,16.08,17.75197982788086,13.530927658081055
reaction:4282,XPhos,6,,17.59,16.429147720336914,13.375560760498047
reaction:4286,P(tBu)3,5,,12.92,17.16170883178711,14.81167221069336
reaction:4287,P(Ph)3,2,,14.61,18.321853637695312,15.7900972366333
reaction:4288,AmPhos,4,,13.97,16.029062271118164,14.492378234863281
reaction:4289,P(Cy)3,3,,12.83,16.20523452758789,15.601432800292969
reaction:4290,P(o-Tol)3,4,,13.53,16.01070213317871,14.205607414245605
reaction:4291,CataCXium A,1,,14.39,14.398090362548828,13.650677680969238
reaction:4292,SPhos,6,,12.68,16.149585723876953,13.21961784362793
reaction:4294,XPhos,6,,14.31,16.302955627441406,13.651555061340332
reaction:4298,P(tBu)3,0,,14.68,16.853878021240234,15.192804336547852
reaction:4299,P(Ph)3,6,,16.79,17.02102279663086,15.936548233032227
reaction:4300,AmPhos,0,,15.83,16.391298294067383,15.09783935546875
reaction:4301,P(Cy)3,3,,16.64,15.86044692993164,15.968002319335938
reaction:4302,P(o-Tol)3,4,,14.66,16.373432159423828,14.930578231811523
reaction:4303,CataCXium A,6,,13.85,15.00601577758789,14.841497421264648
reaction:4304,SPhos,7,,14.78,16.621746063232422,13.871793746948242
reaction:4306,XPhos,1,,15.62,17.892261505126953,14.81385326385498
reaction:4310,P(tBu)3,6,,13.75,15.110538482666016,15.34897518157959
reaction:4311,P(Ph)3,6,,16.47,17.835447311401367,15.372456550598145
reaction:4312,AmPhos,4,,14.35,16.84687614440918,14.946202278137207
reaction:4313,P(Cy)3,7,,19.04,15.717050552368164,14.734864234924316
reaction:4314,P(o-Tol)3,2,,14.5,17.046911239624023,14.498406410217285
reaction:4315,CataCXium A,0,,14.5,17.55690574645996,13.978846549987793
reaction:4316,SPhos,2,,15.64,17.224225997924805,14.064801216125488
reaction:4318,XPhos,7,,16.17,16.117406845092773,13.445683479309082
reaction:4322,P(tBu)3,3,,15.0,20.520092010498047,15.545003890991211
reaction:4323,P(Ph)3,7,,23.92,20.217748641967773,16.206083297729492
reaction:4324,AmPhos,2,,16.41,20.736509323120117,15.452064514160156
reaction:4325,P(Cy)3,4,,18.72,29.024188995361328,14.829238891601562
reaction:4326,P(o-Tol)3,0,,17.59,17.40891456604004,14.771151542663574
reaction:4327,CataCXium A,3,,30.05,27.897525787353516,14.249963760375977
reaction:4328,SPhos,5,,17.76,21.083946228027344,14.346871376037598
reaction:4330,XPhos,3,,20.28,23.34499168395996,15.762641906738281
reaction:4334,P(tBu)3,5,,13.24,14.055423736572266,16.170312881469727
reaction:4335,P(Ph)3,0,,24.25,22.21282386779785,15.374480247497559
reaction:4336,AmPhos,4,,18.07,16.955753326416016,14.85328483581543
reaction:4337,P(Cy)3,3,,23.95,22.248035430908203,15.160510063171387
reaction:4338,P(o-Tol)3,2,,17.46,14.572959899902344,14.631390571594238
reaction:4339,CataCXium A,5,,20.28,25.6337890625,14.56584358215332
reaction:4340,SPhos,6,,17.39,17.27303695678711,14.703787803649902
reaction:4342,XPhos,1,,15.9,22.20306396484375,13.887609481811523
reaction:4346,P(tBu)3,3,,15.37,14.724456787109375,14.613190650939941
reaction:4347,P(Ph)3,7,,20.73,20.973697662353516,15.6956205368042
reaction:4348,AmPhos,1,,16.14,15.9552001953125,15.135398864746094
reaction:4349,P(Cy)3,7,,21.08,21.635887145996094,15.190886497497559
reaction:4350,P(o-Tol)3,6,,16.32,15.5753173828125,14.963249206542969
reaction:4351,CataCXium A,5,,21.37,22.653146743774414,14.048245429992676
reaction:4352,SPhos,4,,15.13,17.02719497680664,12.399378776550293
reaction:4354,XPhos,3,,17.4,20.125843048095703,15.0733060836792
reaction:4358,P(tBu)3,6,,14.73,19.229618072509766,15.857075691223145
reaction:4359,P(Ph)3,5,,17.57,20.694622039794922,15.644911766052246
reaction:4360,AmPhos,5,,15.24,16.02692985534668,15.399009704589844
reaction:4361,P(Cy)3,3,,18.65,16.273418426513672,14.972868919372559
reaction:4362,P(o-Tol)3,2,,18.25,13.398605346679688,14.543319702148438
reaction:4363,CataCXium A,2,,17.99,18.107587814331055,13.273053169250488
reaction:4364,SPhos,3,,15.93,23.41616439819336,14.54739761352539
reaction:4366,XPhos,3,,15.94,25.884782791137695,15.274006843566895
reaction:4370,P(tBu)3,7,,15.38,18.87337303161621,14.16682243347168
reaction:4371,P(Ph)3,4,,21.31,21.026456832885742,14.991028785705566
reaction:4372,AmPhos,0,,14.96,18.695953369140625,14.078144073486328
reaction:4373,P(Cy)3,3,,20.82,22.118555068969727,14.852072715759277
reaction:4374,P(o-Tol)3,5,,17.07,15.836292266845703,14.408884048461914
reaction:4375,CataCXium A,5,,18.0,25.472848892211914,14.208449363708496
reaction:4376,SPhos,3,,15.82,15.753997802734375,14.391900062561035
reaction:4378,XPhos,0,,17.56,16.087846755981445,13.507838249206543
reaction:4382,P(tBu)3,5,,13.11,22.329557418823242,15.996548652648926
reaction:4383,P(Ph)3,2,,17.1,21.565364837646484,15.720392227172852
reaction:4384,AmPhos,1,,15.47,14.312450408935547,15.319435119628906
reaction:4385,P(Cy)3,3,,16.8,22.995542526245117,14.978796005249023
reaction:4386,P(o-Tol)3,2,,15.12,14.77701187133789,14.500031471252441
reaction:4387,CataCXium A,7,,23.62,18.493066787719727,13.723870277404785
reaction:4388,SPhos,3,,15.91,20.511058807373047,14.49748706817627
reaction:4390,XPhos,5,,18.72,20.745054244995117,13.968243598937988
reaction:4394,P(tBu)3,6,,17.88,17.05254364013672,16.585695266723633
reaction:4395,P(Ph)3,0,,24.55,21.81779670715332,15.838399887084961
reaction:4396,AmPhos,7,,17.41,20.7065372467041,15.347808837890625
reaction:4397,P(Cy)3,5,,22.84,22.353242874145508,15.49265193939209
reaction:4398,P(o-Tol)3,7,,16.99,18.644563674926758,14.864380836486816
reaction:4399,CataCXium A,7,,27.27,24.39642333984375,15.120695114135742
reaction:4400,SPhos,6,,19.81,19.3341007232666,15.563691139221191
reaction:4402,XPhos,1,,23.55,18.123544692993164,14.826805114746094
reaction:4406,P(tBu)3,3,,18.18,14.776390075683594,15.055342674255371
reaction:4407,P(Ph)3,2,,25.49,22.554824829101562,16.020055770874023
reaction:4408,AmPhos,5,,20.49,18.229013442993164,15.806034088134766
reaction:4409,P(Cy)3,7,,25.25,24.056304931640625,15.668911933898926
reaction:4410,P(o-Tol)3,1,,20.02,19.3612117767334,14.735138893127441
reaction:4411,CataCXium A,6,,27.52,26.11618995666504,15.346115112304688
reaction:4412,SPhos,6,,23.94,19.492198944091797,15.103920936584473
reaction:4414,XPhos,3,,23.22,21.94934844970703,15.481849670410156
reaction:4418,P(tBu)3,2,,16.07,17.37158966064453,16.14240264892578
reaction:4419,P(Ph)3,1,,18.38,20.98776626586914,16.295637130737305
reaction:4420,AmPhos,6,,15.57,15.910896301269531,15.489476203918457
reaction:4421,P(Cy)3,2,,18.48,16.00469398498535,14.663007736206055
reaction:4422,P(o-Tol)3,6,,14.48,18.08839988708496,14.99990177154541
reaction:4423,CataCXium A,5,,18.58,21.556337356567383,14.809514045715332
reaction:4424,SPhos,5,,15.35,16.939809799194336,14.270195007324219
reaction:4426,XPhos,6,,19.2,12.916805267333984,14.217491149902344
reaction:4430,P(tBu)3,3,,15.72,20.123376846313477,14.98034381866455
reaction:4431,P(Ph)3,1,,22.66,19.150278091430664,15.953690528869629
reaction:4432,AmPhos,3,,15.3,16.308252334594727,14.955686569213867
reaction:4433,P(Cy)3,0,,18.47,18.545425415039062,14.556682586669922
reaction:4434,P(o-Tol)3,1,,15.05,15.958969116210938,14.412673950195312
reaction:4435,CataCXium A,1,,17.23,16.218923568725586,14.355006217956543
reaction:4436,SPhos,5,,17.26,23.458372116088867,13.73563289642334
reaction:4438,XPhos,4,,16.94,26.623422622680664,14.270072937011719
reaction:4442,P(tBu)3,7,,15.78,15.832901000976562,13.74734115600586
reaction:4443,P(Ph)3,5,,18.87,20.155075073242188,15.826240539550781
reaction:4444,AmPhos,2,,16.46,17.967988967895508,15.651236534118652
reaction:4445,P(Cy)3,7,,18.4,19.41663932800293,13.456822395324707
reaction:4446,P(o-Tol)3,2,,14.87,19.205156326293945,14.609720230102539
reaction:4447,CataCXium A,1,,21.69,17.549320220947266,13.907557487487793
reaction:4448,SPhos,7,,15.27,17.165128707885742,12.190048217773438
reaction:4450,XPhos,4,,17.07,15.821083068847656,13.775002479553223
reaction:4454,P(tBu)3,2,,16.44,18.389604568481445,15.633329391479492
reaction:4455,P(Ph)3,2,,18.56,19.725536346435547,15.243692398071289
reaction:4456,AmPhos,5,,14.0,15.944190979003906,14.747489929199219
reaction:4457,P(Cy)3,4,,20.05,15.467094421386719,13.951199531555176
reaction:4458,P(o-Tol)3,5,,16.21,17.411394119262695,14.350913047790527
reaction:4459,CataCXium A,5,,16.67,19.142807006835938,14.129283905029297
reaction:4460,SPhos,7,,16.39,15.710193634033203,12.25275993347168
reaction:4462,XPhos,0,,16.01,15.272205352783203,13.429865837097168
reaction:4466,P(tBu)3,1,,16.18,13.011489868164062,14.97892951965332
reaction:4467,P(Ph)3,1,,20.35,20.132549285888672,15.747693061828613
reaction:4468,AmPhos,2,,14.9,15.029960632324219,15.735879898071289
reaction:4469,P(Cy)3,6,,16.96,19.862594604492188,14.402846336364746
reaction:4470,P(o-Tol)3,4,,15.58,16.166189193725586,14.201560974121094
reaction:4471,CataCXium A,2,,18.97,17.32940101623535,13.708273887634277
reaction:4472,SPhos,1,,17.13,18.61341667175293,12.81262493133545
reaction:4474,XPhos,0,,17.21,20.89645004272461,13.397113800048828
reaction:4478,P(tBu)3,6,,17.97,17.718692779541016,15.370065689086914
reaction:4479,P(Ph)3,5,,18.63,19.205472946166992,15.95155143737793
reaction:4480,AmPhos,1,,17.25,17.42601203918457,15.292905807495117
reaction:4481,P(Cy)3,1,,15.67,18.122129440307617,14.868584632873535
reaction:4482,P(o-Tol)3,3,,20.33,18.730979919433594,13.588177680969238
reaction:4483,CataCXium A,4,,23.83,17.511436462402344,13.639497756958008
reaction:4484,SPhos,4,,20.55,10.503913879394531,13.564123153686523
reaction:4486,XPhos,4,,21.74,11.102825164794922,14.084940910339355
reaction:4490,P(tBu)3,4,,16.38,12.001815795898438,15.41162395477295
reaction:4491,P(Ph)3,6,,24.48,18.587108612060547,16.305212020874023
reaction:4492,AmPhos,1,,15.65,17.11145782470703,16.008955001831055
reaction:4493,P(Cy)3,1,,15.08,24.82353973388672,15.723578453063965
reaction:4494,P(o-Tol)3,0,,17.56,17.531038284301758,14.559603691101074
reaction:4495,CataCXium A,0,,17.63,20.003015518188477,14.578919410705566
reaction:4496,SPhos,2,,20.91,21.270780563354492,13.863424301147461
reaction:4498,XPhos,0,,20.83,23.50857925415039,14.462407112121582
reaction:4502,P(tBu)3,2,,16.59,17.86901092529297,15.971099853515625
reaction:4503,P(Ph)3,3,,18.58,22.575008392333984,16.021114349365234
reaction:4504,AmPhos,2,,18.45,18.688709259033203,16.083213806152344
reaction:4505,P(Cy)3,0,,19.87,18.420574188232422,14.776474952697754
reaction:4506,P(o-Tol)3,4,,24.19,18.185752868652344,14.724381446838379
reaction:4507,CataCXium A,5,,20.3,23.418012619018555,14.526347160339355
reaction:4508,SPhos,3,,19.59,19.883316040039062,13.558587074279785
reaction:4510,XPhos,1,,17.96,20.211933135986328,13.960062980651855
reaction:4514,P(tBu)3,7,,20.81,21.526382446289062,15.777863502502441
reaction:4515,P(Ph)3,3,,19.75,17.619142532348633,17.373659133911133
reaction:4516,AmPhos,5,,18.21,18.91326332092285,15.942902565002441
reaction:4517,P(Cy)3,5,,15.9,19.289154052734375,15.210081100463867
reaction:4518,P(o-Tol)3,3,,16.42,18.287681579589844,15.050158500671387
reaction:4519,CataCXium A,6,,24.69,20.403594970703125,14.8558988571167
reaction:4520,SPhos,6,,20.73,23.835975646972656,13.875311851501465
reaction:4522,XPhos,2,,22.67,28.295583724975586,14.85216236114502
reaction:4526,P(tBu)3,0,,24.93,22.033676147460938,15.190914154052734
reaction:4527,P(Ph)3,6,,18.72,24.749530792236328,16.60443115234375
reaction:4528,AmPhos,0,,18.15,18.97896385192871,14.88935375213623
reaction:4529,P(Cy)3,1,,19.91,20.20087432861328,14.769390106201172
reaction:4530,P(o-Tol)3,1,,18.3,21.26583480834961,14.812803268432617
reaction:4531,CataCXium A,6,,21.39,23.97603416442871,14.119635581970215
reaction:4532,SPhos,2,,49.99,40.70993423461914,13.319082260131836
reaction:4534,XPhos,5,,48.27,50.81034851074219,14.567975044250488
reaction:4538,P(tBu)3,3,,22.1,20.69268798828125,15.250493049621582
reaction:4539,P(Ph)3,7,,21.95,22.796798706054688,15.061487197875977
reaction:4540,AmPhos,7,,18.31,18.72928237915039,15.380892753601074
reaction:4541,P(Cy)3,6,,18.12,21.291933059692383,15.310160636901855
reaction:4542,P(o-Tol)3,7,,17.6,18.315711975097656,14.422932624816895
reaction:4543,CataCXium A,3,,22.0,20.76232147216797,13.058015823364258
reaction:4544,SPhos,4,,41.19,40.035255432128906,12.666946411132812
reaction:4546,XPhos,0,,47.01,45.019779205322266,13.843917846679688
reaction:4550,P(tBu)3,1,,21.35,21.933996200561523,15.54476547241211
reaction:4551,P(Ph)3,1,,17.63,23.60824966430664,16.04545783996582
reaction:4552,AmPhos,3,,15.26,18.39213752746582,15.202056884765625
reaction:4553,P(Cy)3,3,,16.98,21.214542388916016,15.267219543457031
reaction:4554,P(o-Tol)3,3,,15.16,20.997703552246094,14.435583114624023
reaction:4555,CataCXium A,5,,26.24,18.274654388427734,13.108383178710938
reaction:4556,SPhos,0,,41.97,47.389915466308594,13.17277717590332
reaction:4558,XPhos,1,,59.08,44.643218994140625,13.88122272491455
reaction:4562,P(tBu)3,2,,23.23,19.98309898376465,15.639215469360352
reaction:4563,P(Ph)3,6,,21.3,25.92286491394043,16.463943481445312
reaction:4564,AmPhos,5,,14.78,14.930927276611328,15.36568546295166
reaction:4565,P(Cy)3,2,,19.1,15.121395111083984,15.27277946472168
reaction:4566,P(o-Tol)3,7,,14.98,13.777603149414062,14.45227336883545
reaction:4567,CataCXium A,4,,7.73,21.911670684814453,13.429667472839355
reaction:4568,SPhos,5,,34.85,33.31884765625,13.308340072631836
reaction:4570,XPhos,3,,38.14,38.71097946166992,14.369702339172363
reaction:4574,P(tBu)3,5,,18.97,21.838621139526367,15.032296180725098
reaction:4575,P(Ph)3,3,,38.79,18.394865036010742,17.081146240234375
reaction:4576,AmPhos,6,,16.74,16.215988159179688,15.306370735168457
reaction:4577,P(Cy)3,6,,17.02,22.140451431274414,15.509160995483398
reaction:4578,P(o-Tol)3,1,,18.27,14.926578521728516,14.64037799835205
reaction:4579,CataCXium A,3,,20.16,18.137216567993164,13.30742359161377
reaction:4580,SPhos,3,,21.06,25.208576202392578,13.614970207214355
reaction:4582,XPhos,5,,23.15,30.61495590209961,14.295160293579102
reaction:4586,P(tBu)3,7,,21.12,28.267892837524414,16.183744430541992
reaction:4587,P(Ph)3,2,,22.31,22.081188201904297,17.102277755737305
reaction:4588,AmPhos,7,,16.35,21.82964324951172,16.291109085083008
reaction:4589,P(Cy)3,4,,19.72,20.349903106689453,15.106656074523926
reaction:4590,P(o-Tol)3,5,,17.77,19.667978286743164,14.90153980255127
reaction:4591,CataCXium A,1,,26.28,19.15850067138672,14.95811939239502
reaction:4592,SPhos,5,,19.93,27.66617202758789,14.56029987335205
reaction:4594,XPhos,0,,29.03,26.47663688659668,14.84976863861084
reaction:4598,P(tBu)3,2,,19.82,22.649580001831055,16.0301456451416
reaction:4599,P(Ph)3,3,,19.28,22.834848403930664,17.205223083496094
reaction:4600,AmPhos,6,,18.14,16.69643211364746,15.65945053100586
reaction:4601,P(Cy)3,2,,21.39,17.950153350830078,15.666380882263184
reaction:4602,P(o-Tol)3,7,,17.83,19.405744552612305,14.998198509216309
reaction:4603,CataCXium A,0,,20.89,22.586816787719727,13.620932579040527
reaction:4604,SPhos,4,,48.66,39.83697509765625,13.783003807067871
reaction:4606,XPhos,4,,43.45,44.538414001464844,14.270691871643066
