row_id,ligand,fold,reference_group,y_true,y_pred,y_std
reaction:1,P(tBu)3,5,,4.76,-1.1791114807128906,17.991788864135742
reaction:2,P(Ph)3,2,,4.12,1.9810333251953125,18.71196937561035
reaction:3,AmPhos,6,,2.58,7.484073638916016,18.39729881286621
reaction:4,P(Cy)3,2,,4.44,10.171398162841797,17.116281509399414
reaction:5,P(o-Tol)3,4,,1.95,7.645336151123047,18.066871643066406
reaction:6,CataCXium A,0,,3.25,10.828304290771484,16.372831344604492
reaction:7,SPhos,7,,86.26,75.39840698242188,17.690555572509766
reaction:9,XPhos,6,,93.67,92.41018676757812,17.637210845947266
reaction:13,P(tBu)3,5,,3.16,8.821441650390625,18.494243621826172
reaction:14,P(Ph)3,5,,4.75,6.636566162109375,18.849550247192383
reaction:15,AmPhos,2,,2.46,5.926136016845703,18.75322914123535
reaction:16,P(Cy)3,5,,5.27,7.490745544433594,17.612104415893555
reaction:17,P(o-Tol)3,6,,1.96,0.7917442321777344,18.82290267944336
reaction:18,CataCXium A,6,,3.35,3.9503631591796875,16.747943878173828
reaction:19,SPhos,2,,69.22,69.59342193603516,17.93069076538086
reaction:21,XPhos,1,,83.19,72.70901489257812,17.683269500732422
reaction:25,P(tBu)3,7,,1.79,0.7910003662109375,18.63841438293457
reaction:26,P(Ph)3,2,,4.36,0.30097198486328125,17.82126235961914
reaction:27,AmPhos,7,,2.71,4.113178253173828,18.482229232788086
reaction:28,P(Cy)3,6,,6.49,9.548194885253906,16.87483024597168
reaction:29,P(o-Tol)3,6,,2.1,6.230922698974609,18.97966766357422
reaction:30,CataCXium A,2,,3.32,4.509483337402344,16.945514678955078
reaction:31,SPhos,7,,68.44,67.870361328125,17.873931884765625
reaction:33,XPhos,5,,73.02,75.41680908203125,18.99781036376953
reaction:37,P(tBu)3,6,,3.0,4.003669738769531,18.909887313842773
reaction:38,P(Ph)3,4,,4.73,-1.0100898742675781,17.861595153808594
reaction:39,AmPhos,3,,2.58,-1.3335762023925781,18.5572452545166
reaction:40,P(Cy)3,4,,5.83,-6.134502410888672,17.160804748535156
reaction:41,P(o-Tol)3,1,,1.88,-0.8407669067382812,18.611980438232422
reaction:42,CataCXium A,4,,3.69,-2.7635841369628906,16.856294631958008
reaction:43,SPhos,5,,53.34,54.20766067504883,17.93720054626465
reaction:45,XPhos,4,,60.67,63.105499267578125,17.618146896362305
reaction:49,P(tBu)3,1,,5.6,5.38201904296875,18.27397918701172
reaction:50,P(Ph)3,2,,4.82,2.3821487426757812,19.08207893371582
reaction:51,AmPhos,0,,2.49,4.774150848388672,17.78403663635254
reaction:52,P(Cy)3,3,,6.46,11.325653076171875,17.385753631591797
reaction:53,P(o-Tol)3,2,,2.06,3.2065963745117188,17.706998825073242
reaction:54,CataCXium A,5,,3.22,9.918506622314453,16.6964168548584
reaction:55,SPhos,1,,78.42,72.5501937866211,17.57622528076172
reaction:57,XPhos,2,,92.22,88.79794311523438,17.961315155029297
reaction:61,P(tBu)3,7,,7.08,10.94476318359375,18.71949005126953
reaction:62,P(Ph)3,3,,5.45,5.840492248535156,18.39832305908203
reaction:63,AmPhos,5,,1.99,8.646514892578125,19.062341690063477
reaction:64,P(Cy)3,0,,6.08,11.73843002319336,17.229969024658203
reaction:65,P(o-Tol)3,6,,2.45,5.1465911865234375,18.800535202026367
reaction:66,CataCXium A,5,,3.57,4.80682373046875,17.13475227355957
reaction:67,SPhos,4,,85.77,75.6742935180664,17.06703758239746
reaction:69,XPhos,7,,92.83,82.08868408203125,18.372251510620117
reaction:73,P(tBu)3,0,,7.82,9.097030639648438,18.17165184020996
reaction:74,P(Ph)3,5,,6.14,4.138191223144531,18.239887237548828
reaction:75,AmPhos,2,,2.13,3.815326690673828,18.202560424804688
reaction:76,P(Cy)3,7,,5.05,15.887165069580078,17.292356491088867
reaction:77,P(o-Tol)3,6,,1.98,0.6647987365722656,18.8980712890625
reaction:78,CataCXium A,7,,4.47,14.441448211669922,17.327251434326172
reaction:79,SPhos,0,,78.96,77.50991821289062,17.42837142944336
reaction:81,XPhos,0,,90.3,85.68769836425781,17.72766876220703
reaction:85,P(tBu)3,2,,9.76,10.529373168945312,18.40835952758789
reaction:86,P(Ph)3,6,,4.15,4.901027679443359,18.378252029418945
reaction:87,AmPhos,1,,1.53,11.555828094482422,18.803844451904297
reaction:88,P(Cy)3,7,,5.8,7.627658843994141,17.109729766845703
reaction:89,P(o-Tol)3,3,,2.65,-0.9159736633300781,18.116029739379883
reaction:90,CataCXium A,7,,4.43,16.098867416381836,16.913665771484375
reaction:91,SPhos,2,,66.8,71.34944915771484,18.28986167907715
reaction:93,XPhos,5,,78.23,76.45733642578125,19.186201095581055
reaction:97,P(tBu)3,7,,33.79,55.63972854614258,18.602590560913086
reaction:98,P(Ph)3,3,,8.08,12.432735443115234,18.109771728515625
reaction:99,AmPhos,7,,61.2,48.34597396850586,18.636476516723633
reaction:100,P(Cy)3,1,,69.94,63.874298095703125,17.009267807006836
reaction:101,P(o-Tol)3,2,,7.2,14.800399780273438,17.994306564331055
reaction:102,CataCXium A,3,,79.47,62.75459289550781,16.884153366088867
reaction:103,SPhos,2,,87.06,93.24794006347656,17.654935836791992
reaction:105,XPhos,4,,88.97,89.74504089355469,17.407835006713867
reaction:109,P(tBu)3,4,,66.74,57.23294448852539,17.97586441040039
reaction:110,P(Ph)3,1,,8.11,15.236564636230469,18.694971084594727
reaction:111,AmPhos,5,,57.48,44.75127029418945,19.392305374145508
reaction:112,P(Cy)3,1,,61.89,65.328369140625,17.478656768798828
reaction:113,P(o-Tol)3,0,,2.23,7.801750183105469,17.96225357055664
reaction:114,CataCXium A,0,,70.45,63.1055793762207,17.07537269592285
reaction:115,SPhos,4,,79.85,67.36502075195312,17.113140106201172
reaction:117,XPhos,1,,80.77,64.02173614501953,18.089088439941406
reaction:121,P(tBu)3,5,,39.17,43.58925247192383,19.050912857055664
reaction:122,P(Ph)3,1,,7.24,8.84865951538086,18.70790672302246
reaction:123,AmPhos,2,,44.98,47.466732025146484,18.10566520690918
reaction:124,P(Cy)3,4,,50.95,69.76298522949219,17.023704528808594
reaction:125,P(o-Tol)3,3,,2.23,1.8373908996582031,17.90496826171875
reaction:126,CataCXium A,7,,61.29,58.18476104736328,16.934322357177734
reaction:127,SPhos,7,,60.83,62.57206344604492,17.547019958496094
reaction:129,XPhos,4,,53.52,67.60467529296875,17.343172073364258
reaction:133,P(tBu)3,2,,41.23,44.54319763183594,18.997562408447266
reaction:134,P(Ph)3,5,,6.66,7.1575469970703125,18.09988021850586
reaction:135,AmPhos,3,,33.02,41.758522033691406,18.34734535217285
reaction:136,P(Cy)3,1,,50.06,53.11191940307617,17.46514892578125
reaction:137,P(o-Tol)3,6,,2.68,-2.8123321533203125,18.338369369506836
reaction:138,CataCXium A,4,,55.85,58.11199951171875,17.085290908813477
reaction:139,SPhos,0,,47.94,55.95379638671875,18.036691665649414
reaction:141,XPhos,1,,52.33,53.98957824707031,18.290605545043945
reaction:145,P(tBu)3,4,,48.56,48.3276252746582,18.325435638427734
reaction:146,P(Ph)3,6,,7.77,8.328556060791016,18.264503479003906
reaction:147,AmPhos,5,,42.73,41.44784164428711,18.49432945251465
reaction:148,P(Cy)3,7,,55.08,57.32291030883789,17.411710739135742
reaction:149,P(o-Tol)3,3,,3.03,2.9343605041503906,17.954639434814453
reaction:150,CataCXium A,7,,62.33,58.467498779296875,17.12212371826172
reaction:151,SPhos,7,,73.31,68.03257751464844,17.799274444580078
reaction:153,XPhos,1,,72.0,79.9573974609375,18.56637191772461
reaction:157,P(tBu)3,5,,66.16,50.73810577392578,19.05208969116211
reaction:158,P(Ph)3,1,,9.92,16.08803939819336,18.651575088500977
reaction:159,AmPhos,6,,58.51,45.34215545654297,18.143314361572266
reaction:160,P(Cy)3,3,,78.15,49.702144622802734,17.16954231262207
reaction:161,P(o-Tol)3,6,,5.12,9.497299194335938,18.242490768432617
reaction:162,CataCXium A,4,,62.02,64.76360321044922,16.79901695251465
reaction:163,SPhos,6,,85.95,86.28923034667969,17.87638282775879
reaction:165,XPhos,0,,85.21,80.34060668945312,17.881271362304688
reaction:169,P(tBu)3,2,,68.72,57.53306198120117,18.500383377075195
reaction:170,P(Ph)3,4,,10.16,20.86465072631836,18.517396926879883
reaction:171,AmPhos,1,,48.8,47.7193717956543,17.664875030517578
reaction:172,P(Cy)3,6,,82.65,61.87319564819336,17.297054290771484
reaction:173,P(o-Tol)3,0,,5.97,11.935993194580078,17.73369598388672
reaction:174,CataCXium A,7,,80.74,71.78861236572266,17.154035568237305
reaction:175,SPhos,4,,87.82,88.68939971923828,17.45146369934082
reaction:177,XPhos,6,,88.93,90.85517883300781,17.842334747314453
reaction:181,P(tBu)3,3,,67.57,60.13288497924805,18.227075576782227
reaction:182,P(Ph)3,4,,9.44,20.114870071411133,18.49575424194336
reaction:183,AmPhos,5,,64.56,55.201805114746094,18.94235610961914
reaction:184,P(Cy)3,2,,73.97,71.65818786621094,17.622053146362305
reaction:185,P(o-Tol)3,7,,4.81,14.16830825805664,18.07571029663086
reaction:186,CataCXium A,2,,83.62,80.74256896972656,17.325218200683594
reaction:187,SPhos,1,,89.17,85.27812194824219,16.86002540588379
reaction:189,XPhos,2,,91.35,83.91831970214844,18.930217742919922
reaction:193,P(tBu)3,3,,17.33,19.23749542236328,18.672643661499023
reaction:194,P(Ph)3,2,,6.27,1.6688079833984375,18.63165283203125
reaction:195,AmPhos,5,,5.34,14.159412384033203,18.09678077697754
reaction:196,P(Cy)3,4,,12.74,18.925317764282227,17.393199920654297
reaction:197,P(o-Tol)3,0,,5.37,3.86444091796875,18.081829071044922
reaction:198,CataCXium A,4,,8.6,13.590900421142578,16.833223342895508
reaction:199,SPhos,5,,77.85,79.41302490234375,17.775087356567383
reaction:201,XPhos,2,,88.28,70.42295837402344,18.51380157470703
reaction:205,P(tBu)3,7,,3.5,5.505683898925781,18.654279708862305
reaction:206,P(Ph)3,7,,6.84,10.096080780029297,18.42593765258789
reaction:207,AmPhos,7,,2.54,1.6203842163085938,18.47836685180664
reaction:208,P(Cy)3,4,,10.59,13.863967895507812,17.40760040283203
reaction:209,P(o-Tol)3,4,,1.19,-5.937206268310547,18.05246925354004
reaction:210,CataCXium A,0,,7.85,6.723461151123047,17.028499603271484
reaction:211,SPhos,0,,42.13,59.13735580444336,17.871299743652344
reaction:213,XPhos,0,,37.01,65.21710968017578,18.62345314025879
reaction:217,P(tBu)3,7,,1.22,-0.10686874389648438,18.44515037536621
reaction:218,P(Ph)3,0,,6.24,12.004253387451172,18.368989944458008
reaction:219,AmPhos,3,,4.25,5.028896331787109,18.79945945739746
reaction:220,P(Cy)3,3,,42.54,15.470783233642578,17.205244064331055
reaction:221,P(o-Tol)3,7,,1.05,6.677494049072266,18.499164581298828
reaction:222,CataCXium A,3,,12.89,18.00718879699707,17.048051834106445
reaction:223,SPhos,7,,63.88,66.88411712646484,17.46377182006836
reaction:225,XPhos,5,,60.88,63.49253463745117,18.948816299438477
reaction:229,P(tBu)3,5,,3.69,11.164382934570312,18.77168846130371
reaction:230,P(Ph)3,5,,5.3,5.187038421630859,18.106534957885742
reaction:231,AmPhos,3,,5.08,4.627750396728516,19.46642303466797
reaction:232,P(Cy)3,3,,6.97,4.398555755615234,17.00546646118164
reaction:233,P(o-Tol)3,1,,0.99,3.1196556091308594,18.798133850097656
reaction:234,CataCXium A,5,,11.91,8.236209869384766,16.838539123535156
reaction:235,SPhos,1,,39.83,44.32651138305664,17.409008026123047
reaction:237,XPhos,6,,39.49,44.711612701416016,18.158546447753906
reaction:241,P(tBu)3,0,,13.55,6.2965087890625,18.747949600219727
reaction:242,P(Ph)3,2,,4.36,3.5127105712890625,18.74188804626465
reaction:243,AmPhos,3,,3.3,6.709102630615234,19.30718231201172
reaction:244,P(Cy)3,3,,7.47,20.008352279663086,17.366134643554688
reaction:245,P(o-Tol)3,7,,3.54,3.131122589111328,18.24390983581543
reaction:246,CataCXium A,1,,10.67,10.757820129394531,17.003021240234375
reaction:247,SPhos,7,,62.77,58.59352111816406,17.420085906982422
reaction:249,XPhos,0,,79.14,58.964820861816406,18.111299514770508
reaction:253,P(tBu)3,0,,23.07,17.005155563354492,18.15229034423828
reaction:254,P(Ph)3,7,,7.07,5.273723602294922,18.252302169799805
reaction:255,AmPhos,4,,4.12,9.36660385131836,18.55636215209961
reaction:256,P(Cy)3,0,,6.71,17.549007415771484,17.298160552978516
reaction:257,P(o-Tol)3,0,,2.67,-0.26866912841796875,18.148584365844727
reaction:258,CataCXium A,1,,6.27,10.080734252929688,16.926193237304688
reaction:259,SPhos,6,,71.54,55.831451416015625,17.611392974853516
reaction:261,XPhos,3,,61.47,53.200157165527344,17.607532501220703
reaction:265,P(tBu)3,0,,17.9,17.994556427001953,18.633291244506836
reaction:266,P(Ph)3,4,,4.61,7.181110382080078,18.14592933654785
reaction:267,AmPhos,3,,4.6,4.462116241455078,18.121912002563477
reaction:268,P(Cy)3,7,,7.56,16.571470260620117,16.95592498779297
reaction:269,P(o-Tol)3,5,,2.56,1.6101455688476562,18.552122116088867
reaction:270,CataCXium A,3,,6.26,17.98432731628418,16.392871856689453
reaction:271,SPhos,4,,72.84,51.7785530090332,17.359777450561523
reaction:273,XPhos,2,,67.48,62.53688049316406,18.670875549316406
reaction:277,P(tBu)3,1,,19.08,19.411401748657227,17.904277801513672
reaction:278,P(Ph)3,6,,4.88,1.090789794921875,18.035024642944336
reaction:279,AmPhos,4,,5.43,10.445697784423828,18.528400421142578
reaction:280,P(Cy)3,4,,7.06,12.250438690185547,17.412378311157227
reaction:281,P(o-Tol)3,3,,1.22,0.7513923645019531,18.24494743347168
reaction:282,CataCXium A,5,,8.89,14.10439682006836,17.04986000061035
reaction:283,SPhos,2,,49.12,50.57111358642578,18.31150245666504
reaction:285,XPhos,0,,43.52,59.697181701660156,18.904438018798828
reaction:289,P(tBu)3,0,,33.37,21.917734146118164,19.063385009765625
reaction:290,P(Ph)3,0,,15.35,18.859786987304688,17.559242248535156
reaction:291,AmPhos,7,,30.96,21.49648094177246,18.534812927246094
reaction:292,P(Cy)3,7,,32.72,26.596799850463867,17.066831588745117
reaction:293,P(o-Tol)3,0,,34.24,13.281524658203125,17.496971130371094
reaction:294,CataCXium A,2,,14.91,33.80064010620117,16.95155143737793
reaction:295,SPhos,5,,43.3,44.7142448425293,17.801761627197266
reaction:297,XPhos,3,,37.65,56.784305572509766,17.68082618713379
reaction:301,P(tBu)3,1,,27.3,24.953502655029297,18.080841064453125
reaction:302,P(Ph)3,1,,37.47,16.702795028686523,18.608123779296875
reaction:303,AmPhos,3,,13.08,24.03566551208496,18.1380615234375
reaction:304,P(Cy)3,2,,27.89,28.345857620239258,17.155839920043945
reaction:305,P(o-Tol)3,5,,14.4,21.17683219909668,17.981775283813477
reaction:306,CataCXium A,0,,25.15,17.160385131835938,16.924579620361328
reaction:307,SPhos,5,,16.51,25.278017044067383,17.970125198364258
reaction:309,XPhos,2,,30.98,31.133766174316406,18.377094268798828
reaction:313,P(tBu)3,3,,28.45,25.352005004882812,18.7864990234375
reaction:314,P(Ph)3,1,,13.64,17.75000762939453,18.99238395690918
reaction:315,AmPhos,3,,31.82,22.812984466552734,18.443849563598633
reaction:316,P(Cy)3,6,,30.94,31.40375518798828,16.994644165039062
reaction:317,P(o-Tol)3,7,,31.98,16.966047286987305,18.2053279876709
reaction:318,CataCXium A,2,,28.13,28.771787643432617,16.80655288696289
reaction:319,SPhos,2,,18.42,16.988113403320312,17.941627502441406
reaction:321,XPhos,5,,35.0,15.001091003417969,19.30747413635254
reaction:325,P(tBu)3,7,,26.85,17.426128387451172,18.27058219909668
reaction:326,P(Ph)3,3,,15.5,22.86337661743164,17.64984703063965
reaction:327,AmPhos,2,,12.57,16.612689971923828,19.09857177734375
reaction:328,P(Cy)3,7,,14.4,24.028358459472656,17.481639862060547
reaction:329,P(o-Tol)3,1,,13.04,18.45716667175293,19.292266845703125
reaction:330,CataCXium A,7,,15.23,20.078784942626953,16.93205451965332
reaction:331,SPhos,2,,22.25,21.983396530151367,17.628673553466797
reaction:333,XPhos,1,,22.24,31.55401039123535,17.855480194091797
reaction:337,P(tBu)3,0,,14.91,22.84918212890625,18.862022399902344
reaction:338,P(Ph)3,4,,18.37,19.87386131286621,18.667877197265625
reaction:339,AmPhos,6,,22.52,18.09934425354004,18.425567626953125
reaction:340,P(Cy)3,4,,39.31,20.41898536682129,17.030963897705078
reaction:341,P(o-Tol)3,1,,18.24,19.768146514892578,19.111347198486328
reaction:342,CataCXium A,0,,30.77,23.981021881103516,16.630414962768555
reaction:343,SPhos,0,,19.02,39.65201187133789,17.376718521118164
reaction:345,XPhos,6,,40.25,52.58311080932617,17.773845672607422
reaction:349,P(tBu)3,6,,12.85,24.93964385986328,18.218149185180664
reaction:350,P(Ph)3,7,,22.93,16.01803207397461,18.249658584594727
reaction:351,AmPhos,5,,12.79,19.594175338745117,19.53757667541504
reaction:352,P(Cy)3,5,,13.31,24.163835525512695,17.74603271484375
reaction:353,P(o-Tol)3,1,,11.64,14.172374725341797,18.6903076171875
reaction:354,CataCXium A,2,,13.56,16.669553756713867,16.701271057128906
reaction:355,SPhos,6,,16.83,44.54928207397461,17.777732849121094
reaction:357,XPhos,6,,27.33,59.53978729248047,18.21538734436035
reaction:361,P(tBu)3,2,,12.62,19.76790428161621,18.528841018676758
reaction:362,P(Ph)3,4,,17.43,24.83198356628418,18.533174514770508
reaction:363,AmPhos,4,,13.35,18.835071563720703,17.844045639038086
reaction:364,P(Cy)3,5,,27.89,29.002758026123047,17.639066696166992
reaction:365,P(o-Tol)3,5,,14.65,18.385583877563477,18.032318115234375
reaction:366,CataCXium A,3,,31.02,24.589521408081055,16.095970153808594
reaction:367,SPhos,4,,18.02,21.96607208251953,17.191804885864258
reaction:369,XPhos,5,,32.86,24.157182693481445,18.46573829650879
reaction:373,P(tBu)3,0,,13.88,20.856189727783203,19.334251403808594
reaction:374,P(Ph)3,0,,14.7,11.055908203125,18.316308975219727
reaction:375,AmPhos,0,,32.25,21.211782455444336,18.54526710510254
reaction:376,P(Cy)3,5,,17.65,24.924236297607422,17.649248123168945
reaction:377,P(o-Tol)3,1,,16.99,17.51343536376953,19.020864486694336
reaction:378,CataCXium A,3,,41.59,23.055992126464844,16.585996627807617
reaction:379,SPhos,0,,21.47,16.138965606689453,18.10464096069336
reaction:381,XPhos,5,,37.87,16.145092010498047,19.50118637084961
reaction:385,P(tBu)3,6,,79.31,91.61512756347656,18.411752700805664
reaction:386,P(Ph)3,0,,85.43,85.88395690917969,17.663986206054688
reaction:387,AmPhos,1,,86.82,91.77874755859375,18.773086547851562
reaction:388,P(Cy)3,3,,75.98,85.0648193359375,16.84122085571289
reaction:389,P(o-Tol)3,2,,41.8,44.04085922241211,17.7867431640625
reaction:390,CataCXium A,0,,96.38,99.81466674804688,16.845626831054688
reaction:391,SPhos,1,,92.63,78.3413314819336,17.248672485351562
reaction:393,XPhos,1,,90.21,65.83331298828125,17.790271759033203
reaction:397,P(tBu)3,1,,93.3,85.40415954589844,19.173608779907227
reaction:398,P(Ph)3,3,,90.89,82.28829956054688,17.106101989746094
reaction:399,AmPhos,3,,93.44,85.48997497558594,17.794845581054688
reaction:400,P(Cy)3,0,,86.13,81.12252044677734,16.997283935546875
reaction:401,P(o-Tol)3,1,,28.22,44.945411682128906,18.172510147094727
reaction:402,CataCXium A,0,,93.94,88.77770233154297,17.257875442504883
reaction:403,SPhos,0,,71.11,69.56652069091797,17.475515365600586
reaction:405,XPhos,7,,56.96,60.52678680419922,18.190702438354492
reaction:409,P(tBu)3,2,,76.51,55.01393508911133,18.656925201416016
reaction:410,P(Ph)3,6,,68.5,75.43801879882812,18.178367614746094
reaction:411,AmPhos,0,,83.6,80.6802978515625,18.046798706054688
reaction:412,P(Cy)3,0,,71.0,67.58711242675781,16.940540313720703
reaction:413,P(o-Tol)3,7,,39.98,35.90068817138672,18.147035598754883
reaction:414,CataCXium A,5,,84.02,83.01078796386719,16.994571685791016
reaction:415,SPhos,3,,46.81,67.41193389892578,17.888395309448242
reaction:417,XPhos,6,,46.08,46.964027404785156,19.382850646972656
reaction:421,P(tBu)3,6,,67.14,75.70372009277344,18.936674118041992
reaction:422,P(Ph)3,7,,62.56,70.84830474853516,17.611114501953125
reaction:423,AmPhos,1,,77.71,77.77350616455078,18.990032196044922
reaction:424,P(Cy)3,6,,48.17,55.942142486572266,16.9757022857666
reaction:425,P(o-Tol)3,2,,30.4,22.89927101135254,17.8703556060791
reaction:426,CataCXium A,5,,82.69,71.6122817993164,17.077943801879883
reaction:427,SPhos,6,,36.08,53.68036651611328,18.26079559326172
reaction:429,XPhos,4,,34.03,56.43134307861328,17.773637771606445
reaction:433,P(tBu)3,3,,78.75,78.43365478515625,17.996305465698242
reaction:434,P(Ph)3,1,,76.72,78.81770324707031,18.24346923828125
reaction:435,AmPhos,5,,87.47,87.22419738769531,18.243886947631836
reaction:436,P(Cy)3,4,,63.2,75.39407348632812,17.254793167114258
reaction:437,P(o-Tol)3,7,,40.06,36.52418899536133,18.197683334350586
reaction:438,CataCXium A,2,,95.57,90.44468688964844,16.69306182861328
reaction:439,SPhos,3,,71.71,78.5613021850586,18.146562576293945
reaction:441,XPhos,7,,74.15,66.53617858886719,18.07473373413086
reaction:445,P(tBu)3,0,,90.99,98.40998077392578,18.22480583190918
reaction:446,P(Ph)3,3,,96.76,81.18634033203125,17.632043838500977
reaction:447,AmPhos,2,,91.93,90.15674591064453,18.300920486450195
reaction:448,P(Cy)3,6,,87.49,89.03260040283203,17.217058181762695
reaction:449,P(o-Tol)3,7,,34.73,48.3966064453125,17.894277572631836
reaction:450,CataCXium A,4,,95.88,96.62464141845703,16.48059844970703
reaction:451,SPhos,4,,92.53,77.28678894042969,17.273983001708984
reaction:453,XPhos,6,,75.54,63.10566711425781,18.289445877075195
reaction:457,P(tBu)3,7,,91.95,92.61739349365234,17.921403884887695
reaction:458,P(Ph)3,4,,88.9,79.2385025024414,17.758956909179688
reaction:459,AmPhos,4,,91.32,89.72244262695312,17.97947883605957
reaction:460,P(Cy)3,7,,90.6,73.9944839477539,16.89052963256836
reaction:461,P(o-Tol)3,0,,25.72,39.516700744628906,18.40484046936035
reaction:462,CataCXium A,5,,96.05,94.70364379882812,17.255966186523438
reaction:463,SPhos,7,,81.16,65.17191314697266,17.33196258544922
reaction:465,XPhos,6,,64.3,60.11167907714844,18.47982406616211
reaction:469,P(tBu)3,6,,91.09,93.55104064941406,18.670738220214844
reaction:470,P(Ph)3,5,,83.34,78.8828353881836,18.360633850097656
reaction:471,AmPhos,3,,90.34,86.02261352539062,17.933807373046875
reaction:472,P(Cy)3,6,,67.73,67.78150177001953,16.652673721313477
reaction:473,P(o-Tol)3,0,,21.43,37.22320556640625,18.855361938476562
reaction:474,CataCXium A,0,,91.81,85.04895782470703,16.953569412231445
reaction:475,SPhos,2,,61.6,53.46059799194336,17.968971252441406
reaction:477,XPhos,3,,42.69,50.582008361816406,17.515228271484375
reaction:481,P(tBu)3,1,,87.82,82.84188842773438,18.417543411254883
reaction:482,P(Ph)3,4,,90.21,89.98054504394531,18.008989334106445
reaction:483,AmPhos,2,,86.25,88.16019439697266,19.46416473388672
reaction:484,P(Cy)3,2,,78.26,71.39936828613281,17.43291473388672
reaction:485,P(o-Tol)3,1,,70.18,53.64909362792969,19.00166893005371
reaction:486,CataCXium A,3,,96.57,98.13585662841797,16.779865264892578
reaction:487,SPhos,2,,72.44,78.22830963134766,17.49989891052246
reaction:489,XPhos,4,,71.64,60.58689880371094,17.862184524536133
reaction:493,P(tBu)3,2,,93.99,84.63538360595703,18.65022850036621
reaction:494,P(Ph)3,6,,95.93,93.68826293945312,18.44643211364746
reaction:495,AmPhos,1,,91.69,77.47230529785156,18.58609390258789
reaction:496,P(Cy)3,4,,74.19,71.84107971191406,16.91893196105957
reaction:497,P(o-Tol)3,3,,56.2,57.3818473815918,17.619600296020508
reaction:498,CataCXium A,3,,96.89,93.59728240966797,16.624975204467773
reaction:499,SPhos,1,,67.2,59.32310485839844,18.262094497680664
reaction:501,XPhos,1,,48.37,45.16926574707031,18.831384658813477
reaction:505,P(tBu)3,2,,72.82,58.93532943725586,19.044065475463867
reaction:506,P(Ph)3,6,,75.08,78.29314422607422,18.722373962402344
reaction:507,AmPhos,2,,74.79,81.15178680419922,19.125703811645508
reaction:508,P(Cy)3,6,,55.51,59.68437194824219,17.150964736938477
reaction:509,P(o-Tol)3,2,,51.71,47.40814971923828,18.410999298095703
reaction:510,CataCXium A,2,,75.62,86.05780029296875,17.127748489379883
reaction:511,SPhos,1,,32.56,37.720855712890625,18.018142700195312
reaction:513,XPhos,2,,19.33,36.8714599609375,18.410654067993164
reaction:517,P(tBu)3,3,,60.2,71.09918975830078,18.330520629882812
reaction:518,P(Ph)3,1,,70.78,74.76778411865234,18.781150817871094
reaction:519,AmPhos,7,,70.16,76.75176239013672,18.080595016479492
reaction:520,P(Cy)3,4,,34.61,49.56950378417969,17.135705947875977
reaction:521,P(o-Tol)3,2,,34.54,42.14995193481445,18.121349334716797
reaction:522,CataCXium A,0,,79.66,81.4598388671875,16.65290069580078
reaction:523,SPhos,4,,34.88,40.02082061767578,17.588571548461914
reaction:525,XPhos,4,,24.48,42.91610336303711,17.84134864807129
reaction:529,P(tBu)3,2,,66.68,77.31901550292969,18.63860321044922
reaction:530,P(Ph)3,3,,73.8,80.02281188964844,17.205955505371094
reaction:531,AmPhos,2,,75.63,79.55098724365234,19.56644058227539
reaction:532,P(Cy)3,5,,44.1,59.44193649291992,17.27596092224121
reaction:533,P(o-Tol)3,2,,52.45,49.9814453125,18.171846389770508
reaction:534,CataCXium A,1,,87.88,78.84394073486328,17.15958595275879
reaction:535,SPhos,1,,51.15,59.25202941894531,18.599824905395508
reaction:537,XPhos,1,,50.12,50.728721618652344,19.557077407836914
reaction:541,P(tBu)3,0,,92.77,95.10987854003906,18.040266036987305
reaction:542,P(Ph)3,5,,87.78,92.51759338378906,18.428691864013672
reaction:543,AmPhos,3,,89.22,84.17471313476562,17.9129695892334
reaction:544,P(Cy)3,5,,73.6,77.66102600097656,17.493833541870117
reaction:545,P(o-Tol)3,1,,73.33,48.84074020385742,18.79100799560547
reaction:546,CataCXium A,1,,97.29,90.56880187988281,16.88134765625
reaction:547,SPhos,5,,68.32,70.90431213378906,17.564285278320312
reaction:549,XPhos,2,,45.58,61.4704475402832,17.889326095581055
reaction:553,P(tBu)3,0,,94.67,89.84671020507812,18.14228630065918
reaction:554,P(Ph)3,6,,94.88,90.15010070800781,18.30179214477539
reaction:555,AmPhos,2,,91.88,86.76799011230469,19.755632400512695
reaction:556,P(Cy)3,1,,80.43,72.53753662109375,17.044885635375977
reaction:557,P(o-Tol)3,7,,41.28,60.043853759765625,18.27231216430664
reaction:558,CataCXium A,6,,97.83,101.7196273803711,16.967506408691406
reaction:559,SPhos,0,,70.45,66.55731201171875,16.815589904785156
reaction:561,XPhos,1,,60.95,57.17061233520508,18.035091400146484
reaction:565,P(tBu)3,1,,92.98,87.7193603515625,18.42366600036621
reaction:566,P(Ph)3,2,,95.48,94.57731628417969,17.996726989746094
reaction:567,AmPhos,4,,92.22,91.29246520996094,18.164173126220703
reaction:568,P(Cy)3,4,,81.47,69.04130554199219,17.215145111083984
reaction:569,P(o-Tol)3,1,,65.14,49.92470169067383,19.086002349853516
reaction:570,CataCXium A,0,,97.86,99.10195922851562,16.99188804626465
reaction:571,SPhos,4,,61.39,59.34967803955078,17.536664962768555
reaction:573,XPhos,0,,63.04,43.03468322753906,18.230804443359375
reaction:577,P(tBu)3,1,,72.57,64.84938049316406,18.320884704589844
reaction:578,P(Ph)3,0,,75.94,79.39524841308594,17.849536895751953
reaction:579,AmPhos,4,,66.37,60.29583740234375,18.400114059448242
reaction:580,P(Cy)3,7,,55.56,60.325469970703125,16.481178283691406
reaction:581,P(o-Tol)3,0,,17.1,31.83853530883789,18.485855102539062
reaction:582,CataCXium A,5,,81.09,68.48397827148438,17.296430587768555
reaction:583,SPhos,0,,59.55,59.050086975097656,17.468629837036133
reaction:585,XPhos,6,,26.44,52.359432220458984,17.886320114135742
reaction:589,P(tBu)3,1,,13.2,43.5838737487793,18.95687484741211
reaction:590,P(Ph)3,4,,84.39,73.32109069824219,17.152231216430664
reaction:591,AmPhos,7,,29.98,52.28396987915039,19.111291885375977
reaction:592,P(Cy)3,6,,37.34,49.48469543457031,16.844072341918945
reaction:593,P(o-Tol)3,3,,11.56,12.398872375488281,17.61229705810547
reaction:594,CataCXium A,0,,50.79,55.85407638549805,17.341550827026367
reaction:595,SPhos,1,,27.28,32.832298278808594,18.18161964416504
reaction:597,XPhos,6,,10.88,25.871122360229492,19.109464645385742
reaction:601,P(tBu)3,0,,9.48,43.79814529418945,18.503549575805664
reaction:602,P(Ph)3,7,,84.61,71.64466857910156,18.307817459106445
reaction:603,AmPhos,2,,57.94,53.26057434082031,18.21634864807129
reaction:604,P(Cy)3,5,,57.56,52.95884704589844,17.593021392822266
reaction:605,P(o-Tol)3,6,,14.51,32.1368293762207,18.177560806274414
reaction:606,CataCXium A,2,,80.36,70.81317138671875,17.01036262512207
reaction:607,SPhos,1,,62.26,41.4381103515625,17.81407928466797
reaction:609,XPhos,7,,44.81,24.234027862548828,17.635297775268555
reaction:613,P(tBu)3,1,,50.79,46.69739532470703,18.604202270507812
reaction:614,P(Ph)3,7,,72.94,67.47909545898438,17.685325622558594
reaction:615,AmPhos,5,,56.65,51.99341583251953,18.34589958190918
reaction:616,P(Cy)3,1,,29.96,33.93146896362305,17.447237014770508
reaction:617,P(o-Tol)3,3,,16.2,16.86524200439453,17.664047241210938
reaction:618,CataCXium A,3,,65.71,64.57989501953125,16.611112594604492
reaction:619,SPhos,7,,22.24,32.34443283081055,16.974830627441406
reaction:621,XPhos,5,,29.35,13.270973205566406,18.85611915588379
reaction:625,P(tBu)3,6,,49.15,50.62348175048828,17.84911346435547
reaction:626,P(Ph)3,5,,80.18,73.38792419433594,18.299531936645508
reaction:627,AmPhos,7,,67.22,60.835182189941406,18.630786895751953
reaction:628,P(Cy)3,0,,60.71,51.65574264526367,17.13039779663086
reaction:629,P(o-Tol)3,0,,20.57,28.837352752685547,18.27434730529785
reaction:630,CataCXium A,1,,84.99,70.41507720947266,17.13024139404297
reaction:631,SPhos,3,,62.66,48.10591506958008,17.987783432006836
reaction:633,XPhos,5,,30.55,40.36576843261719,19.308374404907227
reaction:637,P(tBu)3,4,,82.07,65.87899780273438,18.370458602905273
reaction:638,P(Ph)3,4,,81.23,79.96096801757812,18.150714874267578
reaction:639,AmPhos,7,,59.02,64.33885955810547,18.780550003051758
reaction:640,P(Cy)3,0,,64.13,58.243736267089844,16.98650550842285
reaction:641,P(o-Tol)3,2,,16.87,28.437286376953125,18.105939865112305
reaction:642,CataCXium A,2,,77.38,76.77365112304688,16.48322296142578
reaction:643,SPhos,0,,48.5,49.36810302734375,17.175033569335938
reaction:645,XPhos,4,,18.95,28.056291580200195,17.877716064453125
reaction:649,P(tBu)3,2,,66.97,65.74681091308594,19.195032119750977
reaction:650,P(Ph)3,2,,69.58,75.06376647949219,17.844627380371094
reaction:651,AmPhos,1,,50.06,60.371856689453125,18.138885498046875
reaction:652,P(Cy)3,5,,38.25,52.28459548950195,17.51431655883789
reaction:653,P(o-Tol)3,1,,23.23,8.654560089111328,17.65475845336914
reaction:654,CataCXium A,3,,65.03,68.18708038330078,16.50365447998047
reaction:655,SPhos,5,,22.76,40.67301940917969,17.496408462524414
reaction:657,XPhos,7,,22.27,18.748931884765625,17.676218032836914
reaction:661,P(tBu)3,5,,68.5,59.24319839477539,18.656877517700195
reaction:662,P(Ph)3,1,,72.85,69.06280517578125,18.396831512451172
reaction:663,AmPhos,1,,57.54,54.972389221191406,18.760652542114258
reaction:664,P(Cy)3,4,,28.7,39.83504104614258,17.237255096435547
reaction:665,P(o-Tol)3,4,,17.91,12.254966735839844,17.75182342529297
reaction:666,CataCXium A,1,,62.32,58.70248031616211,16.98336410522461
reaction:667,SPhos,0,,20.77,27.604875564575195,17.825359344482422
reaction:669,XPhos,4,,15.1,11.12200927734375,17.98896026611328
reaction:673,P(tBu)3,4,,85.05,82.56149291992188,17.891345977783203
reaction:674,P(Ph)3,6,,92.8,91.97784423828125,17.706729888916016
reaction:675,AmPhos,1,,77.34,81.17335510253906,18.70672035217285
reaction:676,P(Cy)3,5,,91.24,85.8326416015625,17.3592529296875
reaction:677,P(o-Tol)3,2,,87.0,83.94193267822266,18.299413681030273
reaction:678,CataCXium A,0,,91.58,93.39273071289062,16.77129554748535
reaction:679,SPhos,4,,92.88,93.12503814697266,17.378137588500977
reaction:681,XPhos,4,,91.27,81.1661148071289,18.325565338134766
reaction:685,P(tBu)3,1,,77.88,80.72760772705078,19.38291358947754
reaction:686,P(Ph)3,0,,92.6,96.72552490234375,18.57146453857422
reaction:687,AmPhos,1,,81.73,71.05834197998047,19.024457931518555
reaction:688,P(Cy)3,4,,92.24,83.60493469238281,16.92594337463379
reaction:689,P(o-Tol)3,2,,93.79,82.35901641845703,18.20571517944336
reaction:690,CataCXium A,6,,86.98,94.47148895263672,16.5730037689209
reaction:691,SPhos,2,,85.69,78.26963806152344,17.52040672302246
reaction:693,XPhos,6,,82.19,72.18677520751953,19.07320785522461
reaction:697,P(tBu)3,0,,69.56,77.50643920898438,18.398754119873047
reaction:698,P(Ph)3,7,,75.46,78.41728973388672,18.371803283691406
reaction:699,AmPhos,3,,75.58,75.24176025390625,18.044509887695312
reaction:700,P(Cy)3,2,,75.43,72.78224182128906,17.688772201538086
reaction:701,P(o-Tol)3,2,,87.41,75.72953796386719,18.44635581970215
reaction:702,CataCXium A,2,,80.5,80.83384704589844,17.184385299682617
reaction:703,SPhos,7,,56.64,55.090789794921875,16.99039077758789
reaction:705,XPhos,3,,45.64,56.92828369140625,17.74819564819336
reaction:709,P(tBu)3,3,,84.62,78.06718444824219,18.45673179626465
reaction:710,P(Ph)3,1,,94.67,90.48243713378906,18.703893661499023
reaction:711,AmPhos,7,,76.31,76.773193359375,18.296201705932617
reaction:712,P(Cy)3,1,,88.84,76.29185485839844,17.522064208984375
reaction:713,P(o-Tol)3,4,,90.31,84.93441772460938,18.282011032104492
reaction:714,CataCXium A,2,,89.42,93.17446899414062,17.230491638183594
reaction:715,SPhos,3,,92.54,78.07350158691406,17.36983299255371
reaction:717,XPhos,0,,90.69,74.41746520996094,18.251882553100586
reaction:721,P(tBu)3,0,,81.33,71.51652526855469,18.32135772705078
reaction:722,P(Ph)3,2,,92.61,90.3731689453125,18.052827835083008
reaction:723,AmPhos,0,,71.62,80.05235290527344,18.194486618041992
reaction:724,P(Cy)3,4,,89.74,79.45719909667969,17.38272476196289
reaction:725,P(o-Tol)3,4,,88.24,87.13702392578125,18.056983947753906
reaction:726,CataCXium A,6,,85.46,100.06661987304688,16.99650764465332
reaction:727,SPhos,3,,91.14,85.190673828125,18.014245986938477
reaction:729,XPhos,1,,90.55,83.54369354248047,19.098154067993164
reaction:733,P(tBu)3,5,,82.44,81.93407440185547,18.145572662353516
reaction:734,P(Ph)3,0,,92.9,99.04756164550781,18.099552154541016
reaction:735,AmPhos,0,,69.6,71.88460540771484,17.36104965209961
reaction:736,P(Cy)3,3,,89.34,91.73039245605469,16.73447608947754
reaction:737,P(o-Tol)3,0,,88.09,86.96969604492188,17.902286529541016
reaction:738,CataCXium A,6,,85.58,92.01309204101562,16.94051742553711
reaction:739,SPhos,4,,92.27,88.09588623046875,17.429248809814453
reaction:741,XPhos,4,,90.62,82.44252014160156,18.12803840637207
reaction:745,P(tBu)3,1,,74.15,74.01415252685547,18.292551040649414
reaction:746,P(Ph)3,5,,82.99,89.780517578125,17.83008575439453
reaction:747,AmPhos,7,,73.01,70.45269775390625,18.386178970336914
reaction:748,P(Cy)3,3,,75.99,75.12394714355469,16.562040328979492
reaction:749,P(o-Tol)3,7,,85.28,78.62188720703125,18.305679321289062
reaction:750,CataCXium A,6,,82.84,90.84081268310547,16.739458084106445
reaction:751,SPhos,1,,58.79,64.5271987915039,17.42191505432129
reaction:753,XPhos,2,,52.37,59.836631774902344,18.537572860717773
reaction:757,P(tBu)3,5,,53.8,71.45001220703125,19.230571746826172
reaction:758,P(Ph)3,2,,62.78,68.77790832519531,17.982593536376953
reaction:759,AmPhos,6,,61.57,68.02362060546875,17.664234161376953
reaction:760,P(Cy)3,2,,52.54,54.49091720581055,17.59779167175293
reaction:761,P(o-Tol)3,0,,63.78,72.1739501953125,18.058012008666992
reaction:762,CataCXium A,7,,62.37,72.478759765625,16.69302749633789
reaction:763,SPhos,5,,36.2,48.79855728149414,18.121370315551758
reaction:765,XPhos,5,,26.69,50.143760681152344,19.189434051513672
reaction:769,P(tBu)3,4,,56.38,68.30519104003906,18.1136417388916
reaction:770,P(Ph)3,3,,96.6,95.31793212890625,18.583881378173828
reaction:771,AmPhos,3,,83.79,81.85413360595703,18.37891387939453
reaction:772,P(Cy)3,6,,87.57,78.65812683105469,17.366973876953125
reaction:773,P(o-Tol)3,0,,69.99,75.07981872558594,17.834917068481445
reaction:774,CataCXium A,3,,91.47,90.5432357788086,16.678800582885742
reaction:775,SPhos,3,,91.47,84.76515197753906,17.117950439453125
reaction:777,XPhos,1,,92.69,80.95828247070312,17.192440032958984
reaction:781,P(tBu)3,4,,66.86,71.6239013671875,18.121150970458984
reaction:782,P(Ph)3,5,,98.53,99.13163757324219,17.636789321899414
reaction:783,AmPhos,7,,94.26,84.89292907714844,18.572288513183594
reaction:784,P(Cy)3,6,,93.05,89.75033569335938,17.415437698364258
reaction:785,P(o-Tol)3,7,,78.44,62.349098205566406,18.545076370239258
reaction:786,CataCXium A,6,,92.77,89.89210510253906,17.372770309448242
reaction:787,SPhos,6,,78.31,81.95138549804688,17.793079376220703
reaction:789,XPhos,6,,78.08,77.92787170410156,18.70574188232422
reaction:793,P(tBu)3,7,,66.13,55.55783462524414,18.21141242980957
reaction:794,P(Ph)3,1,,96.49,85.59437561035156,17.9769229888916
reaction:795,AmPhos,6,,93.69,88.92730712890625,18.302026748657227
reaction:796,P(Cy)3,2,,76.46,87.78547668457031,17.35536766052246
reaction:797,P(o-Tol)3,6,,61.39,65.58790588378906,18.88473892211914
reaction:798,CataCXium A,2,,88.31,96.33104705810547,16.789756774902344
reaction:799,SPhos,7,,45.46,71.22093200683594,17.45757293701172
reaction:801,XPhos,7,,66.46,67.69719696044922,17.305461883544922
reaction:805,P(tBu)3,2,,70.25,49.0469970703125,17.992504119873047
reaction:806,P(Ph)3,6,,87.68,86.08985137939453,19.077383041381836
reaction:807,AmPhos,6,,87.91,82.80457305908203,19.233516693115234
reaction:808,P(Cy)3,3,,41.08,73.01309967041016,16.960988998413086
reaction:809,P(o-Tol)3,6,,44.26,54.41338348388672,18.870441436767578
reaction:810,CataCXium A,0,,82.41,71.18592834472656,16.922958374023438
reaction:811,SPhos,0,,44.11,59.505706787109375,17.996322631835938
reaction:813,XPhos,1,,47.08,57.35964584350586,17.730043411254883
reaction:817,P(tBu)3,7,,68.06,65.42459106445312,18.447494506835938
reaction:818,P(Ph)3,0,,96.49,96.83027648925781,18.485008239746094
reaction:819,AmPhos,1,,90.23,85.82566833496094,18.852279663085938
reaction:820,P(Cy)3,7,,81.84,80.84091186523438,16.9439697265625
reaction:821,P(o-Tol)3,5,,64.29,67.5853500366211,18.180103302001953
reaction:822,CataCXium A,1,,92.96,89.45396423339844,16.928686141967773
reaction:823,SPhos,5,,80.73,82.07461547851562,18.222043991088867
reaction:825,XPhos,1,,84.67,82.71566772460938,18.44847869873047
reaction:829,P(tBu)3,0,,68.43,79.1917495727539,18.213436126708984
reaction:830,P(Ph)3,0,,97.42,101.41395568847656,18.09851837158203
reaction:831,AmPhos,7,,84.74,88.1632080078125,18.995407104492188
reaction:832,P(Cy)3,6,,92.09,83.43746948242188,17.391910552978516
reaction:833,P(o-Tol)3,1,,82.77,67.7650375366211,17.421003341674805
reaction:834,CataCXium A,5,,91.17,88.62599182128906,17.1618709564209
reaction:835,SPhos,0,,90.89,93.99285888671875,17.435155868530273
reaction:837,XPhos,3,,91.1,85.18602752685547,17.56862449645996
reaction:841,P(tBu)3,0,,67.59,69.60164642333984,18.278470993041992
reaction:842,P(Ph)3,7,,97.45,93.55638122558594,17.320362091064453
reaction:843,AmPhos,6,,85.04,87.78272247314453,19.03848648071289
reaction:844,P(Cy)3,2,,92.7,76.90541076660156,17.228750228881836
reaction:845,P(o-Tol)3,6,,70.45,69.0103530883789,18.944290161132812
reaction:846,CataCXium A,4,,92.52,88.21295166015625,16.654752731323242
reaction:847,SPhos,7,,91.37,78.77083587646484,17.206470489501953
reaction:849,XPhos,3,,80.59,81.49543762207031,17.754823684692383
reaction:853,P(tBu)3,2,,74.74,68.9306640625,18.282258987426758
reaction:854,P(Ph)3,0,,97.46,89.93685913085938,18.564931869506836
reaction:855,AmPhos,1,,90.67,84.6141128540039,18.698089599609375
reaction:856,P(Cy)3,5,,84.05,71.88326263427734,17.475446701049805
reaction:857,P(o-Tol)3,1,,58.44,57.607845306396484,18.278650283813477
reaction:858,CataCXium A,6,,88.7,86.58137512207031,16.766773223876953
reaction:859,SPhos,1,,71.35,65.73823547363281,16.89656639099121
reaction:861,XPhos,5,,66.77,60.325042724609375,18.5604190826416
reaction:865,P(tBu)3,2,,51.22,46.0109977722168,17.451393127441406
reaction:866,P(Ph)3,6,,96.32,87.28935241699219,18.57605743408203
reaction:867,AmPhos,5,,33.57,31.99602508544922,18.07033348083496
reaction:868,P(Cy)3,6,,89.35,76.25096893310547,17.379823684692383
reaction:869,P(o-Tol)3,7,,60.68,45.059871673583984,17.811370849609375
reaction:870,CataCXium A,4,,29.57,42.852882385253906,16.862783432006836
reaction:871,SPhos,0,,93.86,89.74159240722656,17.490266799926758
reaction:873,XPhos,7,,95.8,93.7362060546875,17.701234817504883
reaction:877,P(tBu)3,3,,54.85,44.03081130981445,18.676170349121094
reaction:878,P(Ph)3,3,,87.25,89.59368896484375,18.18534278869629
reaction:879,AmPhos,5,,25.72,32.79579162597656,19.125667572021484
reaction:880,P(Cy)3,7,,92.7,83.55119323730469,16.987258911132812
reaction:881,P(o-Tol)3,1,,43.75,33.424034118652344,18.2397518157959
reaction:882,CataCXium A,3,,30.6,38.777801513671875,16.972929000854492
reaction:883,SPhos,3,,86.7,81.08409118652344,17.529247283935547
reaction:885,XPhos,3,,87.65,80.1475601196289,18.25651741027832
reaction:889,P(tBu)3,1,,22.37,36.932373046875,18.425350189208984
reaction:890,P(Ph)3,3,,67.88,77.60055541992188,18.550077438354492
reaction:891,AmPhos,3,,15.15,33.77383041381836,18.51261329650879
reaction:892,P(Cy)3,0,,83.84,78.33415985107422,16.87221908569336
reaction:893,P(o-Tol)3,2,,11.83,34.14560317993164,18.078018188476562
reaction:894,CataCXium A,3,,29.45,37.4405517578125,17.013729095458984
reaction:895,SPhos,5,,52.91,55.03391647338867,18.02434539794922
reaction:897,XPhos,2,,55.66,73.65464782714844,18.3526554107666
reaction:901,P(tBu)3,4,,27.63,34.42734146118164,18.281131744384766
reaction:902,P(Ph)3,4,,65.66,74.4883041381836,18.54304313659668
reaction:903,AmPhos,5,,14.99,27.896717071533203,18.377750396728516
reaction:904,P(Cy)3,7,,73.07,56.12147521972656,17.145105361938477
reaction:905,P(o-Tol)3,3,,9.33,29.398691177368164,17.748661041259766
reaction:906,CataCXium A,6,,23.78,29.500991821289062,16.838727951049805
reaction:907,SPhos,3,,54.78,58.405517578125,16.827211380004883
reaction:909,XPhos,3,,47.9,61.304988861083984,17.23931884765625
reaction:913,P(tBu)3,1,,33.26,42.56278991699219,18.899463653564453
reaction:914,P(Ph)3,4,,84.51,83.63296508789062,18.818111419677734
reaction:915,AmPhos,1,,11.46,23.782852172851562,18.83297348022461
reaction:916,P(Cy)3,2,,65.64,67.12210083007812,17.156265258789062
reaction:917,P(o-Tol)3,4,,26.99,34.72845458984375,18.081144332885742
reaction:918,CataCXium A,5,,24.54,22.153329849243164,16.719825744628906
reaction:919,SPhos,3,,61.35,76.08624267578125,17.77110481262207
reaction:921,XPhos,2,,80.83,78.23480224609375,17.441123962402344
reaction:925,P(tBu)3,3,,53.78,43.58753204345703,18.12546730041504
reaction:926,P(Ph)3,6,,85.88,83.2945556640625,18.399755477905273
reaction:927,AmPhos,4,,23.63,25.413118362426758,18.41103744506836
reaction:928,P(Cy)3,1,,65.74,77.53678894042969,16.855749130249023
reaction:929,P(o-Tol)3,2,,48.33,43.6784553527832,17.701738357543945
reaction:930,CataCXium A,4,,26.71,31.36223602294922,16.5719051361084
reaction:931,SPhos,1,,93.67,92.14739990234375,17.103673934936523
reaction:933,XPhos,5,,95.5,93.28267669677734,18.207721710205078
reaction:937,P(tBu)3,6,,49.02,42.14499282836914,18.352766036987305
reaction:938,P(Ph)3,1,,86.07,78.90575408935547,17.34577178955078
reaction:939,AmPhos,3,,28.08,26.720848083496094,17.866579055786133
reaction:940,P(Cy)3,1,,75.26,76.46807861328125,16.573678970336914
reaction:941,P(o-Tol)3,1,,54.06,34.60370635986328,17.814435958862305
reaction:942,CataCXium A,7,,26.61,39.4359130859375,16.575828552246094
reaction:943,SPhos,0,,93.81,84.41250610351562,17.163240432739258
reaction:945,XPhos,6,,95.85,85.98214721679688,17.75102996826172
reaction:949,P(tBu)3,4,,56.78,47.68121337890625,19.38469123840332
reaction:950,P(Ph)3,7,,82.3,84.69182586669922,18.34977149963379
reaction:951,AmPhos,2,,42.8,29.316890716552734,18.577194213867188
reaction:952,P(Cy)3,3,,75.64,81.48403930664062,17.160741806030273
reaction:953,P(o-Tol)3,1,,55.96,33.63761520385742,18.733842849731445
reaction:954,CataCXium A,4,,25.66,46.371055603027344,16.625118255615234
reaction:955,SPhos,5,,95.21,72.63465881347656,18.20772361755371
reaction:957,XPhos,2,,95.19,75.8716049194336,17.937280654907227
reaction:961,P(tBu)3,1,,40.2,30.833845138549805,17.697031021118164
reaction:962,P(Ph)3,2,,66.32,77.63097381591797,17.775428771972656
reaction:963,AmPhos,4,,43.18,51.593605041503906,18.81097984313965
reaction:964,P(Cy)3,2,,57.08,68.83926391601562,17.145183563232422
reaction:965,P(o-Tol)3,0,,33.92,45.69057846069336,18.27219009399414
reaction:966,CataCXium A,4,,54.3,50.49746322631836,16.762237548828125
reaction:967,SPhos,3,,55.27,65.54242706298828,17.160606384277344
reaction:969,XPhos,4,,47.22,68.09425354003906,17.840660095214844
reaction:973,P(tBu)3,4,,9.29,24.26680564880371,18.43290901184082
reaction:974,P(Ph)3,4,,92.28,78.6433334350586,17.57861328125
reaction:975,AmPhos,7,,54.36,44.32740020751953,18.910850524902344
reaction:976,P(Cy)3,3,,88.55,66.73066711425781,17.133947372436523
reaction:977,P(o-Tol)3,3,,27.55,41.69321060180664,18.041156768798828
reaction:978,CataCXium A,6,,43.2,60.593387603759766,17.09560203552246
reaction:979,SPhos,7,,64.69,53.58684539794922,17.776723861694336
reaction:981,XPhos,4,,52.85,57.2068977355957,17.08382797241211
reaction:985,P(tBu)3,7,,8.71,16.601444244384766,17.987773895263672
reaction:986,P(Ph)3,1,,91.14,79.83979034423828,18.71605682373047
reaction:987,AmPhos,5,,76.44,60.069740295410156,18.531217575073242
reaction:988,P(Cy)3,4,,94.46,81.11520385742188,16.826007843017578
reaction:989,P(o-Tol)3,4,,60.0,40.895938873291016,17.758358001708984
reaction:990,CataCXium A,0,,94.8,77.73051452636719,17.01097297668457
reaction:991,SPhos,7,,77.9,63.50798416137695,17.4918270111084
reaction:993,XPhos,7,,87.99,56.09502410888672,17.664093017578125
reaction:997,P(tBu)3,4,,19.62,30.38816261291504,18.629369735717773
reaction:998,P(Ph)3,0,,89.87,70.23580169677734,18.66063690185547
reaction:999,AmPhos,4,,69.93,57.636131286621094,18.77540397644043
reaction:1000,P(Cy)3,0,,55.64,58.54534149169922,17.723230361938477
reaction:1001,P(o-Tol)3,6,,46.83,34.1612548828125,18.21748161315918
reaction:1002,CataCXium A,1,,69.48,54.33300018310547,16.59062957763672
reaction:1003,SPhos,5,,46.44,44.623477935791016,17.663555145263672
reaction:1005,XPhos,1,,43.5,44.69281005859375,17.53492546081543
reaction:1009,P(tBu)3,4,,27.96,30.063518524169922,19.08621597290039
reaction:1010,P(Ph)3,7,,83.95,78.31330871582031,18.242883682250977
reaction:1011,AmPhos,1,,56.65,57.430419921875,18.70142936706543
reaction:1012,P(Cy)3,7,,74.22,69.24507141113281,17.223711013793945
reaction:1013,P(o-Tol)3,5,,40.11,41.0920524597168,17.877248764038086
reaction:1014,CataCXium A,0,,64.54,57.97029113769531,16.644113540649414
reaction:1015,SPhos,6,,67.16,58.9991455078125,17.031965255737305
reaction:1017,XPhos,3,,64.39,62.12847900390625,18.614498138427734
reaction:1021,P(tBu)3,7,,52.58,39.153263092041016,18.369659423828125
reaction:1022,P(Ph)3,0,,82.96,80.56039428710938,18.123504638671875
reaction:1023,AmPhos,7,,56.07,54.4872932434082,18.695659637451172
reaction:1024,P(Cy)3,5,,75.36,66.3421630859375,17.51548194885254
reaction:1025,P(o-Tol)3,4,,37.35,48.94443893432617,18.313678741455078
reaction:1026,CataCXium A,2,,60.94,61.04712677001953,16.995454788208008
reaction:1027,SPhos,4,,68.7,69.19244384765625,17.17566680908203
reaction:1029,XPhos,7,,66.93,56.74222183227539,17.876712799072266
reaction:1033,P(tBu)3,7,,20.74,34.29777145385742,18.00547981262207
reaction:1034,P(Ph)3,6,,60.18,71.70346069335938,18.411174774169922
reaction:1035,AmPhos,1,,35.88,52.0727653503418,18.02005958557129
reaction:1036,P(Cy)3,0,,34.25,59.70029067993164,16.992944717407227
reaction:1037,P(o-Tol)3,3,,27.1,41.13177490234375,17.609878540039062
reaction:1038,CataCXium A,3,,43.02,53.705013275146484,16.765771865844727
reaction:1039,SPhos,3,,23.33,62.09653854370117,16.958011627197266
reaction:1041,XPhos,3,,27.91,56.71589279174805,17.72510528564453
reaction:1045,P(tBu)3,4,,20.9,32.5391960144043,19.729135513305664
reaction:1046,P(Ph)3,3,,57.19,68.83338928222656,17.99454689025879
reaction:1047,AmPhos,5,,41.02,46.62529373168945,18.842164993286133
reaction:1048,P(Cy)3,2,,33.78,55.62693786621094,17.35687828063965
reaction:1049,P(o-Tol)3,2,,31.67,30.93265151977539,17.709911346435547
reaction:1050,CataCXium A,1,,48.48,37.67127227783203,16.757848739624023
reaction:1051,SPhos,4,,26.47,41.95657730102539,17.83303451538086
reaction:1053,XPhos,7,,26.28,35.99049377441406,17.899118423461914
reaction:1057,P(tBu)3,1,,45.03,43.49508285522461,17.699718475341797
reaction:1058,P(Ph)3,1,,96.7,94.53253173828125,18.17147445678711
reaction:1059,AmPhos,0,,70.76,62.828369140625,18.29427146911621
reaction:1060,P(Cy)3,2,,93.33,93.91937255859375,17.468435287475586
reaction:1061,P(o-Tol)3,0,,63.28,61.12226486206055,18.08758544921875
reaction:1062,CataCXium A,2,,61.13,70.72271728515625,17.076778411865234
reaction:1063,SPhos,5,,94.82,93.48151397705078,17.439090728759766
reaction:1065,XPhos,0,,88.97,83.60494995117188,17.98488998413086
reaction:1069,P(tBu)3,6,,40.73,39.167205810546875,18.944263458251953
reaction:1070,P(Ph)3,4,,88.59,97.22386169433594,17.4818172454834
reaction:1071,AmPhos,5,,58.43,69.93135833740234,19.2928466796875
reaction:1072,P(Cy)3,2,,89.13,98.42173767089844,17.74981689453125
reaction:1073,P(o-Tol)3,5,,55.72,56.69244384765625,17.98334312438965
reaction:1074,CataCXium A,6,,64.52,68.65065002441406,17.056840896606445
reaction:1075,SPhos,1,,81.73,87.27479553222656,17.27828598022461
reaction:1077,XPhos,6,,75.35,77.08415985107422,18.756729125976562
reaction:1081,P(tBu)3,6,,43.13,36.62126159667969,19.139982223510742
reaction:1082,P(Ph)3,5,,85.73,89.13591003417969,17.87946128845215
reaction:1083,AmPhos,0,,77.72,67.74246215820312,18.43536949157715
reaction:1084,P(Cy)3,7,,89.81,99.16065216064453,16.727514266967773
reaction:1085,P(o-Tol)3,6,,48.91,55.41838836669922,18.255626678466797
reaction:1086,CataCXium A,3,,86.51,72.11534118652344,16.71745491027832
reaction:1087,SPhos,0,,71.88,58.437931060791016,17.385000228881836
reaction:1089,XPhos,6,,60.51,66.96806335449219,18.369462966918945
reaction:1093,P(tBu)3,0,,32.15,39.03843307495117,18.94725227355957
reaction:1094,P(Ph)3,1,,94.15,95.8804931640625,18.427061080932617
reaction:1095,AmPhos,4,,61.84,66.35003662109375,18.861621856689453
reaction:1096,P(Cy)3,6,,83.83,81.50408935546875,17.033428192138672
reaction:1097,P(o-Tol)3,7,,58.94,50.652252197265625,17.682300567626953
reaction:1098,CataCXium A,2,,59.67,68.11443328857422,17.00006103515625
reaction:1099,SPhos,6,,90.1,77.92361450195312,17.947107315063477
reaction:1101,XPhos,3,,83.35,68.64756774902344,17.614789962768555
reaction:1105,P(tBu)3,1,,33.02,37.4171142578125,18.661849975585938
reaction:1106,P(Ph)3,4,,93.94,95.66830444335938,18.33327865600586
reaction:1107,AmPhos,6,,61.96,61.25822067260742,18.91159439086914
reaction:1108,P(Cy)3,0,,82.1,85.8433609008789,17.13130760192871
reaction:1109,P(o-Tol)3,5,,55.13,52.8631591796875,18.111318588256836
reaction:1110,CataCXium A,7,,62.96,66.34337615966797,16.679317474365234
reaction:1111,SPhos,2,,88.13,84.94205474853516,17.031871795654297
reaction:1113,XPhos,3,,82.32,81.47073364257812,18.822412490844727
reaction:1117,P(tBu)3,6,,33.37,42.89128112792969,18.75818634033203
reaction:1118,P(Ph)3,1,,95.31,92.83096313476562,18.240144729614258
reaction:1119,AmPhos,6,,58.42,59.61009979248047,18.388051986694336
reaction:1120,P(Cy)3,5,,80.68,83.6360092163086,17.630090713500977
reaction:1121,P(o-Tol)3,4,,48.82,60.93073272705078,18.61709976196289
reaction:1122,CataCXium A,6,,57.05,61.284873962402344,17.026453018188477
reaction:1123,SPhos,5,,90.9,93.85124206542969,17.637901306152344
reaction:1125,XPhos,3,,82.88,86.45687103271484,17.739442825317383
reaction:1129,P(tBu)3,0,,40.22,35.13998031616211,18.428203582763672
reaction:1130,P(Ph)3,3,,88.74,85.74472045898438,18.603364944458008
reaction:1131,AmPhos,2,,72.98,58.428314208984375,18.322795867919922
reaction:1132,P(Cy)3,0,,88.05,87.95863342285156,17.116701126098633
reaction:1133,P(o-Tol)3,4,,56.98,57.56496047973633,18.363393783569336
reaction:1134,CataCXium A,4,,80.85,61.17768096923828,16.79877471923828
reaction:1135,SPhos,4,,76.89,67.62197875976562,17.20785140991211
reaction:1137,XPhos,0,,68.57,63.37575912475586,17.4011287689209
reaction:1141,P(tBu)3,0,,30.34,28.89462661743164,18.9206600189209
reaction:1142,P(Ph)3,1,,75.36,67.64285278320312,18.351411819458008
reaction:1143,AmPhos,3,,53.38,61.12651824951172,17.930622100830078
reaction:1144,P(Cy)3,0,,75.13,62.07522201538086,17.30430030822754
reaction:1145,P(o-Tol)3,6,,37.06,48.05605697631836,18.02303123474121
reaction:1146,CataCXium A,1,,58.78,53.851219177246094,16.59469223022461
reaction:1147,SPhos,2,,40.21,54.32667541503906,17.366384506225586
reaction:1149,XPhos,0,,29.42,48.307884216308594,18.581104278564453
reaction:1153,P(tBu)3,2,,93.31,91.36997985839844,17.437891006469727
reaction:1154,P(Ph)3,0,,93.7,97.23696899414062,18.211679458618164
reaction:1155,AmPhos,6,,94.33,91.97695922851562,17.67243003845215
reaction:1156,P(Cy)3,1,,87.35,92.63557434082031,17.269784927368164
reaction:1157,P(o-Tol)3,5,,84.09,88.75732421875,18.186614990234375
reaction:1158,CataCXium A,4,,95.65,97.45108032226562,17.02334213256836
reaction:1159,SPhos,2,,87.6,91.01559448242188,17.099271774291992
reaction:1161,XPhos,7,,86.6,89.21435546875,18.200353622436523
reaction:1165,P(tBu)3,7,,91.47,78.09515380859375,18.572124481201172
reaction:1166,P(Ph)3,7,,93.27,93.62332153320312,18.322864532470703
reaction:1167,AmPhos,5,,94.03,92.90068054199219,18.909408569335938
reaction:1168,P(Cy)3,0,,84.04,92.219482421875,16.83674430847168
reaction:1169,P(o-Tol)3,5,,86.92,81.23832702636719,18.384449005126953
reaction:1170,CataCXium A,3,,92.01,89.68022918701172,16.749736785888672
reaction:1171,SPhos,2,,87.49,84.88932800292969,17.552579879760742
reaction:1173,XPhos,3,,84.94,79.92411804199219,18.13081932067871
reaction:1177,P(tBu)3,6,,87.61,70.26948547363281,18.107337951660156
reaction:1178,P(Ph)3,3,,95.85,89.15884399414062,18.195478439331055
reaction:1179,AmPhos,4,,90.3,85.4084701538086,17.350290298461914
reaction:1180,P(Cy)3,7,,88.99,85.80443572998047,16.396345138549805
reaction:1181,P(o-Tol)3,6,,80.55,83.75006866455078,18.809246063232422
reaction:1182,CataCXium A,5,,91.07,90.29891967773438,16.868825912475586
reaction:1183,SPhos,0,,83.98,78.61699676513672,17.715351104736328
reaction:1185,XPhos,6,,79.93,80.25645446777344,17.6071720123291
reaction:1189,P(tBu)3,2,,83.54,70.47756958007812,18.174814224243164
reaction:1190,P(Ph)3,1,,91.18,83.76057434082031,18.147212982177734
reaction:1191,AmPhos,4,,86.92,84.54798889160156,18.534879684448242
reaction:1192,P(Cy)3,4,,81.31,74.13674926757812,17.393701553344727
reaction:1193,P(o-Tol)3,6,,73.72,72.4117202758789,18.907447814941406
reaction:1194,CataCXium A,5,,85.75,82.94767761230469,16.658153533935547
reaction:1195,SPhos,6,,71.78,70.8876724243164,18.456815719604492
reaction:1197,XPhos,4,,65.69,70.29083251953125,18.00609588623047
reaction:1201,P(tBu)3,3,,82.29,87.40478515625,18.41961669921875
reaction:1202,P(Ph)3,7,,91.35,89.34346008300781,18.451391220092773
reaction:1203,AmPhos,2,,89.74,91.54440307617188,18.35088348388672
reaction:1204,P(Cy)3,2,,83.91,88.87394714355469,16.9926815032959
reaction:1205,P(o-Tol)3,7,,81.25,78.7049560546875,18.62207794189453
reaction:1206,CataCXium A,6,,93.12,92.94329833984375,16.96795654296875
reaction:1207,SPhos,0,,86.64,89.54554748535156,17.966859817504883
reaction:1209,XPhos,0,,85.95,86.56834411621094,18.197338104248047
reaction:1213,P(tBu)3,5,,92.92,100.87735748291016,17.504680633544922
reaction:1214,P(Ph)3,3,,98.2,94.80996704101562,18.24883270263672
reaction:1215,AmPhos,7,,90.96,94.25243377685547,19.273534774780273
reaction:1216,P(Cy)3,3,,91.73,92.34343719482422,16.937564849853516
reaction:1217,P(o-Tol)3,2,,90.03,90.06892395019531,17.624332427978516
reaction:1218,CataCXium A,0,,94.64,98.31146240234375,16.80642318725586
reaction:1219,SPhos,4,,93.43,91.97476196289062,17.248645782470703
reaction:1221,XPhos,0,,88.37,86.51436614990234,17.889328002929688
reaction:1225,P(tBu)3,7,,91.89,97.69364166259766,18.16805076599121
reaction:1226,P(Ph)3,2,,94.82,96.189453125,17.849462509155273
reaction:1227,AmPhos,5,,91.24,90.46438598632812,18.513837814331055
reaction:1228,P(Cy)3,6,,91.4,82.53816223144531,17.509021759033203
reaction:1229,P(o-Tol)3,6,,85.85,79.40728759765625,18.850290298461914
reaction:1230,CataCXium A,3,,92.03,95.25572204589844,16.85526466369629
reaction:1231,SPhos,2,,85.21,82.08618927001953,17.492889404296875
reaction:1233,XPhos,5,,79.09,76.15126037597656,16.800762176513672
reaction:1237,P(tBu)3,5,,80.43,96.54132080078125,18.696380615234375
reaction:1238,P(Ph)3,3,,81.66,80.73898315429688,18.019105911254883
reaction:1239,AmPhos,5,,80.71,84.57756042480469,19.140199661254883
reaction:1240,P(Cy)3,2,,71.35,74.60523986816406,17.13547706604004
reaction:1241,P(o-Tol)3,7,,68.84,68.84931945800781,18.626150131225586
reaction:1242,CataCXium A,1,,80.77,81.02821350097656,16.934093475341797
reaction:1243,SPhos,6,,67.76,67.59332275390625,17.69736671447754
reaction:1245,XPhos,4,,63.55,62.711570739746094,18.612913131713867
reaction:1249,P(tBu)3,1,,88.5,75.87873840332031,18.303192138671875
reaction:1250,P(Ph)3,5,,95.95,90.41697692871094,17.743532180786133
reaction:1251,AmPhos,7,,94.08,82.974609375,19.04762077331543
reaction:1252,P(Cy)3,3,,88.6,83.12816619873047,17.42660140991211
reaction:1253,P(o-Tol)3,2,,83.3,73.58065032958984,18.356245040893555
reaction:1254,CataCXium A,3,,96.14,87.13256072998047,17.046751022338867
reaction:1255,SPhos,3,,86.88,75.9051284790039,17.04757308959961
reaction:1257,XPhos,0,,83.93,74.8030776977539,18.531118392944336
reaction:1261,P(tBu)3,1,,83.82,64.43994903564453,18.79881477355957
reaction:1262,P(Ph)3,3,,91.34,82.68954467773438,17.88282585144043
reaction:1263,AmPhos,7,,83.05,75.14875793457031,18.91838836669922
reaction:1264,P(Cy)3,1,,81.74,71.6704330444336,17.31315040588379
reaction:1265,P(o-Tol)3,5,,64.98,67.27061462402344,19.227375030517578
reaction:1266,CataCXium A,5,,74.43,82.00735473632812,17.047855377197266
reaction:1267,SPhos,0,,60.4,62.54454040527344,17.908056259155273
reaction:1269,XPhos,3,,55.47,59.78033447265625,18.277509689331055
reaction:1273,P(tBu)3,7,,55.62,52.45274353027344,18.10382843017578
reaction:1274,P(Ph)3,0,,70.45,76.42345428466797,18.954833984375
reaction:1275,AmPhos,5,,63.78,73.68817138671875,18.607601165771484
reaction:1276,P(Cy)3,1,,62.81,67.03897094726562,17.021821975708008
reaction:1277,P(o-Tol)3,5,,48.77,58.431495666503906,18.952285766601562
reaction:1278,CataCXium A,2,,62.9,73.50814819335938,16.832727432250977
reaction:1279,SPhos,7,,39.4,53.39551544189453,16.934894561767578
reaction:1281,XPhos,7,,40.12,54.98871994018555,18.040058135986328
reaction:1285,P(tBu)3,3,,47.62,54.638675689697266,18.18476676940918
reaction:1286,P(Ph)3,5,,61.51,76.93606567382812,17.747852325439453
reaction:1287,AmPhos,4,,59.14,70.38622283935547,18.478099822998047
reaction:1288,P(Cy)3,5,,52.8,66.17118072509766,16.99466896057129
reaction:1289,P(o-Tol)3,5,,45.49,55.17718505859375,18.095863342285156
reaction:1290,CataCXium A,4,,63.2,68.58909606933594,16.946226119995117
reaction:1291,SPhos,3,,39.21,44.3661003112793,17.143814086914062
reaction:1293,XPhos,5,,38.17,47.90008544921875,17.775543212890625
reaction:1297,P(tBu)3,6,,52.95,69.16016387939453,17.778249740600586
reaction:1298,P(Ph)3,0,,65.45,76.843505859375,18.688074111938477
reaction:1299,AmPhos,7,,68.9,68.65008544921875,18.91574478149414
reaction:1300,P(Cy)3,1,,65.74,66.04859161376953,17.540821075439453
reaction:1301,P(o-Tol)3,2,,48.98,55.42522048950195,18.426610946655273
reaction:1302,CataCXium A,0,,69.93,74.17205810546875,16.828664779663086
reaction:1303,SPhos,0,,59.54,62.492679595947266,18.08625602722168
reaction:1305,XPhos,1,,60.62,59.81098937988281,18.855884552001953
reaction:1309,P(tBu)3,3,,73.2,84.45748901367188,17.918962478637695
reaction:1310,P(Ph)3,7,,81.77,85.28254699707031,18.62932014465332
reaction:1311,AmPhos,3,,77.13,82.20928192138672,18.234542846679688
reaction:1312,P(Cy)3,4,,77.57,75.64801788330078,17.100269317626953
reaction:1313,P(o-Tol)3,6,,67.75,70.85826110839844,17.944822311401367
reaction:1314,CataCXium A,1,,84.72,79.70263671875,17.07320785522461
reaction:1315,SPhos,1,,73.5,77.64096069335938,18.132287979125977
reaction:1317,XPhos,7,,73.95,74.16890716552734,18.443490982055664
reaction:1321,P(tBu)3,2,,81.91,85.59185791015625,17.818437576293945
reaction:1322,P(Ph)3,2,,87.64,87.71469116210938,17.879623413085938
reaction:1323,AmPhos,7,,84.9,74.96444702148438,18.78507423400879
reaction:1324,P(Cy)3,3,,80.13,78.97885131835938,16.894535064697266
reaction:1325,P(o-Tol)3,3,,70.14,66.56654357910156,17.973276138305664
reaction:1326,CataCXium A,7,,87.87,82.78096008300781,16.70016860961914
reaction:1327,SPhos,1,,74.29,69.77732849121094,17.579303741455078
reaction:1329,XPhos,4,,67.97,68.18180084228516,17.98133659362793
reaction:1333,P(tBu)3,0,,81.08,77.52046966552734,18.565881729125977
reaction:1334,P(Ph)3,1,,88.67,78.47439575195312,18.64922332763672
reaction:1335,AmPhos,2,,84.67,78.36198425292969,19.01111602783203
reaction:1336,P(Cy)3,1,,82.58,76.87095642089844,17.43156623840332
reaction:1337,P(o-Tol)3,3,,69.32,59.33544921875,18.39499282836914
reaction:1338,CataCXium A,0,,81.6,83.50758361816406,16.805463790893555
reaction:1339,SPhos,0,,70.57,61.35165023803711,18.51756477355957
reaction:1341,XPhos,2,,62.62,58.53109359741211,18.368793487548828
reaction:1345,P(tBu)3,3,,64.95,61.729515075683594,18.25934410095215
reaction:1346,P(Ph)3,7,,93.38,93.79570770263672,18.262243270874023
reaction:1347,AmPhos,5,,89.51,92.0008544921875,17.896753311157227
reaction:1348,P(Cy)3,0,,91.29,87.59138488769531,16.910783767700195
reaction:1349,P(o-Tol)3,3,,74.87,72.95657348632812,18.316917419433594
reaction:1350,CataCXium A,5,,91.79,88.43356323242188,17.159835815429688
reaction:1351,SPhos,0,,83.02,86.54972076416016,18.203231811523438
reaction:1353,XPhos,0,,75.62,79.85844421386719,18.67786407470703
reaction:1357,P(tBu)3,0,,9.62,37.65364074707031,18.382278442382812
reaction:1358,P(Ph)3,5,,89.45,91.46014404296875,18.170175552368164
reaction:1359,AmPhos,7,,81.29,76.62370300292969,18.898773193359375
reaction:1360,P(Cy)3,7,,84.98,75.60906982421875,17.08324432373047
reaction:1361,P(o-Tol)3,1,,65.69,64.94181060791016,18.489152908325195
reaction:1362,CataCXium A,3,,73.08,78.74884796142578,16.667875289916992
reaction:1363,SPhos,1,,68.07,74.77049255371094,18.352859497070312
reaction:1365,XPhos,6,,72.44,64.9530029296875,18.261289596557617
reaction:1369,P(tBu)3,4,,8.8,35.118804931640625,17.130704879760742
reaction:1370,P(Ph)3,5,,90.61,93.60124206542969,18.209636688232422
reaction:1371,AmPhos,0,,87.35,78.81101989746094,18.010967254638672
reaction:1372,P(Cy)3,2,,89.78,83.28677368164062,17.11537742614746
reaction:1373,P(o-Tol)3,7,,79.47,69.5527114868164,18.032236099243164
reaction:1374,CataCXium A,5,,90.18,87.3319091796875,16.966001510620117
reaction:1375,SPhos,4,,83.1,76.1810073852539,16.876466751098633
reaction:1377,XPhos,2,,85.48,69.41764831542969,18.411714553833008
reaction:1381,P(tBu)3,7,,12.07,51.64238739013672,17.71990203857422
reaction:1382,P(Ph)3,6,,88.27,81.67417907714844,18.325851440429688
reaction:1383,AmPhos,2,,82.92,79.92636108398438,18.73805809020996
reaction:1384,P(Cy)3,1,,80.35,70.31214904785156,17.335193634033203
reaction:1385,P(o-Tol)3,6,,66.72,58.415077209472656,18.248151779174805
reaction:1386,CataCXium A,6,,83.56,76.43794250488281,17.0087947845459
reaction:1387,SPhos,1,,59.91,65.72329711914062,18.045459747314453
reaction:1389,XPhos,5,,57.98,56.75629425048828,17.77083396911621
reaction:1393,P(tBu)3,2,,49.99,45.75474166870117,17.718170166015625
reaction:1394,P(Ph)3,4,,92.73,85.01473999023438,18.70943832397461
reaction:1395,AmPhos,3,,90.14,85.12042236328125,18.783662796020508
reaction:1396,P(Cy)3,5,,90.79,89.26225280761719,16.95036506652832
reaction:1397,P(o-Tol)3,4,,67.92,70.89105224609375,18.301315307617188
reaction:1398,CataCXium A,4,,92.7,88.39396667480469,16.80169677734375
reaction:1399,SPhos,3,,85.37,73.53289031982422,17.349899291992188
reaction:1401,XPhos,0,,66.05,74.90873718261719,18.31373405456543
reaction:1405,P(tBu)3,2,,76.2,63.23951721191406,17.545915603637695
reaction:1406,P(Ph)3,4,,96.42,92.71549987792969,18.823108673095703
reaction:1407,AmPhos,7,,94.57,88.89961242675781,18.911113739013672
reaction:1408,P(Cy)3,6,,92.8,91.8165283203125,17.336320877075195
reaction:1409,P(o-Tol)3,1,,73.68,75.05267333984375,18.480026245117188
reaction:1410,CataCXium A,7,,94.57,93.22312927246094,16.69982147216797
reaction:1411,SPhos,6,,86.08,77.85433959960938,17.741682052612305
reaction:1413,XPhos,4,,75.29,71.21054077148438,18.048185348510742
reaction:1417,P(tBu)3,5,,82.54,54.20622634887695,17.613557815551758
reaction:1418,P(Ph)3,1,,87.27,86.76046752929688,18.07770538330078
reaction:1419,AmPhos,0,,80.07,82.66801452636719,17.801204681396484
reaction:1420,P(Cy)3,5,,62.34,78.80878448486328,17.297889709472656
reaction:1421,P(o-Tol)3,7,,60.03,65.31675720214844,17.919363021850586
reaction:1422,CataCXium A,6,,79.46,77.86123657226562,17.185447692871094
reaction:1423,SPhos,6,,52.43,63.41447448730469,17.25363540649414
reaction:1425,XPhos,4,,50.85,59.04677200317383,17.96746253967285
reaction:1429,P(tBu)3,3,,71.32,49.97071075439453,17.925243377685547
reaction:1430,P(Ph)3,6,,84.47,77.14849853515625,18.372024536132812
reaction:1431,AmPhos,3,,78.24,79.07701110839844,18.432680130004883
reaction:1432,P(Cy)3,6,,66.87,73.54562377929688,16.963756561279297
reaction:1433,P(o-Tol)3,4,,56.86,60.75096130371094,18.263532638549805
reaction:1434,CataCXium A,1,,72.38,74.803955078125,16.957984924316406
reaction:1435,SPhos,1,,47.9,59.489952087402344,17.876312255859375
reaction:1437,XPhos,2,,48.25,48.3895149230957,18.635805130004883
reaction:1441,P(tBu)3,4,,86.11,85.90830993652344,18.65005111694336
reaction:1442,P(Ph)3,0,,93.65,99.26178741455078,18.41956329345703
reaction:1443,AmPhos,2,,92.07,97.13021850585938,18.756427764892578
reaction:1444,P(Cy)3,6,,93.78,98.51907348632812,17.236732482910156
reaction:1445,P(o-Tol)3,2,,91.83,91.69937896728516,18.121076583862305
reaction:1446,CataCXium A,2,,94.15,97.68717956542969,16.886781692504883
reaction:1447,SPhos,0,,90.26,93.39559936523438,18.03447914123535
reaction:1449,XPhos,0,,91.45,89.51603698730469,18.51420783996582
reaction:1453,P(tBu)3,5,,71.72,82.17160034179688,17.556665420532227
reaction:1454,P(Ph)3,3,,93.82,93.04121398925781,18.187480926513672
reaction:1455,AmPhos,6,,92.52,92.42655944824219,18.039142608642578
reaction:1456,P(Cy)3,0,,92.43,98.26422119140625,16.93720817565918
reaction:1457,P(o-Tol)3,1,,91.08,94.10255432128906,18.2542781829834
reaction:1458,CataCXium A,2,,93.13,92.17826080322266,17.019718170166016
reaction:1459,SPhos,5,,86.63,83.89664459228516,17.009382247924805
reaction:1461,XPhos,5,,86.36,87.55203247070312,17.07062530517578
reaction:1465,P(tBu)3,7,,75.91,74.64884948730469,18.607666015625
reaction:1466,P(Ph)3,7,,89.29,84.66778564453125,18.391714096069336
reaction:1467,AmPhos,2,,85.76,91.0909194946289,18.256366729736328
reaction:1468,P(Cy)3,4,,88.01,87.87954711914062,17.099586486816406
reaction:1469,P(o-Tol)3,0,,88.6,89.42088317871094,18.223114013671875
reaction:1470,CataCXium A,7,,90.39,88.54033660888672,16.716323852539062
reaction:1471,SPhos,3,,65.6,70.14324188232422,17.334775924682617
reaction:1473,XPhos,2,,77.72,64.78872680664062,17.86353302001953
reaction:1477,P(tBu)3,4,,91.29,68.36539459228516,19.085527420043945
reaction:1478,P(Ph)3,2,,96.74,94.82948303222656,18.116487503051758
reaction:1479,AmPhos,5,,92.82,87.2568359375,18.48476791381836
reaction:1480,P(Cy)3,1,,96.3,95.01033782958984,17.18684959411621
reaction:1481,P(o-Tol)3,4,,93.73,88.80441284179688,18.598222732543945
reaction:1482,CataCXium A,2,,95.37,95.16616821289062,17.064678192138672
reaction:1483,SPhos,0,,91.37,87.44279479980469,18.412134170532227
reaction:1485,XPhos,0,,90.79,82.70298767089844,18.765304565429688
reaction:1489,P(tBu)3,4,,92.06,71.89558410644531,19.30721092224121
reaction:1490,P(Ph)3,4,,94.47,86.59069061279297,18.63442611694336
reaction:1491,AmPhos,0,,92.08,89.30619812011719,18.070938110351562
reaction:1492,P(Cy)3,0,,92.52,94.84705352783203,17.312150955200195
reaction:1493,P(o-Tol)3,2,,91.99,88.81571197509766,18.139211654663086
reaction:1494,CataCXium A,0,,95.06,93.64787292480469,16.871002197265625
reaction:1495,SPhos,4,,90.53,87.12908935546875,17.765399932861328
reaction:1497,XPhos,4,,90.57,86.86516571044922,18.69658660888672
reaction:1501,P(tBu)3,7,,94.01,83.294677734375,18.86534881591797
reaction:1502,P(Ph)3,0,,98.69,100.87681579589844,18.01662254333496
reaction:1503,AmPhos,2,,93.28,91.78938293457031,18.698841094970703
reaction:1504,P(Cy)3,0,,92.97,98.51901245117188,17.11528778076172
reaction:1505,P(o-Tol)3,7,,92.65,94.17131042480469,18.36956214904785
reaction:1506,CataCXium A,6,,96.04,93.45350646972656,16.881710052490234
reaction:1507,SPhos,0,,91.75,97.69752502441406,17.422183990478516
reaction:1509,XPhos,7,,91.45,97.1659927368164,18.616313934326172
reaction:1513,P(tBu)3,3,,81.58,85.7620849609375,18.005325317382812
reaction:1514,P(Ph)3,0,,89.8,93.5006103515625,18.352680206298828
reaction:1515,AmPhos,5,,86.54,88.35456848144531,18.62411117553711
reaction:1516,P(Cy)3,6,,88.06,86.86893463134766,17.51929473876953
reaction:1517,P(o-Tol)3,4,,87.76,87.3165283203125,18.554651260375977
reaction:1518,CataCXium A,3,,89.09,93.74634552001953,16.59731101989746
reaction:1519,SPhos,2,,72.51,67.83150482177734,17.506778717041016
reaction:1521,XPhos,7,,73.77,69.75411987304688,18.203243255615234
reaction:1525,P(tBu)3,5,,59.54,73.26424407958984,18.820377349853516
reaction:1526,P(Ph)3,0,,46.28,72.16828155517578,19.034360885620117
reaction:1527,AmPhos,5,,72.03,75.21319580078125,19.084274291992188
reaction:1528,P(Cy)3,2,,73.65,62.165489196777344,17.605117797851562
reaction:1529,P(o-Tol)3,7,,68.96,70.10505676269531,18.49392318725586
reaction:1530,CataCXium A,7,,72.18,71.81758117675781,16.726388931274414
reaction:1531,SPhos,5,,48.82,51.93468475341797,17.356609344482422
reaction:1533,XPhos,1,,48.59,53.733150482177734,18.13817024230957
reaction:1537,P(tBu)3,2,,34.3,57.144935607910156,17.999610900878906
reaction:1538,P(Ph)3,1,,78.03,82.17375183105469,17.636417388916016
reaction:1539,AmPhos,1,,62.59,79.97299194335938,18.1290340423584
reaction:1540,P(Cy)3,5,,50.25,53.978965759277344,17.603973388671875
reaction:1541,P(o-Tol)3,7,,50.56,56.89844512939453,17.7683048248291
reaction:1542,CataCXium A,5,,95.62,64.71895599365234,17.111602783203125
reaction:1543,SPhos,4,,74.84,78.02468872070312,17.28875160217285
reaction:1545,XPhos,5,,67.97,66.57682800292969,17.60841178894043
reaction:1549,P(tBu)3,3,,44.24,55.81132507324219,19.246845245361328
reaction:1550,P(Ph)3,2,,87.31,85.33462524414062,18.283275604248047
reaction:1551,AmPhos,4,,89.54,78.95252227783203,17.519460678100586
reaction:1552,P(Cy)3,3,,60.21,72.2374038696289,16.97121810913086
reaction:1553,P(o-Tol)3,7,,52.95,50.37116241455078,18.62835121154785
reaction:1554,CataCXium A,2,,80.64,83.61376190185547,16.654159545898438
reaction:1555,SPhos,0,,60.49,68.0901107788086,16.80954933166504
reaction:1557,XPhos,2,,50.2,60.22914123535156,18.923381805419922
reaction:1561,P(tBu)3,4,,42.57,49.79022979736328,17.539457321166992
reaction:1562,P(Ph)3,0,,83.05,84.81974792480469,18.03582763671875
reaction:1563,AmPhos,3,,88.28,76.14353942871094,18.72463607788086
reaction:1564,P(Cy)3,5,,73.25,76.67949676513672,17.673946380615234
reaction:1565,P(o-Tol)3,2,,69.46,56.86113357543945,18.05964469909668
reaction:1566,CataCXium A,3,,98.61,89.15779113769531,16.739307403564453
reaction:1567,SPhos,6,,68.95,58.641456604003906,17.533889770507812
reaction:1569,XPhos,5,,60.14,54.844093322753906,18.242074966430664
reaction:1573,P(tBu)3,7,,42.91,45.60820770263672,17.705564498901367
reaction:1574,P(Ph)3,6,,74.45,80.11882019042969,18.928800582885742
reaction:1575,AmPhos,2,,84.23,85.04025268554688,18.697582244873047
reaction:1576,P(Cy)3,7,,42.55,51.46553039550781,16.810298919677734
reaction:1577,P(o-Tol)3,2,,58.61,47.80266571044922,18.637746810913086
reaction:1578,CataCXium A,1,,70.52,77.5280990600586,16.895381927490234
reaction:1579,SPhos,7,,61.21,54.171485900878906,16.316444396972656
reaction:1581,XPhos,7,,55.94,46.93994140625,16.773719787597656
reaction:1585,P(tBu)3,3,,65.86,59.813568115234375,19.00893211364746
reaction:1586,P(Ph)3,1,,91.46,90.63170623779297,18.42124366760254
reaction:1587,AmPhos,5,,90.4,88.58078002929688,18.43300437927246
reaction:1588,P(Cy)3,1,,71.78,73.45335388183594,17.492727279663086
reaction:1589,P(o-Tol)3,6,,71.66,66.65827941894531,18.49908447265625
reaction:1590,CataCXium A,4,,96.15,85.78871154785156,16.39897918701172
reaction:1591,SPhos,2,,84.76,83.65735626220703,17.860361099243164
reaction:1593,XPhos,5,,79.44,71.24215698242188,19.051227569580078
reaction:1597,P(tBu)3,7,,72.9,62.43228530883789,18.427492141723633
reaction:1598,P(Ph)3,7,,95.86,89.58666229248047,18.258678436279297
reaction:1599,AmPhos,3,,93.84,85.626953125,18.463607788085938
reaction:1600,P(Cy)3,5,,71.12,72.34149169921875,17.92014503479004
reaction:1601,P(o-Tol)3,6,,59.47,69.52876281738281,17.95576286315918
reaction:1602,CataCXium A,5,,95.78,76.75421142578125,17.39870834350586
reaction:1603,SPhos,0,,86.28,85.4063491821289,16.53392219543457
reaction:1605,XPhos,2,,60.54,77.48490142822266,18.232126235961914
reaction:1609,P(tBu)3,0,,72.09,63.34844207763672,17.808130264282227
reaction:1610,P(Ph)3,4,,92.43,84.70317840576172,18.256179809570312
reaction:1611,AmPhos,3,,92.49,78.31493377685547,18.2869873046875
reaction:1612,P(Cy)3,7,,58.64,72.5448989868164,16.969280242919922
reaction:1613,P(o-Tol)3,3,,49.79,61.38486099243164,17.72736358642578
reaction:1614,CataCXium A,1,,95.36,83.03877258300781,16.88324737548828
reaction:1615,SPhos,1,,70.77,77.79273223876953,16.611873626708984
reaction:1617,XPhos,6,,61.61,63.2464599609375,17.803207397460938
reaction:1621,P(tBu)3,7,,80.99,63.464027404785156,18.507108688354492
reaction:1622,P(Ph)3,5,,86.63,86.0933837890625,18.014474868774414
reaction:1623,AmPhos,7,,89.02,76.54197692871094,18.3896541595459
reaction:1624,P(Cy)3,5,,44.82,64.02710723876953,17.7910099029541
reaction:1625,P(o-Tol)3,0,,52.39,52.099430084228516,18.547531127929688
reaction:1626,CataCXium A,5,,97.25,75.08059692382812,17.23758316040039
reaction:1627,SPhos,4,,61.68,67.123291015625,18.09815788269043
reaction:1629,XPhos,7,,49.48,58.556583404541016,17.192899703979492
reaction:1633,P(tBu)3,4,,31.45,29.452327728271484,18.452238082885742
reaction:1634,P(Ph)3,3,,92.89,91.46549987792969,18.026355743408203
reaction:1635,AmPhos,2,,23.2,19.556400299072266,18.913433074951172
reaction:1636,P(Cy)3,6,,66.25,72.82185363769531,17.26419448852539
reaction:1637,P(o-Tol)3,2,,32.29,28.40443992614746,18.231761932373047
reaction:1638,CataCXium A,4,,26.8,28.73358154296875,16.8287410736084
reaction:1639,SPhos,7,,90.94,83.92290496826172,16.803054809570312
reaction:1641,XPhos,1,,90.0,91.1677017211914,16.71844482421875
reaction:1645,P(tBu)3,7,,35.1,35.75658416748047,18.078266143798828
reaction:1646,P(Ph)3,2,,96.16,93.25697326660156,18.404193878173828
reaction:1647,AmPhos,6,,22.19,27.568185806274414,18.32798194885254
reaction:1648,P(Cy)3,1,,95.29,75.83183288574219,17.187149047851562
reaction:1649,P(o-Tol)3,5,,16.72,30.10841178894043,18.58916664123535
reaction:1650,CataCXium A,3,,30.07,40.67648696899414,16.774982452392578
reaction:1651,SPhos,2,,76.37,73.09026336669922,18.030153274536133
reaction:1653,XPhos,7,,80.96,72.4238052368164,17.517498016357422
reaction:1657,P(tBu)3,5,,17.48,19.188085556030273,18.449312210083008
reaction:1658,P(Ph)3,4,,85.82,83.9450454711914,17.642465591430664
reaction:1659,AmPhos,2,,19.11,22.289682388305664,18.237258911132812
reaction:1660,P(Cy)3,1,,95.0,84.10000610351562,16.86005401611328
reaction:1661,P(o-Tol)3,1,,22.65,27.169710159301758,18.646930694580078
reaction:1662,CataCXium A,7,,37.69,37.461029052734375,16.857717514038086
reaction:1663,SPhos,2,,53.23,62.19751739501953,18.160646438598633
reaction:1665,XPhos,0,,70.51,67.80156707763672,17.92754554748535
reaction:1669,P(tBu)3,1,,21.44,19.198596954345703,17.931379318237305
reaction:1670,P(Ph)3,1,,83.61,82.99647521972656,18.629240036010742
reaction:1671,AmPhos,0,,29.86,21.265317916870117,18.383150100708008
reaction:1672,P(Cy)3,1,,77.59,67.90402221679688,17.34415054321289
reaction:1673,P(o-Tol)3,1,,20.35,23.886981964111328,18.9508056640625
reaction:1674,CataCXium A,2,,31.69,28.869436264038086,16.56450080871582
reaction:1675,SPhos,4,,55.07,65.24920654296875,17.52422523498535
reaction:1677,XPhos,0,,65.8,66.09365844726562,18.68356704711914
reaction:1681,P(tBu)3,2,,37.31,28.33525276184082,18.38603401184082
reaction:1682,P(Ph)3,4,,90.75,94.27961730957031,18.338956832885742
reaction:1683,AmPhos,1,,23.77,24.585779190063477,19.12662696838379
reaction:1684,P(Cy)3,5,,75.02,78.511962890625,17.07638931274414
reaction:1685,P(o-Tol)3,1,,33.92,33.3104248046875,18.864503860473633
reaction:1686,CataCXium A,7,,23.22,36.76076126098633,16.91377830505371
reaction:1687,SPhos,1,,82.31,76.6312484741211,17.39373016357422
reaction:1689,XPhos,3,,84.34,84.2488021850586,18.0808162689209
reaction:1693,P(tBu)3,3,,38.88,40.372562408447266,18.273387908935547
reaction:1694,P(Ph)3,7,,94.45,91.21273803710938,18.57216453552246
reaction:1695,AmPhos,7,,20.51,31.450517654418945,18.483386993408203
reaction:1696,P(Cy)3,0,,79.1,75.18722534179688,16.80794906616211
reaction:1697,P(o-Tol)3,4,,30.29,33.874656677246094,18.066463470458984
reaction:1698,CataCXium A,7,,18.55,33.49440383911133,16.55296516418457
reaction:1699,SPhos,6,,94.27,86.19548034667969,17.467571258544922
reaction:1701,XPhos,0,,93.61,85.4041748046875,17.437503814697266
reaction:1705,P(tBu)3,0,,37.8,39.13148498535156,17.80810546875
reaction:1706,P(Ph)3,2,,96.02,91.22312927246094,18.07167625427246
reaction:1707,AmPhos,5,,15.05,29.093067169189453,17.79018211364746
reaction:1708,P(Cy)3,7,,73.27,85.05218505859375,17.25873565673828
reaction:1709,P(o-Tol)3,2,,35.32,27.253759384155273,18.22071075439453
reaction:1710,CataCXium A,6,,28.86,36.92616653442383,16.73497200012207
reaction:1711,SPhos,2,,95.06,79.64508056640625,18.03473663330078
reaction:1713,XPhos,0,,91.7,86.73280334472656,17.137653350830078
reaction:1717,P(tBu)3,7,,39.91,43.535438537597656,18.383808135986328
reaction:1718,P(Ph)3,7,,96.15,90.87002563476562,18.678421020507812
reaction:1719,AmPhos,1,,25.97,29.293041229248047,18.375839233398438
reaction:1720,P(Cy)3,4,,94.3,79.3609390258789,17.08356475830078
reaction:1721,P(o-Tol)3,1,,25.48,33.4952278137207,19.304189682006836
reaction:1722,CataCXium A,4,,26.31,41.660282135009766,16.723819732666016
reaction:1723,SPhos,0,,82.24,80.59442901611328,17.38732147216797
reaction:1725,XPhos,6,,81.88,87.40492248535156,18.23576545715332
reaction:1729,P(tBu)3,6,,52.87,33.43541717529297,17.748971939086914
reaction:1730,P(Ph)3,4,,71.41,72.66474914550781,17.836191177368164
reaction:1731,AmPhos,3,,43.54,46.66119384765625,18.378400802612305
reaction:1732,P(Cy)3,1,,54.68,52.387638092041016,17.05426788330078
reaction:1733,P(o-Tol)3,0,,29.2,42.55853271484375,18.411828994750977
reaction:1734,CataCXium A,2,,23.29,53.207061767578125,16.96780014038086
reaction:1735,SPhos,7,,70.63,66.48160552978516,17.218807220458984
reaction:1737,XPhos,2,,68.92,64.010498046875,18.462751388549805
reaction:1741,P(tBu)3,0,,22.8,26.842016220092773,17.681127548217773
reaction:1742,P(Ph)3,7,,90.99,86.41236877441406,18.187225341796875
reaction:1743,AmPhos,5,,46.17,56.10368728637695,18.481931686401367
reaction:1744,P(Cy)3,3,,60.25,79.33590698242188,16.755531311035156
reaction:1745,P(o-Tol)3,5,,31.45,41.950618743896484,18.600191116333008
reaction:1746,CataCXium A,6,,68.31,46.31102752685547,17.00081443786621
reaction:1747,SPhos,7,,66.35,59.40614318847656,17.297077178955078
reaction:1749,XPhos,6,,52.63,60.28136444091797,18.7498779296875
reaction:1753,P(tBu)3,3,,10.33,30.404083251953125,18.180164337158203
reaction:1754,P(Ph)3,1,,92.04,85.53440856933594,18.72435760498047
reaction:1755,AmPhos,3,,66.56,55.877872467041016,18.573801040649414
reaction:1756,P(Cy)3,7,,93.1,81.67310333251953,17.142332077026367
reaction:1757,P(o-Tol)3,3,,58.79,55.19985580444336,18.25589942932129
reaction:1758,CataCXium A,7,,91.26,68.28333282470703,16.583030700683594
reaction:1759,SPhos,2,,72.82,80.56747436523438,18.39556884765625
reaction:1761,XPhos,0,,67.02,82.19578552246094,17.873537063598633
reaction:1765,P(tBu)3,2,,23.79,36.12624740600586,18.90121841430664
reaction:1766,P(Ph)3,3,,83.36,79.66758728027344,17.80240249633789
reaction:1767,AmPhos,0,,66.09,59.62937927246094,18.5222225189209
reaction:1768,P(Cy)3,0,,52.88,61.72467803955078,17.57594871520996
reaction:1769,P(o-Tol)3,2,,43.96,49.98594284057617,18.74936866760254
reaction:1770,CataCXium A,6,,65.1,49.389801025390625,16.71550178527832
reaction:1771,SPhos,2,,47.6,62.1598014831543,18.11327362060547
reaction:1773,XPhos,0,,48.02,64.51304626464844,18.495853424072266
reaction:1777,P(tBu)3,1,,39.79,45.053958892822266,18.567392349243164
reaction:1778,P(Ph)3,7,,83.87,87.54165649414062,18.753395080566406
reaction:1779,AmPhos,1,,61.52,59.819679260253906,18.80116081237793
reaction:1780,P(Cy)3,2,,89.01,70.88118743896484,17.055757522583008
reaction:1781,P(o-Tol)3,2,,54.78,52.93648910522461,18.267173767089844
reaction:1782,CataCXium A,7,,52.04,67.50653076171875,16.846092224121094
reaction:1783,SPhos,1,,74.8,79.54804992675781,17.299524307250977
reaction:1785,XPhos,0,,71.36,77.39387512207031,17.481082916259766
reaction:1789,P(tBu)3,4,,61.88,51.613502502441406,18.476451873779297
reaction:1790,P(Ph)3,6,,89.04,89.6854248046875,18.232837677001953
reaction:1791,AmPhos,4,,67.24,59.77310562133789,18.494142532348633
reaction:1792,P(Cy)3,6,,71.21,74.92239379882812,17.3231143951416
reaction:1793,P(o-Tol)3,5,,57.62,47.4331169128418,18.333799362182617
reaction:1794,CataCXium A,4,,53.67,62.83916091918945,16.491357803344727
reaction:1795,SPhos,4,,77.06,81.2145004272461,17.151981353759766
reaction:1797,XPhos,2,,75.0,70.24495697021484,18.422096252441406
reaction:1801,P(tBu)3,5,,65.32,47.82823944091797,18.267406463623047
reaction:1802,P(Ph)3,5,,85.9,82.02595520019531,17.725889205932617
reaction:1803,AmPhos,2,,57.78,51.78943634033203,18.621442794799805
reaction:1804,P(Cy)3,4,,70.55,64.23490905761719,16.94426155090332
reaction:1805,P(o-Tol)3,6,,45.41,44.60660934448242,17.908321380615234
reaction:1806,CataCXium A,4,,53.78,60.228389739990234,16.828535079956055
reaction:1807,SPhos,2,,75.33,58.520877838134766,18.241586685180664
reaction:1809,XPhos,5,,65.57,57.93925476074219,17.492591857910156
reaction:1813,P(tBu)3,4,,60.05,48.88287353515625,19.051883697509766
reaction:1814,P(Ph)3,6,,79.66,77.5299072265625,18.43789291381836
reaction:1815,AmPhos,2,,45.66,52.433387756347656,18.96866226196289
reaction:1816,P(Cy)3,6,,68.03,61.87721633911133,17.096637725830078
reaction:1817,P(o-Tol)3,0,,52.13,40.21265411376953,18.643945693969727
reaction:1818,CataCXium A,6,,49.82,52.59287643432617,16.94149398803711
reaction:1819,SPhos,7,,71.12,56.17040252685547,17.066308975219727
reaction:1821,XPhos,4,,74.08,49.11094284057617,18.17811393737793
reaction:1825,P(tBu)3,6,,28.74,18.52355194091797,18.199508666992188
reaction:1826,P(Ph)3,4,,91.0,84.076904296875,17.914480209350586
reaction:1827,AmPhos,6,,46.01,39.23544692993164,17.752845764160156
reaction:1828,P(Cy)3,2,,62.34,69.79247283935547,17.32032012939453
reaction:1829,P(o-Tol)3,4,,54.12,45.187870025634766,18.14190101623535
reaction:1830,CataCXium A,7,,36.3,35.29570007324219,16.372055053710938
reaction:1831,SPhos,5,,72.63,67.19316101074219,17.18612289428711
reaction:1833,XPhos,7,,63.61,67.78248596191406,17.622697830200195
reaction:1837,P(tBu)3,3,,26.25,27.251380920410156,18.705678939819336
reaction:1838,P(Ph)3,7,,92.54,95.81570434570312,18.262130737304688
reaction:1839,AmPhos,4,,54.75,43.29617691040039,18.044588088989258
reaction:1840,P(Cy)3,2,,89.22,81.99703979492188,17.716978073120117
reaction:1841,P(o-Tol)3,1,,55.28,47.412208557128906,18.07346534729004
reaction:1842,CataCXium A,5,,46.34,47.4050178527832,16.762306213378906
reaction:1843,SPhos,1,,57.38,62.36445617675781,17.51447296142578
reaction:1845,XPhos,7,,56.03,53.982879638671875,17.872310638427734
reaction:1849,P(tBu)3,6,,30.54,14.288761138916016,18.777183532714844
reaction:1850,P(Ph)3,5,,80.77,85.66626739501953,18.01715087890625
reaction:1851,AmPhos,7,,38.15,56.46458435058594,18.250797271728516
reaction:1852,P(Cy)3,6,,79.56,82.81985473632812,16.76755142211914
reaction:1853,P(o-Tol)3,2,,48.82,49.42633819580078,18.196950912475586
reaction:1854,CataCXium A,1,,41.54,53.79125213623047,16.68456268310547
reaction:1855,SPhos,3,,31.36,41.86427307128906,17.572059631347656
reaction:1857,XPhos,0,,36.08,45.807918548583984,17.700124740600586
reaction:1861,P(tBu)3,1,,25.47,20.966148376464844,18.475181579589844
reaction:1862,P(Ph)3,1,,94.74,94.83335876464844,18.565650939941406
reaction:1863,AmPhos,1,,55.38,51.50288391113281,18.480703353881836
reaction:1864,P(Cy)3,0,,83.07,75.80313110351562,17.229068756103516
reaction:1865,P(o-Tol)3,6,,61.24,57.295989990234375,18.094573974609375
reaction:1866,CataCXium A,5,,40.4,47.770729064941406,16.197816848754883
reaction:1867,SPhos,6,,74.29,63.69709014892578,18.067903518676758
reaction:1869,XPhos,4,,68.52,60.628990173339844,17.92725944519043
reaction:1873,P(tBu)3,5,,19.33,30.59018898010254,18.645648956298828
reaction:1874,P(Ph)3,7,,94.2,94.0543441772461,18.77166175842285
reaction:1875,AmPhos,5,,51.1,47.252410888671875,18.520280838012695
reaction:1876,P(Cy)3,7,,82.87,80.56037902832031,17.374366760253906
reaction:1877,P(o-Tol)3,3,,58.21,59.606632232666016,17.864713668823242
reaction:1878,CataCXium A,7,,35.0,50.23088455200195,17.216772079467773
reaction:1879,SPhos,1,,73.51,70.61841583251953,17.688152313232422
reaction:1881,XPhos,5,,71.6,68.98575592041016,18.407808303833008
reaction:1885,P(tBu)3,3,,22.38,34.45158767700195,17.935136795043945
reaction:1886,P(Ph)3,5,,94.74,99.2729263305664,17.78932762145996
reaction:1887,AmPhos,4,,50.15,44.496826171875,18.98297691345215
reaction:1888,P(Cy)3,6,,86.78,72.93639373779297,17.346603393554688
reaction:1889,P(o-Tol)3,4,,58.07,54.53040313720703,18.72682762145996
reaction:1890,CataCXium A,1,,36.27,45.21976852416992,16.937551498413086
reaction:1891,SPhos,7,,76.49,75.50112915039062,16.98131561279297
reaction:1893,XPhos,7,,76.38,71.89639282226562,17.802244186401367
reaction:1897,P(tBu)3,5,,22.3,27.909849166870117,18.777158737182617
reaction:1898,P(Ph)3,1,,86.35,91.11909484863281,18.052310943603516
reaction:1899,AmPhos,7,,39.96,47.7317008972168,18.11390495300293
reaction:1900,P(Cy)3,4,,74.99,70.20825958251953,17.112014770507812
reaction:1901,P(o-Tol)3,4,,48.59,47.9139289855957,18.570585250854492
reaction:1902,CataCXium A,4,,42.82,39.638275146484375,17.063249588012695
reaction:1903,SPhos,6,,38.93,52.43146514892578,17.358436584472656
reaction:1905,XPhos,3,,40.32,46.90044021606445,17.413536071777344
reaction:1909,P(tBu)3,1,,24.85,26.12010955810547,18.155399322509766
reaction:1910,P(Ph)3,5,,67.67,73.43778228759766,18.231216430664062
reaction:1911,AmPhos,4,,31.33,42.19453811645508,18.83460807800293
reaction:1912,P(Cy)3,2,,60.57,57.26350402832031,17.29510498046875
reaction:1913,P(o-Tol)3,4,,39.76,41.55500030517578,18.2312068939209
reaction:1914,CataCXium A,0,,34.18,37.435691833496094,16.629825592041016
reaction:1915,SPhos,1,,29.22,37.404945373535156,17.121030807495117
reaction:1917,XPhos,7,,28.87,38.841957092285156,17.532848358154297
reaction:1921,P(tBu)3,1,,93.45,88.98121643066406,18.258024215698242
reaction:1922,P(Ph)3,2,,91.77,89.28651428222656,18.139047622680664
reaction:1923,AmPhos,2,,94.83,94.82585906982422,18.159997940063477
reaction:1924,P(Cy)3,1,,85.66,85.21092987060547,17.620281219482422
reaction:1925,P(o-Tol)3,4,,84.89,84.01982116699219,18.310327529907227
reaction:1926,CataCXium A,1,,94.39,97.41710662841797,17.029584884643555
reaction:1927,SPhos,4,,91.96,90.89094543457031,17.65178108215332
reaction:1929,XPhos,1,,90.64,84.59991455078125,17.241544723510742
reaction:1933,P(tBu)3,2,,90.21,80.27361297607422,18.208751678466797
reaction:1934,P(Ph)3,0,,86.31,90.18199920654297,18.4200382232666
reaction:1935,AmPhos,0,,94.41,97.0865249633789,17.42637062072754
reaction:1936,P(Cy)3,2,,83.44,78.18309020996094,17.117019653320312
reaction:1937,P(o-Tol)3,2,,78.9,76.74713134765625,18.04091453552246
reaction:1938,CataCXium A,1,,87.12,90.25769805908203,17.22457504272461
reaction:1939,SPhos,2,,73.94,82.9096908569336,17.15517807006836
reaction:1941,XPhos,3,,74.99,72.82054901123047,18.12120819091797
reaction:1945,P(tBu)3,2,,77.29,79.02359771728516,18.407867431640625
reaction:1946,P(Ph)3,1,,82.9,80.94622802734375,18.06033706665039
reaction:1947,AmPhos,0,,91.18,90.22021484375,17.91828155517578
reaction:1948,P(Cy)3,5,,73.98,76.91593933105469,17.642366409301758
reaction:1949,P(o-Tol)3,4,,77.15,74.46258544921875,18.063323974609375
reaction:1950,CataCXium A,7,,88.58,85.35301208496094,16.320411682128906
reaction:1951,SPhos,7,,76.2,73.94966888427734,16.91830062866211
reaction:1953,XPhos,1,,72.25,66.87342071533203,18.51228904724121
reaction:1957,P(tBu)3,2,,73.51,83.07243347167969,18.27318000793457
reaction:1958,P(Ph)3,3,,76.58,77.94493103027344,17.97110939025879
reaction:1959,AmPhos,6,,85.14,86.59080505371094,18.470521926879883
reaction:1960,P(Cy)3,3,,65.61,70.21349334716797,17.05746078491211
reaction:1961,P(o-Tol)3,1,,66.38,65.25047302246094,18.260860443115234
reaction:1962,CataCXium A,5,,83.98,79.07296752929688,16.711484909057617
reaction:1963,SPhos,6,,81.32,66.01544952392578,18.400684356689453
reaction:1965,XPhos,6,,71.22,59.028785705566406,18.854148864746094
reaction:1969,P(tBu)3,6,,91.28,89.49391174316406,18.097829818725586
reaction:1970,P(Ph)3,5,,94.13,87.09120178222656,17.836894989013672
reaction:1971,AmPhos,5,,99.05,93.96202850341797,18.362478256225586
reaction:1972,P(Cy)3,1,,91.07,83.62904357910156,17.75922203063965
reaction:1973,P(o-Tol)3,5,,86.97,82.20623779296875,18.514314651489258
reaction:1974,CataCXium A,6,,95.97,97.35552978515625,17.165904998779297
reaction:1975,SPhos,7,,93.95,92.73969268798828,17.13715171813965
reaction:1977,XPhos,5,,93.06,84.79534912109375,17.662696838378906
reaction:1981,P(tBu)3,2,,98.42,101.58941650390625,17.397415161132812
reaction:1982,P(Ph)3,7,,94.7,95.37155151367188,18.154699325561523
reaction:1983,AmPhos,1,,99.15,96.75064086914062,19.588481903076172
reaction:1984,P(Cy)3,5,,92.42,88.93692779541016,17.751344680786133
reaction:1985,P(o-Tol)3,2,,88.64,95.18856811523438,17.78020668029785
reaction:1986,CataCXium A,4,,96.48,97.43748474121094,16.96596908569336
reaction:1987,SPhos,3,,93.44,99.6304931640625,17.35264015197754
reaction:1989,XPhos,7,,92.77,86.2978515625,17.624919891357422
reaction:1993,P(tBu)3,5,,96.3,101.59668731689453,17.96221160888672
reaction:1994,P(Ph)3,5,,94.38,89.46286010742188,17.908885955810547
reaction:1995,AmPhos,1,,97.98,90.33628845214844,18.61284065246582
reaction:1996,P(Cy)3,5,,85.57,84.45184326171875,17.397201538085938
reaction:1997,P(o-Tol)3,1,,83.26,77.40945434570312,18.047286987304688
reaction:1998,CataCXium A,4,,94.32,91.1015625,17.023378372192383
reaction:1999,SPhos,4,,84.9,87.09148406982422,17.593860626220703
reaction:2001,XPhos,2,,72.37,83.20135498046875,17.23767852783203
reaction:2005,P(tBu)3,1,,90.88,87.25813293457031,18.448705673217773
reaction:2006,P(Ph)3,2,,79.83,78.5029296875,18.046316146850586
reaction:2007,AmPhos,1,,86.16,86.62947082519531,19.33358383178711
reaction:2008,P(Cy)3,6,,61.84,66.15313720703125,17.221681594848633
reaction:2009,P(o-Tol)3,4,,58.42,62.11909484863281,18.44398307800293
reaction:2010,CataCXium A,1,,71.98,76.88908386230469,17.176958084106445
reaction:2011,SPhos,4,,63.7,66.24676513671875,17.904924392700195
reaction:2013,XPhos,1,,48.24,59.69464111328125,18.107587814331055
reaction:2017,P(tBu)3,0,,87.52,86.94721984863281,18.21879768371582
reaction:2018,P(Ph)3,4,,86.4,90.7746810913086,18.339990615844727
reaction:2019,AmPhos,6,,91.17,93.9760513305664,18.40271759033203
reaction:2020,P(Cy)3,7,,75.17,83.91316223144531,16.951528549194336
reaction:2021,P(o-Tol)3,7,,73.61,77.10533142089844,17.696874618530273
reaction:2022,CataCXium A,0,,92.59,90.02433776855469,16.9724063873291
reaction:2023,SPhos,3,,81.41,81.864501953125,17.306074142456055
reaction:2025,XPhos,7,,82.69,80.20826721191406,17.642135620117188
reaction:2029,P(tBu)3,0,,95.58,78.51921081542969,17.989316940307617
reaction:2030,P(Ph)3,3,,94.23,85.49392700195312,18.384775161743164
reaction:2031,AmPhos,3,,91.47,86.82688903808594,18.386749267578125
reaction:2032,P(Cy)3,4,,75.42,79.28167724609375,17.076425552368164
reaction:2033,P(o-Tol)3,5,,63.8,71.66770935058594,19.50718116760254
reaction:2034,CataCXium A,1,,87.5,87.28652954101562,17.284076690673828
reaction:2035,SPhos,5,,68.79,67.5992431640625,16.738548278808594
reaction:2037,XPhos,5,,56.96,65.99807739257812,17.15176010131836
reaction:2041,P(tBu)3,3,,70.1,60.17826461791992,18.38800621032715
reaction:2042,P(Ph)3,3,,73.19,73.10975646972656,18.43988609313965
reaction:2043,AmPhos,5,,79.38,83.09542846679688,18.495946884155273
reaction:2044,P(Cy)3,0,,64.74,66.26403045654297,16.79152488708496
reaction:2045,P(o-Tol)3,5,,51.31,62.33104705810547,19.42169189453125
reaction:2046,CataCXium A,5,,73.74,79.12632751464844,17.203969955444336
reaction:2047,SPhos,4,,50.98,48.86030197143555,17.027502059936523
reaction:2049,XPhos,7,,41.21,49.59041976928711,17.38224220275879
reaction:2053,P(tBu)3,2,,62.64,75.53062438964844,18.07008171081543
reaction:2054,P(Ph)3,0,,63.24,70.69682312011719,18.62454605102539
reaction:2055,AmPhos,2,,72.78,78.25230407714844,19.1221981048584
reaction:2056,P(Cy)3,1,,53.88,58.342960357666016,17.54099464416504
reaction:2057,P(o-Tol)3,5,,46.37,55.555328369140625,18.369842529296875
reaction:2058,CataCXium A,5,,70.7,74.1955337524414,17.286190032958984
reaction:2059,SPhos,3,,47.47,55.74251174926758,17.6776065826416
reaction:2061,XPhos,5,,43.93,53.93108367919922,17.643856048583984
reaction:2065,P(tBu)3,1,,79.77,79.63594055175781,18.74532127380371
reaction:2066,P(Ph)3,7,,77.32,82.35237121582031,18.058422088623047
reaction:2067,AmPhos,3,,84.23,81.70152282714844,18.28546142578125
reaction:2068,P(Cy)3,1,,68.45,72.5224838256836,17.57480812072754
reaction:2069,P(o-Tol)3,3,,64.85,66.12511444091797,18.486188888549805
reaction:2070,CataCXium A,5,,86.12,82.40038299560547,17.165616989135742
reaction:2071,SPhos,3,,73.7,75.87353515625,17.90653419494629
reaction:2073,XPhos,2,,72.71,72.09347534179688,17.42305564880371
reaction:2077,P(tBu)3,7,,93.55,93.81544494628906,18.070877075195312
reaction:2078,P(Ph)3,5,,94.71,87.82920837402344,18.641141891479492
reaction:2079,AmPhos,7,,95.53,95.25489807128906,18.76915168762207
reaction:2080,P(Cy)3,7,,82.19,82.41646575927734,17.008150100708008
reaction:2081,P(o-Tol)3,5,,87.04,82.36924743652344,19.274221420288086
reaction:2082,CataCXium A,5,,96.61,90.78563690185547,17.382099151611328
reaction:2083,SPhos,2,,95.34,87.94133758544922,16.65882110595703
reaction:2085,XPhos,0,,93.67,79.54957580566406,16.924135208129883
reaction:2089,P(tBu)3,4,,96.25,99.49260711669922,17.6899471282959
reaction:2090,P(Ph)3,0,,97.09,91.95901489257812,18.275264739990234
reaction:2091,AmPhos,7,,96.0,87.84838104248047,18.38298797607422
reaction:2092,P(Cy)3,7,,90.29,81.60484313964844,17.122745513916016
reaction:2093,P(o-Tol)3,6,,84.87,70.8202896118164,18.19426918029785
reaction:2094,CataCXium A,0,,94.85,95.12776184082031,16.705345153808594
reaction:2095,SPhos,4,,85.37,84.26860046386719,17.50178337097168
reaction:2097,XPhos,4,,80.34,76.45657348632812,17.601755142211914
reaction:2101,P(tBu)3,5,,89.61,88.08244323730469,18.34382438659668
reaction:2102,P(Ph)3,2,,88.95,86.11271667480469,18.178104400634766
reaction:2103,AmPhos,7,,89.95,90.86865234375,18.33377456665039
reaction:2104,P(Cy)3,2,,77.56,78.86592102050781,17.387033462524414
reaction:2105,P(o-Tol)3,3,,65.8,60.13450622558594,18.50336265563965
reaction:2106,CataCXium A,3,,86.35,83.64012145996094,16.755224227905273
reaction:2107,SPhos,6,,68.0,72.2825927734375,17.25473403930664
reaction:2109,XPhos,1,,61.65,62.88117218017578,17.883140563964844
reaction:2113,P(tBu)3,6,,74.71,69.75894165039062,18.141557693481445
reaction:2114,P(Ph)3,7,,88.53,94.76317596435547,18.19116973876953
reaction:2115,AmPhos,0,,93.09,94.73284912109375,17.341419219970703
reaction:2116,P(Cy)3,6,,93.81,81.19068908691406,17.187875747680664
reaction:2117,P(o-Tol)3,3,,82.45,70.54704284667969,18.677146911621094
reaction:2118,CataCXium A,3,,94.6,92.70736694335938,16.646818161010742
reaction:2119,SPhos,7,,91.09,90.44905853271484,17.12338638305664
reaction:2121,XPhos,2,,90.34,79.89332580566406,17.21539878845215
reaction:2125,P(tBu)3,7,,9.76,54.974708557128906,17.77662467956543
reaction:2126,P(Ph)3,6,,93.09,89.18809509277344,17.8863582611084
reaction:2127,AmPhos,3,,88.64,82.77278900146484,18.399858474731445
reaction:2128,P(Cy)3,4,,70.05,77.78752136230469,17.151065826416016
reaction:2129,P(o-Tol)3,2,,62.61,65.03009796142578,17.973379135131836
reaction:2130,CataCXium A,7,,84.49,80.24197387695312,16.612510681152344
reaction:2131,SPhos,1,,75.87,76.21985626220703,18.032880783081055
reaction:2133,XPhos,6,,72.62,67.7239990234375,18.26689910888672
reaction:2137,P(tBu)3,2,,8.72,47.99105453491211,18.105989456176758
reaction:2138,P(Ph)3,4,,90.92,86.9093246459961,18.29604721069336
reaction:2139,AmPhos,6,,91.83,82.37973022460938,17.94892120361328
reaction:2140,P(Cy)3,5,,82.68,78.03697204589844,17.499319076538086
reaction:2141,P(o-Tol)3,5,,77.72,69.69962310791016,18.57299041748047
reaction:2142,CataCXium A,2,,94.69,88.83467102050781,17.07654571533203
reaction:2143,SPhos,4,,82.58,76.34879302978516,17.189105987548828
reaction:2145,XPhos,1,,75.7,71.20357513427734,18.463333129882812
reaction:2149,P(tBu)3,3,,67.21,47.9626579284668,17.653120040893555
reaction:2150,P(Ph)3,3,,82.49,80.92997741699219,18.131637573242188
reaction:2151,AmPhos,3,,85.38,88.08468627929688,18.589923858642578
reaction:2152,P(Cy)3,0,,60.87,67.53817749023438,17.117565155029297
reaction:2153,P(o-Tol)3,4,,55.43,64.32135772705078,18.324983596801758
reaction:2154,CataCXium A,2,,80.23,79.08706665039062,17.011741638183594
reaction:2155,SPhos,6,,65.91,65.33211517333984,17.987205505371094
reaction:2157,XPhos,7,,51.28,64.95785522460938,16.874624252319336
reaction:2161,P(tBu)3,4,,56.56,63.29271697998047,18.730262756347656
reaction:2162,P(Ph)3,0,,93.46,91.928955078125,18.367048263549805
reaction:2163,AmPhos,6,,91.35,92.89344787597656,18.561641693115234
reaction:2164,P(Cy)3,6,,93.62,83.96340942382812,17.4284725189209
reaction:2165,P(o-Tol)3,3,,82.14,73.76168060302734,18.229835510253906
reaction:2166,CataCXium A,6,,94.13,94.49273681640625,17.079397201538086
reaction:2167,SPhos,5,,88.89,88.32186889648438,17.44180679321289
reaction:2169,XPhos,3,,85.96,77.31010437011719,18.336902618408203
reaction:2173,P(tBu)3,1,,88.33,79.73872375488281,18.23318099975586
reaction:2174,P(Ph)3,7,,95.49,98.81742858886719,18.190645217895508
reaction:2175,AmPhos,1,,96.28,97.84251403808594,18.863550186157227
reaction:2176,P(Cy)3,3,,89.03,90.89297485351562,17.063426971435547
reaction:2177,P(o-Tol)3,3,,82.58,79.60037231445312,18.335065841674805
reaction:2178,CataCXium A,5,,96.97,97.01268005371094,17.174476623535156
reaction:2179,SPhos,3,,93.79,90.02803802490234,17.33863067626953
reaction:2181,XPhos,1,,82.14,80.88616943359375,18.11984634399414
reaction:2185,P(tBu)3,6,,92.96,71.11019897460938,17.99848175048828
reaction:2186,P(Ph)3,1,,89.15,91.85287475585938,18.01035499572754
reaction:2187,AmPhos,2,,90.81,87.41950988769531,18.4510440826416
reaction:2188,P(Cy)3,3,,76.98,77.13392639160156,16.83245277404785
reaction:2189,P(o-Tol)3,5,,71.34,68.79662322998047,18.50554084777832
reaction:2190,CataCXium A,4,,86.44,86.94359588623047,16.87046241760254
reaction:2191,SPhos,4,,73.02,73.34349060058594,17.39546775817871
reaction:2193,XPhos,7,,72.75,69.7427749633789,17.216060638427734
reaction:2197,P(tBu)3,4,,90.92,60.09050369262695,18.66151237487793
reaction:2198,P(Ph)3,4,,95.18,77.20478820800781,19.029197692871094
reaction:2199,AmPhos,2,,95.78,83.80183410644531,18.632741928100586
reaction:2200,P(Cy)3,5,,62.9,69.32737731933594,17.351642608642578
reaction:2201,P(o-Tol)3,1,,51.62,65.46019744873047,18.573747634887695
reaction:2202,CataCXium A,7,,74.53,73.88179016113281,16.715299606323242
reaction:2203,SPhos,1,,55.91,64.59689331054688,17.550676345825195
reaction:2205,XPhos,4,,44.36,55.0756721496582,18.019166946411133
reaction:2209,P(tBu)3,6,,80.02,82.41810607910156,18.798564910888672
reaction:2210,P(Ph)3,6,,89.96,82.08137512207031,17.928176879882812
reaction:2211,AmPhos,5,,90.36,84.57461547851562,18.095775604248047
reaction:2212,P(Cy)3,5,,84.38,89.19795227050781,17.94571876525879
reaction:2213,P(o-Tol)3,7,,83.25,90.26930236816406,17.947982788085938
reaction:2214,CataCXium A,0,,84.8,83.27458190917969,16.66570472717285
reaction:2215,SPhos,4,,83.9,92.82408142089844,17.386064529418945
reaction:2217,XPhos,4,,81.05,92.8808364868164,17.91258430480957
reaction:2221,P(tBu)3,4,,77.27,68.7274169921875,18.415912628173828
reaction:2222,P(Ph)3,3,,87.84,88.68292236328125,18.355024337768555
reaction:2223,AmPhos,0,,90.07,91.07785034179688,17.48708724975586
reaction:2224,P(Cy)3,3,,86.58,85.99601745605469,17.0654296875
reaction:2225,P(o-Tol)3,5,,86.82,86.92964172363281,18.53544044494629
reaction:2226,CataCXium A,1,,83.75,86.44727325439453,17.088394165039062
reaction:2227,SPhos,1,,82.5,84.23260498046875,17.663002014160156
reaction:2229,XPhos,2,,81.52,80.82788848876953,17.28727149963379
reaction:2233,P(tBu)3,5,,67.08,62.60346603393555,17.716033935546875
reaction:2234,P(Ph)3,5,,68.0,76.46571350097656,18.784513473510742
reaction:2235,AmPhos,0,,75.68,85.10874938964844,18.023273468017578
reaction:2236,P(Cy)3,5,,77.41,76.71209716796875,18.002552032470703
reaction:2237,P(o-Tol)3,5,,72.92,80.47421264648438,18.401248931884766
reaction:2238,CataCXium A,4,,76.08,75.12114715576172,16.714557647705078
reaction:2239,SPhos,1,,52.18,62.6134033203125,17.334415435791016
reaction:2241,XPhos,3,,49.61,64.52067565917969,17.842676162719727
reaction:2245,P(tBu)3,6,,83.04,81.21090698242188,18.157806396484375
reaction:2246,P(Ph)3,5,,90.36,80.2891845703125,17.456985473632812
reaction:2247,AmPhos,5,,92.58,81.38978576660156,18.57468032836914
reaction:2248,P(Cy)3,0,,88.04,85.01463317871094,16.790372848510742
reaction:2249,P(o-Tol)3,0,,88.19,78.5571060180664,18.241411209106445
reaction:2250,CataCXium A,2,,91.15,83.71395874023438,17.40935707092285
reaction:2251,SPhos,3,,88.96,90.56962585449219,17.55307388305664
reaction:2253,XPhos,4,,85.09,81.62217712402344,18.04819679260254
reaction:2257,P(tBu)3,3,,80.91,72.92762756347656,18.095096588134766
reaction:2258,P(Ph)3,2,,83.21,85.49442291259766,18.031545639038086
reaction:2259,AmPhos,2,,83.8,87.0621337890625,18.20240592956543
reaction:2260,P(Cy)3,5,,78.56,90.79804992675781,17.798931121826172
reaction:2261,P(o-Tol)3,1,,86.4,85.53702545166016,18.5449161529541
reaction:2262,CataCXium A,1,,83.71,84.29246520996094,16.999963760375977
reaction:2263,SPhos,7,,87.81,86.37887573242188,16.89751434326172
reaction:2265,XPhos,2,,82.35,92.02208709716797,17.507041931152344
reaction:2269,P(tBu)3,7,,85.92,80.47418975830078,18.134801864624023
reaction:2270,P(Ph)3,7,,92.33,93.54662322998047,18.09889793395996
reaction:2271,AmPhos,1,,100.0,85.92527770996094,19.136537551879883
reaction:2272,P(Cy)3,5,,89.27,92.97904968261719,18.083297729492188
reaction:2273,P(o-Tol)3,1,,100.0,91.48473358154297,18.46269416809082
reaction:2274,CataCXium A,0,,86.19,90.48197174072266,16.499385833740234
reaction:2275,SPhos,3,,100.0,97.99282836914062,17.486574172973633
reaction:2277,XPhos,4,,91.9,101.82766723632812,17.6861515045166
reaction:2281,P(tBu)3,5,,70.65,79.47348022460938,18.172531127929688
reaction:2282,P(Ph)3,2,,78.77,85.64312744140625,17.34148597717285
reaction:2283,AmPhos,6,,73.96,89.93771362304688,18.675596237182617
reaction:2284,P(Cy)3,3,,84.05,80.90919494628906,16.877578735351562
reaction:2285,P(o-Tol)3,7,,72.18,88.75309753417969,17.652387619018555
reaction:2286,CataCXium A,5,,73.53,86.1673812866211,17.132150650024414
reaction:2287,SPhos,3,,76.43,70.29034423828125,17.26138687133789
reaction:2289,XPhos,5,,78.36,67.63191986083984,16.968666076660156
reaction:2293,P(tBu)3,6,,41.39,65.34957885742188,18.967239379882812
reaction:2294,P(Ph)3,3,,47.4,65.38150024414062,18.359582901000977
reaction:2295,AmPhos,6,,66.14,78.18280029296875,18.190732955932617
reaction:2296,P(Cy)3,6,,72.16,53.24599075317383,17.05478286743164
reaction:2297,P(o-Tol)3,6,,64.73,60.533302307128906,17.530960083007812
reaction:2298,CataCXium A,2,,55.71,64.23660278320312,17.201459884643555
reaction:2299,SPhos,0,,63.75,46.70273208618164,17.699153900146484
reaction:2301,XPhos,1,,66.05,47.25197982788086,18.190950393676758
reaction:2305,P(tBu)3,6,,54.09,74.68217468261719,17.59912872314453
reaction:2306,P(Ph)3,3,,89.89,79.2744140625,18.34282875061035
reaction:2307,AmPhos,2,,88.23,84.65510559082031,18.521995544433594
reaction:2308,P(Cy)3,4,,71.74,78.29791259765625,17.06192970275879
reaction:2309,P(o-Tol)3,5,,75.74,62.8151741027832,18.09624671936035
reaction:2310,CataCXium A,4,,87.89,81.06908416748047,17.076417922973633
reaction:2311,SPhos,4,,85.64,89.25921630859375,17.157289505004883
reaction:2313,XPhos,6,,73.21,81.78187561035156,17.62784767150879
reaction:2317,P(tBu)3,2,,60.99,59.582908630371094,18.976030349731445
reaction:2318,P(Ph)3,0,,68.23,74.44872283935547,17.97498893737793
reaction:2319,AmPhos,6,,66.89,76.9864501953125,19.230749130249023
reaction:2320,P(Cy)3,2,,70.14,60.938377380371094,17.477746963500977
reaction:2321,P(o-Tol)3,1,,59.04,62.14215850830078,17.997724533081055
reaction:2322,CataCXium A,1,,56.68,72.76121520996094,16.934402465820312
reaction:2323,SPhos,0,,73.5,65.54126739501953,17.151592254638672
reaction:2325,XPhos,2,,60.47,57.54341125488281,18.48334312438965
reaction:2329,P(tBu)3,0,,0.0,60.13753128051758,17.77109718322754
reaction:2330,P(Ph)3,3,,53.51,65.76864624023438,18.074874877929688
reaction:2331,AmPhos,0,,68.33,67.83308410644531,18.064128875732422
reaction:2332,P(Cy)3,6,,72.87,39.48031997680664,16.829452514648438
reaction:2333,P(o-Tol)3,6,,70.13,52.908119201660156,18.82657241821289
reaction:2334,CataCXium A,4,,57.5,63.81107711791992,16.375743865966797
reaction:2335,SPhos,4,,73.4,62.11187744140625,16.454532623291016
reaction:2337,XPhos,0,,58.39,52.216697692871094,17.582216262817383
reaction:2341,P(tBu)3,0,,38.56,55.5569953918457,17.90117835998535
reaction:2342,P(Ph)3,2,,59.59,56.39017868041992,17.887975692749023
reaction:2343,AmPhos,0,,61.85,67.28607940673828,18.498781204223633
reaction:2344,P(Cy)3,2,,40.11,38.11577606201172,17.50786018371582
reaction:2345,P(o-Tol)3,4,,35.17,46.87710952758789,18.48546600341797
reaction:2346,CataCXium A,1,,48.02,61.294857025146484,17.123186111450195
reaction:2347,SPhos,5,,53.78,54.31800842285156,17.916641235351562
reaction:2349,XPhos,0,,55.03,45.06190872192383,18.287612915039062
reaction:2353,P(tBu)3,5,,54.09,58.42084503173828,18.524600982666016
reaction:2354,P(Ph)3,6,,70.82,70.36026763916016,18.52866554260254
reaction:2355,AmPhos,5,,81.7,77.51614379882812,19.47952651977539
reaction:2356,P(Cy)3,1,,74.2,67.25027465820312,17.459877014160156
reaction:2357,P(o-Tol)3,0,,61.1,62.38473892211914,18.50260353088379
reaction:2358,CataCXium A,0,,78.09,79.96038818359375,17.025527954101562
reaction:2359,SPhos,7,,89.93,82.61650085449219,17.543062210083008
reaction:2361,XPhos,0,,70.65,75.85499572753906,16.9506893157959
reaction:2365,P(tBu)3,3,,92.06,66.91718292236328,18.15886688232422
reaction:2366,P(Ph)3,1,,73.07,88.12396240234375,17.819778442382812
reaction:2367,AmPhos,4,,85.26,83.18943786621094,18.697622299194336
reaction:2368,P(Cy)3,0,,87.12,80.68376159667969,16.84695816040039
reaction:2369,P(o-Tol)3,5,,76.39,60.832550048828125,18.343475341796875
reaction:2370,CataCXium A,0,,70.45,84.58839416503906,17.201473236083984
reaction:2371,SPhos,0,,82.08,92.60227966308594,16.998336791992188
reaction:2373,XPhos,4,,77.21,69.91374969482422,17.504825592041016
reaction:2377,P(tBu)3,4,,91.87,63.51713943481445,17.81342124938965
reaction:2378,P(Ph)3,4,,86.04,68.25529479980469,18.340059280395508
reaction:2379,AmPhos,6,,81.14,83.67257690429688,18.895814895629883
reaction:2380,P(Cy)3,4,,58.71,69.0986328125,16.528400421142578
reaction:2381,P(o-Tol)3,0,,53.69,56.702388763427734,18.242469787597656
reaction:2382,CataCXium A,5,,82.92,76.22850036621094,17.07518196105957
reaction:2383,SPhos,5,,74.65,76.36539459228516,17.824411392211914
reaction:2385,XPhos,6,,60.58,64.38076782226562,18.25859832763672
reaction:2389,P(tBu)3,2,,90.41,63.2511100769043,18.841012954711914
reaction:2390,P(Ph)3,6,,73.11,67.32681274414062,18.377965927124023
reaction:2391,AmPhos,5,,83.89,74.08307647705078,19.074594497680664
reaction:2392,P(Cy)3,3,,51.13,61.85531234741211,17.00421714782715
reaction:2393,P(o-Tol)3,7,,53.85,52.494407653808594,17.88678550720215
reaction:2394,CataCXium A,2,,75.67,69.56517791748047,16.988603591918945
reaction:2395,SPhos,0,,58.46,64.65396118164062,17.625194549560547
reaction:2397,XPhos,1,,56.14,55.84204864501953,17.818885803222656
reaction:2401,P(tBu)3,3,,91.58,86.21173858642578,18.008773803710938
reaction:2402,P(Ph)3,7,,78.77,87.27192687988281,18.266578674316406
reaction:2403,AmPhos,6,,91.57,91.36514282226562,18.496231079101562
reaction:2404,P(Cy)3,4,,72.23,69.02005767822266,16.767406463623047
reaction:2405,P(o-Tol)3,1,,55.9,60.2662353515625,18.54682159423828
reaction:2406,CataCXium A,4,,95.99,91.13150024414062,17.201372146606445
reaction:2407,SPhos,0,,87.24,80.90101623535156,16.99004554748535
reaction:2409,XPhos,4,,79.27,64.68289184570312,17.668180465698242
reaction:2413,P(tBu)3,7,,94.76,82.29411315917969,19.494831085205078
reaction:2414,P(Ph)3,2,,84.05,78.38325500488281,18.515825271606445
reaction:2415,AmPhos,0,,83.02,80.3602066040039,17.679210662841797
reaction:2416,P(Cy)3,3,,51.05,66.51908111572266,17.04010581970215
reaction:2417,P(o-Tol)3,5,,57.14,50.58568572998047,18.391727447509766
reaction:2418,CataCXium A,0,,87.79,75.70938873291016,17.352319717407227
reaction:2419,SPhos,6,,58.9,64.33883666992188,17.931285858154297
reaction:2421,XPhos,5,,46.82,52.675392150878906,18.28411865234375
reaction:2425,P(tBu)3,5,,62.75,58.10805892944336,19.006349563598633
reaction:2426,P(Ph)3,6,,67.34,66.93618774414062,19.198293685913086
reaction:2427,AmPhos,3,,72.45,72.87421417236328,17.723133087158203
reaction:2428,P(Cy)3,3,,35.86,52.809295654296875,16.91980743408203
reaction:2429,P(o-Tol)3,3,,50.31,45.16398239135742,18.150287628173828
reaction:2430,CataCXium A,7,,77.02,73.63945007324219,16.686994552612305
reaction:2431,SPhos,6,,44.12,54.345428466796875,18.24464988708496
reaction:2433,XPhos,6,,35.27,38.69554901123047,19.24817657470703
reaction:2437,P(tBu)3,2,,63.86,68.31864166259766,18.748981475830078
reaction:2438,P(Ph)3,0,,57.83,69.48440551757812,18.40630340576172
reaction:2439,AmPhos,4,,69.6,74.39429473876953,18.961069107055664
reaction:2440,P(Cy)3,2,,30.49,40.27062225341797,17.67230987548828
reaction:2441,P(o-Tol)3,3,,35.36,34.975948333740234,18.0440673828125
reaction:2442,CataCXium A,7,,76.6,71.32833099365234,16.780824661254883
reaction:2443,SPhos,2,,43.0,47.74233627319336,17.804794311523438
reaction:2445,XPhos,5,,41.3,44.25794219970703,18.940387725830078
reaction:2449,P(tBu)3,7,,84.63,69.41883850097656,18.90203857421875
reaction:2450,P(Ph)3,4,,66.77,75.31997680664062,18.463165283203125
reaction:2451,AmPhos,5,,82.33,76.4913101196289,18.846532821655273
reaction:2452,P(Cy)3,4,,51.68,58.01925277709961,16.883014678955078
reaction:2453,P(o-Tol)3,4,,47.09,51.21403884887695,18.375131607055664
reaction:2454,CataCXium A,6,,87.49,82.39414978027344,16.867767333984375
reaction:2455,SPhos,3,,65.49,74.04073333740234,17.840646743774414
reaction:2457,XPhos,0,,58.58,63.8583984375,16.711721420288086
reaction:2461,P(tBu)3,7,,95.96,93.31519317626953,19.236082077026367
reaction:2462,P(Ph)3,4,,84.07,81.17915344238281,18.418209075927734
reaction:2463,AmPhos,2,,89.16,86.75852966308594,19.008235931396484
reaction:2464,P(Cy)3,5,,69.93,72.90853881835938,17.37376594543457
reaction:2465,P(o-Tol)3,3,,48.16,66.20252227783203,18.014516830444336
reaction:2466,CataCXium A,0,,96.19,88.03164672851562,16.96670150756836
reaction:2467,SPhos,2,,84.96,70.28718566894531,17.236122131347656
reaction:2469,XPhos,3,,62.77,67.74414825439453,17.73047637939453
reaction:2473,P(tBu)3,5,,96.75,98.99239349365234,19.256311416625977
reaction:2474,P(Ph)3,6,,89.53,83.90855407714844,18.82703399658203
reaction:2475,AmPhos,4,,83.51,92.85507202148438,18.39421844482422
reaction:2476,P(Cy)3,0,,73.54,59.91024398803711,16.610401153564453
reaction:2477,P(o-Tol)3,7,,50.25,53.61446762084961,18.111433029174805
reaction:2478,CataCXium A,7,,94.07,100.75443267822266,16.783103942871094
reaction:2479,SPhos,5,,87.02,78.40806579589844,17.998519897460938
reaction:2481,XPhos,4,,78.0,58.143394470214844,17.372295379638672
reaction:2485,P(tBu)3,7,,95.63,92.16636657714844,19.295917510986328
reaction:2486,P(Ph)3,7,,90.28,75.72334289550781,18.544219970703125
reaction:2487,AmPhos,4,,89.01,93.93583679199219,19.1126708984375
reaction:2488,P(Cy)3,4,,68.94,61.37211608886719,16.653345108032227
reaction:2489,P(o-Tol)3,5,,58.19,52.81258773803711,18.368505477905273
reaction:2490,CataCXium A,2,,93.15,98.6636962890625,16.843669891357422
reaction:2491,SPhos,0,,74.94,65.900146484375,17.57792091369629
reaction:2493,XPhos,3,,62.86,66.98686218261719,17.737377166748047
reaction:2497,P(tBu)3,3,,76.5,74.15294647216797,18.582319259643555
reaction:2498,P(Ph)3,6,,73.78,73.05751037597656,18.123886108398438
reaction:2499,AmPhos,4,,79.7,69.94129180908203,18.785728454589844
reaction:2500,P(Cy)3,3,,64.78,59.241790771484375,16.70273208618164
reaction:2501,P(o-Tol)3,0,,24.56,34.03468704223633,18.268293380737305
reaction:2502,CataCXium A,7,,65.95,77.18049621582031,16.30349349975586
reaction:2503,SPhos,3,,66.0,56.17875289916992,17.383167266845703
reaction:2505,XPhos,4,,34.74,40.62324523925781,17.71424102783203
reaction:2509,P(tBu)3,4,,46.47,47.425228118896484,17.8394832611084
reaction:2510,P(Ph)3,2,,69.04,64.54585266113281,19.01973533630371
reaction:2511,AmPhos,3,,48.07,50.518192291259766,17.43729591369629
reaction:2512,P(Cy)3,2,,51.21,41.09733581542969,17.54157066345215
reaction:2513,P(o-Tol)3,2,,14.81,19.019006729125977,18.216001510620117
reaction:2514,CataCXium A,0,,49.06,47.815834045410156,17.48001480102539
reaction:2515,SPhos,2,,26.04,34.92761993408203,17.692583084106445
reaction:2517,XPhos,0,,22.13,15.011150360107422,17.290546417236328
reaction:2521,P(tBu)3,2,,36.03,27.716060638427734,18.56498146057129
reaction:2522,P(Ph)3,1,,73.12,53.40501022338867,18.423263549804688
reaction:2523,AmPhos,7,,46.27,58.952049255371094,17.966156005859375
reaction:2524,P(Cy)3,0,,36.75,52.839542388916016,16.94009780883789
reaction:2525,P(o-Tol)3,4,,24.77,25.404033660888672,17.762451171875
reaction:2526,CataCXium A,1,,71.45,57.23958969116211,17.17129898071289
reaction:2527,SPhos,2,,46.34,46.7515983581543,18.1201171875
reaction:2529,XPhos,7,,21.87,27.20548439025879,18.2403507232666
reaction:2533,P(tBu)3,3,,48.73,46.6595573425293,17.868619918823242
reaction:2534,P(Ph)3,1,,61.38,53.09698486328125,18.24286460876465
reaction:2535,AmPhos,3,,54.47,59.75257873535156,18.146238327026367
reaction:2536,P(Cy)3,1,,20.64,36.66745376586914,17.702741622924805
reaction:2537,P(o-Tol)3,3,,11.81,13.620922088623047,18.01688575744629
reaction:2538,CataCXium A,1,,54.23,57.277374267578125,17.47085952758789
reaction:2539,SPhos,6,,29.16,27.09957504272461,17.916593551635742
reaction:2541,XPhos,0,,15.46,15.892496109008789,17.827722549438477
reaction:2545,P(tBu)3,4,,48.06,62.826454162597656,18.761056900024414
reaction:2546,P(Ph)3,2,,64.78,64.61071014404297,18.96230697631836
reaction:2547,AmPhos,4,,66.62,66.44559478759766,18.589330673217773
reaction:2548,P(Cy)3,0,,67.83,58.54365158081055,17.16676902770996
reaction:2549,P(o-Tol)3,6,,30.73,24.81574058532715,18.16440773010254
reaction:2550,CataCXium A,5,,64.75,78.18834686279297,16.975385665893555
reaction:2551,SPhos,5,,63.96,55.993770599365234,18.189910888671875
reaction:2553,XPhos,2,,43.51,32.18632507324219,18.162702560424805
reaction:2557,P(tBu)3,4,,78.71,83.57681274414062,18.889720916748047
reaction:2558,P(Ph)3,4,,75.39,72.40937805175781,18.510799407958984
reaction:2559,AmPhos,6,,69.89,70.9107666015625,18.198320388793945
reaction:2560,P(Cy)3,4,,64.27,65.6640625,16.52159881591797
reaction:2561,P(o-Tol)3,0,,26.26,27.772125244140625,18.17986297607422
reaction:2562,CataCXium A,0,,82.62,70.89085388183594,17.260587692260742
reaction:2563,SPhos,0,,33.94,53.698482513427734,16.8740177154541
reaction:2565,XPhos,4,,15.32,27.502111434936523,17.61636734008789
reaction:2569,P(tBu)3,7,,80.76,75.42234802246094,17.920995712280273
reaction:2570,P(Ph)3,0,,64.9,64.42740631103516,18.039682388305664
reaction:2571,AmPhos,2,,75.18,59.58286666870117,18.878023147583008
reaction:2572,P(Cy)3,1,,49.02,45.792842864990234,17.19049072265625
reaction:2573,P(o-Tol)3,4,,6.62,23.740510940551758,17.902446746826172
reaction:2574,CataCXium A,0,,72.32,64.07803344726562,16.923599243164062
reaction:2575,SPhos,7,,42.8,40.800514221191406,17.712875366210938
reaction:2577,XPhos,7,,12.06,26.320653915405273,18.681774139404297
reaction:2581,P(tBu)3,0,,80.94,67.4596176147461,18.43718719482422
reaction:2582,P(Ph)3,4,,45.54,62.45928955078125,18.046045303344727
reaction:2583,AmPhos,2,,57.76,58.85453414916992,18.526357650756836
reaction:2584,P(Cy)3,2,,45.11,38.40046691894531,17.343530654907227
reaction:2585,P(o-Tol)3,3,,12.44,18.98137664794922,17.86776351928711
reaction:2586,CataCXium A,7,,64.8,60.81598663330078,16.754554748535156
reaction:2587,SPhos,7,,23.47,30.01136016845703,17.65483283996582
reaction:2589,XPhos,5,,17.57,15.654472351074219,19.18659210205078
reaction:2593,P(tBu)3,4,,59.59,47.56822967529297,18.42957305908203
reaction:2594,P(Ph)3,0,,79.1,72.89480590820312,18.18475341796875
reaction:2595,AmPhos,1,,68.54,70.22066497802734,18.27588653564453
reaction:2596,P(Cy)3,7,,61.92,58.86310577392578,17.1472225189209
reaction:2597,P(o-Tol)3,2,,64.08,65.80696868896484,18.020320892333984
reaction:2598,CataCXium A,7,,64.25,66.41564178466797,16.78240203857422
reaction:2599,SPhos,3,,54.09,60.93707275390625,17.42520523071289
reaction:2601,XPhos,1,,52.82,52.13348388671875,17.5201358795166
reaction:2605,P(tBu)3,2,,31.58,52.478858947753906,19.180917739868164
reaction:2606,P(Ph)3,6,,68.46,64.95541381835938,18.495878219604492
reaction:2607,AmPhos,6,,56.14,57.770633697509766,18.949262619018555
reaction:2608,P(Cy)3,6,,47.07,48.554134368896484,17.298255920410156
reaction:2609,P(o-Tol)3,4,,64.57,62.638427734375,17.637760162353516
reaction:2610,CataCXium A,0,,58.33,48.57685852050781,17.327213287353516
reaction:2611,SPhos,7,,35.81,40.85896682739258,17.6955623626709
reaction:2613,XPhos,0,,29.62,37.26504898071289,16.986331939697266
reaction:2617,P(tBu)3,6,,43.27,21.225046157836914,18.641592025756836
reaction:2618,P(Ph)3,6,,46.68,51.87554168701172,18.726638793945312
reaction:2619,AmPhos,4,,51.25,54.088775634765625,17.878517150878906
reaction:2620,P(Cy)3,1,,24.51,35.158634185791016,17.280118942260742
reaction:2621,P(o-Tol)3,0,,48.51,62.360267639160156,18.41097640991211
reaction:2622,CataCXium A,7,,42.43,45.83354949951172,16.86211395263672
reaction:2623,SPhos,6,,17.87,25.37631607055664,17.943220138549805
reaction:2625,XPhos,1,,16.19,18.77440071105957,18.414213180541992
reaction:2629,P(tBu)3,4,,42.55,36.42668914794922,18.838886260986328
reaction:2630,P(Ph)3,6,,66.78,67.73594665527344,18.769453048706055
reaction:2631,AmPhos,4,,63.17,57.47176742553711,18.999792098999023
reaction:2632,P(Cy)3,2,,57.3,39.643863677978516,17.518733978271484
reaction:2633,P(o-Tol)3,0,,60.9,58.39111328125,18.435455322265625
reaction:2634,CataCXium A,7,,65.29,56.77486038208008,17.02103614807129
reaction:2635,SPhos,2,,50.12,50.07872009277344,17.509639739990234
reaction:2637,XPhos,7,,43.98,46.48773956298828,17.521860122680664
reaction:2641,P(tBu)3,0,,39.63,40.175724029541016,17.58948516845703
reaction:2642,P(Ph)3,2,,71.17,67.04917907714844,18.403230667114258
reaction:2643,AmPhos,6,,62.59,63.717140197753906,18.971681594848633
reaction:2644,P(Cy)3,3,,59.71,55.465152740478516,16.89863395690918
reaction:2645,P(o-Tol)3,4,,67.68,66.51847839355469,18.47654914855957
reaction:2646,CataCXium A,6,,69.05,67.95796203613281,16.909015655517578
reaction:2647,SPhos,4,,60.62,60.511863708496094,17.468000411987305
reaction:2649,XPhos,6,,53.64,56.13216018676758,17.7452392578125
reaction:2653,P(tBu)3,2,,44.8,59.949440002441406,17.882144927978516
reaction:2654,P(Ph)3,6,,77.92,72.19476318359375,18.2318115234375
reaction:2655,AmPhos,1,,63.77,54.616825103759766,18.53355598449707
reaction:2656,P(Cy)3,6,,69.81,51.60407257080078,17.52910614013672
reaction:2657,P(o-Tol)3,6,,71.59,62.71230697631836,18.060049057006836
reaction:2658,CataCXium A,3,,58.86,69.64662170410156,16.483034133911133
reaction:2659,SPhos,0,,51.57,65.85267639160156,16.704376220703125
reaction:2661,XPhos,5,,58.45,49.96136474609375,18.222299575805664
reaction:2665,P(tBu)3,6,,29.1,48.15376281738281,18.12943458557129
reaction:2666,P(Ph)3,5,,53.9,67.3770751953125,17.545740127563477
reaction:2667,AmPhos,5,,52.82,61.33460998535156,18.62605094909668
reaction:2668,P(Cy)3,7,,23.64,44.506202697753906,17.359130859375
reaction:2669,P(o-Tol)3,3,,56.7,48.331722259521484,17.1125431060791
reaction:2670,CataCXium A,3,,58.18,54.28678894042969,16.33503532409668
reaction:2671,SPhos,7,,24.98,34.43528366088867,17.91179847717285
reaction:2673,XPhos,7,,17.11,30.75735855102539,18.640905380249023
reaction:2677,P(tBu)3,5,,23.95,46.864253997802734,19.151138305664062
reaction:2678,P(Ph)3,0,,34.17,44.5712890625,19.016633987426758
reaction:2679,AmPhos,4,,42.55,56.0335578918457,19.034948348999023
reaction:2680,P(Cy)3,0,,22.01,26.25696563720703,17.258047103881836
reaction:2681,P(o-Tol)3,2,,45.8,48.8980598449707,18.049100875854492
reaction:2682,CataCXium A,4,,44.01,49.6667366027832,16.426746368408203
reaction:2683,SPhos,0,,21.48,12.481117248535156,17.245372772216797
reaction:2685,XPhos,5,,17.77,17.251848220825195,19.337112426757812
reaction:2689,P(tBu)3,6,,1.2,7.359138488769531,17.665090560913086
reaction:2690,P(Ph)3,3,,18.94,9.541851043701172,18.649248123168945
reaction:2691,AmPhos,4,,4.02,4.459033966064453,18.051647186279297
reaction:2692,P(Cy)3,6,,16.47,11.487434387207031,17.316429138183594
reaction:2693,P(o-Tol)3,7,,2.62,4.6624908447265625,17.577316284179688
reaction:2694,CataCXium A,2,,15.97,17.70186424255371,16.822275161743164
reaction:2695,SPhos,6,,41.9,88.94775390625,17.02162742614746
reaction:2697,XPhos,6,,56.66,96.1866455078125,16.989032745361328
reaction:2701,P(tBu)3,7,,10.73,13.509078979492188,17.829429626464844
reaction:2702,P(Ph)3,2,,14.74,12.524349212646484,18.19971466064453
reaction:2703,AmPhos,0,,11.22,13.459632873535156,18.100177764892578
reaction:2704,P(Cy)3,0,,12.8,20.997888565063477,17.45502281188965
reaction:2705,P(o-Tol)3,7,,6.61,7.301250457763672,18.04426383972168
reaction:2706,CataCXium A,7,,12.93,21.74852752685547,16.814990997314453
reaction:2707,SPhos,5,,76.92,61.077903747558594,17.911558151245117
reaction:2709,XPhos,3,,76.61,70.72969055175781,18.364084243774414
reaction:2713,P(tBu)3,2,,9.98,2.6094017028808594,17.729787826538086
reaction:2714,P(Ph)3,7,,13.89,13.722328186035156,18.039962768554688
reaction:2715,AmPhos,0,,7.66,10.24868392944336,19.223003387451172
reaction:2716,P(Cy)3,2,,13.92,18.761775970458984,17.086469650268555
reaction:2717,P(o-Tol)3,0,,7.8,7.9054107666015625,17.942907333374023
reaction:2718,CataCXium A,7,,15.16,18.19020652770996,17.074859619140625
reaction:2719,SPhos,1,,72.09,62.48940658569336,17.805545806884766
reaction:2721,XPhos,3,,77.78,65.8843765258789,18.125288009643555
reaction:2725,P(tBu)3,1,,8.73,9.404827117919922,18.513296127319336
reaction:2726,P(Ph)3,6,,14.02,12.650459289550781,19.124479293823242
reaction:2727,AmPhos,0,,9.68,9.3778076171875,19.047679901123047
reaction:2728,P(Cy)3,0,,12.55,11.604427337646484,17.70317268371582
reaction:2729,P(o-Tol)3,5,,5.79,4.809131622314453,17.737638473510742
reaction:2730,CataCXium A,4,,15.47,14.386970520019531,16.887033462524414
reaction:2731,SPhos,5,,69.42,60.505287170410156,18.035160064697266
reaction:2733,XPhos,2,,68.05,65.8831787109375,18.044870376586914
reaction:2737,P(tBu)3,6,,10.48,8.629066467285156,18.488306045532227
reaction:2738,P(Ph)3,2,,13.89,14.486083984375,18.310802459716797
reaction:2739,AmPhos,2,,8.09,12.718467712402344,18.681535720825195
reaction:2740,P(Cy)3,5,,12.11,15.090599060058594,17.03390121459961
reaction:2741,P(o-Tol)3,5,,6.6,7.703586578369141,18.10527801513672
reaction:2742,CataCXium A,0,,12.64,14.938907623291016,16.529401779174805
reaction:2743,SPhos,5,,74.54,63.82733917236328,18.41436767578125
reaction:2745,XPhos,5,,81.17,70.59637451171875,18.910072326660156
reaction:2749,P(tBu)3,0,,12.39,14.405105590820312,17.746795654296875
reaction:2750,P(Ph)3,1,,14.63,14.983261108398438,18.315235137939453
reaction:2751,AmPhos,2,,8.7,8.963611602783203,18.241697311401367
reaction:2752,P(Cy)3,5,,12.0,12.046070098876953,17.163509368896484
reaction:2753,P(o-Tol)3,1,,7.08,8.826187133789062,17.587072372436523
reaction:2754,CataCXium A,1,,14.51,13.663604736328125,16.986352920532227
reaction:2755,SPhos,2,,75.5,70.58506774902344,17.099180221557617
reaction:2757,XPhos,1,,76.56,74.38145446777344,18.592952728271484
reaction:2761,P(tBu)3,1,,9.28,15.824100494384766,18.38597297668457
reaction:2762,P(Ph)3,1,,14.61,15.858085632324219,17.749345779418945
reaction:2763,AmPhos,1,,10.13,4.944843292236328,18.790529251098633
reaction:2764,P(Cy)3,3,,11.6,12.566402435302734,16.824745178222656
reaction:2765,P(o-Tol)3,6,,5.93,4.922740936279297,18.431228637695312
reaction:2766,CataCXium A,7,,14.44,16.79340171813965,17.116336822509766
reaction:2767,SPhos,3,,72.12,61.54975128173828,17.085771560668945
reaction:2769,XPhos,1,,67.73,66.86702728271484,17.73200798034668
reaction:2773,P(tBu)3,6,,12.16,14.231433868408203,18.217737197875977
reaction:2774,P(Ph)3,6,,14.3,17.498615264892578,18.973602294921875
reaction:2775,AmPhos,3,,8.88,9.886329650878906,18.06113624572754
reaction:2776,P(Cy)3,1,,12.44,15.61955451965332,17.160221099853516
reaction:2777,P(o-Tol)3,5,,7.41,4.728080749511719,18.507789611816406
reaction:2778,CataCXium A,1,,18.06,24.92409324645996,17.117523193359375
reaction:2779,SPhos,4,,64.66,57.539703369140625,17.560121536254883
reaction:2781,XPhos,2,,66.37,56.62635803222656,18.71040153503418
reaction:2785,P(tBu)3,2,,22.09,39.21503829956055,17.949365615844727
reaction:2786,P(Ph)3,0,,16.79,16.241838455200195,18.13579559326172
reaction:2787,AmPhos,7,,16.94,22.221389770507812,17.430322647094727
reaction:2788,P(Cy)3,7,,31.86,41.49842834472656,17.009353637695312
reaction:2789,P(o-Tol)3,2,,10.92,9.85159683227539,18.567304611206055
reaction:2790,CataCXium A,0,,49.91,44.704288482666016,16.69900894165039
reaction:2791,SPhos,4,,78.41,76.19713592529297,17.05349349975586
reaction:2793,XPhos,3,,92.16,89.33403015136719,17.077180862426758
reaction:2797,P(tBu)3,4,,51.13,50.35175704956055,17.49561882019043
reaction:2798,P(Ph)3,0,,15.63,16.75640869140625,18.486488342285156
reaction:2799,AmPhos,6,,30.89,27.92622184753418,18.832847595214844
reaction:2800,P(Cy)3,0,,48.75,40.991241455078125,17.48494529724121
reaction:2801,P(o-Tol)3,0,,7.82,7.461978912353516,17.919254302978516
reaction:2802,CataCXium A,0,,67.8,40.170509338378906,17.275724411010742
reaction:2803,SPhos,6,,50.66,72.61724853515625,17.84230613708496
reaction:2805,XPhos,7,,56.5,80.39433288574219,17.93254852294922
reaction:2809,P(tBu)3,6,,21.19,40.936588287353516,18.100383758544922
reaction:2810,P(Ph)3,6,,15.55,14.1385498046875,18.358850479125977
reaction:2811,AmPhos,1,,25.81,18.7979679107666,19.364282608032227
reaction:2812,P(Cy)3,5,,43.78,34.506813049316406,17.08182716369629
reaction:2813,P(o-Tol)3,2,,5.56,4.146274566650391,18.39025115966797
reaction:2814,CataCXium A,3,,48.33,44.21364974975586,16.856733322143555
reaction:2815,SPhos,6,,46.59,59.18525695800781,18.090850830078125
reaction:2817,XPhos,5,,57.55,65.77276611328125,18.308900833129883
reaction:2821,P(tBu)3,2,,30.6,40.467323303222656,18.64954948425293
reaction:2822,P(Ph)3,6,,16.41,13.285881042480469,19.070451736450195
reaction:2823,AmPhos,3,,23.82,20.07156753540039,18.18036651611328
reaction:2824,P(Cy)3,2,,37.16,35.225547790527344,17.71506690979004
reaction:2825,P(o-Tol)3,1,,6.45,2.2179946899414062,18.541091918945312
reaction:2826,CataCXium A,4,,46.65,43.7150764465332,16.982641220092773
reaction:2827,SPhos,6,,53.72,62.87199401855469,18.296783447265625
reaction:2829,XPhos,5,,68.31,72.37294006347656,18.648344039916992
reaction:2833,P(tBu)3,3,,44.63,37.02225875854492,19.24032974243164
reaction:2834,P(Ph)3,5,,17.78,17.92965316772461,17.91822052001953
reaction:2835,AmPhos,1,,25.22,22.34855079650879,19.370319366455078
reaction:2836,P(Cy)3,2,,46.21,28.17510986328125,17.476638793945312
reaction:2837,P(o-Tol)3,3,,7.62,6.203971862792969,17.975791931152344
reaction:2838,CataCXium A,1,,33.61,48.864105224609375,17.012216567993164
reaction:2839,SPhos,7,,70.67,55.62769317626953,17.78203773498535
reaction:2841,XPhos,4,,79.94,69.68915557861328,18.314781188964844
reaction:2845,P(tBu)3,5,,52.95,31.399900436401367,18.435413360595703
reaction:2846,P(Ph)3,6,,18.29,12.515125274658203,18.04351043701172
reaction:2847,AmPhos,1,,15.12,26.291675567626953,18.964801788330078
reaction:2848,P(Cy)3,0,,18.51,37.09192657470703,17.133607864379883
reaction:2849,P(o-Tol)3,5,,9.07,9.633476257324219,18.201148986816406
reaction:2850,CataCXium A,6,,30.62,42.58407974243164,16.938400268554688
reaction:2851,SPhos,7,,77.13,66.23649597167969,17.568334579467773
reaction:2853,XPhos,1,,92.53,75.86463928222656,18.540456771850586
reaction:2857,P(tBu)3,0,,58.57,35.43736267089844,17.642545700073242
reaction:2858,P(Ph)3,0,,18.11,15.287818908691406,18.107580184936523
reaction:2859,AmPhos,0,,11.47,24.35688018798828,17.81258201599121
reaction:2860,P(Cy)3,3,,15.75,44.3924674987793,16.92831802368164
reaction:2861,P(o-Tol)3,2,,7.3,8.799842834472656,18.47825813293457
reaction:2862,CataCXium A,2,,33.7,49.41716766357422,17.00046730041504
reaction:2863,SPhos,3,,76.22,66.29106903076172,16.861434936523438
reaction:2865,XPhos,2,,91.76,77.73889923095703,18.677352905273438
reaction:2869,P(tBu)3,7,,51.1,44.498809814453125,18.11129379272461
reaction:2870,P(Ph)3,3,,17.49,27.796340942382812,18.218034744262695
reaction:2871,AmPhos,2,,31.05,31.94083023071289,18.695505142211914
reaction:2872,P(Cy)3,7,,51.23,50.550987243652344,17.04408836364746
reaction:2873,P(o-Tol)3,0,,6.84,18.505502700805664,18.151325225830078
reaction:2874,CataCXium A,4,,77.06,55.59342956542969,16.69321060180664
reaction:2875,SPhos,5,,69.3,68.36488342285156,18.20110511779785
reaction:2877,XPhos,6,,84.83,71.28844451904297,17.53299331665039
reaction:2881,P(tBu)3,1,,25.34,7.050148010253906,18.257221221923828
reaction:2882,P(Ph)3,2,,13.32,16.348608016967773,18.13321304321289
reaction:2883,AmPhos,1,,11.93,6.586727142333984,18.053430557250977
reaction:2884,P(Cy)3,0,,13.92,21.205150604248047,17.383474349975586
reaction:2885,P(o-Tol)3,7,,7.68,3.9510765075683594,17.664596557617188
reaction:2886,CataCXium A,2,,12.29,29.3546085357666,16.6661434173584
reaction:2887,SPhos,7,,72.38,37.23875427246094,17.22865104675293
reaction:2889,XPhos,7,,86.53,34.80252456665039,17.52816390991211
reaction:2893,P(tBu)3,5,,11.13,2.718852996826172,18.02327537536621
reaction:2894,P(Ph)3,7,,17.02,18.978242874145508,17.665061950683594
reaction:2895,AmPhos,6,,8.53,10.315845489501953,18.863309860229492
reaction:2896,P(Cy)3,4,,32.5,24.83869743347168,17.393383026123047
reaction:2897,P(o-Tol)3,5,,6.25,4.197826385498047,18.547826766967773
reaction:2898,CataCXium A,0,,21.79,19.51228141784668,17.110363006591797
reaction:2899,SPhos,4,,46.5,32.93143081665039,17.31240463256836
reaction:2901,XPhos,5,,52.93,28.058300018310547,18.12495994567871
reaction:2905,P(tBu)3,1,,4.3,-6.3245086669921875,18.96813201904297
reaction:2906,P(Ph)3,0,,16.32,22.42874526977539,18.163707733154297
reaction:2907,AmPhos,0,,9.25,12.251323699951172,18.633634567260742
reaction:2908,P(Cy)3,4,,31.18,25.179166793823242,17.16349983215332
reaction:2909,P(o-Tol)3,2,,5.96,11.017311096191406,18.291976928710938
reaction:2910,CataCXium A,6,,21.02,28.83328628540039,16.89804458618164
reaction:2911,SPhos,4,,56.86,35.3239631652832,17.07485008239746
reaction:2913,XPhos,1,,47.98,41.20588302612305,18.802106857299805
reaction:2917,P(tBu)3,5,,12.78,7.314228057861328,18.037141799926758
reaction:2918,P(Ph)3,4,,15.29,19.318716049194336,18.13755989074707
reaction:2919,AmPhos,3,,9.32,14.204185485839844,18.647014617919922
reaction:2920,P(Cy)3,0,,26.25,16.399160385131836,17.823698043823242
reaction:2921,P(o-Tol)3,2,,7.24,10.745231628417969,18.414897918701172
reaction:2922,CataCXium A,7,,20.58,25.61746597290039,16.50960350036621
reaction:2923,SPhos,0,,40.43,34.86186599731445,17.56481170654297
reaction:2925,XPhos,3,,40.46,33.912353515625,17.49260139465332
reaction:2929,P(tBu)3,3,,0.0,11.422889709472656,18.959903717041016
reaction:2930,P(Ph)3,7,,16.19,12.636123657226562,18.281564712524414
reaction:2931,AmPhos,3,,10.77,9.53512954711914,18.51775360107422
reaction:2932,P(Cy)3,4,,14.09,19.527511596679688,17.08751678466797
reaction:2933,P(o-Tol)3,4,,7.58,3.9122047424316406,18.21282196044922
reaction:2934,CataCXium A,3,,18.47,8.278301239013672,16.710886001586914
reaction:2935,SPhos,1,,13.53,42.05591583251953,17.90031623840332
reaction:2937,XPhos,6,,10.45,42.87611389160156,16.429061889648438
reaction:2941,P(tBu)3,1,,9.54,19.352869033813477,19.008329391479492
reaction:2942,P(Ph)3,3,,14.96,12.769256591796875,18.344858169555664
reaction:2943,AmPhos,0,,10.98,6.821414947509766,17.447294235229492
reaction:2944,P(Cy)3,2,,13.1,11.849983215332031,16.95377540588379
reaction:2945,P(o-Tol)3,0,,8.04,1.3282203674316406,17.990079879760742
reaction:2946,CataCXium A,6,,17.26,11.663433074951172,16.971181869506836
reaction:2947,SPhos,5,,12.4,40.99454879760742,17.659473419189453
reaction:2949,XPhos,2,,11.13,41.990150451660156,17.854671478271484
reaction:2953,P(tBu)3,3,,5.84,26.026216506958008,18.319965362548828
reaction:2954,P(Ph)3,5,,15.7,10.492385864257812,18.140718460083008
reaction:2955,AmPhos,6,,9.8,4.796367645263672,18.530847549438477
reaction:2956,P(Cy)3,7,,13.13,7.549285888671875,16.978374481201172
reaction:2957,P(o-Tol)3,5,,8.19,-0.10701370239257812,18.58785057067871
reaction:2958,CataCXium A,5,,16.12,7.352787017822266,16.773475646972656
reaction:2959,SPhos,3,,10.75,29.86338233947754,17.030866622924805
reaction:2961,XPhos,2,,9.9,33.890647888183594,18.764257431030273
reaction:2965,P(tBu)3,0,,6.69,20.077163696289062,18.755464553833008
reaction:2966,P(Ph)3,6,,15.93,13.020099639892578,18.348073959350586
reaction:2967,AmPhos,4,,8.94,8.249267578125,18.72041130065918
reaction:2968,P(Cy)3,4,,15.15,13.843036651611328,17.437110900878906
reaction:2969,P(o-Tol)3,5,,10.92,2.0257644653320312,18.476951599121094
reaction:2970,CataCXium A,4,,19.53,14.11178970336914,16.881128311157227
reaction:2971,SPhos,2,,15.42,20.113969802856445,17.970041275024414
reaction:2973,XPhos,5,,8.47,22.446073532104492,19.133724212646484
reaction:2977,P(tBu)3,0,,20.19,19.231101989746094,18.232833862304688
reaction:2978,P(Ph)3,4,,12.85,12.842758178710938,18.735790252685547
reaction:2979,AmPhos,4,,8.82,14.230369567871094,18.228710174560547
reaction:2980,P(Cy)3,6,,21.07,26.447723388671875,17.081693649291992
reaction:2981,P(o-Tol)3,3,,7.45,14.175521850585938,18.723318099975586
reaction:2982,CataCXium A,1,,42.98,17.28537940979004,16.789817810058594
reaction:2983,SPhos,1,,63.06,51.62574768066406,17.153682708740234
reaction:2985,XPhos,4,,58.97,58.15834426879883,17.735490798950195
reaction:2989,P(tBu)3,0,,21.2,24.65361785888672,18.03886604309082
reaction:2990,P(Ph)3,5,,11.91,17.861936569213867,18.37140464782715
reaction:2991,AmPhos,5,,12.2,14.445491790771484,19.10391616821289
reaction:2992,P(Cy)3,0,,30.49,27.016357421875,17.275344848632812
reaction:2993,P(o-Tol)3,7,,7.67,8.890960693359375,18.303909301757812
reaction:2994,CataCXium A,5,,16.27,28.398548126220703,16.792091369628906
reaction:2995,SPhos,4,,35.94,38.28507995605469,17.224225997924805
reaction:2997,XPhos,3,,34.16,42.336273193359375,18.624427795410156
reaction:3001,P(tBu)3,3,,23.39,18.992835998535156,18.989192962646484
reaction:3002,P(Ph)3,4,,11.68,6.390720367431641,18.495805740356445
reaction:3003,AmPhos,1,,9.8,13.181880950927734,19.347633361816406
reaction:3004,P(Cy)3,0,,18.07,23.42742919921875,17.0654354095459
reaction:3005,P(o-Tol)3,0,,8.15,8.662654876708984,18.18875503540039
reaction:3006,CataCXium A,6,,21.77,20.534076690673828,16.521154403686523
reaction:3007,SPhos,2,,14.38,29.43934440612793,17.262588500976562
reaction:3009,XPhos,3,,16.18,31.939794540405273,18.31363296508789
reaction:3013,P(tBu)3,2,,15.69,22.15953254699707,18.552946090698242
reaction:3014,P(Ph)3,0,,12.04,16.22115135192871,18.219167709350586
reaction:3015,AmPhos,7,,10.09,11.325553894042969,17.303075790405273
reaction:3016,P(Cy)3,0,,19.35,24.118404388427734,17.4630126953125
reaction:3017,P(o-Tol)3,4,,5.87,10.142860412597656,18.39615821838379
reaction:3018,CataCXium A,7,,15.42,25.34504508972168,17.07258415222168
reaction:3019,SPhos,6,,60.45,50.24947738647461,17.89521026611328
reaction:3021,XPhos,3,,51.75,49.71274185180664,17.69864845275879
reaction:3025,P(tBu)3,6,,15.32,14.91970443725586,18.220375061035156
reaction:3026,P(Ph)3,4,,11.81,13.37481689453125,18.97983169555664
reaction:3027,AmPhos,6,,11.2,12.249343872070312,18.862945556640625
reaction:3028,P(Cy)3,5,,21.42,25.899169921875,17.055335998535156
reaction:3029,P(o-Tol)3,1,,6.28,11.350276947021484,18.718107223510742
reaction:3030,CataCXium A,1,,13.29,23.714147567749023,17.128944396972656
reaction:3031,SPhos,7,,60.4,39.32992172241211,17.437612533569336
reaction:3033,XPhos,4,,60.85,43.49331283569336,18.468406677246094
reaction:3037,P(tBu)3,5,,17.43,11.687931060791016,17.8324031829834
reaction:3038,P(Ph)3,2,,9.21,17.331851959228516,17.97303009033203
reaction:3039,AmPhos,4,,12.79,7.037666320800781,18.57916259765625
reaction:3040,P(Cy)3,2,,23.45,15.012405395507812,17.08408546447754
reaction:3041,P(o-Tol)3,4,,8.07,8.521068572998047,18.315397262573242
reaction:3042,CataCXium A,7,,21.18,19.106443405151367,16.833255767822266
reaction:3043,SPhos,4,,60.02,48.02560806274414,17.358089447021484
reaction:3045,XPhos,3,,65.54,52.59058380126953,17.586421966552734
reaction:3049,P(tBu)3,3,,15.05,18.066843032836914,18.469745635986328
reaction:3050,P(Ph)3,3,,11.91,9.614543914794922,18.489215850830078
reaction:3051,AmPhos,1,,10.87,5.852993011474609,18.79886245727539
reaction:3052,P(Cy)3,6,,22.2,14.18008041381836,17.111419677734375
reaction:3053,P(o-Tol)3,3,,6.7,5.557563781738281,18.204111099243164
reaction:3054,CataCXium A,3,,23.44,16.84088706970215,16.219602584838867
reaction:3055,SPhos,5,,18.87,26.715993881225586,17.255537033081055
reaction:3057,XPhos,2,,16.23,30.620807647705078,18.7053165435791
reaction:3061,P(tBu)3,4,,12.23,10.31991958618164,18.18126678466797
reaction:3062,P(Ph)3,4,,11.61,-1.4758949279785156,18.866302490234375
reaction:3063,AmPhos,6,,7.2,12.759830474853516,18.459726333618164
reaction:3064,P(Cy)3,4,,15.05,12.302505493164062,17.14253807067871
reaction:3065,P(o-Tol)3,6,,7.86,4.307132720947266,17.774131774902344
reaction:3066,CataCXium A,5,,19.76,27.62656593322754,16.793575286865234
reaction:3067,SPhos,6,,9.62,18.840688705444336,17.575727462768555
reaction:3069,XPhos,7,,10.31,24.5044002532959,17.676008224487305
reaction:3074,P(tBu)3,4,,7.97,22.157976150512695,18.341270446777344
reaction:3075,P(Ph)3,7,,12.28,15.625547409057617,18.466388702392578
reaction:3076,AmPhos,6,,7.25,23.697404861450195,18.259618759155273
reaction:3077,P(Cy)3,7,,5.75,2.4366455078125,16.762189865112305
reaction:3078,P(o-Tol)3,1,,9.46,8.098712921142578,18.452289581298828
reaction:3079,CataCXium A,4,,8.71,22.801025390625,16.589731216430664
reaction:3080,SPhos,4,,9.46,9.214515686035156,17.84684181213379
reaction:3082,XPhos,6,,10.67,8.881694793701172,18.191246032714844
reaction:3086,P(tBu)3,1,,17.9,6.908679962158203,17.733600616455078
reaction:3087,P(Ph)3,3,,16.76,24.17201805114746,18.448036193847656
reaction:3088,AmPhos,0,,15.53,12.866703033447266,18.44498062133789
reaction:3089,P(Cy)3,7,,15.45,9.638877868652344,16.4323787689209
reaction:3090,P(o-Tol)3,2,,16.58,14.222824096679688,17.685264587402344
reaction:3091,CataCXium A,6,,17.09,20.17914390563965,17.00059700012207
reaction:3092,SPhos,5,,15.62,15.30490493774414,16.718830108642578
reaction:3094,XPhos,4,,16.83,20.752511978149414,18.07581901550293
reaction:3098,P(tBu)3,1,,13.59,14.550041198730469,18.365407943725586
reaction:3099,P(Ph)3,5,,13.24,22.29888343811035,17.344675064086914
reaction:3100,AmPhos,2,,12.03,15.591529846191406,18.02062225341797
reaction:3101,P(Cy)3,7,,12.97,5.575458526611328,16.750370025634766
reaction:3102,P(o-Tol)3,0,,12.55,12.810661315917969,17.93756866455078
reaction:3103,CataCXium A,1,,14.22,14.013240814208984,16.96969985961914
reaction:3104,SPhos,3,,8.83,12.478168487548828,17.685789108276367
reaction:3106,XPhos,5,,10.59,19.678176879882812,18.422224044799805
reaction:3110,P(tBu)3,5,,9.7,13.998863220214844,17.689895629882812
reaction:3111,P(Ph)3,4,,16.66,20.376176834106445,18.091209411621094
reaction:3112,AmPhos,0,,13.76,11.36478042602539,17.68891143798828
reaction:3113,P(Cy)3,1,,9.29,4.667381286621094,16.971168518066406
reaction:3114,P(o-Tol)3,7,,10.11,14.5462646484375,18.132863998413086
reaction:3115,CataCXium A,2,,10.18,9.327789306640625,16.71662139892578
reaction:3116,SPhos,2,,9.43,14.43374252319336,16.91927719116211
reaction:3118,XPhos,3,,12.72,9.593547821044922,17.749008178710938
reaction:3122,P(tBu)3,5,,11.55,10.824146270751953,17.96978187561035
reaction:3123,P(Ph)3,1,,15.61,20.409894943237305,17.727439880371094
reaction:3124,AmPhos,1,,13.45,19.3647403717041,18.038997650146484
reaction:3125,P(Cy)3,6,,11.63,14.0029296875,17.115449905395508
reaction:3126,P(o-Tol)3,6,,11.83,11.909000396728516,18.393762588500977
reaction:3127,CataCXium A,4,,15.68,13.312171936035156,16.500680923461914
reaction:3128,SPhos,1,,10.54,11.965694427490234,16.61787223815918
reaction:3130,XPhos,2,,12.75,12.964092254638672,17.648143768310547
reaction:3134,P(tBu)3,6,,12.96,19.563997268676758,17.435548782348633
reaction:3135,P(Ph)3,2,,16.54,21.532817840576172,17.56238555908203
reaction:3136,AmPhos,4,,12.97,15.985761642456055,18.296125411987305
reaction:3137,P(Cy)3,6,,10.41,22.97076416015625,17.43086051940918
reaction:3138,P(o-Tol)3,7,,13.93,9.11294937133789,18.24822425842285
reaction:3139,CataCXium A,6,,12.92,21.484912872314453,17.290525436401367
reaction:3140,SPhos,4,,9.89,12.682865142822266,17.042821884155273
reaction:3142,XPhos,7,,12.12,10.202747344970703,17.826236724853516
reaction:3146,P(tBu)3,3,,10.08,8.346199035644531,18.728179931640625
reaction:3147,P(Ph)3,7,,15.56,17.352571487426758,18.3845157623291
reaction:3148,AmPhos,5,,13.25,18.0246639251709,18.517763137817383
reaction:3149,P(Cy)3,7,,10.22,21.054853439331055,16.736114501953125
reaction:3150,P(o-Tol)3,7,,13.25,17.524328231811523,18.459333419799805
reaction:3151,CataCXium A,7,,14.27,18.06197738647461,16.7921085357666
reaction:3152,SPhos,7,,11.93,8.097953796386719,17.41444969177246
reaction:3154,XPhos,0,,12.19,20.326398849487305,18.065166473388672
reaction:3158,P(tBu)3,0,,11.12,11.079170227050781,18.414649963378906
reaction:3159,P(Ph)3,2,,15.95,13.181514739990234,17.968740463256836
reaction:3160,AmPhos,6,,13.51,14.480731964111328,18.770822525024414
reaction:3161,P(Cy)3,1,,11.89,5.2495880126953125,16.90062713623047
reaction:3162,P(o-Tol)3,3,,13.55,11.804519653320312,17.89073944091797
reaction:3163,CataCXium A,1,,13.55,13.880638122558594,16.886262893676758
reaction:3164,SPhos,6,,12.05,4.833705902099609,17.926834106445312
reaction:3166,XPhos,3,,13.52,12.886524200439453,18.070781707763672
reaction:3170,P(tBu)3,6,,14.0,23.348215103149414,18.10553550720215
reaction:3171,P(Ph)3,2,,47.59,54.612281799316406,18.003681182861328
reaction:3172,AmPhos,5,,23.86,23.560800552368164,18.077713012695312
reaction:3173,P(Cy)3,1,,60.56,49.888729095458984,16.899139404296875
reaction:3174,P(o-Tol)3,4,,20.06,20.594043731689453,18.382122039794922
reaction:3175,CataCXium A,0,,21.28,34.93638610839844,16.772706985473633
reaction:3176,SPhos,3,,24.09,32.666778564453125,17.081256866455078
reaction:3178,XPhos,4,,30.5,35.0853385925293,18.109359741210938
reaction:3182,P(tBu)3,4,,21.09,20.711658477783203,18.5367431640625
reaction:3183,P(Ph)3,7,,70.55,52.015830993652344,18.10105323791504
reaction:3184,AmPhos,4,,20.06,19.456039428710938,18.577640533447266
reaction:3185,P(Cy)3,4,,40.01,55.63037109375,17.183082580566406
reaction:3186,P(o-Tol)3,3,,20.03,24.041236877441406,18.036712646484375
reaction:3187,CataCXium A,5,,23.24,16.58585548400879,16.893245697021484
reaction:3188,SPhos,7,,22.4,29.321182250976562,17.323949813842773
reaction:3190,XPhos,0,,30.09,31.228757858276367,18.263227462768555
reaction:3194,P(tBu)3,5,,14.49,17.822744369506836,18.925752639770508
reaction:3195,P(Ph)3,1,,71.09,44.58455276489258,17.935394287109375
reaction:3196,AmPhos,6,,12.55,7.644279479980469,18.783475875854492
reaction:3197,P(Cy)3,6,,41.57,44.36724853515625,16.981224060058594
reaction:3198,P(o-Tol)3,5,,17.54,13.060123443603516,17.830673217773438
reaction:3199,CataCXium A,2,,17.46,10.691104888916016,16.593233108520508
reaction:3200,SPhos,6,,16.6,13.934516906738281,17.04475975036621
reaction:3202,XPhos,5,,18.41,27.42304039001465,18.235565185546875
reaction:3206,P(tBu)3,6,,13.03,17.266721725463867,17.963415145874023
reaction:3207,P(Ph)3,7,,60.47,42.90801239013672,18.404233932495117
reaction:3208,AmPhos,3,,12.2,9.580680847167969,18.294803619384766
reaction:3209,P(Cy)3,5,,23.17,47.3267822265625,17.397045135498047
reaction:3210,P(o-Tol)3,4,,14.55,13.192054748535156,18.757022857666016
reaction:3211,CataCXium A,2,,13.75,2.3115997314453125,16.876983642578125
reaction:3212,SPhos,1,,13.96,22.98028564453125,17.27031898498535
reaction:3214,XPhos,5,,15.29,28.513227462768555,17.180526733398438
reaction:3218,P(tBu)3,0,,16.45,26.446369171142578,18.057527542114258
reaction:3219,P(Ph)3,1,,53.54,53.661006927490234,17.961061477661133
reaction:3220,AmPhos,2,,15.59,16.07707405090332,18.426822662353516
reaction:3221,P(Cy)3,5,,44.32,59.54325485229492,17.155563354492188
reaction:3222,P(o-Tol)3,7,,15.21,14.421157836914062,18.053958892822266
reaction:3223,CataCXium A,2,,24.96,16.978490829467773,16.829896926879883
reaction:3224,SPhos,3,,15.41,22.49708366394043,17.496051788330078
reaction:3226,XPhos,6,,19.47,25.257123947143555,18.484859466552734
reaction:3230,P(tBu)3,5,,16.0,26.646039962768555,19.040124893188477
reaction:3231,P(Ph)3,4,,44.25,62.542091369628906,18.192293167114258
reaction:3232,AmPhos,6,,19.09,9.875614166259766,18.778661727905273
reaction:3233,P(Cy)3,0,,61.14,49.84340286254883,17.10377311706543
reaction:3234,P(o-Tol)3,0,,16.17,20.309980392456055,17.577999114990234
reaction:3235,CataCXium A,3,,23.74,25.11005973815918,16.227506637573242
reaction:3236,SPhos,2,,23.28,27.011402130126953,17.47080421447754
reaction:3238,XPhos,3,,21.02,33.56442642211914,17.608121871948242
reaction:3242,P(tBu)3,7,,17.39,13.379558563232422,17.780288696289062
reaction:3243,P(Ph)3,0,,43.13,53.72600173950195,18.358922958374023
reaction:3244,AmPhos,1,,19.07,13.92911148071289,17.841703414916992
reaction:3245,P(Cy)3,2,,84.64,53.61529541015625,17.208328247070312
reaction:3246,P(o-Tol)3,4,,18.36,9.283760070800781,18.22182273864746
reaction:3247,CataCXium A,1,,29.12,31.754985809326172,16.828638076782227
reaction:3248,SPhos,1,,18.27,14.857662200927734,16.919336318969727
reaction:3250,XPhos,7,,35.39,20.331148147583008,17.487567901611328
reaction:3254,P(tBu)3,2,,20.98,14.00545883178711,17.987390518188477
reaction:3255,P(Ph)3,5,,42.26,55.72883605957031,17.680097579956055
reaction:3256,AmPhos,1,,18.06,12.11574935913086,17.505125045776367
reaction:3257,P(Cy)3,4,,71.96,51.73695373535156,17.105098724365234
reaction:3258,P(o-Tol)3,6,,16.85,14.466602325439453,18.2349910736084
reaction:3259,CataCXium A,6,,30.48,31.36205291748047,16.79138946533203
reaction:3260,SPhos,6,,24.7,16.180036544799805,17.92583656311035
reaction:3262,XPhos,0,,32.07,23.93672752380371,19.044872283935547
reaction:3266,P(tBu)3,4,,11.29,18.273242950439453,19.42555046081543
reaction:3267,P(Ph)3,5,,15.14,11.219615936279297,18.373023986816406
reaction:3268,AmPhos,7,,10.53,6.455879211425781,18.610637664794922
reaction:3269,P(Cy)3,4,,11.98,6.587413787841797,17.21240234375
reaction:3270,P(o-Tol)3,5,,12.1,14.189517974853516,18.368539810180664
reaction:3271,CataCXium A,5,,12.05,18.24131965637207,17.101787567138672
reaction:3272,SPhos,7,,12.21,3.3112754821777344,17.66150665283203
reaction:3274,XPhos,6,,14.92,16.094907760620117,17.86068344116211
reaction:3278,P(tBu)3,7,,18.78,27.410825729370117,17.277862548828125
reaction:3279,P(Ph)3,1,,19.48,19.82826042175293,17.84526252746582
reaction:3280,AmPhos,4,,17.79,12.468017578125,19.084856033325195
reaction:3281,P(Cy)3,0,,19.5,16.845054626464844,17.36087989807129
reaction:3282,P(o-Tol)3,3,,17.96,8.519615173339844,18.14431381225586
reaction:3283,CataCXium A,5,,18.41,8.901744842529297,17.084888458251953
reaction:3284,SPhos,2,,17.82,18.378149032592773,17.258058547973633
reaction:3286,XPhos,4,,20.84,29.42599105834961,18.200651168823242
reaction:3290,P(tBu)3,4,,18.27,11.188480377197266,19.165668487548828
reaction:3291,P(Ph)3,0,,11.77,30.666427612304688,18.671327590942383
reaction:3292,AmPhos,0,,11.43,12.951465606689453,18.880266189575195
reaction:3293,P(Cy)3,4,,14.02,19.941452026367188,16.96357536315918
reaction:3294,P(o-Tol)3,4,,11.74,13.069740295410156,18.236814498901367
reaction:3295,CataCXium A,3,,12.2,17.112529754638672,16.75130844116211
reaction:3296,SPhos,4,,11.94,14.634029388427734,17.39406967163086
reaction:3298,XPhos,4,,23.37,20.282079696655273,18.36309814453125
reaction:3302,P(tBu)3,3,,12.38,25.967151641845703,17.97869110107422
reaction:3303,P(Ph)3,0,,13.1,29.139047622680664,18.22711944580078
reaction:3304,AmPhos,3,,10.49,12.978431701660156,18.274768829345703
reaction:3305,P(Cy)3,0,,11.45,15.668876647949219,17.279727935791016
reaction:3306,P(o-Tol)3,5,,11.47,8.542842864990234,18.363487243652344
reaction:3307,CataCXium A,1,,15.88,12.254524230957031,16.745681762695312
reaction:3308,SPhos,7,,11.18,10.899028778076172,17.72107696533203
reaction:3310,XPhos,5,,11.72,15.61923599243164,17.374107360839844
reaction:3314,P(tBu)3,2,,11.78,-4.326148986816406,17.953807830810547
reaction:3315,P(Ph)3,0,,14.49,33.416229248046875,18.655088424682617
reaction:3316,AmPhos,0,,11.21,8.047821044921875,18.073366165161133
reaction:3317,P(Cy)3,1,,20.77,18.49664878845215,16.69239044189453
reaction:3318,P(o-Tol)3,4,,12.2,4.673919677734375,17.90304183959961
reaction:3319,CataCXium A,3,,13.04,17.075021743774414,16.70943260192871
reaction:3320,SPhos,5,,11.9,9.681724548339844,17.178791046142578
reaction:3322,XPhos,6,,14.73,21.180988311767578,18.547931671142578
reaction:3326,P(tBu)3,4,,28.73,22.416553497314453,18.12019157409668
reaction:3327,P(Ph)3,3,,31.17,11.151805877685547,17.72972869873047
reaction:3328,AmPhos,7,,11.48,12.708061218261719,17.956100463867188
reaction:3329,P(Cy)3,3,,29.54,14.717430114746094,16.664722442626953
reaction:3330,P(o-Tol)3,5,,13.88,14.375152587890625,18.176877975463867
reaction:3331,CataCXium A,6,,30.18,18.17057228088379,16.85133934020996
reaction:3332,SPhos,0,,12.93,4.422016143798828,17.084829330444336
reaction:3334,XPhos,2,,16.19,13.0399169921875,18.066686630249023
reaction:3338,P(tBu)3,1,,11.67,-5.022335052490234,17.852529525756836
reaction:3339,P(Ph)3,1,,32.48,17.38045883178711,18.318971633911133
reaction:3340,AmPhos,1,,10.88,19.06926155090332,17.7341251373291
reaction:3341,P(Cy)3,0,,13.65,42.438514709472656,17.181591033935547
reaction:3342,P(o-Tol)3,7,,12.8,23.356863021850586,17.928115844726562
reaction:3343,CataCXium A,1,,14.05,30.826650619506836,16.935192108154297
reaction:3344,SPhos,2,,12.53,26.69767951965332,17.67770767211914
reaction:3346,XPhos,5,,33.09,35.62228775024414,18.183027267456055
reaction:3350,P(tBu)3,0,,11.86,10.900993347167969,18.740535736083984
reaction:3351,P(Ph)3,5,,13.7,27.22671127319336,17.76370620727539
reaction:3352,AmPhos,4,,11.93,18.81724739074707,18.992952346801758
reaction:3353,P(Cy)3,2,,11.79,24.728271484375,16.694896697998047
reaction:3354,P(o-Tol)3,4,,25.41,18.619159698486328,18.37841796875
reaction:3355,CataCXium A,1,,33.14,21.475494384765625,16.9085750579834
reaction:3356,SPhos,7,,12.96,17.491403579711914,17.271167755126953
reaction:3358,XPhos,5,,35.78,17.47698974609375,17.800939559936523
reaction:3362,P(tBu)3,0,,24.57,10.347915649414062,19.048290252685547
reaction:3363,P(Ph)3,7,,48.08,54.22349548339844,18.407535552978516
reaction:3364,AmPhos,7,,54.99,26.614824295043945,18.610036849975586
reaction:3365,P(Cy)3,3,,26.1,50.97017288208008,17.14371681213379
reaction:3366,P(o-Tol)3,1,,38.2,32.107444763183594,18.48978042602539
reaction:3367,CataCXium A,3,,71.95,29.572439193725586,17.011934280395508
reaction:3368,SPhos,5,,25.89,23.430526733398438,17.721710205078125
reaction:3370,XPhos,3,,27.69,19.21915626525879,17.81450843811035
reaction:3374,P(tBu)3,5,,23.77,29.180767059326172,17.4786319732666
reaction:3375,P(Ph)3,3,,72.56,72.2929458618164,19.065275192260742
reaction:3376,AmPhos,0,,39.11,37.762969970703125,18.832599639892578
reaction:3377,P(Cy)3,1,,61.53,56.029788970947266,16.643348693847656
reaction:3378,P(o-Tol)3,6,,35.64,42.520606994628906,18.128389358520508
reaction:3379,CataCXium A,4,,35.27,40.31809616088867,16.7120304107666
reaction:3380,SPhos,2,,47.03,48.03886032104492,16.951108932495117
reaction:3382,XPhos,4,,51.17,48.51844024658203,18.347381591796875
reaction:3386,P(tBu)3,4,,20.76,18.60869598388672,19.00676727294922
reaction:3387,P(Ph)3,0,,73.52,73.46642303466797,18.232229232788086
reaction:3388,AmPhos,4,,30.22,36.57334518432617,18.35531997680664
reaction:3389,P(Cy)3,3,,49.15,60.44640350341797,17.233016967773438
reaction:3390,P(o-Tol)3,6,,37.72,39.384334564208984,18.297765731811523
reaction:3391,CataCXium A,1,,36.05,35.85911560058594,17.06582260131836
reaction:3392,SPhos,5,,45.38,40.943115234375,17.886646270751953
reaction:3394,XPhos,2,,47.38,46.08263397216797,17.778688430786133
reaction:3398,P(tBu)3,7,,20.85,11.439170837402344,18.354307174682617
reaction:3399,P(Ph)3,3,,74.41,65.75042724609375,18.953250885009766
reaction:3400,AmPhos,6,,25.49,31.637256622314453,18.114990234375
reaction:3401,P(Cy)3,7,,47.92,48.18988800048828,16.653610229492188
reaction:3402,P(o-Tol)3,1,,31.78,34.594383239746094,17.730117797851562
reaction:3403,CataCXium A,1,,29.21,32.30450439453125,17.100751876831055
reaction:3404,SPhos,1,,50.69,43.095130920410156,17.075551986694336
reaction:3406,XPhos,4,,43.22,45.90717697143555,17.885345458984375
reaction:3410,P(tBu)3,0,,21.32,26.25990867614746,18.729299545288086
reaction:3411,P(Ph)3,3,,83.66,64.11460876464844,18.736772537231445
reaction:3412,AmPhos,2,,36.82,38.87961959838867,18.26368522644043
reaction:3413,P(Cy)3,5,,63.05,63.23020935058594,17.414348602294922
reaction:3414,P(o-Tol)3,3,,37.05,41.32526779174805,17.519102096557617
reaction:3415,CataCXium A,1,,40.78,44.01897430419922,17.060089111328125
reaction:3416,SPhos,5,,53.28,38.56194305419922,17.510189056396484
reaction:3418,XPhos,0,,46.27,44.72823715209961,18.050973892211914
reaction:3422,P(tBu)3,6,,18.29,22.305126190185547,18.448219299316406
reaction:3423,P(Ph)3,3,,71.31,58.004981994628906,18.95902442932129
reaction:3424,AmPhos,3,,31.01,35.710487365722656,17.76399040222168
reaction:3425,P(Cy)3,0,,69.26,55.680938720703125,17.0300235748291
reaction:3426,P(o-Tol)3,6,,37.59,37.97907638549805,18.455968856811523
reaction:3427,CataCXium A,2,,37.91,47.88212966918945,16.915874481201172
reaction:3428,SPhos,7,,23.2,31.23311424255371,17.662443161010742
reaction:3430,XPhos,7,,30.62,27.578340530395508,18.280431747436523
reaction:3434,P(tBu)3,4,,23.65,31.030376434326172,18.137134552001953
reaction:3435,P(Ph)3,3,,62.95,63.13756561279297,19.332077026367188
reaction:3436,AmPhos,0,,45.32,35.825294494628906,18.833887100219727
reaction:3437,P(Cy)3,4,,83.06,59.656150817871094,17.083194732666016
reaction:3438,P(o-Tol)3,4,,38.42,36.59404373168945,18.327810287475586
reaction:3439,CataCXium A,3,,43.3,41.90965270996094,17.015596389770508
reaction:3440,SPhos,3,,27.79,34.58086395263672,17.786865234375
reaction:3442,XPhos,1,,48.35,34.266902923583984,17.345678329467773
reaction:3446,P(tBu)3,5,,20.59,24.024028778076172,17.979097366333008
reaction:3447,P(Ph)3,5,,84.54,72.59403991699219,17.280179977416992
reaction:3448,AmPhos,4,,31.28,42.08502960205078,19.193010330200195
reaction:3449,P(Cy)3,7,,64.63,70.25337219238281,16.953454971313477
reaction:3450,P(o-Tol)3,0,,44.63,47.55929183959961,18.20770263671875
reaction:3451,CataCXium A,7,,31.51,51.85821533203125,16.654489517211914
reaction:3452,SPhos,3,,52.78,54.78176498413086,17.069143295288086
reaction:3454,XPhos,0,,42.62,58.92436599731445,18.719482421875
reaction:3458,P(tBu)3,6,,14.78,18.474668502807617,18.672576904296875
reaction:3459,P(Ph)3,6,,15.69,20.66533088684082,18.700576782226562
reaction:3460,AmPhos,5,,16.01,12.633865356445312,18.40156364440918
reaction:3461,P(Cy)3,3,,19.35,4.881988525390625,17.21641731262207
reaction:3462,P(o-Tol)3,4,,17.37,12.61550521850586,18.030195236206055
reaction:3463,CataCXium A,6,,15.16,14.914993286132812,16.864418029785156
reaction:3464,SPhos,2,,14.48,10.891963958740234,17.930675506591797
reaction:3466,XPhos,7,,16.12,11.623222351074219,17.973148345947266
reaction:3470,P(tBu)3,3,,17.82,15.708030700683594,18.009782791137695
reaction:3471,P(Ph)3,5,,19.46,22.922101974487305,17.681236267089844
reaction:3472,AmPhos,6,,20.67,17.212326049804688,18.75933074951172
reaction:3473,P(Cy)3,2,,19.64,18.959192276000977,17.187820434570312
reaction:3474,P(o-Tol)3,2,,29.53,20.895641326904297,17.963834762573242
reaction:3475,CataCXium A,1,,19.42,23.754091262817383,16.64356231689453
reaction:3476,SPhos,1,,19.15,17.067338943481445,16.842439651489258
reaction:3478,XPhos,7,,20.14,19.238685607910156,17.87408447265625
reaction:3482,P(tBu)3,6,,18.86,17.297338485717773,18.03231430053711
reaction:3483,P(Ph)3,0,,16.12,16.6276798248291,18.677167892456055
reaction:3484,AmPhos,4,,16.64,17.242273330688477,18.359966278076172
reaction:3485,P(Cy)3,6,,16.07,16.47321891784668,17.4739933013916
reaction:3486,P(o-Tol)3,6,,17.97,24.778575897216797,18.81374740600586
reaction:3487,CataCXium A,4,,17.61,22.36739158630371,17.165035247802734
reaction:3488,SPhos,1,,17.31,17.70891571044922,17.6624755859375
reaction:3490,XPhos,3,,16.92,23.32775115966797,18.04537582397461
reaction:3494,P(tBu)3,2,,16.72,21.53214454650879,17.712684631347656
reaction:3495,P(Ph)3,0,,18.91,17.298425674438477,18.233617782592773
reaction:3496,AmPhos,7,,16.35,17.845232009887695,18.974775314331055
reaction:3497,P(Cy)3,6,,15.9,21.65201187133789,17.571035385131836
reaction:3498,P(o-Tol)3,0,,36.68,20.75865364074707,18.477672576904297
reaction:3499,CataCXium A,2,,24.07,15.486743927001953,16.545421600341797
reaction:3500,SPhos,6,,16.43,19.19797706604004,17.749780654907227
reaction:3502,XPhos,3,,4.66,19.897287368774414,16.959064483642578
reaction:3506,P(tBu)3,1,,15.83,21.79693031311035,17.95310401916504
reaction:3507,P(Ph)3,5,,15.34,16.61899757385254,18.872905731201172
reaction:3508,AmPhos,0,,15.09,23.21133041381836,18.656431198120117
reaction:3509,P(Cy)3,1,,15.73,15.375701904296875,17.53349494934082
reaction:3510,P(o-Tol)3,0,,13.61,22.67757797241211,18.29261589050293
reaction:3511,CataCXium A,0,,15.62,20.72713851928711,16.943706512451172
reaction:3512,SPhos,3,,15.39,14.298419952392578,17.259023666381836
reaction:3514,XPhos,2,,14.07,17.884033203125,18.028337478637695
reaction:3518,P(tBu)3,2,,16.0,20.292871475219727,18.226709365844727
reaction:3519,P(Ph)3,6,,16.23,22.71531867980957,18.499799728393555
reaction:3520,AmPhos,0,,12.4,21.013904571533203,18.2199764251709
reaction:3521,P(Cy)3,1,,14.32,17.60165023803711,17.243942260742188
reaction:3522,P(o-Tol)3,6,,15.59,22.908266067504883,18.82921028137207
reaction:3523,CataCXium A,3,,16.37,24.42133140563965,16.72787857055664
reaction:3524,SPhos,5,,13.25,21.79802894592285,17.19969940185547
reaction:3526,XPhos,5,,15.8,17.570022583007812,17.47529411315918
reaction:3530,P(tBu)3,2,,17.17,19.149385452270508,18.215904235839844
reaction:3531,P(Ph)3,7,,19.75,21.497426986694336,18.207355499267578
reaction:3532,AmPhos,3,,12.94,22.324268341064453,18.276220321655273
reaction:3533,P(Cy)3,7,,14.18,18.97422981262207,16.88446044921875
reaction:3534,P(o-Tol)3,6,,15.69,25.76186752319336,19.017309188842773
reaction:3535,CataCXium A,2,,22.51,21.3017520904541,17.021818161010742
reaction:3536,SPhos,6,,15.14,16.77082633972168,17.89997100830078
reaction:3538,XPhos,2,,14.17,17.33824348449707,17.842071533203125
reaction:3542,P(tBu)3,0,,14.14,19.731189727783203,18.40645408630371
reaction:3543,P(Ph)3,6,,15.19,20.636093139648438,18.9791202545166
reaction:3544,AmPhos,6,,16.49,20.71858024597168,19.043193817138672
reaction:3545,P(Cy)3,6,,16.02,14.595039367675781,17.342243194580078
reaction:3546,P(o-Tol)3,0,,15.25,13.127876281738281,18.610624313354492
reaction:3547,CataCXium A,4,,13.53,20.483932495117188,17.085220336914062
reaction:3548,SPhos,6,,14.34,18.29545021057129,18.591798782348633
reaction:3550,XPhos,6,,15.27,14.100753784179688,18.810226440429688
reaction:3554,P(tBu)3,1,,31.76,25.812026977539062,17.982437133789062
reaction:3555,P(Ph)3,4,,51.68,52.591156005859375,19.134859085083008
reaction:3556,AmPhos,3,,37.57,43.57038497924805,18.23542594909668
reaction:3557,P(Cy)3,1,,47.6,39.38857650756836,17.550783157348633
reaction:3558,P(o-Tol)3,1,,34.75,39.956687927246094,18.603408813476562
reaction:3559,CataCXium A,6,,55.11,51.224609375,16.810245513916016
reaction:3560,SPhos,0,,31.85,33.0751953125,17.99139976501465
reaction:3562,XPhos,4,,29.92,36.60568618774414,18.401769638061523
reaction:3566,P(tBu)3,0,,27.16,30.228870391845703,18.046531677246094
reaction:3567,P(Ph)3,7,,47.7,50.93547439575195,18.646991729736328
reaction:3568,AmPhos,4,,43.3,41.989898681640625,18.313289642333984
reaction:3569,P(Cy)3,2,,44.4,38.550350189208984,17.431968688964844
reaction:3570,P(o-Tol)3,4,,34.11,44.061222076416016,17.9586181640625
reaction:3571,CataCXium A,4,,46.43,53.29036331176758,17.237878799438477
reaction:3572,SPhos,5,,27.58,34.974727630615234,16.913949966430664
reaction:3574,XPhos,2,,23.65,36.11704635620117,17.120920181274414
reaction:3578,P(tBu)3,3,,21.26,24.129383087158203,18.6661376953125
reaction:3579,P(Ph)3,6,,42.44,37.64470672607422,18.82740592956543
reaction:3580,AmPhos,6,,30.95,29.669410705566406,18.585010528564453
reaction:3581,P(Cy)3,1,,27.31,32.42499542236328,17.59604263305664
reaction:3582,P(o-Tol)3,5,,34.82,29.068023681640625,17.88022804260254
reaction:3583,CataCXium A,6,,56.37,39.238548278808594,16.979694366455078
reaction:3584,SPhos,7,,27.03,21.618520736694336,17.233247756958008
reaction:3586,XPhos,6,,23.4,25.036605834960938,17.752838134765625
reaction:3590,P(tBu)3,0,,22.12,28.247344970703125,18.02828025817871
reaction:3591,P(Ph)3,7,,34.49,45.45505142211914,18.756811141967773
reaction:3592,AmPhos,0,,36.44,33.787113189697266,17.775503158569336
reaction:3593,P(Cy)3,1,,32.77,29.88763999938965,17.646385192871094
reaction:3594,P(o-Tol)3,1,,35.01,40.856475830078125,18.080791473388672
reaction:3595,CataCXium A,7,,41.14,45.832088470458984,16.751218795776367
reaction:3596,SPhos,1,,23.89,33.47306823730469,17.737323760986328
reaction:3598,XPhos,6,,23.11,26.977222442626953,17.758955001831055
reaction:3602,P(tBu)3,7,,26.44,38.990447998046875,18.575313568115234
reaction:3603,P(Ph)3,5,,42.52,44.74119186401367,18.648502349853516
reaction:3604,AmPhos,0,,27.31,42.59138107299805,18.798221588134766
reaction:3605,P(Cy)3,4,,23.96,40.52831268310547,17.061899185180664
reaction:3606,P(o-Tol)3,0,,37.34,33.803184509277344,18.434045791625977
reaction:3607,CataCXium A,1,,49.39,47.92060470581055,17.184856414794922
reaction:3608,SPhos,7,,22.85,25.87343978881836,17.370872497558594
reaction:3610,XPhos,1,,24.26,19.487314224243164,17.9667911529541
reaction:3614,P(tBu)3,6,,26.61,32.78770446777344,18.111980438232422
reaction:3615,P(Ph)3,0,,47.17,46.52161407470703,18.265731811523438
reaction:3616,AmPhos,6,,41.97,40.448272705078125,18.723173141479492
reaction:3617,P(Cy)3,4,,30.56,46.90522766113281,16.93073844909668
reaction:3618,P(o-Tol)3,3,,37.91,36.91527557373047,17.892032623291016
reaction:3619,CataCXium A,0,,60.3,52.55120086669922,16.86772918701172
reaction:3620,SPhos,5,,30.31,43.517635345458984,17.061922073364258
reaction:3622,XPhos,5,,29.03,38.71133804321289,17.34066390991211
reaction:3626,P(tBu)3,4,,29.1,25.03882598876953,17.522592544555664
reaction:3627,P(Ph)3,5,,53.77,42.90422439575195,18.193273544311523
reaction:3628,AmPhos,7,,42.75,36.60115432739258,18.210895538330078
reaction:3629,P(Cy)3,5,,38.71,36.3005485534668,16.765766143798828
reaction:3630,P(o-Tol)3,7,,35.42,32.050148010253906,18.03639030456543
reaction:3631,CataCXium A,3,,60.07,50.448974609375,16.675384521484375
reaction:3632,SPhos,0,,32.04,19.688343048095703,17.39250373840332
reaction:3634,XPhos,7,,28.83,18.815053939819336,17.424415588378906
reaction:3638,P(tBu)3,5,,23.75,24.915306091308594,17.620264053344727
reaction:3639,P(Ph)3,0,,55.89,39.40621566772461,18.597370147705078
reaction:3640,AmPhos,2,,44.98,36.978912353515625,19.11109161376953
reaction:3641,P(Cy)3,1,,43.32,36.345760345458984,17.710689544677734
reaction:3642,P(o-Tol)3,0,,40.65,24.013261795043945,18.77892303466797
reaction:3643,CataCXium A,7,,58.2,52.39079284667969,16.568540573120117
reaction:3644,SPhos,3,,30.76,28.140296936035156,17.034133911132812
reaction:3646,XPhos,1,,31.51,19.10567855834961,17.775779724121094
reaction:3650,P(tBu)3,6,,13.05,24.72814178466797,18.31858253479004
reaction:3651,P(Ph)3,4,,15.86,21.412954330444336,19.682470321655273
reaction:3652,AmPhos,6,,21.99,13.95077133178711,18.331771850585938
reaction:3653,P(Cy)3,5,,17.53,12.226860046386719,17.550579071044922
reaction:3654,P(o-Tol)3,0,,14.79,10.23880386352539,18.774627685546875
reaction:3655,CataCXium A,2,,13.97,13.00711441040039,16.93492889404297
reaction:3656,SPhos,3,,14.89,6.836765289306641,16.865032196044922
reaction:3658,XPhos,1,,22.39,5.591716766357422,17.509679794311523
reaction:3662,P(tBu)3,4,,16.21,27.88385009765625,17.97146987915039
reaction:3663,P(Ph)3,5,,20.23,18.513076782226562,17.490575790405273
reaction:3664,AmPhos,4,,19.9,21.24614715576172,18.763866424560547
reaction:3665,P(Cy)3,5,,16.86,19.878376007080078,17.57112693786621
reaction:3666,P(o-Tol)3,5,,19.22,17.995378494262695,17.508481979370117
reaction:3667,CataCXium A,0,,18.83,15.490612030029297,16.731239318847656
reaction:3668,SPhos,0,,18.66,22.817079544067383,17.403682708740234
reaction:3670,XPhos,1,,19.78,19.513212203979492,16.805505752563477
reaction:3674,P(tBu)3,4,,19.09,16.817235946655273,19.099760055541992
reaction:3675,P(Ph)3,6,,16.59,17.143796920776367,18.534074783325195
reaction:3676,AmPhos,3,,13.82,17.958593368530273,18.417753219604492
reaction:3677,P(Cy)3,0,,16.67,19.275053024291992,17.166778564453125
reaction:3678,P(o-Tol)3,7,,20.61,16.237442016601562,17.76460838317871
reaction:3679,CataCXium A,4,,15.85,20.520673751831055,16.745697021484375
reaction:3680,SPhos,0,,14.7,18.60178565979004,17.109485626220703
reaction:3682,XPhos,6,,16.51,21.10367202758789,17.851966857910156
reaction:3686,P(tBu)3,4,,18.87,26.135574340820312,19.074682235717773
reaction:3687,P(Ph)3,2,,15.17,16.05076789855957,18.068408966064453
reaction:3688,AmPhos,5,,12.52,20.893964767456055,18.420392990112305
reaction:3689,P(Cy)3,3,,14.04,18.565093994140625,17.018354415893555
reaction:3690,P(o-Tol)3,4,,14.41,18.931943893432617,18.01328468322754
reaction:3691,CataCXium A,7,,14.16,16.82205581665039,16.71626853942871
reaction:3692,SPhos,6,,8.89,11.91238784790039,17.570112228393555
reaction:3694,XPhos,0,,5.87,9.238521575927734,17.07759666442871
reaction:3698,P(tBu)3,6,,14.85,-6.7801361083984375,18.101749420166016
reaction:3699,P(Ph)3,0,,15.24,21.402498245239258,18.645172119140625
reaction:3700,AmPhos,2,,13.75,13.506816864013672,18.524425506591797
reaction:3701,P(Cy)3,6,,13.5,10.394542694091797,17.563589096069336
reaction:3702,P(o-Tol)3,2,,15.93,12.6844482421875,18.27448081970215
reaction:3703,CataCXium A,6,,14.94,13.246536254882812,17.02810287475586
reaction:3704,SPhos,1,,13.89,15.3509521484375,17.696443557739258
reaction:3706,XPhos,5,,15.15,15.41998291015625,16.920398712158203
reaction:3710,P(tBu)3,7,,15.33,27.669921875,17.624053955078125
reaction:3711,P(Ph)3,4,,15.57,20.96303367614746,19.12617301940918
reaction:3712,AmPhos,7,,14.34,21.382835388183594,18.154998779296875
reaction:3713,P(Cy)3,6,,16.56,6.5601806640625,17.56494903564453
reaction:3714,P(o-Tol)3,0,,14.67,13.08919906616211,18.251371383666992
reaction:3715,CataCXium A,3,,13.1,23.443754196166992,16.901403427124023
reaction:3716,SPhos,1,,14.39,5.948749542236328,17.087371826171875
reaction:3718,XPhos,1,,15.63,5.397617340087891,17.0045108795166
reaction:3722,P(tBu)3,5,,13.46,-5.598785400390625,18.292543411254883
reaction:3723,P(Ph)3,4,,15.1,31.05645179748535,18.97020721435547
reaction:3724,AmPhos,5,,13.14,22.897531509399414,18.47092056274414
reaction:3725,P(Cy)3,1,,14.73,22.461471557617188,17.051162719726562
reaction:3726,P(o-Tol)3,3,,14.45,23.607479095458984,17.839637756347656
reaction:3727,CataCXium A,6,,19.58,28.68520164489746,16.87672233581543
reaction:3728,SPhos,2,,13.61,28.595178604125977,17.80605125427246
reaction:3730,XPhos,6,,15.96,29.88349723815918,18.333301544189453
reaction:3734,P(tBu)3,7,,31.57,15.35049057006836,17.492692947387695
reaction:3735,P(Ph)3,4,,19.08,27.776456832885742,19.260295867919922
reaction:3736,AmPhos,6,,26.77,25.637447357177734,18.58365821838379
reaction:3737,P(Cy)3,3,,13.69,20.974870681762695,17.304155349731445
reaction:3738,P(o-Tol)3,3,,14.13,22.303775787353516,17.861669540405273
reaction:3739,CataCXium A,3,,14.55,30.13327407836914,16.829940795898438
reaction:3740,SPhos,7,,31.35,13.062435150146484,16.864625930786133
reaction:3742,XPhos,6,,15.82,22.723188400268555,18.712085723876953
reaction:3746,P(tBu)3,7,,16.44,22.82176399230957,17.81368637084961
reaction:3747,P(Ph)3,1,,56.56,43.005287170410156,18.316652297973633
reaction:3748,AmPhos,0,,45.17,49.073421478271484,18.826915740966797
reaction:3749,P(Cy)3,5,,21.88,51.02981948852539,17.799482345581055
reaction:3750,P(o-Tol)3,3,,56.29,55.60707473754883,18.552913665771484
reaction:3751,CataCXium A,3,,43.94,47.726139068603516,16.766023635864258
reaction:3752,SPhos,7,,29.67,37.79393768310547,17.135955810546875
reaction:3754,XPhos,7,,30.14,38.33846664428711,17.924968719482422
reaction:3758,P(tBu)3,6,,48.3,47.26249694824219,18.201953887939453
reaction:3759,P(Ph)3,7,,75.18,77.63258361816406,18.457881927490234
reaction:3760,AmPhos,7,,63.04,67.8786392211914,17.735897064208984
reaction:3761,P(Cy)3,5,,75.06,71.6567611694336,17.826581954956055
reaction:3762,P(o-Tol)3,7,,72.15,74.66099548339844,18.229507446289062
reaction:3763,CataCXium A,4,,70.31,68.50822448730469,17.052993774414062
reaction:3764,SPhos,3,,62.57,63.11573028564453,16.87794303894043
reaction:3766,XPhos,7,,61.95,57.24519729614258,17.600557327270508
reaction:3770,P(tBu)3,5,,42.64,46.91196060180664,17.88665008544922
reaction:3771,P(Ph)3,6,,69.39,71.97045135498047,18.382129669189453
reaction:3772,AmPhos,0,,60.07,59.66559600830078,18.956989288330078
reaction:3773,P(Cy)3,2,,68.64,60.83529281616211,17.36532974243164
reaction:3774,P(o-Tol)3,3,,69.92,70.48086547851562,18.012351989746094
reaction:3775,CataCXium A,0,,64.04,67.03529357910156,16.59839630126953
reaction:3776,SPhos,1,,51.08,61.87815856933594,17.72541618347168
reaction:3778,XPhos,2,,57.92,56.976314544677734,18.19771957397461
reaction:3782,P(tBu)3,4,,44.23,45.58983612060547,19.187376022338867
reaction:3783,P(Ph)3,4,,78.31,72.84622955322266,18.271236419677734
reaction:3784,AmPhos,2,,61.48,60.51979064941406,18.566781997680664
reaction:3785,P(Cy)3,1,,73.72,60.955177307128906,17.296796798706055
reaction:3786,P(o-Tol)3,0,,73.24,74.04163360595703,18.816694259643555
reaction:3787,CataCXium A,3,,63.42,69.77201843261719,16.65679168701172
reaction:3788,SPhos,1,,69.82,63.85733413696289,17.611757278442383
reaction:3790,XPhos,5,,64.55,55.22178649902344,17.023834228515625
reaction:3794,P(tBu)3,3,,53.09,48.63337707519531,18.230562210083008
reaction:3795,P(Ph)3,5,,81.48,76.54862213134766,18.481952667236328
reaction:3796,AmPhos,1,,70.14,64.35968780517578,18.134166717529297
reaction:3797,P(Cy)3,5,,69.95,72.32440185546875,17.786582946777344
reaction:3798,P(o-Tol)3,7,,80.65,76.74565887451172,18.071487426757812
reaction:3799,CataCXium A,7,,82.23,69.90550231933594,16.694229125976562
reaction:3800,SPhos,6,,66.4,63.704097747802734,17.652055740356445
reaction:3802,XPhos,1,,61.03,58.64237976074219,17.8099422454834
reaction:3806,P(tBu)3,0,,46.61,39.387596130371094,17.865610122680664
reaction:3807,P(Ph)3,3,,80.09,69.55035400390625,17.382413864135742
reaction:3808,AmPhos,4,,74.74,56.990352630615234,18.66620445251465
reaction:3809,P(Cy)3,2,,73.91,65.478515625,17.498096466064453
reaction:3810,P(o-Tol)3,3,,79.4,68.9117431640625,18.18048095703125
reaction:3811,CataCXium A,6,,81.25,72.34727478027344,16.877338409423828
reaction:3812,SPhos,2,,58.75,47.943965911865234,17.69394874572754
reaction:3814,XPhos,2,,44.35,48.1405143737793,18.51313018798828
reaction:3818,P(tBu)3,4,,53.82,53.170047760009766,18.460620880126953
reaction:3819,P(Ph)3,1,,82.9,71.23613739013672,18.30107307434082
reaction:3820,AmPhos,4,,78.92,62.08163070678711,18.015399932861328
reaction:3821,P(Cy)3,6,,66.13,69.88220977783203,16.99749755859375
reaction:3822,P(o-Tol)3,6,,84.77,74.46986389160156,18.099102020263672
reaction:3823,CataCXium A,4,,74.96,73.21684265136719,16.94763946533203
reaction:3824,SPhos,2,,59.47,49.60783386230469,17.642913818359375
reaction:3826,XPhos,1,,50.87,47.305763244628906,18.189393997192383
reaction:3830,P(tBu)3,3,,49.74,57.02412414550781,18.082157135009766
reaction:3831,P(Ph)3,7,,78.9,84.66119384765625,17.964406967163086
reaction:3832,AmPhos,2,,70.77,69.35140991210938,19.198305130004883
reaction:3833,P(Cy)3,3,,78.59,76.35498046875,17.236467361450195
reaction:3834,P(o-Tol)3,6,,71.82,79.85832214355469,18.28070068359375
reaction:3835,CataCXium A,2,,76.98,75.6939926147461,17.232975006103516
reaction:3836,SPhos,6,,68.51,80.01404571533203,18.06490135192871
reaction:3838,XPhos,1,,67.02,65.2264404296875,17.689350128173828
reaction:3842,P(tBu)3,6,,12.41,19.662395477294922,18.691524505615234
reaction:3843,P(Ph)3,3,,23.02,24.285594940185547,18.143335342407227
reaction:3844,AmPhos,0,,20.7,26.76675033569336,18.67169952392578
reaction:3845,P(Cy)3,4,,12.94,7.401092529296875,17.01887321472168
reaction:3846,P(o-Tol)3,1,,15.23,8.087718963623047,18.544647216796875
reaction:3847,CataCXium A,6,,14.79,24.05164909362793,16.53803062438965
reaction:3848,SPhos,4,,13.01,8.126564025878906,17.98175048828125
reaction:3850,XPhos,2,,13.88,11.182872772216797,18.800954818725586
reaction:3854,P(tBu)3,5,,15.81,9.414955139160156,18.294544219970703
reaction:3855,P(Ph)3,1,,18.18,23.651243209838867,17.813922882080078
reaction:3856,AmPhos,7,,17.45,14.945426940917969,18.24681282043457
reaction:3857,P(Cy)3,2,,17.86,15.329036712646484,17.01298713684082
reaction:3858,P(o-Tol)3,1,,17.29,13.663776397705078,18.488370895385742
reaction:3859,CataCXium A,7,,18.96,16.133453369140625,16.2872314453125
reaction:3860,SPhos,6,,17.79,20.63563346862793,17.140748977661133
reaction:3862,XPhos,1,,21.26,14.983936309814453,17.20041275024414
reaction:3866,P(tBu)3,2,,12.17,15.85079574584961,17.918088912963867
reaction:3867,P(Ph)3,5,,17.75,17.346858978271484,18.220945358276367
reaction:3868,AmPhos,5,,13.16,19.038116455078125,18.625341415405273
reaction:3869,P(Cy)3,2,,10.99,16.017101287841797,17.211692810058594
reaction:3870,P(o-Tol)3,3,,12.41,15.208702087402344,17.833778381347656
reaction:3871,CataCXium A,4,,14.15,14.27115249633789,16.49694061279297
reaction:3872,SPhos,2,,12.9,19.26091957092285,17.59238052368164
reaction:3874,XPhos,2,,12.01,20.702438354492188,18.314844131469727
reaction:3878,P(tBu)3,1,,14.14,14.725521087646484,18.977886199951172
reaction:3879,P(Ph)3,5,,22.09,19.86392593383789,18.4200439453125
reaction:3880,AmPhos,1,,11.54,7.279613494873047,19.14726448059082
reaction:3881,P(Cy)3,4,,10.1,9.003116607666016,16.96916961669922
reaction:3882,P(o-Tol)3,3,,10.87,16.041065216064453,18.316211700439453
reaction:3883,CataCXium A,5,,11.88,10.229084014892578,17.081787109375
reaction:3884,SPhos,6,,13.93,21.20534324645996,17.62209129333496
reaction:3886,XPhos,1,,12.89,23.55109977722168,17.4818058013916
reaction:3890,P(tBu)3,0,,10.18,20.394672393798828,18.51848030090332
reaction:3891,P(Ph)3,1,,14.48,14.775074005126953,17.92795181274414
reaction:3892,AmPhos,6,,23.12,18.372880935668945,18.703399658203125
reaction:3893,P(Cy)3,3,,30.88,14.487201690673828,16.970478057861328
reaction:3894,P(o-Tol)3,7,,15.05,14.1763916015625,18.17890739440918
reaction:3895,CataCXium A,3,,15.78,13.0234375,16.63138771057129
reaction:3896,SPhos,5,,13.79,14.969985961914062,17.89377212524414
reaction:3898,XPhos,6,,12.72,17.801448822021484,19.004745483398438
reaction:3902,P(tBu)3,1,,11.97,17.718181610107422,18.208602905273438
reaction:3903,P(Ph)3,3,,15.43,30.463436126708984,18.065275192260742
reaction:3904,AmPhos,4,,14.47,22.197824478149414,18.13051986694336
reaction:3905,P(Cy)3,1,,13.34,14.643909454345703,17.17624282836914
reaction:3906,P(o-Tol)3,5,,13.04,10.75436782836914,17.920730590820312
reaction:3907,CataCXium A,7,,14.29,23.07942771911621,16.86434555053711
reaction:3908,SPhos,1,,12.48,16.887197494506836,17.132638931274414
reaction:3910,XPhos,6,,12.47,14.144866943359375,18.197235107421875
reaction:3914,P(tBu)3,1,,15.09,9.984794616699219,19.042835235595703
reaction:3915,P(Ph)3,3,,16.43,21.933971405029297,18.4332218170166
reaction:3916,AmPhos,1,,12.89,30.222110748291016,19.245790481567383
reaction:3917,P(Cy)3,7,,11.29,16.62923812866211,17.06929588317871
reaction:3918,P(o-Tol)3,6,,13.82,20.694799423217773,19.126480102539062
reaction:3919,CataCXium A,0,,14.88,12.981708526611328,16.945209503173828
reaction:3920,SPhos,3,,12.2,13.678878784179688,17.54581642150879
reaction:3922,XPhos,0,,13.04,13.232574462890625,17.705114364624023
reaction:3926,P(tBu)3,4,,12.86,11.338035583496094,18.5693302154541
reaction:3927,P(Ph)3,5,,17.77,22.199228286743164,17.77374267578125
reaction:3928,AmPhos,7,,17.88,19.476089477539062,18.108869552612305
reaction:3929,P(Cy)3,0,,12.99,4.167827606201172,17.016273498535156
reaction:3930,P(o-Tol)3,4,,13.53,11.147480010986328,17.910442352294922
reaction:3931,CataCXium A,4,,13.83,19.519317626953125,16.73740577697754
reaction:3932,SPhos,6,,12.68,10.668254852294922,18.249324798583984
reaction:3934,XPhos,4,,12.83,12.948772430419922,18.468183517456055
reaction:3938,P(tBu)3,0,,20.69,37.14816665649414,18.740436553955078
reaction:3939,P(Ph)3,4,,53.11,46.58808898925781,18.868471145629883
reaction:3940,AmPhos,0,,46.46,49.949737548828125,19.068710327148438
reaction:3941,P(Cy)3,0,,18.38,35.233009338378906,17.05765724182129
reaction:3942,P(o-Tol)3,6,,20.14,35.59804916381836,17.591381072998047
reaction:3943,CataCXium A,3,,58.69,47.03844451904297,16.893901824951172
reaction:3944,SPhos,6,,14.0,27.654176712036133,17.349145889282227
reaction:3946,XPhos,3,,16.74,29.45066261291504,18.034788131713867
reaction:3950,P(tBu)3,5,,17.7,24.9205379486084,19.10931396484375
reaction:3951,P(Ph)3,1,,32.1,43.9309196472168,18.313894271850586
reaction:3952,AmPhos,0,,17.87,34.790340423583984,18.153303146362305
reaction:3953,P(Cy)3,2,,18.72,12.918781280517578,17.38027572631836
reaction:3954,P(o-Tol)3,7,,16.32,12.419681549072266,18.233444213867188
reaction:3955,CataCXium A,3,,17.77,35.51176452636719,16.929935455322266
reaction:3956,SPhos,5,,16.49,17.445796966552734,17.905916213989258
reaction:3958,XPhos,7,,16.07,23.68440055847168,18.294795989990234
reaction:3962,P(tBu)3,1,,28.53,17.5886287689209,18.823318481445312
reaction:3963,P(Ph)3,0,,37.86,38.59123992919922,18.341304779052734
reaction:3964,AmPhos,4,,24.69,28.03961753845215,17.97423553466797
reaction:3965,P(Cy)3,5,,16.02,7.375034332275391,16.988727569580078
reaction:3966,P(o-Tol)3,1,,17.53,16.742422103881836,18.717147827148438
reaction:3967,CataCXium A,6,,19.02,35.77095031738281,16.99945831298828
reaction:3968,SPhos,5,,15.36,7.815670013427734,18.27128791809082
reaction:3970,XPhos,4,,16.52,12.954925537109375,18.63857650756836
reaction:3974,P(tBu)3,1,,18.4,21.62812614440918,18.711952209472656
reaction:3975,P(Ph)3,2,,32.6,48.9405632019043,17.9321346282959
reaction:3976,AmPhos,7,,21.01,21.518545150756836,18.631546020507812
reaction:3977,P(Cy)3,6,,14.75,5.922515869140625,17.440711975097656
reaction:3978,P(o-Tol)3,7,,22.25,16.045310974121094,18.231706619262695
reaction:3979,CataCXium A,1,,21.39,33.4173583984375,16.888286590576172
reaction:3980,SPhos,0,,15.41,23.258089065551758,16.492218017578125
reaction:3982,XPhos,3,,20.14,23.674413681030273,17.661815643310547
reaction:3986,P(tBu)3,5,,19.64,38.9148063659668,18.73618507385254
reaction:3987,P(Ph)3,2,,37.23,40.42934799194336,18.548686981201172
reaction:3988,AmPhos,0,,20.82,40.858272552490234,18.52869415283203
reaction:3989,P(Cy)3,7,,18.83,22.65797233581543,16.984413146972656
reaction:3990,P(o-Tol)3,3,,18.35,20.795766830444336,17.951139450073242
reaction:3991,CataCXium A,5,,33.48,41.01140594482422,16.75018882751465
reaction:3992,SPhos,5,,16.16,13.890438079833984,18.002437591552734
reaction:3994,XPhos,6,,17.41,12.936519622802734,19.10106658935547
reaction:3998,P(tBu)3,5,,22.93,35.92790222167969,19.223691940307617
reaction:3999,P(Ph)3,1,,57.68,48.1545295715332,18.265031814575195
reaction:4000,AmPhos,6,,40.65,34.11955261230469,18.281400680541992
reaction:4001,P(Cy)3,3,,20.38,28.743091583251953,16.749828338623047
reaction:4002,P(o-Tol)3,2,,17.77,24.028858184814453,18.021459579467773
reaction:4003,CataCXium A,4,,57.89,42.15842819213867,16.483768463134766
reaction:4004,SPhos,5,,17.04,23.371639251708984,17.95214080810547
reaction:4006,XPhos,2,,16.0,28.022146224975586,18.549644470214844
reaction:4010,P(tBu)3,0,,25.2,22.494813919067383,18.449214935302734
reaction:4011,P(Ph)3,6,,47.55,46.831825256347656,18.39837646484375
reaction:4012,AmPhos,0,,52.13,32.33425521850586,18.776954650878906
reaction:4013,P(Cy)3,0,,24.81,18.289804458618164,17.144651412963867
reaction:4014,P(o-Tol)3,6,,20.9,28.12853240966797,18.674165725708008
reaction:4015,CataCXium A,0,,57.21,34.520076751708984,17.142520904541016
reaction:4016,SPhos,5,,17.2,7.518611907958984,18.11471939086914
reaction:4018,XPhos,6,,18.91,1.8032989501953125,19.379528045654297
reaction:4022,P(tBu)3,6,,28.07,18.759523391723633,18.734922409057617
reaction:4023,P(Ph)3,4,,67.49,38.14321517944336,18.45932388305664
reaction:4024,AmPhos,6,,50.05,30.743459701538086,18.001556396484375
reaction:4025,P(Cy)3,6,,20.77,22.26043701171875,17.091184616088867
reaction:4026,P(o-Tol)3,4,,20.88,16.054962158203125,17.779830932617188
reaction:4027,CataCXium A,2,,67.61,40.32414627075195,16.935670852661133
reaction:4028,SPhos,4,,17.3,14.386466979980469,17.935693740844727
reaction:4030,XPhos,6,,16.23,8.933048248291016,18.509016036987305
reaction:4034,P(tBu)3,1,,12.02,26.64683723449707,17.595996856689453
reaction:4035,P(Ph)3,0,,13.72,15.473979949951172,18.758766174316406
reaction:4036,AmPhos,3,,12.47,21.12581443786621,18.41283416748047
reaction:4037,P(Cy)3,4,,11.65,3.121105194091797,17.232789993286133
reaction:4038,P(o-Tol)3,6,,13.9,19.433834075927734,17.827125549316406
reaction:4039,CataCXium A,7,,13.56,20.150279998779297,16.674175262451172
reaction:4040,SPhos,2,,13.75,2.9371109008789062,18.085359573364258
reaction:4042,XPhos,7,,14.3,9.684123992919922,18.280784606933594
reaction:4046,P(tBu)3,5,,16.9,24.508270263671875,18.608245849609375
reaction:4047,P(Ph)3,2,,18.3,18.68100929260254,18.489578247070312
reaction:4048,AmPhos,1,,17.09,13.629417419433594,18.11848258972168
reaction:4049,P(Cy)3,4,,18.64,13.064979553222656,17.059186935424805
reaction:4050,P(o-Tol)3,7,,20.27,4.902275085449219,17.953655242919922
reaction:4051,CataCXium A,5,,22.53,10.789199829101562,17.379127502441406
reaction:4052,SPhos,7,,17.32,20.416166305541992,17.741840362548828
reaction:4054,XPhos,5,,17.09,16.481412887573242,18.06045913696289
reaction:4058,P(tBu)3,3,,13.04,12.215587615966797,18.33561134338379
reaction:4059,P(Ph)3,7,,13.51,18.76654052734375,18.511823654174805
reaction:4060,AmPhos,0,,12.36,16.011613845825195,18.81220817565918
reaction:4061,P(Cy)3,2,,14.06,17.905643463134766,17.225927352905273
reaction:4062,P(o-Tol)3,2,,14.22,14.967464447021484,17.812395095825195
reaction:4063,CataCXium A,5,,13.74,20.23078155517578,17.13216781616211
reaction:4064,SPhos,3,,14.1,17.914995193481445,17.71143913269043
reaction:4066,XPhos,7,,14.1,16.61663055419922,18.28717613220215
reaction:4070,P(tBu)3,6,,14.48,23.110233306884766,18.31891441345215
reaction:4071,P(Ph)3,2,,17.99,25.979143142700195,18.798524856567383
reaction:4072,AmPhos,5,,11.6,-0.5275802612304688,18.747352600097656
reaction:4073,P(Cy)3,4,,12.44,4.639671325683594,17.1160945892334
reaction:4074,P(o-Tol)3,1,,16.27,11.528202056884766,17.71013641357422
reaction:4075,CataCXium A,0,,12.36,15.545963287353516,16.834373474121094
reaction:4076,SPhos,1,,13.53,12.107246398925781,17.568025588989258
reaction:4078,XPhos,2,,13.5,9.137252807617188,17.965965270996094
reaction:4082,P(tBu)3,7,,13.12,-4.7746734619140625,18.68976402282715
reaction:4083,P(Ph)3,2,,15.23,16.979751586914062,18.861623764038086
reaction:4084,AmPhos,7,,11.83,5.547695159912109,18.873857498168945
reaction:4085,P(Cy)3,5,,13.09,13.7530517578125,17.25705337524414
reaction:4086,P(o-Tol)3,5,,13.77,9.740970611572266,18.0308837890625
reaction:4087,CataCXium A,6,,12.14,12.615707397460938,17.07012939453125
reaction:4088,SPhos,0,,12.62,7.8302154541015625,17.275659561157227
reaction:4090,XPhos,7,,14.08,11.319610595703125,18.578907012939453
reaction:4094,P(tBu)3,2,,13.21,22.687753677368164,18.828109741210938
reaction:4095,P(Ph)3,5,,15.71,18.213768005371094,18.321866989135742
reaction:4096,AmPhos,2,,12.61,14.925533294677734,18.364564895629883
reaction:4097,P(Cy)3,6,,12.78,2.6713600158691406,17.183731079101562
reaction:4098,P(o-Tol)3,7,,14.74,8.38259506225586,18.19569969177246
reaction:4099,CataCXium A,2,,13.87,21.966428756713867,16.951751708984375
reaction:4100,SPhos,0,,13.37,2.488597869873047,16.888530731201172
reaction:4102,XPhos,3,,14.58,4.584953308105469,17.34834098815918
reaction:4106,P(tBu)3,6,,12.49,1.7814712524414062,18.761045455932617
reaction:4107,P(Ph)3,6,,20.36,28.64682960510254,17.991046905517578
reaction:4108,AmPhos,1,,13.01,27.124042510986328,19.06529426574707
reaction:4109,P(Cy)3,7,,13.94,17.814943313598633,17.077558517456055
reaction:4110,P(o-Tol)3,6,,14.48,27.591794967651367,18.90004539489746
reaction:4111,CataCXium A,6,,14.14,33.41025924682617,16.910064697265625
reaction:4112,SPhos,6,,13.14,27.615633010864258,17.63043785095215
reaction:4114,XPhos,7,,13.69,20.209638595581055,18.180932998657227
reaction:4118,P(tBu)3,7,,13.15,10.287822723388672,17.781362533569336
reaction:4119,P(Ph)3,2,,16.14,30.618757247924805,18.430438995361328
reaction:4120,AmPhos,3,,12.26,23.928077697753906,18.76552391052246
reaction:4121,P(Cy)3,3,,14.6,2.9538345336914062,16.901607513427734
reaction:4122,P(o-Tol)3,0,,14.35,14.863872528076172,18.336233139038086
reaction:4123,CataCXium A,5,,15.34,26.6771183013916,17.05302619934082
reaction:4124,SPhos,1,,13.64,12.102153778076172,17.51018714904785
reaction:4126,XPhos,2,,14.78,12.116142272949219,18.209842681884766
reaction:4130,P(tBu)3,6,,56.15,29.783720016479492,18.674564361572266
reaction:4131,P(Ph)3,4,,48.5,44.94489288330078,18.265291213989258
reaction:4132,AmPhos,1,,62.12,44.52390670776367,18.536205291748047
reaction:4133,P(Cy)3,7,,20.21,16.081417083740234,17.2419490814209
reaction:4134,P(o-Tol)3,1,,74.71,57.060855865478516,18.592987060546875
reaction:4135,CataCXium A,2,,60.48,53.163414001464844,17.137372970581055
reaction:4136,SPhos,2,,18.91,23.292728424072266,17.991912841796875
reaction:4138,XPhos,3,,29.22,22.146543502807617,18.041677474975586
reaction:4142,P(tBu)3,5,,38.52,49.463863372802734,18.596134185791016
reaction:4143,P(Ph)3,7,,58.94,54.2733268737793,18.379749298095703
reaction:4144,AmPhos,3,,46.32,45.510860443115234,18.294633865356445
reaction:4145,P(Cy)3,7,,27.29,26.263660430908203,17.181949615478516
reaction:4146,P(o-Tol)3,3,,51.26,68.63241577148438,18.260332107543945
reaction:4147,CataCXium A,4,,44.78,49.70457077026367,16.7003231048584
reaction:4148,SPhos,7,,47.02,42.6799201965332,17.41628074645996
reaction:4150,XPhos,4,,41.29,43.50193786621094,17.913646697998047
reaction:4154,P(tBu)3,1,,46.83,47.6436882019043,18.60028648376465
reaction:4155,P(Ph)3,7,,68.15,62.17387771606445,18.67605209350586
reaction:4156,AmPhos,7,,57.98,46.71881103515625,18.69354820251465
reaction:4157,P(Cy)3,2,,31.08,37.8380241394043,17.345230102539062
reaction:4158,P(o-Tol)3,5,,74.84,72.23654174804688,18.072877883911133
reaction:4159,CataCXium A,3,,66.67,53.845947265625,16.829524993896484
reaction:4160,SPhos,4,,51.04,49.14262771606445,18.102033615112305
reaction:4162,XPhos,3,,49.83,47.432640075683594,18.34764862060547
reaction:4166,P(tBu)3,1,,39.95,35.2437858581543,18.740219116210938
reaction:4167,P(Ph)3,1,,73.12,53.5328369140625,18.41975975036621
reaction:4168,AmPhos,4,,6.65,47.060333251953125,18.286497116088867
reaction:4169,P(Cy)3,3,,0.0,35.75624084472656,16.940561294555664
reaction:4170,P(o-Tol)3,6,,63.01,63.53188705444336,18.058574676513672
reaction:4171,CataCXium A,6,,61.84,37.82616424560547,16.854812622070312
reaction:4172,SPhos,3,,59.43,45.96675109863281,16.845829010009766
reaction:4174,XPhos,0,,58.39,53.276939392089844,16.957311630249023
reaction:4178,P(tBu)3,3,,57.66,43.30164337158203,18.673236846923828
reaction:4179,P(Ph)3,5,,40.92,61.99163055419922,17.950315475463867
reaction:4180,AmPhos,5,,52.74,51.56301498413086,19.098726272583008
reaction:4181,P(Cy)3,7,,35.41,35.55961227416992,17.366764068603516
reaction:4182,P(o-Tol)3,0,,74.05,69.39445495605469,17.93565559387207
reaction:4183,CataCXium A,0,,57.44,54.438720703125,17.28048324584961
reaction:4184,SPhos,6,,39.32,43.869056701660156,17.854406356811523
reaction:4186,XPhos,3,,46.03,41.78230285644531,18.3682918548584
reaction:4190,P(tBu)3,3,,40.8,35.675418853759766,18.1417236328125
reaction:4191,P(Ph)3,6,,64.11,57.023258209228516,17.754131317138672
reaction:4192,AmPhos,7,,57.24,45.36642074584961,18.587724685668945
reaction:4193,P(Cy)3,1,,17.87,29.079387664794922,17.317468643188477
reaction:4194,P(o-Tol)3,2,,71.99,66.53933715820312,17.914112091064453
reaction:4195,CataCXium A,2,,65.69,53.60742950439453,17.014238357543945
reaction:4196,SPhos,1,,21.1,31.06952667236328,17.368440628051758
reaction:4198,XPhos,2,,24.86,28.913816452026367,18.736602783203125
reaction:4202,P(tBu)3,7,,57.08,58.646644592285156,18.45138931274414
reaction:4203,P(Ph)3,2,,64.73,54.30406188964844,17.279661178588867
reaction:4204,AmPhos,0,,71.17,48.854915618896484,18.796369552612305
reaction:4205,P(Cy)3,7,,28.01,30.282663345336914,17.42111587524414
reaction:4206,P(o-Tol)3,7,,74.34,69.16397857666016,17.919158935546875
reaction:4207,CataCXium A,6,,56.68,60.406585693359375,16.588401794433594
reaction:4208,SPhos,3,,32.23,28.485551834106445,17.63383674621582
reaction:4210,XPhos,6,,33.45,25.126903533935547,18.91742515563965
reaction:4214,P(tBu)3,3,,45.81,52.438533782958984,18.460737228393555
reaction:4215,P(Ph)3,3,,72.19,72.2856216430664,17.86102867126465
reaction:4216,AmPhos,1,,52.92,55.807228088378906,18.352691650390625
reaction:4217,P(Cy)3,1,,28.32,39.58247375488281,17.702648162841797
reaction:4218,P(o-Tol)3,5,,68.86,74.9300537109375,17.701984405517578
reaction:4219,CataCXium A,3,,59.44,65.55683898925781,16.86795997619629
reaction:4220,SPhos,0,,54.8,57.24321746826172,17.989755630493164
reaction:4222,XPhos,0,,42.55,54.047061920166016,18.770427703857422
reaction:4226,P(tBu)3,3,,16.56,22.067617416381836,18.14820671081543
reaction:4227,P(Ph)3,3,,19.58,18.207977294921875,18.63856315612793
reaction:4228,AmPhos,6,,17.09,14.419097900390625,18.675703048706055
reaction:4229,P(Cy)3,3,,17.27,12.338298797607422,17.58258056640625
reaction:4230,P(o-Tol)3,0,,18.46,13.397075653076172,18.559364318847656
reaction:4231,CataCXium A,4,,21.89,18.689741134643555,16.44964599609375
reaction:4232,SPhos,1,,16.09,16.8709659576416,17.358211517333984
reaction:4234,XPhos,1,,17.25,17.570844650268555,17.988319396972656
reaction:4238,P(tBu)3,1,,16.17,11.201530456542969,18.075321197509766
reaction:4239,P(Ph)3,3,,18.37,17.627626419067383,18.843557357788086
reaction:4240,AmPhos,3,,15.92,12.374946594238281,18.597463607788086
reaction:4241,P(Cy)3,7,,20.33,13.600257873535156,17.055543899536133
reaction:4242,P(o-Tol)3,0,,15.52,13.909286499023438,18.037492752075195
reaction:4243,CataCXium A,3,,16.65,15.755695343017578,16.99820899963379
reaction:4244,SPhos,4,,17.6,16.578325271606445,17.689075469970703
reaction:4246,XPhos,2,,16.82,15.62655258178711,17.664731979370117
reaction:4250,P(tBu)3,1,,19.02,17.07542610168457,18.685016632080078
reaction:4251,P(Ph)3,2,,17.07,18.837003707885742,18.85938262939453
reaction:4252,AmPhos,3,,19.41,15.915410995483398,18.405067443847656
reaction:4253,P(Cy)3,3,,19.05,14.949092864990234,17.578311920166016
reaction:4254,P(o-Tol)3,0,,18.46,14.478031158447266,18.128162384033203
reaction:4255,CataCXium A,2,,16.05,16.749977111816406,16.650043487548828
reaction:4256,SPhos,0,,17.84,21.26675033569336,17.1273136138916
reaction:4258,XPhos,3,,16.16,26.489931106567383,17.72072410583496
reaction:4262,P(tBu)3,7,,15.77,16.62872314453125,17.932947158813477
reaction:4263,P(Ph)3,2,,15.01,16.08201026916504,18.436580657958984
reaction:4264,AmPhos,7,,12.55,14.25656509399414,18.49150848388672
reaction:4265,P(Cy)3,7,,14.57,14.481620788574219,17.325496673583984
reaction:4266,P(o-Tol)3,3,,15.0,16.5872802734375,18.3432559967041
reaction:4267,CataCXium A,2,,13.51,12.901382446289062,16.89272689819336
reaction:4268,SPhos,5,,15.85,21.94951820373535,17.639469146728516
reaction:4270,XPhos,4,,14.19,23.193775177001953,18.28303337097168
reaction:4274,P(tBu)3,4,,13.07,17.44748878479004,17.654579162597656
reaction:4275,P(Ph)3,5,,18.44,15.190223693847656,18.472869873046875
reaction:4276,AmPhos,2,,15.32,15.520536422729492,18.885299682617188
reaction:4277,P(Cy)3,5,,16.18,13.96506118774414,17.623294830322266
reaction:4278,P(o-Tol)3,6,,16.91,14.35171890258789,18.591413497924805
reaction:4279,CataCXium A,5,,16.03,9.963603973388672,17.182735443115234
reaction:4280,SPhos,2,,16.08,21.25092315673828,17.573514938354492
reaction:4282,XPhos,6,,17.59,20.04352378845215,18.620372772216797
reaction:4286,P(tBu)3,5,,12.92,18.273773193359375,18.52159881591797
reaction:4287,P(Ph)3,2,,14.61,24.95287322998047,18.30341911315918
reaction:4288,AmPhos,4,,13.97,16.284042358398438,18.159231185913086
reaction:4289,P(Cy)3,3,,12.83,12.481330871582031,17.22758674621582
reaction:4290,P(o-Tol)3,4,,13.53,14.122974395751953,18.016578674316406
reaction:4291,CataCXium A,1,,14.39,13.213191986083984,16.835840225219727
reaction:4292,SPhos,6,,12.68,20.277082443237305,17.43952751159668
reaction:4294,XPhos,6,,14.31,18.6463623046875,18.122814178466797
reaction:4298,P(tBu)3,0,,14.68,17.174612045288086,17.87826156616211
reaction:4299,P(Ph)3,6,,16.79,17.670108795166016,18.954404830932617
reaction:4300,AmPhos,0,,15.83,14.214927673339844,18.14704704284668
reaction:4301,P(Cy)3,3,,16.64,12.678699493408203,17.394826889038086
reaction:4302,P(o-Tol)3,4,,14.66,17.858957290649414,17.68894386291504
reaction:4303,CataCXium A,6,,13.85,14.74542236328125,16.913381576538086
reaction:4304,SPhos,7,,14.78,18.39809799194336,16.727500915527344
reaction:4306,XPhos,1,,15.62,17.504600524902344,18.66106605529785
reaction:4310,P(tBu)3,6,,13.75,15.807239532470703,19.406206130981445
reaction:4311,P(Ph)3,6,,16.47,16.108980178833008,19.175582885742188
reaction:4312,AmPhos,4,,14.35,16.698040008544922,18.22807502746582
reaction:4313,P(Cy)3,7,,19.04,10.746871948242188,17.468997955322266
reaction:4314,P(o-Tol)3,2,,14.5,15.993541717529297,18.18439292907715
reaction:4315,CataCXium A,0,,14.5,15.942607879638672,17.146865844726562
reaction:4316,SPhos,2,,15.64,19.920272827148438,17.379478454589844
reaction:4318,XPhos,7,,16.17,13.947368621826172,16.277280807495117
reaction:4322,P(tBu)3,3,,15.0,23.906736373901367,18.281261444091797
reaction:4323,P(Ph)3,7,,23.92,23.713199615478516,18.113679885864258
reaction:4324,AmPhos,2,,16.41,25.391542434692383,19.010637283325195
reaction:4325,P(Cy)3,4,,18.72,30.85474395751953,16.946807861328125
reaction:4326,P(o-Tol)3,0,,17.59,18.20024299621582,18.44694709777832
reaction:4327,CataCXium A,3,,30.05,34.50291442871094,17.07276153564453
reaction:4328,SPhos,5,,17.76,23.051000595092773,18.062271118164062
reaction:4330,XPhos,3,,20.28,33.53886413574219,17.530242919921875
reaction:4334,P(tBu)3,5,,13.24,14.005729675292969,18.36924171447754
reaction:4335,P(Ph)3,0,,24.25,20.546579360961914,17.902816772460938
reaction:4336,AmPhos,4,,18.07,17.729869842529297,17.947227478027344
reaction:4337,P(Cy)3,3,,23.95,21.045351028442383,17.50645637512207
reaction:4338,P(o-Tol)3,2,,17.46,16.68189239501953,18.501014709472656
reaction:4339,CataCXium A,5,,20.28,24.94034767150879,16.977235794067383
reaction:4340,SPhos,6,,17.39,19.668426513671875,17.589818954467773
reaction:4342,XPhos,1,,15.9,27.133853912353516,17.554931640625
reaction:4346,P(tBu)3,3,,15.37,16.76012420654297,19.04523468017578
reaction:4347,P(Ph)3,7,,20.73,20.250715255737305,18.324716567993164
reaction:4348,AmPhos,1,,16.14,16.095420837402344,18.90951156616211
reaction:4349,P(Cy)3,7,,21.08,18.072463989257812,17.45149803161621
reaction:4350,P(o-Tol)3,6,,16.32,13.297256469726562,18.3133487701416
reaction:4351,CataCXium A,5,,21.37,20.859403610229492,16.95615577697754
reaction:4352,SPhos,4,,15.13,15.801130294799805,18.085601806640625
reaction:4354,XPhos,3,,17.4,23.93278694152832,18.126924514770508
reaction:4358,P(tBu)3,6,,14.73,21.318504333496094,18.577739715576172
reaction:4359,P(Ph)3,5,,17.57,17.763427734375,18.69734764099121
reaction:4360,AmPhos,5,,15.24,15.094528198242188,19.080087661743164
reaction:4361,P(Cy)3,3,,18.65,13.815879821777344,17.359539031982422
reaction:4362,P(o-Tol)3,2,,18.25,13.171497344970703,18.154800415039062
reaction:4363,CataCXium A,2,,17.99,17.658843994140625,16.936168670654297
reaction:4364,SPhos,3,,15.93,27.819080352783203,17.091344833374023
reaction:4366,XPhos,3,,15.94,33.15210723876953,17.54090118408203
reaction:4370,P(tBu)3,7,,15.38,28.26548194885254,18.08948516845703
reaction:4371,P(Ph)3,4,,21.31,19.677268981933594,17.844242095947266
reaction:4372,AmPhos,0,,14.96,21.15589141845703,17.976377487182617
reaction:4373,P(Cy)3,3,,20.82,22.05730628967285,16.864498138427734
reaction:4374,P(o-Tol)3,5,,17.07,14.055458068847656,18.48568344116211
reaction:4375,CataCXium A,5,,18.0,24.363374710083008,17.22907257080078
reaction:4376,SPhos,3,,15.82,17.270898818969727,17.566883087158203
reaction:4378,XPhos,0,,17.56,17.169553756713867,18.254505157470703
reaction:4382,P(tBu)3,5,,13.11,26.646211624145508,19.479883193969727
reaction:4383,P(Ph)3,2,,17.1,26.955184936523438,18.508747100830078
reaction:4384,AmPhos,1,,15.47,15.12289810180664,18.357824325561523
reaction:4385,P(Cy)3,3,,16.8,25.38336944580078,17.07539939880371
reaction:4386,P(o-Tol)3,2,,15.12,15.948171615600586,18.523944854736328
reaction:4387,CataCXium A,7,,23.62,21.149585723876953,16.902692794799805
reaction:4388,SPhos,3,,15.91,24.308975219726562,17.40102195739746
reaction:4390,XPhos,5,,18.72,28.934467315673828,18.08597755432129
reaction:4394,P(tBu)3,6,,17.88,17.04436492919922,18.881900787353516
reaction:4395,P(Ph)3,0,,24.55,19.995737075805664,18.70026206970215
reaction:4396,AmPhos,7,,17.41,17.7984676361084,18.356958389282227
reaction:4397,P(Cy)3,5,,22.84,21.925378799438477,17.04988670349121
reaction:4398,P(o-Tol)3,7,,16.99,11.528144836425781,18.303924560546875
reaction:4399,CataCXium A,7,,27.27,22.56816864013672,16.805217742919922
reaction:4400,SPhos,6,,19.81,8.840797424316406,18.24355697631836
reaction:4402,XPhos,1,,23.55,11.363483428955078,18.571083068847656
reaction:4406,P(tBu)3,3,,18.18,13.398277282714844,18.288833618164062
reaction:4407,P(Ph)3,2,,25.49,18.700225830078125,18.493778228759766
reaction:4408,AmPhos,5,,20.49,16.837890625,18.287084579467773
reaction:4409,P(Cy)3,7,,25.25,20.558094024658203,17.379344940185547
reaction:4410,P(o-Tol)3,1,,20.02,14.585895538330078,18.36405372619629
reaction:4411,CataCXium A,6,,27.52,28.247953414916992,17.009328842163086
reaction:4412,SPhos,6,,23.94,13.901832580566406,18.425203323364258
reaction:4414,XPhos,3,,23.22,18.422868728637695,17.589557647705078
reaction:4418,P(tBu)3,2,,16.07,22.39240264892578,19.15108871459961
reaction:4419,P(Ph)3,1,,18.38,20.100055694580078,18.91436767578125
reaction:4420,AmPhos,6,,15.57,12.12274169921875,18.66136932373047
reaction:4421,P(Cy)3,2,,18.48,12.607292175292969,17.094594955444336
reaction:4422,P(o-Tol)3,6,,14.48,18.23634147644043,17.698083877563477
reaction:4423,CataCXium A,5,,18.58,21.37859344482422,17.258419036865234
reaction:4424,SPhos,5,,15.35,11.905616760253906,18.271757125854492
reaction:4426,XPhos,6,,19.2,7.307498931884766,18.29930877685547
reaction:4430,P(tBu)3,3,,15.72,26.18663787841797,18.270889282226562
reaction:4431,P(Ph)3,1,,22.66,15.934703826904297,18.47440528869629
reaction:4432,AmPhos,3,,15.3,16.053443908691406,18.372316360473633
reaction:4433,P(Cy)3,0,,18.47,16.038673400878906,17.161977767944336
reaction:4434,P(o-Tol)3,1,,15.05,15.122554779052734,18.31655502319336
reaction:4435,CataCXium A,1,,17.23,13.683143615722656,16.62837791442871
reaction:4436,SPhos,5,,17.26,30.210403442382812,17.787334442138672
reaction:4438,XPhos,4,,16.94,31.305166244506836,18.615053176879883
reaction:4442,P(tBu)3,7,,15.78,13.92233657836914,16.99641227722168
reaction:4443,P(Ph)3,5,,18.87,19.03314208984375,18.249021530151367
reaction:4444,AmPhos,2,,16.46,17.5660400390625,18.79297637939453
reaction:4445,P(Cy)3,7,,18.4,20.36754035949707,17.15131187438965
reaction:4446,P(o-Tol)3,2,,14.87,18.399457931518555,18.100746154785156
reaction:4447,CataCXium A,1,,21.69,16.13368034362793,16.85839080810547
reaction:4448,SPhos,7,,15.27,19.657991409301758,16.93997573852539
reaction:4450,XPhos,4,,17.07,16.676015853881836,19.362913131713867
reaction:4454,P(tBu)3,2,,16.44,23.831727981567383,18.31983184814453
reaction:4455,P(Ph)3,2,,18.56,17.278039932250977,18.511960983276367
reaction:4456,AmPhos,5,,14.0,15.078929901123047,18.988937377929688
reaction:4457,P(Cy)3,4,,20.05,14.705127716064453,17.136070251464844
reaction:4458,P(o-Tol)3,5,,16.21,15.578182220458984,18.477354049682617
reaction:4459,CataCXium A,5,,16.67,17.283212661743164,17.444629669189453
reaction:4460,SPhos,7,,16.39,16.873950958251953,16.783815383911133
reaction:4462,XPhos,0,,16.01,13.60171127319336,18.050382614135742
reaction:4466,P(tBu)3,1,,16.18,5.091892242431641,18.121652603149414
reaction:4467,P(Ph)3,1,,20.35,21.43083381652832,18.637216567993164
reaction:4468,AmPhos,2,,14.9,10.726303100585938,19.189863204956055
reaction:4469,P(Cy)3,6,,16.96,20.738914489746094,16.74154281616211
reaction:4470,P(o-Tol)3,4,,15.58,12.257312774658203,17.999677658081055
reaction:4471,CataCXium A,2,,18.97,12.286262512207031,16.888742446899414
reaction:4472,SPhos,1,,17.13,18.66119384765625,17.697956085205078
reaction:4474,XPhos,0,,17.21,22.424890518188477,18.786056518554688
reaction:4478,P(tBu)3,6,,17.97,20.702611923217773,17.599422454833984
reaction:4479,P(Ph)3,5,,18.63,21.32793426513672,18.463302612304688
reaction:4480,AmPhos,1,,17.25,17.049123764038086,18.489805221557617
reaction:4481,P(Cy)3,1,,15.67,13.883255004882812,17.110666275024414
reaction:4482,P(o-Tol)3,3,,20.33,17.256681442260742,17.070253372192383
reaction:4483,CataCXium A,4,,23.83,15.008380889892578,16.758052825927734
reaction:4484,SPhos,4,,20.55,4.793338775634766,17.615461349487305
reaction:4486,XPhos,4,,21.74,7.745399475097656,18.06258201599121
reaction:4490,P(tBu)3,4,,16.38,1.9409675598144531,17.390901565551758
reaction:4491,P(Ph)3,6,,24.48,23.709178924560547,18.174427032470703
reaction:4492,AmPhos,1,,15.65,17.713058471679688,18.832780838012695
reaction:4493,P(Cy)3,1,,15.08,28.27069091796875,17.36600112915039
reaction:4494,P(o-Tol)3,0,,17.56,19.065656661987305,18.542757034301758
reaction:4495,CataCXium A,0,,17.63,25.863330841064453,16.869382858276367
reaction:4496,SPhos,2,,20.91,29.354894638061523,17.645606994628906
reaction:4498,XPhos,0,,20.83,29.97476577758789,18.43828582763672
reaction:4502,P(tBu)3,2,,16.59,17.864601135253906,19.325532913208008
reaction:4503,P(Ph)3,3,,18.58,25.174238204956055,18.315940856933594
reaction:4504,AmPhos,2,,18.45,18.239086151123047,19.07617950439453
reaction:4505,P(Cy)3,0,,19.87,16.0299072265625,17.493053436279297
reaction:4506,P(o-Tol)3,4,,24.19,18.664857864379883,18.31126594543457
reaction:4507,CataCXium A,5,,20.3,25.383893966674805,16.96015167236328
reaction:4508,SPhos,3,,19.59,20.954191207885742,16.806779861450195
reaction:4510,XPhos,1,,17.96,20.42511749267578,18.19877052307129
reaction:4514,P(tBu)3,7,,20.81,11.225578308105469,17.69527816772461
reaction:4515,P(Ph)3,3,,19.75,11.538555145263672,18.900707244873047
reaction:4516,AmPhos,5,,18.21,16.405296325683594,19.231698989868164
reaction:4517,P(Cy)3,5,,15.9,13.908454895019531,17.34710693359375
reaction:4518,P(o-Tol)3,3,,16.42,17.21121597290039,18.939016342163086
reaction:4519,CataCXium A,6,,24.69,25.612632751464844,16.705581665039062
reaction:4520,SPhos,6,,20.73,19.142833709716797,17.85211181640625
reaction:4522,XPhos,2,,22.67,24.450998306274414,18.1309871673584
reaction:4526,P(tBu)3,0,,24.93,21.961849212646484,18.165321350097656
reaction:4527,P(Ph)3,6,,18.72,27.182519912719727,18.32463836669922
reaction:4528,AmPhos,0,,18.15,20.608022689819336,18.049358367919922
reaction:4529,P(Cy)3,1,,19.91,24.49376678466797,17.1278076171875
reaction:4530,P(o-Tol)3,1,,18.3,21.453710556030273,18.395565032958984
reaction:4531,CataCXium A,6,,21.39,23.246599197387695,16.984106063842773
reaction:4532,SPhos,2,,49.99,36.75955581665039,17.149131774902344
reaction:4534,XPhos,5,,48.27,40.45319747924805,17.90058708190918
reaction:4538,P(tBu)3,3,,22.1,20.196043014526367,18.66801643371582
reaction:4539,P(Ph)3,7,,21.95,24.965484619140625,18.24025535583496
reaction:4540,AmPhos,7,,18.31,20.45490837097168,17.8843994140625
reaction:4541,P(Cy)3,6,,18.12,25.495681762695312,17.328004837036133
reaction:4542,P(o-Tol)3,7,,17.6,22.82967185974121,18.378074645996094
reaction:4543,CataCXium A,3,,22.0,21.975797653198242,16.705915451049805
reaction:4544,SPhos,4,,41.19,36.62638854980469,18.429943084716797
reaction:4546,XPhos,0,,47.01,42.857765197753906,18.0404052734375
reaction:4550,P(tBu)3,1,,21.35,15.886804580688477,18.665334701538086
reaction:4551,P(Ph)3,1,,17.63,23.845428466796875,18.41275978088379
reaction:4552,AmPhos,3,,15.26,12.70920181274414,17.984397888183594
reaction:4553,P(Cy)3,3,,16.98,21.305736541748047,17.071304321289062
reaction:4554,P(o-Tol)3,3,,15.16,18.97663688659668,18.83271026611328
reaction:4555,CataCXium A,5,,26.24,16.342021942138672,17.114887237548828
reaction:4556,SPhos,0,,41.97,41.049076080322266,17.050691604614258
reaction:4558,XPhos,1,,59.08,42.34670639038086,18.186525344848633
reaction:4562,P(tBu)3,2,,23.23,22.217599868774414,18.865276336669922
reaction:4563,P(Ph)3,6,,21.3,26.074810028076172,18.14238166809082
reaction:4564,AmPhos,5,,14.78,16.804475784301758,19.525569915771484
reaction:4565,P(Cy)3,2,,19.1,20.203765869140625,17.557859420776367
reaction:4566,P(o-Tol)3,7,,14.98,21.62516975402832,18.579872131347656
reaction:4567,CataCXium A,4,,7.73,22.153980255126953,16.7919864654541
reaction:4568,SPhos,5,,34.85,29.75,17.843055725097656
reaction:4570,XPhos,3,,38.14,35.603271484375,17.841997146606445
reaction:4574,P(tBu)3,5,,18.97,16.98295783996582,18.588552474975586
reaction:4575,P(Ph)3,3,,38.79,15.146621704101562,18.696989059448242
reaction:4576,AmPhos,6,,16.74,17.25184440612793,18.911338806152344
reaction:4577,P(Cy)3,6,,17.02,19.117788314819336,17.59086799621582
reaction:4578,P(o-Tol)3,1,,18.27,20.817171096801758,18.09921646118164
reaction:4579,CataCXium A,3,,20.16,21.38018035888672,16.25594711303711
reaction:4580,SPhos,3,,21.06,19.296417236328125,17.043365478515625
reaction:4582,XPhos,5,,23.15,24.9868221282959,18.6348819732666
reaction:4586,P(tBu)3,7,,21.12,32.10717010498047,18.14022445678711
reaction:4587,P(Ph)3,2,,22.31,19.966854095458984,17.70474624633789
reaction:4588,AmPhos,7,,16.35,24.902873992919922,18.355670928955078
reaction:4589,P(Cy)3,4,,19.72,18.370962142944336,17.073741912841797
reaction:4590,P(o-Tol)3,5,,17.77,22.310924530029297,17.62431526184082
reaction:4591,CataCXium A,1,,26.28,20.262529373168945,17.083410263061523
reaction:4592,SPhos,5,,19.93,21.700380325317383,18.0766658782959
reaction:4594,XPhos,0,,29.03,29.581817626953125,18.247356414794922
reaction:4598,P(tBu)3,2,,19.82,25.62031364440918,19.09836196899414
reaction:4599,P(Ph)3,3,,19.28,27.09223175048828,18.452322006225586
reaction:4600,AmPhos,6,,18.14,18.31658935546875,18.581789016723633
reaction:4601,P(Cy)3,2,,21.39,24.04083824157715,17.47723960876465
reaction:4602,P(o-Tol)3,7,,17.83,24.82349967956543,18.07777976989746
reaction:4603,CataCXium A,0,,20.89,22.619274139404297,16.905012130737305
reaction:4604,SPhos,4,,48.66,45.68678283691406,17.827190399169922
reaction:4606,XPhos,4,,43.45,46.00771713256836,18.55354118347168
