row_id,ligand,fold,reference_group,y_true,y_pred,y_std
reaction:1,XPhos,1,,10.65781182,6.139116287231445,19.403501510620117
reaction:2,XPhos,4,,14.7478961,10.660612106323242,18.510499954223633
reaction:3,XPhos,2,,18.27868619,23.09832000732422,18.460250854492188
reaction:4,XPhos,3,,2.475057616,-5.075862884521484,19.540756225585938
reaction:5,XPhos,4,,6.119058475,8.459207534790039,18.016014099121094
reaction:6,XPhos,3,,5.449924218,9.65695571899414,20.15349769592285
reaction:7,XPhos,0,,7.802080337,2.796846389770508,18.2396297454834
reaction:8,XPhos,1,,14.23417841,26.074586868286133,17.480459213256836
reaction:9,XPhos,0,,15.41389344,27.864898681640625,17.1956844329834
reaction:10,XPhos,3,,9.46569581,10.253175735473633,19.632709503173828
reaction:11,XPhos,3,,15.23875818,17.580810546875,19.91350555419922
reaction:12,XPhos,4,,19.59428889,22.88187599182129,18.515424728393555
reaction:13,XPhos,0,,7.787908452000001,11.359312057495117,19.718061447143555
reaction:14,XPhos,2,,9.677591971,6.266862869262695,17.20319366455078
reaction:15,XPhos,0,,13.17521743,23.328166961669922,19.78044891357422
reaction:16,XPhos,3,,14.01864146,17.353092193603516,17.179344177246094
reaction:17,XPhos,4,,30.5912617,29.425535202026367,18.491374969482422
reaction:18,XPhos,0,,38.15573638,28.82594108581543,19.06221580505371
reaction:19,XPhos,2,,0.456472494,5.826927185058594,17.56538200378418
reaction:20,XPhos,4,,3.867385769,12.912870407104492,18.26645851135254
reaction:21,XPhos,2,,7.024622197,13.379304885864258,17.686294555664062
reaction:22,XPhos,4,,2.84616447,7.327266693115234,16.41189193725586
reaction:23,XPhos,1,,18.8690087,21.997697830200195,17.507564544677734
reaction:24,XPhos,2,,25.0736586,20.138935089111328,17.706979751586914
reaction:25,XPhos,3,,21.66658644,24.372264862060547,19.7139835357666
reaction:26,XPhos,1,,48.48749388,37.184326171875,19.162931442260742
reaction:27,XPhos,0,,58.61075678,43.14706039428711,17.539278030395508
reaction:28,XPhos,3,,4.169292721000001,9.669672012329102,17.532114028930664
reaction:29,XPhos,3,,11.38334579,19.103126525878906,19.167194366455078
reaction:30,XPhos,0,,24.41818234,24.534334182739258,19.85407066345215
reaction:31,XPhos,0,,14.96739578,12.08741569519043,19.44505500793457
reaction:32,XPhos,1,,30.28625472,25.65711784362793,19.688425064086914
reaction:33,XPhos,0,,39.57783871,31.470956802368164,19.11943244934082
reaction:34,XPhos,0,,0.339837285,1.7132015228271484,19.001346588134766
reaction:35,XPhos,4,,3.12306153,7.510854721069336,18.235721588134766
reaction:36,XPhos,4,,5.140109821,10.693199157714844,16.102670669555664
reaction:37,XPhos,4,,3.920306162,4.6913299560546875,16.245901107788086
reaction:38,XPhos,2,,15.39753007,15.005189895629883,17.13262939453125
reaction:39,XPhos,4,,22.45064906,35.02519989013672,16.772743225097656
reaction:40,XPhos,2,,23.68617418,20.343841552734375,17.371023178100586
reaction:41,XPhos,3,,42.69485888,43.391395568847656,19.814472198486328
reaction:42,XPhos,1,,54.83360857,52.05084228515625,19.011531829833984
reaction:43,XPhos,3,,6.351542297000001,3.9404335021972656,17.427104949951172
reaction:44,XPhos,1,,14.16472216,15.009458541870117,17.035646438598633
reaction:45,XPhos,0,,17.378304,28.898818969726562,19.830486297607422
reaction:46,XPhos,0,,3.606676847,17.99053192138672,18.633474349975586
reaction:47,XPhos,4,,35.07866175,28.06947898864746,19.703662872314453
reaction:48,XPhos,3,,43.31814591,37.244239807128906,17.74530601501465
reaction:49,XPhos,1,,0.0,13.531084060668945,19.065458297729492
reaction:50,XPhos,2,,29.29817829,23.531112670898438,19.77899169921875
reaction:51,XPhos,4,,37.56535564,29.17038917541504,17.77256202697754
reaction:52,XPhos,0,,0.960810012,16.178964614868164,18.004898071289062
reaction:53,XPhos,0,,59.0196812,48.69567108154297,18.361215591430664
reaction:54,XPhos,2,,70.96873006,47.81184387207031,18.025968551635742
reaction:55,XPhos,3,,35.13952712,29.007675170898438,19.338390350341797
reaction:56,XPhos,3,,37.65445791,38.5275764465332,19.465696334838867
reaction:57,XPhos,1,,51.10248957,40.14826202392578,19.399324417114258
reaction:58,XPhos,1,,3.963450153,27.21754264831543,19.00956153869629
reaction:59,XPhos,0,,31.93031022,31.843650817871094,18.83443260192871
reaction:60,XPhos,1,,48.70823186,48.57224655151367,17.0808048248291
reaction:61,XPhos,3,,5.008760546,9.873611450195312,16.922407150268555
reaction:62,XPhos,0,,35.08872433,32.318092346191406,16.80265235900879
reaction:63,XPhos,3,,41.2456065,38.81645584106445,17.848094940185547
reaction:64,XPhos,0,,0.0,1.2962703704833984,18.17529296875
reaction:65,XPhos,4,,13.9769471,17.036924362182617,19.139774322509766
reaction:66,XPhos,2,,18.89524916,25.281084060668945,17.871105194091797
reaction:67,XPhos,3,,0.705195152,4.144132614135742,18.091787338256836
reaction:68,XPhos,1,,32.63234102,33.146400451660156,16.92943572998047
reaction:69,XPhos,3,,31.81837229,44.30691909790039,17.882862091064453
reaction:70,XPhos,0,,30.4254394,27.71772003173828,16.17266082763672
reaction:71,XPhos,0,,53.63578043,45.91912841796875,19.183876037597656
reaction:72,XPhos,2,,59.4767437,55.496238708496094,16.87242889404297
reaction:73,XPhos,2,,2.014671714,5.245309829711914,18.66319465637207
reaction:74,XPhos,0,,26.51352578,24.35955238342285,18.798534393310547
reaction:75,XPhos,3,,36.85037948,35.88705825805664,17.334203720092773
reaction:76,XPhos,4,,4.820162197,16.079439163208008,19.449567794799805
reaction:77,XPhos,0,,34.80628557,36.24611282348633,16.744285583496094
reaction:78,XPhos,3,,46.63249784,44.59719467163086,17.661334991455078
reaction:79,XPhos,1,,0.0,9.328842163085938,18.930185317993164
reaction:80,XPhos,3,,11.74218494,19.305408477783203,16.723630905151367
reaction:81,XPhos,0,,26.65189435,24.939313888549805,16.293899536132812
reaction:82,XPhos,3,,0.5468298979999999,8.56759262084961,18.109777450561523
reaction:83,XPhos,3,,35.87055638,40.72751235961914,19.795923233032227
reaction:84,XPhos,2,,68.84449525,43.912147521972656,18.080163955688477
reaction:85,XPhos,2,,33.8754215,32.98084259033203,17.577335357666016
reaction:86,XPhos,2,,63.0697188,54.573089599609375,17.318584442138672
reaction:87,XPhos,1,,70.62989218,63.63923263549805,19.656471252441406
reaction:88,XPhos,1,,2.481415648,13.571279525756836,19.03878402709961
reaction:89,XPhos,0,,31.6780045,28.998058319091797,18.661968231201172
reaction:90,XPhos,4,,46.01420049,43.56534957885742,19.30576515197754
reaction:91,XPhos,4,,22.16644806,15.650823593139648,19.6114501953125
reaction:92,XPhos,1,,23.21156884,25.944353103637695,19.57935333251953
reaction:93,XPhos,3,,34.74876407,30.831172943115234,16.595239639282227
reaction:94,XPhos,0,,0.948128865,1.305196762084961,19.137470245361328
reaction:95,XPhos,3,,16.64966496,19.945602416992188,15.971678733825684
reaction:96,XPhos,4,,19.99982627,22.554758071899414,17.6602783203125
reaction:97,XPhos,1,,4.9923792360000006,11.767753601074219,19.011945724487305
reaction:98,XPhos,3,,53.99699311,38.3680419921875,18.848344802856445
reaction:99,XPhos,4,,57.37548977,44.817779541015625,18.08558464050293
reaction:100,XPhos,2,,22.61165831,25.46210479736328,17.451805114746094
reaction:101,XPhos,1,,28.75149591,29.42275047302246,19.03038787841797
reaction:102,XPhos,3,,26.98890626,31.303741455078125,18.03065299987793
reaction:103,XPhos,0,,20.85782482,22.433223724365234,19.663530349731445
reaction:104,XPhos,4,,20.73475671,23.73910903930664,17.16641616821289
reaction:105,XPhos,1,,30.87112941,42.18476486206055,16.822437286376953
reaction:106,XPhos,2,,20.36096013,20.169963836669922,19.21692657470703
reaction:107,XPhos,3,,38.91690391,34.05278778076172,18.271190643310547
reaction:108,XPhos,3,,41.70005044,39.9721794128418,16.718608856201172
reaction:109,XPhos,1,,0.940121626,7.072507858276367,18.573423385620117
reaction:110,XPhos,0,,14.90450687,18.155948638916016,17.557098388671875
reaction:111,XPhos,3,,19.596159,21.41967010498047,18.779685974121094
reaction:112,XPhos,1,,4.179760101,9.816911697387695,19.1071834564209
reaction:113,XPhos,3,,39.00815943,32.383792877197266,18.897436141967773
reaction:114,XPhos,2,,37.1696242,39.815223693847656,18.199100494384766
reaction:115,XPhos,4,,31.61725517,30.655963897705078,19.279373168945312
reaction:116,XPhos,1,,51.21654271,46.4656867980957,19.118709564208984
reaction:117,XPhos,4,,57.55128922,50.51930618286133,20.055721282958984
reaction:118,XPhos,3,,16.17382734,15.695594787597656,15.777179718017578
reaction:119,XPhos,2,,26.58751317,27.13077163696289,16.9548282623291
reaction:120,XPhos,4,,40.41327646,34.19432830810547,19.264753341674805
reaction:121,XPhos,0,,16.96531636,24.30121421813965,19.544960021972656
reaction:122,XPhos,1,,34.37725511,38.929656982421875,19.61726951599121
reaction:123,XPhos,4,,43.5835106,46.32992172241211,18.339019775390625
reaction:124,XPhos,1,,0.828206999,10.212574005126953,18.213016510009766
reaction:125,XPhos,0,,13.33632103,18.393648147583008,17.72991943359375
reaction:126,XPhos,3,,26.96354436,21.918792724609375,18.769845962524414
reaction:127,XPhos,3,,4.206951598,10.244359970092773,17.46383285522461
reaction:128,XPhos,4,,39.80435813,38.34682083129883,18.170093536376953
reaction:129,XPhos,2,,66.76359549,51.67787551879883,18.113012313842773
reaction:130,XPhos,3,,38.14302674,33.46477508544922,18.725669860839844
reaction:131,XPhos,4,,56.51667394,53.80257797241211,19.215665817260742
reaction:132,XPhos,3,,67.97172842,58.18754196166992,18.018774032592773
reaction:133,XPhos,2,,13.29271578,17.97745704650879,18.46999168395996
reaction:134,XPhos,3,,32.5166032,28.607086181640625,18.147729873657227
reaction:135,XPhos,0,,47.33481015,42.66151809692383,20.002656936645508
reaction:136,t-BuXPhos,1,,15.4176361,2.2174530029296875,17.849952697753906
reaction:137,t-BuXPhos,3,,18.97417112,17.248619079589844,19.71006965637207
reaction:138,t-BuXPhos,3,,16.81589184,17.949134826660156,19.137117385864258
reaction:139,t-BuXPhos,3,,2.663355036,-13.336978912353516,17.999547958374023
reaction:140,t-BuXPhos,0,,16.04854773,16.37568473815918,17.812915802001953
reaction:141,t-BuXPhos,2,,21.9766332,22.85070037841797,17.792503356933594
reaction:142,t-BuXPhos,1,,7.641917877999999,-10.039527893066406,19.0275936126709
reaction:143,t-BuXPhos,2,,28.39231834,41.0701904296875,16.79674530029297
reaction:144,t-BuXPhos,4,,26.6748995,36.727989196777344,17.16301727294922
reaction:145,t-BuXPhos,0,,29.97543001,36.219852447509766,18.176624298095703
reaction:146,t-BuXPhos,2,,36.30636065,45.916568756103516,18.850210189819336
reaction:147,t-BuXPhos,4,,36.58798902,45.78351593017578,18.008216857910156
reaction:148,t-BuXPhos,3,,10.54082024,10.894426345825195,18.43292808532715
reaction:149,t-BuXPhos,3,,26.25688388,38.49383544921875,17.22730827331543
reaction:150,t-BuXPhos,0,,28.58964812,44.29602813720703,16.97548484802246
reaction:151,t-BuXPhos,2,,16.88486051,27.787940979003906,17.93975830078125
reaction:152,t-BuXPhos,2,,41.29698409,42.044944763183594,18.288898468017578
reaction:153,t-BuXPhos,0,,43.73298112,45.24641418457031,17.235347747802734
reaction:154,t-BuXPhos,4,,0.655700656,11.020992279052734,18.586563110351562
reaction:155,t-BuXPhos,4,,33.62905648,34.394832611083984,16.77587890625
reaction:156,t-BuXPhos,2,,41.48980841,45.13672637939453,17.771974563598633
reaction:157,t-BuXPhos,0,,2.599454304,17.160858154296875,18.254480361938477
reaction:158,t-BuXPhos,0,,66.02401389,60.58781814575195,16.798240661621094
reaction:159,t-BuXPhos,2,,72.39052533,64.9689712524414,18.490510940551758
reaction:160,t-BuXPhos,2,,68.84655406,61.31842041015625,17.768396377563477
reaction:161,t-BuXPhos,4,,82.1847816,70.33921813964844,18.934926986694336
reaction:162,t-BuXPhos,4,,80.58917239,73.88739013671875,18.037687301635742
reaction:163,t-BuXPhos,1,,15.19452071,26.83622932434082,18.709932327270508
reaction:164,t-BuXPhos,1,,83.87445444,68.83294677734375,17.29454803466797
reaction:165,t-BuXPhos,3,,86.003404,71.13055419921875,18.59048080444336
reaction:166,t-BuXPhos,3,,30.01215681,33.763916015625,18.999540328979492
reaction:167,t-BuXPhos,0,,51.39708789,43.74009323120117,17.826358795166016
reaction:168,t-BuXPhos,3,,50.13634297,52.36518096923828,19.229276657104492
reaction:169,t-BuXPhos,1,,2.942173839,15.301755905151367,19.325408935546875
reaction:170,t-BuXPhos,2,,34.96324083,46.51454544067383,17.135005950927734
reaction:171,t-BuXPhos,0,,51.01008234,49.8028564453125,18.067920684814453
reaction:172,t-BuXPhos,3,,15.31942872,17.338882446289062,19.099231719970703
reaction:173,t-BuXPhos,4,,81.56943098,72.14703369140625,17.606731414794922
reaction:174,t-BuXPhos,0,,77.57371189,73.82946014404297,18.590633392333984
reaction:175,t-BuXPhos,0,,86.68959994,81.0185775756836,18.254581451416016
reaction:176,t-BuXPhos,1,,92.91423383,90.08175659179688,18.750694274902344
reaction:177,t-BuXPhos,1,,97.56849953,93.59851837158203,19.616506576538086
reaction:178,t-BuXPhos,1,,35.55504656,39.13612365722656,18.778038024902344
reaction:179,t-BuXPhos,0,,98.73132029,82.34344482421875,16.52974510192871
reaction:180,t-BuXPhos,0,,98.28722602,89.30189514160156,17.085128784179688
reaction:181,t-BuXPhos,4,,5.980979595,18.680089950561523,18.58591651916504
reaction:182,t-BuXPhos,3,,50.58289676,39.503318786621094,19.00653839111328
reaction:183,t-BuXPhos,3,,45.08048043,38.96507263183594,18.8518123626709
reaction:184,t-BuXPhos,0,,0.0,6.160213470458984,16.124990463256836
reaction:185,t-BuXPhos,0,,42.11946098,42.0608024597168,16.30714988708496
reaction:186,t-BuXPhos,2,,49.11143206,43.112823486328125,17.127199172973633
reaction:187,t-BuXPhos,4,,0.705225291,18.754501342773438,18.76744842529297
reaction:188,t-BuXPhos,1,,70.86219062,59.54790496826172,17.79361343383789
reaction:189,t-BuXPhos,0,,66.44951759,58.59285354614258,15.99406623840332
reaction:190,t-BuXPhos,4,,65.93988128,62.9361457824707,18.577800750732422
reaction:191,t-BuXPhos,4,,66.07082051,70.22007751464844,18.575706481933594
reaction:192,t-BuXPhos,1,,66.20793624,67.68879699707031,18.697593688964844
reaction:193,t-BuXPhos,0,,6.110691586000001,29.54245376586914,14.17223834991455
reaction:194,t-BuXPhos,3,,67.81850094,54.404624938964844,17.371004104614258
reaction:195,t-BuXPhos,0,,72.63064909,66.67045593261719,15.60828971862793
reaction:196,t-BuXPhos,1,,7.837919121,20.24103546142578,17.74856948852539
reaction:197,t-BuXPhos,0,,46.74711139,45.10340118408203,15.358098030090332
reaction:198,t-BuXPhos,4,,46.25838016,46.2752799987793,16.922609329223633
reaction:199,t-BuXPhos,1,,0.0,6.656671524047852,18.276512145996094
reaction:200,t-BuXPhos,1,,37.03037628,42.49819564819336,17.976335525512695
reaction:201,t-BuXPhos,4,,43.69560153,48.24411392211914,18.683914184570312
reaction:202,t-BuXPhos,4,,0.595872872,14.04771614074707,18.792919158935547
reaction:203,t-BuXPhos,4,,70.54955286,67.33018493652344,17.59207534790039
reaction:204,t-BuXPhos,0,,80.90409924,66.34595489501953,15.788881301879883
reaction:205,t-BuXPhos,3,,70.2055639,68.53909301757812,18.573040008544922
reaction:206,t-BuXPhos,0,,83.08846167,72.31843566894531,14.414424896240234
reaction:207,t-BuXPhos,4,,85.14465222,75.21687316894531,17.861356735229492
reaction:208,t-BuXPhos,2,,3.149733367,13.029367446899414,16.49159049987793
reaction:209,t-BuXPhos,1,,78.08461533,74.4235610961914,16.742097854614258
reaction:210,t-BuXPhos,1,,82.13737482,79.75634765625,16.51105499267578
reaction:211,t-BuXPhos,1,,7.782359233999999,24.23337745666504,17.745485305786133
reaction:212,t-BuXPhos,0,,53.59986981,48.539127349853516,15.773666381835938
reaction:213,t-BuXPhos,1,,51.75674767,52.772804260253906,17.5672607421875
reaction:214,t-BuXPhos,2,,0.0,5.718597412109375,17.367328643798828
reaction:215,t-BuXPhos,0,,49.61438009,47.505699157714844,16.387920379638672
reaction:216,t-BuXPhos,3,,53.675534,53.659732818603516,18.999631881713867
reaction:217,t-BuXPhos,4,,0.6467788210000001,14.812479019165039,18.678600311279297
reaction:218,t-BuXPhos,1,,86.59757822,74.25004577636719,17.926437377929688
reaction:219,t-BuXPhos,0,,84.89551287,76.27806091308594,16.255556106567383
reaction:220,t-BuXPhos,1,,91.39064225,86.887451171875,17.325820922851562
reaction:221,t-BuXPhos,0,,97.29293259,88.75,14.547309875488281
reaction:222,t-BuXPhos,0,,99.61910732,95.05819702148438,16.828535079956055
reaction:223,t-BuXPhos,0,,4.166287009,29.86850357055664,14.230141639709473
reaction:224,t-BuXPhos,3,,92.57247896,86.23518371582031,17.29532241821289
reaction:225,t-BuXPhos,3,,94.69105416,91.18276977539062,18.611806869506836
reaction:226,t-BuXPhos,4,,45.04873884,34.57645034790039,19.114294052124023
reaction:227,t-BuXPhos,1,,45.78100103,44.880401611328125,17.88903045654297
reaction:228,t-BuXPhos,0,,44.65371267,41.7633171081543,17.207656860351562
reaction:229,t-BuXPhos,3,,0.924541619,9.97103500366211,17.613779067993164
reaction:230,t-BuXPhos,0,,44.55887608,43.341583251953125,17.99489974975586
reaction:231,t-BuXPhos,2,,43.35721014,45.6748046875,18.31817054748535
reaction:232,t-BuXPhos,1,,3.4201663410000003,21.209741592407227,18.263065338134766
reaction:233,t-BuXPhos,3,,72.84831426,62.11973190307617,17.454206466674805
reaction:234,t-BuXPhos,1,,65.31185167,64.77706146240234,17.96599006652832
reaction:235,t-BuXPhos,4,,56.83280355,62.12193298339844,19.035289764404297
reaction:236,t-BuXPhos,3,,76.33726193,67.94187927246094,18.46135711669922
reaction:237,t-BuXPhos,3,,73.22050209,70.3070068359375,17.867050170898438
reaction:238,t-BuXPhos,1,,36.47724246,43.27629852294922,17.948978424072266
reaction:239,t-BuXPhos,0,,68.55764886,63.39023208618164,16.776321411132812
reaction:240,t-BuXPhos,0,,69.0890435,64.07893371582031,16.784679412841797
reaction:241,t-BuXPhos,0,,31.88044847,36.66340637207031,17.663148880004883
reaction:242,t-BuXPhos,4,,44.81754321,48.08351135253906,18.81229019165039
reaction:243,t-BuXPhos,3,,46.6498955,47.153621673583984,18.82105255126953
reaction:244,t-BuXPhos,1,,0.668792684,11.317327499389648,18.01021385192871
reaction:245,t-BuXPhos,2,,39.52986412,44.5428466796875,17.790237426757812
reaction:246,t-BuXPhos,4,,43.87183311,49.17373275756836,19.23567771911621
reaction:247,t-BuXPhos,1,,2.74612364,17.704730987548828,18.249814987182617
reaction:248,t-BuXPhos,1,,72.63770939,71.07804107666016,17.23312759399414
reaction:249,t-BuXPhos,3,,82.32885806,71.53887939453125,17.404726028442383
reaction:250,t-BuXPhos,3,,73.64322424,64.9736328125,18.699434280395508
reaction:251,t-BuXPhos,3,,87.90201497,75.61986541748047,18.394250869750977
reaction:252,t-BuXPhos,0,,86.21979782,81.37530517578125,18.29420280456543
reaction:253,t-BuXPhos,1,,34.20844443,35.36320114135742,18.026447296142578
reaction:254,t-BuXPhos,4,,77.33294235,73.71038818359375,18.79106330871582
reaction:255,t-BuXPhos,0,,80.60055876,75.79914855957031,16.652124404907227
reaction:256,t-BuXPhos,3,,42.28229272,37.261749267578125,18.79404640197754
reaction:257,t-BuXPhos,0,,50.28665363,47.99030685424805,17.44402503967285
reaction:258,t-BuXPhos,0,,49.58296909,53.378570556640625,17.214143753051758
reaction:259,t-BuXPhos,1,,1.18600639,9.332183837890625,18.063383102416992
reaction:260,t-BuXPhos,1,,48.46327508,48.32880783081055,17.803281784057617
reaction:261,t-BuXPhos,3,,49.9274003,52.35088348388672,18.66522216796875
reaction:262,t-BuXPhos,1,,4.582095156,17.500335693359375,18.039649963378906
reaction:263,t-BuXPhos,4,,78.80108905,78.86172485351562,18.1118221282959
reaction:264,t-BuXPhos,0,,79.44483195,82.6572265625,18.037437438964844
reaction:265,t-BuXPhos,4,,84.85609846,82.72538757324219,19.186063766479492
reaction:266,t-BuXPhos,2,,93.31083413,94.2594985961914,19.328603744506836
reaction:267,t-BuXPhos,0,,93.87454124,96.40031433105469,18.102174758911133
reaction:268,t-BuXPhos,3,,44.02752342,39.29077911376953,18.337419509887695
reaction:269,t-BuXPhos,4,,89.48065113,86.06527709960938,18.89177131652832
reaction:270,t-BuXPhos,2,,91.48509414,90.69175720214844,18.08306121826172
reaction:271,t-BuBrettPhos,0,,7.372693174,-11.583362579345703,15.379132270812988
reaction:272,t-BuBrettPhos,2,,9.714563227,6.34681510925293,14.509373664855957
reaction:273,t-BuBrettPhos,1,,9.546870881,14.745235443115234,18.03777503967285
reaction:274,t-BuBrettPhos,2,,1.0224022940000002,-13.049854278564453,14.231914520263672
reaction:275,t-BuBrettPhos,0,,12.592787,13.991962432861328,16.246578216552734
reaction:276,t-BuBrettPhos,2,,14.01241706,17.922466278076172,14.851404190063477
reaction:277,t-BuBrettPhos,1,,4.337310253,-10.922065734863281,17.275428771972656
reaction:278,t-BuBrettPhos,2,,19.47378974,33.4254264831543,14.78730583190918
reaction:279,t-BuBrettPhos,1,,23.2960789,38.34552764892578,17.783782958984375
reaction:280,t-BuBrettPhos,0,,24.90011385,30.68743896484375,15.40944766998291
reaction:281,t-BuBrettPhos,3,,28.47849533,39.24010467529297,16.75801658630371
reaction:282,t-BuBrettPhos,2,,33.33065232,48.983375549316406,14.48360824584961
reaction:283,t-BuBrettPhos,1,,6.753074014,-4.8557586669921875,17.89042091369629
reaction:284,t-BuBrettPhos,0,,15.06136862,22.206207275390625,16.01923370361328
reaction:285,t-BuBrettPhos,4,,15.12671706,33.51408386230469,15.842503547668457
reaction:286,t-BuBrettPhos,3,,3.88663609,13.128105163574219,16.442733764648438
reaction:287,t-BuBrettPhos,2,,25.83457198,30.511695861816406,14.743271827697754
reaction:288,t-BuBrettPhos,2,,44.5879911,35.951744079589844,14.801138877868652
reaction:289,t-BuBrettPhos,1,,0.0,3.437122344970703,17.184429168701172
reaction:290,t-BuBrettPhos,0,,15.16664871,23.86286163330078,16.422035217285156
reaction:291,t-BuBrettPhos,2,,40.37403082,41.23540496826172,14.624847412109375
reaction:292,t-BuBrettPhos,0,,0.0,4.216058731079102,15.48352336883545
reaction:293,t-BuBrettPhos,2,,27.79577337,45.23770523071289,14.547584533691406
reaction:294,t-BuBrettPhos,4,,72.31351298,57.90470886230469,14.811163902282715
reaction:295,t-BuBrettPhos,2,,32.00160024,42.08165740966797,14.804455757141113
reaction:296,t-BuBrettPhos,0,,51.8134607,52.42210388183594,14.53170108795166
reaction:297,t-BuBrettPhos,1,,83.36436834,63.8719367980957,18.472949981689453
reaction:298,t-BuBrettPhos,2,,2.641901391,16.395112991333008,14.81446361541748
reaction:299,t-BuBrettPhos,0,,57.97752811,56.978965759277344,15.994739532470703
reaction:300,t-BuBrettPhos,0,,80.28994263,56.62101745605469,15.834120750427246
reaction:301,t-BuBrettPhos,2,,9.564949769,22.233774185180664,14.569680213928223
reaction:302,t-BuBrettPhos,4,,37.21381762,37.88301467895508,15.470449447631836
reaction:303,t-BuBrettPhos,3,,47.09764929,48.41667938232422,16.605775833129883
reaction:304,t-BuBrettPhos,2,,1.1000305259999998,7.546960830688477,14.52823257446289
reaction:305,t-BuBrettPhos,2,,35.70389569,36.86609649658203,14.387121200561523
reaction:306,t-BuBrettPhos,0,,54.89240735,45.341304779052734,14.642070770263672
reaction:307,t-BuBrettPhos,2,,0.0,15.437679290771484,14.666936874389648
reaction:308,t-BuBrettPhos,2,,57.45048731,66.97599792480469,14.81868839263916
reaction:309,t-BuBrettPhos,0,,77.02732986,75.63833618164062,15.261775970458984
reaction:310,t-BuBrettPhos,0,,69.39855223,66.53382873535156,15.539094924926758
reaction:311,t-BuBrettPhos,3,,85.4419715,78.68072509765625,16.86834716796875
reaction:312,t-BuBrettPhos,2,,92.00324978,98.73273468017578,14.546082496643066
reaction:313,t-BuBrettPhos,3,,21.86178566,19.02741241455078,16.514888763427734
reaction:314,t-BuBrettPhos,1,,83.65433196,75.20820617675781,17.945039749145508
reaction:315,t-BuBrettPhos,0,,92.95670274,78.28924560546875,15.737898826599121
reaction:316,t-BuBrettPhos,0,,1.297818598,5.698862075805664,14.53781509399414
reaction:317,t-BuBrettPhos,2,,28.35051675,32.70740509033203,16.81549644470215
reaction:318,t-BuBrettPhos,4,,40.1812432,35.13103103637695,16.605688095092773
reaction:319,t-BuBrettPhos,0,,0.0,6.021520614624023,14.554574012756348
reaction:320,t-BuBrettPhos,3,,40.45135336,40.28779983520508,16.36452865600586
reaction:321,t-BuBrettPhos,3,,42.27311559,40.66300964355469,15.988640785217285
reaction:322,t-BuBrettPhos,0,,0.910655456,13.115049362182617,14.632024765014648
reaction:323,t-BuBrettPhos,0,,62.16368477,57.27078628540039,14.031167030334473
reaction:324,t-BuBrettPhos,2,,66.88608561,62.83261489868164,16.91988754272461
reaction:325,t-BuBrettPhos,0,,76.83418769,60.55242919921875,15.635396003723145
reaction:326,t-BuBrettPhos,0,,91.6524383,72.33930969238281,14.766942024230957
reaction:327,t-BuBrettPhos,3,,66.37274183,72.32560729980469,14.565837860107422
reaction:328,t-BuBrettPhos,3,,2.534585496,15.57921028137207,15.988308906555176
reaction:329,t-BuBrettPhos,1,,47.17441756,47.95157241821289,16.664867401123047
reaction:330,t-BuBrettPhos,3,,52.43589363,54.37484359741211,16.18000602722168
reaction:331,t-BuBrettPhos,4,,3.542495517,6.405548095703125,17.09457015991211
reaction:332,t-BuBrettPhos,0,,39.19686382,36.16229248046875,14.445526123046875
reaction:333,t-BuBrettPhos,0,,45.87563784,43.55964660644531,14.969855308532715
reaction:334,t-BuBrettPhos,3,,0.0,1.9276981353759766,16.3538818359375
reaction:335,t-BuBrettPhos,3,,24.02819715,33.08079528808594,16.083356857299805
reaction:336,t-BuBrettPhos,4,,39.3913488,44.385337829589844,16.703767776489258
reaction:337,t-BuBrettPhos,3,,0.0,1.9190196990966797,15.925183296203613
reaction:338,t-BuBrettPhos,4,,50.04747607,55.5151481628418,16.1160945892334
reaction:339,t-BuBrettPhos,3,,74.62438876,70.46382141113281,15.749300003051758
reaction:340,t-BuBrettPhos,2,,54.58472012,56.75910949707031,16.985383987426758
reaction:341,t-BuBrettPhos,1,,74.81544975,71.1502685546875,15.945738792419434
reaction:342,t-BuBrettPhos,3,,84.20189779,71.7606430053711,14.561166763305664
reaction:343,t-BuBrettPhos,2,,2.234092607,8.447708129882812,16.655729293823242
reaction:344,t-BuBrettPhos,1,,71.60789091,63.62434387207031,16.635297775268555
reaction:345,t-BuBrettPhos,2,,72.77189285,68.50841522216797,16.95035743713379
reaction:346,t-BuBrettPhos,3,,4.275083316,10.319873809814453,16.22767448425293
reaction:347,t-BuBrettPhos,0,,40.44190447,40.88016891479492,14.628714561462402
reaction:348,t-BuBrettPhos,1,,46.6599306,51.080657958984375,16.580211639404297
reaction:349,t-BuBrettPhos,2,,0.0,2.345499038696289,16.36777114868164
reaction:350,t-BuBrettPhos,2,,46.64994849,37.46662139892578,16.386371612548828
reaction:351,t-BuBrettPhos,1,,45.97105208,50.35237121582031,16.102785110473633
reaction:352,t-BuBrettPhos,0,,0.0,8.31666374206543,14.433570861816406
reaction:353,t-BuBrettPhos,2,,72.38342011,67.20063781738281,16.372098922729492
reaction:354,t-BuBrettPhos,1,,82.71053034,83.31289672851562,16.4454288482666
reaction:355,t-BuBrettPhos,0,,77.8707536,76.33218383789062,15.613404273986816
reaction:356,t-BuBrettPhos,3,,96.59121826,94.32669067382812,16.043546676635742
reaction:357,t-BuBrettPhos,4,,97.94800557,95.57717895507812,16.90203857421875
reaction:358,t-BuBrettPhos,3,,3.498335753,14.634073257446289,15.79636287689209
reaction:359,t-BuBrettPhos,0,,89.32288292,81.05068969726562,14.785191535949707
reaction:360,t-BuBrettPhos,3,,89.21674959,87.91344451904297,16.18994903564453
reaction:361,t-BuBrettPhos,2,,9.910073167,18.60907554626465,16.456308364868164
reaction:362,t-BuBrettPhos,1,,33.09515946,29.734033584594727,16.206039428710938
reaction:363,t-BuBrettPhos,3,,39.91592357,34.49021530151367,14.79086971282959
reaction:364,t-BuBrettPhos,3,,0.297246729,3.6148414611816406,15.438931465148926
reaction:365,t-BuBrettPhos,3,,43.42467948,40.78229522705078,15.94876480102539
reaction:366,t-BuBrettPhos,1,,45.27500965,35.31270980834961,16.15833282470703
reaction:367,t-BuBrettPhos,0,,0.8589748359999999,9.633377075195312,16.395797729492188
reaction:368,t-BuBrettPhos,1,,68.84924903,58.94462585449219,16.774600982666016
reaction:369,t-BuBrettPhos,0,,64.60847653,58.581809997558594,16.013120651245117
reaction:370,t-BuBrettPhos,4,,63.8547365,62.119178771972656,17.647008895874023
reaction:371,t-BuBrettPhos,1,,76.33612431,65.23164367675781,16.11695098876953
reaction:372,t-BuBrettPhos,1,,73.13965753,70.21769714355469,17.160696029663086
reaction:373,t-BuBrettPhos,3,,4.497312078999999,21.543750762939453,15.091941833496094
reaction:374,t-BuBrettPhos,3,,40.87667176,46.33796310424805,15.387545585632324
reaction:375,t-BuBrettPhos,2,,40.31664678,53.788917541503906,16.365432739257812
reaction:376,t-BuBrettPhos,3,,24.27358667,19.208221435546875,15.162555694580078
reaction:377,t-BuBrettPhos,1,,42.64405348,45.76304244995117,16.29889678955078
reaction:378,t-BuBrettPhos,2,,47.5989822,48.263729095458984,16.475515365600586
reaction:379,t-BuBrettPhos,4,,0.345789289,9.415199279785156,17.518735885620117
reaction:380,t-BuBrettPhos,4,,40.97949244,41.509483337402344,17.612070083618164
reaction:381,t-BuBrettPhos,2,,43.26194293,51.0312614440918,16.43860626220703
reaction:382,t-BuBrettPhos,1,,1.497954505,10.605981826782227,16.549999237060547
reaction:383,t-BuBrettPhos,1,,68.06627781,64.27083587646484,16.781156539916992
reaction:384,t-BuBrettPhos,2,,74.75498754,80.35580444335938,16.887006759643555
reaction:385,t-BuBrettPhos,3,,70.28309787,58.50065231323242,14.974445343017578
reaction:386,t-BuBrettPhos,3,,80.52782377,68.32379150390625,15.17791748046875
reaction:387,t-BuBrettPhos,1,,85.26909551,81.51485443115234,17.30338478088379
reaction:388,t-BuBrettPhos,0,,21.94834142,19.527454376220703,16.51785659790039
reaction:389,t-BuBrettPhos,3,,72.58738213,68.14187622070312,15.475425720214844
reaction:390,t-BuBrettPhos,3,,77.03264152,65.84503173828125,15.832406997680664
reaction:391,t-BuBrettPhos,3,,23.09132333,19.520601272583008,15.208383560180664
reaction:392,t-BuBrettPhos,4,,47.555818,44.5762939453125,17.15279197692871
reaction:393,t-BuBrettPhos,4,,46.76206263,52.140743255615234,17.462278366088867
reaction:394,t-BuBrettPhos,0,,0.605197064,1.664693832397461,16.369001388549805
reaction:395,t-BuBrettPhos,2,,47.14534203,45.06525802612305,16.389387130737305
reaction:396,t-BuBrettPhos,4,,45.98211557,50.879722595214844,17.498401641845703
reaction:397,t-BuBrettPhos,4,,0.0,6.195066452026367,17.55434799194336
reaction:398,t-BuBrettPhos,4,,79.73976585,75.6093521118164,17.216976165771484
reaction:399,t-BuBrettPhos,2,,80.78664078,82.35292053222656,16.880443572998047
reaction:400,t-BuBrettPhos,4,,84.69021766,83.71543884277344,17.78569221496582
reaction:401,t-BuBrettPhos,4,,91.05627032,91.75800323486328,17.343177795410156
reaction:402,t-BuBrettPhos,3,,98.17713445,98.76420593261719,14.497325897216797
reaction:403,t-BuBrettPhos,0,,23.84150703,20.778663635253906,16.569143295288086
reaction:404,t-BuBrettPhos,4,,86.41285544,79.01612091064453,16.753591537475586
reaction:405,t-BuBrettPhos,3,,87.55418753,82.66560363769531,15.586079597473145
reaction:406,AdBrettPhos,3,,6.575127297000001,-11.088546752929688,17.134929656982422
reaction:407,AdBrettPhos,2,,8.742546332,0.94696044921875,16.413589477539062
reaction:408,AdBrettPhos,1,,9.935132826,15.264331817626953,18.11874771118164
reaction:409,AdBrettPhos,0,,1.705289038,-10.241863250732422,16.023117065429688
reaction:410,AdBrettPhos,2,,12.29594301,11.19123649597168,16.173654556274414
reaction:411,AdBrettPhos,0,,16.85702349,19.734498977661133,15.5728178024292
reaction:412,AdBrettPhos,0,,3.595206135,-13.530258178710938,16.772796630859375
reaction:413,AdBrettPhos,4,,19.90273024,23.697025299072266,16.54423713684082
reaction:414,AdBrettPhos,1,,25.2527032,42.6561279296875,18.143333435058594
reaction:415,AdBrettPhos,0,,16.1585109,28.506542205810547,16.09803009033203
reaction:416,AdBrettPhos,0,,20.64357371,38.65301513671875,15.901262283325195
reaction:417,AdBrettPhos,1,,24.16256349,43.902034759521484,17.905372619628906
reaction:418,AdBrettPhos,4,,7.938107707999999,-3.7831764221191406,16.52604866027832
reaction:419,AdBrettPhos,4,,13.6465536,16.87063980102539,16.51059341430664
reaction:420,AdBrettPhos,3,,14.36737015,30.145071029663086,17.078006744384766
reaction:421,AdBrettPhos,1,,3.956885702,11.757949829101562,17.61608123779297
reaction:422,AdBrettPhos,1,,22.516172,28.4580078125,18.207271575927734
reaction:423,AdBrettPhos,1,,39.74593472,36.57223892211914,18.183467864990234
reaction:424,AdBrettPhos,0,,0.0,8.177633285522461,16.08181381225586
reaction:425,AdBrettPhos,2,,15.82179421,23.266841888427734,16.39678955078125
reaction:426,AdBrettPhos,2,,40.1396941,37.7934455871582,16.10348129272461
reaction:427,AdBrettPhos,2,,0.57693322,3.911508560180664,16.454565048217773
reaction:428,AdBrettPhos,2,,29.29795514,36.98217010498047,16.016794204711914
reaction:429,AdBrettPhos,3,,73.73993868,56.17662048339844,16.985424041748047
reaction:430,AdBrettPhos,0,,24.60602271,31.286033630371094,15.910683631896973
reaction:431,AdBrettPhos,0,,39.09372544,42.738922119140625,15.725926399230957
reaction:432,AdBrettPhos,2,,65.38933316,48.31533432006836,15.78276538848877
reaction:433,AdBrettPhos,0,,2.344713425,15.19386100769043,15.669211387634277
reaction:434,AdBrettPhos,1,,48.30710262,51.53839874267578,17.7131404876709
reaction:435,AdBrettPhos,3,,72.94185386,59.32551193237305,16.929292678833008
reaction:436,AdBrettPhos,1,,10.00188169,20.082584381103516,17.566715240478516
reaction:437,AdBrettPhos,0,,37.52076416,40.439125061035156,15.039825439453125
reaction:438,AdBrettPhos,3,,52.58811564,51.43013000488281,17.570308685302734
reaction:439,AdBrettPhos,0,,0.862838268,12.22639274597168,15.94468879699707
reaction:440,AdBrettPhos,0,,34.28507945,38.79587173461914,14.908305168151855
reaction:441,AdBrettPhos,2,,53.14523882,53.5423469543457,16.0677547454834
reaction:442,AdBrettPhos,3,,2.173414859,11.81303596496582,17.081764221191406
reaction:443,AdBrettPhos,0,,59.96800012,54.398624420166016,15.815696716308594
reaction:444,AdBrettPhos,0,,80.9780499,79.69149017333984,15.726700782775879
reaction:445,AdBrettPhos,2,,68.00656479999999,58.513153076171875,16.46796417236328
reaction:446,AdBrettPhos,1,,84.91024962,66.656982421875,18.275390625
reaction:447,AdBrettPhos,3,,95.07020116,88.51619720458984,16.713132858276367
reaction:448,AdBrettPhos,2,,15.22347574,19.485374450683594,15.783318519592285
reaction:449,AdBrettPhos,3,,86.41541039,67.19496154785156,16.92637062072754
reaction:450,AdBrettPhos,1,,92.13068227,83.58204650878906,17.39103126525879
reaction:451,AdBrettPhos,0,,2.038853369,10.296699523925781,15.15056324005127
reaction:452,AdBrettPhos,3,,28.76096277,29.01572608947754,16.741668701171875
reaction:453,AdBrettPhos,4,,44.56045142,38.24467468261719,17.19439125061035
reaction:454,AdBrettPhos,2,,0.3809182129999999,12.040853500366211,17.095264434814453
reaction:455,AdBrettPhos,3,,44.68712072,34.74681854248047,17.01125144958496
reaction:456,AdBrettPhos,4,,52.78848387,47.007469177246094,17.876094818115234
reaction:457,AdBrettPhos,1,,1.112658983,9.709352493286133,16.53384780883789
reaction:458,AdBrettPhos,0,,67.02083729,51.527679443359375,14.55063247680664
reaction:459,AdBrettPhos,2,,72.46627889,63.79066467285156,16.699420928955078
reaction:460,AdBrettPhos,4,,55.08984272,57.368858337402344,17.054935455322266
reaction:461,AdBrettPhos,1,,63.25759385,69.14254760742188,17.163007736206055
reaction:462,AdBrettPhos,0,,66.28326385,71.19303131103516,15.94449520111084
reaction:463,AdBrettPhos,1,,6.141106311000001,15.378030776977539,17.18222999572754
reaction:464,AdBrettPhos,0,,54.56358173,46.13983154296875,14.163012504577637
reaction:465,AdBrettPhos,1,,63.22469221,59.422279357910156,16.483015060424805
reaction:466,AdBrettPhos,0,,2.256359852,8.709146499633789,15.19040584564209
reaction:467,AdBrettPhos,4,,32.38635793,33.34381866455078,17.720619201660156
reaction:468,AdBrettPhos,3,,44.44197306,44.46175003051758,16.862689971923828
reaction:469,AdBrettPhos,0,,0.0,4.916145324707031,15.208145141601562
reaction:470,AdBrettPhos,4,,21.71222946,31.13071060180664,16.848613739013672
reaction:471,AdBrettPhos,3,,43.86426544,46.48960494995117,16.95509147644043
reaction:472,AdBrettPhos,0,,0.0,4.847225189208984,15.685162544250488
reaction:473,AdBrettPhos,1,,39.83155733,47.14854431152344,16.705299377441406
reaction:474,AdBrettPhos,3,,78.71189796,69.94193267822266,17.289138793945312
reaction:475,AdBrettPhos,4,,34.68494953,38.4091911315918,17.04787254333496
reaction:476,AdBrettPhos,3,,51.68395023,49.90424728393555,16.808927536010742
reaction:477,AdBrettPhos,2,,69.94718927,58.199851989746094,16.556751251220703
reaction:478,AdBrettPhos,3,,1.517636561,7.831760406494141,16.76262664794922
reaction:479,AdBrettPhos,0,,65.78374618,60.14191436767578,14.214715003967285
reaction:480,AdBrettPhos,0,,79.37053051,67.75914001464844,15.443680763244629
reaction:481,AdBrettPhos,1,,2.510510682,9.743099212646484,16.36921501159668
reaction:482,AdBrettPhos,3,,36.61548208,41.289493560791016,16.688968658447266
reaction:483,AdBrettPhos,2,,52.67302388,53.879547119140625,16.413402557373047
reaction:484,AdBrettPhos,2,,0.0,6.60582160949707,17.31202507019043
reaction:485,AdBrettPhos,3,,32.99753143,40.1539306640625,16.83525848388672
reaction:486,AdBrettPhos,1,,57.53990104,54.97029495239258,16.298778533935547
reaction:487,AdBrettPhos,0,,0.544984175,4.472076416015625,15.383768081665039
reaction:488,AdBrettPhos,4,,57.85208433,65.21159362792969,17.285247802734375
reaction:489,AdBrettPhos,4,,85.89473594,85.11941528320312,16.37083625793457
reaction:490,AdBrettPhos,2,,67.67136056,64.04277801513672,16.965120315551758
reaction:491,AdBrettPhos,0,,95.55515456,77.96255493164062,14.007649421691895
reaction:492,AdBrettPhos,1,,99.03446213,94.65924072265625,16.74672508239746
reaction:493,AdBrettPhos,4,,2.310618854,10.862154006958008,17.00027847290039
reaction:494,AdBrettPhos,2,,86.53541708,75.06124877929688,17.29400062561035
reaction:495,AdBrettPhos,2,,94.50096737,91.71039581298828,15.835469245910645
reaction:496,AdBrettPhos,0,,7.7649642,15.54293441772461,16.712051391601562
reaction:497,AdBrettPhos,4,,31.45776364,33.06410217285156,18.164941787719727
reaction:498,AdBrettPhos,2,,39.80414391,36.72690963745117,16.53691864013672
reaction:499,AdBrettPhos,1,,0.230274449,10.447141647338867,16.271249771118164
reaction:500,AdBrettPhos,4,,47.71300168,43.47150421142578,17.52781867980957
reaction:501,AdBrettPhos,0,,54.76985941,46.760414123535156,16.355180740356445
reaction:502,AdBrettPhos,0,,0.7376310779999999,9.839229583740234,17.193374633789062
reaction:503,AdBrettPhos,4,,74.13888356,62.74342346191406,17.795698165893555
reaction:504,AdBrettPhos,2,,71.26504827,61.26777648925781,17.072776794433594
reaction:505,AdBrettPhos,3,,64.02888238,60.18581008911133,15.958393096923828
reaction:506,AdBrettPhos,1,,74.63930208,64.5695571899414,17.183509826660156
reaction:507,AdBrettPhos,0,,76.16070518,70.95413970947266,17.465553283691406
reaction:508,AdBrettPhos,1,,5.908085833,22.220455169677734,16.890100479125977
reaction:509,AdBrettPhos,2,,52.86647451,56.314056396484375,17.358808517456055
reaction:510,AdBrettPhos,1,,56.03413013,56.71926498413086,16.44569969177246
reaction:511,AdBrettPhos,4,,12.72121896,16.92380142211914,17.78950309753418
reaction:512,AdBrettPhos,0,,41.67771463,40.77534103393555,15.89536190032959
reaction:513,AdBrettPhos,4,,43.87448476,45.902915954589844,17.69254493713379
reaction:514,AdBrettPhos,3,,0.316193405,5.811380386352539,16.232620239257812
reaction:515,AdBrettPhos,2,,40.29418927,40.96685028076172,17.055797576904297
reaction:516,AdBrettPhos,4,,45.40015878,50.30388259887695,18.62820053100586
reaction:517,AdBrettPhos,3,,0.778234105,7.961709976196289,16.58185577392578
reaction:518,AdBrettPhos,3,,65.05218409,60.00944519042969,14.410484313964844
reaction:519,AdBrettPhos,1,,78.61961971,72.09654998779297,16.63968276977539
reaction:520,AdBrettPhos,2,,45.30738516,50.52159881591797,16.94580841064453
reaction:521,AdBrettPhos,3,,56.65401799,52.682289123535156,16.392169952392578
reaction:522,AdBrettPhos,1,,68.60611463,63.17356872558594,16.480188369750977
reaction:523,AdBrettPhos,1,,12.48635948,16.615543365478516,16.7550048828125
reaction:524,AdBrettPhos,3,,69.81626316,66.8248291015625,15.949170112609863
reaction:525,AdBrettPhos,4,,75.30179851,72.31190490722656,18.142393112182617
reaction:526,AdBrettPhos,3,,14.49254361,21.13678550720215,16.891223907470703
reaction:527,AdBrettPhos,2,,52.13571621,46.00183868408203,17.408592224121094
reaction:528,AdBrettPhos,0,,48.86581696,55.998104095458984,16.50048065185547
reaction:529,AdBrettPhos,1,,0.364667905,9.881219863891602,16.50514030456543
reaction:530,AdBrettPhos,2,,55.18037009,49.15977478027344,17.103527069091797
reaction:531,AdBrettPhos,2,,55.01223205,60.076377868652344,16.531885147094727
reaction:532,AdBrettPhos,3,,1.087256852,9.658889770507812,16.630922317504883
reaction:533,AdBrettPhos,1,,81.22830675,75.7884750366211,16.931079864501953
reaction:534,AdBrettPhos,1,,80.71099803,86.6971435546875,16.718095779418945
reaction:535,AdBrettPhos,0,,86.20017514,73.99528503417969,16.773496627807617
reaction:536,AdBrettPhos,1,,84.17796028,80.15530395507812,17.40243911743164
reaction:537,AdBrettPhos,3,,95.67591323,100.08741760253906,15.631437301635742
reaction:538,AdBrettPhos,4,,14.50083816,17.03227996826172,17.5299015045166
reaction:539,AdBrettPhos,0,,91.52862329,77.41606140136719,16.20415496826172
reaction:540,AdBrettPhos,3,,92.65898323,92.36663818359375,15.781458854675293
reaction:541,XPhos,4,,12.6512469,19.88457489013672,19.391132354736328
reaction:542,XPhos,3,,13.83708642,21.062793731689453,19.437496185302734
reaction:543,XPhos,1,,15.0343232,34.54063034057617,19.47095489501953
reaction:544,XPhos,1,,1.856863727,8.818914413452148,18.680795669555664
reaction:545,XPhos,0,,4.344676685,15.097208023071289,17.012989044189453
reaction:546,XPhos,3,,5.971176669,22.59207534790039,20.088796615600586
reaction:547,XPhos,4,,8.323184663,11.87858772277832,17.344768524169922
reaction:548,XPhos,1,,13.24692026,36.18549728393555,17.121170043945312
reaction:549,XPhos,2,,15.01178808,29.38294219970703,17.662662506103516
reaction:550,XPhos,0,,12.98584411,16.71257209777832,17.27313995361328
reaction:551,XPhos,4,,17.08756486,25.425447463989258,19.240873336791992
reaction:552,XPhos,0,,19.42152909,20.348926544189453,17.66433334350586
reaction:553,XPhos,2,,61.68885211,12.385223388671875,18.284473419189453
reaction:554,XPhos,2,,64.52902546,10.939859390258789,17.304216384887695
reaction:555,XPhos,0,,64.66756982,28.43146514892578,19.734256744384766
reaction:556,XPhos,0,,14.26895253,11.977361679077148,19.327123641967773
reaction:557,XPhos,2,,24.93013825,20.7503719329834,16.745012283325195
reaction:558,XPhos,0,,38.55067304,22.666912078857422,19.08516502380371
reaction:559,XPhos,3,,0.0,-3.2097244262695312,19.54021644592285
reaction:560,XPhos,4,,1.224185961,3.7755661010742188,19.38667869567871
reaction:561,XPhos,2,,2.633257106,7.88983154296875,17.753862380981445
reaction:562,XPhos,0,,1.932595354,0.502197265625,18.195829391479492
reaction:563,XPhos,4,,8.432863834,12.064458847045898,18.077272415161133
reaction:564,XPhos,4,,11.40684881,14.725406646728516,18.001829147338867
reaction:565,XPhos,0,,16.82928554,16.233137130737305,17.187501907348633
reaction:566,XPhos,1,,35.53815083,25.82108497619629,19.2569637298584
reaction:567,XPhos,3,,41.96438983,31.87680435180664,19.293729782104492
reaction:568,XPhos,0,,2.917168593,17.942413330078125,19.75457000732422
reaction:569,XPhos,0,,7.768371677,28.585369110107422,19.372150421142578
reaction:570,XPhos,4,,14.74148388,30.3145751953125,19.23809051513672
reaction:571,XPhos,1,,21.50977994,8.836965560913086,19.35803985595703
reaction:572,XPhos,2,,20.96272395,19.89899444580078,16.96364402770996
reaction:573,XPhos,1,,26.67806508,32.98126983642578,19.508544921875
reaction:574,XPhos,0,,0.0,-2.4566574096679688,18.689373016357422
reaction:575,XPhos,4,,3.941726457,-0.6280250549316406,19.340564727783203
reaction:576,XPhos,2,,7.774794319,7.275730133056641,17.747026443481445
reaction:577,XPhos,1,,2.331533569,-1.6557884216308594,19.575231552124023
reaction:578,XPhos,3,,15.28777504,12.395572662353516,20.202951431274414
reaction:579,XPhos,1,,23.43579167,26.332412719726562,17.253999710083008
reaction:580,XPhos,2,,15.69796379,18.02927017211914,17.348316192626953
reaction:581,XPhos,4,,27.33482675,37.24808883666992,19.25592041015625
reaction:582,XPhos,1,,34.44632451,44.506492614746094,19.547765731811523
reaction:583,XPhos,1,,9.061926079,13.259428024291992,18.804615020751953
reaction:584,XPhos,2,,20.11332693,12.636152267456055,17.367576599121094
reaction:585,XPhos,2,,25.93974836,33.058998107910156,18.17560577392578
reaction:586,XPhos,2,,2.968869757,13.404909133911133,19.357696533203125
reaction:587,XPhos,4,,2.391870808,15.55368423461914,19.641855239868164
reaction:588,XPhos,3,,20.86747592,20.820301055908203,17.546913146972656
reaction:589,XPhos,2,,2.064063489,-2.4460716247558594,17.76750946044922
reaction:590,XPhos,2,,11.1309805,13.702138900756836,19.327529907226562
reaction:591,XPhos,2,,14.36693621,17.230392456054688,18.098337173461914
reaction:592,XPhos,2,,9.085602443,0.07701873779296875,17.895221710205078
reaction:593,XPhos,3,,51.71538404,30.15416717529297,19.932952880859375
reaction:594,XPhos,1,,53.23936389,36.008270263671875,16.7646541595459
reaction:595,XPhos,0,,10.59565991,16.980928421020508,16.8720760345459
reaction:596,XPhos,4,,12.24156469,25.55807876586914,19.10576057434082
reaction:597,XPhos,1,,12.7214048,19.517101287841797,19.23445701599121
reaction:598,XPhos,1,,20.53476821,14.21780014038086,18.884071350097656
reaction:599,XPhos,0,,16.03639807,20.672103881835938,19.26059913635254
reaction:600,XPhos,0,,19.29401032,34.72028732299805,19.382373809814453
reaction:601,XPhos,4,,24.42152468,22.94736099243164,19.27633285522461
reaction:602,XPhos,1,,35.72058232,31.58300018310547,19.298063278198242
reaction:603,XPhos,0,,34.68866542,39.36138153076172,18.779342651367188
reaction:604,XPhos,3,,1.299881507,11.063043594360352,19.277097702026367
reaction:605,XPhos,2,,17.26980964,21.723285675048828,19.341753005981445
reaction:606,XPhos,0,,28.37187434,22.598045349121094,16.5244197845459
reaction:607,XPhos,4,,5.370036774,13.588172912597656,17.219932556152344
reaction:608,XPhos,2,,37.71186321,38.83088684082031,16.993345260620117
reaction:609,XPhos,4,,36.02889558,44.33332824707031,18.01301383972168
reaction:610,XPhos,3,,32.92776022,31.36555290222168,19.414108276367188
reaction:611,XPhos,1,,59.55262648,44.15232467651367,19.0971736907959
reaction:612,XPhos,1,,57.6053748,49.09199142456055,19.27666664123535
reaction:613,XPhos,1,,18.46342998,15.051519393920898,19.0465145111084
reaction:614,XPhos,1,,36.80966237,26.43872833251953,16.75977897644043
reaction:615,XPhos,3,,44.33084711,37.73949432373047,17.70168113708496
reaction:616,XPhos,3,,26.52646529,21.498432159423828,16.832408905029297
reaction:617,XPhos,4,,40.07198822,34.49124526977539,19.64302635192871
reaction:618,XPhos,1,,44.04700483,40.70442199707031,18.785995483398438
reaction:619,XPhos,2,,0.844427684,9.308040618896484,17.69658088684082
reaction:620,XPhos,2,,10.60791195,20.077442169189453,19.25722312927246
reaction:621,XPhos,2,,19.44976087,26.477249145507812,17.94400405883789
reaction:622,XPhos,0,,4.67315366,11.781831741333008,17.7917423248291
reaction:623,XPhos,3,,33.71090461,36.66646957397461,20.177614212036133
reaction:624,XPhos,4,,58.95423439,55.3155517578125,18.061851501464844
reaction:625,XPhos,3,,32.36907857,31.8692626953125,19.485740661621094
reaction:626,XPhos,4,,58.30938102,54.25895690917969,19.192970275878906
reaction:627,XPhos,1,,63.62909921,58.610679626464844,19.513059616088867
reaction:628,XPhos,4,,15.1458408,17.508609771728516,16.79570960998535
reaction:629,XPhos,3,,31.9937252,31.727630615234375,19.016544342041016
reaction:630,XPhos,2,,53.36463944,40.2607536315918,18.442949295043945
reaction:631,XPhos,2,,5.928429551,15.180984497070312,18.138938903808594
reaction:632,XPhos,1,,9.302544665,23.35759735107422,18.86794090270996
reaction:633,XPhos,1,,34.88077285,27.553972244262695,18.17376708984375
reaction:634,XPhos,4,,0.47110416,9.442636489868164,17.348827362060547
reaction:635,XPhos,2,,28.77482765,19.02797508239746,17.88092613220215
reaction:636,XPhos,4,,35.21497708,25.335262298583984,16.31938934326172
reaction:637,XPhos,2,,4.111488109,2.267345428466797,16.883739471435547
reaction:638,XPhos,1,,64.27233548,43.52484130859375,16.166824340820312
reaction:639,XPhos,3,,65.69456697,45.2981071472168,17.704450607299805
reaction:640,XPhos,4,,14.11480355,24.520891189575195,18.401195526123047
reaction:641,XPhos,4,,17.56349703,32.942108154296875,18.028457641601562
reaction:642,XPhos,4,,15.1215994,32.70745849609375,18.909645080566406
reaction:643,XPhos,0,,12.74466628,19.38868522644043,18.801353454589844
reaction:644,XPhos,2,,14.21418921,23.395706176757812,16.238510131835938
reaction:645,XPhos,1,,16.84841979,40.12842559814453,16.279340744018555
reaction:646,XPhos,3,,19.58685815,24.48461151123047,16.14842414855957
reaction:647,XPhos,4,,43.74297776,36.88179397583008,18.82646942138672
reaction:648,XPhos,2,,41.13226409,48.321372985839844,17.266801834106445
reaction:649,XPhos,4,,0.43718104,16.230493545532227,17.475906372070312
reaction:650,XPhos,2,,23.41191123,26.190839767456055,17.903793334960938
reaction:651,XPhos,1,,34.22871308,34.81195068359375,17.42838478088379
reaction:652,XPhos,1,,2.005732083,13.675251007080078,18.384464263916016
reaction:653,XPhos,4,,50.97511306,42.133792877197266,16.972003936767578
reaction:654,XPhos,3,,50.54514481,46.70226287841797,17.67711067199707
reaction:655,XPhos,1,,39.19022489,35.28282165527344,18.80847930908203
reaction:656,XPhos,0,,59.13712916,48.88167953491211,19.00687599182129
reaction:657,XPhos,4,,63.46127974,55.67743682861328,19.070436477661133
reaction:658,XPhos,0,,14.56258268,20.933862686157227,18.934303283691406
reaction:659,XPhos,4,,42.70687587,28.279739379882812,15.921990394592285
reaction:660,XPhos,4,,51.1783537,34.461978912353516,18.276527404785156
reaction:661,XPhos,2,,20.79893886,23.795883178710938,18.182504653930664
reaction:662,XPhos,3,,44.03844861,35.6961784362793,18.319406509399414
reaction:663,XPhos,1,,47.42870408,44.07136154174805,17.947755813598633
reaction:664,XPhos,4,,0.389738186,16.941238403320312,17.20185661315918
reaction:665,XPhos,2,,14.82994008,21.80829620361328,18.011754989624023
reaction:666,XPhos,1,,27.38026406,32.664546966552734,17.337865829467773
reaction:667,XPhos,3,,1.922791563,11.147502899169922,17.693458557128906
reaction:668,XPhos,3,,42.32124218,49.136390686035156,19.376874923706055
reaction:669,XPhos,2,,66.26745697,57.778167724609375,16.789371490478516
reaction:670,XPhos,2,,38.26811211,34.4752082824707,16.62323760986328
reaction:671,XPhos,0,,65.27849508,50.620033264160156,18.9649600982666
reaction:672,XPhos,3,,69.51698512,57.262474060058594,18.166175842285156
reaction:673,XPhos,2,,11.65114169,16.824413299560547,17.88701820373535
reaction:674,XPhos,3,,35.81675951,32.79762268066406,18.319894790649414
reaction:675,XPhos,2,,49.09682213,40.611820220947266,17.479948043823242
reaction:676,t-BuXPhos,4,,14.56538038,11.885126113891602,18.1683349609375
reaction:677,t-BuXPhos,0,,18.74350865,29.05388641357422,18.466384887695312
reaction:678,t-BuXPhos,1,,19.60839775,30.428285598754883,17.968568801879883
reaction:679,t-BuXPhos,1,,2.060581853,0.234344482421875,18.265165328979492
reaction:680,t-BuXPhos,1,,16.39030586,33.2144889831543,18.582849502563477
reaction:681,t-BuXPhos,0,,19.65840226,36.69538116455078,18.45265769958496
reaction:682,t-BuXPhos,4,,6.853480142,6.7982940673828125,17.911550521850586
reaction:683,t-BuXPhos,0,,26.75645727,50.90660095214844,17.580778121948242
reaction:684,t-BuXPhos,4,,27.04861196,47.51551818847656,16.30177879333496
reaction:685,t-BuXPhos,4,,31.29909936,44.374168395996094,18.042591094970703
reaction:686,t-BuXPhos,1,,35.2030282,57.04137420654297,18.024553298950195
reaction:687,t-BuXPhos,2,,40.08669181,52.517879486083984,15.635557174682617
reaction:688,t-BuXPhos,2,,68.76495224,15.126937866210938,16.567726135253906
reaction:689,t-BuXPhos,3,,74.00970333,40.85380554199219,16.35695457458496
reaction:690,t-BuXPhos,3,,70.58038327,46.384010314941406,18.03938102722168
reaction:691,t-BuXPhos,2,,12.56300254,30.86756706237793,17.254411697387695
reaction:692,t-BuXPhos,1,,47.02427089,39.39404296875,18.548704147338867
reaction:693,t-BuXPhos,3,,48.56121582,49.26539993286133,18.069406509399414
reaction:694,t-BuXPhos,0,,0.529819216,14.514860153198242,18.217510223388672
reaction:695,t-BuXPhos,2,,47.2768797,39.92825698852539,16.45393943786621
reaction:696,t-BuXPhos,1,,55.19349187,42.128292083740234,16.46675682067871
reaction:697,t-BuXPhos,2,,73.2728017,61.523841857910156,16.142566680908203
reaction:698,t-BuXPhos,1,,77.78682066,62.45811462402344,18.14723014831543
reaction:699,t-BuXPhos,4,,69.39495874,63.833229064941406,17.951236724853516
reaction:700,t-BuXPhos,4,,84.60201966,69.57865905761719,18.07754898071289
reaction:701,t-BuXPhos,1,,85.14015258,70.74005126953125,18.6800479888916
reaction:702,t-BuXPhos,3,,12.48383732,50.470787048339844,17.78626823425293
reaction:703,t-BuXPhos,4,,78.00495066,77.59819030761719,17.48952865600586
reaction:704,t-BuXPhos,4,,83.73721982,79.34124755859375,18.394397735595703
reaction:705,t-BuXPhos,2,,26.05284451,34.60381317138672,17.34705352783203
reaction:706,t-BuXPhos,0,,53.83922891,47.71760559082031,18.570369720458984
reaction:707,t-BuXPhos,3,,52.3137348,53.57068634033203,18.26976203918457
reaction:708,t-BuXPhos,2,,3.500057239,13.23885726928711,17.520235061645508
reaction:709,t-BuXPhos,3,,49.39865649,49.86817932128906,18.55531120300293
reaction:710,t-BuXPhos,4,,56.13504943,53.16427230834961,18.187667846679688
reaction:711,t-BuXPhos,3,,16.2490011,21.260095596313477,18.428028106689453
reaction:712,t-BuXPhos,3,,79.87241595,75.65293884277344,17.420289993286133
reaction:713,t-BuXPhos,0,,81.15116736,75.26036071777344,18.778125762939453
reaction:714,t-BuXPhos,4,,88.44637346,79.76856231689453,18.054086685180664
reaction:715,t-BuXPhos,2,,93.09950718,89.48435974121094,18.104793548583984
reaction:716,t-BuXPhos,2,,99.99999,97.56411743164062,15.671802520751953
reaction:717,t-BuXPhos,3,,36.89391539,59.949851989746094,17.868438720703125
reaction:718,t-BuXPhos,4,,94.34623373,93.7333984375,17.423431396484375
reaction:719,t-BuXPhos,0,,93.02887198,96.00144958496094,17.826847076416016
reaction:720,t-BuXPhos,2,,34.28672739,30.882326126098633,17.453588485717773
reaction:721,t-BuXPhos,0,,51.07128287,38.47101593017578,15.691160202026367
reaction:722,t-BuXPhos,0,,44.71241275,35.58219528198242,15.743075370788574
reaction:723,t-BuXPhos,3,,1.112505085,-4.710361480712891,16.380563735961914
reaction:724,t-BuXPhos,3,,50.90618574,31.956676483154297,17.918983459472656
reaction:725,t-BuXPhos,3,,54.23706048,32.312652587890625,18.042734146118164
reaction:726,t-BuXPhos,3,,4.695061055,6.022716522216797,18.046092987060547
reaction:727,t-BuXPhos,3,,83.3036144,49.83373260498047,16.901153564453125
reaction:728,t-BuXPhos,1,,70.00785114,51.262718200683594,18.9971981048584
reaction:729,t-BuXPhos,4,,52.85443039,59.35118103027344,18.074556350708008
reaction:730,t-BuXPhos,0,,72.15476775,62.86404800415039,14.277780532836914
reaction:731,t-BuXPhos,3,,73.13874552,57.890968322753906,16.6685733795166
reaction:732,t-BuXPhos,2,,18.412337,38.53546905517578,16.569791793823242
reaction:733,t-BuXPhos,4,,1.57607478,61.003013610839844,17.409563064575195
reaction:734,t-BuXPhos,0,,1.834161249,60.28125,15.206660270690918
reaction:735,t-BuXPhos,1,,39.94694428,40.10606002807617,18.525402069091797
reaction:736,t-BuXPhos,3,,54.22375463,60.06621170043945,18.006624221801758
reaction:737,t-BuXPhos,0,,50.12467654,51.56666564941406,15.545907020568848
reaction:738,t-BuXPhos,2,,1.102452884,18.77336883544922,17.802841186523438
reaction:739,t-BuXPhos,3,,45.39654665,52.25569534301758,17.99091148376465
reaction:740,t-BuXPhos,3,,51.57354724,54.89094543457031,17.916574478149414
reaction:741,t-BuXPhos,4,,77.85802389,77.26313018798828,17.2012996673584
reaction:742,t-BuXPhos,1,,80.13587028,75.30767822265625,18.928537368774414
reaction:743,t-BuXPhos,1,,80.58863006,72.95232391357422,17.7603816986084
reaction:744,t-BuXPhos,2,,86.25411640000002,86.91344451904297,18.045269012451172
reaction:745,t-BuXPhos,0,,91.93340238,86.21868896484375,16.813583374023438
reaction:746,t-BuXPhos,3,,49.30997149,35.22700500488281,17.233135223388672
reaction:747,t-BuXPhos,0,,86.10507439,56.843841552734375,14.636503219604492
reaction:748,t-BuXPhos,4,,88.16754027,64.77940368652344,18.181076049804688
reaction:749,t-BuXPhos,1,,45.04099086,40.793060302734375,18.461994171142578
reaction:750,t-BuXPhos,2,,52.01896484,56.78511047363281,18.016141891479492
reaction:751,t-BuXPhos,4,,50.27132659,57.386085510253906,16.36931610107422
reaction:752,t-BuXPhos,2,,1.402918235,14.588115692138672,17.84148597717285
reaction:753,t-BuXPhos,0,,50.57898439,53.4981689453125,16.05570411682129
reaction:754,t-BuXPhos,4,,51.23480839,60.11252212524414,18.082725524902344
reaction:755,t-BuXPhos,2,,6.591475121,17.937013626098633,16.524517059326172
reaction:756,t-BuXPhos,0,,83.09647392,86.7744140625,14.887033462524414
reaction:757,t-BuXPhos,1,,79.26160687,79.2212905883789,18.971111297607422
reaction:758,t-BuXPhos,3,,86.19439925,87.49810791015625,17.163965225219727
reaction:759,t-BuXPhos,3,,91.26694463,96.06964111328125,17.202959060668945
reaction:760,t-BuXPhos,1,,95.38648822,101.10658264160156,19.29713249206543
reaction:761,t-BuXPhos,3,,63.26443611,37.53777313232422,17.31838607788086
reaction:762,t-BuXPhos,0,,94.87994774,66.29364013671875,14.747252464294434
reaction:763,t-BuXPhos,3,,93.42111456,75.7108154296875,17.740474700927734
reaction:764,t-BuXPhos,4,,31.76101887,22.512882232666016,19.118751525878906
reaction:765,t-BuXPhos,0,,47.94242943,35.3690185546875,18.00996971130371
reaction:766,t-BuXPhos,1,,42.81292825,31.2713680267334,18.424297332763672
reaction:767,t-BuXPhos,4,,0.39886034,-0.1669769287109375,19.12470245361328
reaction:768,t-BuXPhos,1,,45.57576479,31.617393493652344,18.955610275268555
reaction:769,t-BuXPhos,3,,49.32093179,36.90211486816406,17.3865909576416
reaction:770,t-BuXPhos,4,,3.622466468,10.439401626586914,18.882102966308594
reaction:771,t-BuXPhos,3,,75.31115449,54.46807098388672,16.74540901184082
reaction:772,t-BuXPhos,2,,67.19184926,49.27855682373047,18.713632583618164
reaction:773,t-BuXPhos,1,,54.63079808,49.981163024902344,17.971559524536133
reaction:774,t-BuXPhos,4,,63.14714159,60.2546501159668,19.119544982910156
reaction:775,t-BuXPhos,3,,63.83709974,61.572601318359375,17.171234130859375
reaction:776,t-BuXPhos,4,,20.39347896,25.954730987548828,18.275419235229492
reaction:777,t-BuXPhos,0,,0.0,57.90880584716797,16.635250091552734
reaction:778,t-BuXPhos,3,,0.0,57.62639617919922,17.261157989501953
reaction:779,t-BuXPhos,2,,34.30918762,36.618473052978516,18.145736694335938
reaction:780,t-BuXPhos,4,,52.55061961,54.49085235595703,18.833324432373047
reaction:781,t-BuXPhos,2,,52.37811419,54.420379638671875,17.806781768798828
reaction:782,t-BuXPhos,1,,0.695297498,18.61972427368164,18.750253677368164
reaction:783,t-BuXPhos,2,,43.182647,48.376731872558594,17.684688568115234
reaction:784,t-BuXPhos,1,,52.5635645,57.03800582885742,17.10116958618164
reaction:785,t-BuXPhos,4,,3.012114112,20.246978759765625,18.776662826538086
reaction:786,t-BuXPhos,0,,80.58281911,76.4439468383789,17.150903701782227
reaction:787,t-BuXPhos,2,,81.02094948,74.59672546386719,18.97295379638672
reaction:788,t-BuXPhos,0,,76.63515592,72.39161682128906,18.346961975097656
reaction:789,t-BuXPhos,2,,88.44485055,81.85443115234375,19.230762481689453
reaction:790,t-BuXPhos,1,,90.22793001,83.53495788574219,19.222984313964844
reaction:791,t-BuXPhos,1,,30.758172,32.65585708618164,18.689496994018555
reaction:792,t-BuXPhos,4,,85.68357471,56.548728942871094,18.486736297607422
reaction:793,t-BuXPhos,2,,86.971127,65.04116821289062,18.405004501342773
reaction:794,t-BuXPhos,3,,34.96627405,35.13352966308594,17.545318603515625
reaction:795,t-BuXPhos,1,,0.97555089,12.219137191772461,18.85927391052246
reaction:796,t-BuXPhos,4,,44.07099157,49.59886932373047,17.122312545776367
reaction:797,t-BuXPhos,3,,48.93807733,53.721336364746094,17.545379638671875
reaction:798,t-BuXPhos,4,,3.893641215,14.224922180175781,18.875411987304688
reaction:799,t-BuXPhos,0,,79.05542624,81.85673522949219,17.43470573425293
reaction:800,t-BuXPhos,3,,79.63886176,83.32261657714844,16.056764602661133
reaction:801,t-BuXPhos,2,,86.00345438,85.93853759765625,17.881732940673828
reaction:802,t-BuXPhos,1,,92.13719474,91.978271484375,18.916227340698242
reaction:803,t-BuXPhos,0,,91.51096876,95.08058166503906,18.6455135345459
reaction:804,t-BuXPhos,0,,30.83522639,34.52242660522461,16.2552547454834
reaction:805,t-BuXPhos,4,,92.72370704,65.37728881835938,18.684856414794922
reaction:806,t-BuXPhos,0,,92.25602815,73.19441223144531,17.091676712036133
reaction:807,t-BuBrettPhos,2,,9.322132163,7.479047775268555,17.08234405517578
reaction:808,t-BuBrettPhos,1,,13.23389373,16.455875396728516,16.488399505615234
reaction:809,t-BuBrettPhos,2,,12.65611523,28.658174514770508,16.61153793334961
reaction:810,t-BuBrettPhos,0,,0.862512473,-1.4971122741699219,17.806278228759766
reaction:811,t-BuBrettPhos,0,,11.12595571,18.31877899169922,17.356605529785156
reaction:812,t-BuBrettPhos,0,,11.33541199,25.892879486083984,17.08712387084961
reaction:813,t-BuBrettPhos,0,,3.848767902,5.7423248291015625,17.830280303955078
reaction:814,t-BuBrettPhos,2,,26.55673667,42.148834228515625,17.365108489990234
reaction:815,t-BuBrettPhos,3,,25.42117806,50.75811767578125,16.4188175201416
reaction:816,t-BuBrettPhos,4,,23.70056273,37.18104553222656,18.16861343383789
reaction:817,t-BuBrettPhos,0,,25.95507424,47.16322326660156,17.535823822021484
reaction:818,t-BuBrettPhos,0,,35.80276164,60.50627517700195,17.425569534301758
reaction:819,t-BuBrettPhos,0,,66.85191048,7.219228744506836,17.39516258239746
reaction:820,t-BuBrettPhos,1,,70.56509529,32.47211837768555,16.975627899169922
reaction:821,t-BuBrettPhos,3,,66.6354412,42.98453140258789,16.298898696899414
reaction:822,t-BuBrettPhos,2,,3.468901589,12.89834976196289,16.994237899780273
reaction:823,t-BuBrettPhos,3,,31.17955703,28.20780372619629,16.885719299316406
reaction:824,t-BuBrettPhos,3,,44.26289513,33.286537170410156,15.770695686340332
reaction:825,t-BuBrettPhos,2,,0.0,3.758087158203125,16.562164306640625
reaction:826,t-BuBrettPhos,4,,11.31352123,20.699878692626953,17.90545654296875
reaction:827,t-BuBrettPhos,3,,33.79435982,29.456382751464844,16.107818603515625
reaction:828,t-BuBrettPhos,3,,0.0,2.755483627319336,16.220104217529297
reaction:829,t-BuBrettPhos,3,,36.54381967,35.330596923828125,15.773818016052246
reaction:830,t-BuBrettPhos,0,,78.50560016,57.52028274536133,17.56904411315918
reaction:831,t-BuBrettPhos,4,,32.19059222,40.98904800415039,18.32041358947754
reaction:832,t-BuBrettPhos,0,,55.46040564,48.303497314453125,17.433435440063477
reaction:833,t-BuBrettPhos,3,,81.63511603,58.075836181640625,15.370072364807129
reaction:834,t-BuBrettPhos,4,,4.546243303,33.093910217285156,17.895549774169922
reaction:835,t-BuBrettPhos,1,,60.54913452,56.36543273925781,16.835678100585938
reaction:836,t-BuBrettPhos,4,,71.15077458,72.32257843017578,18.117782592773438
reaction:837,t-BuBrettPhos,2,,22.42347536,18.626487731933594,17.012474060058594
reaction:838,t-BuBrettPhos,4,,41.46468331,35.09519958496094,17.563817977905273
reaction:839,t-BuBrettPhos,0,,54.24578847,43.589759826660156,17.363880157470703
reaction:840,t-BuBrettPhos,0,,1.581660756,1.9424419403076172,17.737621307373047
reaction:841,t-BuBrettPhos,1,,20.76458994,31.249677658081055,16.40769386291504
reaction:842,t-BuBrettPhos,2,,36.05750203,41.52212905883789,17.146509170532227
reaction:843,t-BuBrettPhos,1,,7.805738503,8.230045318603516,16.252641677856445
reaction:844,t-BuBrettPhos,2,,52.90774845,60.25529479980469,17.371992111206055
reaction:845,t-BuBrettPhos,1,,83.29437838,73.57650756835938,16.670028686523438
reaction:846,t-BuBrettPhos,1,,50.80872036,62.145240783691406,16.166934967041016
reaction:847,t-BuBrettPhos,3,,71.49385038,71.84109497070312,15.952041625976562
reaction:848,t-BuBrettPhos,1,,99.99999,85.2801742553711,17.113557815551758
reaction:849,t-BuBrettPhos,3,,29.94942755,35.07603073120117,15.994490623474121
reaction:850,t-BuBrettPhos,2,,80.02767877,85.7464599609375,16.709518432617188
reaction:851,t-BuBrettPhos,4,,88.40427326,89.81416320800781,18.061931610107422
reaction:852,t-BuBrettPhos,4,,7.021683633,16.410863876342773,16.518756866455078
reaction:853,t-BuBrettPhos,3,,32.41068171,29.847328186035156,17.4791202545166
reaction:854,t-BuBrettPhos,4,,34.60429695,31.383522033691406,16.341337203979492
reaction:855,t-BuBrettPhos,4,,0.51807887,1.5664806365966797,15.986863136291504
reaction:856,t-BuBrettPhos,1,,38.44240466,36.00590133666992,17.174257278442383
reaction:857,t-BuBrettPhos,2,,50.89816476,34.76484680175781,16.362470626831055
reaction:858,t-BuBrettPhos,0,,5.429390182,7.228647232055664,16.20041275024414
reaction:859,t-BuBrettPhos,2,,70.22907456,58.947715759277344,15.8808012008667
reaction:860,t-BuBrettPhos,1,,73.4448659,57.86027908325195,17.34556770324707
reaction:861,t-BuBrettPhos,4,,68.99091328,64.26355743408203,16.419612884521484
reaction:862,t-BuBrettPhos,2,,87.93113193,67.06378173828125,16.076576232910156
reaction:863,t-BuBrettPhos,0,,89.46707858,66.88556671142578,15.733186721801758
reaction:864,t-BuBrettPhos,4,,6.160292213,24.086437225341797,16.17409324645996
reaction:865,t-BuBrettPhos,1,,4.80921591,35.6768798828125,17.561826705932617
reaction:866,t-BuBrettPhos,2,,4.592618792,43.012107849121094,16.034303665161133
reaction:867,t-BuBrettPhos,2,,25.85124884,25.370136260986328,15.56559944152832
reaction:868,t-BuBrettPhos,1,,48.4805474,48.67156982421875,17.259387969970703
reaction:869,t-BuBrettPhos,3,,47.29404915,51.640472412109375,16.820188522338867
reaction:870,t-BuBrettPhos,0,,0.682447226,15.803010940551758,16.10114097595215
reaction:871,t-BuBrettPhos,4,,40.82349272,42.41755676269531,16.540416717529297
reaction:872,t-BuBrettPhos,0,,45.50089871,57.246673583984375,15.523500442504883
reaction:873,t-BuBrettPhos,4,,2.461539411,14.230968475341797,16.350675582885742
reaction:874,t-BuBrettPhos,2,,73.58359974,63.00930404663086,15.534893989562988
reaction:875,t-BuBrettPhos,1,,79.18190676,76.91389465332031,17.40598487854004
reaction:876,t-BuBrettPhos,3,,78.17281005,67.16506958007812,16.49521255493164
reaction:877,t-BuBrettPhos,4,,84.44355873,76.51648712158203,16.341062545776367
reaction:878,t-BuBrettPhos,4,,91.20970452,85.09943389892578,15.99261474609375
reaction:879,t-BuBrettPhos,4,,40.48243437,33.48991394042969,16.326290130615234
reaction:880,t-BuBrettPhos,1,,78.37132703,66.7337417602539,17.514110565185547
reaction:881,t-BuBrettPhos,4,,23.89038147,24.687719345092773,16.192195892333984
reaction:882,t-BuBrettPhos,0,,46.79588748,47.28688430786133,15.730879783630371
reaction:883,t-BuBrettPhos,3,,46.14092963,52.086570739746094,16.943513870239258
reaction:884,t-BuBrettPhos,1,,0.81239337,3.5403823852539062,17.215513229370117
reaction:885,t-BuBrettPhos,4,,34.83452753,46.81206512451172,15.980669021606445
reaction:886,t-BuBrettPhos,2,,44.26066466,49.90077590942383,16.259361267089844
reaction:887,t-BuBrettPhos,2,,9.034825048,9.658172607421875,15.988997459411621
reaction:888,t-BuBrettPhos,1,,74.23566846,78.12594604492188,17.2822322845459
reaction:889,t-BuBrettPhos,0,,78.10978605,88.28660583496094,15.938069343566895
reaction:890,t-BuBrettPhos,0,,86.12188158,86.83412170410156,16.35770606994629
reaction:891,t-BuBrettPhos,2,,87.95919128,91.94306945800781,16.11330795288086
reaction:892,t-BuBrettPhos,2,,92.35381549,105.0251693725586,15.610648155212402
reaction:893,t-BuBrettPhos,2,,42.37662469,27.474510192871094,16.472732543945312
reaction:894,t-BuBrettPhos,1,,89.5866498,77.47111511230469,17.728099822998047
reaction:895,t-BuBrettPhos,3,,88.35188783,69.6379165649414,17.18667221069336
reaction:896,t-BuBrettPhos,4,,1.039364305,8.615449905395508,17.70522117614746
reaction:897,t-BuBrettPhos,4,,23.78240992,27.533605575561523,17.21755027770996
reaction:898,t-BuBrettPhos,0,,28.58196621,32.4336051940918,16.63045310974121
reaction:899,t-BuBrettPhos,1,,0.0,-2.4464645385742188,16.89276885986328
reaction:900,t-BuBrettPhos,3,,44.72607544,37.05615997314453,15.885980606079102
reaction:901,t-BuBrettPhos,1,,37.40734019,37.378868103027344,16.821678161621094
reaction:902,t-BuBrettPhos,3,,7.259312325,3.2562522888183594,15.324538230895996
reaction:903,t-BuBrettPhos,2,,68.29340203,60.29172134399414,16.785140991210938
reaction:904,t-BuBrettPhos,0,,71.5462211,55.65686798095703,16.637224197387695
reaction:905,t-BuBrettPhos,3,,69.08248124,54.12163543701172,15.273598670959473
reaction:906,t-BuBrettPhos,1,,88.30829539,62.54528045654297,17.14495277404785
reaction:907,t-BuBrettPhos,2,,92.90401218,68.9299545288086,16.101457595825195
reaction:908,t-BuBrettPhos,0,,1.691952122,6.880426406860352,16.534080505371094
reaction:909,t-BuBrettPhos,2,,0.955483806,44.996280670166016,15.87364673614502
reaction:910,t-BuBrettPhos,3,,0.597977578,44.36739730834961,15.556370735168457
reaction:911,t-BuBrettPhos,2,,13.50296194,22.982952117919922,16.57614517211914
reaction:912,t-BuBrettPhos,1,,48.49744103,46.485164642333984,17.4710750579834
reaction:913,t-BuBrettPhos,0,,50.86308576,50.550933837890625,16.732133865356445
reaction:914,t-BuBrettPhos,2,,0.0,14.259017944335938,15.904382705688477
reaction:915,t-BuBrettPhos,3,,47.57684436,43.117252349853516,15.738239288330078
reaction:916,t-BuBrettPhos,0,,54.42113597,50.42189025878906,16.190662384033203
reaction:917,t-BuBrettPhos,2,,0.0,18.097078323364258,16.712692260742188
reaction:918,t-BuBrettPhos,2,,77.66498135,66.72500610351562,16.60406494140625
reaction:919,t-BuBrettPhos,3,,81.47790375,82.08135986328125,15.931083679199219
reaction:920,t-BuBrettPhos,3,,63.40623793,58.72092819213867,15.352959632873535
reaction:921,t-BuBrettPhos,4,,77.4707991,78.45489501953125,17.30910301208496
reaction:922,t-BuBrettPhos,1,,90.37135809,90.32176208496094,17.96839141845703
reaction:923,t-BuBrettPhos,3,,13.89042777,18.123046875,14.926163673400879
reaction:924,t-BuBrettPhos,0,,81.62368897,62.777198791503906,16.98882484436035
reaction:925,t-BuBrettPhos,3,,83.33821324,74.84722900390625,15.676451683044434
reaction:926,t-BuBrettPhos,1,,18.21528105,17.688518524169922,16.894033432006836
reaction:927,t-BuBrettPhos,1,,49.51819322,45.321983337402344,17.573320388793945
reaction:928,t-BuBrettPhos,0,,47.67937659,52.9378662109375,16.695772171020508
reaction:929,t-BuBrettPhos,3,,0.354218547,4.723590850830078,15.587510108947754
reaction:930,t-BuBrettPhos,1,,48.43208177,51.28385925292969,17.272777557373047
reaction:931,t-BuBrettPhos,1,,43.57558027,55.36820983886719,16.960433959960938
reaction:932,t-BuBrettPhos,2,,4.2283815680000005,13.033332824707031,16.63840675354004
reaction:933,t-BuBrettPhos,0,,79.45834404,81.16233825683594,16.119056701660156
reaction:934,t-BuBrettPhos,3,,79.06108402,86.95670318603516,15.944440841674805
reaction:935,t-BuBrettPhos,3,,87.76406197,77.24433898925781,15.366615295410156
reaction:936,t-BuBrettPhos,3,,93.03255731,94.4696044921875,15.410602569580078
reaction:937,t-BuBrettPhos,3,,98.84920594,105.37403869628906,14.223045349121094
reaction:938,t-BuBrettPhos,0,,14.59032311,21.867198944091797,16.5089111328125
reaction:939,t-BuBrettPhos,3,,93.74857618,72.51358032226562,15.734922409057617
reaction:940,t-BuBrettPhos,2,,93.10117477,76.93821716308594,16.21778678894043
reaction:941,AdBrettPhos,1,,9.062775444,12.397218704223633,16.792234420776367
reaction:942,AdBrettPhos,2,,13.5242012,14.587156295776367,17.12555694580078
reaction:943,AdBrettPhos,1,,13.8481868,27.98501205444336,17.182544708251953
reaction:944,AdBrettPhos,3,,1.858564029,3.5085201263427734,16.252674102783203
reaction:945,AdBrettPhos,1,,13.88581248,23.468769073486328,17.27681541442871
reaction:946,AdBrettPhos,1,,16.72117045,39.168006896972656,15.973859786987305
reaction:947,AdBrettPhos,3,,6.264897465,5.3251953125,16.416217803955078
reaction:948,AdBrettPhos,2,,23.31600153,37.9128303527832,16.88637924194336
reaction:949,AdBrettPhos,0,,26.3918508,48.91606140136719,18.17264747619629
reaction:950,AdBrettPhos,0,,19.27582448,31.0908145904541,17.781417846679688
reaction:951,AdBrettPhos,3,,20.15990301,38.342689514160156,16.374481201171875
reaction:952,AdBrettPhos,3,,27.24737039,55.74338912963867,15.533586502075195
reaction:953,AdBrettPhos,0,,68.47251074,5.796083450317383,17.520570755004883
reaction:954,AdBrettPhos,4,,71.41375314,24.635440826416016,17.236454010009766
reaction:955,AdBrettPhos,4,,68.57486471,36.91733932495117,17.934547424316406
reaction:956,AdBrettPhos,4,,3.309805744,9.453792572021484,17.876920700073242
reaction:957,AdBrettPhos,4,,19.84794125,23.466033935546875,18.159597396850586
reaction:958,AdBrettPhos,4,,35.66483427,29.568857192993164,17.663509368896484
reaction:959,AdBrettPhos,2,,0.0,0.35836029052734375,17.430591583251953
reaction:960,AdBrettPhos,4,,15.1448727,16.750202178955078,17.2849178314209
reaction:961,AdBrettPhos,4,,47.46105675,28.355655670166016,18.425582885742188
reaction:962,AdBrettPhos,2,,0.620480408,-0.9441909790039062,17.0373477935791
reaction:963,AdBrettPhos,1,,27.30055458,28.430374145507812,17.184173583984375
reaction:964,AdBrettPhos,2,,67.48065191,50.40428924560547,16.608606338500977
reaction:965,AdBrettPhos,0,,17.316822600000002,18.983577728271484,17.675628662109375
reaction:966,AdBrettPhos,1,,16.25514799,26.60316276550293,17.239395141601562
reaction:967,AdBrettPhos,3,,50.42857568,44.69279479980469,15.417790412902832
reaction:968,AdBrettPhos,3,,4.713893798,27.43244743347168,16.11090660095215
reaction:969,AdBrettPhos,2,,45.27091516,56.45263671875,17.31831932067871
reaction:970,AdBrettPhos,0,,58.943816000000005,62.672943115234375,17.392658233642578
reaction:971,AdBrettPhos,2,,20.59737033,13.347187042236328,16.876522064208984
reaction:972,AdBrettPhos,4,,33.22033214,34.53070831298828,18.230220794677734
reaction:973,AdBrettPhos,4,,48.38997285,43.96708679199219,17.82512092590332
reaction:974,AdBrettPhos,2,,2.0185504880000003,4.764642715454102,17.589506149291992
reaction:975,AdBrettPhos,2,,28.52881836,29.815025329589844,17.037166595458984
reaction:976,AdBrettPhos,4,,49.32388819,41.94265365600586,18.494003295898438
reaction:977,AdBrettPhos,0,,7.120028255,6.083713531494141,18.60616683959961
reaction:978,AdBrettPhos,4,,49.40490981,49.55253601074219,17.782451629638672
reaction:979,AdBrettPhos,0,,74.16554821,77.07151794433594,18.128761291503906
reaction:980,AdBrettPhos,1,,44.47903411,50.63721466064453,17.303510665893555
reaction:981,AdBrettPhos,4,,59.28097568,59.415035247802734,18.005199432373047
reaction:982,AdBrettPhos,1,,81.51017538,79.33416748046875,16.878087997436523
reaction:983,AdBrettPhos,1,,28.30443344,28.314395904541016,17.066450119018555
reaction:984,AdBrettPhos,2,,68.89095082,77.34921264648438,17.440994262695312
reaction:985,AdBrettPhos,3,,84.40270662,87.73138427734375,15.95652961730957
reaction:986,AdBrettPhos,1,,5.298717423,22.80528450012207,16.959375381469727
reaction:987,AdBrettPhos,2,,41.59326244,35.05230712890625,16.70945930480957
reaction:988,AdBrettPhos,3,,44.78270058,34.24568557739258,17.183691024780273
reaction:989,AdBrettPhos,2,,1.262424529,9.058238983154297,16.442052841186523
reaction:990,AdBrettPhos,3,,53.17975334,38.5427360534668,17.198291778564453
reaction:991,AdBrettPhos,1,,54.63240731,45.556678771972656,17.305809020996094
reaction:992,AdBrettPhos,4,,4.246823607,4.689409255981445,16.207271575927734
reaction:993,AdBrettPhos,4,,82.46360414,57.113197326660156,16.56365966796875
reaction:994,AdBrettPhos,2,,79.07623711,61.69159698486328,16.471601486206055
reaction:995,AdBrettPhos,1,,74.61155282,64.90779876708984,17.699411392211914
reaction:996,AdBrettPhos,4,,83.37705512,58.78594207763672,17.0637264251709
reaction:997,AdBrettPhos,4,,91.37329051,59.415035247802734,16.553815841674805
reaction:998,AdBrettPhos,1,,9.147761663,30.19869041442871,18.033403396606445
reaction:999,AdBrettPhos,2,,1.707595349,57.641082763671875,16.507034301757812
reaction:1000,AdBrettPhos,0,,2.733728741,60.69489669799805,15.533530235290527
reaction:1001,AdBrettPhos,2,,25.8434488,21.899003982543945,16.114856719970703
reaction:1002,AdBrettPhos,0,,48.06786456,51.57023620605469,15.57253646850586
reaction:1003,AdBrettPhos,3,,48.00212967,52.05091857910156,17.213153839111328
reaction:1004,AdBrettPhos,0,,0.85894734,20.88240623474121,15.83228588104248
reaction:1005,AdBrettPhos,2,,46.19696168,46.2862548828125,15.97582721710205
reaction:1006,AdBrettPhos,2,,51.39664392,52.54230499267578,16.376745223999023
reaction:1007,AdBrettPhos,0,,2.615785832,16.29509735107422,16.791114807128906
reaction:1008,AdBrettPhos,2,,73.85492194,64.79959106445312,15.507803916931152
reaction:1009,AdBrettPhos,4,,78.46972259,80.75328826904297,15.851603507995605
reaction:1010,AdBrettPhos,2,,61.91869342,54.89747619628906,16.899463653564453
reaction:1011,AdBrettPhos,1,,66.70576357,66.33512878417969,17.986860275268555
reaction:1012,AdBrettPhos,0,,69.8410056,76.07373809814453,16.69230842590332
reaction:1013,AdBrettPhos,4,,35.857904600000005,29.02532958984375,15.904680252075195
reaction:1014,AdBrettPhos,3,,81.6084941,60.89373779296875,16.636919021606445
reaction:1015,AdBrettPhos,2,,84.55661490000001,60.418067932128906,16.01680564880371
reaction:1016,AdBrettPhos,4,,28.68684159,24.06342315673828,16.751462936401367
reaction:1017,AdBrettPhos,4,,53.85457225,54.160438537597656,16.981966018676758
reaction:1018,AdBrettPhos,0,,55.16379105,60.910118103027344,15.216880798339844
reaction:1019,AdBrettPhos,0,,1.0681254059999998,14.90654182434082,15.749377250671387
reaction:1020,AdBrettPhos,3,,54.23706273,52.30694580078125,16.99566650390625
reaction:1021,AdBrettPhos,4,,50.10376029,63.61815643310547,17.379148483276367
reaction:1022,AdBrettPhos,4,,3.135484875,12.523845672607422,16.356109619140625
reaction:1023,AdBrettPhos,0,,80.39591728,79.989990234375,15.316930770874023
reaction:1024,AdBrettPhos,0,,82.63071562,92.26628875732422,15.987277030944824
reaction:1025,AdBrettPhos,2,,89.88953077,79.75582885742188,16.64267349243164
reaction:1026,AdBrettPhos,1,,92.89765441,89.18302154541016,18.264944076538086
reaction:1027,AdBrettPhos,3,,94.14846732,106.55570983886719,16.784271240234375
reaction:1028,AdBrettPhos,0,,41.58551371,27.08344841003418,16.065818786621094
reaction:1029,AdBrettPhos,4,,95.12897845,75.08331298828125,16.019502639770508
reaction:1030,AdBrettPhos,0,,92.39124083,94.09104919433594,16.003820419311523
reaction:1031,AdBrettPhos,3,,1.261091862,3.977560043334961,16.224143981933594
reaction:1032,AdBrettPhos,3,,12.61696696,26.07284164428711,15.50984001159668
reaction:1033,AdBrettPhos,0,,36.64285561,40.389041900634766,16.64925765991211
reaction:1034,AdBrettPhos,2,,0.0,9.094873428344727,17.308401107788086
reaction:1035,AdBrettPhos,1,,52.34346738,35.126522064208984,17.777835845947266
reaction:1036,AdBrettPhos,3,,57.08877056,39.24778747558594,16.475215911865234
reaction:1037,AdBrettPhos,1,,1.117675591,-0.044010162353515625,17.075756072998047
reaction:1038,AdBrettPhos,1,,83.14947865,55.80067443847656,17.977773666381836
reaction:1039,AdBrettPhos,4,,82.84063003,62.53200912475586,17.056575775146484
reaction:1040,AdBrettPhos,3,,80.49152522,48.79920959472656,15.40526294708252
reaction:1041,AdBrettPhos,3,,89.89767813,58.726627349853516,15.719681739807129
reaction:1042,AdBrettPhos,1,,94.29690562,61.73740768432617,17.42243003845215
reaction:1043,AdBrettPhos,0,,2.241763673,13.674114227294922,16.56129264831543
reaction:1044,AdBrettPhos,2,,1.826315609,54.71306610107422,17.108606338500977
reaction:1045,AdBrettPhos,0,,0.747631534,64.41261291503906,16.78260612487793
reaction:1046,AdBrettPhos,4,,9.328786223,19.70684814453125,17.87706184387207
reaction:1047,AdBrettPhos,3,,45.92980056,45.245628356933594,15.260232925415039
reaction:1048,AdBrettPhos,0,,52.24472601,50.00110626220703,16.8126220703125
reaction:1049,AdBrettPhos,1,,0.338169234,15.494653701782227,17.489757537841797
reaction:1050,AdBrettPhos,3,,43.34412585,47.349853515625,15.251011848449707
reaction:1051,AdBrettPhos,2,,53.38444046,55.078758239746094,16.48586654663086
reaction:1052,AdBrettPhos,4,,0.841459123,13.506341934204102,17.828691482543945
reaction:1053,AdBrettPhos,0,,72.1822742,66.97663116455078,16.758079528808594
reaction:1054,AdBrettPhos,1,,83.93941968,82.84275817871094,17.545211791992188
reaction:1055,AdBrettPhos,2,,38.32865111,56.579193115234375,17.162811279296875
reaction:1056,AdBrettPhos,0,,59.55424843,63.142601013183594,16.51137351989746
reaction:1057,AdBrettPhos,0,,77.75555198,75.68500518798828,17.374481201171875
reaction:1058,AdBrettPhos,1,,11.79076705,18.188060760498047,17.93014144897461
reaction:1059,AdBrettPhos,2,,83.93526521,68.72410583496094,17.043638229370117
reaction:1060,AdBrettPhos,4,,90.73131654,63.2939453125,18.06692886352539
reaction:1061,AdBrettPhos,4,,12.78013721,18.52509307861328,17.944931030273438
reaction:1062,AdBrettPhos,1,,49.15372199,42.92144012451172,18.115257263183594
reaction:1063,AdBrettPhos,4,,55.56585889,58.279022216796875,17.48883056640625
reaction:1064,AdBrettPhos,3,,0.3553679289999999,6.725885391235352,15.327009201049805
reaction:1065,AdBrettPhos,0,,50.10834683,49.99714660644531,16.924036026000977
reaction:1066,AdBrettPhos,4,,53.33497035,62.23139190673828,18.325620651245117
reaction:1067,AdBrettPhos,4,,0.968826586,11.422494888305664,17.918838500976562
reaction:1068,AdBrettPhos,1,,80.68492948,72.20983123779297,18.17789649963379
reaction:1069,AdBrettPhos,0,,83.05466982,90.27600860595703,16.810712814331055
reaction:1070,AdBrettPhos,4,,81.37846659,76.20968627929688,17.027389526367188
reaction:1071,AdBrettPhos,1,,89.47412112,86.00079345703125,17.930782318115234
reaction:1072,AdBrettPhos,0,,95.75260589,103.94911193847656,17.26954460144043
reaction:1073,AdBrettPhos,2,,9.967076399,14.001232147216797,16.47456169128418
reaction:1074,AdBrettPhos,0,,86.08980917,66.93048095703125,16.610944747924805
reaction:1075,AdBrettPhos,0,,94.54981251,93.39414978027344,17.046655654907227
reaction:1076,XPhos,0,,11.59050003,5.483541488647461,18.631916046142578
reaction:1077,XPhos,4,,12.36887401,9.634113311767578,19.071500778198242
reaction:1078,XPhos,4,,16.16257939,20.534866333007812,17.644569396972656
reaction:1079,XPhos,1,,1.729864191,-4.500968933105469,18.481056213378906
reaction:1080,XPhos,3,,4.215754471,8.40388298034668,16.674551010131836
reaction:1081,XPhos,1,,4.112217946,11.626253128051758,18.328571319580078
reaction:1082,XPhos,4,,7.911192525,0.8206062316894531,16.74556541442871
reaction:1083,XPhos,4,,13.99630758,29.921142578125,17.462966918945312
reaction:1084,XPhos,2,,18.40781284,28.966381072998047,17.470367431640625
reaction:1085,XPhos,0,,13.98755594,10.48586654663086,16.256507873535156
reaction:1086,XPhos,2,,20.04239857,17.680017471313477,17.12196922302246
reaction:1087,XPhos,3,,19.49452071,19.78538703918457,18.851566314697266
reaction:1088,XPhos,2,,9.474964289,7.618839263916016,18.18793487548828
reaction:1089,XPhos,2,,10.26328927,9.76268196105957,16.607458114624023
reaction:1090,XPhos,1,,14.9442896,27.31639862060547,16.837236404418945
reaction:1091,XPhos,1,,15.11582189,14.982460021972656,19.089479446411133
reaction:1092,XPhos,0,,28.39895545,26.15735626220703,16.57056427001953
reaction:1093,XPhos,4,,34.38141407,34.12754440307617,17.42365837097168
reaction:1094,XPhos,2,,0.377050084,6.14259147644043,17.12129783630371
reaction:1095,XPhos,0,,9.043513945,8.997940063476562,16.47061538696289
reaction:1096,XPhos,4,,13.524053,12.528465270996094,16.60633659362793
reaction:1097,XPhos,0,,3.045865819,5.785917282104492,17.74917984008789
reaction:1098,XPhos,0,,26.51530021,19.326183319091797,18.03215789794922
reaction:1099,XPhos,2,,28.15132537,26.078861236572266,17.535512924194336
reaction:1100,XPhos,2,,22.49487977,24.877758026123047,17.075590133666992
reaction:1101,XPhos,2,,37.83294904,41.8386344909668,17.24756622314453
reaction:1102,XPhos,3,,43.37501152,45.946468353271484,18.66993522644043
reaction:1103,XPhos,1,,10.00638892,8.15188217163086,18.364107131958008
reaction:1104,XPhos,1,,21.4669222,18.16001319885254,16.753273010253906
reaction:1105,XPhos,0,,32.75793304,23.666553497314453,19.536184310913086
reaction:1106,XPhos,0,,11.65330714,12.525949478149414,18.710712432861328
reaction:1107,XPhos,1,,22.58353247,25.527000427246094,19.548818588256836
reaction:1108,XPhos,3,,35.26155109,33.19306182861328,16.993928909301758
reaction:1109,XPhos,0,,0.275668441,3.0432395935058594,18.454957962036133
reaction:1110,XPhos,2,,4.057606054,6.389610290527344,19.35369873046875
reaction:1111,XPhos,1,,8.039691846,13.227544784545898,18.56476593017578
reaction:1112,XPhos,3,,2.547971795,5.309303283691406,17.837491989135742
reaction:1113,XPhos,3,,17.09448081,22.493072509765625,19.480281829833984
reaction:1114,XPhos,0,,30.59514524,34.5097770690918,16.738605499267578
reaction:1115,XPhos,1,,26.31222578,23.042858123779297,19.636037826538086
reaction:1116,XPhos,4,,50.09944792,40.61671829223633,18.25779914855957
reaction:1117,XPhos,1,,55.00354925,49.223636627197266,19.347185134887695
reaction:1118,XPhos,1,,6.968929302,5.686412811279297,18.461694717407227
reaction:1119,XPhos,3,,18.1188647,19.091144561767578,18.67049217224121
reaction:1120,XPhos,4,,29.06844689,28.184001922607422,18.714990615844727
reaction:1121,XPhos,3,,1.25144582,-0.1444854736328125,16.905773162841797
reaction:1122,XPhos,3,,8.110761371,-1.8072700500488281,19.157081604003906
reaction:1123,XPhos,4,,9.109122278,14.36435317993164,17.756956100463867
reaction:1124,XPhos,1,,0.121773863,-6.098789215087891,18.657527923583984
reaction:1125,XPhos,1,,3.267294839,5.044734954833984,17.067960739135742
reaction:1126,XPhos,2,,9.105544009,4.20269775390625,16.242891311645508
reaction:1127,XPhos,4,,0.689951869,-5.4813995361328125,17.515832901000977
reaction:1128,XPhos,1,,8.876631997,17.494327545166016,16.978090286254883
reaction:1129,XPhos,0,,6.083579291,17.32019805908203,16.96503257751465
reaction:1130,XPhos,4,,7.972544215,1.6289558410644531,18.890357971191406
reaction:1131,XPhos,4,,11.17697809,15.800994873046875,18.605831146240234
reaction:1132,XPhos,3,,13.03686492,17.099918365478516,19.256900787353516
reaction:1133,XPhos,1,,3.23775549,7.8091583251953125,18.30743408203125
reaction:1134,XPhos,1,,7.996830791,4.602428436279297,17.089481353759766
reaction:1135,XPhos,1,,9.676524882,15.52806282043457,17.07347297668457
reaction:1136,XPhos,0,,0.0,1.1925544738769531,19.24643898010254
reaction:1137,XPhos,4,,3.342369627,14.26591682434082,19.461219787597656
reaction:1138,XPhos,2,,23.70536277,17.611289978027344,17.07750129699707
reaction:1139,XPhos,1,,0.0,-7.408638000488281,18.69572639465332
reaction:1140,XPhos,4,,0.0,1.0134811401367188,18.89249610900879
reaction:1141,XPhos,3,,1.742923089,5.136529922485352,19.700138092041016
reaction:1142,XPhos,4,,0.0,-7.504665374755859,17.56955909729004
reaction:1143,XPhos,2,,1.132043957,6.464481353759766,15.728655815124512
reaction:1144,XPhos,1,,4.889819476,2.492023468017578,16.79169464111328
reaction:1145,XPhos,3,,4.510171982,11.460472106933594,19.496517181396484
reaction:1146,XPhos,3,,34.38173794,27.911041259765625,19.524364471435547
reaction:1147,XPhos,0,,42.29478749,30.610265731811523,17.698623657226562
reaction:1148,XPhos,4,,0.0,-3.0622596740722656,16.799238204956055
reaction:1149,XPhos,4,,5.948041851,6.443933486938477,16.68246841430664
reaction:1150,XPhos,0,,8.970807297999999,11.209598541259766,19.929046630859375
reaction:1151,XPhos,4,,0.0,1.9060516357421875,19.16411781311035
reaction:1152,XPhos,1,,3.074612079,11.575775146484375,19.481985092163086
reaction:1153,XPhos,4,,14.24693951,22.438213348388672,18.008867263793945
reaction:1154,XPhos,4,,0.0,-5.408596038818359,17.798810958862305
reaction:1155,XPhos,4,,0.0,-4.096958160400391,19.040185928344727
reaction:1156,XPhos,4,,0.878081853,2.8796749114990234,17.055578231811523
reaction:1157,XPhos,4,,0.0,-9.856239318847656,17.585472106933594
reaction:1158,XPhos,0,,0.830867403,3.5152740478515625,18.880897521972656
reaction:1159,XPhos,4,,2.902396599,20.196125030517578,17.90489387512207
reaction:1160,XPhos,1,,6.536001371,10.367321014404297,19.586727142333984
reaction:1161,XPhos,3,,46.544616600000005,29.404802322387695,19.570348739624023
reaction:1162,XPhos,0,,46.08846314,37.700767517089844,17.747034072875977
reaction:1163,XPhos,4,,0.0,-5.819000244140625,16.966197967529297
reaction:1164,XPhos,0,,3.074693717,7.446710586547852,19.500961303710938
reaction:1165,XPhos,0,,5.085670913,15.858814239501953,19.9194278717041
reaction:1166,XPhos,2,,18.46507819,17.320547103881836,18.216306686401367
reaction:1167,XPhos,4,,13.47157217,27.93098258972168,18.50009536743164
reaction:1168,XPhos,4,,37.38354754,38.45698165893555,17.063823699951172
reaction:1169,XPhos,3,,1.208332351,11.037469863891602,18.658531188964844
reaction:1170,XPhos,3,,39.67142934,27.861942291259766,16.08405113220215
reaction:1171,XPhos,2,,41.17834608,26.212217330932617,16.603389739990234
reaction:1172,XPhos,0,,10.30004263,20.381938934326172,18.877866744995117
reaction:1173,XPhos,3,,61.72597738,45.59781265258789,18.83967399597168
reaction:1174,XPhos,0,,62.91956913,59.40027618408203,17.71721076965332
reaction:1175,XPhos,0,,19.78619625,32.322696685791016,17.737581253051758
reaction:1176,XPhos,1,,23.5354934,36.17341613769531,17.724809646606445
reaction:1177,XPhos,0,,21.9180702,37.82251739501953,17.809337615966797
reaction:1178,XPhos,2,,47.96214472,23.834617614746094,17.392229080200195
reaction:1179,XPhos,0,,27.15198165,35.73113250732422,19.59691047668457
reaction:1180,XPhos,2,,76.45126838,43.45001983642578,17.370302200317383
reaction:1181,XPhos,4,,0.0,13.811199188232422,18.375152587890625
reaction:1182,XPhos,1,,30.36311877,23.395578384399414,18.276079177856445
reaction:1183,XPhos,3,,31.86956379,36.86069107055664,16.593978881835938
reaction:1184,XPhos,4,,0.5424974920000001,2.30218505859375,16.89010238647461
reaction:1185,XPhos,4,,14.09805788,18.627784729003906,17.87743377685547
reaction:1186,XPhos,1,,17.10738006,21.646530151367188,17.06734275817871
reaction:1187,XPhos,2,,3.019148584,2.5495777130126953,16.60076332092285
reaction:1188,XPhos,1,,33.44114491,32.45991897583008,15.610213279724121
reaction:1189,XPhos,0,,35.15374563,35.485877990722656,17.650320053100586
reaction:1190,XPhos,1,,24.23900204,22.572839736938477,18.450227737426758
reaction:1191,XPhos,2,,43.49187499,38.770591735839844,16.031980514526367
reaction:1192,XPhos,4,,48.23965662,42.23617172241211,18.738170623779297
reaction:1193,XPhos,1,,14.0670777,15.363216400146484,17.22235870361328
reaction:1194,XPhos,2,,26.30947521,21.88779067993164,15.782922744750977
reaction:1195,XPhos,3,,35.92744664,41.96276092529297,16.757497787475586
reaction:1196,XPhos,2,,12.90070345,18.26378631591797,18.201969146728516
reaction:1197,XPhos,1,,25.0144043,27.745624542236328,18.288354873657227
reaction:1198,XPhos,4,,42.53147932,40.21176528930664,17.154687881469727
reaction:1199,XPhos,2,,0.44794504,8.277847290039062,16.402578353881836
reaction:1200,XPhos,2,,12.94497014,22.88602066040039,18.9566707611084
reaction:1201,XPhos,0,,24.71545556,23.896751403808594,16.999902725219727
reaction:1202,XPhos,3,,2.841459947,8.196243286132812,17.399158477783203
reaction:1203,XPhos,3,,36.58244249,34.74067687988281,19.05099105834961
reaction:1204,XPhos,3,,64.13599101,50.78958511352539,17.307126998901367
reaction:1205,XPhos,0,,32.16531055,30.542381286621094,17.517107009887695
reaction:1206,XPhos,4,,51.64764803,46.07233810424805,17.993539810180664
reaction:1207,XPhos,1,,58.39892185,54.37005615234375,17.809894561767578
reaction:1208,XPhos,2,,13.37572764,18.416603088378906,17.531843185424805
reaction:1209,XPhos,2,,30.61273502,29.700603485107422,15.945237159729004
reaction:1210,XPhos,4,,47.66948987,47.62142562866211,18.1190242767334
reaction:1211,XPhos,1,,9.055172217,1.7104263305664062,19.509937286376953
reaction:1212,XPhos,0,,8.916453721,3.5527095794677734,15.86096477508545
reaction:1213,XPhos,4,,8.674987339,14.279096603393555,18.567232131958008
reaction:1214,XPhos,0,,1.468935867,-8.084716796875,17.761821746826172
reaction:1215,XPhos,3,,2.627491811,6.522115707397461,17.33922004699707
reaction:1216,XPhos,4,,4.471163192,7.107666015625,17.705066680908203
reaction:1217,XPhos,2,,6.90640733,-1.8756675720214844,17.919187545776367
reaction:1218,XPhos,4,,8.653540466,24.707386016845703,18.191625595092773
reaction:1219,XPhos,4,,10.22354965,18.43931770324707,18.176010131835938
reaction:1220,XPhos,4,,7.147436012000001,7.077362060546875,19.48048973083496
reaction:1221,XPhos,1,,9.80291595,3.9081249237060547,19.2534236907959
reaction:1222,XPhos,0,,10.13794025,3.0417118072509766,16.294889450073242
reaction:1223,XPhos,1,,3.031273928,7.7480621337890625,18.683090209960938
reaction:1224,XPhos,3,,4.546819288,5.07807731628418,19.100854873657227
reaction:1225,XPhos,3,,8.546147234,14.100854873657227,18.074806213378906
reaction:1226,XPhos,2,,7.131859569,6.57948112487793,19.162609100341797
reaction:1227,XPhos,0,,17.58389829,15.870378494262695,16.005640029907227
reaction:1228,XPhos,4,,26.35991815,20.209823608398438,18.388181686401367
reaction:1229,XPhos,1,,0.0,-4.559345245361328,19.098426818847656
reaction:1230,XPhos,2,,0.665064231,1.1352043151855469,19.548505783081055
reaction:1231,XPhos,2,,2.871965335,5.721460342407227,17.89279556274414
reaction:1232,XPhos,0,,0.0,-0.9381256103515625,17.560213088989258
reaction:1233,XPhos,1,,4.892554111,9.90499496459961,17.138612747192383
reaction:1234,XPhos,0,,8.121165956,7.038019180297852,15.750009536743164
reaction:1235,XPhos,1,,11.68964545,11.812532424926758,19.827791213989258
reaction:1236,XPhos,1,,24.97534285,21.3635311126709,19.391616821289062
reaction:1237,XPhos,1,,29.2582978,31.152090072631836,19.265439987182617
reaction:1238,XPhos,0,,0.894637207,0.5269279479980469,18.424678802490234
reaction:1239,XPhos,4,,2.546576237,6.963098526000977,17.168603897094727
reaction:1240,XPhos,2,,7.473385241,12.357044219970703,18.28013038635254
reaction:1241,XPhos,3,,9.967512853,6.298559188842773,17.03960609436035
reaction:1242,XPhos,2,,17.78386933,14.581825256347656,16.66769027709961
reaction:1243,XPhos,0,,18.90594075,24.567035675048828,18.19696807861328
reaction:1244,XPhos,4,,0.0,-3.776275634765625,17.930049896240234
reaction:1245,XPhos,2,,2.7859919960000004,-2.4289207458496094,19.47459602355957
reaction:1246,XPhos,2,,3.936030958,3.088808059692383,17.79953956604004
reaction:1247,XPhos,3,,3.462173057,-0.8715019226074219,18.412696838378906
reaction:1248,XPhos,2,,12.57060724,4.801515579223633,17.167980194091797
reaction:1249,XPhos,3,,12.67179243,22.561744689941406,18.19416046142578
reaction:1250,XPhos,2,,14.22488447,11.982919692993164,17.332853317260742
reaction:1251,XPhos,3,,19.78249574,31.751008987426758,19.786853790283203
reaction:1252,XPhos,1,,23.41994655,39.64299774169922,19.47268295288086
reaction:1253,XPhos,3,,6.131625875,-2.9714813232421875,17.150367736816406
reaction:1254,XPhos,1,,9.894361569,8.327373504638672,16.95531463623047
reaction:1255,XPhos,3,,12.53742021,18.147262573242188,18.08591651916504
reaction:1256,t-BuXPhos,1,,9.616112883,-0.032276153564453125,17.95792007446289
reaction:1257,t-BuXPhos,3,,13.66496862,13.257387161254883,19.231801986694336
reaction:1258,t-BuXPhos,4,,11.85429164,15.904775619506836,16.405153274536133
reaction:1259,t-BuXPhos,1,,2.579332416,-12.568424224853516,18.66761016845703
reaction:1260,t-BuXPhos,2,,16.4358293,19.867427825927734,17.781269073486328
reaction:1261,t-BuXPhos,2,,18.29616546,22.576265335083008,18.030988693237305
reaction:1262,t-BuXPhos,1,,2.8893303610000003,-11.437835693359375,18.780115127563477
reaction:1263,t-BuXPhos,3,,19.25650723,30.421592712402344,18.401350021362305
reaction:1264,t-BuXPhos,0,,19.42489921,33.570438385009766,18.807140350341797
reaction:1265,t-BuXPhos,2,,30.38899776,33.22021484375,18.19230842590332
reaction:1266,t-BuXPhos,2,,38.88072897,40.12358856201172,19.497316360473633
reaction:1267,t-BuXPhos,2,,40.27887601,40.164241790771484,16.875408172607422
reaction:1268,t-BuXPhos,4,,11.94269708,11.380748748779297,17.6214599609375
reaction:1269,t-BuXPhos,0,,21.93776353,34.17234802246094,18.179391860961914
reaction:1270,t-BuXPhos,2,,23.04134387,30.620655059814453,18.39400291442871
reaction:1271,t-BuXPhos,0,,10.309392,17.10870361328125,17.938310623168945
reaction:1272,t-BuXPhos,1,,32.25917309,29.224130630493164,18.981765747070312
reaction:1273,t-BuXPhos,1,,36.38251036,34.14543533325195,18.418283462524414
reaction:1274,t-BuXPhos,2,,0.321740184,2.767812728881836,18.763532638549805
reaction:1275,t-BuXPhos,2,,33.60384304,30.6405086517334,17.807659149169922
reaction:1276,t-BuXPhos,4,,42.00742206,37.27745819091797,18.397687911987305
reaction:1277,t-BuXPhos,3,,1.095223411,3.2400741577148438,19.029869079589844
reaction:1278,t-BuXPhos,3,,52.43953497,49.13978958129883,18.35999870300293
reaction:1279,t-BuXPhos,0,,54.90007838,56.90492248535156,18.80992889404297
reaction:1280,t-BuXPhos,3,,54.22895975,50.139225006103516,18.75696563720703
reaction:1281,t-BuXPhos,3,,63.56431346,59.87809753417969,18.394737243652344
reaction:1282,t-BuXPhos,0,,63.2869505,62.707115173339844,19.25787353515625
reaction:1283,t-BuXPhos,4,,12.05436323,16.890954971313477,17.566368103027344
reaction:1284,t-BuXPhos,1,,57.02971842,56.003761291503906,17.29005241394043
reaction:1285,t-BuXPhos,1,,54.65489395,61.03634262084961,16.99032211303711
reaction:1286,t-BuXPhos,2,,23.76547665,22.91012954711914,18.330896377563477
reaction:1287,t-BuXPhos,2,,35.88987774,39.19820785522461,18.70671272277832
reaction:1288,t-BuXPhos,3,,46.36906778,43.67494583129883,19.004560470581055
reaction:1289,t-BuXPhos,0,,0.8572553079999999,9.331050872802734,18.15364646911621
reaction:1290,t-BuXPhos,1,,44.39407022,42.48889923095703,18.597028732299805
reaction:1291,t-BuXPhos,2,,53.10447809,47.20299530029297,17.91612434387207
reaction:1292,t-BuXPhos,4,,5.49871711,11.062816619873047,18.072200775146484
reaction:1293,t-BuXPhos,0,,68.26027768,64.44679260253906,17.55683708190918
reaction:1294,t-BuXPhos,0,,67.19924832,70.148681640625,18.999963760375977
reaction:1295,t-BuXPhos,4,,73.07610721,73.43464660644531,18.451751708984375
reaction:1296,t-BuXPhos,1,,81.15618498,81.41962432861328,18.753833770751953
reaction:1297,t-BuXPhos,4,,79.52732954,85.77478790283203,17.54608154296875
reaction:1298,t-BuXPhos,4,,39.62688642,30.658039093017578,17.62362289428711
reaction:1299,t-BuXPhos,0,,82.02772208,76.00518035888672,18.13321304321289
reaction:1300,t-BuXPhos,2,,86.76211847,76.91946411132812,18.2908935546875
reaction:1301,t-BuXPhos,4,,10.05139356,-3.131793975830078,17.616512298583984
reaction:1302,t-BuXPhos,3,,12.33593597,7.209209442138672,17.09547996520996
reaction:1303,t-BuXPhos,2,,10.49048013,14.283256530761719,17.32835578918457
reaction:1304,t-BuXPhos,3,,0.970983294,-15.746959686279297,15.743783950805664
reaction:1305,t-BuXPhos,3,,13.33701887,10.401054382324219,16.910219192504883
reaction:1306,t-BuXPhos,3,,17.14482537,13.897293090820312,16.93027114868164
reaction:1307,t-BuXPhos,4,,4.522238884,-6.522998809814453,17.178565979003906
reaction:1308,t-BuXPhos,2,,14.62829911,19.005390167236328,16.773386001586914
reaction:1309,t-BuXPhos,3,,13.95628888,30.85898208618164,15.216364860534668
reaction:1310,t-BuXPhos,1,,19.47556274,16.018709182739258,16.836854934692383
reaction:1311,t-BuXPhos,2,,21.66443641,33.018001556396484,18.688261032104492
reaction:1312,t-BuXPhos,3,,18.99441923,37.77894592285156,16.158035278320312
reaction:1313,t-BuXPhos,4,,12.14875689,0.198333740234375,16.990158081054688
reaction:1314,t-BuXPhos,0,,14.44407911,20.347557067871094,16.600351333618164
reaction:1315,t-BuXPhos,3,,11.72782605,26.222314834594727,16.846113204956055
reaction:1316,t-BuXPhos,1,,0.330501293,-3.2540512084960938,16.766197204589844
reaction:1317,t-BuXPhos,2,,5.800095284,7.669286727905273,18.473302841186523
reaction:1318,t-BuXPhos,2,,9.518190042,15.573543548583984,17.54486846923828
reaction:1319,t-BuXPhos,3,,0.0,-21.60382080078125,15.400359153747559
reaction:1320,t-BuXPhos,3,,6.77799041,7.4765167236328125,16.839494705200195
reaction:1321,t-BuXPhos,0,,14.9053934,15.419790267944336,17.95386505126953
reaction:1322,t-BuXPhos,2,,0.0,-12.337020874023438,17.35530662536621
reaction:1323,t-BuXPhos,1,,12.68915479,20.34880256652832,17.218299865722656
reaction:1324,t-BuXPhos,2,,30.40581968,36.072731018066406,18.62481117248535
reaction:1325,t-BuXPhos,4,,8.246523526,19.869007110595703,17.063682556152344
reaction:1326,t-BuXPhos,2,,36.7072802,39.4709358215332,18.798189163208008
reaction:1327,t-BuXPhos,2,,54.29333472,40.21807861328125,16.75117301940918
reaction:1328,t-BuXPhos,4,,0.0,-7.479755401611328,16.922935485839844
reaction:1329,t-BuXPhos,2,,19.13564251,32.025718688964844,17.729310989379883
reaction:1330,t-BuXPhos,3,,13.7385945,33.98817825317383,16.520931243896484
reaction:1331,t-BuXPhos,0,,0.419612341,10.480846405029297,17.82921028137207
reaction:1332,t-BuXPhos,3,,11.85943612,13.518972396850586,16.839746475219727
reaction:1333,t-BuXPhos,3,,33.82793233,18.401317596435547,17.480531692504883
reaction:1334,t-BuXPhos,3,,0.0,-20.673946380615234,15.521655082702637
reaction:1335,t-BuXPhos,0,,13.87014343,22.368881225585938,17.971426010131836
reaction:1336,t-BuXPhos,3,,33.28584241,22.606475830078125,16.983287811279297
reaction:1337,t-BuXPhos,0,,0.0,-0.17972946166992188,18.220712661743164
reaction:1338,t-BuXPhos,0,,24.59821074,39.5319709777832,16.740936279296875
reaction:1339,t-BuXPhos,1,,66.86881109,43.64765167236328,17.69184684753418
reaction:1340,t-BuXPhos,1,,14.03184959,45.29670333862305,16.99521255493164
reaction:1341,t-BuXPhos,1,,60.85990802,53.99296569824219,17.614809036254883
reaction:1342,t-BuXPhos,3,,80.53864746,62.767494201660156,16.093753814697266
reaction:1343,t-BuXPhos,3,,0.0,9.091472625732422,16.37232208251953
reaction:1344,t-BuXPhos,2,,46.74806516,52.26190948486328,17.612215042114258
reaction:1345,t-BuXPhos,0,,45.53588257,47.43933868408203,17.327436447143555
reaction:1346,t-BuXPhos,0,,21.18588073,36.49599838256836,18.045642852783203
reaction:1347,t-BuXPhos,4,,23.00642082,43.347511291503906,18.628694534301758
reaction:1348,t-BuXPhos,3,,39.51659226,41.86174774169922,18.19512176513672
reaction:1349,t-BuXPhos,4,,2.048615833,18.267196655273438,19.118886947631836
reaction:1350,t-BuXPhos,2,,44.92520247,46.349098205566406,15.118977546691895
reaction:1351,t-BuXPhos,1,,47.05254638,48.79741287231445,15.001301765441895
reaction:1352,t-BuXPhos,1,,13.82100293,17.354846954345703,17.423826217651367
reaction:1353,t-BuXPhos,1,,72.6088082,62.900875091552734,16.73836326599121
reaction:1354,t-BuXPhos,3,,69.38989345,58.51567840576172,16.81670570373535
reaction:1355,t-BuXPhos,4,,62.426823,63.142723083496094,19.04779052734375
reaction:1356,t-BuXPhos,2,,76.21686958,63.869293212890625,16.82759666442871
reaction:1357,t-BuXPhos,1,,70.35430221,65.5790786743164,17.80917739868164
reaction:1358,t-BuXPhos,2,,59.99235473,41.23854064941406,15.339385986328125
reaction:1359,t-BuXPhos,3,,75.38356191,56.08228302001953,15.98968505859375
reaction:1360,t-BuXPhos,2,,78.29631742,58.57313537597656,15.479155540466309
reaction:1361,t-BuXPhos,0,,26.29043032,22.888832092285156,18.154897689819336
reaction:1362,t-BuXPhos,1,,34.77458228,29.310142517089844,17.326494216918945
reaction:1363,t-BuXPhos,1,,37.39782282,38.974098205566406,16.710168838500977
reaction:1364,t-BuXPhos,4,,0.96264489,5.161924362182617,19.278535842895508
reaction:1365,t-BuXPhos,2,,39.32908802,38.8443603515625,15.24397087097168
reaction:1366,t-BuXPhos,4,,40.32887688,42.41950225830078,19.326494216918945
reaction:1367,t-BuXPhos,0,,4.451923676,4.90778923034668,18.7025146484375
reaction:1368,t-BuXPhos,4,,61.04819615,59.69340133666992,18.0482120513916
reaction:1369,t-BuXPhos,2,,59.7575144,67.37461853027344,16.45809555053711
reaction:1370,t-BuXPhos,4,,57.84627264,59.466224670410156,19.002798080444336
reaction:1371,t-BuXPhos,1,,65.93366748,70.51303100585938,17.095962524414062
reaction:1372,t-BuXPhos,3,,63.71103229,69.54994201660156,17.234743118286133
reaction:1373,t-BuXPhos,3,,38.01577432,29.881853103637695,17.73552894592285
reaction:1374,t-BuXPhos,1,,66.05788910000001,66.78338623046875,15.84264850616455
reaction:1375,t-BuXPhos,2,,62.40731324,66.38812255859375,15.289569854736328
reaction:1376,t-BuXPhos,2,,28.72536954,25.32672691345215,16.068286895751953
reaction:1377,t-BuXPhos,2,,34.91231211,37.31729507446289,16.460960388183594
reaction:1378,t-BuXPhos,0,,45.90687609,46.621543884277344,18.289350509643555
reaction:1379,t-BuXPhos,1,,1.413781414,3.4548892974853516,17.112674713134766
reaction:1380,t-BuXPhos,3,,50.43757677,45.61756896972656,18.000808715820312
reaction:1381,t-BuXPhos,2,,52.0133379,48.02593231201172,15.283329010009766
reaction:1382,t-BuXPhos,2,,5.620589612000001,9.35074234008789,14.440333366394043
reaction:1383,t-BuXPhos,1,,73.06292012,69.67127990722656,16.66838264465332
reaction:1384,t-BuXPhos,3,,75.59377488,71.24586486816406,16.9177303314209
reaction:1385,t-BuXPhos,3,,76.3025428,78.56627655029297,17.310754776000977
reaction:1386,t-BuXPhos,2,,80.02551627,82.80793762207031,16.78544044494629
reaction:1387,t-BuXPhos,3,,83.65366275,87.27677917480469,17.443389892578125
reaction:1388,t-BuXPhos,3,,45.11238212,40.962947845458984,17.955991744995117
reaction:1389,t-BuXPhos,4,,78.61845192,82.57823181152344,18.583585739135742
reaction:1390,t-BuXPhos,2,,84.40416295,82.26412963867188,15.454587936401367
reaction:1391,t-BuXPhos,4,,8.912186757,-4.279716491699219,19.127647399902344
reaction:1392,t-BuXPhos,0,,10.72342611,7.702053070068359,17.059907913208008
reaction:1393,t-BuXPhos,1,,11.81277895,11.108955383300781,18.223745346069336
reaction:1394,t-BuXPhos,0,,1.84960131,-16.798057556152344,17.290767669677734
reaction:1395,t-BuXPhos,3,,9.065649451,10.033761978149414,18.962331771850586
reaction:1396,t-BuXPhos,0,,13.83920399,16.117185592651367,17.417634963989258
reaction:1397,t-BuXPhos,3,,4.278834497,-5.4026947021484375,18.721437454223633
reaction:1398,t-BuXPhos,2,,16.48404533,30.318763732910156,17.3837890625
reaction:1399,t-BuXPhos,0,,17.45236147,25.57811164855957,17.41025161743164
reaction:1400,t-BuXPhos,2,,18.18990312,24.55670928955078,18.081951141357422
reaction:1401,t-BuXPhos,4,,23.65087488,33.51274490356445,18.984634399414062
reaction:1402,t-BuXPhos,3,,26.69194458,36.25495529174805,17.840612411499023
reaction:1403,t-BuXPhos,1,,8.194090633,5.420557022094727,18.240480422973633
reaction:1404,t-BuXPhos,1,,14.81646107,25.449588775634766,16.568025588989258
reaction:1405,t-BuXPhos,2,,16.67869351,28.347078323364258,18.222627639770508
reaction:1406,t-BuXPhos,2,,4.385154303,11.369316101074219,18.586854934692383
reaction:1407,t-BuXPhos,0,,27.07281953,26.14035987854004,17.018484115600586
reaction:1408,t-BuXPhos,1,,30.11809644,28.16341781616211,18.23981475830078
reaction:1409,t-BuXPhos,4,,0.0,0.4088554382324219,19.2216796875
reaction:1410,t-BuXPhos,4,,25.94022732,20.600143432617188,17.071781158447266
reaction:1411,t-BuXPhos,2,,35.19969401,29.967790603637695,17.869688034057617
reaction:1412,t-BuXPhos,0,,0.478819391,4.689855575561523,18.143259048461914
reaction:1413,t-BuXPhos,1,,47.92550874,39.57499694824219,17.727977752685547
reaction:1414,t-BuXPhos,0,,50.62222146,50.15531921386719,17.453628540039062
reaction:1415,t-BuXPhos,0,,38.10999093,42.40177917480469,18.09859848022461
reaction:1416,t-BuXPhos,4,,54.30595244,55.14171600341797,19.015277862548828
reaction:1417,t-BuXPhos,4,,57.95225277,54.42412185668945,18.446659088134766
reaction:1418,t-BuXPhos,0,,3.496970929,12.410436630249023,15.209564208984375
reaction:1419,t-BuXPhos,2,,46.50216111,49.34203338623047,17.678945541381836
reaction:1420,t-BuXPhos,1,,49.89638876,52.055931091308594,16.637393951416016
reaction:1421,t-BuXPhos,0,,14.03295033,23.2415771484375,17.17169952392578
reaction:1422,t-BuXPhos,0,,33.32323005,34.63483428955078,17.355161666870117
reaction:1423,t-BuXPhos,1,,44.03901684,41.245323181152344,18.231300354003906
reaction:1424,t-BuXPhos,1,,4.510108394,8.619386672973633,18.249326705932617
reaction:1425,t-BuXPhos,0,,31.15457228,38.023685455322266,17.726425170898438
reaction:1426,t-BuXPhos,0,,42.55967392,44.95099639892578,17.584716796875
reaction:1427,t-BuXPhos,0,,16.12823791,12.668600082397461,18.071346282958984
reaction:1428,t-BuXPhos,0,,58.864107,61.16411590576172,16.593841552734375
reaction:1429,t-BuXPhos,3,,61.87528527,62.331268310546875,17.354806900024414
reaction:1430,t-BuXPhos,1,,63.35366236,67.22947692871094,17.657617568969727
reaction:1431,t-BuXPhos,3,,81.85780625,72.72114562988281,17.838794708251953
reaction:1432,t-BuXPhos,0,,86.21496371,80.15850830078125,18.195974349975586
reaction:1433,t-BuXPhos,1,,26.57993699,25.138124465942383,18.30636215209961
reaction:1434,t-BuXPhos,3,,73.72948461,67.55062866210938,16.780113220214844
reaction:1435,t-BuXPhos,4,,77.85078652,71.48703002929688,18.781482696533203
reaction:1436,t-BuBrettPhos,2,,3.167837071,-15.77756118774414,16.819795608520508
reaction:1437,t-BuBrettPhos,0,,1.983204496,2.5712032318115234,17.014936447143555
reaction:1438,t-BuBrettPhos,2,,2.106143629,6.280858993530273,17.1569881439209
reaction:1439,t-BuBrettPhos,4,,0.295056228,-14.348770141601562,16.104984283447266
reaction:1440,t-BuBrettPhos,4,,9.853260903,10.969646453857422,16.083415985107422
reaction:1441,t-BuBrettPhos,4,,9.685019183,15.269168853759766,16.363798141479492
reaction:1442,t-BuBrettPhos,2,,2.658633939,-14.263679504394531,17.087583541870117
reaction:1443,t-BuBrettPhos,1,,14.46737016,29.14531898498535,17.06260108947754
reaction:1444,t-BuBrettPhos,4,,17.15607423,34.15816116333008,15.573844909667969
reaction:1445,t-BuBrettPhos,1,,28.40072634,36.957279205322266,16.712444305419922
reaction:1446,t-BuBrettPhos,4,,32.01759643,43.140506744384766,16.017765045166016
reaction:1447,t-BuBrettPhos,1,,39.75657581,43.92969512939453,17.688159942626953
reaction:1448,t-BuBrettPhos,2,,1.859601121,-9.82394027709961,17.354778289794922
reaction:1449,t-BuBrettPhos,0,,3.947187556,19.027841567993164,17.98666763305664
reaction:1450,t-BuBrettPhos,3,,5.007207988,25.812211990356445,16.87286949157715
reaction:1451,t-BuBrettPhos,1,,2.874679313,14.072790145874023,16.428104400634766
reaction:1452,t-BuBrettPhos,2,,28.48464058,27.651145935058594,17.301551818847656
reaction:1453,t-BuBrettPhos,1,,35.59381518,33.52851867675781,17.008699417114258
reaction:1454,t-BuBrettPhos,2,,0.0,6.54423713684082,16.47895050048828
reaction:1455,t-BuBrettPhos,1,,19.70724871,24.4864501953125,17.235210418701172
reaction:1456,t-BuBrettPhos,2,,37.2145199,38.12583923339844,17.212383270263672
reaction:1457,t-BuBrettPhos,1,,5.4796607260000005,7.194648742675781,16.592809677124023
reaction:1458,t-BuBrettPhos,1,,38.82629912,45.16187286376953,17.303604125976562
reaction:1459,t-BuBrettPhos,3,,64.96884309,52.19670867919922,17.19953727722168
reaction:1460,t-BuBrettPhos,1,,42.31281665,47.0080680847168,16.84151268005371
reaction:1461,t-BuBrettPhos,3,,57.9744807,50.856910705566406,16.50669288635254
reaction:1462,t-BuBrettPhos,0,,65.15148191,62.719459533691406,17.07331657409668
reaction:1463,t-BuBrettPhos,2,,3.551606076,11.378955841064453,17.597412109375
reaction:1464,t-BuBrettPhos,2,,53.91867484,51.97450256347656,16.71613883972168
reaction:1465,t-BuBrettPhos,3,,62.34681732,58.67518997192383,17.072959899902344
reaction:1466,t-BuBrettPhos,1,,4.68080841,20.848007202148438,16.3553524017334
reaction:1467,t-BuBrettPhos,3,,29.59583126,37.262901306152344,17.04467010498047
reaction:1468,t-BuBrettPhos,0,,43.56818344,42.40177917480469,17.370716094970703
reaction:1469,t-BuBrettPhos,1,,0.0,9.85920524597168,16.951053619384766
reaction:1470,t-BuBrettPhos,3,,35.46998729,37.70988082885742,16.88408088684082
reaction:1471,t-BuBrettPhos,4,,49.74093184,43.04087829589844,16.26567840576172
reaction:1472,t-BuBrettPhos,3,,5.688672061,13.509222030639648,16.53201675415039
reaction:1473,t-BuBrettPhos,2,,64.99704829,58.19005584716797,16.936538696289062
reaction:1474,t-BuBrettPhos,3,,75.71719698,68.78974151611328,17.214590072631836
reaction:1475,t-BuBrettPhos,0,,77.92695821,69.1087875366211,17.563852310180664
reaction:1476,t-BuBrettPhos,2,,88.82757824,78.23060607910156,17.261268615722656
reaction:1477,t-BuBrettPhos,1,,84.31065923,87.90834045410156,17.784324645996094
reaction:1478,t-BuBrettPhos,2,,8.955957809,17.535198211669922,17.578359603881836
reaction:1479,t-BuBrettPhos,4,,80.64990682,65.38284301757812,15.284831047058105
reaction:1480,t-BuBrettPhos,4,,92.20931063,73.91254425048828,16.37836456298828
reaction:1481,t-BuBrettPhos,0,,2.887815395,-7.404731750488281,17.37607765197754
reaction:1482,t-BuBrettPhos,3,,11.65626027,-3.2713165283203125,17.122573852539062
reaction:1483,t-BuBrettPhos,4,,12.51034862,6.858280181884766,15.902386665344238
reaction:1484,t-BuBrettPhos,0,,0.1532427999999999,-13.199447631835938,17.581838607788086
reaction:1485,t-BuBrettPhos,4,,10.4212352,6.099742889404297,15.904997825622559
reaction:1486,t-BuBrettPhos,4,,15.44371593,11.48958969116211,15.9009370803833
reaction:1487,t-BuBrettPhos,2,,1.034854608,-3.1221885681152344,15.848156929016113
reaction:1488,t-BuBrettPhos,0,,15.70792465,16.3991756439209,16.774770736694336
reaction:1489,t-BuBrettPhos,1,,11.23128528,38.52531814575195,16.351490020751953
reaction:1490,t-BuBrettPhos,3,,13.20129952,16.214006423950195,16.312946319580078
reaction:1491,t-BuBrettPhos,0,,14.46827704,29.814250946044922,17.3636474609375
reaction:1492,t-BuBrettPhos,1,,13.88482007,47.4636344909668,16.873291015625
reaction:1493,t-BuBrettPhos,4,,6.968372781,-5.315376281738281,16.069515228271484
reaction:1494,t-BuBrettPhos,3,,15.40870509,6.516901016235352,16.77214813232422
reaction:1495,t-BuBrettPhos,1,,14.85665703,6.900796890258789,16.33625030517578
reaction:1496,t-BuBrettPhos,4,,0.0,-5.835475921630859,16.034427642822266
reaction:1497,t-BuBrettPhos,4,,4.220973073,10.263948440551758,15.187304496765137
reaction:1498,t-BuBrettPhos,1,,11.98186799,18.39883041381836,16.421916961669922
reaction:1499,t-BuBrettPhos,0,,0.0,-16.689815521240234,17.45497703552246
reaction:1500,t-BuBrettPhos,0,,3.378377543,0.8246231079101562,17.065099716186523
reaction:1501,t-BuBrettPhos,4,,15.30703648,15.717294692993164,15.734868049621582
reaction:1502,t-BuBrettPhos,1,,3.549284452,-6.490150451660156,16.477039337158203
reaction:1503,t-BuBrettPhos,1,,7.705318498,18.341384887695312,16.77243423461914
reaction:1504,t-BuBrettPhos,1,,41.94054392,45.90792465209961,16.51114845275879
reaction:1505,t-BuBrettPhos,4,,9.609943508,17.08258819580078,16.34140968322754
reaction:1506,t-BuBrettPhos,2,,15.35251148,25.820865631103516,16.08257484436035
reaction:1507,t-BuBrettPhos,1,,43.16671419,48.725181579589844,17.160491943359375
reaction:1508,t-BuBrettPhos,0,,0.0,-5.43597412109375,17.02691078186035
reaction:1509,t-BuBrettPhos,3,,11.61765415,26.531742095947266,16.741371154785156
reaction:1510,t-BuBrettPhos,1,,12.24697181,26.73923683166504,16.444896697998047
reaction:1511,t-BuBrettPhos,0,,0.413827697,-1.7083206176757812,17.278608322143555
reaction:1512,t-BuBrettPhos,0,,9.508022367,14.27322769165039,17.077537536621094
reaction:1513,t-BuBrettPhos,0,,32.14841463,21.82663345336914,17.066913604736328
reaction:1514,t-BuBrettPhos,0,,0.0,-17.54706573486328,17.599763870239258
reaction:1515,t-BuBrettPhos,1,,7.275251821,15.58576774597168,16.048311233520508
reaction:1516,t-BuBrettPhos,4,,35.33585167,21.606821060180664,15.91965389251709
reaction:1517,t-BuBrettPhos,4,,3.20619178,-4.583587646484375,15.764877319335938
reaction:1518,t-BuBrettPhos,1,,16.32124134,34.6161003112793,16.484996795654297
reaction:1519,t-BuBrettPhos,2,,73.16269955,44.89362335205078,16.0467472076416
reaction:1520,t-BuBrettPhos,4,,21.81045338,40.062477111816406,16.44983673095703
reaction:1521,t-BuBrettPhos,4,,48.23235239,44.25865936279297,15.739031791687012
reaction:1522,t-BuBrettPhos,3,,78.78970759,59.48771286010742,15.784286499023438
reaction:1523,t-BuBrettPhos,4,,0.0,0.12604904174804688,16.026731491088867
reaction:1524,t-BuBrettPhos,3,,12.90161423,44.845951080322266,16.74753761291504
reaction:1525,t-BuBrettPhos,3,,26.6793303,48.708045959472656,16.506786346435547
reaction:1526,t-BuBrettPhos,2,,8.171441333999999,18.579269409179688,16.182680130004883
reaction:1527,t-BuBrettPhos,3,,19.65092582,29.58957290649414,16.819852828979492
reaction:1528,t-BuBrettPhos,4,,39.13544884,36.30868911743164,17.43350601196289
reaction:1529,t-BuBrettPhos,4,,0.0,9.778940200805664,17.268991470336914
reaction:1530,t-BuBrettPhos,4,,47.81434881,46.593109130859375,17.517658233642578
reaction:1531,t-BuBrettPhos,2,,48.36396181,41.89147186279297,17.00347328186035
reaction:1532,t-BuBrettPhos,3,,1.372286353,18.22711944580078,16.283329010009766
reaction:1533,t-BuBrettPhos,1,,67.28395541,63.41673278808594,15.079360008239746
reaction:1534,t-BuBrettPhos,0,,74.23518284,59.878028869628906,17.132524490356445
reaction:1535,t-BuBrettPhos,4,,73.53944548,64.64578247070312,17.53826141357422
reaction:1536,t-BuBrettPhos,2,,79.65524299,69.35031127929688,16.594680786132812
reaction:1537,t-BuBrettPhos,0,,84.58893866,67.67710876464844,16.90116310119629
reaction:1538,t-BuBrettPhos,1,,8.990373152,23.423471450805664,15.31745433807373
reaction:1539,t-BuBrettPhos,0,,48.47717448,47.91181564331055,17.701522827148438
reaction:1540,t-BuBrettPhos,1,,70.14574928,48.747196197509766,15.936068534851074
reaction:1541,t-BuBrettPhos,4,,16.06858475,10.027132034301758,17.54125213623047
reaction:1542,t-BuBrettPhos,3,,33.41994964,32.1215934753418,16.79094696044922
reaction:1543,t-BuBrettPhos,4,,36.38014621,40.11139678955078,17.43514060974121
reaction:1544,t-BuBrettPhos,2,,0.35921569,2.805471420288086,16.121747970581055
reaction:1545,t-BuBrettPhos,2,,38.49679424,33.37135314941406,16.08108901977539
reaction:1546,t-BuBrettPhos,1,,40.47969677,42.72683334350586,15.184287071228027
reaction:1547,t-BuBrettPhos,2,,5.094725505,4.057390213012695,16.83635711669922
reaction:1548,t-BuBrettPhos,2,,59.16896654,52.18819046020508,16.612228393554688
reaction:1549,t-BuBrettPhos,4,,65.19833527,69.66270446777344,16.465417861938477
reaction:1550,t-BuBrettPhos,3,,57.83107149,53.364418029785156,16.186132431030273
reaction:1551,t-BuBrettPhos,1,,62.53871196,64.62777709960938,14.648062705993652
reaction:1552,t-BuBrettPhos,1,,65.59087383,76.57728576660156,15.913777351379395
reaction:1553,t-BuBrettPhos,1,,21.23653704,16.846485137939453,15.292089462280273
reaction:1554,t-BuBrettPhos,0,,61.27839379,62.77119827270508,17.575849533081055
reaction:1555,t-BuBrettPhos,2,,63.81281277,70.57842254638672,16.47159194946289
reaction:1556,t-BuBrettPhos,3,,14.2414228,16.993438720703125,15.98845100402832
reaction:1557,t-BuBrettPhos,1,,33.56777138,37.41248321533203,15.30233097076416
reaction:1558,t-BuBrettPhos,0,,45.52244321,48.22909164428711,17.201305389404297
reaction:1559,t-BuBrettPhos,0,,0.49264217,2.171346664428711,17.0004825592041
reaction:1560,t-BuBrettPhos,2,,52.14134094,43.447105407714844,16.044998168945312
reaction:1561,t-BuBrettPhos,2,,49.57379186,48.60551071166992,16.68413734436035
reaction:1562,t-BuBrettPhos,3,,7.18319285,11.553241729736328,16.268863677978516
reaction:1563,t-BuBrettPhos,2,,75.03674068,69.67952728271484,16.740375518798828
reaction:1564,t-BuBrettPhos,1,,79.76639273,82.31013488769531,15.327888488769531
reaction:1565,t-BuBrettPhos,1,,79.07949659,81.57136535644531,14.971761703491211
reaction:1566,t-BuBrettPhos,0,,86.78620377,88.3631820678711,17.231964111328125
reaction:1567,t-BuBrettPhos,1,,89.32312927,96.34809875488281,15.841769218444824
reaction:1568,t-BuBrettPhos,2,,20.99661905,19.462644577026367,16.969364166259766
reaction:1569,t-BuBrettPhos,4,,86.07412603,76.05744934082031,16.588430404663086
reaction:1570,t-BuBrettPhos,1,,93.58777419,84.71562194824219,15.82638168334961
reaction:1571,t-BuBrettPhos,4,,6.945630992999999,-9.874870300292969,17.606489181518555
reaction:1572,t-BuBrettPhos,4,,8.368171473,-1.9420738220214844,16.99905776977539
reaction:1573,t-BuBrettPhos,0,,10.75855339,16.16044044494629,17.350343704223633
reaction:1574,t-BuBrettPhos,3,,0.5287626999999999,-10.794776916503906,17.609966278076172
reaction:1575,t-BuBrettPhos,3,,9.492103343,7.698831558227539,17.876096725463867
reaction:1576,t-BuBrettPhos,2,,12.42396719,17.773849487304688,16.838062286376953
reaction:1577,t-BuBrettPhos,2,,3.257714985,-9.085906982421875,16.60856819152832
reaction:1578,t-BuBrettPhos,2,,15.67304028,22.75324249267578,16.640850067138672
reaction:1579,t-BuBrettPhos,0,,16.97838607,35.2547492980957,17.183870315551758
reaction:1580,t-BuBrettPhos,4,,16.31613355,17.289657592773438,17.374610900878906
reaction:1581,t-BuBrettPhos,1,,19.93006899,28.213985443115234,15.278844833374023
reaction:1582,t-BuBrettPhos,3,,24.6686189,43.98042678833008,16.13702392578125
reaction:1583,t-BuBrettPhos,1,,7.371601311,-4.8235931396484375,15.57276439666748
reaction:1584,t-BuBrettPhos,0,,10.88559026,10.182249069213867,17.705839157104492
reaction:1585,t-BuBrettPhos,2,,13.183779800000002,22.628868103027344,16.307065963745117
reaction:1586,t-BuBrettPhos,4,,0.8718207459999999,-3.5997695922851562,17.656076431274414
reaction:1587,t-BuBrettPhos,1,,10.20185762,16.720874786376953,15.135786056518555
reaction:1588,t-BuBrettPhos,2,,28.77460219,23.281757354736328,16.430747985839844
reaction:1589,t-BuBrettPhos,0,,0.0,-3.3118896484375,17.2332706451416
reaction:1590,t-BuBrettPhos,4,,4.728362295,8.668701171875,17.353328704833984
reaction:1591,t-BuBrettPhos,1,,35.24488191,22.460800170898438,14.384268760681152
reaction:1592,t-BuBrettPhos,2,,4.103392125,-8.647285461425781,16.550792694091797
reaction:1593,t-BuBrettPhos,0,,10.36729294,21.727806091308594,17.196002960205078
reaction:1594,t-BuBrettPhos,1,,56.21933491,44.69242477416992,15.242827415466309
reaction:1595,t-BuBrettPhos,2,,13.57914578,22.381877899169922,16.8397216796875
reaction:1596,t-BuBrettPhos,4,,24.95867786,28.827198028564453,17.277036666870117
reaction:1597,t-BuBrettPhos,2,,49.7806525,46.74165725708008,16.37268829345703
reaction:1598,t-BuBrettPhos,4,,0.0,6.379640579223633,17.59249496459961
reaction:1599,t-BuBrettPhos,0,,26.20309393,32.55437088012695,17.66164207458496
reaction:1600,t-BuBrettPhos,3,,40.57039192,40.128055572509766,17.096132278442383
reaction:1601,t-BuBrettPhos,0,,7.387205125,12.695840835571289,17.23165512084961
reaction:1602,t-BuBrettPhos,1,,22.3492694,26.719707489013672,15.398957252502441
reaction:1603,t-BuBrettPhos,1,,47.05511825,35.6741828918457,15.305516242980957
reaction:1604,t-BuBrettPhos,4,,0.987020024,1.6363773345947266,17.194299697875977
reaction:1605,t-BuBrettPhos,3,,17.55880282,24.165056228637695,17.72370719909668
reaction:1606,t-BuBrettPhos,3,,43.58283319,37.565765380859375,16.709196090698242
reaction:1607,t-BuBrettPhos,2,,12.47762059,1.4731407165527344,16.476327896118164
reaction:1608,t-BuBrettPhos,2,,32.02304313,44.43824768066406,16.58533477783203
reaction:1609,t-BuBrettPhos,2,,72.70979963,61.26988983154297,16.668922424316406
reaction:1610,t-BuBrettPhos,2,,36.05565123,53.50986099243164,16.73356056213379
reaction:1611,t-BuBrettPhos,1,,46.16924796,59.788368225097656,15.574911117553711
reaction:1612,t-BuBrettPhos,1,,87.75322874,69.2381362915039,16.08260154724121
reaction:1613,t-BuBrettPhos,1,,24.93118771,7.720142364501953,15.689835548400879
reaction:1614,t-BuBrettPhos,1,,45.52509107,55.28636932373047,15.403938293457031
reaction:1615,t-BuBrettPhos,0,,70.18702806,65.7877197265625,17.060895919799805
reaction:1616,AdBrettPhos,0,,1.918248424,-17.691917419433594,17.481433868408203
reaction:1617,AdBrettPhos,1,,2.933858815,-5.75482177734375,17.653099060058594
reaction:1618,AdBrettPhos,3,,3.446957245,9.700185775756836,17.27008628845215
reaction:1619,AdBrettPhos,0,,0.0,-20.454307556152344,17.350444793701172
reaction:1620,AdBrettPhos,3,,7.829216765,11.186864852905273,16.96493911743164
reaction:1621,AdBrettPhos,1,,11.24955158,16.924182891845703,16.839094161987305
reaction:1622,AdBrettPhos,0,,0.628858286,-16.968673706054688,18.34510612487793
reaction:1623,AdBrettPhos,3,,12.30029297,28.882848739624023,16.374481201171875
reaction:1624,AdBrettPhos,0,,17.30024922,29.06951332092285,17.729379653930664
reaction:1625,AdBrettPhos,2,,17.08713871,28.608671188354492,17.451501846313477
reaction:1626,AdBrettPhos,4,,21.75875381,30.496479034423828,17.151927947998047
reaction:1627,AdBrettPhos,0,,27.05720868,33.33356857299805,18.168800354003906
reaction:1628,AdBrettPhos,1,,2.029011587,-9.512012481689453,17.71225929260254
reaction:1629,AdBrettPhos,2,,3.679918653,22.074459075927734,17.41927719116211
reaction:1630,AdBrettPhos,3,,5.39705828,29.00605583190918,16.755189895629883
reaction:1631,AdBrettPhos,4,,3.399446884,7.205270767211914,17.0682373046875
reaction:1632,AdBrettPhos,4,,24.03126631,22.467453002929688,17.131616592407227
reaction:1633,AdBrettPhos,1,,37.04718214,29.062829971313477,17.42369842529297
reaction:1634,AdBrettPhos,3,,0.0,1.7134857177734375,16.80562400817871
reaction:1635,AdBrettPhos,4,,20.36820588,21.148406982421875,16.479881286621094
reaction:1636,AdBrettPhos,4,,37.1376218,32.564369201660156,17.550884246826172
reaction:1637,AdBrettPhos,4,,0.375286042,2.1342926025390625,16.48674201965332
reaction:1638,AdBrettPhos,2,,34.22216946,34.41900634765625,16.806665420532227
reaction:1639,AdBrettPhos,4,,60.33199916,50.77191162109375,16.316635131835938
reaction:1640,AdBrettPhos,3,,28.41978949,24.3464412689209,17.192678451538086
reaction:1641,AdBrettPhos,2,,37.45572206,32.37369918823242,17.574541091918945
reaction:1642,AdBrettPhos,1,,46.33728613,45.17945861816406,17.28944969177246
reaction:1643,AdBrettPhos,0,,3.063860217,12.812000274658203,17.468994140625
reaction:1644,AdBrettPhos,4,,43.8122723,43.77703857421875,16.476064682006836
reaction:1645,AdBrettPhos,0,,54.92415457,47.504844665527344,17.58692741394043
reaction:1646,AdBrettPhos,3,,7.259820865,19.204092025756836,17.647001266479492
reaction:1647,AdBrettPhos,3,,29.47262424,38.110862731933594,16.90460968017578
reaction:1648,AdBrettPhos,0,,47.11942721,51.35007858276367,17.38535499572754
reaction:1649,AdBrettPhos,4,,0.382305168,13.249120712280273,16.80852508544922
reaction:1650,AdBrettPhos,4,,42.90896956,39.45330810546875,16.042070388793945
reaction:1651,AdBrettPhos,1,,50.10463357,51.62394332885742,16.863527297973633
reaction:1652,AdBrettPhos,0,,1.379250532,8.100229263305664,18.325746536254883
reaction:1653,AdBrettPhos,1,,66.71317285,55.58050537109375,17.664602279663086
reaction:1654,AdBrettPhos,1,,76.22505116,73.48117065429688,17.703243255615234
reaction:1655,AdBrettPhos,3,,70.04834525,59.79669189453125,17.17241668701172
reaction:1656,AdBrettPhos,2,,82.57086092,68.53469848632812,17.544639587402344
reaction:1657,AdBrettPhos,2,,90.31730943,85.52528381347656,16.585330963134766
reaction:1658,AdBrettPhos,0,,11.31144666,21.41415023803711,17.73276710510254
reaction:1659,AdBrettPhos,3,,79.68761126,62.89069747924805,17.069961547851562
reaction:1660,AdBrettPhos,0,,91.69839995,75.09526062011719,17.78832244873047
reaction:1661,AdBrettPhos,2,,1.069060713,-11.0078125,16.40180015563965
reaction:1662,AdBrettPhos,4,,5.105134806000001,-8.023414611816406,16.431928634643555
reaction:1663,AdBrettPhos,1,,3.280980517,5.414937973022461,16.610069274902344
reaction:1664,AdBrettPhos,4,,0.0,-20.10828399658203,16.147748947143555
reaction:1665,AdBrettPhos,4,,3.302452152,-0.45758819580078125,15.509685516357422
reaction:1666,AdBrettPhos,2,,11.0075153,12.7222900390625,16.335359573364258
reaction:1667,AdBrettPhos,2,,0.8366448879999999,-13.490589141845703,16.48611068725586
reaction:1668,AdBrettPhos,2,,7.242678118,9.910114288330078,16.194580078125
reaction:1669,AdBrettPhos,3,,7.957289224,34.28567123413086,16.42323875427246
reaction:1670,AdBrettPhos,3,,5.427048525,16.843469619750977,16.47295379638672
reaction:1671,AdBrettPhos,0,,4.952408524,21.990524291992188,16.96293067932129
reaction:1672,AdBrettPhos,2,,6.244420827999999,28.956689834594727,15.97199535369873
reaction:1673,AdBrettPhos,0,,0.750246803,-10.574352264404297,17.85655403137207
reaction:1674,AdBrettPhos,3,,5.82300352,-5.527393341064453,15.856806755065918
reaction:1675,AdBrettPhos,1,,6.214566797000001,10.978721618652344,16.906452178955078
reaction:1676,AdBrettPhos,1,,0.0,-11.568561553955078,16.49312400817871
reaction:1677,AdBrettPhos,4,,3.160193721,0.13925552368164062,16.480152130126953
reaction:1678,AdBrettPhos,2,,8.104754995,14.632326126098633,16.06685447692871
reaction:1679,AdBrettPhos,4,,0.0,-20.738624572753906,16.296581268310547
reaction:1680,AdBrettPhos,4,,2.004686227,-3.5398635864257812,15.776049613952637
reaction:1681,AdBrettPhos,4,,6.894237827,11.2413330078125,16.723072052001953
reaction:1682,AdBrettPhos,2,,0.0,-15.91766357421875,16.433170318603516
reaction:1683,AdBrettPhos,4,,4.677881799,4.450803756713867,16.04109764099121
reaction:1684,AdBrettPhos,3,,16.33859929,42.067466735839844,16.554462432861328
reaction:1685,AdBrettPhos,1,,3.547951578,-9.288993835449219,17.191255569458008
reaction:1686,AdBrettPhos,4,,7.467378263,4.667240142822266,16.466026306152344
reaction:1687,AdBrettPhos,4,,15.10235685,23.56072235107422,16.099090576171875
reaction:1688,AdBrettPhos,4,,0.0,-10.830081939697266,15.902798652648926
reaction:1689,AdBrettPhos,2,,6.275458681,18.186946868896484,17.303258895874023
reaction:1690,AdBrettPhos,1,,6.702513015,27.92733383178711,16.891075134277344
reaction:1691,AdBrettPhos,2,,0.299153601,-0.4458770751953125,16.228099822998047
reaction:1692,AdBrettPhos,1,,6.9479336,20.3927001953125,17.52387046813965
reaction:1693,AdBrettPhos,3,,39.56647024,23.534442901611328,16.21403694152832
reaction:1694,AdBrettPhos,4,,0.0,-16.94409942626953,16.3472843170166
reaction:1695,AdBrettPhos,1,,4.988380083,18.702186584472656,17.067882537841797
reaction:1696,AdBrettPhos,4,,39.27719826,22.750503540039062,16.769271850585938
reaction:1697,AdBrettPhos,4,,0.0,-8.169044494628906,15.885615348815918
reaction:1698,AdBrettPhos,1,,10.46965924,32.10422134399414,17.308326721191406
reaction:1699,AdBrettPhos,4,,70.2716235,39.6593132019043,15.22675609588623
reaction:1700,AdBrettPhos,3,,13.55922704,34.091453552246094,16.500873565673828
reaction:1701,AdBrettPhos,3,,36.35900481,41.00816345214844,16.451932907104492
reaction:1702,AdBrettPhos,3,,79.01720716,51.68935012817383,15.708539009094238
reaction:1703,AdBrettPhos,0,,0.0,-2.4189910888671875,17.886878967285156
reaction:1704,AdBrettPhos,2,,14.39054676,39.475242614746094,17.418872833251953
reaction:1705,AdBrettPhos,4,,47.30915738,42.4109001159668,16.37624740600586
reaction:1706,AdBrettPhos,4,,1.831351486,13.737255096435547,17.356246948242188
reaction:1707,AdBrettPhos,2,,9.025273637,24.232141494750977,17.07596778869629
reaction:1708,AdBrettPhos,4,,31.74709006,34.521629333496094,17.796743392944336
reaction:1709,AdBrettPhos,3,,0.0,7.890985488891602,16.11762237548828
reaction:1710,AdBrettPhos,2,,45.98289688,39.83864974975586,16.608722686767578
reaction:1711,AdBrettPhos,2,,46.93920076,40.69648742675781,16.3316593170166
reaction:1712,AdBrettPhos,2,,0.66547915,7.832160949707031,16.602073669433594
reaction:1713,AdBrettPhos,2,,61.80395318,54.783103942871094,16.343473434448242
reaction:1714,AdBrettPhos,2,,68.3339655,53.85758972167969,16.292701721191406
reaction:1715,AdBrettPhos,0,,70.41045785,55.32298278808594,17.72433853149414
reaction:1716,AdBrettPhos,4,,77.6347291,58.43687057495117,17.953725814819336
reaction:1717,AdBrettPhos,2,,79.76966371,59.38884735107422,15.814351081848145
reaction:1718,AdBrettPhos,1,,1.779970363,21.081592559814453,15.076019287109375
reaction:1719,AdBrettPhos,1,,31.49662818,45.61785125732422,14.594470024108887
reaction:1720,AdBrettPhos,3,,70.31871872,53.59917449951172,16.277694702148438
reaction:1721,AdBrettPhos,1,,9.550418032,3.326507568359375,14.795343399047852
reaction:1722,AdBrettPhos,0,,33.30841773,21.87232208251953,17.520565032958984
reaction:1723,AdBrettPhos,4,,34.84480888,36.31063461303711,17.793195724487305
reaction:1724,AdBrettPhos,1,,0.319224301,0.3922615051269531,14.836274147033691
reaction:1725,AdBrettPhos,3,,31.39385907,31.91292381286621,16.140377044677734
reaction:1726,AdBrettPhos,0,,35.25588385,41.682212829589844,16.912290573120117
reaction:1727,AdBrettPhos,1,,1.279456438,-0.526275634765625,15.126280784606934
reaction:1728,AdBrettPhos,1,,50.41927701,46.13622283935547,15.478039741516113
reaction:1729,AdBrettPhos,1,,57.65452227,62.893157958984375,14.905221939086914
reaction:1730,AdBrettPhos,1,,33.09635306,36.02907943725586,15.03426456451416
reaction:1731,AdBrettPhos,2,,40.91072057,49.5489501953125,16.194658279418945
reaction:1732,AdBrettPhos,1,,46.38749412,57.39636993408203,15.124629974365234
reaction:1733,AdBrettPhos,1,,13.31813914,8.581159591674805,15.189590454101562
reaction:1734,AdBrettPhos,4,,53.12382569,50.3038330078125,17.025127410888672
reaction:1735,AdBrettPhos,4,,57.26273694,67.99903106689453,17.84311866760254
reaction:1736,AdBrettPhos,1,,10.68115857,12.618888854980469,14.929975509643555
reaction:1737,AdBrettPhos,0,,33.95037625,34.48276901245117,17.466947555541992
reaction:1738,AdBrettPhos,2,,47.09445645,49.349754333496094,15.736075401306152
reaction:1739,AdBrettPhos,2,,0.492662711,4.943302154541016,16.96109962463379
reaction:1740,AdBrettPhos,1,,48.41843845,46.50989532470703,15.9063720703125
reaction:1741,AdBrettPhos,0,,50.21013597,55.58039855957031,16.942487716674805
reaction:1742,AdBrettPhos,1,,1.542228309,5.13206672668457,15.049605369567871
reaction:1743,AdBrettPhos,2,,74.39518038,63.69562530517578,16.043428421020508
reaction:1744,AdBrettPhos,1,,76.98654081,82.17499542236328,14.951379776000977
reaction:1745,AdBrettPhos,1,,75.55480498,71.59330749511719,15.218799591064453
reaction:1746,AdBrettPhos,1,,87.36384149,77.58027648925781,15.906005859375
reaction:1747,AdBrettPhos,1,,86.76065944,96.8980712890625,15.1714506149292
reaction:1748,AdBrettPhos,0,,11.83956232,15.849578857421875,17.641101837158203
reaction:1749,AdBrettPhos,2,,83.80386815,67.126708984375,16.945817947387695
reaction:1750,AdBrettPhos,0,,92.12702212,88.38170623779297,17.827495574951172
reaction:1751,AdBrettPhos,3,,3.449624718,-10.639110565185547,17.120389938354492
reaction:1752,AdBrettPhos,4,,3.932288397,-2.7354278564453125,17.992523193359375
reaction:1753,AdBrettPhos,0,,5.419599738,9.142662048339844,17.258371353149414
reaction:1754,AdBrettPhos,3,,0.0,-11.155925750732422,17.091140747070312
reaction:1755,AdBrettPhos,1,,4.7783658,4.451696395874023,16.284255981445312
reaction:1756,AdBrettPhos,3,,8.071196301,15.277128219604492,17.400283813476562
reaction:1757,AdBrettPhos,1,,0.526967727,-10.174980163574219,15.603766441345215
reaction:1758,AdBrettPhos,4,,9.746425367,16.66572380065918,17.51158905029297
reaction:1759,AdBrettPhos,4,,14.43785417,33.65980529785156,17.149763107299805
reaction:1760,AdBrettPhos,4,,8.586375019,18.6795711517334,17.33155059814453
reaction:1761,AdBrettPhos,2,,11.06445724,18.182979583740234,16.73777961730957
reaction:1762,AdBrettPhos,3,,15.42196799,34.464599609375,16.585926055908203
reaction:1763,AdBrettPhos,3,,2.238996806,-7.88153076171875,17.136390686035156
reaction:1764,AdBrettPhos,2,,8.862814973999999,7.506097793579102,17.822214126586914
reaction:1765,AdBrettPhos,1,,10.829637599999998,18.60695457458496,15.957124710083008
reaction:1766,AdBrettPhos,1,,0.432282788,-4.354713439941406,15.65970516204834
reaction:1767,AdBrettPhos,2,,4.469322068,9.601198196411133,17.3626766204834
reaction:1768,AdBrettPhos,0,,18.53801466,19.160869598388672,17.41291618347168
reaction:1769,AdBrettPhos,4,,0.0,-9.21044921875,17.47517967224121
reaction:1770,AdBrettPhos,1,,3.046255894,4.466743469238281,16.289403915405273
reaction:1771,AdBrettPhos,1,,24.02218457,18.791330337524414,15.411858558654785
reaction:1772,AdBrettPhos,2,,0.0,-9.803009033203125,17.17462921142578
reaction:1773,AdBrettPhos,3,,5.605744575,11.858512878417969,16.573593139648438
reaction:1774,AdBrettPhos,4,,39.2434395,41.257049560546875,17.04925537109375
reaction:1775,AdBrettPhos,3,,3.747141461000001,2.103281021118164,17.148460388183594
reaction:1776,AdBrettPhos,0,,6.703331473,6.559139251708984,16.879074096679688
reaction:1777,AdBrettPhos,2,,17.35228888,27.106740951538086,16.651058197021484
reaction:1778,AdBrettPhos,0,,0.0,-2.7459945678710938,17.264802932739258
reaction:1779,AdBrettPhos,1,,12.57405954,23.868160247802734,15.415268898010254
reaction:1780,AdBrettPhos,1,,29.29764197,40.14132308959961,16.02358627319336
reaction:1781,AdBrettPhos,2,,6.92498784,6.841466903686523,16.284847259521484
reaction:1782,AdBrettPhos,4,,19.60222309,19.065662384033203,18.040056228637695
reaction:1783,AdBrettPhos,4,,43.94123378,32.951499938964844,17.593481063842773
reaction:1784,AdBrettPhos,0,,1.061200258,2.0394058227539062,17.513235092163086
reaction:1785,AdBrettPhos,0,,17.8480573,21.63420867919922,17.59654426574707
reaction:1786,AdBrettPhos,4,,39.0058585,33.573368072509766,18.317218780517578
reaction:1787,AdBrettPhos,0,,2.373221649,1.5066242218017578,18.223508834838867
reaction:1788,AdBrettPhos,4,,29.36083658,35.2689323425293,17.48097038269043
reaction:1789,AdBrettPhos,1,,68.1907703,55.094871520996094,15.719529151916504
reaction:1790,AdBrettPhos,1,,29.35743486,38.06193161010742,16.100852966308594
reaction:1791,AdBrettPhos,3,,35.64598437,49.32726287841797,17.5235652923584
reaction:1792,AdBrettPhos,1,,77.54677515,62.03563690185547,15.91679573059082
reaction:1793,AdBrettPhos,3,,7.732563505,3.2607479095458984,16.973249435424805
reaction:1794,AdBrettPhos,0,,36.03481726,44.175418853759766,17.30791664123535
reaction:1795,AdBrettPhos,4,,63.99072189,58.74372863769531,18.012300491333008
reaction:1796,XPhos,1,,0.0,-6.188789367675781,16.486835479736328
reaction:1797,XPhos,4,,0.296524645,-0.13521957397460938,17.84659767150879
reaction:1798,XPhos,2,,0.0,14.022346496582031,18.751628875732422
reaction:1799,XPhos,0,,0.0,-18.864917755126953,19.196956634521484
reaction:1800,XPhos,4,,0.0,-3.0198135375976562,16.97437858581543
reaction:1801,XPhos,1,,0.0,-0.8283882141113281,14.917909622192383
reaction:1802,XPhos,2,,0.0,-10.865421295166016,18.548681259155273
reaction:1803,XPhos,4,,0.0,21.79912757873535,16.032024383544922
reaction:1804,XPhos,2,,0.0,28.3314266204834,17.874771118164062
reaction:1805,XPhos,3,,0.0,-0.5553703308105469,18.868061065673828
reaction:1806,XPhos,0,,0.0,7.254180908203125,19.9208984375
reaction:1807,XPhos,4,,0.0,10.816802978515625,17.67936134338379
reaction:1808,XPhos,0,,0.0,-1.517059326171875,19.774486541748047
reaction:1809,XPhos,1,,0.0,0.2500877380371094,13.689927101135254
reaction:1810,XPhos,2,,0.0,18.604034423828125,18.86699676513672
reaction:1811,XPhos,4,,17.36491347,19.800823211669922,17.617172241210938
reaction:1812,XPhos,2,,27.46647446,30.164804458618164,16.913719177246094
reaction:1813,XPhos,1,,34.89767991,36.689170837402344,16.321945190429688
reaction:1814,XPhos,0,,0.426836265,6.50737190246582,19.015352249145508
reaction:1815,XPhos,1,,9.912732719,15.358476638793945,13.752480506896973
reaction:1816,XPhos,1,,21.7977125,17.484745025634766,15.241778373718262
reaction:1817,XPhos,4,,2.86790041,10.527875900268555,15.06744384765625
reaction:1818,XPhos,3,,34.68012306,20.735626220703125,19.424699783325195
reaction:1819,XPhos,1,,42.17741181,25.94499969482422,13.619604110717773
reaction:1820,XPhos,4,,26.14998957,27.36667251586914,17.232282638549805
reaction:1821,XPhos,2,,49.4018977,41.01756286621094,17.549819946289062
reaction:1822,XPhos,4,,40.9724255,48.87375259399414,17.81838607788086
reaction:1823,XPhos,1,,11.67138777,11.789482116699219,15.278639793395996
reaction:1824,XPhos,4,,26.55730378,22.61017608642578,14.744729995727539
reaction:1825,XPhos,3,,38.4179882,25.87885856628418,17.175125122070312
reaction:1826,XPhos,2,,18.14790513,18.176361083984375,19.287036895751953
reaction:1827,XPhos,1,,31.22142105,29.963966369628906,17.08885955810547
reaction:1828,XPhos,4,,45.90521481,34.28025817871094,15.887312889099121
reaction:1829,XPhos,3,,0.344428756,9.436119079589844,18.9454345703125
reaction:1830,XPhos,1,,6.408110436,13.820428848266602,13.670560836791992
reaction:1831,XPhos,0,,15.48048004,18.246082305908203,17.152515411376953
reaction:1832,XPhos,1,,2.68757234,8.509237289428711,16.21559715270996
reaction:1833,XPhos,0,,23.14452899,22.849300384521484,18.985624313354492
reaction:1834,XPhos,0,,50.86354716,38.6855354309082,17.462677001953125
reaction:1835,XPhos,3,,28.88381703,27.114042282104492,19.11732292175293
reaction:1836,XPhos,1,,51.52656955,48.13916015625,16.228120803833008
reaction:1837,XPhos,3,,59.0740653,46.91995620727539,18.803476333618164
reaction:1838,XPhos,1,,8.431077782000001,11.982625961303711,15.260501861572266
reaction:1839,XPhos,3,,22.07470925,24.381946563720703,18.803874969482422
reaction:1840,XPhos,0,,34.74690376,33.381168365478516,20.03258514404297
reaction:1841,XPhos,2,,11.13292009,7.853853225708008,19.308719635009766
reaction:1842,XPhos,4,,15.0324858,11.207071304321289,19.646167755126953
reaction:1843,XPhos,1,,14.02259716,17.508285522460938,16.923358917236328
reaction:1844,XPhos,4,,3.02090007,-0.9836311340332031,17.84417152404785
reaction:1845,XPhos,1,,9.070205476,9.990966796875,14.354572296142578
reaction:1846,XPhos,3,,6.9996798810000005,16.772483825683594,19.59580421447754
reaction:1847,XPhos,2,,14.86219247,1.9331645965576172,18.379051208496094
reaction:1848,XPhos,2,,19.33424545,25.0408935546875,17.16514778137207
reaction:1849,XPhos,3,,12.44362591,29.64234161376953,17.92847442626953
reaction:1850,XPhos,0,,12.438351,10.913249969482422,16.995180130004883
reaction:1851,XPhos,1,,18.58444117,10.811958312988281,16.824033737182617
reaction:1852,XPhos,3,,17.39978172,13.382461547851562,18.65288734436035
reaction:1853,XPhos,3,,17.22825534,14.490232467651367,16.431638717651367
reaction:1854,XPhos,4,,8.798104801000001,10.422433853149414,16.908859252929688
reaction:1855,XPhos,3,,11.59336493,21.71078872680664,17.364830017089844
reaction:1856,XPhos,3,,2.550915003,1.2012214660644531,16.882638931274414
reaction:1857,XPhos,4,,9.795326165,16.69314956665039,19.55818748474121
reaction:1858,XPhos,3,,19.55154349,15.634279251098633,17.42391586303711
reaction:1859,XPhos,3,,0.0,-8.171890258789062,18.82944679260254
reaction:1860,XPhos,2,,0.602239969,-1.1537322998046875,19.719017028808594
reaction:1861,XPhos,1,,2.613234135,1.4250431060791016,15.824821472167969
reaction:1862,XPhos,1,,0.0,-4.131385803222656,16.942913055419922
reaction:1863,XPhos,1,,3.339136515,9.37002182006836,14.575051307678223
reaction:1864,XPhos,4,,3.546985039,10.022306442260742,17.724973678588867
reaction:1865,XPhos,1,,10.00194934,9.379915237426758,17.336772918701172
reaction:1866,XPhos,3,,18.5257144,22.972984313964844,19.25028419494629
reaction:1867,XPhos,1,,21.49059564,25.075551986694336,16.93099021911621
reaction:1868,XPhos,1,,1.445871909,-2.5350914001464844,16.081790924072266
reaction:1869,XPhos,2,,0.929191796,4.968591690063477,17.63109016418457
reaction:1870,XPhos,0,,3.66151941,10.835029602050781,19.898733139038086
reaction:1871,XPhos,3,,10.78337463,8.916582107543945,16.728628158569336
reaction:1872,XPhos,0,,27.09846988,19.28856658935547,17.384416580200195
reaction:1873,XPhos,0,,23.3532112,26.668560028076172,19.250871658325195
reaction:1874,XPhos,0,,0.0,0.4360198974609375,19.071882247924805
reaction:1875,XPhos,0,,5.298016227,2.9427833557128906,17.261552810668945
reaction:1876,XPhos,3,,10.26938874,9.268232345581055,19.346269607543945
reaction:1877,XPhos,2,,1.52899949,1.6278209686279297,18.37424659729004
reaction:1878,XPhos,0,,19.26994536,11.512596130371094,18.89362335205078
reaction:1879,XPhos,0,,30.9794262,23.664329528808594,17.40965461730957
reaction:1880,XPhos,3,,18.83260332,18.2325439453125,19.12454605102539
reaction:1881,XPhos,2,,28.69582004,37.7503776550293,17.42527198791504
reaction:1882,XPhos,4,,28.02951353,42.09767532348633,19.57172203063965
reaction:1883,XPhos,1,,4.247160433,4.555629730224609,15.821394920349121
reaction:1884,XPhos,2,,18.76658525,14.196855545043945,17.75389862060547
reaction:1885,XPhos,4,,26.7561311,20.219112396240234,18.995601654052734
reaction:1886,XPhos,0,,0.522267307,-5.390598297119141,19.70160484313965
reaction:1887,XPhos,1,,0.0,-2.295135498046875,19.412416458129883
reaction:1888,XPhos,3,,0.0,2.8704833984375,17.966398239135742
reaction:1889,XPhos,3,,0.0,-8.51248550415039,19.6474666595459
reaction:1890,XPhos,2,,0.0,-0.9376792907714844,19.309608459472656
reaction:1891,XPhos,4,,0.0,4.0951080322265625,16.176727294921875
reaction:1892,XPhos,0,,0.0,-5.151111602783203,18.788219451904297
reaction:1893,XPhos,4,,0.0,20.975313186645508,16.814233779907227
reaction:1894,XPhos,3,,0.0,17.18917465209961,18.563575744628906
reaction:1895,XPhos,1,,0.0,-4.8448028564453125,19.489538192749023
reaction:1896,XPhos,4,,0.0,-3.6434364318847656,18.219036102294922
reaction:1897,XPhos,0,,0.0,-11.11660385131836,18.006807327270508
reaction:1898,XPhos,2,,0.0,-1.3577346801757812,18.06557273864746
reaction:1899,XPhos,1,,0.0,-0.6936225891113281,16.927457809448242
reaction:1900,XPhos,4,,0.0,13.155717849731445,17.857707977294922
reaction:1901,XPhos,3,,0.7575191240000001,0.8380203247070312,17.159221649169922
reaction:1902,XPhos,3,,0.5467913839999999,10.135536193847656,19.396963119506836
reaction:1903,XPhos,1,,0.70766924,11.791566848754883,18.77310562133789
reaction:1904,XPhos,4,,0.0,-10.528274536132812,16.491518020629883
reaction:1905,XPhos,1,,0.0,-5.145210266113281,16.885530471801758
reaction:1906,XPhos,2,,1.933202382,-0.35054779052734375,16.924898147583008
reaction:1907,XPhos,4,,0.0,-11.09066390991211,16.030885696411133
reaction:1908,XPhos,0,,1.204026973,3.2686233520507812,18.907934188842773
reaction:1909,XPhos,3,,0.602410789,6.350177764892578,18.568410873413086
reaction:1910,XPhos,2,,0.0,4.331733703613281,16.98353385925293
reaction:1911,XPhos,0,,1.437346554,13.525772094726562,20.025114059448242
reaction:1912,XPhos,2,,1.530768374,16.304931640625,16.048654556274414
reaction:1913,XPhos,0,,0.0,-6.540058135986328,20.060338973999023
reaction:1914,XPhos,2,,0.0,1.6974411010742188,16.18080711364746
reaction:1915,XPhos,2,,0.027450906,5.127815246582031,17.736557006835938
reaction:1916,XPhos,0,,16.82018282,3.5411453247070312,19.740081787109375
reaction:1917,XPhos,2,,21.42393699,13.877225875854492,15.872668266296387
reaction:1918,XPhos,3,,19.15166059,18.6907958984375,17.946287155151367
reaction:1919,XPhos,0,,0.423167396,0.08394622802734375,19.267555236816406
reaction:1920,XPhos,4,,4.73013199,0.7018814086914062,17.84803009033203
reaction:1921,XPhos,3,,9.35930625,4.089971542358398,19.73497772216797
reaction:1922,XPhos,1,,3.525705852,-0.47644805908203125,19.12790298461914
reaction:1923,XPhos,1,,17.85871647,6.36766242980957,16.649965286254883
reaction:1924,XPhos,4,,21.48672588,23.30634117126465,16.49566650390625
reaction:1925,XPhos,2,,7.156167612999999,14.181703567504883,17.078081130981445
reaction:1926,XPhos,2,,11.85200713,28.469247817993164,16.551855087280273
reaction:1927,XPhos,1,,13.49999802,33.017295837402344,18.6362361907959
reaction:1928,XPhos,2,,4.333466821,1.7825279235839844,18.23946762084961
reaction:1929,XPhos,3,,12.51722888,8.581491470336914,19.29764747619629
reaction:1930,XPhos,0,,18.54827099,15.535482406616211,20.125097274780273
reaction:1931,XPhos,4,,16.76617673,17.122440338134766,18.657480239868164
reaction:1932,XPhos,4,,27.47304315,18.98053741455078,18.952194213867188
reaction:1933,XPhos,3,,35.89724622,30.04410743713379,17.12052345275879
reaction:1934,XPhos,2,,0.8503584259999999,6.524227142333984,17.283071517944336
reaction:1935,XPhos,3,,9.607508599,16.906980514526367,16.807743072509766
reaction:1936,XPhos,3,,11.82938133,18.90443992614746,19.513324737548828
reaction:1937,XPhos,0,,8.822068949,12.361955642700195,16.92351722717285
reaction:1938,XPhos,0,,25.87549138,31.7540340423584,17.180694580078125
reaction:1939,XPhos,2,,34.29689514,37.06563186645508,17.304473876953125
reaction:1940,XPhos,3,,17.200701000000002,15.281230926513672,18.989707946777344
reaction:1941,XPhos,0,,24.04057337,16.177282333374023,18.179594039916992
reaction:1942,XPhos,1,,23.94536549,15.364070892333984,16.831361770629883
reaction:1943,XPhos,3,,15.22072074,19.37993621826172,16.683368682861328
reaction:1944,XPhos,3,,20.45508721,16.740571975708008,18.703868865966797
reaction:1945,XPhos,3,,28.5480245,23.928890228271484,17.298091888427734
reaction:1946,XPhos,1,,13.87079949,5.950712203979492,17.354141235351562
reaction:1947,XPhos,3,,22.22290277,20.7337646484375,18.678977966308594
reaction:1948,XPhos,0,,26.64038865,27.338584899902344,17.767900466918945
reaction:1949,XPhos,1,,0.0,-9.497947692871094,17.0921688079834
reaction:1950,XPhos,2,,1.629425083,-2.0726547241210938,19.507186889648438
reaction:1951,XPhos,1,,2.128691227,2.217039108276367,16.67182159423828
reaction:1952,XPhos,2,,2.570236026,-7.778236389160156,17.709470748901367
reaction:1953,XPhos,0,,8.384736601,12.932868957519531,17.146886825561523
reaction:1954,XPhos,1,,11.20904607,12.724660873413086,14.95767593383789
reaction:1955,XPhos,1,,6.819997972,10.207523345947266,17.85059928894043
reaction:1956,XPhos,4,,13.1450619,28.210050582885742,18.30154037475586
reaction:1957,XPhos,0,,12.68763797,28.703105926513672,15.705852508544922
reaction:1958,XPhos,2,,3.235819119,-3.525684356689453,18.30014991760254
reaction:1959,XPhos,3,,5.972926182,7.031208038330078,18.550798416137695
reaction:1960,XPhos,4,,8.041639597,16.72827911376953,18.632400512695312
reaction:1961,XPhos,0,,18.97711675,9.745473861694336,17.388916015625
reaction:1962,XPhos,2,,28.60232004,22.153059005737305,16.371286392211914
reaction:1963,XPhos,1,,40.27113975,32.267799377441406,16.80514907836914
reaction:1964,XPhos,2,,0.0,-1.4958724975585938,17.2589054107666
reaction:1965,XPhos,1,,1.79441071,2.5756397247314453,14.854100227355957
reaction:1966,XPhos,1,,2.066222749,8.046005249023438,16.5826358795166
reaction:1967,XPhos,2,,5.163801227,-2.9646339416503906,17.73511505126953
reaction:1968,XPhos,2,,11.8907701,11.760641098022461,16.72897720336914
reaction:1969,XPhos,3,,29.83775681,31.261898040771484,17.29912567138672
reaction:1970,XPhos,4,,16.58042552,17.252166748046875,18.461698532104492
reaction:1971,XPhos,3,,26.94242513,34.036556243896484,19.172353744506836
reaction:1972,XPhos,1,,27.31009438,37.92816162109375,17.358352661132812
reaction:1973,XPhos,2,,5.543745956,0.9312057495117188,18.482376098632812
reaction:1974,XPhos,1,,10.25341715,15.066488265991211,14.956053733825684
reaction:1975,XPhos,4,,14.86685885,24.921279907226562,18.80202293395996
reaction:1976,t-BuXPhos,3,,0.0,-7.582675933837891,16.537824630737305
reaction:1977,t-BuXPhos,3,,0.0,-0.15201187133789062,16.62255096435547
reaction:1978,t-BuXPhos,2,,0.0,2.7833328247070312,16.699918746948242
reaction:1979,t-BuXPhos,0,,0.0,-31.38155746459961,16.00020980834961
reaction:1980,t-BuXPhos,0,,0.8010865229999999,3.008831024169922,16.28474235534668
reaction:1981,t-BuXPhos,2,,2.97427716,8.983026504516602,16.973093032836914
reaction:1982,t-BuXPhos,4,,0.0,-23.703754425048828,18.339868545532227
reaction:1983,t-BuXPhos,4,,1.599458738,19.987316131591797,17.388038635253906
reaction:1984,t-BuXPhos,0,,2.601590615,16.756242752075195,16.071746826171875
reaction:1985,t-BuXPhos,3,,3.510094374,19.722393035888672,16.281993865966797
reaction:1986,t-BuXPhos,2,,8.008432112000001,24.153709411621094,18.482168197631836
reaction:1987,t-BuXPhos,4,,9.011992674,24.816667556762695,18.14936065673828
reaction:1988,t-BuXPhos,2,,0.0,-2.3887405395507812,16.9692325592041
reaction:1989,t-BuXPhos,2,,0.0,15.133687973022461,17.696022033691406
reaction:1990,t-BuXPhos,3,,1.171055965,20.709877014160156,16.680166244506836
reaction:1991,t-BuXPhos,3,,24.21309665,16.684770584106445,16.749479293823242
reaction:1992,t-BuXPhos,0,,35.9238924,33.57822799682617,15.67386531829834
reaction:1993,t-BuXPhos,1,,35.32665147,37.651145935058594,17.838565826416016
reaction:1994,t-BuXPhos,0,,0.5535074839999999,0.9557342529296875,15.984461784362793
reaction:1995,t-BuXPhos,3,,36.52871122,34.27240753173828,16.967742919921875
reaction:1996,t-BuXPhos,0,,40.65115531,35.88040542602539,16.52240562438965
reaction:1997,t-BuXPhos,3,,2.408749938,7.019002914428711,16.840656280517578
reaction:1998,t-BuXPhos,3,,56.843372200000005,49.022674560546875,16.021512985229492
reaction:1999,t-BuXPhos,4,,58.99233401,56.6672477722168,16.837915420532227
reaction:2000,t-BuXPhos,0,,60.26102193,49.810150146484375,16.539119720458984
reaction:2001,t-BuXPhos,3,,60.25206697,58.56834411621094,16.155532836914062
reaction:2002,t-BuXPhos,3,,63.42879895,60.32939147949219,15.61330509185791
reaction:2003,t-BuXPhos,1,,25.82773903,21.060640335083008,18.01428985595703
reaction:2004,t-BuXPhos,0,,60.28357539,55.86192321777344,14.851826667785645
reaction:2005,t-BuXPhos,0,,61.92858478,56.79895782470703,15.23865795135498
reaction:2006,t-BuXPhos,0,,28.132793300000003,33.222557067871094,15.643454551696777
reaction:2007,t-BuXPhos,4,,40.09723237,43.8031120300293,18.431337356567383
reaction:2008,t-BuXPhos,3,,48.69500261,46.19648742675781,17.418107986450195
reaction:2009,t-BuXPhos,1,,0.723968187,13.538749694824219,18.142316818237305
reaction:2010,t-BuXPhos,0,,51.38895599,46.99808883666992,16.325820922851562
reaction:2011,t-BuXPhos,0,,56.62080434,48.654354095458984,16.34531593322754
reaction:2012,t-BuXPhos,0,,2.853941347,17.838825225830078,16.764514923095703
reaction:2013,t-BuXPhos,2,,73.31932313,64.25922393798828,16.18271827697754
reaction:2014,t-BuXPhos,2,,74.44046437,66.99466705322266,17.76712989807129
reaction:2015,t-BuXPhos,0,,81.53694628,73.48387908935547,16.349000930786133
reaction:2016,t-BuXPhos,1,,85.40177854,75.9638671875,18.133764266967773
reaction:2017,t-BuXPhos,1,,88.51390693,81.091552734375,18.687726974487305
reaction:2018,t-BuXPhos,3,,31.87466664,36.264156341552734,16.446767807006836
reaction:2019,t-BuXPhos,1,,85.8122803,74.20233154296875,16.75208854675293
reaction:2020,t-BuXPhos,1,,83.31333267,76.94575500488281,16.58722686767578
reaction:2021,t-BuXPhos,1,,13.02655322,5.764497756958008,18.110301971435547
reaction:2022,t-BuXPhos,3,,16.09836574,12.37405014038086,19.245891571044922
reaction:2023,t-BuXPhos,2,,15.87410565,17.308704376220703,16.641624450683594
reaction:2024,t-BuXPhos,0,,1.879419954,-7.004951477050781,18.020355224609375
reaction:2025,t-BuXPhos,1,,14.85699263,12.331098556518555,18.336153030395508
reaction:2026,t-BuXPhos,0,,19.37897224,21.357364654541016,18.814664840698242
reaction:2027,t-BuXPhos,3,,4.57865157,1.488321304321289,19.224674224853516
reaction:2028,t-BuXPhos,4,,22.0084522,25.142852783203125,17.84014129638672
reaction:2029,t-BuXPhos,0,,22.22340072,33.36042022705078,19.32185935974121
reaction:2030,t-BuXPhos,1,,21.68221926,21.448326110839844,17.80453872680664
reaction:2031,t-BuXPhos,2,,35.06478929,33.85511779785156,18.544063568115234
reaction:2032,t-BuXPhos,1,,30.72459608,36.219749450683594,18.980833053588867
reaction:2033,t-BuXPhos,2,,10.88472418,13.088981628417969,17.072216033935547
reaction:2034,t-BuXPhos,2,,21.37540077,19.088455200195312,17.42546272277832
reaction:2035,t-BuXPhos,0,,23.67114189,31.413110733032227,17.663114547729492
reaction:2036,t-BuXPhos,3,,0.7474117720000001,2.451702117919922,18.909923553466797
reaction:2037,t-BuXPhos,3,,9.794715203,15.353759765625,19.23699188232422
reaction:2038,t-BuXPhos,2,,23.9717282,21.50607681274414,16.704294204711914
reaction:2039,t-BuXPhos,4,,0.0,-11.556747436523438,19.218353271484375
reaction:2040,t-BuXPhos,3,,6.683677134,14.149194717407227,19.222976684570312
reaction:2041,t-BuXPhos,3,,25.46788478,19.24588394165039,19.091630935668945
reaction:2042,t-BuXPhos,4,,0.0,-10.862552642822266,18.90865707397461
reaction:2043,t-BuXPhos,2,,14.43583555,29.486204147338867,16.257884979248047
reaction:2044,t-BuXPhos,2,,41.96736477,39.89366912841797,17.9964599609375
reaction:2045,t-BuXPhos,2,,12.36409536,29.59834098815918,16.997644424438477
reaction:2046,t-BuXPhos,2,,33.74087377,42.78570556640625,18.47906494140625
reaction:2047,t-BuXPhos,0,,44.53583158,42.718589782714844,18.987228393554688
reaction:2048,t-BuXPhos,4,,0.0,-1.525054931640625,18.431257247924805
reaction:2049,t-BuXPhos,3,,30.43973822,35.0657844543457,16.93637466430664
reaction:2050,t-BuXPhos,4,,39.10680932,35.733558654785156,19.0294132232666
reaction:2051,t-BuXPhos,2,,22.894141,15.805513381958008,17.64166831970215
reaction:2052,t-BuXPhos,3,,27.11496768,29.940711975097656,19.230432510375977
reaction:2053,t-BuXPhos,3,,41.66866973,35.80400085449219,19.198232650756836
reaction:2054,t-BuXPhos,2,,2.863405084,2.0808353424072266,17.657695770263672
reaction:2055,t-BuXPhos,3,,21.62255716,31.494169235229492,19.25420379638672
reaction:2056,t-BuXPhos,3,,35.07362546,37.04766845703125,19.269737243652344
reaction:2057,t-BuXPhos,4,,13.56968075,0.06881332397460938,18.94179916381836
reaction:2058,t-BuXPhos,0,,44.17785429999999,49.00402069091797,17.565580368041992
reaction:2059,t-BuXPhos,3,,61.501693200000005,57.513370513916016,17.42076301574707
reaction:2060,t-BuXPhos,1,,48.36115435,57.249961853027344,17.771697998046875
reaction:2061,t-BuXPhos,3,,61.11611165,67.07205963134766,18.423282623291016
reaction:2062,t-BuXPhos,4,,70.86807008,69.80401611328125,18.49352264404297
reaction:2063,t-BuXPhos,4,,39.35843617,17.677978515625,18.43406867980957
reaction:2064,t-BuXPhos,0,,54.8424453,59.06031036376953,17.43697738647461
reaction:2065,t-BuXPhos,2,,60.06619639,63.694786071777344,17.428661346435547
reaction:2066,t-BuXPhos,4,,1.009269411,-1.4598274230957031,18.857595443725586
reaction:2067,t-BuXPhos,0,,5.034974824,-0.9706192016601562,18.62322998046875
reaction:2068,t-BuXPhos,0,,4.765281768,-0.6151046752929688,18.6633243560791
reaction:2069,t-BuXPhos,4,,0.359225753,-11.686107635498047,18.930646896362305
reaction:2070,t-BuXPhos,2,,4.621114909,1.482095718383789,17.84354019165039
reaction:2071,t-BuXPhos,4,,3.876829723,1.4592742919921875,18.99454689025879
reaction:2072,t-BuXPhos,1,,0.400015161,-12.854816436767578,19.028827667236328
reaction:2073,t-BuXPhos,3,,5.425616594,8.015863418579102,18.00670051574707
reaction:2074,t-BuXPhos,1,,8.36792795,8.368606567382812,18.49428939819336
reaction:2075,t-BuXPhos,4,,3.451949517,8.743101119995117,18.90865135192871
reaction:2076,t-BuXPhos,3,,4.84059533,14.90064811706543,18.297779083251953
reaction:2077,t-BuXPhos,4,,10.03634536,15.968185424804688,18.251304626464844
reaction:2078,t-BuXPhos,1,,1.309393322,3.4461746215820312,18.40350341796875
reaction:2079,t-BuXPhos,2,,2.689766175,3.234376907348633,18.325199127197266
reaction:2080,t-BuXPhos,3,,4.416019864,12.756996154785156,18.46057891845703
reaction:2081,t-BuXPhos,1,,0.0,-10.761478424072266,18.128713607788086
reaction:2082,t-BuXPhos,3,,1.785587557,3.3969955444335938,18.862165451049805
reaction:2083,t-BuXPhos,4,,3.141934656,3.198333740234375,17.092113494873047
reaction:2084,t-BuXPhos,1,,0.0,-21.295711517333984,18.639204025268555
reaction:2085,t-BuXPhos,2,,0.74784749,-3.9680633544921875,18.018217086791992
reaction:2086,t-BuXPhos,4,,2.732925094,1.8547325134277344,18.938949584960938
reaction:2087,t-BuXPhos,1,,0.518126221,-22.91570281982422,19.070852279663086
reaction:2088,t-BuXPhos,2,,2.39251025,13.312679290771484,17.22464942932129
reaction:2089,t-BuXPhos,4,,6.363967977000001,17.906558990478516,17.197410583496094
reaction:2090,t-BuXPhos,3,,1.986478634,12.864730834960938,18.538846969604492
reaction:2091,t-BuXPhos,1,,6.315944702,18.681285858154297,18.409286499023438
reaction:2092,t-BuXPhos,2,,8.140819585,21.72882843017578,16.617618560791016
reaction:2093,t-BuXPhos,2,,0.0,-7.4518280029296875,17.523988723754883
reaction:2094,t-BuXPhos,0,,2.39840777,14.360153198242188,17.409526824951172
reaction:2095,t-BuXPhos,3,,3.973986769,20.163082122802734,18.365928649902344
reaction:2096,t-BuXPhos,0,,21.36830036,8.383047103881836,18.428016662597656
reaction:2097,t-BuXPhos,0,,21.54675104,14.231266021728516,18.78074836730957
reaction:2098,t-BuXPhos,0,,23.06691402,20.653553009033203,18.739059448242188
reaction:2099,t-BuXPhos,0,,2.7209239710000004,-3.52001953125,18.110809326171875
reaction:2100,t-BuXPhos,1,,15.47495789,18.607860565185547,18.61577033996582
reaction:2101,t-BuXPhos,3,,19.40320705,22.39189910888672,18.952831268310547
reaction:2102,t-BuXPhos,4,,14.32160153,-1.4783554077148438,18.232431411743164
reaction:2103,t-BuXPhos,2,,28.13311375,38.846641540527344,17.17152214050293
reaction:2104,t-BuXPhos,0,,30.76250124,36.95426940917969,18.852073669433594
reaction:2105,t-BuXPhos,2,,40.21576406,44.5069465637207,17.519987106323242
reaction:2106,t-BuXPhos,3,,46.05681806,48.32428741455078,18.40868377685547
reaction:2107,t-BuXPhos,3,,51.15306518,49.115638732910156,17.9931640625
reaction:2108,t-BuXPhos,1,,30.05876834,13.258003234863281,18.35952377319336
reaction:2109,t-BuXPhos,2,,30.11566658,47.125064849853516,18.319313049316406
reaction:2110,t-BuXPhos,4,,33.8132368,45.48114776611328,18.6070499420166
reaction:2111,t-BuXPhos,2,,20.05913492,28.34353256225586,17.732637405395508
reaction:2112,t-BuXPhos,1,,34.2208852,34.74869155883789,18.72043228149414
reaction:2113,t-BuXPhos,1,,40.30244069,37.06367492675781,18.454973220825195
reaction:2114,t-BuXPhos,0,,1.194006928,7.489707946777344,18.637784957885742
reaction:2115,t-BuXPhos,1,,27.35092133,31.168432235717773,18.7860050201416
reaction:2116,t-BuXPhos,1,,26.91242644,32.2169075012207,16.90084457397461
reaction:2117,t-BuXPhos,3,,5.628261366,18.660564422607422,18.84424591064453
reaction:2118,t-BuXPhos,0,,51.85571731,49.19179153442383,17.401382446289062
reaction:2119,t-BuXPhos,1,,49.62220517,44.34699249267578,18.758872985839844
reaction:2120,t-BuXPhos,0,,53.94447324,47.80949783325195,19.044963836669922
reaction:2121,t-BuXPhos,3,,65.48767084,57.08922576904297,18.48036003112793
reaction:2122,t-BuXPhos,1,,66.1445595,55.75133514404297,19.2547607421875
reaction:2123,t-BuXPhos,3,,38.1181996,32.89981460571289,18.522586822509766
reaction:2124,t-BuXPhos,2,,64.2716813,43.8499870300293,17.696922302246094
reaction:2125,t-BuXPhos,2,,65.73471929,48.746971130371094,17.58391761779785
reaction:2126,t-BuXPhos,3,,18.75584418,6.340311050415039,19.110654830932617
reaction:2127,t-BuXPhos,2,,28.59018557,22.657493591308594,18.060129165649414
reaction:2128,t-BuXPhos,2,,31.83731475,29.161714553833008,16.809694290161133
reaction:2129,t-BuXPhos,3,,0.7070455170000001,-10.709259033203125,17.800621032714844
reaction:2130,t-BuXPhos,2,,13.25145725,16.847129821777344,16.99001693725586
reaction:2131,t-BuXPhos,0,,15.92909866,20.326393127441406,18.789134979248047
reaction:2132,t-BuXPhos,0,,4.0644436960000005,-5.975429534912109,19.12119483947754
reaction:2133,t-BuXPhos,1,,32.63137063,43.621402740478516,18.321352005004883
reaction:2134,t-BuXPhos,3,,32.03830806,44.64350128173828,17.569438934326172
reaction:2135,t-BuXPhos,3,,38.03832948,44.78777313232422,18.765832901000977
reaction:2136,t-BuXPhos,4,,50.50908656,56.43981170654297,18.45554542541504
reaction:2137,t-BuXPhos,3,,46.64490818,55.67394256591797,18.103857040405273
reaction:2138,t-BuXPhos,3,,27.15209242,9.134912490844727,18.788372039794922
reaction:2139,t-BuXPhos,1,,46.97084661,53.609397888183594,16.95619773864746
reaction:2140,t-BuXPhos,4,,47.28268345,54.92694091796875,18.65639305114746
reaction:2141,t-BuXPhos,2,,29.17558441,27.4152889251709,17.81109046936035
reaction:2142,t-BuXPhos,4,,36.5598853,40.76533508300781,18.561845779418945
reaction:2143,t-BuXPhos,3,,49.46796695,44.291526794433594,18.9930477142334
reaction:2144,t-BuXPhos,4,,1.858400826,4.004453659057617,18.75807762145996
reaction:2145,t-BuXPhos,0,,31.25713511,36.284244537353516,18.97856903076172
reaction:2146,t-BuXPhos,3,,34.0355551,37.83496856689453,19.05074691772461
reaction:2147,t-BuXPhos,4,,11.31698923,7.895051956176758,18.324722290039062
reaction:2148,t-BuXPhos,1,,62.64758393,64.59408569335938,18.356578826904297
reaction:2149,t-BuXPhos,0,,60.28741502,64.06537628173828,18.65154457092285
reaction:2150,t-BuXPhos,0,,77.39811795,71.27284240722656,19.000503540039062
reaction:2151,t-BuXPhos,3,,83.68183531,78.13531494140625,18.65839958190918
reaction:2152,t-BuXPhos,3,,84.53852223,83.27696228027344,18.155771255493164
reaction:2153,t-BuXPhos,3,,49.15752148,29.78768539428711,18.845359802246094
reaction:2154,t-BuXPhos,0,,76.23035085,77.58174133300781,17.520776748657227
reaction:2155,t-BuXPhos,1,,75.20935081,81.31591796875,16.789264678955078
reaction:2156,t-BuBrettPhos,0,,0.0,-18.275482177734375,15.732219696044922
reaction:2157,t-BuBrettPhos,4,,0.0,-3.891265869140625,15.5613374710083
reaction:2158,t-BuBrettPhos,2,,10.5253011,6.725141525268555,15.632698059082031
reaction:2159,t-BuBrettPhos,3,,0.0,-22.79845428466797,16.831979751586914
reaction:2160,t-BuBrettPhos,0,,0.0,7.0116424560546875,15.607452392578125
reaction:2161,t-BuBrettPhos,4,,2.458138496,6.001047134399414,15.863527297973633
reaction:2162,t-BuBrettPhos,3,,9.08121194,-19.480464935302734,16.539731979370117
reaction:2163,t-BuBrettPhos,2,,9.636653904,32.523677825927734,15.722930908203125
reaction:2164,t-BuBrettPhos,2,,10.37235966,27.919170379638672,15.482105255126953
reaction:2165,t-BuBrettPhos,1,,1.660025621,32.56452560424805,16.30173110961914
reaction:2166,t-BuBrettPhos,3,,2.145304957,29.169981002807617,16.153854370117188
reaction:2167,t-BuBrettPhos,0,,27.04583578,30.585922241210938,14.911123275756836
reaction:2168,t-BuBrettPhos,1,,0.0,-12.854454040527344,16.64248275756836
reaction:2169,t-BuBrettPhos,2,,0.0,17.319721221923828,14.950052261352539
reaction:2170,t-BuBrettPhos,4,,0.0,15.743656158447266,15.7963228225708
reaction:2171,t-BuBrettPhos,0,,15.09367159,15.165557861328125,15.7239990234375
reaction:2172,t-BuBrettPhos,0,,34.51239146,34.370697021484375,15.384977340698242
reaction:2173,t-BuBrettPhos,0,,35.6149447,42.548828125,15.68149185180664
reaction:2174,t-BuBrettPhos,3,,0.438548426,7.732860565185547,16.748380661010742
reaction:2175,t-BuBrettPhos,0,,31.2588772,31.96255111694336,15.810419082641602
reaction:2176,t-BuBrettPhos,3,,34.24307349,40.96091079711914,16.30726432800293
reaction:2177,t-BuBrettPhos,0,,6.866213056,13.79886245727539,15.669678688049316
reaction:2178,t-BuBrettPhos,0,,62.44858365,49.45939636230469,15.654685020446777
reaction:2179,t-BuBrettPhos,0,,65.94190973,60.95828628540039,15.603842735290527
reaction:2180,t-BuBrettPhos,2,,58.32558385,39.15655517578125,15.779999732971191
reaction:2181,t-BuBrettPhos,3,,60.47798465,58.819252014160156,16.16619873046875
reaction:2182,t-BuBrettPhos,2,,63.18914382,63.138668060302734,15.44306755065918
reaction:2183,t-BuBrettPhos,4,,18.36789148,20.678653717041016,15.89410400390625
reaction:2184,t-BuBrettPhos,1,,59.7949718,56.77391052246094,16.27120590209961
reaction:2185,t-BuBrettPhos,2,,64.64035682,56.354270935058594,15.045136451721191
reaction:2186,t-BuBrettPhos,0,,17.38451108,22.487060546875,15.614044189453125
reaction:2187,t-BuBrettPhos,2,,38.46400948,40.664146423339844,15.559244155883789
reaction:2188,t-BuBrettPhos,3,,51.11682644,51.05329895019531,16.028024673461914
reaction:2189,t-BuBrettPhos,3,,0.578158424,9.643783569335938,16.804126739501953
reaction:2190,t-BuBrettPhos,2,,45.97256872,38.986854553222656,15.059447288513184
reaction:2191,t-BuBrettPhos,3,,47.70226953,48.24026107788086,16.1916446685791
reaction:2192,t-BuBrettPhos,4,,7.228003442999999,19.143550872802734,15.975351333618164
reaction:2193,t-BuBrettPhos,3,,79.8902752,66.78723907470703,15.333984375
reaction:2194,t-BuBrettPhos,3,,80.5818059,74.13475036621094,16.415111541748047
reaction:2195,t-BuBrettPhos,2,,84.93002270000001,66.28691101074219,15.703914642333984
reaction:2196,t-BuBrettPhos,1,,89.419451,75.04074096679688,16.572479248046875
reaction:2197,t-BuBrettPhos,1,,89.55924552,86.0300064086914,17.19109344482422
reaction:2198,t-BuBrettPhos,4,,13.66378067,29.016740798950195,15.932371139526367
reaction:2199,t-BuBrettPhos,4,,86.89971677,74.21868896484375,14.955619812011719
reaction:2200,t-BuBrettPhos,4,,87.237545,84.53289794921875,15.955668449401855
reaction:2201,t-BuBrettPhos,4,,11.30133212,3.3551483154296875,17.08460235595703
reaction:2202,t-BuBrettPhos,3,,10.82736056,6.669536590576172,18.194076538085938
reaction:2203,t-BuBrettPhos,0,,12.11048821,17.8984317779541,16.1826171875
reaction:2204,t-BuBrettPhos,3,,1.03540736,-3.673290252685547,17.732437133789062
reaction:2205,t-BuBrettPhos,3,,15.16491224,15.528087615966797,18.050792694091797
reaction:2206,t-BuBrettPhos,4,,19.46778248,20.69471549987793,17.175567626953125
reaction:2207,t-BuBrettPhos,2,,8.038113026,-0.7703399658203125,14.94189167022705
reaction:2208,t-BuBrettPhos,4,,23.73944169,25.31891632080078,16.781843185424805
reaction:2209,t-BuBrettPhos,2,,30.46158728,33.578189849853516,15.63467025756836
reaction:2210,t-BuBrettPhos,3,,24.62070452,28.38119125366211,17.027450561523438
reaction:2211,t-BuBrettPhos,0,,28.5763008,33.14939498901367,16.275272369384766
reaction:2212,t-BuBrettPhos,0,,36.14968182,42.03596496582031,16.172836303710938
reaction:2213,t-BuBrettPhos,0,,13.71916528,-1.5103607177734375,16.303274154663086
reaction:2214,t-BuBrettPhos,0,,13.98206369,14.481952667236328,16.823543548583984
reaction:2215,t-BuBrettPhos,4,,18.13660134,17.4227294921875,16.931270599365234
reaction:2216,t-BuBrettPhos,1,,0.927604534,-5.040004730224609,15.984990119934082
reaction:2217,t-BuBrettPhos,2,,7.316239252000001,12.799736022949219,15.237103462219238
reaction:2218,t-BuBrettPhos,4,,21.43045359,17.338563919067383,16.723346710205078
reaction:2219,t-BuBrettPhos,1,,0.0,-12.896980285644531,16.385578155517578
reaction:2220,t-BuBrettPhos,3,,3.292807267,5.455718994140625,17.70682716369629
reaction:2221,t-BuBrettPhos,3,,23.04423411,15.580307006835938,17.198984146118164
reaction:2222,t-BuBrettPhos,1,,0.0,-8.776165008544922,16.643144607543945
reaction:2223,t-BuBrettPhos,1,,7.479579469,17.98729133605957,16.804622650146484
reaction:2224,t-BuBrettPhos,1,,39.99701682,36.65651321411133,16.589561462402344
reaction:2225,t-BuBrettPhos,4,,9.836570629,20.551353454589844,17.323057174682617
reaction:2226,t-BuBrettPhos,2,,16.26033077,28.525999069213867,15.100932121276855
reaction:2227,t-BuBrettPhos,2,,36.05690183,40.83977127075195,15.355456352233887
reaction:2228,t-BuBrettPhos,1,,0.0,-4.813751220703125,16.710933685302734
reaction:2229,t-BuBrettPhos,0,,15.39357697,26.36310577392578,16.549026489257812
reaction:2230,t-BuBrettPhos,2,,27.678997100000004,30.837051391601562,15.176259994506836
reaction:2231,t-BuBrettPhos,1,,20.24596352,9.786325454711914,16.02644157409668
reaction:2232,t-BuBrettPhos,3,,29.08430143,24.30347442626953,17.908599853515625
reaction:2233,t-BuBrettPhos,2,,38.79638342,32.25640106201172,15.074252128601074
reaction:2234,t-BuBrettPhos,0,,0.851812248,-0.0697784423828125,16.373228073120117
reaction:2235,t-BuBrettPhos,2,,26.7810647,21.252166748046875,14.828644752502441
reaction:2236,t-BuBrettPhos,4,,29.42310745,34.58589553833008,17.12528419494629
reaction:2237,t-BuBrettPhos,2,,7.689322987000001,1.8453731536865234,14.993717193603516
reaction:2238,t-BuBrettPhos,4,,45.3883139,42.858211517333984,16.914974212646484
reaction:2239,t-BuBrettPhos,2,,59.85587044,56.89036560058594,15.693239212036133
reaction:2240,t-BuBrettPhos,4,,49.94868445,55.31544494628906,17.412109375
reaction:2241,t-BuBrettPhos,1,,50.70720641,58.102020263671875,16.378314971923828
reaction:2242,t-BuBrettPhos,2,,77.95754061,70.28924560546875,15.319808006286621
reaction:2243,t-BuBrettPhos,0,,15.1222891,11.179718017578125,16.087909698486328
reaction:2244,t-BuBrettPhos,3,,45.50180654,52.185935974121094,17.299476623535156
reaction:2245,t-BuBrettPhos,0,,48.17982197,61.96413803100586,16.46192741394043
reaction:2246,t-BuBrettPhos,0,,1.232632372,-5.43359375,17.57175636291504
reaction:2247,t-BuBrettPhos,0,,5.992320527,-0.24652481079101562,17.21309471130371
reaction:2248,t-BuBrettPhos,0,,4.022257677,2.2530975341796875,17.345352172851562
reaction:2249,t-BuBrettPhos,3,,0.0,-14.933181762695312,16.501802444458008
reaction:2250,t-BuBrettPhos,2,,3.26158183,7.358926773071289,16.00069808959961
reaction:2251,t-BuBrettPhos,2,,6.286120839,2.387754440307617,16.722381591796875
reaction:2252,t-BuBrettPhos,1,,9.606838288,-6.113033294677734,17.33795166015625
reaction:2253,t-BuBrettPhos,1,,13.59760256,14.819721221923828,17.609519958496094
reaction:2254,t-BuBrettPhos,4,,10.04227922,15.513805389404297,15.431180000305176
reaction:2255,t-BuBrettPhos,0,,4.444109893,18.469242095947266,17.845491409301758
reaction:2256,t-BuBrettPhos,4,,2.413308832,22.304515838623047,16.047863006591797
reaction:2257,t-BuBrettPhos,2,,12.05269157,18.497831344604492,16.56446647644043
reaction:2258,t-BuBrettPhos,2,,0.0,0.32733154296875,16.366458892822266
reaction:2259,t-BuBrettPhos,0,,6.360003901000001,0.14142990112304688,17.961503982543945
reaction:2260,t-BuBrettPhos,1,,6.499222361,-3.6556434631347656,17.333003997802734
reaction:2261,t-BuBrettPhos,1,,0.7015522279999999,-8.18804931640625,16.660505294799805
reaction:2262,t-BuBrettPhos,3,,2.069098233,1.761627197265625,16.661392211914062
reaction:2263,t-BuBrettPhos,3,,3.566410027,2.070453643798828,15.638381004333496
reaction:2264,t-BuBrettPhos,3,,0.0,-22.151321411132812,16.439407348632812
reaction:2265,t-BuBrettPhos,4,,0.64714493,-7.631381988525391,16.599445343017578
reaction:2266,t-BuBrettPhos,4,,2.042704931,2.156320571899414,16.103578567504883
reaction:2267,t-BuBrettPhos,0,,0.8551124720000001,-11.688705444335938,17.60439109802246
reaction:2268,t-BuBrettPhos,4,,2.370474153,6.50495719909668,15.728611946105957
reaction:2269,t-BuBrettPhos,2,,6.026719466,25.20413589477539,16.488618850708008
reaction:2270,t-BuBrettPhos,2,,0.0,5.857732772827148,16.772642135620117
reaction:2271,t-BuBrettPhos,0,,1.592422994,8.694684982299805,17.14957618713379
reaction:2272,t-BuBrettPhos,1,,2.633148758,21.10267448425293,18.295595169067383
reaction:2273,t-BuBrettPhos,1,,0.0,-15.117080688476562,17.84343147277832
reaction:2274,t-BuBrettPhos,2,,1.73070141,15.040826797485352,16.16874885559082
reaction:2275,t-BuBrettPhos,0,,2.661542727,15.608051300048828,17.42616844177246
reaction:2276,t-BuBrettPhos,3,,20.0833829,6.9846343994140625,16.142629623413086
reaction:2277,t-BuBrettPhos,2,,22.43503561,20.4417724609375,16.482257843017578
reaction:2278,t-BuBrettPhos,4,,22.47082227,22.803325653076172,16.28105926513672
reaction:2279,t-BuBrettPhos,4,,0.788355769,-3.1434974670410156,16.262561798095703
reaction:2280,t-BuBrettPhos,0,,15.37805239,18.039997100830078,17.12140464782715
reaction:2281,t-BuBrettPhos,3,,15.73387398,21.96684455871582,15.752289772033691
reaction:2282,t-BuBrettPhos,1,,13.65409275,-3.255035400390625,17.140865325927734
reaction:2283,t-BuBrettPhos,2,,30.87951231,36.47322082519531,16.36884117126465
reaction:2284,t-BuBrettPhos,2,,33.69627508,45.192745208740234,16.666587829589844
reaction:2285,t-BuBrettPhos,0,,40.01187418,43.32908630371094,17.854610443115234
reaction:2286,t-BuBrettPhos,2,,40.89777506,44.10120391845703,16.40973472595215
reaction:2287,t-BuBrettPhos,3,,44.9389876,50.44902801513672,15.174104690551758
reaction:2288,t-BuBrettPhos,1,,28.90716664,-0.024326324462890625,17.77579116821289
reaction:2289,t-BuBrettPhos,0,,32.16902238,41.29978942871094,17.86973762512207
reaction:2290,t-BuBrettPhos,2,,33.39106531,48.075984954833984,16.184358596801758
reaction:2291,t-BuBrettPhos,0,,16.27214516,19.55715560913086,15.966978073120117
reaction:2292,t-BuBrettPhos,3,,30.61272696,30.37872886657715,17.87814712524414
reaction:2293,t-BuBrettPhos,2,,42.70251629,37.33759689331055,16.24449920654297
reaction:2294,t-BuBrettPhos,0,,0.593797719,11.484785079956055,15.857274055480957
reaction:2295,t-BuBrettPhos,4,,23.1010236,36.14154815673828,16.221704483032227
reaction:2296,t-BuBrettPhos,2,,29.85245303,30.917003631591797,16.407121658325195
reaction:2297,t-BuBrettPhos,3,,9.228754169,21.350814819335938,17.0741024017334
reaction:2298,t-BuBrettPhos,2,,54.9141799,55.24452209472656,16.042125701904297
reaction:2299,t-BuBrettPhos,0,,59.29246641,53.89683532714844,15.757792472839355
reaction:2300,t-BuBrettPhos,0,,56.49708288,58.398746490478516,16.107547760009766
reaction:2301,t-BuBrettPhos,4,,63.56506276,65.25155639648438,16.173864364624023
reaction:2302,t-BuBrettPhos,4,,68.44214129,62.674278259277344,16.184371948242188
reaction:2303,t-BuBrettPhos,0,,36.10795647,27.869709014892578,15.748290061950684
reaction:2304,t-BuBrettPhos,2,,70.74157393,43.10980224609375,15.694900512695312
reaction:2305,t-BuBrettPhos,1,,73.24639173,47.693721771240234,17.0727481842041
reaction:2306,t-BuBrettPhos,4,,16.10027076,3.734415054321289,16.444660186767578
reaction:2307,t-BuBrettPhos,3,,29.89972719,25.30177116394043,17.825876235961914
reaction:2308,t-BuBrettPhos,2,,33.0062022,33.23686599731445,16.170372009277344
reaction:2309,t-BuBrettPhos,3,,0.0,-6.330085754394531,17.370464324951172
reaction:2310,t-BuBrettPhos,2,,11.92095297,15.463823318481445,16.032901763916016
reaction:2311,t-BuBrettPhos,0,,18.20662132,31.329133987426758,15.432760238647461
reaction:2312,t-BuBrettPhos,4,,9.58087319,-4.668041229248047,16.194887161254883
reaction:2313,t-BuBrettPhos,0,,38.52322666,42.00740432739258,16.218608856201172
reaction:2314,t-BuBrettPhos,2,,44.01604328,58.431243896484375,16.076034545898438
reaction:2315,t-BuBrettPhos,0,,36.66758858,41.526004791259766,16.032114028930664
reaction:2316,t-BuBrettPhos,3,,43.48269562,47.9163818359375,16.771724700927734
reaction:2317,t-BuBrettPhos,0,,47.63381676,62.82573699951172,15.17723560333252
reaction:2318,t-BuBrettPhos,4,,24.80297238,15.225566864013672,16.263954162597656
reaction:2319,t-BuBrettPhos,2,,53.55291415,50.9063606262207,15.930830001831055
reaction:2320,t-BuBrettPhos,1,,58.6831586,57.92352294921875,17.152494430541992
reaction:2321,t-BuBrettPhos,1,,22.90680768,21.787111282348633,16.341421127319336
reaction:2322,t-BuBrettPhos,1,,36.5499256,41.23094940185547,17.043350219726562
reaction:2323,t-BuBrettPhos,3,,49.30223849,50.18421936035156,16.51099967956543
reaction:2324,t-BuBrettPhos,1,,0.710304987,6.270774841308594,16.658645629882812
reaction:2325,t-BuBrettPhos,4,,29.57593303,37.21672058105469,16.28294563293457
reaction:2326,t-BuBrettPhos,0,,35.50826326,44.231971740722656,15.623008728027344
reaction:2327,t-BuBrettPhos,4,,13.45243807,8.664148330688477,16.347705841064453
reaction:2328,t-BuBrettPhos,4,,65.066599,63.54280090332031,15.831917762756348
reaction:2329,t-BuBrettPhos,0,,69.13479769,73.58979797363281,15.690223693847656
reaction:2330,t-BuBrettPhos,0,,80.10225068,73.35881805419922,16.195667266845703
reaction:2331,t-BuBrettPhos,1,,85.13318487,79.51046752929688,16.677562713623047
reaction:2332,t-BuBrettPhos,4,,89.59877790000002,86.20343017578125,16.415271759033203
reaction:2333,t-BuBrettPhos,3,,40.91094026,28.182817459106445,16.7178897857666
reaction:2334,t-BuBrettPhos,0,,80.00019125,82.24321746826172,16.501489639282227
reaction:2335,t-BuBrettPhos,0,,83.40919805,91.17852783203125,16.206741333007812
reaction:2336,AdBrettPhos,0,,0.0,-18.478954315185547,15.126327514648438
reaction:2337,AdBrettPhos,4,,0.0,-4.4153594970703125,16.581573486328125
reaction:2338,AdBrettPhos,1,,12.15190247,0.3145637512207031,16.988489151000977
reaction:2339,AdBrettPhos,1,,0.0,-27.37082290649414,16.488927841186523
reaction:2340,AdBrettPhos,2,,0.0,12.250631332397461,16.122032165527344
reaction:2341,AdBrettPhos,0,,7.843927615,10.327486038208008,15.474113464355469
reaction:2342,AdBrettPhos,1,,0.0,-25.392749786376953,16.63960075378418
reaction:2343,AdBrettPhos,1,,1.023181291,21.77543067932129,16.931652069091797
reaction:2344,AdBrettPhos,4,,14.17510686,26.088167190551758,15.674285888671875
reaction:2345,AdBrettPhos,2,,0.0,28.210491180419922,16.209487915039062
reaction:2346,AdBrettPhos,2,,0.0,36.17189407348633,16.52519989013672
reaction:2347,AdBrettPhos,0,,17.5357483,31.682035446166992,15.960867881774902
reaction:2348,AdBrettPhos,1,,0.0,-13.445938110351562,17.021400451660156
reaction:2349,AdBrettPhos,2,,0.0,26.610212326049805,16.383012771606445
reaction:2350,AdBrettPhos,3,,16.7720232,17.017379760742188,16.193445205688477
reaction:2351,AdBrettPhos,2,,12.19056007,12.920198440551758,15.90589427947998
reaction:2352,AdBrettPhos,1,,34.43934364,32.46696472167969,16.97348403930664
reaction:2353,AdBrettPhos,4,,36.629676,40.00635528564453,16.3806209564209
reaction:2354,AdBrettPhos,0,,0.4065857229999999,13.151268005371094,15.820671081542969
reaction:2355,AdBrettPhos,2,,33.21564888,28.834758758544922,16.168636322021484
reaction:2356,AdBrettPhos,0,,37.49278178,42.73333740234375,15.497904777526855
reaction:2357,AdBrettPhos,0,,1.161532817,12.533037185668945,16.476455688476562
reaction:2358,AdBrettPhos,2,,50.13324447,39.73428726196289,15.778069496154785
reaction:2359,AdBrettPhos,1,,58.15311301,57.69317626953125,16.969375610351562
reaction:2360,AdBrettPhos,1,,43.94688122,30.62576675415039,16.725448608398438
reaction:2361,AdBrettPhos,3,,46.59177534,36.6190071105957,16.662532806396484
reaction:2362,AdBrettPhos,4,,51.25885662,50.951969146728516,16.299684524536133
reaction:2363,AdBrettPhos,3,,14.93339955,14.333925247192383,16.389875411987305
reaction:2364,AdBrettPhos,4,,55.59012858,51.86573791503906,16.52830696105957
reaction:2365,AdBrettPhos,0,,55.78951841,61.0855712890625,15.821239471435547
reaction:2366,AdBrettPhos,3,,14.51047679,28.113452911376953,17.042011260986328
reaction:2367,AdBrettPhos,1,,38.37909694,46.19662094116211,17.014068603515625
reaction:2368,AdBrettPhos,1,,52.49415636,54.02958679199219,16.792356491088867
reaction:2369,AdBrettPhos,4,,0.7862553109999999,17.511825561523438,16.48105812072754
reaction:2370,AdBrettPhos,2,,47.61178197,42.76700973510742,16.243953704833984
reaction:2371,AdBrettPhos,2,,50.83768511,52.27569580078125,16.222599029541016
reaction:2372,AdBrettPhos,3,,1.226267555,17.247692108154297,16.616779327392578
reaction:2373,AdBrettPhos,0,,75.29152855,57.05150604248047,14.532519340515137
reaction:2374,AdBrettPhos,3,,79.19714754,77.50422668457031,16.480222702026367
reaction:2375,AdBrettPhos,2,,83.03295526,67.43562316894531,16.22283363342285
reaction:2376,AdBrettPhos,1,,93.56409267,68.96585845947266,17.273035049438477
reaction:2377,AdBrettPhos,3,,96.13228316,88.77671813964844,15.963924407958984
reaction:2378,AdBrettPhos,1,,11.53765302,21.225772857666016,16.7198486328125
reaction:2379,AdBrettPhos,0,,89.97416157,66.88768768310547,15.37281322479248
reaction:2380,AdBrettPhos,2,,86.79260178,83.07106018066406,16.106435775756836
reaction:2381,AdBrettPhos,2,,7.257395781,-4.18792724609375,15.319893836975098
reaction:2382,AdBrettPhos,1,,9.576264128,2.2226600646972656,16.703622817993164
reaction:2383,AdBrettPhos,1,,10.75553549,10.5455322265625,15.977142333984375
reaction:2384,AdBrettPhos,1,,0.6131578329999999,-7.852394104003906,15.92448616027832
reaction:2385,AdBrettPhos,2,,10.63604029,12.253520965576172,15.650699615478516
reaction:2386,AdBrettPhos,4,,14.35852859,17.279850006103516,18.317873001098633
reaction:2387,AdBrettPhos,4,,1.582170389,-3.7353591918945312,17.396652221679688
reaction:2388,AdBrettPhos,2,,13.89350209,21.38251495361328,15.541437149047852
reaction:2389,AdBrettPhos,4,,23.26106265,29.757959365844727,17.121837615966797
reaction:2390,AdBrettPhos,1,,15.64688259,24.403806686401367,16.57706642150879
reaction:2391,AdBrettPhos,1,,16.4099085,26.34416961669922,16.8657169342041
reaction:2392,AdBrettPhos,4,,23.02454867,29.4459285736084,17.70176887512207
reaction:2393,AdBrettPhos,0,,7.488530825,-6.924003601074219,17.026968002319336
reaction:2394,AdBrettPhos,4,,12.60415393,3.9768753051757812,17.418886184692383
reaction:2395,AdBrettPhos,3,,14.36942688,15.522285461425781,17.218103408813477
reaction:2396,AdBrettPhos,3,,0.0,-6.757938385009766,17.810606002807617
reaction:2397,AdBrettPhos,1,,3.835722246,8.24169921875,16.762537002563477
reaction:2398,AdBrettPhos,3,,13.98397961,14.448820114135742,17.670793533325195
reaction:2399,AdBrettPhos,0,,0.0,-9.559707641601562,17.141786575317383
reaction:2400,AdBrettPhos,0,,1.520182439,2.458200454711914,16.88532066345215
reaction:2401,AdBrettPhos,1,,16.00671459,13.845731735229492,15.564864158630371
reaction:2402,AdBrettPhos,2,,0.0,-14.810791015625,15.776939392089844
reaction:2403,AdBrettPhos,0,,3.744544243,13.543312072753906,16.679183959960938
reaction:2404,AdBrettPhos,0,,27.85496925,31.27118492126465,16.289485931396484
reaction:2405,AdBrettPhos,1,,3.964447459,4.869501113891602,16.752643585205078
reaction:2406,AdBrettPhos,2,,6.168096918,9.500328063964844,15.928736686706543
reaction:2407,AdBrettPhos,2,,14.42398425,20.855234146118164,15.113419532775879
reaction:2408,AdBrettPhos,1,,0.0,-7.117790222167969,16.269983291625977
reaction:2409,AdBrettPhos,1,,7.466671245,22.854778289794922,15.869283676147461
reaction:2410,AdBrettPhos,1,,17.36013023,30.927492141723633,15.918651580810547
reaction:2411,AdBrettPhos,3,,5.889073661,8.264575958251953,18.260881423950195
reaction:2412,AdBrettPhos,2,,27.06341711,22.776561737060547,16.198850631713867
reaction:2413,AdBrettPhos,0,,34.65614692,33.95231628417969,16.68616485595703
reaction:2414,AdBrettPhos,1,,0.0,-3.3948936462402344,16.060760498046875
reaction:2415,AdBrettPhos,1,,24.41645938,21.128366470336914,16.277265548706055
reaction:2416,AdBrettPhos,2,,25.12838943,34.41102600097656,15.918396949768066
reaction:2417,AdBrettPhos,2,,0.954745242,-4.314796447753906,15.969762802124023
reaction:2418,AdBrettPhos,2,,43.35191306,36.550376892089844,15.598058700561523
reaction:2419,AdBrettPhos,3,,51.5902696,54.10856628417969,17.598718643188477
reaction:2420,AdBrettPhos,1,,48.18783868,42.573509216308594,16.721290588378906
reaction:2421,AdBrettPhos,2,,49.14544471,48.994956970214844,16.105690002441406
reaction:2422,AdBrettPhos,3,,63.351286,62.83293914794922,17.254730224609375
reaction:2423,AdBrettPhos,0,,3.647451971,2.7358951568603516,17.136821746826172
reaction:2424,AdBrettPhos,0,,43.17813797,42.05888748168945,16.442794799804688
reaction:2425,AdBrettPhos,2,,47.34357171,57.419273376464844,15.391443252563477
reaction:2426,AdBrettPhos,0,,0.698318685,-6.862224578857422,17.924020767211914
reaction:2427,AdBrettPhos,2,,2.97486192,-6.216426849365234,17.122148513793945
reaction:2428,AdBrettPhos,4,,3.10979023,1.9189720153808594,16.842721939086914
reaction:2429,AdBrettPhos,2,,0.0,-12.679500579833984,17.20658302307129
reaction:2430,AdBrettPhos,2,,0.489044772,2.7771873474121094,16.91045570373535
reaction:2431,AdBrettPhos,0,,4.88514688,4.2933349609375,17.421384811401367
reaction:2432,AdBrettPhos,2,,0.0,-12.36050033569336,16.793325424194336
reaction:2433,AdBrettPhos,4,,1.305562617,14.315990447998047,16.965452194213867
reaction:2434,AdBrettPhos,4,,6.931862367000001,14.504249572753906,16.350433349609375
reaction:2435,AdBrettPhos,3,,0.0,13.465784072875977,16.28089141845703
reaction:2436,AdBrettPhos,4,,0.0,16.028717041015625,17.511388778686523
reaction:2437,AdBrettPhos,0,,6.151237345,14.271675109863281,18.494646072387695
reaction:2438,AdBrettPhos,1,,0.0,-4.575065612792969,18.09762954711914
reaction:2439,AdBrettPhos,3,,2.42482932,-5.906471252441406,16.18697738647461
reaction:2440,AdBrettPhos,3,,7.121202502999999,5.546150207519531,16.64089584350586
reaction:2441,AdBrettPhos,2,,0.0,-7.306312561035156,16.642168045043945
reaction:2442,AdBrettPhos,0,,1.12036933,0.5837669372558594,17.569673538208008
reaction:2443,AdBrettPhos,2,,1.896181594,7.101694107055664,16.465438842773438
reaction:2444,AdBrettPhos,3,,0.0,-15.218589782714844,15.918869018554688
reaction:2445,AdBrettPhos,4,,0.0,-2.9457550048828125,16.800640106201172
reaction:2446,AdBrettPhos,4,,0.974444275,5.624917984008789,17.745765686035156
reaction:2447,AdBrettPhos,0,,0.0,-13.406364440917969,18.735666275024414
reaction:2448,AdBrettPhos,2,,0.9560868,4.02311897277832,16.805105209350586
reaction:2449,AdBrettPhos,3,,2.600006823,18.475624084472656,16.533357620239258
reaction:2450,AdBrettPhos,4,,0.0,-5.355628967285156,16.56519889831543
reaction:2451,AdBrettPhos,4,,0.0,4.102411270141602,17.475231170654297
reaction:2452,AdBrettPhos,1,,0.0,7.072818756103516,17.6632137298584
reaction:2453,AdBrettPhos,1,,0.0,-10.567584991455078,18.084606170654297
reaction:2454,AdBrettPhos,1,,0.0,12.141593933105469,17.340879440307617
reaction:2455,AdBrettPhos,4,,1.40959558,21.03154945373535,17.607276916503906
reaction:2456,AdBrettPhos,4,,17.87933698,1.3933734893798828,17.10664939880371
reaction:2457,AdBrettPhos,0,,24.40165539,18.400012969970703,17.440563201904297
reaction:2458,AdBrettPhos,1,,24.45376754,25.835952758789062,17.515235900878906
reaction:2459,AdBrettPhos,2,,1.682541771,-4.8037109375,17.237211227416992
reaction:2460,AdBrettPhos,1,,18.44134196,17.049224853515625,17.943647384643555
reaction:2461,AdBrettPhos,2,,18.87491239,25.607149124145508,16.88104248046875
reaction:2462,AdBrettPhos,2,,6.9499718360000005,-4.734981536865234,16.885393142700195
reaction:2463,AdBrettPhos,1,,30.37188127,28.95319938659668,18.134096145629883
reaction:2464,AdBrettPhos,1,,33.47151562,40.339866638183594,17.847957611083984
reaction:2465,AdBrettPhos,1,,34.48220577,33.9306526184082,18.11367416381836
reaction:2466,AdBrettPhos,1,,35.36016156,36.61119079589844,18.160070419311523
reaction:2467,AdBrettPhos,2,,35.68280094,53.521915435791016,15.97793960571289
reaction:2468,AdBrettPhos,3,,18.37316337,1.7181892395019531,15.946747779846191
reaction:2469,AdBrettPhos,0,,27.82910373,35.61093521118164,17.393314361572266
reaction:2470,AdBrettPhos,3,,37.08543096,46.4104118347168,16.517576217651367
reaction:2471,AdBrettPhos,2,,8.62455294,-0.0557861328125,16.303062438964844
reaction:2472,AdBrettPhos,0,,14.26125924,17.411468505859375,16.24921417236328
reaction:2473,AdBrettPhos,3,,28.49871025,23.889633178710938,17.549560546875
reaction:2474,AdBrettPhos,2,,0.538585368,-3.592182159423828,16.958471298217773
reaction:2475,AdBrettPhos,2,,13.34881918,17.442821502685547,16.17657470703125
reaction:2476,AdBrettPhos,2,,28.28230111,22.753610610961914,16.362995147705078
reaction:2477,AdBrettPhos,2,,1.999177844,-2.8779945373535156,16.527494430541992
reaction:2478,AdBrettPhos,1,,27.16016891,39.830867767333984,17.318876266479492
reaction:2479,AdBrettPhos,2,,50.52138402,36.625511169433594,16.64277458190918
reaction:2480,AdBrettPhos,4,,20.00288675,42.29701232910156,16.576860427856445
reaction:2481,AdBrettPhos,0,,25.99050807,46.923194885253906,16.256010055541992
reaction:2482,AdBrettPhos,0,,40.32898976,52.890830993652344,17.4550724029541
reaction:2483,AdBrettPhos,3,,13.34689497,6.076454162597656,17.017860412597656
reaction:2484,AdBrettPhos,2,,40.63647217,24.740224838256836,16.898601531982422
reaction:2485,AdBrettPhos,2,,74.04736649,32.2501106262207,16.368270874023438
reaction:2486,AdBrettPhos,4,,5.195732957,2.4299259185791016,16.657367706298828
reaction:2487,AdBrettPhos,1,,19.31180946,18.905467987060547,17.735286712646484
reaction:2488,AdBrettPhos,1,,30.77223842,27.714805603027344,17.2014102935791
reaction:2489,AdBrettPhos,0,,0.0,-4.015312194824219,16.755456924438477
reaction:2490,AdBrettPhos,4,,11.75749506,10.51425552368164,16.516735076904297
reaction:2491,AdBrettPhos,3,,23.34747951,25.638248443603516,17.137744903564453
reaction:2492,AdBrettPhos,4,,1.039903259,-6.8435516357421875,16.523277282714844
reaction:2493,AdBrettPhos,4,,28.39783953,26.919689178466797,16.678253173828125
reaction:2494,AdBrettPhos,2,,39.89470015,48.815406799316406,16.3801212310791
reaction:2495,AdBrettPhos,2,,13.79100096,19.722911834716797,16.938655853271484
reaction:2496,AdBrettPhos,1,,19.53099508,22.82750701904297,17.584983825683594
reaction:2497,AdBrettPhos,0,,26.870862899999995,41.07896041870117,17.530153274536133
reaction:2498,AdBrettPhos,3,,9.396462800000002,1.5754852294921875,17.1357364654541
reaction:2499,AdBrettPhos,1,,40.58293806,43.81775665283203,17.008777618408203
reaction:2500,AdBrettPhos,1,,52.66349061,63.03114700317383,17.129276275634766
reaction:2501,AdBrettPhos,3,,15.85078385,14.387556076049805,17.49901008605957
reaction:2502,AdBrettPhos,1,,32.88980878,33.29446792602539,17.729633331298828
reaction:2503,AdBrettPhos,4,,47.13760632,44.712467193603516,17.027238845825195
reaction:2504,AdBrettPhos,2,,0.7072545920000001,3.5903549194335938,17.037683486938477
reaction:2505,AdBrettPhos,4,,32.71728338,27.697786331176758,16.366626739501953
reaction:2506,AdBrettPhos,1,,41.68551837,41.727542877197266,16.463010787963867
reaction:2507,AdBrettPhos,2,,1.753987647,4.07624626159668,16.68068504333496
reaction:2508,AdBrettPhos,1,,54.56471519,52.805824279785156,17.74241828918457
reaction:2509,AdBrettPhos,3,,68.58213231,67.39788818359375,17.19721221923828
reaction:2510,AdBrettPhos,1,,60.52865164,50.21000671386719,17.369909286499023
reaction:2511,AdBrettPhos,1,,67.75052852,56.793235778808594,17.832490921020508
reaction:2512,AdBrettPhos,4,,80.80959568,74.25456237792969,16.733421325683594
reaction:2513,AdBrettPhos,2,,6.777260235,17.193965911865234,16.010059356689453
reaction:2514,AdBrettPhos,1,,48.77228165,68.36653137207031,16.859365463256836
reaction:2515,AdBrettPhos,1,,74.51133845,88.53681182861328,17.070056915283203
reaction:2516,XPhos,2,,24.10905766,28.44587516784668,18.48330307006836
reaction:2517,XPhos,3,,32.87780619,27.281118392944336,19.22536277770996
reaction:2518,XPhos,2,,43.39942952,41.63429260253906,17.93753433227539
reaction:2519,XPhos,4,,1.221284135,16.22431755065918,18.152687072753906
reaction:2520,XPhos,0,,25.1779767,27.775177001953125,15.188109397888184
reaction:2521,XPhos,4,,32.37253744,34.10798263549805,17.569490432739258
reaction:2522,XPhos,4,,7.676008537,20.547840118408203,17.2791805267334
reaction:2523,XPhos,0,,60.41732712,47.26429748535156,17.28061294555664
reaction:2524,XPhos,3,,64.50667156,53.87185287475586,18.521465301513672
reaction:2525,XPhos,4,,36.55522639,31.709497451782227,19.615488052368164
reaction:2526,XPhos,3,,46.64960106,35.79689407348633,19.43625259399414
reaction:2527,XPhos,0,,47.85301388,36.80269241333008,15.801970481872559
reaction:2528,XPhos,0,,21.44960942,29.254566192626953,18.29142189025879
reaction:2529,XPhos,0,,27.71714775,30.461898803710938,17.92190933227539
reaction:2530,XPhos,0,,52.2237426,44.68447494506836,18.470903396606445
reaction:2531,XPhos,0,,15.42545497,12.59360122680664,17.64374351501465
reaction:2532,XPhos,0,,30.08596307,27.198883056640625,15.219082832336426
reaction:2533,XPhos,4,,35.8368136,35.213199615478516,18.323549270629883
reaction:2534,XPhos,1,,0.0,-1.410552978515625,18.203760147094727
reaction:2535,XPhos,1,,11.6535106,11.605352401733398,16.257719039916992
reaction:2536,XPhos,1,,17.02843498,18.55202293395996,17.532732009887695
reaction:2537,XPhos,0,,1.188847918,0.9531478881835938,16.466758728027344
reaction:2538,XPhos,4,,32.40012299,26.456512451171875,18.14592170715332
reaction:2539,XPhos,3,,27.27757284,33.37548065185547,18.472003936767578
reaction:2540,XPhos,4,,24.95662893,23.118860244750977,19.563779830932617
reaction:2541,XPhos,0,,45.54864618,43.445037841796875,18.01076889038086
reaction:2542,XPhos,1,,42.79858664,49.73908233642578,18.27376365661621
reaction:2543,XPhos,1,,8.905135224,6.666694641113281,17.90855598449707
reaction:2544,XPhos,3,,18.1199602,20.349681854248047,19.12677764892578
reaction:2545,XPhos,4,,27.22195897,30.311410903930664,19.48395347595215
reaction:2546,XPhos,2,,8.286467695,17.73385238647461,18.272104263305664
reaction:2547,XPhos,4,,22.46669781,29.01295280456543,19.719776153564453
reaction:2548,XPhos,0,,37.70168941,38.49528121948242,17.50019073486328
reaction:2549,XPhos,0,,0.0,-0.10819625854492188,17.166975021362305
reaction:2550,XPhos,3,,8.034140762,12.050718307495117,16.859277725219727
reaction:2551,XPhos,0,,20.18480169,17.211021423339844,14.962071418762207
reaction:2552,XPhos,3,,0.662349524,4.070159912109375,18.400936126708984
reaction:2553,XPhos,3,,21.77773542,35.43720626831055,19.83664321899414
reaction:2554,XPhos,0,,53.28001638,43.375083923339844,15.419883728027344
reaction:2555,XPhos,1,,23.90935743,28.106142044067383,18.694448471069336
reaction:2556,XPhos,0,,47.15771685,47.884002685546875,17.947160720825195
reaction:2557,XPhos,4,,62.53548833,53.272308349609375,19.939245223999023
reaction:2558,XPhos,4,,4.577603745,6.792793273925781,17.022281646728516
reaction:2559,XPhos,4,,21.19444726,20.972614288330078,17.15696144104004
reaction:2560,XPhos,4,,42.00065126,35.22518539428711,19.571369171142578
reaction:2561,XPhos,3,,18.40035471,24.432613372802734,17.133413314819336
reaction:2562,XPhos,1,,16.25238798,31.484893798828125,19.65358543395996
reaction:2563,XPhos,2,,42.71521565,38.399147033691406,18.32594108581543
reaction:2564,XPhos,3,,0.0,13.521219253540039,19.599502563476562
reaction:2565,XPhos,0,,39.12148383,29.195632934570312,17.02566146850586
reaction:2566,XPhos,4,,47.59873076,29.490657806396484,16.80843734741211
reaction:2567,XPhos,1,,3.5977898880000003,22.436830520629883,19.37310791015625
reaction:2568,XPhos,2,,69.98737297,43.987728118896484,17.013267517089844
reaction:2569,XPhos,4,,70.05483344,45.95158767700195,17.508960723876953
reaction:2570,XPhos,4,,20.97581455,26.907337188720703,18.702943801879883
reaction:2571,XPhos,0,,23.18775097,35.4578857421875,19.49939727783203
reaction:2572,XPhos,1,,22.00500964,39.5316047668457,19.078325271606445
reaction:2573,XPhos,4,,18.04784884,26.14444351196289,16.393651962280273
reaction:2574,XPhos,0,,23.57347354,31.681596755981445,19.375181198120117
reaction:2575,XPhos,3,,81.35759178,41.82283020019531,17.7710018157959
reaction:2576,XPhos,1,,14.75153907,10.799680709838867,19.339338302612305
reaction:2577,XPhos,3,,31.62416369,21.926523208618164,19.5100040435791
reaction:2578,XPhos,3,,37.39576088,34.775177001953125,17.763307571411133
reaction:2579,XPhos,1,,0.448085745,-2.852771759033203,18.990983963012695
reaction:2580,XPhos,2,,13.27473408,16.513134002685547,19.54007911682129
reaction:2581,XPhos,2,,17.72318391,24.352458953857422,17.60625648498535
reaction:2582,XPhos,3,,3.418730848,-0.8353958129882812,18.61056137084961
reaction:2583,XPhos,3,,25.1224442,33.58903884887695,20.21074676513672
reaction:2584,XPhos,2,,30.07190595,38.091922760009766,17.80152702331543
reaction:2585,XPhos,2,,22.54874195,22.117631912231445,17.29047393798828
reaction:2586,XPhos,0,,36.80117668,39.709083557128906,19.575820922851562
reaction:2587,XPhos,3,,42.20791273,37.89539337158203,19.31707191467285
reaction:2588,XPhos,0,,8.748271212999999,6.207038879394531,19.586231231689453
reaction:2589,XPhos,0,,19.13281286,21.793052673339844,19.308849334716797
reaction:2590,XPhos,1,,27.47497093,39.36188507080078,17.025737762451172
reaction:2591,XPhos,3,,9.361658454,18.405029296875,17.410810470581055
reaction:2592,XPhos,0,,22.12521071,27.487083435058594,16.784303665161133
reaction:2593,XPhos,0,,38.83428513,40.97275924682617,19.246400833129883
reaction:2594,XPhos,3,,0.0,7.309141159057617,19.647077560424805
reaction:2595,XPhos,0,,9.540244592,13.695976257324219,17.17254066467285
reaction:2596,XPhos,3,,21.41511712,23.834877014160156,19.92689323425293
reaction:2597,XPhos,1,,2.217163117,6.640951156616211,19.42049789428711
reaction:2598,XPhos,3,,25.83582864,39.89794921875,20.380155563354492
reaction:2599,XPhos,4,,53.84533811,43.74406051635742,17.456573486328125
reaction:2600,XPhos,0,,25.36847762,25.023988723754883,16.76497459411621
reaction:2601,XPhos,0,,50.91041247,46.242408752441406,19.640506744384766
reaction:2602,XPhos,3,,62.69909879,46.207542419433594,19.34913444519043
reaction:2603,XPhos,1,,5.005508734,8.018941879272461,18.530439376831055
reaction:2604,XPhos,0,,24.92895829,24.536170959472656,19.405208587646484
reaction:2605,XPhos,4,,43.08223061,44.31942367553711,18.479753494262695
reaction:2606,XPhos,0,,26.47105008,20.543060302734375,19.652578353881836
reaction:2607,XPhos,3,,15.00790512,23.609453201293945,19.11015510559082
reaction:2608,XPhos,1,,40.67066673,36.803829193115234,18.57963752746582
reaction:2609,XPhos,0,,10.03471889,27.082128524780273,19.264909744262695
reaction:2610,XPhos,2,,44.50757189,35.58589172363281,18.46023941040039
reaction:2611,XPhos,0,,50.81226991,43.046630859375,17.17780876159668
reaction:2612,XPhos,0,,13.26153778,16.17523956298828,18.946250915527344
reaction:2613,XPhos,4,,66.43295508,42.14707565307617,17.666702270507812
reaction:2614,XPhos,4,,69.21564786,42.89772415161133,17.45636558532715
reaction:2615,XPhos,2,,16.47592229,25.586637496948242,16.36069679260254
reaction:2616,XPhos,0,,19.59466142,33.334110260009766,20.12717056274414
reaction:2617,XPhos,4,,19.12358264,33.121337890625,19.325580596923828
reaction:2618,XPhos,4,,37.0158274,21.39614486694336,16.48761749267578
reaction:2619,XPhos,1,,10.02539168,27.291044235229492,16.743667602539062
reaction:2620,XPhos,2,,41.01536377,41.26250457763672,17.439998626708984
reaction:2621,XPhos,1,,17.88950545,18.63117027282715,18.826215744018555
reaction:2622,XPhos,3,,30.84474943,30.11978530883789,19.25190544128418
reaction:2623,XPhos,1,,42.94679968,39.4162483215332,18.452726364135742
reaction:2624,XPhos,1,,39.22831543,7.299463272094727,18.821809768676758
reaction:2625,XPhos,3,,47.13740479,30.232744216918945,16.797290802001953
reaction:2626,XPhos,4,,49.46765787,31.960025787353516,17.093935012817383
reaction:2627,XPhos,3,,6.2629300720000005,8.516124725341797,18.28241729736328
reaction:2628,XPhos,0,,24.92429214,39.61346435546875,19.19377899169922
reaction:2629,XPhos,2,,29.29928272,44.44308090209961,16.70502281188965
reaction:2630,XPhos,1,,26.0695387,25.024660110473633,19.291675567626953
reaction:2631,XPhos,2,,40.32928262,45.09455108642578,16.211772918701172
reaction:2632,XPhos,3,,46.57912629,47.884429931640625,18.935142517089844
reaction:2633,XPhos,0,,10.87603871,20.072059631347656,20.006389617919922
reaction:2634,XPhos,0,,19.12422917,24.50735092163086,19.75144386291504
reaction:2635,XPhos,0,,30.41179661,37.7745246887207,20.135835647583008
reaction:2636,XPhos,4,,12.69227905,27.347681045532227,18.729991912841797
reaction:2637,XPhos,1,,24.01338043,31.63689613342285,19.56678009033203
reaction:2638,XPhos,2,,38.95047983,48.45052719116211,17.47687530517578
reaction:2639,XPhos,1,,38.99137319,10.15463638305664,18.625577926635742
reaction:2640,XPhos,2,,45.82883908,31.281949996948242,18.626752853393555
reaction:2641,XPhos,4,,50.09626002,35.545921325683594,17.2300968170166
reaction:2642,XPhos,2,,5.967393026,13.642393112182617,17.19767951965332
reaction:2643,XPhos,3,,28.83921229,42.011924743652344,19.887657165527344
reaction:2644,XPhos,2,,55.76912496,57.084388732910156,16.84880828857422
reaction:2645,XPhos,1,,27.19452945,29.12273597717285,19.313451766967773
reaction:2646,XPhos,3,,55.41075316,49.750370025634766,19.297943115234375
reaction:2647,XPhos,1,,64.88423444,54.75035858154297,18.696352005004883
reaction:2648,XPhos,2,,7.65708472,22.003787994384766,17.834306716918945
reaction:2649,XPhos,2,,24.91728565,25.68328094482422,16.121734619140625
reaction:2650,XPhos,1,,43.47281583,38.91383361816406,16.572834014892578
reaction:2651,XPhos,1,,6.618305452,10.84671401977539,17.907058715820312
reaction:2652,XPhos,3,,19.22189421,15.337894439697266,19.43386459350586
reaction:2653,XPhos,4,,38.88169758,24.426761627197266,17.020109176635742
reaction:2654,XPhos,2,,0.0,1.9610557556152344,14.315203666687012
reaction:2655,XPhos,3,,8.123761297,17.363842010498047,17.16740608215332
reaction:2656,XPhos,3,,9.226197008,20.338115692138672,19.98247528076172
reaction:2657,XPhos,1,,0.340410651,8.730417251586914,17.621702194213867
reaction:2658,XPhos,2,,32.95642094,31.975021362304688,13.513924598693848
reaction:2659,XPhos,2,,47.36333704,35.505741119384766,14.142399787902832
reaction:2660,XPhos,2,,24.01631717,17.676734924316406,13.632631301879883
reaction:2661,XPhos,4,,30.07960625,20.572643280029297,18.12533187866211
reaction:2662,XPhos,0,,29.79340439,23.585269927978516,16.50714683532715
reaction:2663,XPhos,0,,3.1690993310000004,17.75878143310547,18.452253341674805
reaction:2664,XPhos,2,,18.20970217,15.088518142700195,13.607184410095215
reaction:2665,XPhos,2,,28.27747642,31.537973403930664,15.073453903198242
reaction:2666,XPhos,2,,9.330486935,6.425457000732422,15.949797630310059
reaction:2667,XPhos,3,,24.08891574,19.97220230102539,19.457218170166016
reaction:2668,XPhos,2,,26.99117029,33.46247863769531,14.822033882141113
reaction:2669,XPhos,1,,0.0,-3.6850128173828125,17.19184112548828
reaction:2670,XPhos,2,,7.405890222999999,5.987569808959961,16.445161819458008
reaction:2671,XPhos,0,,8.430071853,8.251314163208008,15.795111656188965
reaction:2672,XPhos,3,,0.72962294,-2.8579063415527344,18.377239227294922
reaction:2673,XPhos,0,,20.3250042,19.08367156982422,17.89072608947754
reaction:2674,XPhos,0,,20.51920273,24.839969635009766,15.871363639831543
reaction:2675,XPhos,3,,21.60400316,20.663799285888672,19.520809173583984
reaction:2676,XPhos,4,,30.2871506,35.30696487426758,17.98882293701172
reaction:2677,XPhos,0,,38.85520908,39.975059509277344,16.58155059814453
reaction:2678,XPhos,0,,4.143900161,5.154104232788086,18.68256187438965
reaction:2679,XPhos,0,,16.01570816,15.63047981262207,18.513267517089844
reaction:2680,XPhos,2,,19.48013153,24.73415756225586,14.824697494506836
reaction:2681,XPhos,4,,5.982836529,12.499404907226562,18.33468246459961
reaction:2682,XPhos,4,,19.02499104,26.090944290161133,18.944168090820312
reaction:2683,XPhos,2,,34.0336157,37.0803108215332,14.884772300720215
reaction:2684,XPhos,3,,0.0,1.402334213256836,19.24832534790039
reaction:2685,XPhos,2,,4.698019536,5.289613723754883,16.425067901611328
reaction:2686,XPhos,0,,8.109204436,9.923490524291992,15.71410846710205
reaction:2687,XPhos,1,,0.94272788,1.6257610321044922,17.666698455810547
reaction:2688,XPhos,3,,17.29489164,24.500566482543945,20.104379653930664
reaction:2689,XPhos,2,,38.16631108,33.884033203125,14.113211631774902
reaction:2690,XPhos,2,,25.48313253,22.27252197265625,13.788704872131348
reaction:2691,XPhos,4,,49.96376516,40.30843734741211,18.281118392944336
reaction:2692,XPhos,2,,54.07334238,48.50785827636719,12.634809494018555
reaction:2693,XPhos,3,,3.609434473,1.7053241729736328,16.914649963378906
reaction:2694,XPhos,4,,16.57162393,20.063594818115234,16.302804946899414
reaction:2695,XPhos,3,,32.51941474,28.91335105895996,17.617176055908203
reaction:2696,t-BuXPhos,4,,24.17024028,29.815284729003906,16.614561080932617
reaction:2697,t-BuXPhos,2,,35.80552258,39.760520935058594,18.432598114013672
reaction:2698,t-BuXPhos,3,,40.2947746,41.02715301513672,17.581249237060547
reaction:2699,t-BuXPhos,0,,3.120933892,10.548084259033203,17.46529197692871
reaction:2700,t-BuXPhos,2,,42.30149711,45.54943084716797,17.442907333374023
reaction:2701,t-BuXPhos,0,,40.31193463,44.406959533691406,17.52100372314453
reaction:2702,t-BuXPhos,4,,10.90397812,17.244380950927734,16.46824073791504
reaction:2703,t-BuXPhos,1,,61.05645885,59.17980194091797,17.84104347229004
reaction:2704,t-BuXPhos,4,,64.44051661,59.28118133544922,14.762163162231445
reaction:2705,t-BuXPhos,0,,70.14701034,60.54689025878906,17.63408851623535
reaction:2706,t-BuXPhos,4,,70.25926715,66.51124572753906,16.62714958190918
reaction:2707,t-BuXPhos,1,,73.95050649,61.83357238769531,18.25295066833496
reaction:2708,t-BuXPhos,3,,27.32089436,35.56958770751953,17.45547866821289
reaction:2709,t-BuXPhos,2,,72.8784855,52.33757781982422,18.258460998535156
reaction:2710,t-BuXPhos,3,,74.62339174,61.1088752746582,16.95262336730957
reaction:2711,t-BuXPhos,4,,21.83853262,19.416831970214844,16.179601669311523
reaction:2712,t-BuXPhos,1,,34.89766998,32.73387908935547,18.18151092529297
reaction:2713,t-BuXPhos,3,,40.40712226,38.48902893066406,17.703500747680664
reaction:2714,t-BuXPhos,3,,0.3399420529999999,0.8145294189453125,16.537229537963867
reaction:2715,t-BuXPhos,3,,37.12675544,37.24150848388672,18.0426082611084
reaction:2716,t-BuXPhos,2,,34.27058432,38.6519660949707,17.8620662689209
reaction:2717,t-BuXPhos,2,,1.3589469669999998,2.647245407104492,17.025405883789062
reaction:2718,t-BuXPhos,1,,57.33300234,55.455413818359375,17.95417022705078
reaction:2719,t-BuXPhos,1,,64.45105489,61.067787170410156,17.201669692993164
reaction:2720,t-BuXPhos,3,,61.13755675,62.259376525878906,17.697233200073242
reaction:2721,t-BuXPhos,2,,70.67829218,68.31941223144531,19.306682586669922
reaction:2722,t-BuXPhos,0,,58.46064001,71.42695617675781,17.766572952270508
reaction:2723,t-BuXPhos,1,,21.26152094,16.866376876831055,17.376575469970703
reaction:2724,t-BuXPhos,3,,61.01774399,67.39628601074219,15.942889213562012
reaction:2725,t-BuXPhos,3,,68.67316565,65.47648620605469,17.011882781982422
reaction:2726,t-BuXPhos,0,,24.48223218,23.474775314331055,17.016300201416016
reaction:2727,t-BuXPhos,0,,38.35488356,36.933109283447266,16.965768814086914
reaction:2728,t-BuXPhos,0,,42.68462411,45.706573486328125,17.37249183654785
reaction:2729,t-BuXPhos,0,,0.399824711,3.0245094299316406,17.396087646484375
reaction:2730,t-BuXPhos,4,,47.37471195,41.48375701904297,14.59221363067627
reaction:2731,t-BuXPhos,0,,42.52654707,44.42698669433594,17.63077735900879
reaction:2732,t-BuXPhos,4,,1.442502721,6.00213623046875,16.634056091308594
reaction:2733,t-BuXPhos,2,,67.97015702,66.33607482910156,17.099132537841797
reaction:2734,t-BuXPhos,4,,67.99152053,70.24420166015625,14.834753036499023
reaction:2735,t-BuXPhos,4,,83.17489955,76.70748901367188,16.95313835144043
reaction:2736,t-BuXPhos,4,,81.27460019,83.06822967529297,16.603717803955078
reaction:2737,t-BuXPhos,1,,84.68245385,80.98524475097656,18.313005447387695
reaction:2738,t-BuXPhos,4,,23.79770547,26.97681999206543,15.760781288146973
reaction:2739,t-BuXPhos,4,,79.51166554,79.04203796386719,16.132173538208008
reaction:2740,t-BuXPhos,3,,79.64252926,78.7486801147461,16.692119598388672
reaction:2741,t-BuXPhos,3,,31.73318055,33.83959197998047,17.450611114501953
reaction:2742,t-BuXPhos,3,,33.92093167,39.64413070678711,17.509981155395508
reaction:2743,t-BuXPhos,2,,38.41251828,38.88861083984375,17.137353897094727
reaction:2744,t-BuXPhos,1,,1.277604509,12.836015701293945,18.823530197143555
reaction:2745,t-BuXPhos,4,,46.04956103,43.2115592956543,17.23274040222168
reaction:2746,t-BuXPhos,3,,43.335395,41.48436737060547,17.46800422668457
reaction:2747,t-BuXPhos,3,,9.850315112,18.890300750732422,17.719709396362305
reaction:2748,t-BuXPhos,4,,63.8388463,58.085777282714844,18.035255432128906
reaction:2749,t-BuXPhos,3,,64.60187181,57.3934326171875,16.047439575195312
reaction:2750,t-BuXPhos,1,,54.53336611,60.4913330078125,16.942174911499023
reaction:2751,t-BuXPhos,0,,55.70352222,63.06682586669922,16.923137664794922
reaction:2752,t-BuXPhos,2,,57.7580975,64.36839294433594,16.41316032409668
reaction:2753,t-BuXPhos,0,,51.955783200000006,40.308712005615234,16.542137145996094
reaction:2754,t-BuXPhos,2,,71.32414041,51.34657669067383,18.17579460144043
reaction:2755,t-BuXPhos,1,,78.36249844,55.903480529785156,16.327404022216797
reaction:2756,t-BuXPhos,3,,31.26129694,23.19012451171875,17.559276580810547
reaction:2757,t-BuXPhos,3,,38.72175402,38.362396240234375,17.444154739379883
reaction:2758,t-BuXPhos,3,,36.57290373,38.620059967041016,18.04886817932129
reaction:2759,t-BuXPhos,2,,0.719285108,1.8774642944335938,18.373493194580078
reaction:2760,t-BuXPhos,3,,36.22635154,39.25996780395508,17.619108200073242
reaction:2761,t-BuXPhos,0,,33.94655387,40.423213958740234,18.36855125427246
reaction:2762,t-BuXPhos,1,,3.373624056,4.538225173950195,17.992691040039062
reaction:2763,t-BuXPhos,3,,54.46826622,58.5340576171875,16.7050724029541
reaction:2764,t-BuXPhos,0,,62.7905956,64.29024505615234,18.189220428466797
reaction:2765,t-BuXPhos,2,,66.11270607,59.40465545654297,17.71505355834961
reaction:2766,t-BuXPhos,1,,66.35401825,67.71880340576172,17.981767654418945
reaction:2767,t-BuXPhos,3,,65.50261834,66.23774719238281,16.585777282714844
reaction:2768,t-BuXPhos,4,,33.03335054,27.930828094482422,17.899518966674805
reaction:2769,t-BuXPhos,1,,65.91039362,66.44017028808594,16.624359130859375
reaction:2770,t-BuXPhos,2,,67.31022474,70.19002532958984,17.785093307495117
reaction:2771,t-BuXPhos,2,,33.931236600000005,27.675647735595703,17.98665428161621
reaction:2772,t-BuXPhos,0,,40.60161129,38.91374206542969,17.81502914428711
reaction:2773,t-BuXPhos,0,,42.25144884,45.618560791015625,17.37975311279297
reaction:2774,t-BuXPhos,4,,1.152603634,1.293691635131836,19.020347595214844
reaction:2775,t-BuXPhos,4,,46.21141257,43.07664489746094,17.37639808654785
reaction:2776,t-BuXPhos,2,,44.40779423,44.07783126831055,17.685924530029297
reaction:2777,t-BuXPhos,3,,3.864236463,8.524944305419922,17.442607879638672
reaction:2778,t-BuXPhos,4,,69.25619095,66.81564331054688,17.987533569335938
reaction:2779,t-BuXPhos,1,,68.71737558,71.88591003417969,18.065658569335938
reaction:2780,t-BuXPhos,3,,82.51131881,78.38572692871094,16.82048988342285
reaction:2781,t-BuXPhos,0,,84.42429873,82.34693908691406,16.923053741455078
reaction:2782,t-BuXPhos,1,,83.82528245,83.01708221435547,18.76572608947754
reaction:2783,t-BuXPhos,4,,33.61928283,36.08055114746094,17.920612335205078
reaction:2784,t-BuXPhos,3,,76.73725946,83.31859588623047,15.022976875305176
reaction:2785,t-BuXPhos,0,,78.2529931,85.51930236816406,17.4657039642334
reaction:2786,t-BuXPhos,3,,33.44709826,42.12640380859375,18.739362716674805
reaction:2787,t-BuXPhos,4,,36.56526068,41.96696472167969,17.694095611572266
reaction:2788,t-BuXPhos,0,,39.55792883,40.223907470703125,18.051544189453125
reaction:2789,t-BuXPhos,1,,8.38964842,37.431209564208984,18.102630615234375
reaction:2790,t-BuXPhos,1,,65.92742304,58.72064971923828,18.348617553710938
reaction:2791,t-BuXPhos,4,,63.53284655,48.587886810302734,18.04686164855957
reaction:2792,t-BuXPhos,3,,9.771808987,23.07418441772461,18.789289474487305
reaction:2793,t-BuXPhos,0,,64.80559966,61.13969421386719,17.234851837158203
reaction:2794,t-BuXPhos,1,,63.41514905,59.72246551513672,18.35244369506836
reaction:2795,t-BuXPhos,2,,62.46560879,64.2118911743164,17.423439025878906
reaction:2796,t-BuXPhos,3,,64.57811697,69.11415100097656,17.956844329833984
reaction:2797,t-BuXPhos,4,,63.222267,65.79225158691406,17.498184204101562
reaction:2798,t-BuXPhos,4,,65.33671460000001,43.55455780029297,17.063791275024414
reaction:2799,t-BuXPhos,0,,72.70586315,59.69189453125,17.24695587158203
reaction:2800,t-BuXPhos,4,,76.79526891,57.69462966918945,17.72181510925293
reaction:2801,t-BuXPhos,2,,33.27025402,27.440317153930664,17.719247817993164
reaction:2802,t-BuXPhos,1,,39.35320613,36.61973571777344,18.402851104736328
reaction:2803,t-BuXPhos,1,,39.02512557,42.76204299926758,18.09029197692871
reaction:2804,t-BuXPhos,2,,41.03794598,15.699153900146484,18.2413272857666
reaction:2805,t-BuXPhos,0,,57.95486785,50.75996780395508,18.366182327270508
reaction:2806,t-BuXPhos,1,,52.14546944,50.429840087890625,16.43050765991211
reaction:2807,t-BuXPhos,4,,5.06261629,11.144388198852539,18.071077346801758
reaction:2808,t-BuXPhos,3,,57.19204969,60.82463073730469,17.65155029296875
reaction:2809,t-BuXPhos,4,,59.81582481,68.75297546386719,16.17039680480957
reaction:2810,t-BuXPhos,4,,62.39976577,66.94941711425781,18.036970138549805
reaction:2811,t-BuXPhos,1,,66.50686069,71.66130065917969,18.398605346679688
reaction:2812,t-BuXPhos,4,,62.22086343,72.11070251464844,17.386184692382812
reaction:2813,t-BuXPhos,3,,37.522573,35.4842529296875,17.894062042236328
reaction:2814,t-BuXPhos,2,,60.65973957,69.52134704589844,17.73065757751465
reaction:2815,t-BuXPhos,4,,65.9488999,70.16019439697266,17.762420654296875
reaction:2816,t-BuXPhos,0,,37.07516302,34.86262893676758,17.969593048095703
reaction:2817,t-BuXPhos,4,,39.89366621,46.083858489990234,17.675861358642578
reaction:2818,t-BuXPhos,1,,41.55598689,50.98405456542969,18.055286407470703
reaction:2819,t-BuXPhos,3,,42.05804129999999,13.860570907592773,17.173444747924805
reaction:2820,t-BuXPhos,3,,66.26538653,55.97328186035156,18.630552291870117
reaction:2821,t-BuXPhos,0,,56.80622374,59.8543586730957,18.510112762451172
reaction:2822,t-BuXPhos,2,,5.460903942000001,11.230892181396484,16.566280364990234
reaction:2823,t-BuXPhos,1,,69.07936453,73.15284729003906,17.679943084716797
reaction:2824,t-BuXPhos,0,,67.52036403,75.85008239746094,19.114864349365234
reaction:2825,t-BuXPhos,4,,84.81458604,81.43217468261719,18.118831634521484
reaction:2826,t-BuXPhos,1,,83.82537223,87.0384292602539,18.51738166809082
reaction:2827,t-BuXPhos,0,,85.99469652,88.19830322265625,18.661203384399414
reaction:2828,t-BuXPhos,3,,45.19876304,43.768096923828125,18.035367965698242
reaction:2829,t-BuXPhos,1,,78.63353277,86.00758361816406,16.63262939453125
reaction:2830,t-BuXPhos,1,,81.63071985,90.53941345214844,16.48761749267578
reaction:2831,t-BuXPhos,0,,17.50108516,26.65823745727539,17.937177658081055
reaction:2832,t-BuXPhos,3,,38.94339394,40.498756408691406,18.725467681884766
reaction:2833,t-BuXPhos,3,,40.11142329,40.73591613769531,18.225950241088867
reaction:2834,t-BuXPhos,2,,0.0,13.034934997558594,17.756929397583008
reaction:2835,t-BuXPhos,0,,42.74477554,46.18663024902344,18.78065299987793
reaction:2836,t-BuXPhos,0,,44.8781348,43.63389587402344,18.707664489746094
reaction:2837,t-BuXPhos,3,,0.6491105420000001,18.14419174194336,18.685909271240234
reaction:2838,t-BuXPhos,4,,65.57301901,60.14137268066406,17.3746337890625
reaction:2839,t-BuXPhos,4,,66.67600965,55.58076477050781,17.13054656982422
reaction:2840,t-BuXPhos,4,,70.24905586,58.635196685791016,18.34229850769043
reaction:2841,t-BuXPhos,0,,69.97972982,64.87239074707031,17.241003036499023
reaction:2842,t-BuXPhos,3,,75.73582011,62.304595947265625,17.556747436523438
reaction:2843,t-BuXPhos,4,,8.776630532999999,24.589801788330078,17.41481590270996
reaction:2844,t-BuXPhos,2,,74.07785582,52.15570831298828,17.761999130249023
reaction:2845,t-BuXPhos,1,,75.28558302,55.84204864501953,17.1498966217041
reaction:2846,t-BuXPhos,3,,12.26279814,11.60312271118164,18.297691345214844
reaction:2847,t-BuXPhos,1,,37.31441052,33.40838623046875,18.93606185913086
reaction:2848,t-BuXPhos,2,,36.58867026,36.98169708251953,16.4835147857666
reaction:2849,t-BuXPhos,4,,0.0,-1.2075881958007812,18.607120513916016
reaction:2850,t-BuXPhos,4,,38.66523027,34.67234420776367,16.426206588745117
reaction:2851,t-BuXPhos,3,,31.57364304,39.362823486328125,18.669601440429688
reaction:2852,t-BuXPhos,3,,0.638545637,4.021232604980469,18.641407012939453
reaction:2853,t-BuXPhos,1,,57.71086681,56.99463653564453,18.4262638092041
reaction:2854,t-BuXPhos,4,,59.93143231,59.11809158325195,17.156652450561523
reaction:2855,t-BuXPhos,0,,61.82340519,62.38965606689453,18.815658569335938
reaction:2856,t-BuXPhos,0,,71.09717455,66.22666931152344,17.20256233215332
reaction:2857,t-BuXPhos,0,,59.66718586,70.71566772460938,19.5094051361084
reaction:2858,t-BuXPhos,1,,6.7680647810000005,10.854095458984375,18.765581130981445
reaction:2859,t-BuXPhos,1,,63.07769687,64.70262908935547,17.431859970092773
reaction:2860,t-BuXPhos,3,,68.10761052,69.20948791503906,17.948143005371094
reaction:2861,t-BuXPhos,1,,12.21708819,21.14830780029297,18.070518493652344
reaction:2862,t-BuXPhos,2,,40.36775448,38.60908126831055,17.966739654541016
reaction:2863,t-BuXPhos,0,,42.68363634,43.78520965576172,18.052865982055664
reaction:2864,t-BuXPhos,4,,0.0,-2.543872833251953,18.519437789916992
reaction:2865,t-BuXPhos,3,,47.71503964,40.25960922241211,18.622509002685547
reaction:2866,t-BuXPhos,1,,44.37252425,44.72710418701172,17.216176986694336
reaction:2867,t-BuXPhos,2,,0.609947969,1.6015071868896484,16.409259796142578
reaction:2868,t-BuXPhos,3,,70.19925962,67.19308471679688,17.25721549987793
reaction:2869,t-BuXPhos,0,,65.42133393,70.60675048828125,18.40813636779785
reaction:2870,t-BuXPhos,4,,84.64975432,72.13883209228516,18.34922218322754
reaction:2871,t-BuXPhos,4,,83.38501147,82.24903869628906,18.130538940429688
reaction:2872,t-BuXPhos,3,,86.49714531,78.30723571777344,17.56463050842285
reaction:2873,t-BuXPhos,1,,0.0,21.72563934326172,18.730836868286133
reaction:2874,t-BuXPhos,2,,78.00288409,76.79087829589844,17.706645965576172
reaction:2875,t-BuXPhos,3,,79.34654649,81.00498962402344,17.863004684448242
reaction:2876,t-BuBrettPhos,4,,7.147036957999999,12.323781967163086,17.017305374145508
reaction:2877,t-BuBrettPhos,3,,28.25277351,29.54216194152832,16.39238739013672
reaction:2878,t-BuBrettPhos,1,,34.79607292,36.34000015258789,16.78312873840332
reaction:2879,t-BuBrettPhos,3,,0.4713272579999999,6.8209686279296875,16.09895133972168
reaction:2880,t-BuBrettPhos,4,,38.40946204,36.986717224121094,17.006927490234375
reaction:2881,t-BuBrettPhos,3,,42.82874785,42.24226379394531,15.570804595947266
reaction:2882,t-BuBrettPhos,3,,6.975926865,13.858402252197266,15.62038516998291
reaction:2883,t-BuBrettPhos,2,,54.39040243,56.19502258300781,16.25286293029785
reaction:2884,t-BuBrettPhos,3,,68.43167679,58.49552917480469,15.808440208435059
reaction:2885,t-BuBrettPhos,2,,70.51359377,58.83521270751953,16.549713134765625
reaction:2886,t-BuBrettPhos,3,,72.16100406,66.73700714111328,16.014118194580078
reaction:2887,t-BuBrettPhos,2,,78.28452045,69.24132537841797,16.18062973022461
reaction:2888,t-BuBrettPhos,1,,6.877576478,14.7274169921875,16.865882873535156
reaction:2889,t-BuBrettPhos,4,,47.63735715,43.986934661865234,15.848118782043457
reaction:2890,t-BuBrettPhos,0,,52.16406686,49.86360168457031,16.63612174987793
reaction:2891,t-BuBrettPhos,2,,3.849200649,8.166261672973633,16.29715347290039
reaction:2892,t-BuBrettPhos,0,,35.33279168,31.4210262298584,16.209064483642578
reaction:2893,t-BuBrettPhos,0,,37.62624076,37.462242126464844,16.644527435302734
reaction:2894,t-BuBrettPhos,1,,0.0,1.0031471252441406,16.341543197631836
reaction:2895,t-BuBrettPhos,1,,25.94389985,27.605459213256836,16.570226669311523
reaction:2896,t-BuBrettPhos,3,,42.12607272,40.90586853027344,15.528570175170898
reaction:2897,t-BuBrettPhos,4,,3.554195282,2.1373538970947266,16.96615219116211
reaction:2898,t-BuBrettPhos,3,,50.4472159,44.448265075683594,14.666335105895996
reaction:2899,t-BuBrettPhos,2,,62.03548199,70.06483459472656,16.591171264648438
reaction:2900,t-BuBrettPhos,2,,55.58164705,48.0048942565918,16.791934967041016
reaction:2901,t-BuBrettPhos,3,,56.60877307,56.28733444213867,15.733175277709961
reaction:2902,t-BuBrettPhos,4,,69.52780108,69.61859893798828,16.793865203857422
reaction:2903,t-BuBrettPhos,1,,2.7908224180000003,7.318290710449219,16.86530113220215
reaction:2904,t-BuBrettPhos,2,,55.60412419,57.616607666015625,16.150606155395508
reaction:2905,t-BuBrettPhos,4,,65.50667277,61.623470306396484,17.17802619934082
reaction:2906,t-BuBrettPhos,3,,3.638207936,8.866127014160156,15.33680248260498
reaction:2907,t-BuBrettPhos,3,,35.20060583,35.957237243652344,16.022829055786133
reaction:2908,t-BuBrettPhos,2,,40.48594286,42.622650146484375,16.271595001220703
reaction:2909,t-BuBrettPhos,4,,0.0,-2.8052978515625,16.743101119995117
reaction:2910,t-BuBrettPhos,3,,31.9378098,36.32011413574219,15.793916702270508
reaction:2911,t-BuBrettPhos,2,,49.97942971,44.96250915527344,16.640947341918945
reaction:2912,t-BuBrettPhos,4,,4.04132523,2.196432113647461,17.062801361083984
reaction:2913,t-BuBrettPhos,1,,55.23935567,60.37840270996094,16.894031524658203
reaction:2914,t-BuBrettPhos,2,,71.83207772,75.04462432861328,16.579763412475586
reaction:2915,t-BuBrettPhos,4,,71.00136701,74.13153076171875,17.18158531188965
reaction:2916,t-BuBrettPhos,0,,80.78104004,77.91712951660156,16.68033218383789
reaction:2917,t-BuBrettPhos,1,,91.13914928,86.54151916503906,17.495338439941406
reaction:2918,t-BuBrettPhos,3,,2.354282195,9.581527709960938,15.324378967285156
reaction:2919,t-BuBrettPhos,1,,72.70181754,71.0080337524414,17.007837295532227
reaction:2920,t-BuBrettPhos,4,,81.99763098,77.52070617675781,17.29408836364746
reaction:2921,t-BuBrettPhos,2,,1.2229069259999998,15.734094619750977,16.385665893554688
reaction:2922,t-BuBrettPhos,2,,24.60563466,30.90734100341797,16.525053024291992
reaction:2923,t-BuBrettPhos,2,,33.55651029,35.582977294921875,16.5124454498291
reaction:2924,t-BuBrettPhos,4,,0.0,8.861150741577148,17.67420196533203
reaction:2925,t-BuBrettPhos,0,,46.67086698,43.832218170166016,16.319114685058594
reaction:2926,t-BuBrettPhos,2,,49.72808893,41.68721008300781,16.995304107666016
reaction:2927,t-BuBrettPhos,4,,7.810317962999999,14.286931991577148,17.383312225341797
reaction:2928,t-BuBrettPhos,3,,64.56169067,61.850006103515625,14.506393432617188
reaction:2929,t-BuBrettPhos,1,,69.13688603,57.91694641113281,15.255765914916992
reaction:2930,t-BuBrettPhos,2,,80.28534176,65.73573303222656,16.314624786376953
reaction:2931,t-BuBrettPhos,3,,77.62777181,68.96077728271484,16.130876541137695
reaction:2932,t-BuBrettPhos,4,,82.33244396,65.77787780761719,17.76426124572754
reaction:2933,t-BuBrettPhos,3,,0.0,18.585552215576172,15.772446632385254
reaction:2934,t-BuBrettPhos,3,,35.33291059,43.35394287109375,16.065156936645508
reaction:2935,t-BuBrettPhos,0,,55.96628365,48.35554885864258,16.683135986328125
reaction:2936,t-BuBrettPhos,2,,13.70204119,11.681777954101562,16.330097198486328
reaction:2937,t-BuBrettPhos,2,,37.08529427,32.58778381347656,16.62964630126953
reaction:2938,t-BuBrettPhos,1,,36.0162633,39.40386962890625,15.423789978027344
reaction:2939,t-BuBrettPhos,4,,0.0,3.624784469604492,17.826961517333984
reaction:2940,t-BuBrettPhos,4,,34.74723042,33.2222900390625,17.945932388305664
reaction:2941,t-BuBrettPhos,2,,40.08752213,41.54442596435547,16.702007293701172
reaction:2942,t-BuBrettPhos,1,,4.7108856,6.0389251708984375,15.212109565734863
reaction:2943,t-BuBrettPhos,2,,59.00727735,49.062896728515625,16.401296615600586
reaction:2944,t-BuBrettPhos,2,,60.61766338,68.73371124267578,16.236976623535156
reaction:2945,t-BuBrettPhos,4,,56.33395035,58.40864562988281,17.87103271484375
reaction:2946,t-BuBrettPhos,4,,60.94658978,60.98200225830078,17.826934814453125
reaction:2947,t-BuBrettPhos,1,,63.37225968,73.70271301269531,16.166362762451172
reaction:2948,t-BuBrettPhos,3,,8.39178019,10.489864349365234,15.61189079284668
reaction:2949,t-BuBrettPhos,3,,56.79309437,57.69200134277344,16.017990112304688
reaction:2950,t-BuBrettPhos,1,,61.57150807,68.63966369628906,15.250226020812988
reaction:2951,t-BuBrettPhos,4,,11.32681683,13.728368759155273,17.67487144470215
reaction:2952,t-BuBrettPhos,3,,38.5374711,37.869781494140625,16.24500846862793
reaction:2953,t-BuBrettPhos,3,,41.728023,45.644622802734375,15.509557723999023
reaction:2954,t-BuBrettPhos,3,,0.0,1.9991016387939453,15.977994918823242
reaction:2955,t-BuBrettPhos,1,,46.19860459,43.28615188598633,15.292296409606934
reaction:2956,t-BuBrettPhos,0,,49.53018855,48.8623046875,16.217937469482422
reaction:2957,t-BuBrettPhos,3,,4.961974313,6.756988525390625,15.611336708068848
reaction:2958,t-BuBrettPhos,2,,70.71411309999999,67.14279174804688,16.48531723022461
reaction:2959,t-BuBrettPhos,0,,71.82751675,78.7013168334961,16.587257385253906
reaction:2960,t-BuBrettPhos,4,,86.6996801,81.99785614013672,17.84248161315918
reaction:2961,t-BuBrettPhos,4,,84.33974431,83.20071411132812,17.706846237182617
reaction:2962,t-BuBrettPhos,4,,89.12987666,88.22129821777344,17.78053092956543
reaction:2963,t-BuBrettPhos,2,,6.458217991000001,12.455577850341797,16.51300048828125
reaction:2964,t-BuBrettPhos,0,,76.47373216,70.79834747314453,17.05169677734375
reaction:2965,t-BuBrettPhos,3,,83.59935968,82.39781188964844,16.02376365661621
reaction:2966,t-BuBrettPhos,1,,14.29478531,25.920305252075195,16.04189109802246
reaction:2967,t-BuBrettPhos,3,,28.32846401,29.439184188842773,18.098777770996094
reaction:2968,t-BuBrettPhos,4,,36.31466019,32.9039421081543,14.710494995117188
reaction:2969,t-BuBrettPhos,3,,7.206982067,28.14533805847168,18.273906707763672
reaction:2970,t-BuBrettPhos,3,,57.87284649,54.53573989868164,18.184823989868164
reaction:2971,t-BuBrettPhos,2,,60.98476598,47.33333206176758,17.710363388061523
reaction:2972,t-BuBrettPhos,0,,9.444894792,19.58385467529297,15.567268371582031
reaction:2973,t-BuBrettPhos,1,,65.10791868,62.76801300048828,17.20244598388672
reaction:2974,t-BuBrettPhos,2,,72.37220718,56.71548843383789,17.315513610839844
reaction:2975,t-BuBrettPhos,2,,78.76794462,61.11073303222656,17.48147201538086
reaction:2976,t-BuBrettPhos,4,,77.82985513,67.74515533447266,14.896207809448242
reaction:2977,t-BuBrettPhos,4,,79.30639259,64.02838897705078,14.528678894042969
reaction:2978,t-BuBrettPhos,4,,6.010382761,28.927593231201172,14.48829460144043
reaction:2979,t-BuBrettPhos,1,,37.26514805,44.20671081542969,17.172040939331055
reaction:2980,t-BuBrettPhos,1,,54.37431586,49.01276397705078,16.86351203918457
reaction:2981,t-BuBrettPhos,0,,27.94500953,22.462120056152344,15.48685073852539
reaction:2982,t-BuBrettPhos,1,,36.81475234,37.64453887939453,16.970590591430664
reaction:2983,t-BuBrettPhos,4,,36.76661903,40.692649841308594,14.68108081817627
reaction:2984,t-BuBrettPhos,4,,39.97323526,20.57388687133789,15.15540599822998
reaction:2985,t-BuBrettPhos,2,,57.13220837,49.56538772583008,16.40223503112793
reaction:2986,t-BuBrettPhos,1,,60.30536067,54.79428482055664,16.861042022705078
reaction:2987,t-BuBrettPhos,3,,7.74850436,11.080072402954102,17.683204650878906
reaction:2988,t-BuBrettPhos,1,,57.9781308,58.44865417480469,17.357820510864258
reaction:2989,t-BuBrettPhos,1,,66.51493362,72.62637329101562,16.670452117919922
reaction:2990,t-BuBrettPhos,1,,58.92871095,62.43101501464844,16.627595901489258
reaction:2991,t-BuBrettPhos,2,,59.21092574,68.70899963378906,17.179489135742188
reaction:2992,t-BuBrettPhos,0,,60.412252,76.50241088867188,15.206330299377441
reaction:2993,t-BuBrettPhos,1,,32.73462184,19.680835723876953,17.11393165588379
reaction:2994,t-BuBrettPhos,4,,59.47851607,59.803890228271484,13.459816932678223
reaction:2995,t-BuBrettPhos,1,,64.00575958,69.89453125,17.000747680664062
reaction:2996,t-BuBrettPhos,4,,29.60669897,28.387178421020508,14.641094207763672
reaction:2997,t-BuBrettPhos,0,,38.03109863,43.50273132324219,15.516890525817871
reaction:2998,t-BuBrettPhos,3,,41.71330917,53.42991638183594,17.577404022216797
reaction:2999,t-BuBrettPhos,0,,41.98383636,20.436033248901367,15.746037483215332
reaction:3000,t-BuBrettPhos,4,,67.81431274,60.71013259887695,15.244416236877441
reaction:3001,t-BuBrettPhos,2,,65.94429183,60.41032028198242,17.566932678222656
reaction:3002,t-BuBrettPhos,3,,12.64243358,15.392597198486328,17.8769474029541
reaction:3003,t-BuBrettPhos,4,,74.21032846,75.25711822509766,14.139533042907715
reaction:3004,t-BuBrettPhos,4,,75.06056887,86.4572525024414,13.753546714782715
reaction:3005,t-BuBrettPhos,2,,90.99050642,82.52725219726562,17.50376319885254
reaction:3006,t-BuBrettPhos,4,,84.34096533,87.98997497558594,14.946263313293457
reaction:3007,t-BuBrettPhos,3,,88.72522624,97.47651672363281,17.018762588500977
reaction:3008,t-BuBrettPhos,2,,36.05104123,26.157329559326172,17.23072624206543
reaction:3009,t-BuBrettPhos,1,,77.28415340000001,81.09414672851562,17.16175079345703
reaction:3010,t-BuBrettPhos,4,,85.60572483,89.00797271728516,14.638827323913574
reaction:3011,t-BuBrettPhos,1,,1.637827855,14.49007797241211,16.913711547851562
reaction:3012,t-BuBrettPhos,1,,27.00233561,32.24275588989258,17.799802780151367
reaction:3013,t-BuBrettPhos,1,,31.38632484,36.76498031616211,18.01610565185547
reaction:3014,t-BuBrettPhos,3,,0.0,7.21619987487793,16.30231475830078
reaction:3015,t-BuBrettPhos,1,,38.20230031,39.581459045410156,17.698875427246094
reaction:3016,t-BuBrettPhos,3,,39.32745332,39.62028121948242,14.70132827758789
reaction:3017,t-BuBrettPhos,2,,4.950264204,11.61490249633789,17.27403450012207
reaction:3018,t-BuBrettPhos,4,,63.52683766,53.52610397338867,15.574749946594238
reaction:3019,t-BuBrettPhos,3,,64.23525691,56.41205596923828,15.170576095581055
reaction:3020,t-BuBrettPhos,3,,75.99606764,58.25413513183594,15.432032585144043
reaction:3021,t-BuBrettPhos,1,,73.60085469,68.02854919433594,17.454076766967773
reaction:3022,t-BuBrettPhos,0,,77.54678733,64.48963165283203,16.545730590820312
reaction:3023,t-BuBrettPhos,1,,0.970209889,15.642175674438477,18.08530044555664
reaction:3024,t-BuBrettPhos,0,,45.30338681,40.32622528076172,17.53062629699707
reaction:3025,t-BuBrettPhos,0,,49.87050942,47.283573150634766,17.256364822387695
reaction:3026,t-BuBrettPhos,3,,5.265059572,7.726327896118164,14.706050872802734
reaction:3027,t-BuBrettPhos,2,,36.39098731,32.36114501953125,17.536527633666992
reaction:3028,t-BuBrettPhos,2,,36.44138063,36.34811019897461,17.389562606811523
reaction:3029,t-BuBrettPhos,3,,0.0,5.002359390258789,16.504100799560547
reaction:3030,t-BuBrettPhos,4,,35.28694368,27.95301055908203,16.265775680541992
reaction:3031,t-BuBrettPhos,3,,42.09555031,41.85048294067383,15.164212226867676
reaction:3032,t-BuBrettPhos,1,,3.678633066,3.8515357971191406,17.522117614746094
reaction:3033,t-BuBrettPhos,1,,50.63065751,48.83209228515625,17.703744888305664
reaction:3034,t-BuBrettPhos,1,,61.65083258,66.3406982421875,17.734846115112305
reaction:3035,t-BuBrettPhos,0,,52.72286451,54.649986267089844,17.310705184936523
reaction:3036,t-BuBrettPhos,0,,62.07451283,62.30480194091797,17.034423828125
reaction:3037,t-BuBrettPhos,2,,61.80067802,70.50721740722656,17.332048416137695
reaction:3038,t-BuBrettPhos,3,,3.0359005960000003,4.7079620361328125,15.060005187988281
reaction:3039,t-BuBrettPhos,3,,58.2347243,59.622520446777344,15.659828186035156
reaction:3040,t-BuBrettPhos,3,,66.48281999,62.93669891357422,15.52953052520752
reaction:3041,t-BuBrettPhos,4,,4.477162725,10.085119247436523,16.481792449951172
reaction:3042,t-BuBrettPhos,2,,37.34827699,35.27585983276367,17.39500617980957
reaction:3043,t-BuBrettPhos,1,,41.73289196,43.94269561767578,17.903392791748047
reaction:3044,t-BuBrettPhos,3,,0.0,4.7875213623046875,16.2702579498291
reaction:3045,t-BuBrettPhos,3,,37.72387007,39.295719146728516,15.144153594970703
reaction:3046,t-BuBrettPhos,2,,49.04564688,45.4084587097168,17.406728744506836
reaction:3047,t-BuBrettPhos,3,,4.390150349,5.209306716918945,14.265585899353027
reaction:3048,t-BuBrettPhos,3,,57.96795904,64.15558624267578,14.212407112121582
reaction:3049,t-BuBrettPhos,1,,73.57415684,75.97093200683594,17.78607940673828
reaction:3050,t-BuBrettPhos,3,,74.69880742,71.77899169921875,15.504026412963867
reaction:3051,t-BuBrettPhos,4,,87.52908706,81.74217224121094,16.192646026611328
reaction:3052,t-BuBrettPhos,4,,89.61417594,90.1197509765625,16.276569366455078
reaction:3053,t-BuBrettPhos,1,,2.405254053,12.67926025390625,17.877233505249023
reaction:3054,t-BuBrettPhos,0,,77.09161451,70.290771484375,17.482439041137695
reaction:3055,t-BuBrettPhos,0,,83.01646677,81.5054931640625,17.36197280883789
reaction:3056,AdBrettPhos,1,,6.891124522,17.58981704711914,16.721755981445312
reaction:3057,AdBrettPhos,0,,24.99527669,30.033634185791016,16.03438377380371
reaction:3058,AdBrettPhos,2,,37.54624547,40.923362731933594,16.648862838745117
reaction:3059,AdBrettPhos,2,,0.7063810420000001,15.596391677856445,17.240633010864258
reaction:3060,AdBrettPhos,4,,42.52691913,36.31535720825195,15.750358581542969
reaction:3061,AdBrettPhos,4,,47.95299992,46.342247009277344,16.55948257446289
reaction:3062,AdBrettPhos,3,,2.294941324,14.948020935058594,16.501558303833008
reaction:3063,AdBrettPhos,4,,62.78571552,51.62890625,16.328105926513672
reaction:3064,AdBrettPhos,1,,69.97034068,63.74593734741211,17.37492561340332
reaction:3065,AdBrettPhos,3,,74.06067797,52.893497467041016,16.37447166442871
reaction:3066,AdBrettPhos,4,,77.51023369,57.72809600830078,16.56730842590332
reaction:3067,AdBrettPhos,1,,80.90631241,64.7725830078125,17.07748031616211
reaction:3068,AdBrettPhos,4,,8.332944957,17.666770935058594,16.245718002319336
reaction:3069,AdBrettPhos,4,,47.89881593,38.967872619628906,16.097679138183594
reaction:3070,AdBrettPhos,4,,61.03423565,50.89762878417969,16.504419326782227
reaction:3071,AdBrettPhos,0,,3.42165598,4.98628044128418,16.383893966674805
reaction:3072,AdBrettPhos,2,,26.24845362,25.686195373535156,17.39798355102539
reaction:3073,AdBrettPhos,3,,39.43512545,35.82880401611328,16.365224838256836
reaction:3074,AdBrettPhos,4,,0.0,-0.8295402526855469,16.089494705200195
reaction:3075,AdBrettPhos,0,,23.50114845,25.58051872253418,16.343856811523438
reaction:3076,AdBrettPhos,3,,39.99682926,38.992645263671875,16.52351188659668
reaction:3077,AdBrettPhos,3,,0.695599064,1.7483501434326172,16.626861572265625
reaction:3078,AdBrettPhos,1,,39.03126202,38.84657287597656,16.70848274230957
reaction:3079,AdBrettPhos,0,,61.69857953,61.5062255859375,16.311540603637695
reaction:3080,AdBrettPhos,3,,27.69709095,28.910919189453125,16.45452117919922
reaction:3081,AdBrettPhos,4,,36.62142901,40.99217224121094,16.1085147857666
reaction:3082,AdBrettPhos,0,,45.52130306,56.901145935058594,17.206457138061523
reaction:3083,AdBrettPhos,2,,2.782548169,3.011625289916992,16.84063148498535
reaction:3084,AdBrettPhos,1,,53.27735781,47.872581481933594,16.695247650146484
reaction:3085,AdBrettPhos,1,,64.8702395,62.97349548339844,16.770925521850586
reaction:3086,AdBrettPhos,0,,3.382805594,6.700366973876953,16.31243324279785
reaction:3087,AdBrettPhos,2,,31.53029931,31.16440200805664,17.39148712158203
reaction:3088,AdBrettPhos,4,,45.77926691,45.507354736328125,16.057098388671875
reaction:3089,AdBrettPhos,1,,0.0,-0.12211990356445312,16.905261993408203
reaction:3090,AdBrettPhos,0,,32.33228249,35.48691177368164,16.401018142700195
reaction:3091,AdBrettPhos,4,,49.75811265,47.29543685913086,16.59358787536621
reaction:3092,AdBrettPhos,2,,0.665471445,-1.511444091796875,17.27337646484375
reaction:3093,AdBrettPhos,4,,50.28049867,53.863704681396484,16.1216983795166
reaction:3094,AdBrettPhos,0,,75.02467082,74.62286376953125,16.340740203857422
reaction:3095,AdBrettPhos,1,,52.59936901,63.682769775390625,17.020973205566406
reaction:3096,AdBrettPhos,0,,74.31911492,71.79054260253906,15.850504875183105
reaction:3097,AdBrettPhos,4,,92.11972779,86.552001953125,16.20416259765625
reaction:3098,AdBrettPhos,3,,2.135901423,4.650724411010742,15.73716926574707
reaction:3099,AdBrettPhos,3,,64.185973,64.45421600341797,15.685144424438477
reaction:3100,AdBrettPhos,4,,85.22067267,78.00592803955078,16.46638298034668
reaction:3101,AdBrettPhos,1,,0.552049908,15.710472106933594,15.63614273071289
reaction:3102,AdBrettPhos,3,,15.46929664,28.94609832763672,15.808954238891602
reaction:3103,AdBrettPhos,2,,29.68665622,35.5763053894043,16.51632308959961
reaction:3104,AdBrettPhos,3,,0.0,9.199625015258789,15.971466064453125
reaction:3105,AdBrettPhos,4,,42.07740888,36.7979621887207,17.61760711669922
reaction:3106,AdBrettPhos,3,,50.20384511,44.66440963745117,15.953201293945312
reaction:3107,AdBrettPhos,2,,0.0,10.942434310913086,16.717073440551758
reaction:3108,AdBrettPhos,2,,63.12102891,55.81358337402344,16.67154884338379
reaction:3109,AdBrettPhos,4,,67.79255716,58.81460952758789,17.132841110229492
reaction:3110,AdBrettPhos,0,,74.22961906,54.894203186035156,17.071556091308594
reaction:3111,AdBrettPhos,4,,75.06901133,53.930641174316406,18.332433700561523
reaction:3112,AdBrettPhos,2,,83.08232968,64.67631530761719,16.42093849182129
reaction:3113,AdBrettPhos,4,,0.0,15.101951599121094,17.781877517700195
reaction:3114,AdBrettPhos,2,,22.62644976,49.600341796875,17.151689529418945
reaction:3115,AdBrettPhos,0,,62.72600186,55.29514694213867,16.74550437927246
reaction:3116,AdBrettPhos,2,,8.178111662000001,4.68071174621582,16.745473861694336
reaction:3117,AdBrettPhos,2,,33.60174029,25.646015167236328,17.264081954956055
reaction:3118,AdBrettPhos,0,,39.12761896,35.49068832397461,16.907148361206055
reaction:3119,AdBrettPhos,4,,0.0,2.435699462890625,17.929424285888672
reaction:3120,AdBrettPhos,4,,32.36655355,30.329105377197266,17.705698013305664
reaction:3121,AdBrettPhos,4,,40.59375347,43.340999603271484,18.392112731933594
reaction:3122,AdBrettPhos,3,,0.817066768,-0.25394439697265625,16.1923885345459
reaction:3123,AdBrettPhos,2,,50.58160419,43.3384895324707,16.699121475219727
reaction:3124,AdBrettPhos,0,,63.72449893,62.99598693847656,17.01644515991211
reaction:3125,AdBrettPhos,4,,33.94683682,43.02816390991211,17.404891967773438
reaction:3126,AdBrettPhos,1,,41.28086675,50.049224853515625,16.382543563842773
reaction:3127,AdBrettPhos,2,,47.58772845,52.316768646240234,16.571840286254883
reaction:3128,AdBrettPhos,3,,5.956665819,5.334917068481445,15.925093650817871
reaction:3129,AdBrettPhos,3,,57.2826498,47.793800354003906,15.660539627075195
reaction:3130,AdBrettPhos,2,,64.80074025,62.309165954589844,16.440780639648438
reaction:3131,AdBrettPhos,3,,7.126598877999999,12.890996932983398,17.085702896118164
reaction:3132,AdBrettPhos,2,,37.93567028,33.1148796081543,17.13666343688965
reaction:3133,AdBrettPhos,3,,45.20399384,48.32332229614258,16.003637313842773
reaction:3134,AdBrettPhos,1,,0.0,2.3960800170898438,15.292793273925781
reaction:3135,AdBrettPhos,4,,41.28466002,39.60316848754883,17.580236434936523
reaction:3136,AdBrettPhos,2,,49.61017751,53.581321716308594,16.387502670288086
reaction:3137,AdBrettPhos,0,,0.789038452,1.9785575866699219,17.680816650390625
reaction:3138,AdBrettPhos,1,,63.68559531,64.2055435180664,16.638980865478516
reaction:3139,AdBrettPhos,3,,73.08177999,79.06816864013672,16.227087020874023
reaction:3140,AdBrettPhos,1,,72.98033012,69.05337524414062,16.782381057739258
reaction:3141,AdBrettPhos,4,,82.64502167,72.41102600097656,18.157207489013672
reaction:3142,AdBrettPhos,4,,90.64441503,90.59796142578125,17.98442840576172
reaction:3143,AdBrettPhos,3,,4.936303419,7.611902236938477,15.944212913513184
reaction:3144,AdBrettPhos,0,,73.81395251,61.832611083984375,16.884380340576172
reaction:3145,AdBrettPhos,1,,82.20776042,85.68450927734375,15.805069923400879
reaction:3146,AdBrettPhos,4,,4.618730656,23.50064468383789,15.680035591125488
reaction:3147,AdBrettPhos,4,,15.74680272,31.417509078979492,16.07184600830078
reaction:3148,AdBrettPhos,4,,30.87761179,37.41463088989258,15.064332008361816
reaction:3149,AdBrettPhos,0,,6.9705672320000005,30.4091739654541,16.66323471069336
reaction:3150,AdBrettPhos,3,,65.46891846,51.457679748535156,17.713571548461914
reaction:3151,AdBrettPhos,0,,66.01585424,55.0481071472168,16.167421340942383
reaction:3152,AdBrettPhos,0,,2.350274713,12.767168045043945,17.207979202270508
reaction:3153,AdBrettPhos,4,,70.85918563,62.61357116699219,15.623046875
reaction:3154,AdBrettPhos,0,,68.53030279,60.66962432861328,16.2884578704834
reaction:3155,AdBrettPhos,2,,76.3099624,57.642356872558594,17.40680503845215
reaction:3156,AdBrettPhos,2,,75.95426954,60.03104782104492,17.545461654663086
reaction:3157,AdBrettPhos,1,,82.34937004,59.765106201171875,16.732677459716797
reaction:3158,AdBrettPhos,4,,4.974394565,29.787574768066406,15.501334190368652
reaction:3159,AdBrettPhos,2,,25.79072036,48.526241302490234,17.499361038208008
reaction:3160,AdBrettPhos,2,,62.08187356,48.84513473510742,17.151248931884766
reaction:3161,AdBrettPhos,0,,19.16223306,13.668630599975586,16.561397552490234
reaction:3162,AdBrettPhos,1,,35.94447354,32.80401611328125,17.234004974365234
reaction:3163,AdBrettPhos,3,,37.90012178,43.30657958984375,17.945356369018555
reaction:3164,AdBrettPhos,3,,41.26452613,13.38199234008789,18.042104721069336
reaction:3165,AdBrettPhos,0,,59.06928985,44.02521514892578,16.685596466064453
reaction:3166,AdBrettPhos,2,,59.60099255,56.17218780517578,17.235307693481445
reaction:3167,AdBrettPhos,0,,2.42184546,7.959596633911133,17.32439422607422
reaction:3168,AdBrettPhos,0,,58.63301817,54.26544189453125,16.314769744873047
reaction:3169,AdBrettPhos,1,,63.99950596,67.27809143066406,16.697736740112305
reaction:3170,AdBrettPhos,3,,34.05189508,51.413509368896484,17.539226531982422
reaction:3171,AdBrettPhos,4,,41.4297554,55.634185791015625,15.39826488494873
reaction:3172,AdBrettPhos,4,,47.77426479,65.43464660644531,15.199930191040039
reaction:3173,AdBrettPhos,0,,20.34813867,16.079362869262695,16.397663116455078
reaction:3174,AdBrettPhos,1,,60.49224443,53.69217300415039,16.3673095703125
reaction:3175,AdBrettPhos,4,,63.88080478,71.4419174194336,15.961030006408691
reaction:3176,AdBrettPhos,4,,21.60119174,24.74858856201172,15.597352981567383
reaction:3177,AdBrettPhos,1,,38.59563351,43.57951354980469,17.24658203125
reaction:3178,AdBrettPhos,3,,44.68109157,55.03681945800781,17.864158630371094
reaction:3179,AdBrettPhos,3,,44.14137034,15.662322998046875,17.88983726501465
reaction:3180,AdBrettPhos,0,,66.81498604,59.28947448730469,16.653974533081055
reaction:3181,AdBrettPhos,1,,68.24812709999999,69.23181915283203,16.10711097717285
reaction:3182,AdBrettPhos,2,,2.579355469,11.299959182739258,17.23959732055664
reaction:3183,AdBrettPhos,2,,74.10582409999999,75.42565155029297,16.979177474975586
reaction:3184,AdBrettPhos,4,,72.8478499,83.74404907226562,14.364493370056152
reaction:3185,AdBrettPhos,4,,89.07661609,74.33149719238281,15.447426795959473
reaction:3186,AdBrettPhos,1,,85.65923047,81.03204345703125,17.158958435058594
reaction:3187,AdBrettPhos,0,,94.15173815,97.25115966796875,17.020824432373047
reaction:3188,AdBrettPhos,1,,24.93961347,21.674760818481445,16.805753707885742
reaction:3189,AdBrettPhos,2,,80.06524350000001,77.81735229492188,17.525222778320312
reaction:3190,AdBrettPhos,0,,86.19820374,90.16957092285156,16.594017028808594
reaction:3191,AdBrettPhos,2,,1.252505333,4.883478164672852,17.148178100585938
reaction:3192,AdBrettPhos,4,,16.04849725,23.902978897094727,17.174684524536133
reaction:3193,AdBrettPhos,3,,30.7124479,27.27103042602539,15.97172737121582
reaction:3194,AdBrettPhos,0,,0.0,4.388978958129883,17.80256462097168
reaction:3195,AdBrettPhos,0,,0.0,30.53656005859375,17.620681762695312
reaction:3196,AdBrettPhos,3,,43.09475613,36.65397644042969,15.759941101074219
reaction:3197,AdBrettPhos,3,,0.0,5.25535774230957,16.280132293701172
reaction:3198,AdBrettPhos,0,,47.34816594,44.10890579223633,17.092906951904297
reaction:3199,AdBrettPhos,1,,64.24887053,53.903175354003906,17.99956703186035
reaction:3200,AdBrettPhos,2,,57.59970402,45.052467346191406,17.67756462097168
reaction:3201,AdBrettPhos,3,,64.01092118,50.40669250488281,16.175323486328125
reaction:3202,AdBrettPhos,0,,72.26820117,56.59768295288086,18.242107391357422
reaction:3203,AdBrettPhos,4,,0.8684296779999999,13.629894256591797,16.77752113342285
reaction:3204,AdBrettPhos,0,,42.09636278,21.2216739654541,16.964710235595703
reaction:3205,AdBrettPhos,2,,50.25936964,45.238861083984375,17.181636810302734
reaction:3206,AdBrettPhos,2,,2.443106533,0.3057289123535156,17.255714416503906
reaction:3207,AdBrettPhos,1,,28.78693437,19.855709075927734,18.32447052001953
reaction:3208,AdBrettPhos,2,,34.85762141,30.718347549438477,17.08789825439453
reaction:3209,AdBrettPhos,0,,0.0,-1.070068359375,17.963407516479492
reaction:3210,AdBrettPhos,3,,20.89901676,13.855632781982422,15.52651309967041
reaction:3211,AdBrettPhos,3,,36.0742325,35.53607940673828,15.840139389038086
reaction:3212,AdBrettPhos,0,,0.489724505,-3.4520301818847656,18.55296516418457
reaction:3213,AdBrettPhos,1,,37.99056967,29.798444747924805,17.881452560424805
reaction:3214,AdBrettPhos,0,,56.47944581,55.5450325012207,17.770099639892578
reaction:3215,AdBrettPhos,1,,26.8260429,23.175487518310547,18.2255859375
reaction:3216,AdBrettPhos,2,,36.10071383,37.185489654541016,17.077899932861328
reaction:3217,AdBrettPhos,0,,46.52870973,43.770076751708984,18.291738510131836
reaction:3218,AdBrettPhos,0,,1.470956156,-0.16167068481445312,17.20686149597168
reaction:3219,AdBrettPhos,3,,0.0,49.04462814331055,15.1947603225708
reaction:3220,AdBrettPhos,4,,57.24624739,55.29688262939453,17.209888458251953
reaction:3221,AdBrettPhos,3,,2.103607287,6.027212142944336,16.671226501464844
reaction:3222,AdBrettPhos,3,,29.62604669,30.213443756103516,15.654796600341797
reaction:3223,AdBrettPhos,4,,40.21154517,41.62969970703125,16.726871490478516
reaction:3224,AdBrettPhos,0,,0.0,0.1020050048828125,17.701364517211914
reaction:3225,AdBrettPhos,2,,23.916357,23.735374450683594,16.815105438232422
reaction:3226,AdBrettPhos,3,,44.44845486,42.8179931640625,15.795218467712402
reaction:3227,AdBrettPhos,3,,0.490842961,-0.5079612731933594,16.493661880493164
reaction:3228,AdBrettPhos,2,,39.51845686,51.8027229309082,17.16226577758789
reaction:3229,AdBrettPhos,3,,69.71995068,71.13922882080078,15.675174713134766
reaction:3230,AdBrettPhos,0,,47.18415816,59.92521667480469,17.61693000793457
reaction:3231,AdBrettPhos,3,,65.99016493,67.09115600585938,16.282339096069336
reaction:3232,AdBrettPhos,0,,87.94083651,78.97761535644531,18.003498077392578
reaction:3233,AdBrettPhos,3,,1.573799128,1.291646957397461,15.43667221069336
reaction:3234,AdBrettPhos,2,,61.50487524,49.72172546386719,17.970043182373047
reaction:3235,AdBrettPhos,4,,83.95560608,74.67031860351562,17.155105590820312
reaction:3236,XPhos,2,,13.9614152,10.278120040893555,18.96189308166504
reaction:3237,XPhos,2,,15.08609068,12.039960861206055,16.220796585083008
reaction:3238,XPhos,1,,15.9216391,18.985366821289062,15.941749572753906
reaction:3239,XPhos,0,,2.548391087,-3.601795196533203,16.793550491333008
reaction:3240,XPhos,1,,8.641168314,9.628133773803711,13.180081367492676
reaction:3241,XPhos,1,,6.654637209,10.94129753112793,14.296880722045898
reaction:3242,XPhos,1,,7.713999512000001,3.74920654296875,15.313470840454102
reaction:3243,XPhos,4,,14.761892499999998,28.72537612915039,18.58342170715332
reaction:3244,XPhos,4,,16.70711364,24.675628662109375,18.03287696838379
reaction:3245,XPhos,4,,12.25099464,11.107078552246094,19.476743698120117
reaction:3246,XPhos,2,,16.43551115,12.300529479980469,17.22492027282715
reaction:3247,XPhos,3,,17.06361217,10.41710090637207,18.509618759155273
reaction:3248,XPhos,4,,12.13886151,12.986242294311523,17.1355037689209
reaction:3249,XPhos,0,,10.08173564,9.215150833129883,17.54531478881836
reaction:3250,XPhos,2,,12.79205877,20.898433685302734,18.153512954711914
reaction:3251,XPhos,4,,11.31960299,8.83479118347168,19.617902755737305
reaction:3252,XPhos,4,,22.30541273,21.079147338867188,19.791471481323242
reaction:3253,XPhos,0,,25.45694196,20.798118591308594,17.21786880493164
reaction:3254,XPhos,1,,0.0,-5.1850433349609375,15.288291931152344
reaction:3255,XPhos,2,,2.840028013,4.167427062988281,19.52422523498535
reaction:3256,XPhos,4,,4.296191189,4.754220962524414,17.365549087524414
reaction:3257,XPhos,1,,1.896990139,-1.628570556640625,15.365440368652344
reaction:3258,XPhos,3,,9.250516466,10.729612350463867,19.16871452331543
reaction:3259,XPhos,2,,13.02243467,13.323970794677734,17.52102279663086
reaction:3260,XPhos,2,,15.10135263,14.358261108398438,17.089027404785156
reaction:3261,XPhos,2,,24.44251918,27.917831420898438,17.336631774902344
reaction:3262,XPhos,4,,26.61192771,28.251615524291992,20.15477752685547
reaction:3263,XPhos,2,,2.419663487,2.616230010986328,18.056608200073242
reaction:3264,XPhos,2,,6.251282484,10.708442687988281,16.65365982055664
reaction:3265,XPhos,1,,12.75397423,13.38351058959961,12.829588890075684
reaction:3266,XPhos,1,,13.18136791,7.836248397827148,16.1058406829834
reaction:3267,XPhos,3,,22.67787637,18.34164810180664,18.67160415649414
reaction:3268,XPhos,4,,24.0555231,25.478116989135742,18.33745574951172
reaction:3269,XPhos,1,,0.0,-4.691066741943359,15.180642127990723
reaction:3270,XPhos,3,,2.373234972,-0.016155242919921875,16.359933853149414
reaction:3271,XPhos,1,,5.371995824,5.778717041015625,14.657554626464844
reaction:3272,XPhos,3,,2.067024275,-1.1648406982421875,17.898874282836914
reaction:3273,XPhos,4,,9.241578451,12.299575805664062,18.382253646850586
reaction:3274,XPhos,1,,20.36311527,26.60257911682129,13.42258358001709
reaction:3275,XPhos,3,,14.60964787,14.855432510375977,19.083192825317383
reaction:3276,XPhos,1,,28.761729100000004,33.34074783325195,16.067626953125
reaction:3277,XPhos,0,,23.20886991,40.403839111328125,15.495110511779785
reaction:3278,XPhos,1,,3.338911929,-0.033931732177734375,15.490256309509277
reaction:3279,XPhos,3,,11.07544016,8.907840728759766,18.516817092895508
reaction:3280,XPhos,4,,16.38360507,18.183963775634766,19.306570053100586
reaction:3281,XPhos,1,,8.599290827999999,-0.6540374755859375,19.343090057373047
reaction:3282,XPhos,3,,8.073391293,3.2148914337158203,19.064931869506836
reaction:3283,XPhos,0,,8.373801377000001,16.571861267089844,18.74178123474121
reaction:3284,XPhos,1,,2.086409943,-5.227413177490234,18.705162048339844
reaction:3285,XPhos,2,,3.898269895,6.599283218383789,19.688386917114258
reaction:3286,XPhos,2,,2.8197473260000003,6.133636474609375,18.099611282348633
reaction:3287,XPhos,0,,9.734031055,-0.09549331665039062,18.475522994995117
reaction:3288,XPhos,0,,14.02250347,19.08545684814453,18.561813354492188
reaction:3289,XPhos,3,,13.30215474,20.070350646972656,18.361040115356445
reaction:3290,XPhos,4,,11.84842444,7.207399368286133,18.03555679321289
reaction:3291,XPhos,3,,12.48722349,11.672292709350586,19.36150360107422
reaction:3292,XPhos,3,,13.26217146,14.428380966186523,19.063945770263672
reaction:3293,XPhos,2,,7.007309831000001,3.8607444763183594,19.005718231201172
reaction:3294,XPhos,1,,3.803167764,2.32861328125,17.303205490112305
reaction:3295,XPhos,4,,9.3396983,15.017343521118164,17.755884170532227
reaction:3296,XPhos,2,,2.8287389710000004,5.703496932983398,19.401758193969727
reaction:3297,XPhos,4,,11.73173458,18.777437210083008,18.860273361206055
reaction:3298,XPhos,0,,32.01377764,22.668075561523438,18.905742645263672
reaction:3299,XPhos,4,,0.0,1.7650127410888672,16.761640548706055
reaction:3300,XPhos,2,,0.597123544,4.456121444702148,19.779375076293945
reaction:3301,XPhos,3,,1.6246243130000002,5.308401107788086,19.51896095275879
reaction:3302,XPhos,3,,1.378417368,1.319488525390625,18.408273696899414
reaction:3303,XPhos,4,,5.748911262999999,11.005165100097656,16.68446922302246
reaction:3304,XPhos,3,,15.88279637,11.317703247070312,18.35276985168457
reaction:3305,XPhos,4,,15.03293541,14.745229721069336,17.99829864501953
reaction:3306,XPhos,4,,36.25474039,30.259105682373047,17.697919845581055
reaction:3307,XPhos,2,,40.83653695,32.326847076416016,16.953304290771484
reaction:3308,XPhos,3,,0.0,2.6060752868652344,16.914026260375977
reaction:3309,XPhos,4,,3.383758574,8.034431457519531,15.71207046508789
reaction:3310,XPhos,0,,9.091321628,9.816230773925781,19.411117553710938
reaction:3311,XPhos,2,,1.249008464,0.4811058044433594,19.467796325683594
reaction:3312,XPhos,0,,7.593500734,10.248064041137695,17.111881256103516
reaction:3313,XPhos,4,,23.19251783,19.460834503173828,16.806365966796875
reaction:3314,XPhos,2,,0.0,-8.744033813476562,17.701400756835938
reaction:3315,XPhos,4,,0.0,-7.609951019287109,18.293807983398438
reaction:3316,XPhos,4,,0.0,-2.3655776977539062,16.134357452392578
reaction:3317,XPhos,0,,0.0,-8.742321014404297,18.210330963134766
reaction:3318,XPhos,2,,3.304153664,1.881692886352539,17.303125381469727
reaction:3319,XPhos,1,,4.972241085,24.781234741210938,17.202083587646484
reaction:3320,XPhos,1,,11.6539798,13.993745803833008,19.710540771484375
reaction:3321,XPhos,0,,23.14100825,29.412246704101562,19.628864288330078
reaction:3322,XPhos,1,,30.73323241,40.41284942626953,19.295446395874023
reaction:3323,XPhos,2,,0.0,-7.352481842041016,19.07149887084961
reaction:3324,XPhos,3,,0.0,2.615915298461914,18.9130916595459
reaction:3325,XPhos,1,,0.0,14.07198715209961,17.04129409790039
reaction:3326,XPhos,4,,25.79234273,25.99344253540039,18.962106704711914
reaction:3327,XPhos,0,,21.1852936,32.008548736572266,16.384714126586914
reaction:3328,XPhos,4,,41.0055284,40.54262161254883,18.059688568115234
reaction:3329,XPhos,3,,1.426630798,14.96955680847168,19.329816818237305
reaction:3330,XPhos,2,,41.22664286,24.29711151123047,19.82950210571289
reaction:3331,XPhos,2,,47.37967992,28.661849975585938,17.93499183654785
reaction:3332,XPhos,0,,11.25218088,22.444320678710938,17.892864227294922
reaction:3333,XPhos,3,,66.85183325,46.05009841918945,19.976778030395508
reaction:3334,XPhos,2,,67.69619533,52.93310546875,17.929826736450195
reaction:3335,XPhos,1,,18.57739993,30.92078399658203,19.129501342773438
reaction:3336,XPhos,3,,22.20180478,36.898193359375,19.606666564941406
reaction:3337,XPhos,3,,22.35512226,36.07046127319336,19.085779190063477
reaction:3338,XPhos,3,,38.752824100000005,30.115694046020508,17.071640014648438
reaction:3339,XPhos,3,,24.97274403,34.12592697143555,18.966217041015625
reaction:3340,XPhos,3,,75.11548375,46.54347229003906,17.739110946655273
reaction:3341,XPhos,0,,19.41980511,18.03614044189453,18.45259666442871
reaction:3342,XPhos,3,,32.07542073,29.9103946685791,19.116296768188477
reaction:3343,XPhos,4,,34.52065187,40.423011779785156,18.068817138671875
reaction:3344,XPhos,4,,2.069142775,6.158275604248047,17.72160530090332
reaction:3345,XPhos,4,,14.42253285,24.326509475708008,18.79503059387207
reaction:3346,XPhos,1,,22.92734992,24.79923439025879,17.90321922302246
reaction:3347,XPhos,1,,5.821778043999999,7.203454971313477,18.795820236206055
reaction:3348,XPhos,2,,33.78601477,34.81808090209961,17.339433670043945
reaction:3349,XPhos,4,,37.39742705,41.52137756347656,17.524633407592773
reaction:3350,XPhos,3,,26.66040937,24.935211181640625,19.185958862304688
reaction:3351,XPhos,0,,44.30153891,38.09767532348633,19.170974731445312
reaction:3352,XPhos,2,,44.76424476,46.48426818847656,17.038713455200195
reaction:3353,XPhos,1,,12.63535619,15.049577713012695,18.02724266052246
reaction:3354,XPhos,2,,32.89151252,23.122533798217773,17.918590545654297
reaction:3355,XPhos,4,,41.00150742,44.53310775756836,18.86482810974121
reaction:3356,XPhos,0,,19.39344332,17.27955436706543,18.664588928222656
reaction:3357,XPhos,4,,31.15934188,30.775053024291992,19.31184959411621
reaction:3358,XPhos,4,,38.74519603,42.177589416503906,18.145177841186523
reaction:3359,XPhos,3,,1.798923194,7.029928207397461,19.135770797729492
reaction:3360,XPhos,4,,9.508784567,20.481521606445312,18.76323699951172
reaction:3361,XPhos,4,,17.33987768,26.94417953491211,16.889047622680664
reaction:3362,XPhos,0,,5.235495595,7.562404632568359,17.762372970581055
reaction:3363,XPhos,0,,28.74353219,33.42954635620117,18.395151138305664
reaction:3364,XPhos,1,,53.88645108,50.8574333190918,16.728288650512695
reaction:3365,XPhos,0,,27.32636453,24.84493637084961,16.383148193359375
reaction:3366,XPhos,0,,52.36462009,41.726036071777344,19.299589157104492
reaction:3367,XPhos,3,,62.64059826,50.598670959472656,18.887943267822266
reaction:3368,XPhos,3,,7.71156711,12.168487548828125,16.92535972595215
reaction:3369,XPhos,2,,25.62052054,24.523040771484375,17.87883186340332
reaction:3370,XPhos,4,,43.30658798,48.7924919128418,18.9653263092041
reaction:3371,XPhos,1,,6.70191803,6.968433380126953,19.6436767578125
reaction:3372,XPhos,2,,15.721696,14.441036224365234,16.973543167114258
reaction:3373,XPhos,1,,32.03839032,24.09032440185547,19.45257568359375
reaction:3374,XPhos,2,,0.0,-0.9884185791015625,17.90154266357422
reaction:3375,XPhos,1,,5.529906697,10.584329605102539,17.310367584228516
reaction:3376,XPhos,3,,6.840870887,17.76675796508789,19.585111618041992
reaction:3377,XPhos,0,,0.566845941,3.5669898986816406,18.90614128112793
reaction:3378,XPhos,3,,22.16483544,29.495220184326172,19.400920867919922
reaction:3379,XPhos,3,,31.41749034,37.6572151184082,17.543039321899414
reaction:3380,XPhos,0,,22.29411196,14.385557174682617,17.249420166015625
reaction:3381,XPhos,4,,31.22952549,18.922834396362305,19.174968719482422
reaction:3382,XPhos,0,,31.17670784,18.049697875976562,17.821918487548828
reaction:3383,XPhos,4,,3.037744154,13.995721817016602,17.34611701965332
reaction:3384,XPhos,2,,13.63572226,13.53346061706543,17.211153030395508
reaction:3385,XPhos,4,,21.33105034,31.232105255126953,18.99107551574707
reaction:3386,XPhos,4,,10.4860128,12.221738815307617,19.521034240722656
reaction:3387,XPhos,3,,26.29886063,25.27564811706543,18.95354461669922
reaction:3388,XPhos,1,,23.69345333,35.17518615722656,19.2692813873291
reaction:3389,XPhos,4,,0.0,4.667200088500977,18.212413787841797
reaction:3390,XPhos,0,,6.730455291,7.072956085205078,17.636001586914062
reaction:3391,XPhos,3,,13.41857273,12.909965515136719,19.450593948364258
reaction:3392,XPhos,0,,1.036456102,1.6986637115478516,18.75145149230957
reaction:3393,XPhos,3,,22.99620882,21.678936004638672,19.391056060791016
reaction:3394,XPhos,0,,37.021541,21.633068084716797,17.519742965698242
reaction:3395,XPhos,4,,22.69659515,25.386322021484375,19.24738311767578
reaction:3396,XPhos,1,,37.46429839,41.748443603515625,19.540002822875977
reaction:3397,XPhos,4,,39.38981845,45.88568878173828,19.99239730834961
reaction:3398,XPhos,4,,4.58213428,8.750364303588867,17.360923767089844
reaction:3399,XPhos,3,,22.70660834,16.769792556762695,18.5756778717041
reaction:3400,XPhos,0,,33.31806917,23.067752838134766,20.02891731262207
reaction:3401,XPhos,1,,7.343376414,9.47317886352539,19.475858688354492
reaction:3402,XPhos,3,,26.03173318,22.775524139404297,18.739076614379883
reaction:3403,XPhos,2,,36.25454831,32.825767517089844,18.716045379638672
reaction:3404,XPhos,0,,0.0,0.7093429565429688,18.99993133544922
reaction:3405,XPhos,0,,4.191040534,4.795278549194336,17.640823364257812
reaction:3406,XPhos,1,,6.114675165,10.782951354980469,18.36449432373047
reaction:3407,XPhos,1,,0.884950948,-0.7643928527832031,19.54292869567871
reaction:3408,XPhos,3,,16.69067663,22.466236114501953,19.63092041015625
reaction:3409,XPhos,2,,31.26628393,37.0261344909668,17.776819229125977
reaction:3410,XPhos,3,,24.66006055,23.041101455688477,19.214439392089844
reaction:3411,XPhos,4,,45.98390905,38.65229797363281,19.176288604736328
reaction:3412,XPhos,3,,52.56128921,45.46513366699219,18.872936248779297
reaction:3413,XPhos,2,,3.35256921,3.180540084838867,18.659610748291016
reaction:3414,XPhos,4,,15.35819367,18.717086791992188,16.990943908691406
reaction:3415,XPhos,3,,29.91552733,29.4403076171875,17.196775436401367
reaction:3416,t-BuXPhos,1,,13.16893511,1.4928207397460938,18.266782760620117
reaction:3417,t-BuXPhos,2,,16.79477369,17.267053604125977,18.1260929107666
reaction:3418,t-BuXPhos,4,,16.24533971,17.582656860351562,14.855440139770508
reaction:3419,t-BuXPhos,0,,2.118660091,-13.639148712158203,18.404695510864258
reaction:3420,t-BuXPhos,4,,15.85894672,21.08698272705078,14.085766792297363
reaction:3421,t-BuXPhos,4,,15.94900479,19.827857971191406,16.875953674316406
reaction:3422,t-BuXPhos,1,,7.108204477,-6.5069732666015625,18.978593826293945
reaction:3423,t-BuXPhos,1,,24.76005147,34.79785919189453,18.856042861938477
reaction:3424,t-BuXPhos,1,,28.11243479,33.7698860168457,18.877492904663086
reaction:3425,t-BuXPhos,3,,27.24876847,34.98500061035156,18.47113609313965
reaction:3426,t-BuXPhos,4,,31.76624566,39.21157455444336,16.587879180908203
reaction:3427,t-BuXPhos,0,,37.29673945,35.75935745239258,18.492935180664062
reaction:3428,t-BuXPhos,3,,16.87891597,12.686429977416992,17.83942985534668
reaction:3429,t-BuXPhos,2,,22.41656552,27.01957893371582,17.36543083190918
reaction:3430,t-BuXPhos,3,,23.46293461,37.30226135253906,18.6558837890625
reaction:3431,t-BuXPhos,4,,9.295516532,19.70690155029297,16.4299373626709
reaction:3432,t-BuXPhos,1,,35.04870846,29.852909088134766,19.032686233520508
reaction:3433,t-BuXPhos,1,,35.39709887,34.238929748535156,18.583499908447266
reaction:3434,t-BuXPhos,2,,0.0,3.4261932373046875,18.0009822845459
reaction:3435,t-BuXPhos,1,,34.88973455,29.54022979736328,18.706186294555664
reaction:3436,t-BuXPhos,1,,35.68810141,33.79573059082031,17.262958526611328
reaction:3437,t-BuXPhos,4,,1.257407502,8.522876739501953,16.46442413330078
reaction:3438,t-BuXPhos,4,,55.96431027,48.91946792602539,15.316468238830566
reaction:3439,t-BuXPhos,3,,59.93053961,54.90253448486328,17.22986602783203
reaction:3440,t-BuXPhos,3,,56.99401844,52.704139709472656,18.638437271118164
reaction:3441,t-BuXPhos,0,,63.00725217,58.79335021972656,17.267087936401367
reaction:3442,t-BuXPhos,2,,59.18255708,60.88484191894531,16.52632713317871
reaction:3443,t-BuXPhos,4,,7.66652575,19.6185302734375,15.434956550598145
reaction:3444,t-BuXPhos,3,,54.77135423,54.93122100830078,16.916839599609375
reaction:3445,t-BuXPhos,4,,62.18465229,56.783016204833984,16.49358367919922
reaction:3446,t-BuXPhos,4,,17.84178388,30.080860137939453,16.441118240356445
reaction:3447,t-BuXPhos,4,,40.13524468,41.9759407043457,16.671096801757812
reaction:3448,t-BuXPhos,3,,46.24961136,44.47306823730469,19.045392990112305
reaction:3449,t-BuXPhos,0,,2.890686767,5.846895217895508,18.32489776611328
reaction:3450,t-BuXPhos,3,,45.52184766,42.5971794128418,18.735877990722656
reaction:3451,t-BuXPhos,2,,47.90925553,44.21184539794922,17.451242446899414
reaction:3452,t-BuXPhos,0,,11.25502625,13.86762809753418,18.824296951293945
reaction:3453,t-BuXPhos,1,,71.70514407,66.58150482177734,18.858837127685547
reaction:3454,t-BuXPhos,2,,72.13959481,68.8786392211914,18.202974319458008
reaction:3455,t-BuXPhos,1,,79.78226496,76.11466979980469,17.874256134033203
reaction:3456,t-BuXPhos,0,,79.62575679,79.40019226074219,17.274213790893555
reaction:3457,t-BuXPhos,3,,82.21280375,82.05873107910156,17.999309539794922
reaction:3458,t-BuXPhos,4,,33.50615076,32.524749755859375,15.439116477966309
reaction:3459,t-BuXPhos,4,,78.67116412,72.40083312988281,16.08209800720215
reaction:3460,t-BuXPhos,4,,79.16863895,76.83767700195312,16.462303161621094
reaction:3461,t-BuXPhos,3,,10.16290719,3.6616783142089844,18.445842742919922
reaction:3462,t-BuXPhos,4,,10.72653134,13.421293258666992,18.3693790435791
reaction:3463,t-BuXPhos,0,,11.56918225,16.322494506835938,17.974092483520508
reaction:3464,t-BuXPhos,3,,1.924092177,-9.195697784423828,17.082523345947266
reaction:3465,t-BuXPhos,4,,9.627089409,10.436756134033203,16.684804916381836
reaction:3466,t-BuXPhos,3,,11.09901507,29.075735092163086,18.532894134521484
reaction:3467,t-BuXPhos,0,,6.581266652999999,-2.82666015625,18.79585838317871
reaction:3468,t-BuXPhos,1,,16.8324099,26.0819034576416,18.148195266723633
reaction:3469,t-BuXPhos,1,,21.40006849,35.754329681396484,18.419431686401367
reaction:3470,t-BuXPhos,3,,42.78380779,30.96685791015625,17.788631439208984
reaction:3471,t-BuXPhos,2,,53.50463767,36.99007797241211,19.105709075927734
reaction:3472,t-BuXPhos,0,,60.63710952,42.73333740234375,18.930885314941406
reaction:3473,t-BuXPhos,1,,13.25100229,10.363603591918945,18.040666580200195
reaction:3474,t-BuXPhos,0,,18.48421566,30.005592346191406,17.273576736450195
reaction:3475,t-BuXPhos,4,,20.6070389,37.08235168457031,18.548789978027344
reaction:3476,t-BuXPhos,1,,1.71151259,9.772598266601562,17.710140228271484
reaction:3477,t-BuXPhos,3,,7.321293774,24.98935317993164,18.443078994750977
reaction:3478,t-BuXPhos,0,,34.91039433,23.895355224609375,17.831113815307617
reaction:3479,t-BuXPhos,4,,0.0,-2.8442153930664062,18.828990936279297
reaction:3480,t-BuXPhos,3,,5.935933532999999,22.37433433532715,18.53504180908203
reaction:3481,t-BuXPhos,0,,58.0174464,23.421558380126953,18.57000160217285
reaction:3482,t-BuXPhos,1,,1.7819099669999998,-1.3189964294433594,18.46645164489746
reaction:3483,t-BuXPhos,2,,22.74107385,35.73403549194336,17.1381893157959
reaction:3484,t-BuXPhos,1,,57.01120739,49.67898178100586,18.293560028076172
reaction:3485,t-BuXPhos,1,,33.66124955,49.64311218261719,17.133216857910156
reaction:3486,t-BuXPhos,4,,51.21151631,57.63951873779297,18.51676368713379
reaction:3487,t-BuXPhos,2,,60.13886073,62.851287841796875,16.898151397705078
reaction:3488,t-BuXPhos,2,,2.249906301,9.045974731445312,17.797901153564453
reaction:3489,t-BuXPhos,2,,41.72955132,48.22979736328125,18.69732093811035
reaction:3490,t-BuXPhos,0,,60.45904469,46.630699157714844,17.537565231323242
reaction:3491,t-BuXPhos,0,,16.47949658,16.954126358032227,18.04062843322754
reaction:3492,t-BuXPhos,3,,27.36893381,34.336246490478516,18.64012336730957
reaction:3493,t-BuXPhos,3,,39.35756061,39.71246337890625,18.995145797729492
reaction:3494,t-BuXPhos,0,,0.712699399,2.749347686767578,17.957183837890625
reaction:3495,t-BuXPhos,3,,8.970204017,34.67361068725586,18.753555297851562
reaction:3496,t-BuXPhos,3,,44.46296659,52.34458541870117,18.83649444580078
reaction:3497,t-BuXPhos,3,,4.28271464,8.636730194091797,18.875587463378906
reaction:3498,t-BuXPhos,3,,39.55034963,52.70826721191406,17.757539749145508
reaction:3499,t-BuXPhos,0,,63.92666602,60.97520446777344,18.110769271850586
reaction:3500,t-BuXPhos,4,,79.04497323,61.463645935058594,18.6920166015625
reaction:3501,t-BuXPhos,2,,78.70773698,69.99349975585938,19.045703887939453
reaction:3502,t-BuXPhos,1,,84.10193793,80.7342529296875,18.807817459106445
reaction:3503,t-BuXPhos,3,,12.67223423,24.057533264160156,18.25940704345703
reaction:3504,t-BuXPhos,2,,55.95219042,65.32125854492188,18.7464656829834
reaction:3505,t-BuXPhos,4,,80.67857489,72.01226806640625,18.60451889038086
reaction:3506,t-BuXPhos,2,,30.59884697,37.392826080322266,18.43647575378418
reaction:3507,t-BuXPhos,0,,33.91258635,39.661041259765625,17.025148391723633
reaction:3508,t-BuXPhos,4,,36.80129147,38.882850646972656,16.960817337036133
reaction:3509,t-BuXPhos,2,,2.495636052,14.270231246948242,18.610332489013672
reaction:3510,t-BuXPhos,0,,47.27988184,46.33463668823242,17.535566329956055
reaction:3511,t-BuXPhos,4,,44.44212826,40.07550048828125,18.56964683532715
reaction:3512,t-BuXPhos,0,,12.51112995,17.681636810302734,17.543609619140625
reaction:3513,t-BuXPhos,2,,66.1081674,61.820953369140625,17.173254013061523
reaction:3514,t-BuXPhos,2,,63.53604944,57.40257263183594,18.71518898010254
reaction:3515,t-BuXPhos,2,,53.37807808,62.85321807861328,17.97071647644043
reaction:3516,t-BuXPhos,0,,62.99169098,62.446624755859375,15.277008056640625
reaction:3517,t-BuXPhos,0,,63.44404456,65.01405334472656,17.63438606262207
reaction:3518,t-BuXPhos,2,,52.55158103,41.64857864379883,17.879833221435547
reaction:3519,t-BuXPhos,0,,68.74074216,59.055084228515625,16.07547950744629
reaction:3520,t-BuXPhos,4,,77.66689194,56.0587272644043,18.12388801574707
reaction:3521,t-BuXPhos,4,,34.08344524,23.513851165771484,18.291257858276367
reaction:3522,t-BuXPhos,1,,38.11608188,33.847259521484375,18.874746322631836
reaction:3523,t-BuXPhos,1,,39.909465,37.63384246826172,18.61201286315918
reaction:3524,t-BuXPhos,3,,1.029883817,1.0689926147460938,17.9668025970459
reaction:3525,t-BuXPhos,1,,39.21368937,38.81364059448242,18.644800186157227
reaction:3526,t-BuXPhos,0,,35.2237201,38.396663665771484,17.373319625854492
reaction:3527,t-BuXPhos,2,,3.311093961,4.401601791381836,17.085033416748047
reaction:3528,t-BuXPhos,1,,57.74229286,59.86621856689453,18.499568939208984
reaction:3529,t-BuXPhos,4,,59.48668549,65.23583221435547,16.721864700317383
reaction:3530,t-BuXPhos,0,,64.60204454,58.98502731323242,17.63945960998535
reaction:3531,t-BuXPhos,2,,61.25906652,67.81379699707031,19.102235794067383
reaction:3532,t-BuXPhos,0,,62.35242374,69.28680419921875,17.869050979614258
reaction:3533,t-BuXPhos,0,,36.30128303,29.156774520874023,14.884278297424316
reaction:3534,t-BuXPhos,4,,63.06191521,64.78318786621094,17.813295364379883
reaction:3535,t-BuXPhos,1,,62.65745672,71.85652160644531,16.987552642822266
reaction:3536,t-BuXPhos,2,,33.03637259,31.37462615966797,18.47255516052246
reaction:3537,t-BuXPhos,3,,39.20587876,41.09423065185547,18.676288604736328
reaction:3538,t-BuXPhos,2,,41.26140824,45.856285095214844,17.201013565063477
reaction:3539,t-BuXPhos,3,,1.728296665,1.1951789855957031,18.040611267089844
reaction:3540,t-BuXPhos,2,,49.69104828,45.50520706176758,17.54034996032715
reaction:3541,t-BuXPhos,1,,41.80838188,46.6359748840332,16.86419105529785
reaction:3542,t-BuXPhos,0,,3.524318044,10.838897705078125,17.427412033081055
reaction:3543,t-BuXPhos,0,,71.55294754,73.20046997070312,15.842355728149414
reaction:3544,t-BuXPhos,1,,72.58292155,71.639404296875,18.58163833618164
reaction:3545,t-BuXPhos,4,,83.76441682,75.10904693603516,18.28266143798828
reaction:3546,t-BuXPhos,3,,82.77010873,81.86003875732422,18.318923950195312
reaction:3547,t-BuXPhos,0,,80.16290148,88.04525756835938,17.5490665435791
reaction:3548,t-BuXPhos,4,,44.56568658,39.173797607421875,17.647830963134766
reaction:3549,t-BuXPhos,2,,80.07437026,83.81550598144531,18.104215621948242
reaction:3550,t-BuXPhos,3,,81.27546311,84.3094482421875,18.67278480529785
reaction:3551,t-BuXPhos,2,,15.75654156,24.772789001464844,17.953067779541016
reaction:3552,t-BuXPhos,1,,40.52594956,41.1810188293457,18.576122283935547
reaction:3553,t-BuXPhos,1,,38.16592165,40.65947341918945,17.880739212036133
reaction:3554,t-BuXPhos,1,,0.390715033,14.364479064941406,18.476871490478516
reaction:3555,t-BuXPhos,3,,45.77689221,42.088478088378906,18.798690795898438
reaction:3556,t-BuXPhos,2,,41.36745101,42.26002883911133,17.8426456451416
reaction:3557,t-BuXPhos,4,,0.8602956559999999,13.537372589111328,18.81090545654297
reaction:3558,t-BuXPhos,3,,63.69608906,54.557220458984375,18.8155460357666
reaction:3559,t-BuXPhos,0,,64.24487271,56.37961959838867,18.41762924194336
reaction:3560,t-BuXPhos,0,,63.65319734,58.79557800292969,18.871036529541016
reaction:3561,t-BuXPhos,4,,73.26731184,62.51235580444336,18.980552673339844
reaction:3562,t-BuXPhos,4,,70.29330199,62.34843444824219,18.224977493286133
reaction:3563,t-BuXPhos,0,,8.47025224,27.634674072265625,16.796642303466797
reaction:3564,t-BuXPhos,2,,70.27327326,50.16462707519531,18.40968894958496
reaction:3565,t-BuXPhos,3,,75.8997955,58.84095764160156,19.081357955932617
reaction:3566,t-BuXPhos,1,,12.88972347,11.299354553222656,17.458717346191406
reaction:3567,t-BuXPhos,2,,36.29421793,35.18367004394531,18.406957626342773
reaction:3568,t-BuXPhos,4,,37.37794419,36.137943267822266,17.42171287536621
reaction:3569,t-BuXPhos,1,,0.252253584,1.8349227905273438,18.646032333374023
reaction:3570,t-BuXPhos,1,,37.13655068,34.947105407714844,18.486892700195312
reaction:3571,t-BuXPhos,2,,32.814438300000006,38.320098876953125,17.73839569091797
reaction:3572,t-BuXPhos,1,,0.83326199,-2.2155113220214844,18.71556854248047
reaction:3573,t-BuXPhos,4,,55.17541483,55.07872009277344,17.761178970336914
reaction:3574,t-BuXPhos,2,,57.50576347,63.27525329589844,18.70876121520996
reaction:3575,t-BuXPhos,1,,66.07394644,58.053565979003906,17.312305450439453
reaction:3576,t-BuXPhos,1,,64.68492451,67.53340148925781,18.477741241455078
reaction:3577,t-BuXPhos,0,,60.93427362,68.33074951171875,18.98781394958496
reaction:3578,t-BuXPhos,2,,6.684386034,12.045711517333984,17.893102645874023
reaction:3579,t-BuXPhos,1,,63.13467167,62.234657287597656,16.921659469604492
reaction:3580,t-BuXPhos,3,,65.07775968,64.48983001708984,18.912738800048828
reaction:3581,t-BuXPhos,4,,11.91198349,20.845951080322266,18.812402725219727
reaction:3582,t-BuXPhos,4,,39.35316158,40.65117645263672,18.811983108520508
reaction:3583,t-BuXPhos,4,,43.82916168,44.02665710449219,17.52366065979004
reaction:3584,t-BuXPhos,4,,0.381599662,0.01043701171875,19.059368133544922
reaction:3585,t-BuXPhos,2,,49.01650319,42.43684768676758,17.239364624023438
reaction:3586,t-BuXPhos,0,,42.67624543,41.75498580932617,18.581586837768555
reaction:3587,t-BuXPhos,1,,0.7454308609999999,1.1999797821044922,18.38756561279297
reaction:3588,t-BuXPhos,1,,69.58481273,65.38633728027344,17.808822631835938
reaction:3589,t-BuXPhos,0,,71.48272249,66.76316833496094,18.65013313293457
reaction:3590,t-BuXPhos,0,,82.32171897,75.82333374023438,18.862342834472656
reaction:3591,t-BuXPhos,2,,81.29892199,82.55424499511719,18.950119018554688
reaction:3592,t-BuXPhos,1,,82.34381979999999,82.93109130859375,18.97939109802246
reaction:3593,t-BuXPhos,2,,7.182520972000001,21.936084747314453,17.821317672729492
reaction:3594,t-BuXPhos,0,,75.98553455,77.00247192382812,17.37313461303711
reaction:3595,t-BuXPhos,0,,82.40046293,81.60269165039062,17.836444854736328
reaction:3596,t-BuBrettPhos,0,,9.973367678,-8.809303283691406,16.971961975097656
reaction:3597,t-BuBrettPhos,4,,12.38761085,7.937551498413086,16.390979766845703
reaction:3598,t-BuBrettPhos,4,,12.79513925,14.761573791503906,16.862098693847656
reaction:3599,t-BuBrettPhos,0,,0.746156967,-11.408683776855469,17.150537490844727
reaction:3600,t-BuBrettPhos,2,,12.59161714,18.433122634887695,16.691959381103516
reaction:3601,t-BuBrettPhos,2,,14.72607829,21.173866271972656,17.614341735839844
reaction:3602,t-BuBrettPhos,2,,12.28165388,-3.474842071533203,17.32331657409668
reaction:3603,t-BuBrettPhos,1,,24.42477517,30.15621566772461,17.61383628845215
reaction:3604,t-BuBrettPhos,4,,26.50151753,39.00863265991211,15.887317657470703
reaction:3605,t-BuBrettPhos,2,,24.72320112,34.914512634277344,17.46178436279297
reaction:3606,t-BuBrettPhos,2,,27.98543221,40.30644989013672,17.51824951171875
reaction:3607,t-BuBrettPhos,1,,32.32915323,49.97502136230469,18.052122116088867
reaction:3608,t-BuBrettPhos,0,,8.50474803,-12.454788208007812,16.569501876831055
reaction:3609,t-BuBrettPhos,3,,15.43456925,14.278514862060547,17.151580810546875
reaction:3610,t-BuBrettPhos,2,,19.90695412,32.95053482055664,17.13064956665039
reaction:3611,t-BuBrettPhos,3,,2.74121661,9.097745895385742,17.372522354125977
reaction:3612,t-BuBrettPhos,3,,20.07939568,26.174251556396484,17.868785858154297
reaction:3613,t-BuBrettPhos,0,,33.6420654,31.43696403503418,16.72585678100586
reaction:3614,t-BuBrettPhos,1,,0.328567973,-1.5918960571289062,16.97019386291504
reaction:3615,t-BuBrettPhos,2,,12.21281347,18.09274673461914,16.735431671142578
reaction:3616,t-BuBrettPhos,1,,33.66516566,27.453535079956055,17.340906143188477
reaction:3617,t-BuBrettPhos,2,,1.993041801,-0.7401924133300781,17.23118782043457
reaction:3618,t-BuBrettPhos,0,,24.96800216,35.433773040771484,17.171960830688477
reaction:3619,t-BuBrettPhos,3,,59.5664451,52.568572998046875,17.512147903442383
reaction:3620,t-BuBrettPhos,3,,32.57727167,31.950298309326172,17.027023315429688
reaction:3621,t-BuBrettPhos,2,,44.24461772,46.35091018676758,17.550312042236328
reaction:3622,t-BuBrettPhos,3,,61.37532466,52.35906219482422,16.33135414123535
reaction:3623,t-BuBrettPhos,1,,1.607816561,2.753877639770508,17.696191787719727
reaction:3624,t-BuBrettPhos,2,,42.1300284,40.6643180847168,16.645503997802734
reaction:3625,t-BuBrettPhos,0,,55.13286563,52.99509048461914,16.97473907470703
reaction:3626,t-BuBrettPhos,4,,13.51164782,17.28301429748535,16.80596160888672
reaction:3627,t-BuBrettPhos,1,,36.28377215,31.877525329589844,17.56928253173828
reaction:3628,t-BuBrettPhos,4,,43.31119655,43.71149826049805,16.85869026184082
reaction:3629,t-BuBrettPhos,0,,0.568210949,0.456329345703125,17.242809295654297
reaction:3630,t-BuBrettPhos,3,,31.09780796,29.569917678833008,17.536483764648438
reaction:3631,t-BuBrettPhos,1,,44.42036094,39.589256286621094,17.187530517578125
reaction:3632,t-BuBrettPhos,0,,6.604799576,11.37478256225586,17.00372886657715
reaction:3633,t-BuBrettPhos,4,,53.30648897,51.8400764465332,16.27750015258789
reaction:3634,t-BuBrettPhos,0,,73.95398123,70.04592895507812,16.70606231689453
reaction:3635,t-BuBrettPhos,3,,64.98015189,58.41790771484375,16.904842376708984
reaction:3636,t-BuBrettPhos,0,,71.05445565,69.17874145507812,16.9757080078125
reaction:3637,t-BuBrettPhos,2,,83.94468409,81.23914337158203,16.618627548217773
reaction:3638,t-BuBrettPhos,4,,2.019729051,17.96973419189453,16.834959030151367
reaction:3639,t-BuBrettPhos,4,,55.99062735,63.455352783203125,16.21855926513672
reaction:3640,t-BuBrettPhos,3,,83.04189522,72.61963653564453,17.358875274658203
reaction:3641,t-BuBrettPhos,2,,17.35437544,13.582662582397461,16.504863739013672
reaction:3642,t-BuBrettPhos,3,,28.92940614,25.587284088134766,16.99795913696289
reaction:3643,t-BuBrettPhos,1,,34.70800352,35.5046501159668,15.381999969482422
reaction:3644,t-BuBrettPhos,1,,0.572188732,9.66775894165039,14.954922676086426
reaction:3645,t-BuBrettPhos,4,,38.02062933,35.53959274291992,16.605411529541016
reaction:3646,t-BuBrettPhos,4,,38.77000873,46.074012756347656,16.550207138061523
reaction:3647,t-BuBrettPhos,4,,13.95905877,15.725519180297852,16.69037437438965
reaction:3648,t-BuBrettPhos,3,,60.55316321,50.60799026489258,14.956473350524902
reaction:3649,t-BuBrettPhos,2,,63.14360639,55.06657409667969,16.730432510375977
reaction:3650,t-BuBrettPhos,1,,41.14460565,56.47565841674805,15.275968551635742
reaction:3651,t-BuBrettPhos,1,,47.20893463,56.060028076171875,15.330018043518066
reaction:3652,t-BuBrettPhos,4,,58.17261114,64.25691223144531,16.608266830444336
reaction:3653,t-BuBrettPhos,3,,13.53376242,14.05787467956543,16.20688247680664
reaction:3654,t-BuBrettPhos,1,,53.60304102,39.96287536621094,15.658395767211914
reaction:3655,t-BuBrettPhos,0,,58.45828833,45.07566833496094,16.17375946044922
reaction:3656,t-BuBrettPhos,3,,5.492602222,12.240518569946289,16.181528091430664
reaction:3657,t-BuBrettPhos,3,,30.47937114,29.927356719970703,17.00128936767578
reaction:3658,t-BuBrettPhos,4,,38.18576353,34.99171829223633,16.619184494018555
reaction:3659,t-BuBrettPhos,4,,0.0,-1.3816566467285156,16.460033416748047
reaction:3660,t-BuBrettPhos,1,,21.09483753,21.973222732543945,15.414579391479492
reaction:3661,t-BuBrettPhos,1,,57.7087314,35.06203079223633,14.622649192810059
reaction:3662,t-BuBrettPhos,4,,6.312401384,3.479206085205078,16.81085777282715
reaction:3663,t-BuBrettPhos,0,,40.61436819,44.78343200683594,16.55860710144043
reaction:3664,t-BuBrettPhos,3,,62.94407370000001,63.353515625,16.55354881286621
reaction:3665,t-BuBrettPhos,3,,29.74076309,37.501365661621094,16.777658462524414
reaction:3666,t-BuBrettPhos,2,,38.06656269,49.90406036376953,16.434906005859375
reaction:3667,t-BuBrettPhos,1,,64.15465798,60.08260726928711,16.18787956237793
reaction:3668,t-BuBrettPhos,4,,4.069080612,5.128688812255859,16.85198402404785
reaction:3669,t-BuBrettPhos,2,,49.17268474,49.88801193237305,15.826909065246582
reaction:3670,t-BuBrettPhos,3,,57.52960259,62.56529998779297,16.735368728637695
reaction:3671,t-BuBrettPhos,2,,12.78962475,12.031820297241211,16.47978401184082
reaction:3672,t-BuBrettPhos,1,,31.88542104,36.33772277832031,15.4451322555542
reaction:3673,t-BuBrettPhos,0,,41.17290032,41.95018005371094,16.55942153930664
reaction:3674,t-BuBrettPhos,3,,0.0,-0.5130043029785156,16.61213493347168
reaction:3675,t-BuBrettPhos,1,,36.44526769,35.38898468017578,15.53958511352539
reaction:3676,t-BuBrettPhos,2,,47.11829387,48.67267608642578,16.638484954833984
reaction:3677,t-BuBrettPhos,0,,6.880494812999999,6.50499153137207,16.50631332397461
reaction:3678,t-BuBrettPhos,0,,62.86856054,58.399986267089844,16.312347412109375
reaction:3679,t-BuBrettPhos,2,,72.345187,70.19404602050781,16.744327545166016
reaction:3680,t-BuBrettPhos,3,,72.24358198,59.40345001220703,16.60004997253418
reaction:3681,t-BuBrettPhos,0,,73.49750543,65.44291687011719,16.372970581054688
reaction:3682,t-BuBrettPhos,1,,86.32465757,82.25057220458984,16.24264907836914
reaction:3683,t-BuBrettPhos,1,,2.394294255,13.030712127685547,15.465808868408203
reaction:3684,t-BuBrettPhos,1,,47.68791361,70.01962280273438,15.701818466186523
reaction:3685,t-BuBrettPhos,2,,81.55614964,79.09042358398438,16.12266731262207
reaction:3686,t-BuBrettPhos,1,,11.04036087,24.161752700805664,16.729394912719727
reaction:3687,t-BuBrettPhos,4,,24.23482722,29.554637908935547,15.392230033874512
reaction:3688,t-BuBrettPhos,1,,31.2993075,33.641048431396484,17.348730087280273
reaction:3689,t-BuBrettPhos,2,,0.337596865,6.574911117553711,16.0218505859375
reaction:3690,t-BuBrettPhos,4,,46.64890669,42.28422164916992,15.920439720153809
reaction:3691,t-BuBrettPhos,2,,45.17206702,39.00345230102539,16.848875045776367
reaction:3692,t-BuBrettPhos,0,,9.993569506,18.947643280029297,16.877531051635742
reaction:3693,t-BuBrettPhos,2,,68.91825786,61.49424362182617,16.7188720703125
reaction:3694,t-BuBrettPhos,1,,69.27632316,59.826438903808594,17.232040405273438
reaction:3695,t-BuBrettPhos,4,,78.77070783,64.35511779785156,15.781620025634766
reaction:3696,t-BuBrettPhos,0,,76.11415284,68.00369262695312,16.48413848876953
reaction:3697,t-BuBrettPhos,4,,81.78695125,63.57032775878906,15.700722694396973
reaction:3698,t-BuBrettPhos,3,,3.724806832,24.891536712646484,16.700395584106445
reaction:3699,t-BuBrettPhos,4,,17.80357266,42.60545349121094,14.709189414978027
reaction:3700,t-BuBrettPhos,3,,61.99734129,50.11574172973633,17.23968505859375
reaction:3701,t-BuBrettPhos,4,,27.20831726,16.33465003967285,15.912381172180176
reaction:3702,t-BuBrettPhos,0,,38.14083048,33.978187561035156,16.135032653808594
reaction:3703,t-BuBrettPhos,4,,36.4250561,39.64260482788086,15.352100372314453
reaction:3704,t-BuBrettPhos,0,,1.088494579,3.9512481689453125,16.266510009765625
reaction:3705,t-BuBrettPhos,2,,37.85579692,36.29871368408203,16.09180450439453
reaction:3706,t-BuBrettPhos,3,,41.07404232,45.231201171875,16.78572654724121
reaction:3707,t-BuBrettPhos,0,,8.955312407000001,10.557683944702148,16.921560287475586
reaction:3708,t-BuBrettPhos,1,,59.10146589,59.5797233581543,17.301803588867188
reaction:3709,t-BuBrettPhos,4,,65.48133698,71.24234008789062,14.893326759338379
reaction:3710,t-BuBrettPhos,2,,62.79572595,59.955833435058594,16.751379013061523
reaction:3711,t-BuBrettPhos,1,,65.86005497,64.4881820678711,16.820112228393555
reaction:3712,t-BuBrettPhos,1,,64.68104609,75.02315521240234,17.963956832885742
reaction:3713,t-BuBrettPhos,0,,25.61137798,13.938358306884766,16.233043670654297
reaction:3714,t-BuBrettPhos,3,,56.47869884,51.79666519165039,17.226961135864258
reaction:3715,t-BuBrettPhos,3,,60.5253289,64.57256317138672,17.374752044677734
reaction:3716,t-BuBrettPhos,1,,28.57251929,23.25787353515625,16.847976684570312
reaction:3717,t-BuBrettPhos,4,,38.20471013,41.357948303222656,15.322294235229492
reaction:3718,t-BuBrettPhos,2,,41.63261266,46.03062438964844,16.430166244506836
reaction:3719,t-BuBrettPhos,1,,1.226874544,2.923931121826172,17.172739028930664
reaction:3720,t-BuBrettPhos,0,,47.15627467,45.394187927246094,16.11212158203125
reaction:3721,t-BuBrettPhos,0,,49.15467449,48.86933898925781,16.170944213867188
reaction:3722,t-BuBrettPhos,0,,9.293896224,12.647930145263672,16.920866012573242
reaction:3723,t-BuBrettPhos,2,,74.97052076,70.81730651855469,16.7741641998291
reaction:3724,t-BuBrettPhos,4,,75.97219172,82.85184478759766,14.803506851196289
reaction:3725,t-BuBrettPhos,0,,85.53405964,83.48625183105469,17.035934448242188
reaction:3726,t-BuBrettPhos,2,,80.79670421,87.59858703613281,16.754066467285156
reaction:3727,t-BuBrettPhos,4,,85.64532689,90.23505401611328,15.706976890563965
reaction:3728,t-BuBrettPhos,2,,21.70039266,19.89920425415039,16.75923728942871
reaction:3729,t-BuBrettPhos,3,,76.95155975,65.33731079101562,17.08893585205078
reaction:3730,t-BuBrettPhos,4,,80.79774090000001,85.6361083984375,15.736092567443848
reaction:3731,t-BuBrettPhos,4,,2.008708666,13.011774063110352,16.285560607910156
reaction:3732,t-BuBrettPhos,2,,25.56755062,32.18464279174805,17.13935089111328
reaction:3733,t-BuBrettPhos,2,,32.35958784,36.31185531616211,17.0481014251709
reaction:3734,t-BuBrettPhos,0,,0.0,8.039535522460938,16.828678131103516
reaction:3735,t-BuBrettPhos,1,,41.6263458,37.72658920288086,17.881610870361328
reaction:3736,t-BuBrettPhos,4,,41.53702825,41.543357849121094,15.976696014404297
reaction:3737,t-BuBrettPhos,1,,5.761815995,13.124752044677734,17.94393539428711
reaction:3738,t-BuBrettPhos,2,,63.22828466,57.82789611816406,17.44590950012207
reaction:3739,t-BuBrettPhos,0,,66.89026205,57.815311431884766,16.75816535949707
reaction:3740,t-BuBrettPhos,0,,72.60987428,62.09638977050781,16.848562240600586
reaction:3741,t-BuBrettPhos,1,,78.22401013,64.8126449584961,17.582834243774414
reaction:3742,t-BuBrettPhos,1,,70.14060434,71.13255310058594,18.408267974853516
reaction:3743,t-BuBrettPhos,0,,0.810171959,7.724742889404297,16.608158111572266
reaction:3744,t-BuBrettPhos,2,,48.96975625,41.39219665527344,16.614429473876953
reaction:3745,t-BuBrettPhos,4,,50.40479784,50.03861999511719,15.659156799316406
reaction:3746,t-BuBrettPhos,4,,6.090802245,9.370872497558594,16.396581649780273
reaction:3747,t-BuBrettPhos,1,,38.90083473,34.50727081298828,17.78125762939453
reaction:3748,t-BuBrettPhos,2,,37.47062049,40.00199890136719,16.975168228149414
reaction:3749,t-BuBrettPhos,4,,0.0,2.958820343017578,16.17023468017578
reaction:3750,t-BuBrettPhos,1,,35.15329281,29.957904815673828,17.9020938873291
reaction:3751,t-BuBrettPhos,0,,41.08459601,42.26124954223633,16.56905746459961
reaction:3752,t-BuBrettPhos,1,,4.12761042,7.045469284057617,18.107099533081055
reaction:3753,t-BuBrettPhos,0,,56.83415199,50.012306213378906,16.9748592376709
reaction:3754,t-BuBrettPhos,4,,65.44832937,67.5790023803711,14.785066604614258
reaction:3755,t-BuBrettPhos,0,,58.01064055,52.24349594116211,16.77800178527832
reaction:3756,t-BuBrettPhos,2,,63.16520406,64.68782043457031,17.51093292236328
reaction:3757,t-BuBrettPhos,1,,66.65248144,71.21035766601562,18.590776443481445
reaction:3758,t-BuBrettPhos,2,,2.68455705,7.913335800170898,17.348005294799805
reaction:3759,t-BuBrettPhos,4,,58.35068095,58.44856262207031,14.564563751220703
reaction:3760,t-BuBrettPhos,0,,61.04278074,64.35665893554688,17.01605224609375
reaction:3761,t-BuBrettPhos,0,,6.03417912,9.714714050292969,17.0195369720459
reaction:3762,t-BuBrettPhos,0,,38.15565558,36.61958312988281,16.34853744506836
reaction:3763,t-BuBrettPhos,4,,45.15638688,43.13179016113281,15.964948654174805
reaction:3764,t-BuBrettPhos,2,,0.0,-0.9846343994140625,16.57734489440918
reaction:3765,t-BuBrettPhos,2,,36.98776703,36.70379638671875,17.205963134765625
reaction:3766,t-BuBrettPhos,0,,44.33872807,44.56311798095703,16.656049728393555
reaction:3767,t-BuBrettPhos,4,,4.225486824,4.317588806152344,16.03553581237793
reaction:3768,t-BuBrettPhos,4,,59.21946541,64.12057495117188,15.48476505279541
reaction:3769,t-BuBrettPhos,3,,74.59845802,75.26404571533203,16.99679946899414
reaction:3770,t-BuBrettPhos,2,,78.02488381,74.99868774414062,17.11445426940918
reaction:3771,t-BuBrettPhos,3,,80.73687357,81.43035888671875,16.861392974853516
reaction:3772,t-BuBrettPhos,4,,88.24637541,88.44403839111328,16.183364868164062
reaction:3773,t-BuBrettPhos,4,,1.957264533,9.973140716552734,15.88888931274414
reaction:3774,t-BuBrettPhos,4,,65.74098646,70.159912109375,15.14882755279541
reaction:3775,t-BuBrettPhos,1,,83.83843021,78.34220886230469,17.268136978149414
reaction:3776,AdBrettPhos,4,,10.47269891,-2.6616668701171875,16.603633880615234
reaction:3777,AdBrettPhos,1,,12.16304801,4.188222885131836,18.03879737854004
reaction:3778,AdBrettPhos,4,,10.78771766,17.859130859375,16.460060119628906
reaction:3779,AdBrettPhos,3,,1.152131483,-5.484321594238281,17.35093116760254
reaction:3780,AdBrettPhos,3,,14.89842021,13.453083038330078,17.527841567993164
reaction:3781,AdBrettPhos,2,,16.26779165,28.93150520324707,17.12407684326172
reaction:3782,AdBrettPhos,3,,4.656693452,-4.375202178955078,17.571504592895508
reaction:3783,AdBrettPhos,0,,21.20587604,24.416027069091797,16.745576858520508
reaction:3784,AdBrettPhos,1,,27.685942800000003,41.95351028442383,17.79395866394043
reaction:3785,AdBrettPhos,4,,21.50066765,24.987232208251953,16.084300994873047
reaction:3786,AdBrettPhos,0,,25.90827653,35.987327575683594,16.94722557067871
reaction:3787,AdBrettPhos,3,,28.29509241,50.32807159423828,16.70039176940918
reaction:3788,AdBrettPhos,0,,14.747497199999998,-8.19991683959961,17.193639755249023
reaction:3789,AdBrettPhos,4,,17.65611496,12.685718536376953,16.176095962524414
reaction:3790,AdBrettPhos,2,,19.96336659,31.684329986572266,16.8516902923584
reaction:3791,AdBrettPhos,4,,2.505489323,5.752050399780273,16.67276954650879
reaction:3792,AdBrettPhos,3,,15.19101144,25.734586715698242,16.974252700805664
reaction:3793,AdBrettPhos,1,,34.181383399999994,28.83201789855957,17.928279876708984
reaction:3794,AdBrettPhos,2,,0.4677335079999999,3.238527297973633,17.81109046936035
reaction:3795,AdBrettPhos,1,,14.98944103,17.33403778076172,18.17754364013672
reaction:3796,AdBrettPhos,4,,40.85999304,32.59180450439453,17.35689926147461
reaction:3797,AdBrettPhos,4,,0.648980669,2.1450462341308594,16.29366683959961
reaction:3798,AdBrettPhos,4,,24.05265274,27.502471923828125,16.17108154296875
reaction:3799,AdBrettPhos,4,,60.8676331,51.58934020996094,15.88046932220459
reaction:3800,AdBrettPhos,1,,20.28381752,12.784799575805664,18.012454986572266
reaction:3801,AdBrettPhos,3,,30.24326754,23.608720779418945,17.33722686767578
reaction:3802,AdBrettPhos,1,,53.5695113,42.1290283203125,17.888023376464844
reaction:3803,AdBrettPhos,2,,1.726024029,8.088947296142578,17.144309997558594
reaction:3804,AdBrettPhos,1,,36.92601799,32.23679733276367,17.63610076904297
reaction:3805,AdBrettPhos,0,,56.57387493,45.983829498291016,17.352386474609375
reaction:3806,AdBrettPhos,3,,7.949590253999999,8.412925720214844,17.85431671142578
reaction:3807,AdBrettPhos,4,,30.30978378,26.998353958129883,16.75847816467285
reaction:3808,AdBrettPhos,2,,47.10591975,36.507362365722656,16.547191619873047
reaction:3809,AdBrettPhos,2,,0.256451547,-1.2032623291015625,18.05930519104004
reaction:3810,AdBrettPhos,1,,26.95590806,27.29378890991211,18.17076301574707
reaction:3811,AdBrettPhos,3,,49.01475041,37.62154006958008,17.32341957092285
reaction:3812,AdBrettPhos,2,,0.727174946,-1.5429039001464844,17.407028198242188
reaction:3813,AdBrettPhos,1,,34.67021781,42.43541717529297,17.89437484741211
reaction:3814,AdBrettPhos,0,,73.39202626,61.59770584106445,17.407800674438477
reaction:3815,AdBrettPhos,2,,29.55686861,44.850528717041016,17.217771530151367
reaction:3816,AdBrettPhos,0,,41.06227561,56.98103332519531,16.9071044921875
reaction:3817,AdBrettPhos,0,,86.42573792,71.95326232910156,18.122169494628906
reaction:3818,AdBrettPhos,1,,0.0,7.280555725097656,17.980714797973633
reaction:3819,AdBrettPhos,4,,27.34305282,54.47038269042969,15.893997192382812
reaction:3820,AdBrettPhos,0,,76.73986616,62.186058044433594,17.535964965820312
reaction:3821,AdBrettPhos,4,,15.5615648,7.885427474975586,16.638973236083984
reaction:3822,AdBrettPhos,1,,24.35604753,19.03845977783203,17.136749267578125
reaction:3823,AdBrettPhos,2,,28.85136629,28.88604736328125,16.50691032409668
reaction:3824,AdBrettPhos,2,,0.979807222,5.448286056518555,17.528005599975586
reaction:3825,AdBrettPhos,1,,29.01476311,25.33063316345215,16.372270584106445
reaction:3826,AdBrettPhos,3,,33.20741805,43.30851745605469,17.175945281982422
reaction:3827,AdBrettPhos,1,,4.08442672,5.491495132446289,16.089458465576172
reaction:3828,AdBrettPhos,0,,46.70548466,40.03166198730469,16.236961364746094
reaction:3829,AdBrettPhos,3,,49.28704587,59.640716552734375,16.277502059936523
reaction:3830,AdBrettPhos,0,,31.37415917,40.98766326904297,17.093441009521484
reaction:3831,AdBrettPhos,3,,37.12306374,43.32231521606445,16.708524703979492
reaction:3832,AdBrettPhos,3,,42.69698784,65.32847595214844,15.795954704284668
reaction:3833,AdBrettPhos,4,,16.74814495,10.889501571655273,16.487686157226562
reaction:3834,AdBrettPhos,2,,52.20286143,31.256711959838867,16.901124954223633
reaction:3835,AdBrettPhos,4,,56.41870071,40.72731018066406,17.00705909729004
reaction:3836,AdBrettPhos,0,,3.434831672,10.275175094604492,16.999666213989258
reaction:3837,AdBrettPhos,4,,26.32369704,27.232173919677734,17.064491271972656
reaction:3838,AdBrettPhos,1,,36.14852387,33.07701873779297,16.262006759643555
reaction:3839,AdBrettPhos,0,,0.0,4.024875640869141,16.84467124938965
reaction:3840,AdBrettPhos,2,,16.7341519,24.90131378173828,17.01066780090332
reaction:3841,AdBrettPhos,3,,49.985461,39.14455032348633,17.232088088989258
reaction:3842,AdBrettPhos,0,,0.995077613,4.073099136352539,17.75585174560547
reaction:3843,AdBrettPhos,4,,30.16614104,36.275814056396484,16.45253562927246
reaction:3844,AdBrettPhos,4,,59.31991617,54.87066650390625,16.189584732055664
reaction:3845,AdBrettPhos,2,,20.49711258,21.588878631591797,17.25765609741211
reaction:3846,AdBrettPhos,3,,31.02334366,24.44037628173828,16.777687072753906
reaction:3847,AdBrettPhos,3,,56.03747384,48.642494201660156,15.761680603027344
reaction:3848,AdBrettPhos,2,,2.039001868,9.298480987548828,16.81888198852539
reaction:3849,AdBrettPhos,4,,47.55321922,43.202735900878906,16.243858337402344
reaction:3850,AdBrettPhos,3,,59.16216512,55.828697204589844,16.059635162353516
reaction:3851,AdBrettPhos,0,,5.071740985,5.731718063354492,16.956926345825195
reaction:3852,AdBrettPhos,4,,31.60555467,24.485736846923828,17.113574981689453
reaction:3853,AdBrettPhos,3,,41.60266431,34.65055847167969,16.380847930908203
reaction:3854,AdBrettPhos,1,,0.0,-4.696506500244141,15.870396614074707
reaction:3855,AdBrettPhos,2,,20.44948228,25.74701690673828,16.942293167114258
reaction:3856,AdBrettPhos,4,,46.3015164,38.99368667602539,17.45256233215332
reaction:3857,AdBrettPhos,3,,1.005881291,-7.820529937744141,16.725791931152344
reaction:3858,AdBrettPhos,1,,34.47263315,46.90729522705078,16.57576560974121
reaction:3859,AdBrettPhos,4,,72.29221067,59.020198822021484,16.11870002746582
reaction:3860,AdBrettPhos,0,,31.19527434,48.02042007446289,17.151243209838867
reaction:3861,AdBrettPhos,4,,39.71442231,53.632896423339844,17.062299728393555
reaction:3862,AdBrettPhos,4,,83.49602396,71.70720672607422,16.612272262573242
reaction:3863,AdBrettPhos,0,,0.0,2.6616992950439453,16.660106658935547
reaction:3864,AdBrettPhos,1,,27.15696835,63.135704040527344,15.87641429901123
reaction:3865,AdBrettPhos,0,,67.35182955,71.31840515136719,17.11895751953125
reaction:3866,AdBrettPhos,1,,6.112603375,20.02539825439453,17.30553436279297
reaction:3867,AdBrettPhos,2,,19.11941212,27.744346618652344,17.304868698120117
reaction:3868,AdBrettPhos,4,,29.76126623,36.083560943603516,16.781583786010742
reaction:3869,AdBrettPhos,4,,0.0,10.591623306274414,16.548086166381836
reaction:3870,AdBrettPhos,0,,49.20462645,42.02119445800781,16.340089797973633
reaction:3871,AdBrettPhos,2,,49.50904012,43.008880615234375,16.902206420898438
reaction:3872,AdBrettPhos,4,,1.743650282,12.64065170288086,16.446868896484375
reaction:3873,AdBrettPhos,2,,67.14890203,59.61619567871094,17.07503890991211
reaction:3874,AdBrettPhos,0,,68.20094264,58.56005096435547,16.290739059448242
reaction:3875,AdBrettPhos,2,,74.20453315,60.267982482910156,17.3903865814209
reaction:3876,AdBrettPhos,1,,74.49984474,62.075340270996094,17.800146102905273
reaction:3877,AdBrettPhos,4,,83.44233536,63.231224060058594,16.56828498840332
reaction:3878,AdBrettPhos,2,,2.899493403,18.108501434326172,16.71951675415039
reaction:3879,AdBrettPhos,4,,16.85617983,39.41573715209961,15.861589431762695
reaction:3880,AdBrettPhos,1,,65.67896113,49.58666229248047,17.047283172607422
reaction:3881,AdBrettPhos,0,,17.43734901,14.518999099731445,16.73038673400879
reaction:3882,AdBrettPhos,0,,35.28597628,32.01837921142578,16.175155639648438
reaction:3883,AdBrettPhos,3,,36.96535355,39.401885986328125,17.39238929748535
reaction:3884,AdBrettPhos,2,,0.926720681,6.891443252563477,17.28963279724121
reaction:3885,AdBrettPhos,2,,38.563334600000005,37.75442123413086,17.072032928466797
reaction:3886,AdBrettPhos,0,,39.70763397,47.201148986816406,16.296960830688477
reaction:3887,AdBrettPhos,0,,1.666950752,7.925420761108398,17.418731689453125
reaction:3888,AdBrettPhos,3,,57.55922845,53.2721061706543,16.816499710083008
reaction:3889,AdBrettPhos,1,,61.437310200000006,67.27110290527344,17.75946807861328
reaction:3890,AdBrettPhos,3,,44.04139335,46.1877326965332,17.276079177856445
reaction:3891,AdBrettPhos,4,,53.66497703,51.63690185546875,16.904096603393555
reaction:3892,AdBrettPhos,0,,58.26903703,61.65327453613281,17.346603393554688
reaction:3893,AdBrettPhos,2,,15.287626800000002,15.544708251953125,16.93939208984375
reaction:3894,AdBrettPhos,1,,59.26239712,45.30582046508789,17.24684715270996
reaction:3895,AdBrettPhos,4,,62.55956501,67.16217041015625,16.73972511291504
reaction:3896,AdBrettPhos,0,,15.21649465,13.518941879272461,16.66010093688965
reaction:3897,AdBrettPhos,1,,37.4061745,37.72254943847656,17.95477867126465
reaction:3898,AdBrettPhos,0,,43.02832469,46.870933532714844,16.24976921081543
reaction:3899,AdBrettPhos,2,,1.126878627,3.037494659423828,17.366270065307617
reaction:3900,AdBrettPhos,1,,43.83894822,45.493690490722656,17.789384841918945
reaction:3901,AdBrettPhos,1,,48.45171074,51.69941329956055,16.89369010925293
reaction:3902,AdBrettPhos,0,,1.342248202,4.001747131347656,17.325899124145508
reaction:3903,AdBrettPhos,4,,69.84952946,65.32827758789062,16.350173950195312
reaction:3904,AdBrettPhos,1,,74.90352783,79.49896240234375,17.876808166503906
reaction:3905,AdBrettPhos,3,,78.41262052,71.14205169677734,17.229902267456055
reaction:3906,AdBrettPhos,4,,80.77035612,78.2626953125,16.863008499145508
reaction:3907,AdBrettPhos,3,,84.70172213,91.43885040283203,16.839014053344727
reaction:3908,AdBrettPhos,0,,9.540861126,11.686574935913086,16.20372200012207
reaction:3909,AdBrettPhos,0,,61.6695561,60.27271270751953,16.064470291137695
reaction:3910,AdBrettPhos,1,,74.59231799,81.65631103515625,17.012712478637695
reaction:3911,AdBrettPhos,1,,1.159391266,12.04928970336914,17.5490779876709
reaction:3912,AdBrettPhos,1,,19.7798759,21.159679412841797,18.335060119628906
reaction:3913,AdBrettPhos,2,,27.25583167,29.234670639038086,17.091672897338867
reaction:3914,AdBrettPhos,2,,0.0,6.545419692993164,17.763874053955078
reaction:3915,AdBrettPhos,2,,27.61595801,29.552515029907227,17.619770050048828
reaction:3916,AdBrettPhos,3,,44.94211074,39.64950180053711,16.980520248413086
reaction:3917,AdBrettPhos,0,,0.0,8.044012069702148,18.14983367919922
reaction:3918,AdBrettPhos,2,,49.88008869,41.24974060058594,16.95765495300293
reaction:3919,AdBrettPhos,2,,61.83593039,50.75945281982422,17.2271728515625
reaction:3920,AdBrettPhos,4,,54.69797468,45.64128112792969,16.698366165161133
reaction:3921,AdBrettPhos,2,,66.42814295,53.87040710449219,17.34943389892578
reaction:3922,AdBrettPhos,4,,66.04767415,58.95274353027344,16.59854507446289
reaction:3923,AdBrettPhos,4,,0.899554125,13.118356704711914,16.753299713134766
reaction:3924,AdBrettPhos,4,,41.91155944,26.20235252380371,16.809627532958984
reaction:3925,AdBrettPhos,3,,45.77046106,45.634586334228516,16.858020782470703
reaction:3926,AdBrettPhos,2,,2.749074467,4.14093017578125,16.97872543334961
reaction:3927,AdBrettPhos,4,,28.74221631,25.18680191040039,17.008926391601562
reaction:3928,AdBrettPhos,0,,33.74215602,32.47939682006836,17.29395866394043
reaction:3929,AdBrettPhos,3,,0.0,0.5333824157714844,16.497209548950195
reaction:3930,AdBrettPhos,2,,20.54633014,22.909683227539062,17.56928825378418
reaction:3931,AdBrettPhos,0,,34.2854552,39.933563232421875,16.98159408569336
reaction:3932,AdBrettPhos,1,,0.52608193,-1.7841987609863281,17.72879409790039
reaction:3933,AdBrettPhos,2,,35.20097749,33.24020004272461,16.89908218383789
reaction:3934,AdBrettPhos,3,,57.87416713,60.94658279418945,16.702632904052734
reaction:3935,AdBrettPhos,0,,28.17135486,31.603466033935547,17.650102615356445
reaction:3936,AdBrettPhos,3,,42.18931962,38.25461196899414,16.70110321044922
reaction:3937,AdBrettPhos,0,,54.86277738,53.40208435058594,17.87506866455078
reaction:3938,AdBrettPhos,4,,1.7201850419999998,4.483936309814453,16.548877716064453
reaction:3939,AdBrettPhos,4,,52.96278289,39.82019805908203,16.660245895385742
reaction:3940,AdBrettPhos,4,,55.26466335,56.83586883544922,17.09979248046875
reaction:3941,AdBrettPhos,0,,2.565604497,-0.6474189758300781,17.021162033081055
reaction:3942,AdBrettPhos,2,,25.67305216,27.398088455200195,17.598125457763672
reaction:3943,AdBrettPhos,0,,40.24019595,36.814697265625,17.401992797851562
reaction:3944,AdBrettPhos,4,,0.0,-5.5333404541015625,16.594417572021484
reaction:3945,AdBrettPhos,1,,20.84643886,26.587804794311523,18.229843139648438
reaction:3946,AdBrettPhos,0,,46.31398784,40.88523864746094,16.949787139892578
reaction:3947,AdBrettPhos,1,,0.553317014,-6.844764709472656,17.752622604370117
reaction:3948,AdBrettPhos,1,,32.70750682,48.05045700073242,18.150020599365234
reaction:3949,AdBrettPhos,0,,69.61841713,66.00886535644531,17.477420806884766
reaction:3950,AdBrettPhos,0,,38.40380593,54.71269226074219,17.746761322021484
reaction:3951,AdBrettPhos,2,,57.42667045,64.02103424072266,17.35877799987793
reaction:3952,AdBrettPhos,2,,86.23315653,82.1930160522461,16.524274826049805
reaction:3953,AdBrettPhos,0,,1.44008073,-2.003246307373047,17.540058135986328
reaction:3954,AdBrettPhos,2,,43.53836522,58.39542007446289,17.611164093017578
reaction:3955,AdBrettPhos,3,,69.79590237,70.12948608398438,16.722272872924805
