row_id,ligand,fold,reference_group,y_true,y_pred,y_std
reaction:1,XPhos,1,,10.65781182,11.279150009155273,13.144763946533203
reaction:2,XPhos,1,,14.7478961,10.092046737670898,12.485893249511719
reaction:3,XPhos,2,,18.27868619,18.960182189941406,12.01835823059082
reaction:4,XPhos,1,,2.475057616,1.5861473083496094,12.953908920288086
reaction:5,XPhos,0,,6.119058475,6.793727874755859,12.536168098449707
reaction:6,XPhos,2,,5.449924218,5.029388427734375,12.53150463104248
reaction:7,XPhos,1,,7.802080337,5.817039489746094,13.971102714538574
reaction:8,XPhos,0,,14.23417841,23.68695068359375,11.598954200744629
reaction:9,XPhos,0,,15.41389344,26.963802337646484,11.981245040893555
reaction:10,XPhos,2,,9.46569581,2.2672252655029297,11.863689422607422
reaction:11,XPhos,1,,15.23875818,8.17451286315918,11.473409652709961
reaction:12,XPhos,2,,19.59428889,8.189651489257812,11.983999252319336
reaction:13,XPhos,0,,7.787908452000001,14.257349014282227,13.204370498657227
reaction:14,XPhos,0,,9.677591971,5.028541564941406,12.42778205871582
reaction:15,XPhos,4,,13.17521743,21.63768768310547,12.654874801635742
reaction:16,XPhos,3,,14.01864146,12.380998611450195,11.866948127746582
reaction:17,XPhos,4,,30.5912617,28.164371490478516,11.339160919189453
reaction:18,XPhos,4,,38.15573638,35.74482345581055,11.894791603088379
reaction:19,XPhos,0,,0.456472494,0.6008529663085938,11.946320533752441
reaction:20,XPhos,3,,3.867385769,4.274257659912109,11.53060245513916
reaction:21,XPhos,1,,7.024622197,11.910837173461914,12.248318672180176
reaction:22,XPhos,2,,2.84616447,3.0255584716796875,12.493096351623535
reaction:23,XPhos,3,,18.8690087,18.704574584960938,11.145418167114258
reaction:24,XPhos,2,,25.0736586,24.759483337402344,11.487768173217773
reaction:25,XPhos,2,,21.66658644,20.482280731201172,10.926937103271484
reaction:26,XPhos,3,,48.48749388,38.25727462768555,11.145967483520508
reaction:27,XPhos,4,,58.61075678,45.34019088745117,11.775307655334473
reaction:28,XPhos,2,,4.169292721000001,6.727262496948242,12.128667831420898
reaction:29,XPhos,2,,11.38334579,18.254581451416016,11.573741912841797
reaction:30,XPhos,3,,24.41818234,25.42559814453125,11.55885124206543
reaction:31,XPhos,4,,14.96739578,11.165462493896484,11.566340446472168
reaction:32,XPhos,3,,30.28625472,26.518983840942383,12.128419876098633
reaction:33,XPhos,3,,39.57783871,35.564945220947266,11.491178512573242
reaction:34,XPhos,3,,0.339837285,0.5519142150878906,12.245917320251465
reaction:35,XPhos,3,,3.12306153,1.346649169921875,11.544672012329102
reaction:36,XPhos,3,,5.140109821,9.15191650390625,11.715157508850098
reaction:37,XPhos,1,,3.920306162,3.0224361419677734,11.822368621826172
reaction:38,XPhos,4,,15.39753007,18.87725067138672,11.57662296295166
reaction:39,XPhos,3,,22.45064906,40.19393539428711,11.72994613647461
reaction:40,XPhos,3,,23.68617418,22.07647705078125,11.32761001586914
reaction:41,XPhos,4,,42.69485888,46.12934875488281,11.674667358398438
reaction:42,XPhos,0,,54.83360857,57.47345733642578,11.697983741760254
reaction:43,XPhos,0,,6.351542297000001,5.715559005737305,11.745256423950195
reaction:44,XPhos,3,,14.16472216,18.20795440673828,11.91000747680664
reaction:45,XPhos,0,,17.378304,32.604000091552734,11.920916557312012
reaction:46,XPhos,0,,3.606676847,11.543107986450195,12.371012687683105
reaction:47,XPhos,2,,35.07866175,29.045997619628906,12.17274284362793
reaction:48,XPhos,3,,43.31814591,43.59039306640625,11.860745429992676
reaction:49,XPhos,3,,0.0,1.1331443786621094,13.359577178955078
reaction:50,XPhos,1,,29.29817829,31.300508499145508,12.173321723937988
reaction:51,XPhos,0,,37.56535564,32.66362380981445,12.033018112182617
reaction:52,XPhos,1,,0.960810012,5.514005661010742,13.408602714538574
reaction:53,XPhos,4,,59.0196812,57.559303283691406,11.307156562805176
reaction:54,XPhos,2,,70.96873006,54.987762451171875,11.651192665100098
reaction:55,XPhos,2,,35.13952712,32.88773727416992,11.585824966430664
reaction:56,XPhos,4,,37.65445791,43.01701736450195,11.420853614807129
reaction:57,XPhos,2,,51.10248957,35.86469650268555,11.635679244995117
reaction:58,XPhos,1,,3.963450153,18.928768157958984,12.607006072998047
reaction:59,XPhos,1,,31.93031022,35.47868347167969,12.587282180786133
reaction:60,XPhos,2,,48.70823186,44.98524856567383,12.071394920349121
reaction:61,XPhos,2,,5.008760546,6.618381500244141,11.376984596252441
reaction:62,XPhos,1,,35.08872433,35.20653533935547,12.08724594116211
reaction:63,XPhos,4,,41.2456065,41.08271789550781,11.989025115966797
reaction:64,XPhos,1,,0.0,0.35306549072265625,11.48042106628418
reaction:65,XPhos,1,,13.9769471,12.960796356201172,11.890986442565918
reaction:66,XPhos,0,,18.89524916,21.56033706665039,12.251691818237305
reaction:67,XPhos,4,,0.705195152,0.254486083984375,11.178019523620605
reaction:68,XPhos,4,,32.63234102,33.55319595336914,11.037320137023926
reaction:69,XPhos,3,,31.81837229,44.14169692993164,11.194109916687012
reaction:70,XPhos,0,,30.4254394,31.134187698364258,11.294565200805664
reaction:71,XPhos,2,,53.63578043,51.99345397949219,10.986122131347656
reaction:72,XPhos,0,,59.4767437,56.646095275878906,11.48177719116211
reaction:73,XPhos,2,,2.014671714,0.392791748046875,11.6245756149292
reaction:74,XPhos,2,,26.51352578,28.691530227661133,11.235308647155762
reaction:75,XPhos,1,,36.85037948,35.88591384887695,11.475468635559082
reaction:76,XPhos,1,,4.820162197,6.714023590087891,11.140931129455566
reaction:77,XPhos,3,,34.80628557,35.422019958496094,11.813173294067383
reaction:78,XPhos,4,,46.63249784,44.28779220581055,12.20821475982666
reaction:79,XPhos,1,,0.0,0.3212165832519531,11.512701034545898
reaction:80,XPhos,4,,11.74218494,14.188932418823242,11.712754249572754
reaction:81,XPhos,1,,26.65189435,21.855514526367188,11.918939590454102
reaction:82,XPhos,2,,0.5468298979999999,1.1525135040283203,11.970651626586914
reaction:83,XPhos,0,,35.87055638,35.49825668334961,10.711913108825684
reaction:84,XPhos,4,,68.84449525,49.1285514831543,11.564355850219727
reaction:85,XPhos,0,,33.8754215,37.36859893798828,11.22065544128418
reaction:86,XPhos,3,,63.0697188,61.51746368408203,10.804031372070312
reaction:87,XPhos,3,,70.62989218,66.96084594726562,10.889463424682617
reaction:88,XPhos,2,,2.481415648,-2.609661102294922,11.230437278747559
reaction:89,XPhos,1,,31.6780045,32.15825653076172,12.221609115600586
reaction:90,XPhos,2,,46.01420049,44.10297393798828,12.174846649169922
reaction:91,XPhos,1,,22.16644806,13.11182975769043,12.642765045166016
reaction:92,XPhos,4,,23.21156884,24.541446685791016,11.12602424621582
reaction:93,XPhos,1,,34.74876407,35.47915267944336,12.035091400146484
reaction:94,XPhos,3,,0.948128865,0.3543510437011719,13.407930374145508
reaction:95,XPhos,4,,16.64966496,22.456279754638672,11.854886054992676
reaction:96,XPhos,2,,19.99982627,25.475820541381836,12.13198184967041
reaction:97,XPhos,0,,4.9923792360000006,3.5310935974121094,12.456765174865723
reaction:98,XPhos,3,,53.99699311,45.09059524536133,11.167681694030762
reaction:99,XPhos,0,,57.37548977,50.07649230957031,11.50385570526123
reaction:100,XPhos,2,,22.61165831,25.20610809326172,11.597354888916016
reaction:101,XPhos,3,,28.75149591,29.90365982055664,11.263779640197754
reaction:102,XPhos,1,,26.98890626,31.6648006439209,11.548409461975098
reaction:103,XPhos,3,,20.85782482,16.378864288330078,12.944025039672852
reaction:104,XPhos,2,,20.73475671,28.058353424072266,12.062948226928711
reaction:105,XPhos,3,,30.87112941,40.95209884643555,11.71187973022461
reaction:106,XPhos,1,,20.36096013,17.87723159790039,11.04310417175293
reaction:107,XPhos,4,,38.91690391,35.61024856567383,10.955567359924316
reaction:108,XPhos,1,,41.70005044,40.905906677246094,12.216198921203613
reaction:109,XPhos,2,,0.940121626,0.88232421875,11.1245698928833
reaction:110,XPhos,2,,14.90450687,17.122217178344727,11.310754776000977
reaction:111,XPhos,3,,19.596159,21.488618850708008,10.891585350036621
reaction:112,XPhos,0,,4.179760101,2.8309288024902344,10.962453842163086
reaction:113,XPhos,4,,39.00815943,38.56972122192383,10.97170352935791
reaction:114,XPhos,2,,37.1696242,44.815895080566406,11.522658348083496
reaction:115,XPhos,4,,31.61725517,33.665592193603516,11.07479190826416
reaction:116,XPhos,2,,51.21654271,52.758243560791016,10.963412284851074
reaction:117,XPhos,0,,57.55128922,55.44990539550781,11.310046195983887
reaction:118,XPhos,4,,16.17382734,13.441890716552734,11.393378257751465
reaction:119,XPhos,4,,26.58751317,28.91835594177246,11.889680862426758
reaction:120,XPhos,2,,40.41327646,37.311344146728516,11.575095176696777
reaction:121,XPhos,0,,16.96531636,21.108436584472656,11.0435209274292
reaction:122,XPhos,0,,34.37725511,36.56818389892578,10.972122192382812
reaction:123,XPhos,0,,43.5835106,44.27943420410156,12.060428619384766
reaction:124,XPhos,3,,0.828206999,0.7526092529296875,11.629281997680664
reaction:125,XPhos,0,,13.33632103,15.561515808105469,12.05247688293457
reaction:126,XPhos,3,,26.96354436,20.695819854736328,11.389730453491211
reaction:127,XPhos,3,,4.206951598,2.4075450897216797,10.999107360839844
reaction:128,XPhos,3,,39.80435813,37.92378234863281,10.585458755493164
reaction:129,XPhos,4,,66.76359549,47.79926300048828,11.699259757995605
reaction:130,XPhos,4,,38.14302674,38.28779602050781,11.210638046264648
reaction:131,XPhos,4,,56.51667394,57.57374572753906,10.935012817382812
reaction:132,XPhos,1,,67.97172842,64.86969757080078,11.387809753417969
reaction:133,XPhos,4,,13.29271578,12.267696380615234,11.317046165466309
reaction:134,XPhos,1,,32.5166032,30.52018165588379,12.152276992797852
reaction:135,XPhos,1,,47.33481015,42.98853302001953,11.975530624389648
reaction:136,t-BuXPhos,2,,15.4176361,19.039413452148438,12.930512428283691
reaction:137,t-BuXPhos,2,,18.97417112,21.76243019104004,12.388113021850586
reaction:138,t-BuXPhos,1,,16.81589184,16.428510665893555,12.148893356323242
reaction:139,t-BuXPhos,2,,2.663355036,1.4451866149902344,12.446551322937012
reaction:140,t-BuXPhos,2,,16.04854773,20.646875381469727,11.943461418151855
reaction:141,t-BuXPhos,2,,21.9766332,18.81382942199707,11.931844711303711
reaction:142,t-BuXPhos,0,,7.641917877999999,5.634561538696289,11.568666458129883
reaction:143,t-BuXPhos,2,,28.39231834,30.33924102783203,11.386748313903809
reaction:144,t-BuXPhos,3,,26.6748995,27.71448516845703,11.800636291503906
reaction:145,t-BuXPhos,2,,29.97543001,30.9986629486084,11.651497840881348
reaction:146,t-BuXPhos,4,,36.30636065,36.764766693115234,11.534276962280273
reaction:147,t-BuXPhos,0,,36.58798902,37.577308654785156,11.689177513122559
reaction:148,t-BuXPhos,3,,10.54082024,22.860252380371094,13.308938026428223
reaction:149,t-BuXPhos,2,,26.25688388,35.30118179321289,12.540213584899902
reaction:150,t-BuXPhos,2,,28.58964812,39.29851150512695,12.034402847290039
reaction:151,t-BuXPhos,3,,16.88486051,22.484081268310547,11.613968849182129
reaction:152,t-BuXPhos,1,,41.29698409,42.86116027832031,11.674859046936035
reaction:153,t-BuXPhos,0,,43.73298112,46.26628875732422,12.626310348510742
reaction:154,t-BuXPhos,3,,0.655700656,1.9703254699707031,13.023932456970215
reaction:155,t-BuXPhos,2,,33.62905648,37.468528747558594,11.874642372131348
reaction:156,t-BuXPhos,4,,41.48980841,44.073360443115234,11.884519577026367
reaction:157,t-BuXPhos,4,,2.599454304,3.3761463165283203,12.069101333618164
reaction:158,t-BuXPhos,1,,66.02401389,65.03816986083984,10.54797077178955
reaction:159,t-BuXPhos,4,,72.39052533,69.34319305419922,11.265548706054688
reaction:160,t-BuXPhos,2,,68.84655406,65.91808319091797,10.787731170654297
reaction:161,t-BuXPhos,0,,82.1847816,77.23265838623047,11.202880859375
reaction:162,t-BuXPhos,2,,80.58917239,82.33016967773438,11.23060131072998
reaction:163,t-BuXPhos,2,,15.19452071,19.802183151245117,11.62474536895752
reaction:164,t-BuXPhos,2,,83.87445444,73.51205444335938,12.143876075744629
reaction:165,t-BuXPhos,0,,86.003404,77.68771362304688,11.832240104675293
reaction:166,t-BuXPhos,4,,30.01215681,24.401599884033203,11.485172271728516
reaction:167,t-BuXPhos,2,,51.39708789,46.957359313964844,12.068560600280762
reaction:168,t-BuXPhos,0,,50.13634297,53.49457550048828,12.753251075744629
reaction:169,t-BuXPhos,2,,2.942173839,2.0127944946289062,11.690408706665039
reaction:170,t-BuXPhos,2,,34.96324083,48.37998962402344,12.008967399597168
reaction:171,t-BuXPhos,4,,51.01008234,52.83293914794922,11.927891731262207
reaction:172,t-BuXPhos,4,,15.31942872,6.584657669067383,12.457146644592285
reaction:173,t-BuXPhos,0,,81.56943098,73.49295043945312,11.194796562194824
reaction:174,t-BuXPhos,2,,77.57371189,78.80622863769531,11.378945350646973
reaction:175,t-BuXPhos,4,,86.68959994,85.84320068359375,11.07119083404541
reaction:176,t-BuXPhos,3,,92.91423383,95.79136657714844,10.515035629272461
reaction:177,t-BuXPhos,1,,97.56849953,97.62792205810547,11.127772331237793
reaction:178,t-BuXPhos,0,,35.55504656,31.67076873779297,11.604198455810547
reaction:179,t-BuXPhos,3,,98.73132029,91.1971206665039,11.94285774230957
reaction:180,t-BuXPhos,4,,98.28722602,93.84799194335938,12.629175186157227
reaction:181,t-BuXPhos,1,,5.980979595,14.142257690429688,11.664340019226074
reaction:182,t-BuXPhos,1,,50.58289676,40.632347106933594,11.363215446472168
reaction:183,t-BuXPhos,2,,45.08048043,44.18998336791992,11.375480651855469
reaction:184,t-BuXPhos,0,,0.0,1.4085693359375,12.202105522155762
reaction:185,t-BuXPhos,0,,42.11946098,44.656517028808594,11.419296264648438
reaction:186,t-BuXPhos,0,,49.11143206,44.13866424560547,11.7338285446167
reaction:187,t-BuXPhos,3,,0.705225291,2.9266128540039062,11.054336547851562
reaction:188,t-BuXPhos,0,,70.86219062,66.25396728515625,11.143326759338379
reaction:189,t-BuXPhos,2,,66.44951759,65.04095458984375,11.435918807983398
reaction:190,t-BuXPhos,2,,65.93988128,66.59562683105469,11.343036651611328
reaction:191,t-BuXPhos,2,,66.07082051,73.88906860351562,10.818931579589844
reaction:192,t-BuXPhos,0,,66.20793624,70.58322143554688,11.403943061828613
reaction:193,t-BuXPhos,1,,6.110691586000001,25.027889251708984,10.855395317077637
reaction:194,t-BuXPhos,0,,67.81850094,66.57917785644531,11.377677917480469
reaction:195,t-BuXPhos,4,,72.63064909,59.548248291015625,11.793146133422852
reaction:196,t-BuXPhos,0,,7.837919121,13.436559677124023,11.00961685180664
reaction:197,t-BuXPhos,2,,46.74711139,44.2869873046875,11.833555221557617
reaction:198,t-BuXPhos,3,,46.25838016,46.89600372314453,11.286076545715332
reaction:199,t-BuXPhos,3,,0.0,0.49622344970703125,12.567476272583008
reaction:200,t-BuXPhos,2,,37.03037628,39.38454818725586,11.712911605834961
reaction:201,t-BuXPhos,1,,43.69560153,46.48916244506836,11.719195365905762
reaction:202,t-BuXPhos,3,,0.595872872,-0.3114356994628906,10.959050178527832
reaction:203,t-BuXPhos,1,,70.54955286,68.00300598144531,10.752018928527832
reaction:204,t-BuXPhos,0,,80.90409924,75.04003143310547,11.171520233154297
reaction:205,t-BuXPhos,1,,70.2055639,70.39151000976562,10.572237968444824
reaction:206,t-BuXPhos,0,,83.08846167,83.93761444091797,11.092687606811523
reaction:207,t-BuXPhos,4,,85.14465222,81.11593627929688,10.912353515625
reaction:208,t-BuXPhos,3,,3.149733367,6.546634674072266,12.818361282348633
reaction:209,t-BuXPhos,2,,78.08461533,76.18380737304688,11.849032402038574
reaction:210,t-BuXPhos,4,,82.13737482,77.97264099121094,12.102665901184082
reaction:211,t-BuXPhos,0,,7.782359233999999,19.873119354248047,10.847753524780273
reaction:212,t-BuXPhos,2,,53.59986981,47.3282470703125,11.660653114318848
reaction:213,t-BuXPhos,0,,51.75674767,53.95514678955078,12.293204307556152
reaction:214,t-BuXPhos,3,,0.0,1.3311176300048828,12.901001930236816
reaction:215,t-BuXPhos,2,,49.61438009,48.7172737121582,11.79956340789795
reaction:216,t-BuXPhos,1,,53.675534,53.145965576171875,11.600886344909668
reaction:217,t-BuXPhos,2,,0.6467788210000001,4.482246398925781,12.87942886352539
reaction:218,t-BuXPhos,2,,86.59757822,79.25546264648438,10.663435935974121
reaction:219,t-BuXPhos,0,,84.89551287,86.57996368408203,11.429579734802246
reaction:220,t-BuXPhos,0,,91.39064225,90.45629119873047,11.162370681762695
reaction:221,t-BuXPhos,0,,97.29293259,101.43385314941406,11.150896072387695
reaction:222,t-BuXPhos,3,,99.61910732,101.62728881835938,10.500303268432617
reaction:223,t-BuXPhos,4,,4.166287009,20.98009490966797,10.906850814819336
reaction:224,t-BuXPhos,3,,92.57247896,94.41078186035156,11.275731086730957
reaction:225,t-BuXPhos,0,,94.69105416,96.32453918457031,11.816823959350586
reaction:226,t-BuXPhos,1,,45.04873884,23.357074737548828,11.776627540588379
reaction:227,t-BuXPhos,2,,45.78100103,40.89308547973633,11.866403579711914
reaction:228,t-BuXPhos,4,,44.65371267,42.22509765625,11.555949211120605
reaction:229,t-BuXPhos,4,,0.924541619,1.839324951171875,12.46766185760498
reaction:230,t-BuXPhos,2,,44.55887608,44.57197570800781,11.49343490600586
reaction:231,t-BuXPhos,3,,43.35721014,47.1051025390625,11.299495697021484
reaction:232,t-BuXPhos,3,,3.4201663410000003,5.035381317138672,11.076963424682617
reaction:233,t-BuXPhos,1,,72.84831426,70.92588806152344,11.148479461669922
reaction:234,t-BuXPhos,4,,65.31185167,65.42548370361328,11.273639678955078
reaction:235,t-BuXPhos,1,,56.83280355,64.66537475585938,11.026481628417969
reaction:236,t-BuXPhos,3,,76.33726193,72.71343994140625,11.016863822937012
reaction:237,t-BuXPhos,2,,73.22050209,69.17704772949219,11.361479759216309
reaction:238,t-BuXPhos,3,,36.47724246,30.434425354003906,12.910235404968262
reaction:239,t-BuXPhos,4,,68.55764886,57.670684814453125,11.463850021362305
reaction:240,t-BuXPhos,0,,69.0890435,59.32684326171875,11.49406909942627
reaction:241,t-BuXPhos,2,,31.88044847,32.078914642333984,12.490835189819336
reaction:242,t-BuXPhos,2,,44.81754321,47.53867721557617,11.92352294921875
reaction:243,t-BuXPhos,0,,46.6498955,46.495521545410156,12.09751033782959
reaction:244,t-BuXPhos,1,,0.668792684,0.6396636962890625,13.113842964172363
reaction:245,t-BuXPhos,1,,39.52986412,44.47721862792969,11.616865158081055
reaction:246,t-BuXPhos,3,,43.87183311,46.28622817993164,10.81849193572998
reaction:247,t-BuXPhos,4,,2.74612364,2.0623855590820312,11.398086547851562
reaction:248,t-BuXPhos,4,,72.63770939,73.39726257324219,10.46393871307373
reaction:249,t-BuXPhos,1,,82.32885806,72.47201538085938,10.910503387451172
reaction:250,t-BuXPhos,4,,73.64322424,73.42286682128906,10.68769359588623
reaction:251,t-BuXPhos,3,,87.90201497,80.36383056640625,10.166507720947266
reaction:252,t-BuXPhos,1,,86.21979782,79.00032043457031,11.084440231323242
reaction:253,t-BuXPhos,3,,34.20844443,30.338565826416016,12.903755187988281
reaction:254,t-BuXPhos,0,,77.33294235,76.54203796386719,11.202746391296387
reaction:255,t-BuXPhos,2,,80.60055876,78.03512573242188,11.701062202453613
reaction:256,t-BuXPhos,1,,42.28229272,31.735624313354492,11.262521743774414
reaction:257,t-BuXPhos,1,,50.28665363,47.92177963256836,11.255840301513672
reaction:258,t-BuXPhos,3,,49.58296909,49.1019172668457,11.391073226928711
reaction:259,t-BuXPhos,1,,1.18600639,1.0708026885986328,13.01588249206543
reaction:260,t-BuXPhos,1,,48.46327508,49.86437225341797,11.57672119140625
reaction:261,t-BuXPhos,1,,49.9274003,48.658851623535156,11.474034309387207
reaction:262,t-BuXPhos,1,,4.582095156,4.834379196166992,10.877029418945312
reaction:263,t-BuXPhos,4,,78.80108905,82.38372802734375,10.569440841674805
reaction:264,t-BuXPhos,3,,79.44483195,84.0235595703125,10.893211364746094
reaction:265,t-BuXPhos,4,,84.85609846,89.48136901855469,10.777689933776855
reaction:266,t-BuXPhos,2,,93.31083413,96.43670654296875,10.411049842834473
reaction:267,t-BuXPhos,1,,93.87454124,94.77975463867188,11.156081199645996
reaction:268,t-BuXPhos,1,,44.02752342,38.184696197509766,10.726061820983887
reaction:269,t-BuXPhos,2,,89.48065113,93.44043731689453,11.628044128417969
reaction:270,t-BuXPhos,2,,91.48509414,90.58732604980469,11.81435489654541
reaction:271,t-BuBrettPhos,2,,7.372693174,5.122953414916992,11.433262825012207
reaction:272,t-BuBrettPhos,4,,9.714563227,7.994503021240234,10.62751293182373
reaction:273,t-BuBrettPhos,0,,9.546870881,10.03911018371582,10.389181137084961
reaction:274,t-BuBrettPhos,3,,1.0224022940000002,0.9434432983398438,11.245880126953125
reaction:275,t-BuBrettPhos,0,,12.592787,11.815696716308594,10.803269386291504
reaction:276,t-BuBrettPhos,4,,14.01241706,16.636119842529297,10.584029197692871
reaction:277,t-BuBrettPhos,2,,4.337310253,4.041412353515625,11.46379566192627
reaction:278,t-BuBrettPhos,1,,19.47378974,22.47742462158203,11.186650276184082
reaction:279,t-BuBrettPhos,4,,23.2960789,27.51679229736328,10.820343017578125
reaction:280,t-BuBrettPhos,3,,24.90011385,25.836383819580078,10.69446086883545
reaction:281,t-BuBrettPhos,1,,28.47849533,29.951154708862305,10.64167308807373
reaction:282,t-BuBrettPhos,1,,33.33065232,36.3618049621582,10.660953521728516
reaction:283,t-BuBrettPhos,0,,6.753074014,4.369361877441406,11.453743934631348
reaction:284,t-BuBrettPhos,1,,15.06136862,15.797040939331055,10.992273330688477
reaction:285,t-BuBrettPhos,2,,15.12671706,19.896831512451172,10.986598014831543
reaction:286,t-BuBrettPhos,4,,3.88663609,7.53209114074707,10.862957000732422
reaction:287,t-BuBrettPhos,3,,25.83457198,33.73242950439453,11.042499542236328
reaction:288,t-BuBrettPhos,0,,44.5879911,40.68487548828125,10.6332368850708
reaction:289,t-BuBrettPhos,1,,0.0,0.6911773681640625,11.605363845825195
reaction:290,t-BuBrettPhos,4,,15.16664871,23.87002182006836,10.80614948272705
reaction:291,t-BuBrettPhos,2,,40.37403082,42.137264251708984,10.294012069702148
reaction:292,t-BuBrettPhos,1,,0.0,2.6198577880859375,11.607146263122559
reaction:293,t-BuBrettPhos,1,,27.79577337,46.71799087524414,9.4020414352417
reaction:294,t-BuBrettPhos,1,,72.31351298,69.65843200683594,9.870685577392578
reaction:295,t-BuBrettPhos,3,,32.00160024,41.732948303222656,9.82288932800293
reaction:296,t-BuBrettPhos,0,,51.8134607,53.90382385253906,10.341326713562012
reaction:297,t-BuBrettPhos,4,,83.36436834,65.79902648925781,10.672739028930664
reaction:298,t-BuBrettPhos,3,,2.641901391,10.594507217407227,11.24069595336914
reaction:299,t-BuBrettPhos,2,,57.97752811,59.94171905517578,10.719717979431152
reaction:300,t-BuBrettPhos,3,,80.28994263,72.82093811035156,10.434215545654297
reaction:301,t-BuBrettPhos,2,,9.564949769,13.352375030517578,11.530465126037598
reaction:302,t-BuBrettPhos,4,,37.21381762,39.82177734375,10.666879653930664
reaction:303,t-BuBrettPhos,3,,47.09764929,51.634986877441406,10.4817533493042
reaction:304,t-BuBrettPhos,4,,1.1000305259999998,1.2882976531982422,11.106395721435547
reaction:305,t-BuBrettPhos,4,,35.70389569,37.39999008178711,10.492755889892578
reaction:306,t-BuBrettPhos,2,,54.89240735,53.21589660644531,10.165637016296387
reaction:307,t-BuBrettPhos,0,,0.0,6.329780578613281,11.493842124938965
reaction:308,t-BuBrettPhos,4,,57.45048731,63.765655517578125,10.040318489074707
reaction:309,t-BuBrettPhos,0,,77.02732986,84.44212341308594,10.598319053649902
reaction:310,t-BuBrettPhos,0,,69.39855223,73.32685852050781,10.321836471557617
reaction:311,t-BuBrettPhos,1,,85.4419715,83.66458129882812,9.301569938659668
reaction:312,t-BuBrettPhos,0,,92.00324978,102.9420394897461,10.535212516784668
reaction:313,t-BuBrettPhos,2,,21.86178566,16.476072311401367,11.130454063415527
reaction:314,t-BuBrettPhos,1,,83.65433196,83.38368225097656,10.6858549118042
reaction:315,t-BuBrettPhos,2,,92.95670274,95.45472717285156,10.769014358520508
reaction:316,t-BuBrettPhos,0,,1.297818598,2.0388336181640625,10.410752296447754
reaction:317,t-BuBrettPhos,3,,28.35051675,34.232383728027344,10.411651611328125
reaction:318,t-BuBrettPhos,1,,40.1812432,41.3162727355957,10.322957992553711
reaction:319,t-BuBrettPhos,4,,0.0,-0.16794586181640625,10.598361015319824
reaction:320,t-BuBrettPhos,2,,40.45135336,43.39189147949219,10.17879581451416
reaction:321,t-BuBrettPhos,3,,42.27311559,51.55297088623047,10.256486892700195
reaction:322,t-BuBrettPhos,4,,0.910655456,2.4498329162597656,10.567795753479004
reaction:323,t-BuBrettPhos,4,,62.16368477,66.76113891601562,10.875897407531738
reaction:324,t-BuBrettPhos,0,,66.88608561,69.2082748413086,10.458081245422363
reaction:325,t-BuBrettPhos,4,,76.83418769,66.1805648803711,10.916938781738281
reaction:326,t-BuBrettPhos,0,,91.6524383,70.68525695800781,11.293723106384277
reaction:327,t-BuBrettPhos,2,,66.37274183,75.41558074951172,10.740682601928711
reaction:328,t-BuBrettPhos,1,,2.534585496,7.715484619140625,10.599045753479004
reaction:329,t-BuBrettPhos,2,,47.17441756,51.20717239379883,10.437314987182617
reaction:330,t-BuBrettPhos,2,,52.43589363,55.983909606933594,10.74807357788086
reaction:331,t-BuBrettPhos,4,,3.542495517,2.998483657836914,10.32063102722168
reaction:332,t-BuBrettPhos,4,,39.19686382,37.55319595336914,10.422646522521973
reaction:333,t-BuBrettPhos,3,,45.87563784,46.40288543701172,9.710929870605469
reaction:334,t-BuBrettPhos,4,,0.0,0.4053192138671875,10.979704856872559
reaction:335,t-BuBrettPhos,0,,24.02819715,33.92706298828125,10.760862350463867
reaction:336,t-BuBrettPhos,2,,39.3913488,47.13587951660156,10.202220916748047
reaction:337,t-BuBrettPhos,1,,0.0,1.3547954559326172,10.906800270080566
reaction:338,t-BuBrettPhos,2,,50.04747607,55.45936584472656,9.98707389831543
reaction:339,t-BuBrettPhos,4,,74.62438876,77.85252380371094,10.314102172851562
reaction:340,t-BuBrettPhos,4,,54.58472012,50.86096954345703,10.113767623901367
reaction:341,t-BuBrettPhos,1,,74.81544975,64.14286041259766,9.88459300994873
reaction:342,t-BuBrettPhos,3,,84.20189779,74.62398529052734,9.511007308959961
reaction:343,t-BuBrettPhos,2,,2.234092607,3.1287994384765625,10.492594718933105
reaction:344,t-BuBrettPhos,1,,71.60789091,69.00267028808594,10.533637046813965
reaction:345,t-BuBrettPhos,1,,72.77189285,70.91386413574219,10.3074951171875
reaction:346,t-BuBrettPhos,2,,4.275083316,6.413976669311523,10.721592903137207
reaction:347,t-BuBrettPhos,1,,40.44190447,42.523406982421875,10.356270790100098
reaction:348,t-BuBrettPhos,3,,46.6599306,54.10729217529297,9.7826566696167
reaction:349,t-BuBrettPhos,0,,0.0,-0.21229171752929688,10.800342559814453
reaction:350,t-BuBrettPhos,1,,46.64994849,39.19683837890625,10.267379760742188
reaction:351,t-BuBrettPhos,0,,45.97105208,54.35388946533203,10.390148162841797
reaction:352,t-BuBrettPhos,0,,0.0,2.6495723724365234,10.900796890258789
reaction:353,t-BuBrettPhos,3,,72.38342011,69.66355895996094,9.164416313171387
reaction:354,t-BuBrettPhos,0,,82.71053034,90.42349243164062,10.368717193603516
reaction:355,t-BuBrettPhos,2,,77.8707536,80.32328796386719,10.269429206848145
reaction:356,t-BuBrettPhos,0,,96.59121826,94.96331787109375,10.188310623168945
reaction:357,t-BuBrettPhos,3,,97.94800557,103.16923522949219,9.461410522460938
reaction:358,t-BuBrettPhos,4,,3.498335753,7.05952262878418,10.650472640991211
reaction:359,t-BuBrettPhos,1,,89.32288292,87.89599609375,10.494610786437988
reaction:360,t-BuBrettPhos,2,,89.21674959,97.68898010253906,10.608427047729492
reaction:361,t-BuBrettPhos,3,,9.910073167,14.328451156616211,10.447709083557129
reaction:362,t-BuBrettPhos,1,,33.09515946,33.866661071777344,10.28356647491455
reaction:363,t-BuBrettPhos,2,,39.91592357,40.71649169921875,10.529335975646973
reaction:364,t-BuBrettPhos,2,,0.297246729,0.3822669982910156,11.0048828125
reaction:365,t-BuBrettPhos,3,,43.42467948,46.477718353271484,9.924112319946289
reaction:366,t-BuBrettPhos,3,,45.27500965,50.55152893066406,10.2562894821167
reaction:367,t-BuBrettPhos,4,,0.8589748359999999,3.1592636108398438,10.758744239807129
reaction:368,t-BuBrettPhos,4,,68.84924903,71.37501525878906,10.849185943603516
reaction:369,t-BuBrettPhos,2,,64.60847653,71.89717102050781,10.418219566345215
reaction:370,t-BuBrettPhos,0,,63.8547365,68.65142059326172,11.040989875793457
reaction:371,t-BuBrettPhos,2,,76.33612431,77.39820861816406,10.454619407653809
reaction:372,t-BuBrettPhos,1,,73.13965753,78.87792205810547,10.228403091430664
reaction:373,t-BuBrettPhos,3,,4.497312078999999,9.104682922363281,10.54269027709961
reaction:374,t-BuBrettPhos,2,,40.87667176,54.40850830078125,10.456135749816895
reaction:375,t-BuBrettPhos,4,,40.31664678,56.22917556762695,10.317289352416992
reaction:376,t-BuBrettPhos,2,,24.27358667,16.400714874267578,11.129825592041016
reaction:377,t-BuBrettPhos,2,,42.64405348,46.53016662597656,10.44454288482666
reaction:378,t-BuBrettPhos,2,,47.5989822,46.867530822753906,10.3809175491333
reaction:379,t-BuBrettPhos,4,,0.345789289,1.0148582458496094,11.147762298583984
reaction:380,t-BuBrettPhos,4,,40.97949244,42.17645263671875,10.170963287353516
reaction:381,t-BuBrettPhos,3,,43.26194293,49.93644332885742,9.7448148727417
reaction:382,t-BuBrettPhos,0,,1.497954505,3.451742172241211,10.749068260192871
reaction:383,t-BuBrettPhos,0,,68.06627781,70.01508331298828,10.100418090820312
reaction:384,t-BuBrettPhos,3,,74.75498754,81.2784194946289,10.03659439086914
reaction:385,t-BuBrettPhos,4,,70.28309787,60.47268295288086,9.885615348815918
reaction:386,t-BuBrettPhos,3,,80.52782377,68.2865982055664,9.463648796081543
reaction:387,t-BuBrettPhos,4,,85.26909551,77.81452941894531,10.452211380004883
reaction:388,t-BuBrettPhos,0,,21.94834142,17.556385040283203,10.392996788024902
reaction:389,t-BuBrettPhos,3,,72.58738213,73.39384460449219,10.110475540161133
reaction:390,t-BuBrettPhos,0,,77.03264152,78.26361083984375,10.585489273071289
reaction:391,t-BuBrettPhos,2,,23.09132333,19.252647399902344,11.00641918182373
reaction:392,t-BuBrettPhos,3,,47.555818,48.5379753112793,10.209585189819336
reaction:393,t-BuBrettPhos,1,,46.76206263,54.467742919921875,10.583776473999023
reaction:394,t-BuBrettPhos,1,,0.605197064,0.39659881591796875,10.928589820861816
reaction:395,t-BuBrettPhos,2,,47.14534203,52.061119079589844,10.127047538757324
reaction:396,t-BuBrettPhos,2,,45.98211557,56.1138916015625,10.122498512268066
reaction:397,t-BuBrettPhos,0,,0.0,4.2731475830078125,10.923748970031738
reaction:398,t-BuBrettPhos,4,,79.73976585,80.0753402709961,9.792999267578125
reaction:399,t-BuBrettPhos,2,,80.78664078,89.43840789794922,10.079583168029785
reaction:400,t-BuBrettPhos,4,,84.69021766,85.72480773925781,9.813094139099121
reaction:401,t-BuBrettPhos,4,,91.05627032,94.79632568359375,9.700864791870117
reaction:402,t-BuBrettPhos,4,,98.17713445,103.55282592773438,10.398256301879883
reaction:403,t-BuBrettPhos,1,,23.84150703,18.90964126586914,10.740239143371582
reaction:404,t-BuBrettPhos,4,,86.41285544,91.4273681640625,10.376166343688965
reaction:405,t-BuBrettPhos,0,,87.55418753,95.09304809570312,10.755868911743164
reaction:406,AdBrettPhos,4,,6.575127297000001,2.5265331268310547,11.189213752746582
reaction:407,AdBrettPhos,2,,8.742546332,4.962623596191406,11.01778507232666
reaction:408,AdBrettPhos,1,,9.935132826,7.625297546386719,10.996728897094727
reaction:409,AdBrettPhos,4,,1.705289038,0.03981781005859375,11.377165794372559
reaction:410,AdBrettPhos,1,,12.29594301,8.797286987304688,10.707703590393066
reaction:411,AdBrettPhos,1,,16.85702349,14.014116287231445,10.774883270263672
reaction:412,AdBrettPhos,1,,3.595206135,1.4858283996582031,11.531832695007324
reaction:413,AdBrettPhos,2,,19.90273024,15.748823165893555,10.482353210449219
reaction:414,AdBrettPhos,3,,25.2527032,24.917142868041992,11.354033470153809
reaction:415,AdBrettPhos,0,,16.1585109,22.358726501464844,11.366847038269043
reaction:416,AdBrettPhos,0,,20.64357371,27.96306037902832,11.442298889160156
reaction:417,AdBrettPhos,4,,24.16256349,33.460689544677734,10.8804931640625
reaction:418,AdBrettPhos,4,,7.938107707999999,1.233621597290039,11.18118667602539
reaction:419,AdBrettPhos,4,,13.6465536,11.671262741088867,10.946767807006836
reaction:420,AdBrettPhos,4,,14.36737015,19.48641586303711,10.905376434326172
reaction:421,AdBrettPhos,2,,3.956885702,3.8158016204833984,11.679451942443848
reaction:422,AdBrettPhos,3,,22.516172,29.046680450439453,11.044568061828613
reaction:423,AdBrettPhos,2,,39.74593472,38.014102935791016,10.830352783203125
reaction:424,AdBrettPhos,1,,0.0,0.5151443481445312,11.678166389465332
reaction:425,AdBrettPhos,4,,15.82179421,18.989215850830078,10.85714340209961
reaction:426,AdBrettPhos,4,,40.1396941,36.91722106933594,10.840131759643555
reaction:427,AdBrettPhos,2,,0.57693322,-2.1903953552246094,11.62811279296875
reaction:428,AdBrettPhos,1,,29.29795514,39.107913970947266,9.432865142822266
reaction:429,AdBrettPhos,4,,73.73993868,59.79954528808594,10.683451652526855
reaction:430,AdBrettPhos,2,,24.60602271,30.842199325561523,10.167272567749023
reaction:431,AdBrettPhos,4,,39.09372544,45.135162353515625,10.442150115966797
reaction:432,AdBrettPhos,2,,65.38933316,63.53327941894531,10.315047264099121
reaction:433,AdBrettPhos,4,,2.344713425,3.962282180786133,11.44422435760498
reaction:434,AdBrettPhos,0,,48.30710262,53.20155334472656,11.008529663085938
reaction:435,AdBrettPhos,0,,72.94185386,66.53709411621094,11.128060340881348
reaction:436,AdBrettPhos,3,,10.00188169,8.510622024536133,11.198756217956543
reaction:437,AdBrettPhos,1,,37.52076416,34.729515075683594,10.47058391571045
reaction:438,AdBrettPhos,3,,52.58811564,49.82164001464844,10.557181358337402
reaction:439,AdBrettPhos,1,,0.862838268,1.2920722961425781,11.734301567077637
reaction:440,AdBrettPhos,0,,34.28507945,30.63416290283203,11.024025917053223
reaction:441,AdBrettPhos,3,,53.14523882,49.82942199707031,10.26251220703125
reaction:442,AdBrettPhos,2,,2.173414859,0.37873077392578125,11.605031967163086
reaction:443,AdBrettPhos,0,,59.96800012,52.80046081542969,10.28592586517334
reaction:444,AdBrettPhos,1,,80.9780499,75.78302764892578,9.861200332641602
reaction:445,AdBrettPhos,1,,68.00656479999999,60.98918533325195,9.382316589355469
reaction:446,AdBrettPhos,2,,84.91024962,75.2641372680664,9.338769912719727
reaction:447,AdBrettPhos,4,,95.07020116,90.849853515625,10.485859870910645
reaction:448,AdBrettPhos,4,,15.22347574,13.55888557434082,11.463960647583008
reaction:449,AdBrettPhos,3,,86.41541039,72.01158142089844,10.414586067199707
reaction:450,AdBrettPhos,4,,92.13068227,89.15769958496094,10.876540184020996
reaction:451,AdBrettPhos,3,,2.038853369,-0.6027336120605469,10.41204833984375
reaction:452,AdBrettPhos,3,,28.76096277,31.24506187438965,10.451404571533203
reaction:453,AdBrettPhos,0,,44.56045142,37.31150817871094,10.247441291809082
reaction:454,AdBrettPhos,1,,0.3809182129999999,0.02829742431640625,10.650897026062012
reaction:455,AdBrettPhos,4,,44.68712072,37.51303482055664,10.185714721679688
reaction:456,AdBrettPhos,0,,52.78848387,43.44077682495117,10.327605247497559
reaction:457,AdBrettPhos,2,,1.112658983,-1.1206512451171875,10.586747169494629
reaction:458,AdBrettPhos,1,,67.02083729,62.736473083496094,10.999515533447266
reaction:459,AdBrettPhos,0,,72.46627889,67.48358917236328,10.492354393005371
reaction:460,AdBrettPhos,3,,55.08984272,68.39075469970703,10.809666633605957
reaction:461,AdBrettPhos,3,,63.25759385,75.58039855957031,10.096266746520996
reaction:462,AdBrettPhos,3,,66.28326385,71.33836364746094,10.691110610961914
reaction:463,AdBrettPhos,2,,6.141106311000001,-0.8570671081542969,10.753068923950195
reaction:464,AdBrettPhos,2,,54.56358173,46.88401412963867,10.481755256652832
reaction:465,AdBrettPhos,2,,63.22469221,53.622413635253906,10.828768730163574
reaction:466,AdBrettPhos,4,,2.256359852,0.044445037841796875,10.333251953125
reaction:467,AdBrettPhos,4,,32.38635793,32.90202331542969,10.513321876525879
reaction:468,AdBrettPhos,4,,44.44197306,41.39187240600586,10.58234977722168
reaction:469,AdBrettPhos,0,,0.0,-0.27977752685546875,10.575226783752441
reaction:470,AdBrettPhos,0,,21.71222946,28.492979049682617,10.835906982421875
reaction:471,AdBrettPhos,0,,43.86426544,41.16803741455078,10.67536449432373
reaction:472,AdBrettPhos,1,,0.0,-0.9682388305664062,10.908777236938477
reaction:473,AdBrettPhos,4,,39.83155733,47.18533706665039,10.113399505615234
reaction:474,AdBrettPhos,3,,78.71189796,68.80094909667969,9.627578735351562
reaction:475,AdBrettPhos,0,,34.68494953,42.676456451416016,10.1754150390625
reaction:476,AdBrettPhos,0,,51.68395023,59.47705078125,10.185449600219727
reaction:477,AdBrettPhos,2,,69.94718927,68.41865539550781,10.433392524719238
reaction:478,AdBrettPhos,0,,1.517636561,-1.0283432006835938,10.429100036621094
reaction:479,AdBrettPhos,4,,65.78374618,61.96605682373047,10.5918550491333
reaction:480,AdBrettPhos,1,,79.37053051,65.95985412597656,10.33022403717041
reaction:481,AdBrettPhos,2,,2.510510682,4.061845779418945,10.849831581115723
reaction:482,AdBrettPhos,2,,36.61548208,38.99995040893555,10.506553649902344
reaction:483,AdBrettPhos,0,,52.67302388,49.03559875488281,10.56149673461914
reaction:484,AdBrettPhos,2,,0.0,0.25301361083984375,10.628886222839355
reaction:485,AdBrettPhos,3,,32.99753143,38.72256851196289,9.746899604797363
reaction:486,AdBrettPhos,3,,57.53990104,49.04732131958008,9.940433502197266
reaction:487,AdBrettPhos,4,,0.544984175,-0.9199180603027344,10.689984321594238
reaction:488,AdBrettPhos,1,,57.85208433,65.04671478271484,9.958152770996094
reaction:489,AdBrettPhos,3,,85.89473594,82.58158874511719,9.718305587768555
reaction:490,AdBrettPhos,2,,67.67136056,71.67288208007812,10.314718246459961
reaction:491,AdBrettPhos,3,,95.55515456,86.54466247558594,9.564496994018555
reaction:492,AdBrettPhos,2,,99.03446213,97.60165405273438,10.369970321655273
reaction:493,AdBrettPhos,2,,2.310618854,0.8179054260253906,10.590136528015137
reaction:494,AdBrettPhos,0,,86.53541708,79.70772552490234,10.708969116210938
reaction:495,AdBrettPhos,1,,94.50096737,88.47689056396484,10.340215682983398
reaction:496,AdBrettPhos,0,,7.7649642,12.093780517578125,10.399537086486816
reaction:497,AdBrettPhos,0,,31.45776364,29.292037963867188,10.392756462097168
reaction:498,AdBrettPhos,0,,39.80414391,37.58915328979492,10.281411170959473
reaction:499,AdBrettPhos,2,,0.230274449,0.44287872314453125,11.10004711151123
reaction:500,AdBrettPhos,4,,47.71300168,40.954044342041016,10.272587776184082
reaction:501,AdBrettPhos,1,,54.76985941,43.550350189208984,10.47879409790039
reaction:502,AdBrettPhos,0,,0.7376310779999999,0.6558265686035156,10.8390474319458
reaction:503,AdBrettPhos,3,,74.13888356,64.6539306640625,10.501382827758789
reaction:504,AdBrettPhos,4,,71.26504827,65.20748901367188,10.44934368133545
reaction:505,AdBrettPhos,1,,64.02888238,63.384525299072266,10.44485092163086
reaction:506,AdBrettPhos,4,,74.63930208,70.0094985961914,11.085683822631836
reaction:507,AdBrettPhos,2,,76.16070518,71.31974029541016,10.88290023803711
reaction:508,AdBrettPhos,4,,5.908085833,6.815359115600586,10.616093635559082
reaction:509,AdBrettPhos,0,,52.86647451,39.71735382080078,10.395313262939453
reaction:510,AdBrettPhos,0,,56.03413013,44.9785270690918,10.413064956665039
reaction:511,AdBrettPhos,2,,12.72121896,13.150842666625977,11.252119064331055
reaction:512,AdBrettPhos,4,,41.67771463,40.11161804199219,10.318775177001953
reaction:513,AdBrettPhos,1,,43.87448476,46.411521911621094,10.62993335723877
reaction:514,AdBrettPhos,3,,0.316193405,0.6961326599121094,10.868193626403809
reaction:515,AdBrettPhos,2,,40.29418927,37.738460540771484,10.149863243103027
reaction:516,AdBrettPhos,4,,45.40015878,42.92493438720703,10.261411666870117
reaction:517,AdBrettPhos,4,,0.778234105,-0.0127105712890625,10.850459098815918
reaction:518,AdBrettPhos,3,,65.05218409,58.59833908081055,9.379792213439941
reaction:519,AdBrettPhos,4,,78.61961971,70.60540008544922,9.940279006958008
reaction:520,AdBrettPhos,2,,45.30738516,54.89164733886719,9.887743949890137
reaction:521,AdBrettPhos,1,,56.65401799,64.89599609375,9.488569259643555
reaction:522,AdBrettPhos,4,,68.60611463,69.69461059570312,10.472612380981445
reaction:523,AdBrettPhos,3,,12.48635948,16.033634185791016,10.764244079589844
reaction:524,AdBrettPhos,4,,69.81626316,65.38300323486328,10.649872779846191
reaction:525,AdBrettPhos,3,,75.30179851,71.56440734863281,9.918527603149414
reaction:526,AdBrettPhos,0,,14.49254361,19.02481460571289,10.371668815612793
reaction:527,AdBrettPhos,0,,52.13571621,43.410362243652344,10.560269355773926
reaction:528,AdBrettPhos,1,,48.86581696,53.67718505859375,10.663797378540039
reaction:529,AdBrettPhos,0,,0.364667905,0.3693122863769531,10.70009994506836
reaction:530,AdBrettPhos,0,,55.18037009,43.805198669433594,10.678418159484863
reaction:531,AdBrettPhos,4,,55.01223205,50.338775634765625,10.158742904663086
reaction:532,AdBrettPhos,3,,1.087256852,-0.6644325256347656,10.469501495361328
reaction:533,AdBrettPhos,4,,81.22830675,73.78472900390625,9.813068389892578
reaction:534,AdBrettPhos,3,,80.71099803,85.18549346923828,10.099210739135742
reaction:535,AdBrettPhos,3,,86.20017514,76.21697998046875,9.56202507019043
reaction:536,AdBrettPhos,1,,84.17796028,89.24626159667969,9.555194854736328
reaction:537,AdBrettPhos,3,,95.67591323,98.1333999633789,9.670498847961426
reaction:538,AdBrettPhos,0,,14.50083816,17.184640884399414,10.682053565979004
reaction:539,AdBrettPhos,3,,91.52862329,80.05824279785156,10.185188293457031
reaction:540,AdBrettPhos,0,,92.65898323,91.35301208496094,10.827427864074707
reaction:541,XPhos,3,,12.6512469,17.30405044555664,15.588165283203125
reaction:542,XPhos,1,,13.83708642,13.681856155395508,14.608126640319824
reaction:543,XPhos,4,,15.0343232,22.780994415283203,15.041186332702637
reaction:544,XPhos,4,,1.856863727,4.831764221191406,15.57466983795166
reaction:545,XPhos,4,,4.344676685,13.507774353027344,14.960367202758789
reaction:546,XPhos,1,,5.971176669,11.711172103881836,14.17660140991211
reaction:547,XPhos,1,,8.323184663,9.563497543334961,16.090551376342773
reaction:548,XPhos,0,,13.24692026,23.12948226928711,13.031673431396484
reaction:549,XPhos,4,,15.01178808,25.435428619384766,14.531673431396484
reaction:550,XPhos,2,,12.98584411,10.31583023071289,13.548108100891113
reaction:551,XPhos,4,,17.08756486,14.338226318359375,14.236207962036133
reaction:552,XPhos,3,,19.42152909,18.77289581298828,13.939446449279785
reaction:553,XPhos,2,,61.68885211,46.420448303222656,15.381584167480469
reaction:554,XPhos,0,,64.52902546,35.96009826660156,14.405800819396973
reaction:555,XPhos,1,,64.66756982,42.28499984741211,14.447965621948242
reaction:556,XPhos,4,,14.26895253,14.280973434448242,14.669122695922852
reaction:557,XPhos,1,,24.93013825,19.819652557373047,14.63940715789795
reaction:558,XPhos,1,,38.55067304,23.235557556152344,14.537257194519043
reaction:559,XPhos,1,,0.0,2.838258743286133,15.56230640411377
reaction:560,XPhos,1,,1.224185961,4.124095916748047,14.180411338806152
reaction:561,XPhos,0,,2.633257106,12.05850601196289,13.74864387512207
reaction:562,XPhos,4,,1.932595354,2.0867996215820312,14.85379695892334
reaction:563,XPhos,2,,8.432863834,13.992380142211914,11.817113876342773
reaction:564,XPhos,1,,11.40684881,19.038583755493164,13.769384384155273
reaction:565,XPhos,1,,16.82928554,9.840202331542969,12.9972562789917
reaction:566,XPhos,4,,35.53815083,25.671676635742188,12.728358268737793
reaction:567,XPhos,1,,41.96438983,29.13089942932129,13.748002052307129
reaction:568,XPhos,4,,2.917168593,8.770389556884766,14.9337797164917
reaction:569,XPhos,3,,7.768371677,22.97589111328125,13.65947437286377
reaction:570,XPhos,3,,14.74148388,29.468639373779297,13.51397705078125
reaction:571,XPhos,1,,21.50977994,17.672595977783203,14.565685272216797
reaction:572,XPhos,2,,20.96272395,23.36094856262207,14.068327903747559
reaction:573,XPhos,0,,26.67806508,34.217140197753906,14.062609672546387
reaction:574,XPhos,1,,0.0,3.567991256713867,15.574305534362793
reaction:575,XPhos,2,,3.941726457,-0.08501434326171875,13.09889030456543
reaction:576,XPhos,3,,7.774794319,3.0991153717041016,13.435751914978027
reaction:577,XPhos,3,,2.331533569,3.8148460388183594,15.034566879272461
reaction:578,XPhos,3,,15.28777504,8.705720901489258,12.354787826538086
reaction:579,XPhos,2,,23.43579167,26.36278533935547,12.815606117248535
reaction:580,XPhos,2,,15.69796379,15.500387191772461,12.339545249938965
reaction:581,XPhos,2,,27.33482675,34.007484436035156,12.147102355957031
reaction:582,XPhos,4,,34.44632451,46.38926696777344,13.328231811523438
reaction:583,XPhos,4,,9.061926079,16.020566940307617,14.914798736572266
reaction:584,XPhos,4,,20.11332693,19.598018646240234,14.117768287658691
reaction:585,XPhos,0,,25.93974836,28.06003189086914,13.770906448364258
reaction:586,XPhos,0,,2.968869757,18.541946411132812,14.851167678833008
reaction:587,XPhos,4,,2.391870808,20.94686508178711,13.796366691589355
reaction:588,XPhos,4,,20.86747592,28.311386108398438,14.324979782104492
reaction:589,XPhos,2,,2.064063489,1.876413345336914,15.43270492553711
reaction:590,XPhos,3,,11.1309805,18.499696731567383,13.735445022583008
reaction:591,XPhos,0,,14.36693621,27.429763793945312,13.816010475158691
reaction:592,XPhos,2,,9.085602443,5.518087387084961,15.323994636535645
reaction:593,XPhos,2,,51.71538404,27.011856079101562,12.233802795410156
reaction:594,XPhos,2,,53.23936389,35.291831970214844,13.033360481262207
reaction:595,XPhos,0,,10.59565991,23.139095306396484,13.156248092651367
reaction:596,XPhos,0,,12.24156469,35.1666374206543,12.9680814743042
reaction:597,XPhos,3,,12.7214048,35.00065994262695,13.815889358520508
reaction:598,XPhos,3,,20.53476821,9.694456100463867,15.187983512878418
reaction:599,XPhos,2,,16.03639807,-11.100601196289062,14.028225898742676
reaction:600,XPhos,3,,19.29401032,6.293642044067383,14.058942794799805
reaction:601,XPhos,1,,24.42152468,22.46603775024414,14.867218971252441
reaction:602,XPhos,4,,35.72058232,39.44448471069336,13.242884635925293
reaction:603,XPhos,1,,34.68866542,40.672000885009766,14.241621971130371
reaction:604,XPhos,3,,1.299881507,2.2723522186279297,14.395087242126465
reaction:605,XPhos,1,,17.26980964,16.966785430908203,13.85000228881836
reaction:606,XPhos,1,,28.37187434,22.99631118774414,14.050834655761719
reaction:607,XPhos,0,,5.370036774,4.641500473022461,14.1718111038208
reaction:608,XPhos,3,,37.71186321,40.172088623046875,11.921019554138184
reaction:609,XPhos,1,,36.02889558,47.27685546875,13.31473159790039
reaction:610,XPhos,4,,32.92776022,34.14347839355469,12.610136032104492
reaction:611,XPhos,4,,59.55262648,50.966766357421875,12.677396774291992
reaction:612,XPhos,4,,57.6053748,52.80504608154297,13.151714324951172
reaction:613,XPhos,2,,18.46342998,21.511775970458984,14.589401245117188
reaction:614,XPhos,1,,36.80966237,43.25532913208008,14.483396530151367
reaction:615,XPhos,4,,44.33084711,47.67341232299805,13.390922546386719
reaction:616,XPhos,1,,26.52646529,23.244163513183594,14.909316062927246
reaction:617,XPhos,3,,40.07198822,32.786075592041016,13.768756866455078
reaction:618,XPhos,0,,44.04700483,37.433311462402344,13.602749824523926
reaction:619,XPhos,0,,0.844427684,1.660797119140625,14.135109901428223
reaction:620,XPhos,3,,10.60791195,17.10938835144043,12.873661994934082
reaction:621,XPhos,0,,19.44976087,25.001556396484375,13.290006637573242
reaction:622,XPhos,1,,4.67315366,7.810571670532227,14.755572319030762
reaction:623,XPhos,4,,33.71090461,38.19950866699219,12.490711212158203
reaction:624,XPhos,4,,58.95423439,44.63764190673828,13.106494903564453
reaction:625,XPhos,1,,32.36907857,38.42003631591797,12.90007495880127
reaction:626,XPhos,3,,58.30938102,56.96154022216797,12.015636444091797
reaction:627,XPhos,1,,63.62909921,59.11248779296875,13.313257217407227
reaction:628,XPhos,0,,15.1458408,21.33241081237793,14.177213668823242
reaction:629,XPhos,1,,31.9937252,43.738136291503906,14.491730690002441
reaction:630,XPhos,0,,53.36463944,45.06588363647461,13.55292797088623
reaction:631,XPhos,0,,5.928429551,17.666431427001953,14.348688125610352
reaction:632,XPhos,2,,9.302544665,24.310260772705078,14.598824501037598
reaction:633,XPhos,0,,34.88077285,34.575321197509766,13.432438850402832
reaction:634,XPhos,3,,0.47110416,3.1611461639404297,15.521121978759766
reaction:635,XPhos,4,,28.77482765,23.93944549560547,13.909311294555664
reaction:636,XPhos,2,,35.21497708,28.023637771606445,14.27562141418457
reaction:637,XPhos,4,,4.111488109,6.00885009765625,15.152443885803223
reaction:638,XPhos,1,,64.27233548,45.07174301147461,12.853857040405273
reaction:639,XPhos,3,,65.69456697,49.84905242919922,13.293777465820312
reaction:640,XPhos,1,,14.11480355,25.26034927368164,12.879430770874023
reaction:641,XPhos,0,,17.56349703,42.376434326171875,12.645781517028809
reaction:642,XPhos,0,,15.1215994,42.229454040527344,12.816211700439453
reaction:643,XPhos,4,,12.74466628,14.266481399536133,14.823319435119629
reaction:644,XPhos,2,,14.21418921,-2.6505966186523438,14.307369232177734
reaction:645,XPhos,4,,16.84841979,10.967325210571289,14.282679557800293
reaction:646,XPhos,1,,19.58685815,20.138078689575195,13.690872192382812
reaction:647,XPhos,1,,43.74297776,40.02040100097656,13.721619606018066
reaction:648,XPhos,0,,41.13226409,47.942806243896484,12.643500328063965
reaction:649,XPhos,0,,0.43718104,1.5745372772216797,13.541951179504395
reaction:650,XPhos,2,,23.41191123,28.156953811645508,13.374598503112793
reaction:651,XPhos,1,,34.22871308,32.13372039794922,13.396200180053711
reaction:652,XPhos,4,,2.005732083,3.1610965728759766,13.994645118713379
reaction:653,XPhos,2,,50.97511306,52.15208435058594,12.340030670166016
reaction:654,XPhos,2,,50.54514481,54.543941497802734,13.002763748168945
reaction:655,XPhos,0,,39.19022489,38.00727844238281,11.904340744018555
reaction:656,XPhos,4,,59.13712916,58.01116180419922,12.207735061645508
reaction:657,XPhos,1,,63.46127974,56.854835510253906,12.81438159942627
reaction:658,XPhos,1,,14.56258268,14.676294326782227,13.698405265808105
reaction:659,XPhos,3,,42.70687587,40.77197265625,12.946640014648438
reaction:660,XPhos,4,,51.1783537,48.298484802246094,13.197550773620605
reaction:661,XPhos,2,,20.79893886,19.690105438232422,14.244723320007324
reaction:662,XPhos,1,,44.03844861,37.01494216918945,13.675111770629883
reaction:663,XPhos,4,,47.42870408,43.155494689941406,13.647433280944824
reaction:664,XPhos,3,,0.389738186,1.9776325225830078,14.538000106811523
reaction:665,XPhos,2,,14.82994008,24.970399856567383,13.264150619506836
reaction:666,XPhos,3,,27.38026406,31.818437576293945,12.914048194885254
reaction:667,XPhos,1,,1.922791563,2.973390579223633,13.727211952209473
reaction:668,XPhos,2,,42.32124218,49.141212463378906,12.298565864562988
reaction:669,XPhos,0,,66.26745697,55.17285919189453,12.209712982177734
reaction:670,XPhos,1,,38.26811211,41.12583923339844,12.464369773864746
reaction:671,XPhos,1,,65.27849508,58.813724517822266,12.25049877166748
reaction:672,XPhos,1,,69.51698512,60.96819305419922,12.95015811920166
reaction:673,XPhos,0,,11.65114169,11.36336898803711,13.289449691772461
reaction:674,XPhos,0,,35.81675951,40.82643127441406,13.08431339263916
reaction:675,XPhos,3,,49.09682213,51.066619873046875,13.131470680236816
reaction:676,t-BuXPhos,1,,14.56538038,16.30324363708496,15.016328811645508
reaction:677,t-BuXPhos,4,,18.74350865,23.90020751953125,14.598869323730469
reaction:678,t-BuXPhos,4,,19.60839775,20.3101806640625,14.649520874023438
reaction:679,t-BuXPhos,3,,2.060581853,3.7189273834228516,15.797308921813965
reaction:680,t-BuXPhos,4,,16.39030586,23.225887298583984,14.495142936706543
reaction:681,t-BuXPhos,3,,19.65840226,20.50249481201172,14.37751579284668
reaction:682,t-BuXPhos,1,,6.853480142,10.341165542602539,15.784684181213379
reaction:683,t-BuXPhos,3,,26.75645727,34.00277328491211,13.818450927734375
reaction:684,t-BuXPhos,0,,27.04861196,29.158733367919922,12.799764633178711
reaction:685,t-BuXPhos,3,,31.29909936,32.64886474609375,14.13821029663086
reaction:686,t-BuXPhos,1,,35.2030282,36.6158332824707,12.140299797058105
reaction:687,t-BuXPhos,3,,40.08669181,39.598365783691406,13.990633964538574
reaction:688,t-BuXPhos,0,,68.76495224,57.24932098388672,15.1264009475708
reaction:689,t-BuXPhos,4,,74.00970333,69.40543365478516,14.571037292480469
reaction:690,t-BuXPhos,3,,70.58038327,65.65608978271484,14.63308334350586
reaction:691,t-BuXPhos,4,,12.56300254,20.133241653442383,14.730836868286133
reaction:692,t-BuXPhos,2,,47.02427089,46.73883819580078,14.117359161376953
reaction:693,t-BuXPhos,2,,48.56121582,53.29108428955078,13.453298568725586
reaction:694,t-BuXPhos,0,,0.529819216,3.69097900390625,14.960904121398926
reaction:695,t-BuXPhos,3,,47.2768797,40.42824172973633,13.584364891052246
reaction:696,t-BuXPhos,0,,55.19349187,52.36152648925781,13.420621871948242
reaction:697,t-BuXPhos,0,,73.2728017,67.63775634765625,11.828619956970215
reaction:698,t-BuXPhos,1,,77.78682066,77.69575500488281,13.101325988769531
reaction:699,t-BuXPhos,3,,69.39495874,71.34050750732422,12.634815216064453
reaction:700,t-BuXPhos,3,,84.60201966,78.02149963378906,12.337559700012207
reaction:701,t-BuXPhos,3,,85.14015258,86.39026641845703,12.80893325805664
reaction:702,t-BuXPhos,0,,12.48383732,22.478527069091797,14.617541313171387
reaction:703,t-BuXPhos,2,,78.00495066,76.6925048828125,13.683520317077637
reaction:704,t-BuXPhos,1,,83.73721982,78.64411926269531,13.843388557434082
reaction:705,t-BuXPhos,1,,26.05284451,26.639799118041992,14.34715747833252
reaction:706,t-BuXPhos,2,,53.83922891,51.27799987792969,14.116189956665039
reaction:707,t-BuXPhos,1,,52.3137348,55.175621032714844,14.206966400146484
reaction:708,t-BuXPhos,2,,3.500057239,3.197542190551758,14.821016311645508
reaction:709,t-BuXPhos,4,,49.39865649,53.34612274169922,13.45213794708252
reaction:710,t-BuXPhos,0,,56.13504943,55.426246643066406,13.376127243041992
reaction:711,t-BuXPhos,3,,16.2490011,12.762542724609375,15.114532470703125
reaction:712,t-BuXPhos,4,,79.87241595,78.81292724609375,11.973508834838867
reaction:713,t-BuXPhos,2,,81.15116736,83.85911560058594,12.730449676513672
reaction:714,t-BuXPhos,1,,88.44637346,81.00970458984375,12.562797546386719
reaction:715,t-BuXPhos,1,,93.09950718,91.83795928955078,12.436076164245605
reaction:716,t-BuXPhos,1,,99.99999,97.71092987060547,13.225299835205078
reaction:717,t-BuXPhos,4,,36.89391539,33.814544677734375,14.546202659606934
reaction:718,t-BuXPhos,1,,94.34623373,89.96868896484375,14.31386947631836
reaction:719,t-BuXPhos,4,,93.02887198,95.55032348632812,14.120940208435059
reaction:720,t-BuXPhos,4,,34.28672739,20.41714096069336,14.199140548706055
reaction:721,t-BuXPhos,4,,51.07128287,39.55772018432617,13.92185115814209
reaction:722,t-BuXPhos,2,,44.71241275,33.963279724121094,13.600408554077148
reaction:723,t-BuXPhos,1,,1.112505085,4.3810272216796875,15.298894882202148
reaction:724,t-BuXPhos,1,,50.90618574,40.7634391784668,13.315648078918457
reaction:725,t-BuXPhos,2,,54.23706048,39.98418426513672,13.422965049743652
reaction:726,t-BuXPhos,1,,4.695061055,11.208620071411133,15.528915405273438
reaction:727,t-BuXPhos,2,,83.3036144,58.422115325927734,12.250252723693848
reaction:728,t-BuXPhos,1,,70.00785114,65.18414306640625,12.706070899963379
reaction:729,t-BuXPhos,2,,52.85443039,55.52738952636719,12.396913528442383
reaction:730,t-BuXPhos,2,,72.15476775,62.257049560546875,12.19805908203125
reaction:731,t-BuXPhos,3,,73.13874552,76.92263793945312,13.28732967376709
reaction:732,t-BuXPhos,4,,18.412337,28.929893493652344,14.677749633789062
reaction:733,t-BuXPhos,3,,1.57607478,41.670597076416016,13.878552436828613
reaction:734,t-BuXPhos,0,,1.834161249,39.02477264404297,13.36243724822998
reaction:735,t-BuXPhos,1,,39.94694428,38.8340950012207,14.634848594665527
reaction:736,t-BuXPhos,1,,54.22375463,53.86426544189453,13.971263885498047
reaction:737,t-BuXPhos,1,,50.12467654,51.58834457397461,13.859384536743164
reaction:738,t-BuXPhos,2,,1.102452884,2.823801040649414,14.406493186950684
reaction:739,t-BuXPhos,2,,45.39654665,51.4664306640625,13.049718856811523
reaction:740,t-BuXPhos,4,,51.57354724,52.96317672729492,12.894630432128906
reaction:741,t-BuXPhos,1,,77.85802389,79.28828430175781,12.074286460876465
reaction:742,t-BuXPhos,3,,80.13587028,76.74676513671875,12.489848136901855
reaction:743,t-BuXPhos,0,,80.58863006,77.5962142944336,11.737475395202637
reaction:744,t-BuXPhos,1,,86.25411640000002,85.47683715820312,12.160707473754883
reaction:745,t-BuXPhos,1,,91.93340238,85.34353637695312,12.896159172058105
reaction:746,t-BuXPhos,1,,49.30997149,46.78388977050781,14.708404541015625
reaction:747,t-BuXPhos,3,,86.10507439,82.27645874023438,13.176667213439941
reaction:748,t-BuXPhos,3,,88.16754027,79.40483093261719,13.330944061279297
reaction:749,t-BuXPhos,0,,45.04099086,41.00570297241211,13.913969993591309
reaction:750,t-BuXPhos,1,,52.01896484,53.632957458496094,13.879045486450195
reaction:751,t-BuXPhos,0,,50.27132659,52.44384002685547,13.521651268005371
reaction:752,t-BuXPhos,1,,1.402918235,2.6625194549560547,15.517280578613281
reaction:753,t-BuXPhos,4,,50.57898439,47.683738708496094,12.836323738098145
reaction:754,t-BuXPhos,1,,51.23480839,50.750728607177734,13.306407928466797
reaction:755,t-BuXPhos,1,,6.591475121,11.629257202148438,14.888150215148926
reaction:756,t-BuXPhos,4,,83.09647392,82.63107299804688,11.483538627624512
reaction:757,t-BuXPhos,3,,79.26160687,80.61285400390625,12.531390190124512
reaction:758,t-BuXPhos,4,,86.19439925,88.467529296875,11.659465789794922
reaction:759,t-BuXPhos,0,,91.26694463,94.9088134765625,11.885518074035645
reaction:760,t-BuXPhos,3,,95.38648822,96.59326171875,12.194091796875
reaction:761,t-BuXPhos,0,,63.26443611,52.08345413208008,14.120588302612305
reaction:762,t-BuXPhos,1,,94.87994774,89.01542663574219,13.926745414733887
reaction:763,t-BuXPhos,0,,93.42111456,90.7732162475586,13.529741287231445
reaction:764,t-BuXPhos,3,,31.76101887,16.649208068847656,14.332347869873047
reaction:765,t-BuXPhos,2,,47.94242943,36.91047286987305,14.538371086120605
reaction:766,t-BuXPhos,0,,42.81292825,33.904624938964844,13.237524032592773
reaction:767,t-BuXPhos,3,,0.39886034,3.3161849975585938,15.165108680725098
reaction:768,t-BuXPhos,3,,45.57576479,38.4678840637207,13.098376274108887
reaction:769,t-BuXPhos,3,,49.32093179,38.25791549682617,13.146656036376953
reaction:770,t-BuXPhos,2,,3.622466468,5.922710418701172,14.93834114074707
reaction:771,t-BuXPhos,0,,75.31115449,64.09980773925781,12.332856178283691
reaction:772,t-BuXPhos,2,,67.19184926,63.779136657714844,13.714546203613281
reaction:773,t-BuXPhos,4,,54.63079808,55.79360580444336,12.984418869018555
reaction:774,t-BuXPhos,0,,63.14714159,67.43759155273438,12.296442031860352
reaction:775,t-BuXPhos,1,,63.83709974,67.48260498046875,12.845505714416504
reaction:776,t-BuXPhos,2,,20.39347896,22.198497772216797,14.73652172088623
reaction:777,t-BuXPhos,0,,0.0,40.61869812011719,13.053659439086914
reaction:778,t-BuXPhos,1,,0.0,33.58149337768555,13.421217918395996
reaction:779,t-BuXPhos,2,,34.30918762,29.96784782409668,14.654850006103516
reaction:780,t-BuXPhos,0,,52.55061961,55.293331146240234,13.326885223388672
reaction:781,t-BuXPhos,1,,52.37811419,50.774715423583984,13.32480525970459
reaction:782,t-BuXPhos,1,,0.695297498,1.3574199676513672,14.8203125
reaction:783,t-BuXPhos,0,,43.182647,51.98369598388672,12.471961975097656
reaction:784,t-BuXPhos,3,,52.5635645,55.18891906738281,12.841069221496582
reaction:785,t-BuXPhos,0,,3.012114112,2.919881820678711,13.449935913085938
reaction:786,t-BuXPhos,1,,80.58281911,77.295166015625,11.593121528625488
reaction:787,t-BuXPhos,1,,81.02094948,77.61662292480469,12.176599502563477
reaction:788,t-BuXPhos,4,,76.63515592,74.35550689697266,11.211316108703613
reaction:789,t-BuXPhos,1,,88.44485055,83.97573852539062,11.640047073364258
reaction:790,t-BuXPhos,1,,90.22793001,81.70872497558594,12.40369987487793
reaction:791,t-BuXPhos,3,,30.758172,25.080244064331055,15.048470497131348
reaction:792,t-BuXPhos,1,,85.68357471,79.8042221069336,13.374088287353516
reaction:793,t-BuXPhos,2,,86.971127,81.19390869140625,13.08700180053711
reaction:794,t-BuXPhos,3,,34.96627405,33.322296142578125,14.133002281188965
reaction:795,t-BuXPhos,3,,0.97555089,2.441293716430664,15.114823341369629
reaction:796,t-BuXPhos,0,,44.07099157,52.59153747558594,12.52746868133545
reaction:797,t-BuXPhos,3,,48.93807733,55.58927917480469,13.160926818847656
reaction:798,t-BuXPhos,4,,3.893641215,5.46284294128418,14.11498737335205
reaction:799,t-BuXPhos,2,,79.05542624,83.34329986572266,11.393085479736328
reaction:800,t-BuXPhos,3,,79.63886176,81.95956420898438,12.511453628540039
reaction:801,t-BuXPhos,3,,86.00345438,86.83673858642578,12.028156280517578
reaction:802,t-BuXPhos,3,,92.13719474,94.30821228027344,11.74070930480957
reaction:803,t-BuXPhos,0,,91.51096876,95.69303894042969,11.815842628479004
reaction:804,t-BuXPhos,0,,30.83522639,34.59257507324219,13.211322784423828
reaction:805,t-BuXPhos,0,,92.72370704,92.09938049316406,12.523425102233887
reaction:806,t-BuXPhos,4,,92.25602815,88.49148559570312,13.505828857421875
reaction:807,t-BuBrettPhos,2,,9.322132163,5.846628189086914,14.625866889953613
reaction:808,t-BuBrettPhos,1,,13.23389373,14.817197799682617,13.022664070129395
reaction:809,t-BuBrettPhos,1,,12.65611523,15.514511108398438,12.592952728271484
reaction:810,t-BuBrettPhos,0,,0.862512473,1.8965797424316406,14.652619361877441
reaction:811,t-BuBrettPhos,0,,11.12595571,14.484687805175781,12.72362232208252
reaction:812,t-BuBrettPhos,0,,11.33541199,18.347164154052734,12.285574913024902
reaction:813,t-BuBrettPhos,0,,3.848767902,7.331809997558594,14.593328475952148
reaction:814,t-BuBrettPhos,0,,26.55673667,25.810392379760742,11.562286376953125
reaction:815,t-BuBrettPhos,4,,25.42117806,29.698749542236328,13.393843650817871
reaction:816,t-BuBrettPhos,0,,23.70056273,26.253345489501953,11.78420639038086
reaction:817,t-BuBrettPhos,4,,25.95507424,27.854480743408203,13.261675834655762
reaction:818,t-BuBrettPhos,3,,35.80276164,34.8972282409668,12.7676420211792
reaction:819,t-BuBrettPhos,3,,66.85191048,40.28801727294922,15.034987449645996
reaction:820,t-BuBrettPhos,0,,70.56509529,65.63346862792969,13.158504486083984
reaction:821,t-BuBrettPhos,4,,66.6354412,52.445167541503906,14.107625961303711
reaction:822,t-BuBrettPhos,0,,3.468901589,8.555484771728516,14.37840747833252
reaction:823,t-BuBrettPhos,0,,31.17955703,28.614404678344727,13.071413040161133
reaction:824,t-BuBrettPhos,4,,44.26289513,41.365806579589844,12.571712493896484
reaction:825,t-BuBrettPhos,1,,0.0,0.7606353759765625,15.1865816116333
reaction:826,t-BuBrettPhos,1,,11.31352123,20.615114212036133,12.225510597229004
reaction:827,t-BuBrettPhos,3,,33.79435982,35.23343276977539,12.277392387390137
reaction:828,t-BuBrettPhos,0,,0.0,6.9054107666015625,14.701879501342773
reaction:829,t-BuBrettPhos,4,,36.54381967,40.45082473754883,10.418482780456543
reaction:830,t-BuBrettPhos,3,,78.50560016,67.88504028320312,11.62205696105957
reaction:831,t-BuBrettPhos,3,,32.19059222,35.53803253173828,11.445660591125488
reaction:832,t-BuBrettPhos,0,,55.46040564,39.4269905090332,10.576672554016113
reaction:833,t-BuBrettPhos,1,,81.63511603,61.71339416503906,11.558972358703613
reaction:834,t-BuBrettPhos,1,,4.546243303,12.501705169677734,14.665374755859375
reaction:835,t-BuBrettPhos,1,,60.54913452,55.1461296081543,12.988218307495117
reaction:836,t-BuBrettPhos,1,,71.15077458,65.06539916992188,12.66447925567627
reaction:837,t-BuBrettPhos,0,,22.42347536,19.65435028076172,14.343711853027344
reaction:838,t-BuBrettPhos,4,,41.46468331,37.49303436279297,12.72036075592041
reaction:839,t-BuBrettPhos,1,,54.24578847,48.967796325683594,12.880743980407715
reaction:840,t-BuBrettPhos,1,,1.581660756,2.4262218475341797,15.226091384887695
reaction:841,t-BuBrettPhos,4,,20.76458994,32.794044494628906,12.247754096984863
reaction:842,t-BuBrettPhos,4,,36.05750203,51.2301025390625,11.9966459274292
reaction:843,t-BuBrettPhos,3,,7.805738503,7.837268829345703,14.722146987915039
reaction:844,t-BuBrettPhos,0,,52.90774845,55.26307678222656,10.557382583618164
reaction:845,t-BuBrettPhos,1,,83.29437838,77.89747619628906,11.398097038269043
reaction:846,t-BuBrettPhos,4,,50.80872036,57.58116149902344,10.513411521911621
reaction:847,t-BuBrettPhos,0,,71.49385038,64.95793151855469,10.731642723083496
reaction:848,t-BuBrettPhos,3,,99.99999,87.84193420410156,11.103157043457031
reaction:849,t-BuBrettPhos,2,,29.94942755,19.42465591430664,14.517730712890625
reaction:850,t-BuBrettPhos,3,,80.02767877,74.31890869140625,12.71170425415039
reaction:851,t-BuBrettPhos,3,,88.40427326,86.04747009277344,12.507981300354004
reaction:852,t-BuBrettPhos,1,,7.021683633,10.961153030395508,14.247113227844238
reaction:853,t-BuBrettPhos,0,,32.41068171,35.765159606933594,12.931675910949707
reaction:854,t-BuBrettPhos,4,,34.60429695,45.27912139892578,13.084235191345215
reaction:855,t-BuBrettPhos,0,,0.51807887,1.6800804138183594,13.926533699035645
reaction:856,t-BuBrettPhos,2,,38.44240466,51.788734436035156,12.084234237670898
reaction:857,t-BuBrettPhos,0,,50.89816476,53.966129302978516,12.20651912689209
reaction:858,t-BuBrettPhos,1,,5.429390182,7.348503112792969,14.61038875579834
reaction:859,t-BuBrettPhos,4,,70.22907456,80.78695678710938,12.16779899597168
reaction:860,t-BuBrettPhos,3,,73.4448659,76.94200134277344,12.5853271484375
reaction:861,t-BuBrettPhos,3,,68.99091328,72.28800964355469,12.429864883422852
reaction:862,t-BuBrettPhos,4,,87.93113193,80.24419403076172,12.484823226928711
reaction:863,t-BuBrettPhos,1,,89.46707858,85.57038116455078,11.65246868133545
reaction:864,t-BuBrettPhos,2,,6.160292213,12.231830596923828,14.186304092407227
reaction:865,t-BuBrettPhos,4,,4.80921591,30.571866989135742,13.181804656982422
reaction:866,t-BuBrettPhos,2,,4.592618792,13.05655288696289,12.248737335205078
reaction:867,t-BuBrettPhos,2,,25.85124884,26.380184173583984,14.159582138061523
reaction:868,t-BuBrettPhos,3,,48.4805474,51.446075439453125,12.155351638793945
reaction:869,t-BuBrettPhos,1,,47.29404915,51.087554931640625,12.629573822021484
reaction:870,t-BuBrettPhos,2,,0.682447226,1.8743000030517578,14.049640655517578
reaction:871,t-BuBrettPhos,2,,40.82349272,46.72787094116211,11.936671257019043
reaction:872,t-BuBrettPhos,4,,45.50089871,52.27429962158203,11.64526081085205
reaction:873,t-BuBrettPhos,4,,2.461539411,5.202314376831055,14.080607414245605
reaction:874,t-BuBrettPhos,2,,73.58359974,76.56898498535156,10.25573444366455
reaction:875,t-BuBrettPhos,2,,79.18190676,78.66475677490234,11.50821590423584
reaction:876,t-BuBrettPhos,2,,78.17281005,71.42352294921875,10.657021522521973
reaction:877,t-BuBrettPhos,1,,84.44355873,76.19452667236328,10.243767738342285
reaction:878,t-BuBrettPhos,4,,91.20970452,80.20843505859375,11.050025939941406
reaction:879,t-BuBrettPhos,3,,40.48243437,38.87506866455078,13.971151351928711
reaction:880,t-BuBrettPhos,4,,78.37132703,83.83721160888672,12.216901779174805
reaction:881,t-BuBrettPhos,3,,23.89038147,29.568798065185547,13.810371398925781
reaction:882,t-BuBrettPhos,2,,46.79588748,53.228763580322266,12.780110359191895
reaction:883,t-BuBrettPhos,1,,46.14092963,54.48462677001953,12.565184593200684
reaction:884,t-BuBrettPhos,3,,0.81239337,1.1918296813964844,14.1123685836792
reaction:885,t-BuBrettPhos,1,,34.83452753,52.18169021606445,11.675834655761719
reaction:886,t-BuBrettPhos,0,,44.26066466,51.125831604003906,11.77296257019043
reaction:887,t-BuBrettPhos,4,,9.034825048,5.114709854125977,14.060932159423828
reaction:888,t-BuBrettPhos,2,,74.23566846,81.95659637451172,9.944795608520508
reaction:889,t-BuBrettPhos,1,,78.10978605,85.23440551757812,10.983542442321777
reaction:890,t-BuBrettPhos,2,,86.12188158,87.45442962646484,10.312019348144531
reaction:891,t-BuBrettPhos,0,,87.95919128,93.16661071777344,10.542095184326172
reaction:892,t-BuBrettPhos,4,,92.35381549,97.55929565429688,10.979884147644043
reaction:893,t-BuBrettPhos,0,,42.37662469,41.296539306640625,13.865130424499512
reaction:894,t-BuBrettPhos,3,,89.5866498,90.78103637695312,11.975173950195312
reaction:895,t-BuBrettPhos,1,,88.35188783,92.99301147460938,12.358475685119629
reaction:896,t-BuBrettPhos,4,,1.039364305,15.975994110107422,13.669257164001465
reaction:897,t-BuBrettPhos,2,,23.78240992,37.90319061279297,13.801558494567871
reaction:898,t-BuBrettPhos,2,,28.58196621,47.004051208496094,13.50904655456543
reaction:899,t-BuBrettPhos,3,,0.0,1.3515987396240234,14.066200256347656
reaction:900,t-BuBrettPhos,1,,44.72607544,50.868988037109375,11.992828369140625
reaction:901,t-BuBrettPhos,2,,37.40734019,56.31757354736328,13.134110450744629
reaction:902,t-BuBrettPhos,0,,7.259312325,5.869108200073242,13.288808822631836
reaction:903,t-BuBrettPhos,3,,68.29340203,80.145263671875,10.99026870727539
reaction:904,t-BuBrettPhos,2,,71.5462211,80.35684204101562,13.103528022766113
reaction:905,t-BuBrettPhos,0,,69.08248124,72.5073471069336,11.72308349609375
reaction:906,t-BuBrettPhos,1,,88.30829539,78.84886169433594,11.842090606689453
reaction:907,t-BuBrettPhos,1,,92.90401218,85.40201568603516,11.907465934753418
reaction:908,t-BuBrettPhos,1,,1.691952122,5.255035400390625,13.35651969909668
reaction:909,t-BuBrettPhos,0,,0.955483806,19.72991180419922,12.217265129089355
reaction:910,t-BuBrettPhos,3,,0.597977578,11.786661148071289,12.294085502624512
reaction:911,t-BuBrettPhos,0,,13.50296194,14.586603164672852,12.627958297729492
reaction:912,t-BuBrettPhos,4,,48.49744103,48.498931884765625,12.076970100402832
reaction:913,t-BuBrettPhos,2,,50.86308576,51.69171905517578,12.277122497558594
reaction:914,t-BuBrettPhos,2,,0.0,1.0593433380126953,13.973688125610352
reaction:915,t-BuBrettPhos,2,,47.57684436,44.6696662902832,11.94856071472168
reaction:916,t-BuBrettPhos,3,,54.42113597,55.23236083984375,11.577902793884277
reaction:917,t-BuBrettPhos,4,,0.0,3.5537776947021484,13.414176940917969
reaction:918,t-BuBrettPhos,1,,77.66498135,75.67189025878906,9.778532028198242
reaction:919,t-BuBrettPhos,1,,81.47790375,84.08505249023438,10.641218185424805
reaction:920,t-BuBrettPhos,0,,63.40623793,61.61820983886719,9.838228225708008
reaction:921,t-BuBrettPhos,4,,77.4707991,73.91400146484375,10.310559272766113
reaction:922,t-BuBrettPhos,2,,90.37135809,85.17767333984375,11.285062789916992
reaction:923,t-BuBrettPhos,2,,13.89042777,16.036575317382812,13.623172760009766
reaction:924,t-BuBrettPhos,0,,81.62368897,83.34156036376953,11.578509330749512
reaction:925,t-BuBrettPhos,4,,83.33821324,86.26665496826172,12.310301780700684
reaction:926,t-BuBrettPhos,2,,18.21528105,17.087745666503906,13.899715423583984
reaction:927,t-BuBrettPhos,3,,49.51819322,50.156883239746094,12.215578079223633
reaction:928,t-BuBrettPhos,3,,47.67937659,56.526031494140625,11.906535148620605
reaction:929,t-BuBrettPhos,3,,0.354218547,0.9441757202148438,13.935779571533203
reaction:930,t-BuBrettPhos,0,,48.43208177,51.687618255615234,11.232071876525879
reaction:931,t-BuBrettPhos,3,,43.57558027,56.957881927490234,11.69616985321045
reaction:932,t-BuBrettPhos,1,,4.2283815680000005,2.894258499145508,13.451335906982422
reaction:933,t-BuBrettPhos,4,,79.45834404,82.03855895996094,10.269880294799805
reaction:934,t-BuBrettPhos,2,,79.06108402,87.12446594238281,11.29449462890625
reaction:935,t-BuBrettPhos,4,,87.76406197,80.75242614746094,10.291726112365723
reaction:936,t-BuBrettPhos,0,,93.03255731,92.50322723388672,9.733072280883789
reaction:937,t-BuBrettPhos,2,,98.84920594,102.251708984375,11.258339881896973
reaction:938,t-BuBrettPhos,2,,14.59032311,16.294164657592773,13.777687072753906
reaction:939,t-BuBrettPhos,2,,93.74857618,88.38543701171875,12.440682411193848
reaction:940,t-BuBrettPhos,4,,93.10117477,93.95538330078125,12.51419448852539
reaction:941,AdBrettPhos,2,,9.062775444,4.813220977783203,14.669683456420898
reaction:942,AdBrettPhos,2,,13.5242012,10.386659622192383,13.377178192138672
reaction:943,AdBrettPhos,4,,13.8481868,12.828481674194336,13.92482852935791
reaction:944,AdBrettPhos,1,,1.858564029,1.612386703491211,15.094698905944824
reaction:945,AdBrettPhos,2,,13.88581248,9.166891098022461,12.62344741821289
reaction:946,AdBrettPhos,3,,16.72117045,12.695562362670898,13.528075218200684
reaction:947,AdBrettPhos,4,,6.264897465,3.210714340209961,14.52854061126709
reaction:948,AdBrettPhos,4,,23.31600153,21.164045333862305,13.153557777404785
reaction:949,AdBrettPhos,1,,26.3918508,26.97606658935547,11.471122741699219
reaction:950,AdBrettPhos,1,,19.27582448,23.547794342041016,10.624763488769531
reaction:951,AdBrettPhos,0,,20.15990301,26.640350341796875,11.783958435058594
reaction:952,AdBrettPhos,2,,27.24737039,36.55022048950195,11.71457576751709
reaction:953,AdBrettPhos,3,,68.47251074,38.667144775390625,15.057975769042969
reaction:954,AdBrettPhos,2,,71.41375314,61.123191833496094,13.120879173278809
reaction:955,AdBrettPhos,4,,68.57486471,50.99468231201172,14.142556190490723
reaction:956,AdBrettPhos,4,,3.309805744,6.3481903076171875,14.172188758850098
reaction:957,AdBrettPhos,1,,19.84794125,26.144010543823242,13.010448455810547
reaction:958,AdBrettPhos,0,,35.66483427,39.6806640625,12.534876823425293
reaction:959,AdBrettPhos,2,,0.0,0.5620193481445312,14.568589210510254
reaction:960,AdBrettPhos,3,,15.1448727,9.382036209106445,12.347261428833008
reaction:961,AdBrettPhos,3,,47.46105675,29.975282669067383,12.323451042175293
reaction:962,AdBrettPhos,0,,0.620480408,4.399654388427734,14.702569007873535
reaction:963,AdBrettPhos,3,,27.30055458,30.50307846069336,10.71849536895752
reaction:964,AdBrettPhos,1,,67.48065191,62.23529052734375,11.677719116210938
reaction:965,AdBrettPhos,3,,17.316822600000002,25.81169319152832,11.496387481689453
reaction:966,AdBrettPhos,4,,16.25514799,41.20931625366211,10.653923988342285
reaction:967,AdBrettPhos,2,,50.42857568,65.55169677734375,11.188603401184082
reaction:968,AdBrettPhos,3,,4.713893798,7.510385513305664,14.844167709350586
reaction:969,AdBrettPhos,2,,45.27091516,52.27867889404297,12.525498390197754
reaction:970,AdBrettPhos,2,,58.943816000000005,63.69347381591797,12.449691772460938
reaction:971,AdBrettPhos,3,,20.59737033,16.9805965423584,14.617531776428223
reaction:972,AdBrettPhos,0,,33.22033214,34.839134216308594,13.206403732299805
reaction:973,AdBrettPhos,1,,48.38997285,46.0925407409668,12.923307418823242
reaction:974,AdBrettPhos,4,,2.0185504880000003,1.6861095428466797,14.183976173400879
reaction:975,AdBrettPhos,0,,28.52881836,21.30541229248047,12.06503963470459
reaction:976,AdBrettPhos,1,,49.32388819,38.9439811706543,12.1705904006958
reaction:977,AdBrettPhos,0,,7.120028255,6.351903915405273,14.656843185424805
reaction:978,AdBrettPhos,0,,49.40490981,47.664154052734375,10.641684532165527
reaction:979,AdBrettPhos,2,,74.16554821,76.23100280761719,11.409747123718262
reaction:980,AdBrettPhos,3,,44.47903411,49.107421875,11.209580421447754
reaction:981,AdBrettPhos,2,,59.28097568,61.06510925292969,10.220877647399902
reaction:982,AdBrettPhos,2,,81.51017538,88.8797836303711,11.202139854431152
reaction:983,AdBrettPhos,2,,28.30443344,16.016403198242188,14.53027629852295
reaction:984,AdBrettPhos,0,,68.89095082,70.71651458740234,12.74853229522705
reaction:985,AdBrettPhos,2,,84.40270662,82.32376098632812,12.611804962158203
reaction:986,AdBrettPhos,0,,5.298717423,9.658538818359375,13.789822578430176
reaction:987,AdBrettPhos,0,,41.59326244,32.81525802612305,12.983922958374023
reaction:988,AdBrettPhos,4,,44.78270058,44.526222229003906,13.150979042053223
reaction:989,AdBrettPhos,1,,1.262424529,2.0279541015625,14.684141159057617
reaction:990,AdBrettPhos,2,,53.17975334,50.0057373046875,12.136310577392578
reaction:991,AdBrettPhos,3,,54.63240731,49.82632064819336,12.310846328735352
reaction:992,AdBrettPhos,0,,4.246823607,5.291688919067383,13.911457061767578
reaction:993,AdBrettPhos,0,,82.46360414,70.34757232666016,11.253165245056152
reaction:994,AdBrettPhos,0,,79.07623711,71.82328796386719,11.459600448608398
reaction:995,AdBrettPhos,1,,74.61155282,64.89756774902344,10.995491981506348
reaction:996,AdBrettPhos,1,,83.37705512,76.08187866210938,10.922492980957031
reaction:997,AdBrettPhos,4,,91.37329051,79.92572784423828,12.479190826416016
reaction:998,AdBrettPhos,4,,9.147761663,9.04326057434082,13.79369068145752
reaction:999,AdBrettPhos,4,,1.707595349,30.41010856628418,13.226218223571777
reaction:1000,AdBrettPhos,0,,2.733728741,18.303163528442383,12.621370315551758
reaction:1001,AdBrettPhos,1,,25.8434488,23.295612335205078,14.2680025100708
reaction:1002,AdBrettPhos,2,,48.06786456,47.65123748779297,12.951409339904785
reaction:1003,AdBrettPhos,2,,48.00212967,46.47016143798828,12.267513275146484
reaction:1004,AdBrettPhos,0,,0.85894734,1.284515380859375,14.037711143493652
reaction:1005,AdBrettPhos,3,,46.19696168,38.7369270324707,11.5208158493042
reaction:1006,AdBrettPhos,3,,51.39664392,46.215911865234375,11.593828201293945
reaction:1007,AdBrettPhos,3,,2.615785832,2.716402053833008,14.022727966308594
reaction:1008,AdBrettPhos,4,,73.85492194,67.95954132080078,10.097260475158691
reaction:1009,AdBrettPhos,2,,78.46972259,74.52176666259766,11.622178077697754
reaction:1010,AdBrettPhos,1,,61.91869342,67.40913391113281,10.379351615905762
reaction:1011,AdBrettPhos,0,,66.70576357,75.604248046875,10.258614540100098
reaction:1012,AdBrettPhos,2,,69.8410056,81.331298828125,11.099287033081055
reaction:1013,AdBrettPhos,0,,35.857904600000005,36.27472686767578,13.693134307861328
reaction:1014,AdBrettPhos,2,,81.6084941,71.65342712402344,12.636874198913574
reaction:1015,AdBrettPhos,2,,84.55661490000001,74.98626708984375,12.624267578125
reaction:1016,AdBrettPhos,2,,28.68684159,23.867919921875,14.236963272094727
reaction:1017,AdBrettPhos,1,,53.85457225,47.61433792114258,12.772880554199219
reaction:1018,AdBrettPhos,4,,55.16379105,48.83845901489258,11.97462272644043
reaction:1019,AdBrettPhos,0,,1.0681254059999998,1.1579246520996094,14.163736343383789
reaction:1020,AdBrettPhos,0,,54.23706273,38.408485412597656,11.670108795166016
reaction:1021,AdBrettPhos,2,,50.10376029,47.946781158447266,11.730036735534668
reaction:1022,AdBrettPhos,1,,3.135484875,6.644073486328125,14.430179595947266
reaction:1023,AdBrettPhos,0,,80.39591728,71.21955871582031,10.225858688354492
reaction:1024,AdBrettPhos,2,,82.63071562,80.19636535644531,11.401474952697754
reaction:1025,AdBrettPhos,0,,89.88953077,78.062744140625,10.5427827835083
reaction:1026,AdBrettPhos,0,,92.89765441,88.2161865234375,10.63031005859375
reaction:1027,AdBrettPhos,1,,94.14846732,93.24504089355469,11.255806922912598
reaction:1028,AdBrettPhos,3,,41.58551371,37.13160705566406,13.975574493408203
reaction:1029,AdBrettPhos,2,,95.12897845,82.18429565429688,12.527679443359375
reaction:1030,AdBrettPhos,0,,92.39124083,85.91014099121094,12.401063919067383
reaction:1031,AdBrettPhos,4,,1.261091862,14.609420776367188,13.727405548095703
reaction:1032,AdBrettPhos,2,,12.61696696,36.34207534790039,13.832178115844727
reaction:1033,AdBrettPhos,2,,36.64285561,46.50756072998047,13.551920890808105
reaction:1034,AdBrettPhos,2,,0.0,1.1562824249267578,14.149527549743652
reaction:1035,AdBrettPhos,3,,52.34346738,46.28232955932617,12.039022445678711
reaction:1036,AdBrettPhos,3,,57.08877056,43.464698791503906,12.277586936950684
reaction:1037,AdBrettPhos,0,,1.117675591,4.57307243347168,13.319119453430176
reaction:1038,AdBrettPhos,2,,83.14947865,72.54052734375,12.698250770568848
reaction:1039,AdBrettPhos,0,,82.84063003,71.39606475830078,11.234992980957031
reaction:1040,AdBrettPhos,1,,80.49152522,63.80857849121094,11.218317031860352
reaction:1041,AdBrettPhos,0,,89.89767813,77.05072021484375,11.566315650939941
reaction:1042,AdBrettPhos,0,,94.29690562,81.78582000732422,11.329293251037598
reaction:1043,AdBrettPhos,2,,2.241763673,3.2599239349365234,14.033137321472168
reaction:1044,AdBrettPhos,3,,1.826315609,10.497991561889648,12.464423179626465
reaction:1045,AdBrettPhos,2,,0.747631534,13.088991165161133,13.413575172424316
reaction:1046,AdBrettPhos,3,,9.328786223,12.648384094238281,13.688399314880371
reaction:1047,AdBrettPhos,2,,45.92980056,46.045169830322266,12.651646614074707
reaction:1048,AdBrettPhos,1,,52.24472601,48.55461883544922,11.82499885559082
reaction:1049,AdBrettPhos,0,,0.338169234,0.5840721130371094,13.030963897705078
reaction:1050,AdBrettPhos,2,,43.34412585,41.9437141418457,12.009818077087402
reaction:1051,AdBrettPhos,1,,53.38444046,50.62282180786133,11.373960494995117
reaction:1052,AdBrettPhos,1,,0.841459123,0.28743743896484375,13.512462615966797
reaction:1053,AdBrettPhos,4,,72.1822742,68.72578430175781,10.290178298950195
reaction:1054,AdBrettPhos,2,,83.93941968,78.43914031982422,11.385810852050781
reaction:1055,AdBrettPhos,2,,38.32865111,60.30926513671875,10.555652618408203
reaction:1056,AdBrettPhos,1,,59.55424843,71.36808776855469,10.017472267150879
reaction:1057,AdBrettPhos,0,,77.75555198,78.00315856933594,10.32015323638916
reaction:1058,AdBrettPhos,3,,11.79076705,11.11764144897461,13.887179374694824
reaction:1059,AdBrettPhos,4,,83.93526521,72.544189453125,12.238523483276367
reaction:1060,AdBrettPhos,0,,90.73131654,76.56956481933594,11.415773391723633
reaction:1061,AdBrettPhos,2,,12.78013721,14.714742660522461,13.956376075744629
reaction:1062,AdBrettPhos,0,,49.15372199,46.171939849853516,11.90046215057373
reaction:1063,AdBrettPhos,2,,55.56585889,51.248538970947266,12.192863464355469
reaction:1064,AdBrettPhos,0,,0.3553679289999999,0.4880104064941406,13.120247840881348
reaction:1065,AdBrettPhos,1,,50.10834683,46.4845085144043,11.385307312011719
reaction:1066,AdBrettPhos,0,,53.33497035,49.23828887939453,11.155522346496582
reaction:1067,AdBrettPhos,0,,0.968826586,1.9699516296386719,13.074329376220703
reaction:1068,AdBrettPhos,0,,80.68492948,74.61335754394531,9.633729934692383
reaction:1069,AdBrettPhos,3,,83.05466982,83.32447814941406,11.019760131835938
reaction:1070,AdBrettPhos,1,,81.37846659,74.38174438476562,9.90160083770752
reaction:1071,AdBrettPhos,3,,89.47412112,87.76628112792969,10.13711929321289
reaction:1072,AdBrettPhos,2,,95.75260589,98.28843688964844,11.32114028930664
reaction:1073,AdBrettPhos,2,,9.967076399,13.154399871826172,13.796433448791504
reaction:1074,AdBrettPhos,2,,86.08980917,83.68080139160156,12.493698120117188
reaction:1075,AdBrettPhos,4,,94.54981251,91.8387451171875,12.553581237792969
reaction:1076,XPhos,0,,11.59050003,12.5203857421875,12.708860397338867
reaction:1077,XPhos,1,,12.36887401,7.031793594360352,12.347613334655762
reaction:1078,XPhos,3,,16.16257939,18.804798126220703,12.333891868591309
reaction:1079,XPhos,4,,1.729864191,1.1713008880615234,12.967228889465332
reaction:1080,XPhos,1,,4.215754471,5.937028884887695,12.589102745056152
reaction:1081,XPhos,4,,4.112217946,8.934959411621094,11.661178588867188
reaction:1082,XPhos,1,,7.911192525,4.793083190917969,13.778153419494629
reaction:1083,XPhos,3,,13.99630758,23.680240631103516,11.855899810791016
reaction:1084,XPhos,3,,18.40781284,27.40512466430664,12.563567161560059
reaction:1085,XPhos,3,,13.98755594,6.676481246948242,11.82686710357666
reaction:1086,XPhos,1,,20.04239857,9.509536743164062,11.441933631896973
reaction:1087,XPhos,4,,19.49452071,11.931755065917969,11.653687477111816
reaction:1088,XPhos,4,,9.474964289,13.028383255004883,13.068462371826172
reaction:1089,XPhos,3,,10.26328927,6.236288070678711,12.324626922607422
reaction:1090,XPhos,4,,14.9442896,23.162799835205078,12.523194313049316
reaction:1091,XPhos,2,,15.11582189,10.497518539428711,11.90737247467041
reaction:1092,XPhos,1,,28.39895545,25.857154846191406,12.037881851196289
reaction:1093,XPhos,2,,34.38141407,31.837646484375,11.99506664276123
reaction:1094,XPhos,1,,0.377050084,0.9963111877441406,11.91859245300293
reaction:1095,XPhos,1,,9.043513945,8.573406219482422,11.862825393676758
reaction:1096,XPhos,0,,13.524053,13.769344329833984,12.433392524719238
reaction:1097,XPhos,0,,3.045865819,2.8415355682373047,11.413665771484375
reaction:1098,XPhos,2,,26.51530021,20.02133560180664,11.056196212768555
reaction:1099,XPhos,2,,28.15132537,22.971595764160156,11.649182319641113
reaction:1100,XPhos,3,,22.49487977,21.034759521484375,11.17530345916748
reaction:1101,XPhos,4,,37.83294904,41.98931121826172,10.651826858520508
reaction:1102,XPhos,3,,43.37501152,45.26594161987305,11.303154945373535
reaction:1103,XPhos,3,,10.00638892,5.94856071472168,11.825552940368652
reaction:1104,XPhos,4,,21.4669222,18.38603973388672,11.950377464294434
reaction:1105,XPhos,2,,32.75793304,23.229942321777344,12.081280708312988
reaction:1106,XPhos,4,,11.65330714,12.055330276489258,11.240965843200684
reaction:1107,XPhos,2,,22.58353247,25.28766632080078,11.73900318145752
reaction:1108,XPhos,2,,35.26155109,35.03425216674805,11.676069259643555
reaction:1109,XPhos,4,,0.275668441,0.1854095458984375,11.50651741027832
reaction:1110,XPhos,4,,4.057606054,7.153738021850586,11.637406349182129
reaction:1111,XPhos,2,,8.039691846,16.129871368408203,11.10671329498291
reaction:1112,XPhos,4,,2.547971795,2.5013790130615234,11.451379776000977
reaction:1113,XPhos,1,,17.09448081,22.309383392333984,11.223359107971191
reaction:1114,XPhos,3,,30.59514524,43.29414367675781,11.713882446289062
reaction:1115,XPhos,3,,26.31222578,24.533245086669922,11.322182655334473
reaction:1116,XPhos,1,,50.09944792,45.13044357299805,11.391557693481445
reaction:1117,XPhos,0,,55.00354925,51.404205322265625,11.822690963745117
reaction:1118,XPhos,0,,6.968929302,7.298624038696289,11.47413158416748
reaction:1119,XPhos,1,,18.1188647,23.227344512939453,12.96389102935791
reaction:1120,XPhos,3,,29.06844689,35.415645599365234,11.372196197509766
reaction:1121,XPhos,2,,1.25144582,9.342353820800781,15.731573104858398
reaction:1122,XPhos,1,,8.110761371,6.930864334106445,14.736319541931152
reaction:1123,XPhos,3,,9.109122278,14.32337760925293,14.751174926757812
reaction:1124,XPhos,1,,0.121773863,4.199525833129883,15.612384796142578
reaction:1125,XPhos,0,,3.267294839,4.469551086425781,14.003408432006836
reaction:1126,XPhos,4,,9.105544009,7.060791015625,14.54728889465332
reaction:1127,XPhos,1,,0.689951869,6.233068466186523,15.884456634521484
reaction:1128,XPhos,3,,8.876631997,13.507879257202148,13.776785850524902
reaction:1129,XPhos,2,,6.083579291,10.713808059692383,13.647204399108887
reaction:1130,XPhos,0,,7.972544215,1.1961784362792969,13.522961616516113
reaction:1131,XPhos,1,,11.17697809,6.462440490722656,13.390127182006836
reaction:1132,XPhos,4,,13.03686492,3.305665969848633,14.180012702941895
reaction:1133,XPhos,2,,3.23775549,13.146268844604492,15.745318412780762
reaction:1134,XPhos,1,,7.996830791,6.882740020751953,14.97636890411377
reaction:1135,XPhos,2,,9.676524882,11.359546661376953,14.547099113464355
reaction:1136,XPhos,2,,0.0,5.450536727905273,15.212549209594727
reaction:1137,XPhos,1,,3.342369627,7.59019660949707,14.309744834899902
reaction:1138,XPhos,0,,23.70536277,11.844137191772461,14.328812599182129
reaction:1139,XPhos,0,,0.0,3.547334671020508,15.390057563781738
reaction:1140,XPhos,3,,0.0,2.740966796875,13.95229721069336
reaction:1141,XPhos,2,,1.742923089,7.606048583984375,14.152122497558594
reaction:1142,XPhos,4,,0.0,1.7117691040039062,15.359525680541992
reaction:1143,XPhos,0,,1.132043957,2.3785228729248047,13.042699813842773
reaction:1144,XPhos,4,,4.889819476,3.2119827270507812,13.423552513122559
reaction:1145,XPhos,0,,4.510171982,1.7071380615234375,13.554903984069824
reaction:1146,XPhos,1,,34.38173794,28.339035034179688,12.146728515625
reaction:1147,XPhos,4,,42.29478749,32.51246643066406,13.430342674255371
reaction:1148,XPhos,0,,0.0,0.3546333312988281,15.121227264404297
reaction:1149,XPhos,1,,5.948041851,4.007472991943359,14.509164810180664
reaction:1150,XPhos,0,,8.970807297999999,7.109750747680664,14.499690055847168
reaction:1151,XPhos,1,,0.0,0.17731475830078125,14.869270324707031
reaction:1152,XPhos,2,,3.074612079,2.5988998413085938,14.469428062438965
reaction:1153,XPhos,1,,14.24693951,27.53468132019043,13.8895263671875
reaction:1154,XPhos,0,,0.0,3.0855636596679688,15.17622184753418
reaction:1155,XPhos,2,,0.0,-5.892375946044922,13.737160682678223
reaction:1156,XPhos,2,,0.878081853,9.810091018676758,14.309855461120605
reaction:1157,XPhos,0,,0.0,1.1251335144042969,15.298359870910645
reaction:1158,XPhos,2,,0.830867403,-1.9400978088378906,12.59840202331543
reaction:1159,XPhos,0,,2.902396599,29.009151458740234,13.700274467468262
reaction:1160,XPhos,0,,6.536001371,4.468296051025391,13.55778694152832
reaction:1161,XPhos,2,,46.544616600000005,27.748882293701172,12.645488739013672
reaction:1162,XPhos,0,,46.08846314,52.12535095214844,13.602553367614746
reaction:1163,XPhos,1,,0.0,-3.1144866943359375,14.857131958007812
reaction:1164,XPhos,3,,3.074693717,5.837926864624023,14.323948860168457
reaction:1165,XPhos,0,,5.085670913,16.2032413482666,14.501097679138184
reaction:1166,XPhos,2,,18.46507819,15.57223892211914,13.036802291870117
reaction:1167,XPhos,0,,13.47157217,18.83272933959961,12.287690162658691
reaction:1168,XPhos,0,,37.38354754,38.80616760253906,12.134379386901855
reaction:1169,XPhos,0,,1.208332351,1.7122573852539062,12.218972206115723
reaction:1170,XPhos,3,,39.67142934,26.62657356262207,11.991250991821289
reaction:1171,XPhos,2,,41.17834608,28.0141544342041,12.298460006713867
reaction:1172,XPhos,0,,10.30004263,7.960443496704102,12.843281745910645
reaction:1173,XPhos,3,,61.72597738,51.01080322265625,11.482166290283203
reaction:1174,XPhos,4,,62.91956913,55.712425231933594,12.047685623168945
reaction:1175,XPhos,1,,19.78619625,35.49590301513672,11.70109748840332
reaction:1176,XPhos,0,,23.5354934,42.58161544799805,12.066069602966309
reaction:1177,XPhos,3,,21.9180702,41.41209411621094,12.032050132751465
reaction:1178,XPhos,1,,47.96214472,25.234350204467773,13.079792976379395
reaction:1179,XPhos,1,,27.15198165,34.05905532836914,13.131794929504395
reaction:1180,XPhos,2,,76.45126838,48.43658447265625,12.45429801940918
reaction:1181,XPhos,2,,0.0,16.58935546875,12.178722381591797
reaction:1182,XPhos,0,,30.36311877,27.676176071166992,11.521158218383789
reaction:1183,XPhos,4,,31.86956379,36.37520980834961,12.197341918945312
reaction:1184,XPhos,2,,0.5424974920000001,0.743377685546875,11.65151309967041
reaction:1185,XPhos,0,,14.09805788,16.348037719726562,12.460768699645996
reaction:1186,XPhos,0,,17.10738006,20.671382904052734,12.496495246887207
reaction:1187,XPhos,3,,3.019148584,3.1072559356689453,11.47260856628418
reaction:1188,XPhos,0,,33.44114491,32.68751525878906,11.317809104919434
reaction:1189,XPhos,2,,35.15374563,32.781246185302734,11.747785568237305
reaction:1190,XPhos,0,,24.23900204,26.074892044067383,11.836711883544922
reaction:1191,XPhos,2,,43.49187499,42.444942474365234,11.077948570251465
reaction:1192,XPhos,2,,48.23965662,42.95838165283203,11.599909782409668
reaction:1193,XPhos,2,,14.0670777,20.628576278686523,12.25192642211914
reaction:1194,XPhos,4,,26.30947521,23.735774993896484,12.216299057006836
reaction:1195,XPhos,0,,35.92744664,35.54450225830078,12.269074440002441
reaction:1196,XPhos,2,,12.90070345,15.932022094726562,11.982244491577148
reaction:1197,XPhos,2,,25.0144043,28.91905403137207,11.786542892456055
reaction:1198,XPhos,3,,42.53147932,39.56279754638672,10.983845710754395
reaction:1199,XPhos,3,,0.44794504,1.0748519897460938,12.176948547363281
reaction:1200,XPhos,4,,12.94497014,18.849872589111328,11.855704307556152
reaction:1201,XPhos,1,,24.71545556,20.588340759277344,12.407971382141113
reaction:1202,XPhos,0,,2.841459947,3.4105968475341797,11.563867568969727
reaction:1203,XPhos,2,,36.58244249,34.66714096069336,10.70738697052002
reaction:1204,XPhos,2,,64.13599101,48.716217041015625,11.419306755065918
reaction:1205,XPhos,4,,32.16531055,34.368465423583984,11.191582679748535
reaction:1206,XPhos,3,,51.64764803,54.340824127197266,10.899965286254883
reaction:1207,XPhos,1,,58.39892185,57.70234680175781,11.441987037658691
reaction:1208,XPhos,2,,13.37572764,17.915420532226562,11.898407936096191
reaction:1209,XPhos,3,,30.61273502,29.979650497436523,11.541265487670898
reaction:1210,XPhos,4,,47.66948987,45.2552604675293,11.458507537841797
reaction:1211,XPhos,2,,9.055172217,9.816797256469727,14.069580078125
reaction:1212,XPhos,2,,8.916453721,7.429323196411133,13.727566719055176
reaction:1213,XPhos,4,,8.674987339,14.541728973388672,13.791132926940918
reaction:1214,XPhos,0,,1.468935867,1.4595470428466797,13.374747276306152
reaction:1215,XPhos,4,,2.627491811,5.54081916809082,13.59026050567627
reaction:1216,XPhos,3,,4.471163192,5.648591995239258,12.744124412536621
reaction:1217,XPhos,4,,6.90640733,5.683815002441406,14.863656044006348
reaction:1218,XPhos,3,,8.653540466,15.212629318237305,12.149694442749023
reaction:1219,XPhos,1,,10.22354965,19.994937896728516,12.7117919921875
reaction:1220,XPhos,0,,7.147436012000001,-3.1272621154785156,12.269479751586914
reaction:1221,XPhos,0,,9.80291595,2.054838180541992,12.23486042022705
reaction:1222,XPhos,2,,10.13794025,0.6681480407714844,13.001829147338867
reaction:1223,XPhos,1,,3.031273928,14.183683395385742,13.980024337768555
reaction:1224,XPhos,1,,4.546819288,8.134866714477539,13.738358497619629
reaction:1225,XPhos,1,,8.546147234,13.657951354980469,13.400486946105957
reaction:1226,XPhos,1,,7.131859569,7.49036979675293,12.890848159790039
reaction:1227,XPhos,2,,17.58389829,16.783559799194336,12.499441146850586
reaction:1228,XPhos,1,,26.35991815,18.56266212463379,13.100032806396484
reaction:1229,XPhos,0,,0.0,0.8192939758300781,13.037813186645508
reaction:1230,XPhos,0,,0.665064231,1.9756603240966797,12.562187194824219
reaction:1231,XPhos,1,,2.871965335,5.941555023193359,12.799088478088379
reaction:1232,XPhos,2,,0.0,2.445159912109375,13.622941970825195
reaction:1233,XPhos,4,,4.892554111,8.53628158569336,11.767382621765137
reaction:1234,XPhos,1,,8.121165956,10.402688980102539,11.949984550476074
reaction:1235,XPhos,2,,11.68964545,5.713495254516602,11.752663612365723
reaction:1236,XPhos,3,,24.97534285,21.034608840942383,11.85070514678955
reaction:1237,XPhos,2,,29.2582978,20.520231246948242,12.222549438476562
reaction:1238,XPhos,2,,0.894637207,-0.046710968017578125,13.398961067199707
reaction:1239,XPhos,2,,2.546576237,5.550567626953125,12.614696502685547
reaction:1240,XPhos,3,,7.473385241,9.994270324707031,12.573963165283203
reaction:1241,XPhos,0,,9.967512853,6.744987487792969,12.736927032470703
reaction:1242,XPhos,3,,17.78386933,17.2685546875,13.231712341308594
reaction:1243,XPhos,3,,18.90594075,29.77316665649414,12.412219047546387
reaction:1244,XPhos,2,,0.0,1.0859794616699219,13.107978820800781
reaction:1245,XPhos,2,,2.7859919960000004,-3.1932296752929688,12.209102630615234
reaction:1246,XPhos,2,,3.936030958,5.931060791015625,12.196206092834473
reaction:1247,XPhos,0,,3.462173057,3.6947250366210938,12.911615371704102
reaction:1248,XPhos,1,,12.57060724,3.7696266174316406,11.480764389038086
reaction:1249,XPhos,3,,12.67179243,29.48750114440918,12.343303680419922
reaction:1250,XPhos,4,,14.22488447,8.855098724365234,11.836156845092773
reaction:1251,XPhos,3,,19.78249574,29.667133331298828,11.889519691467285
reaction:1252,XPhos,1,,23.41994655,40.605918884277344,12.19654369354248
reaction:1253,XPhos,2,,6.131625875,2.0052967071533203,13.171357154846191
reaction:1254,XPhos,0,,9.894361569,6.585378646850586,12.620173454284668
reaction:1255,XPhos,0,,12.53742021,17.9704532623291,12.500584602355957
reaction:1256,t-BuXPhos,0,,9.616112883,15.188879013061523,12.17512035369873
reaction:1257,t-BuXPhos,3,,13.66496862,15.589851379394531,12.011994361877441
reaction:1258,t-BuXPhos,4,,11.85429164,12.809537887573242,11.833587646484375
reaction:1259,t-BuXPhos,1,,2.579332416,0.6123809814453125,12.445716857910156
reaction:1260,t-BuXPhos,3,,16.4358293,16.359710693359375,11.718705177307129
reaction:1261,t-BuXPhos,0,,18.29616546,16.399648666381836,11.907662391662598
reaction:1262,t-BuXPhos,1,,2.8893303610000003,4.044000625610352,13.045832633972168
reaction:1263,t-BuXPhos,3,,19.25650723,28.03350830078125,11.458975791931152
reaction:1264,t-BuXPhos,4,,19.42489921,24.87115478515625,11.24620246887207
reaction:1265,t-BuXPhos,4,,30.38899776,26.853818893432617,11.498429298400879
reaction:1266,t-BuXPhos,2,,38.88072897,32.648189544677734,11.236006736755371
reaction:1267,t-BuXPhos,3,,40.27887601,35.17840576171875,11.632916450500488
reaction:1268,t-BuXPhos,0,,11.94269708,17.314577102661133,12.4772367477417
reaction:1269,t-BuXPhos,2,,21.93776353,26.851905822753906,12.315301895141602
reaction:1270,t-BuXPhos,4,,23.04134387,26.55454444885254,12.111652374267578
reaction:1271,t-BuXPhos,4,,10.309392,16.085859298706055,11.479785919189453
reaction:1272,t-BuXPhos,0,,32.25917309,30.890792846679688,12.456436157226562
reaction:1273,t-BuXPhos,1,,36.38251036,36.442569732666016,12.111652374267578
reaction:1274,t-BuXPhos,1,,0.321740184,0.38979339599609375,13.450570106506348
reaction:1275,t-BuXPhos,4,,33.60384304,29.841135025024414,11.275568008422852
reaction:1276,t-BuXPhos,3,,42.00742206,37.2295036315918,10.965691566467285
reaction:1277,t-BuXPhos,1,,1.095223411,1.6817684173583984,11.612337112426758
reaction:1278,t-BuXPhos,4,,52.43953497,49.81344985961914,9.984951972961426
reaction:1279,t-BuXPhos,0,,54.90007838,55.03697204589844,11.604180335998535
reaction:1280,t-BuXPhos,1,,54.22895975,53.97662353515625,10.999490737915039
reaction:1281,t-BuXPhos,1,,63.56431346,64.87203216552734,11.131897926330566
reaction:1282,t-BuXPhos,0,,63.2869505,61.7269287109375,11.636341094970703
reaction:1283,t-BuXPhos,0,,12.05436323,22.969165802001953,11.546011924743652
reaction:1284,t-BuXPhos,4,,57.02971842,62.054534912109375,11.221900939941406
reaction:1285,t-BuXPhos,2,,54.65489395,62.15824890136719,11.927790641784668
reaction:1286,t-BuXPhos,2,,23.76547665,18.953495025634766,12.395957946777344
reaction:1287,t-BuXPhos,1,,35.88987774,38.425628662109375,11.614384651184082
reaction:1288,t-BuXPhos,3,,46.36906778,42.63214111328125,11.709126472473145
reaction:1289,t-BuXPhos,1,,0.8572553079999999,1.491943359375,13.38154411315918
reaction:1290,t-BuXPhos,0,,44.39407022,44.20494079589844,11.856130599975586
reaction:1291,t-BuXPhos,4,,53.10447809,45.8409538269043,11.240717887878418
reaction:1292,t-BuXPhos,4,,5.49871711,5.347124099731445,12.056991577148438
reaction:1293,t-BuXPhos,2,,68.26027768,66.18682861328125,10.634112358093262
reaction:1294,t-BuXPhos,4,,67.19924832,67.3420181274414,10.73376178741455
reaction:1295,t-BuXPhos,0,,73.07610721,78.72813415527344,11.437524795532227
reaction:1296,t-BuXPhos,1,,81.15618498,87.07142639160156,11.146112442016602
reaction:1297,t-BuXPhos,1,,79.52732954,85.83137512207031,11.438100814819336
reaction:1298,t-BuXPhos,3,,39.62688642,22.296390533447266,13.244304656982422
reaction:1299,t-BuXPhos,2,,82.02772208,80.98912048339844,11.798951148986816
reaction:1300,t-BuXPhos,2,,86.76211847,81.50747680664062,11.992237091064453
reaction:1301,t-BuXPhos,1,,10.05139356,7.950263977050781,15.166943550109863
reaction:1302,t-BuXPhos,4,,12.33593597,14.064596176147461,14.708044052124023
reaction:1303,t-BuXPhos,0,,10.49048013,12.4013671875,14.288636207580566
reaction:1304,t-BuXPhos,1,,0.970983294,3.3322067260742188,15.457348823547363
reaction:1305,t-BuXPhos,1,,13.33701887,9.775821685791016,14.206670761108398
reaction:1306,t-BuXPhos,1,,17.14482537,14.255842208862305,14.1045503616333
reaction:1307,t-BuXPhos,3,,4.522238884,3.382129669189453,15.673539161682129
reaction:1308,t-BuXPhos,4,,14.62829911,14.686172485351562,13.624578475952148
reaction:1309,t-BuXPhos,4,,13.95628888,16.362041473388672,13.960585594177246
reaction:1310,t-BuXPhos,4,,19.47556274,11.741046905517578,13.760437965393066
reaction:1311,t-BuXPhos,0,,21.66443641,22.85932731628418,12.490181922912598
reaction:1312,t-BuXPhos,0,,18.99441923,27.319908142089844,13.294315338134766
reaction:1313,t-BuXPhos,2,,12.14875689,15.907434463500977,15.704303741455078
reaction:1314,t-BuXPhos,0,,14.44407911,27.431276321411133,14.084611892700195
reaction:1315,t-BuXPhos,0,,11.72782605,23.56959342956543,14.095240592956543
reaction:1316,t-BuXPhos,2,,0.330501293,8.200403213500977,15.310015678405762
reaction:1317,t-BuXPhos,0,,5.800095284,8.878707885742188,14.309800148010254
reaction:1318,t-BuXPhos,1,,9.518190042,17.793384552001953,13.808090209960938
reaction:1319,t-BuXPhos,1,,0.0,0.2315673828125,15.706802368164062
reaction:1320,t-BuXPhos,2,,6.77799041,7.23785400390625,13.806891441345215
reaction:1321,t-BuXPhos,0,,14.9053934,16.805641174316406,13.605921745300293
reaction:1322,t-BuXPhos,3,,0.0,-0.14572525024414062,15.425868034362793
reaction:1323,t-BuXPhos,4,,12.68915479,12.97332763671875,11.842639923095703
reaction:1324,t-BuXPhos,3,,30.40581968,36.865482330322266,13.128579139709473
reaction:1325,t-BuXPhos,2,,8.246523526,10.934467315673828,12.359447479248047
reaction:1326,t-BuXPhos,2,,36.7072802,33.99542999267578,12.180706977844238
reaction:1327,t-BuXPhos,3,,54.29333472,45.682899475097656,13.000715255737305
reaction:1328,t-BuXPhos,4,,0.0,-0.4347801208496094,14.516002655029297
reaction:1329,t-BuXPhos,1,,19.13564251,28.727706909179688,14.18855094909668
reaction:1330,t-BuXPhos,0,,13.7385945,22.97015953063965,13.977108001708984
reaction:1331,t-BuXPhos,2,,0.419612341,11.252582550048828,15.273798942565918
reaction:1332,t-BuXPhos,0,,11.85943612,15.698198318481445,14.347331047058105
reaction:1333,t-BuXPhos,3,,33.82793233,25.37970542907715,14.020132064819336
reaction:1334,t-BuXPhos,3,,0.0,1.9930686950683594,16.029150009155273
reaction:1335,t-BuXPhos,1,,13.87014343,19.939332962036133,13.643909454345703
reaction:1336,t-BuXPhos,1,,33.28584241,30.85441780090332,13.5907621383667
reaction:1337,t-BuXPhos,4,,0.0,4.270414352416992,15.240530967712402
reaction:1338,t-BuXPhos,3,,24.59821074,30.45770263671875,12.276192665100098
reaction:1339,t-BuXPhos,2,,66.86881109,48.97763442993164,12.990999221801758
reaction:1340,t-BuXPhos,1,,14.03184959,37.524261474609375,12.287053108215332
reaction:1341,t-BuXPhos,4,,60.85990802,54.24638366699219,12.018404960632324
reaction:1342,t-BuXPhos,1,,80.53864746,73.83013916015625,12.956604957580566
reaction:1343,t-BuXPhos,0,,0.0,12.486772537231445,15.086071968078613
reaction:1344,t-BuXPhos,0,,46.74806516,32.93101501464844,13.527986526489258
reaction:1345,t-BuXPhos,0,,45.53588257,42.6794319152832,14.08922004699707
reaction:1346,t-BuXPhos,2,,21.18588073,24.944442749023438,12.869420051574707
reaction:1347,t-BuXPhos,3,,23.00642082,33.958065032958984,11.844364166259766
reaction:1348,t-BuXPhos,0,,39.51659226,41.16846466064453,12.23095417022705
reaction:1349,t-BuXPhos,0,,2.048615833,2.3921966552734375,12.592578887939453
reaction:1350,t-BuXPhos,1,,44.92520247,49.885398864746094,11.896336555480957
reaction:1351,t-BuXPhos,3,,47.05254638,50.360618591308594,11.617878913879395
reaction:1352,t-BuXPhos,2,,13.82100293,6.189390182495117,12.720592498779297
reaction:1353,t-BuXPhos,0,,72.6088082,68.19996643066406,11.593205451965332
reaction:1354,t-BuXPhos,3,,69.38989345,67.58159637451172,11.956214904785156
reaction:1355,t-BuXPhos,2,,62.426823,66.23876953125,11.322154998779297
reaction:1356,t-BuXPhos,1,,76.21686958,72.4038314819336,11.49079418182373
reaction:1357,t-BuXPhos,4,,70.35430221,71.48712921142578,11.597031593322754
reaction:1358,t-BuXPhos,0,,59.99235473,31.011463165283203,12.491668701171875
reaction:1359,t-BuXPhos,2,,75.38356191,55.0963134765625,12.456424713134766
reaction:1360,t-BuXPhos,3,,78.29631742,75.26954650878906,11.824953079223633
reaction:1361,t-BuXPhos,0,,26.29043032,19.009906768798828,11.35465145111084
reaction:1362,t-BuXPhos,1,,34.77458228,32.31834411621094,11.98055648803711
reaction:1363,t-BuXPhos,0,,37.39782282,35.99783706665039,12.230710983276367
reaction:1364,t-BuXPhos,1,,0.96264489,0.46521759033203125,13.44548225402832
reaction:1365,t-BuXPhos,2,,39.32908802,37.86252212524414,11.717350006103516
reaction:1366,t-BuXPhos,1,,40.32887688,39.67350769042969,12.08903694152832
reaction:1367,t-BuXPhos,0,,4.451923676,3.021942138671875,11.7349271774292
reaction:1368,t-BuXPhos,4,,61.04819615,58.98585510253906,10.376740455627441
reaction:1369,t-BuXPhos,2,,59.7575144,63.511390686035156,11.224943161010742
reaction:1370,t-BuXPhos,3,,57.84627264,59.553043365478516,10.607613563537598
reaction:1371,t-BuXPhos,2,,65.93366748,67.78314208984375,10.343348503112793
reaction:1372,t-BuXPhos,2,,63.71103229,64.46611785888672,11.009632110595703
reaction:1373,t-BuXPhos,0,,38.01577432,29.12013816833496,11.642829895019531
reaction:1374,t-BuXPhos,3,,66.05788910000001,65.14593505859375,11.705153465270996
reaction:1375,t-BuXPhos,2,,62.40731324,70.35919189453125,11.790124893188477
reaction:1376,t-BuXPhos,4,,28.72536954,27.21747589111328,11.394275665283203
reaction:1377,t-BuXPhos,2,,34.91231211,37.10348892211914,11.879476547241211
reaction:1378,t-BuXPhos,1,,45.90687609,43.45973205566406,12.313037872314453
reaction:1379,t-BuXPhos,3,,1.413781414,1.6560382843017578,13.394662857055664
reaction:1380,t-BuXPhos,2,,50.43757677,47.42111587524414,11.757729530334473
reaction:1381,t-BuXPhos,2,,52.0133379,47.13834762573242,11.243959426879883
reaction:1382,t-BuXPhos,4,,5.620589612000001,7.683950424194336,12.368734359741211
reaction:1383,t-BuXPhos,3,,73.06292012,73.583251953125,10.213513374328613
reaction:1384,t-BuXPhos,0,,75.59377488,74.75315856933594,11.446931838989258
reaction:1385,t-BuXPhos,0,,76.3025428,80.8885498046875,11.312539100646973
reaction:1386,t-BuXPhos,0,,80.02551627,87.18095397949219,11.093154907226562
reaction:1387,t-BuXPhos,4,,83.65366275,84.93268585205078,10.96865463256836
reaction:1388,t-BuXPhos,3,,45.11238212,39.013511657714844,13.152666091918945
reaction:1389,t-BuXPhos,2,,78.61845192,86.33238983154297,11.686814308166504
reaction:1390,t-BuXPhos,3,,84.40416295,84.49739074707031,11.864404678344727
reaction:1391,t-BuXPhos,3,,8.912186757,12.459503173828125,13.381430625915527
reaction:1392,t-BuXPhos,4,,10.72342611,15.217351913452148,13.484087944030762
reaction:1393,t-BuXPhos,1,,11.81277895,9.87708854675293,12.978275299072266
reaction:1394,t-BuXPhos,3,,1.84960131,1.1831493377685547,14.348565101623535
reaction:1395,t-BuXPhos,4,,9.065649451,12.755231857299805,13.236284255981445
reaction:1396,t-BuXPhos,1,,13.83920399,10.759283065795898,12.78856086730957
reaction:1397,t-BuXPhos,4,,4.278834497,4.595401763916016,14.083365440368652
reaction:1398,t-BuXPhos,4,,16.48404533,18.22728157043457,12.818720817565918
reaction:1399,t-BuXPhos,4,,17.45236147,18.10886001586914,13.01192855834961
reaction:1400,t-BuXPhos,0,,18.18990312,15.029003143310547,11.520525932312012
reaction:1401,t-BuXPhos,3,,23.65087488,24.38227081298828,11.66813850402832
reaction:1402,t-BuXPhos,1,,26.69194458,26.858007431030273,11.970772743225098
reaction:1403,t-BuXPhos,1,,8.194090633,19.987953186035156,12.926568984985352
reaction:1404,t-BuXPhos,1,,14.81646107,29.772615432739258,12.932425498962402
reaction:1405,t-BuXPhos,2,,16.67869351,27.009687423706055,12.936266899108887
reaction:1406,t-BuXPhos,3,,4.385154303,11.771293640136719,13.016511917114258
reaction:1407,t-BuXPhos,2,,27.07281953,26.215085983276367,13.032186508178711
reaction:1408,t-BuXPhos,2,,30.11809644,34.56370162963867,12.685457229614258
reaction:1409,t-BuXPhos,0,,0.0,2.9794483184814453,12.733607292175293
reaction:1410,t-BuXPhos,3,,25.94022732,22.003925323486328,12.079950332641602
reaction:1411,t-BuXPhos,1,,35.19969401,33.063507080078125,12.248265266418457
reaction:1412,t-BuXPhos,0,,0.478819391,7.653806686401367,12.982142448425293
reaction:1413,t-BuXPhos,1,,47.92550874,37.48609924316406,11.021036148071289
reaction:1414,t-BuXPhos,2,,50.62222146,52.771575927734375,11.823638916015625
reaction:1415,t-BuXPhos,4,,38.10999093,44.198211669921875,11.258854866027832
reaction:1416,t-BuXPhos,1,,54.30595244,51.20033645629883,11.030150413513184
reaction:1417,t-BuXPhos,0,,57.95225277,57.8970947265625,11.444409370422363
reaction:1418,t-BuXPhos,4,,3.496970929,13.571487426757812,13.298279762268066
reaction:1419,t-BuXPhos,4,,46.50216111,46.993934631347656,12.766589164733887
reaction:1420,t-BuXPhos,3,,49.89638876,53.88289260864258,12.459770202636719
reaction:1421,t-BuXPhos,4,,14.03295033,17.134143829345703,12.904120445251465
reaction:1422,t-BuXPhos,4,,33.32323005,35.905792236328125,12.348881721496582
reaction:1423,t-BuXPhos,4,,44.03901684,43.54161834716797,12.373088836669922
reaction:1424,t-BuXPhos,3,,4.510108394,2.4082679748535156,14.345488548278809
reaction:1425,t-BuXPhos,2,,31.15457228,36.61262512207031,12.524158477783203
reaction:1426,t-BuXPhos,2,,42.55967392,45.8846549987793,12.266740798950195
reaction:1427,t-BuXPhos,4,,16.12823791,8.04920768737793,13.819655418395996
reaction:1428,t-BuXPhos,4,,58.864107,59.39158630371094,11.133576393127441
reaction:1429,t-BuXPhos,0,,61.87528527,65.4849853515625,11.595786094665527
reaction:1430,t-BuXPhos,1,,63.35366236,65.58700561523438,11.115525245666504
reaction:1431,t-BuXPhos,2,,81.85780625,71.57673645019531,11.0327730178833
reaction:1432,t-BuXPhos,3,,86.21496371,81.31822204589844,11.44321346282959
reaction:1433,t-BuXPhos,2,,26.57993699,24.271045684814453,12.944502830505371
reaction:1434,t-BuXPhos,4,,73.72948461,63.982337951660156,12.531965255737305
reaction:1435,t-BuXPhos,2,,77.85078652,71.03728485107422,12.53502368927002
reaction:1436,t-BuBrettPhos,4,,3.167837071,-0.47777557373046875,10.841276168823242
reaction:1437,t-BuBrettPhos,3,,1.983204496,-1.4435272216796875,11.138264656066895
reaction:1438,t-BuBrettPhos,2,,2.106143629,5.118915557861328,10.562237739562988
reaction:1439,t-BuBrettPhos,2,,0.295056228,-0.5251922607421875,11.111392974853516
reaction:1440,t-BuBrettPhos,0,,9.853260903,9.914484024047852,10.733478546142578
reaction:1441,t-BuBrettPhos,3,,9.685019183,11.878091812133789,10.928766250610352
reaction:1442,t-BuBrettPhos,0,,2.658633939,1.0753402709960938,11.3985013961792
reaction:1443,t-BuBrettPhos,3,,14.46737016,18.06338882446289,11.075387001037598
reaction:1444,t-BuBrettPhos,1,,17.15607423,22.26490020751953,10.847460746765137
reaction:1445,t-BuBrettPhos,3,,28.40072634,24.901229858398438,10.985611915588379
reaction:1446,t-BuBrettPhos,2,,32.01759643,29.439769744873047,10.860428810119629
reaction:1447,t-BuBrettPhos,3,,39.75657581,32.6185417175293,11.124822616577148
reaction:1448,t-BuBrettPhos,0,,1.859601121,0.6685028076171875,11.272945404052734
reaction:1449,t-BuBrettPhos,0,,3.947187556,10.14535140991211,10.805143356323242
reaction:1450,t-BuBrettPhos,4,,5.007207988,14.493820190429688,10.618728637695312
reaction:1451,t-BuBrettPhos,3,,2.874679313,5.3582000732421875,11.201262474060059
reaction:1452,t-BuBrettPhos,3,,28.48464058,26.914165496826172,10.792374610900879
reaction:1453,t-BuBrettPhos,4,,35.59381518,37.32013702392578,10.28038215637207
reaction:1454,t-BuBrettPhos,4,,0.0,0.5237998962402344,11.571945190429688
reaction:1455,t-BuBrettPhos,0,,19.70724871,28.39409637451172,11.250493049621582
reaction:1456,t-BuBrettPhos,0,,37.2145199,38.61137771606445,11.25493335723877
reaction:1457,t-BuBrettPhos,1,,5.4796607260000005,3.1861095428466797,11.552671432495117
reaction:1458,t-BuBrettPhos,0,,38.82629912,46.58294677734375,10.829565048217773
reaction:1459,t-BuBrettPhos,0,,64.96884309,60.216739654541016,10.931657791137695
reaction:1460,t-BuBrettPhos,4,,42.31281665,43.85609436035156,9.313202857971191
reaction:1461,t-BuBrettPhos,3,,57.9744807,52.33427429199219,9.584033012390137
reaction:1462,t-BuBrettPhos,1,,65.15148191,57.48284912109375,10.308694839477539
reaction:1463,t-BuBrettPhos,3,,3.551606076,7.753408432006836,11.095338821411133
reaction:1464,t-BuBrettPhos,2,,53.91867484,54.64708709716797,10.477099418640137
reaction:1465,t-BuBrettPhos,1,,62.34681732,60.87313461303711,10.064204216003418
reaction:1466,t-BuBrettPhos,2,,4.68080841,10.699857711791992,11.183476448059082
reaction:1467,t-BuBrettPhos,1,,29.59583126,35.79774856567383,10.774552345275879
reaction:1468,t-BuBrettPhos,0,,43.56818344,49.072715759277344,10.992249488830566
reaction:1469,t-BuBrettPhos,1,,0.0,0.7196197509765625,11.383358001708984
reaction:1470,t-BuBrettPhos,0,,35.46998729,43.83455276489258,11.060576438903809
reaction:1471,t-BuBrettPhos,2,,49.74093184,53.33668899536133,10.40723705291748
reaction:1472,t-BuBrettPhos,1,,5.688672061,5.144876480102539,11.487417221069336
reaction:1473,t-BuBrettPhos,2,,64.99704829,65.86532592773438,9.939493179321289
reaction:1474,t-BuBrettPhos,1,,75.71719698,78.64590454101562,10.100114822387695
reaction:1475,t-BuBrettPhos,1,,77.92695821,73.14486694335938,10.22563362121582
reaction:1476,t-BuBrettPhos,4,,88.82757824,83.05036926269531,9.355489730834961
reaction:1477,t-BuBrettPhos,0,,84.31065923,95.4438705444336,10.716156005859375
reaction:1478,t-BuBrettPhos,2,,8.955957809,15.593482971191406,11.023497581481934
reaction:1479,t-BuBrettPhos,3,,80.64990682,72.33566284179688,10.653472900390625
reaction:1480,t-BuBrettPhos,4,,92.20931063,88.28923034667969,10.33791732788086
reaction:1481,t-BuBrettPhos,3,,2.887815395,2.0847034454345703,15.03303050994873
reaction:1482,t-BuBrettPhos,1,,11.65626027,5.881673812866211,13.690698623657227
reaction:1483,t-BuBrettPhos,0,,12.51034862,5.261545181274414,13.047369003295898
reaction:1484,t-BuBrettPhos,2,,0.1532427999999999,0.6010971069335938,15.550405502319336
reaction:1485,t-BuBrettPhos,1,,10.4212352,4.975055694580078,13.334904670715332
reaction:1486,t-BuBrettPhos,3,,15.44371593,12.74953842163086,13.275137901306152
reaction:1487,t-BuBrettPhos,3,,1.034854608,2.564718246459961,15.369222640991211
reaction:1488,t-BuBrettPhos,1,,15.70792465,9.513607025146484,12.169868469238281
reaction:1489,t-BuBrettPhos,0,,11.23128528,18.43822479248047,12.072315216064453
reaction:1490,t-BuBrettPhos,0,,13.20129952,15.05289077758789,12.315328598022461
reaction:1491,t-BuBrettPhos,4,,14.46827704,13.345727920532227,12.535116195678711
reaction:1492,t-BuBrettPhos,0,,13.88482007,17.83600616455078,11.759531021118164
reaction:1493,t-BuBrettPhos,3,,6.968372781,1.7556781768798828,15.083352088928223
reaction:1494,t-BuBrettPhos,3,,15.40870509,5.67755126953125,13.8010892868042
reaction:1495,t-BuBrettPhos,3,,14.85665703,5.927770614624023,13.851195335388184
reaction:1496,t-BuBrettPhos,1,,0.0,0.4591026306152344,14.464653015136719
reaction:1497,t-BuBrettPhos,3,,4.220973073,4.437248229980469,13.290087699890137
reaction:1498,t-BuBrettPhos,3,,11.98186799,19.716386795043945,13.217891693115234
reaction:1499,t-BuBrettPhos,1,,0.0,-0.004619598388671875,14.804009437561035
reaction:1500,t-BuBrettPhos,0,,3.378377543,1.9977855682373047,12.091272354125977
reaction:1501,t-BuBrettPhos,2,,15.30703648,15.270322799682617,12.577695846557617
reaction:1502,t-BuBrettPhos,2,,3.549284452,1.4305992126464844,15.170225143432617
reaction:1503,t-BuBrettPhos,1,,7.705318498,5.293787002563477,10.236480712890625
reaction:1504,t-BuBrettPhos,4,,41.94054392,30.138469696044922,11.832087516784668
reaction:1505,t-BuBrettPhos,0,,9.609943508,3.975675582885742,10.860845565795898
reaction:1506,t-BuBrettPhos,3,,15.35251148,17.086349487304688,11.212647438049316
reaction:1507,t-BuBrettPhos,4,,43.16671419,34.30222702026367,11.694764137268066
reaction:1508,t-BuBrettPhos,3,,0.0,-0.3213996887207031,15.010095596313477
reaction:1509,t-BuBrettPhos,4,,11.61765415,10.242938995361328,13.290093421936035
reaction:1510,t-BuBrettPhos,3,,12.24697181,13.240137100219727,12.970271110534668
reaction:1511,t-BuBrettPhos,1,,0.413827697,2.3888511657714844,14.542187690734863
reaction:1512,t-BuBrettPhos,1,,9.508022367,13.32615852355957,13.186078071594238
reaction:1513,t-BuBrettPhos,0,,32.14841463,24.84698486328125,13.00696086883545
reaction:1514,t-BuBrettPhos,2,,0.0,1.5472583770751953,15.621228218078613
reaction:1515,t-BuBrettPhos,2,,7.275251821,12.196739196777344,12.355454444885254
reaction:1516,t-BuBrettPhos,2,,35.33585167,35.151206970214844,12.58675765991211
reaction:1517,t-BuBrettPhos,1,,3.20619178,2.4421920776367188,14.190739631652832
reaction:1518,t-BuBrettPhos,2,,16.32124134,22.858867645263672,10.305741310119629
reaction:1519,t-BuBrettPhos,4,,73.16269955,58.25188446044922,11.765847206115723
reaction:1520,t-BuBrettPhos,4,,21.81045338,26.05837059020996,10.757269859313965
reaction:1521,t-BuBrettPhos,0,,48.23235239,45.1962776184082,10.68925952911377
reaction:1522,t-BuBrettPhos,3,,78.78970759,71.90216064453125,11.509764671325684
reaction:1523,t-BuBrettPhos,0,,0.0,3.757213592529297,14.793107986450195
reaction:1524,t-BuBrettPhos,4,,12.90161423,26.647275924682617,13.23139476776123
reaction:1525,t-BuBrettPhos,1,,26.6793303,45.341712951660156,12.634411811828613
reaction:1526,t-BuBrettPhos,3,,8.171441333999999,6.651422500610352,11.145403861999512
reaction:1527,t-BuBrettPhos,2,,19.65092582,17.741037368774414,10.85110092163086
reaction:1528,t-BuBrettPhos,1,,39.13544884,38.40888977050781,11.199702262878418
reaction:1529,t-BuBrettPhos,4,,0.0,0.5465087890625,11.451390266418457
reaction:1530,t-BuBrettPhos,0,,47.81434881,47.898399353027344,10.82552719116211
reaction:1531,t-BuBrettPhos,4,,48.36396181,49.098175048828125,10.754053115844727
reaction:1532,t-BuBrettPhos,1,,1.372286353,6.115194320678711,11.284011840820312
reaction:1533,t-BuBrettPhos,3,,67.28395541,68.53239440917969,10.396169662475586
reaction:1534,t-BuBrettPhos,1,,74.23518284,72.42108154296875,11.093862533569336
reaction:1535,t-BuBrettPhos,0,,73.53944548,66.82720947265625,11.700793266296387
reaction:1536,t-BuBrettPhos,0,,79.65524299,74.92254638671875,11.811304092407227
reaction:1537,t-BuBrettPhos,2,,84.58893866,78.70233917236328,11.01674747467041
reaction:1538,t-BuBrettPhos,3,,8.990373152,14.231521606445312,11.166873931884766
reaction:1539,t-BuBrettPhos,2,,48.47717448,41.76084899902344,10.81881046295166
reaction:1540,t-BuBrettPhos,4,,70.14574928,69.35812377929688,10.907059669494629
reaction:1541,t-BuBrettPhos,3,,16.06858475,11.623193740844727,11.372652053833008
reaction:1542,t-BuBrettPhos,1,,33.41994964,32.901554107666016,10.707358360290527
reaction:1543,t-BuBrettPhos,1,,36.38014621,37.80503845214844,11.135193824768066
reaction:1544,t-BuBrettPhos,4,,0.35921569,0.806640625,11.789130210876465
reaction:1545,t-BuBrettPhos,0,,38.49679424,36.910911560058594,10.779309272766113
reaction:1546,t-BuBrettPhos,1,,40.47969677,40.36220169067383,10.377910614013672
reaction:1547,t-BuBrettPhos,0,,5.094725505,3.0991477966308594,11.202998161315918
reaction:1548,t-BuBrettPhos,1,,59.16896654,55.04133605957031,9.955181121826172
reaction:1549,t-BuBrettPhos,1,,65.19833527,68.3670654296875,10.375570297241211
reaction:1550,t-BuBrettPhos,2,,57.83107149,49.484188079833984,9.555225372314453
reaction:1551,t-BuBrettPhos,4,,62.53871196,59.54529571533203,9.848976135253906
reaction:1552,t-BuBrettPhos,2,,65.59087383,60.74057388305664,9.635492324829102
reaction:1553,t-BuBrettPhos,0,,21.23653704,15.385631561279297,11.02135944366455
reaction:1554,t-BuBrettPhos,2,,61.27839379,62.18311309814453,10.164702415466309
reaction:1555,t-BuBrettPhos,2,,63.81281277,72.90245056152344,10.599764823913574
reaction:1556,t-BuBrettPhos,3,,14.2414228,15.017654418945312,11.341578483581543
reaction:1557,t-BuBrettPhos,0,,33.56777138,37.205467224121094,11.08011245727539
reaction:1558,t-BuBrettPhos,3,,45.52244321,49.70136260986328,10.423591613769531
reaction:1559,t-BuBrettPhos,2,,0.49264217,0.9642906188964844,11.331716537475586
reaction:1560,t-BuBrettPhos,2,,52.14134094,49.75459289550781,9.946196556091309
reaction:1561,t-BuBrettPhos,3,,49.57379186,54.28371047973633,10.265205383300781
reaction:1562,t-BuBrettPhos,1,,7.18319285,4.743156433105469,11.360036849975586
reaction:1563,t-BuBrettPhos,4,,75.03674068,75.74539184570312,9.486695289611816
reaction:1564,t-BuBrettPhos,2,,79.76639273,82.44218444824219,9.69932746887207
reaction:1565,t-BuBrettPhos,0,,79.07949659,79.47706604003906,10.683018684387207
reaction:1566,t-BuBrettPhos,4,,86.78620377,89.81282043457031,9.758509635925293
reaction:1567,t-BuBrettPhos,3,,89.32312927,94.63986206054688,9.57868766784668
reaction:1568,t-BuBrettPhos,4,,20.99661905,19.35930061340332,11.402122497558594
reaction:1569,t-BuBrettPhos,3,,86.07412603,82.4783935546875,10.461775779724121
reaction:1570,t-BuBrettPhos,2,,93.58777419,95.53460693359375,10.656013488769531
reaction:1571,t-BuBrettPhos,3,,6.945630992999999,3.2988719940185547,12.717113494873047
reaction:1572,t-BuBrettPhos,1,,8.368171473,3.5751399993896484,11.714432716369629
reaction:1573,t-BuBrettPhos,1,,10.75855339,5.267555236816406,11.645957946777344
reaction:1574,t-BuBrettPhos,3,,0.5287626999999999,0.30092620849609375,12.948038101196289
reaction:1575,t-BuBrettPhos,1,,9.492103343,5.571065902709961,11.356130599975586
reaction:1576,t-BuBrettPhos,1,,12.42396719,9.362678527832031,11.479386329650879
reaction:1577,t-BuBrettPhos,1,,3.257714985,2.9490814208984375,12.515554428100586
reaction:1578,t-BuBrettPhos,4,,15.67304028,11.990715026855469,12.342841148376465
reaction:1579,t-BuBrettPhos,3,,16.97838607,19.793292999267578,11.63159465789795
reaction:1580,t-BuBrettPhos,4,,16.31613355,15.47854995727539,12.488429069519043
reaction:1581,t-BuBrettPhos,2,,19.93006899,19.931371688842773,11.410955429077148
reaction:1582,t-BuBrettPhos,2,,24.6686189,25.399927139282227,11.972651481628418
reaction:1583,t-BuBrettPhos,3,,7.371601311,0.9852485656738281,12.710482597351074
reaction:1584,t-BuBrettPhos,4,,10.88559026,8.308843612670898,12.625933647155762
reaction:1585,t-BuBrettPhos,0,,13.183779800000002,11.361141204833984,11.1741943359375
reaction:1586,t-BuBrettPhos,0,,0.8718207459999999,2.4250869750976562,12.150415420532227
reaction:1587,t-BuBrettPhos,2,,10.20185762,12.147026062011719,11.789999961853027
reaction:1588,t-BuBrettPhos,2,,28.77460219,26.34915542602539,11.22623348236084
reaction:1589,t-BuBrettPhos,4,,0.0,0.20101165771484375,13.353668212890625
reaction:1590,t-BuBrettPhos,1,,4.728362295,8.705320358276367,10.807463645935059
reaction:1591,t-BuBrettPhos,0,,35.24488191,25.326435089111328,11.057482719421387
reaction:1592,t-BuBrettPhos,0,,4.103392125,4.081626892089844,12.576265335083008
reaction:1593,t-BuBrettPhos,0,,10.36729294,18.459903717041016,9.690193176269531
reaction:1594,t-BuBrettPhos,0,,56.21933491,44.17107391357422,10.217020034790039
reaction:1595,t-BuBrettPhos,0,,13.57914578,13.607954025268555,9.908041000366211
reaction:1596,t-BuBrettPhos,4,,24.95867786,19.979782104492188,9.859954833984375
reaction:1597,t-BuBrettPhos,2,,49.7806525,38.41171646118164,10.352532386779785
reaction:1598,t-BuBrettPhos,3,,0.0,3.4818763732910156,13.002751350402832
reaction:1599,t-BuBrettPhos,4,,26.20309393,26.57985496520996,11.966508865356445
reaction:1600,t-BuBrettPhos,4,,40.57039192,42.20634078979492,11.776898384094238
reaction:1601,t-BuBrettPhos,2,,7.387205125,8.905641555786133,12.688159942626953
reaction:1602,t-BuBrettPhos,2,,22.3492694,23.47405242919922,11.703587532043457
reaction:1603,t-BuBrettPhos,1,,47.05511825,40.18278884887695,10.980340003967285
reaction:1604,t-BuBrettPhos,1,,0.987020024,1.3915901184082031,12.705615997314453
reaction:1605,t-BuBrettPhos,1,,17.55880282,22.62816619873047,10.884662628173828
reaction:1606,t-BuBrettPhos,0,,43.58283319,39.256263732910156,10.984108924865723
reaction:1607,t-BuBrettPhos,2,,12.47762059,6.482963562011719,12.803106307983398
reaction:1608,t-BuBrettPhos,0,,32.02304313,40.13504409790039,9.66059398651123
reaction:1609,t-BuBrettPhos,0,,72.70979963,64.39701843261719,10.321462631225586
reaction:1610,t-BuBrettPhos,0,,36.05565123,45.58820343017578,9.903019905090332
reaction:1611,t-BuBrettPhos,2,,46.16924796,52.317562103271484,9.647205352783203
reaction:1612,t-BuBrettPhos,4,,87.75322874,74.03486633300781,10.510724067687988
reaction:1613,t-BuBrettPhos,3,,24.93118771,11.318540573120117,12.873796463012695
reaction:1614,t-BuBrettPhos,2,,45.52509107,48.40321350097656,11.290497779846191
reaction:1615,t-BuBrettPhos,4,,70.18702806,66.29893493652344,11.852192878723145
reaction:1616,AdBrettPhos,0,,1.918248424,-0.4911689758300781,10.945818901062012
reaction:1617,AdBrettPhos,3,,2.933858815,-4.062370300292969,11.170372009277344
reaction:1618,AdBrettPhos,0,,3.446957245,2.7739791870117188,10.930547714233398
reaction:1619,AdBrettPhos,1,,0.0,-0.3350563049316406,11.272994995117188
reaction:1620,AdBrettPhos,1,,7.829216765,7.014530181884766,10.828381538391113
reaction:1621,AdBrettPhos,3,,11.24955158,10.674549102783203,10.96983528137207
reaction:1622,AdBrettPhos,0,,0.628858286,-0.605224609375,11.43328857421875
reaction:1623,AdBrettPhos,0,,12.30029297,13.807498931884766,11.27275562286377
reaction:1624,AdBrettPhos,3,,17.30024922,20.608211517333984,11.533254623413086
reaction:1625,AdBrettPhos,1,,17.08713871,22.84269142150879,10.589569091796875
reaction:1626,AdBrettPhos,4,,21.75875381,26.822689056396484,10.928492546081543
reaction:1627,AdBrettPhos,1,,27.05720868,35.404422760009766,10.818147659301758
reaction:1628,AdBrettPhos,1,,2.029011587,-2.254375457763672,11.131853103637695
reaction:1629,AdBrettPhos,4,,3.679918653,4.726861953735352,10.601127624511719
reaction:1630,AdBrettPhos,0,,5.39705828,10.114187240600586,10.720366477966309
reaction:1631,AdBrettPhos,3,,3.399446884,2.602783203125,11.238687515258789
reaction:1632,AdBrettPhos,3,,24.03126631,22.710338592529297,10.791632652282715
reaction:1633,AdBrettPhos,2,,37.04718214,31.988285064697266,10.365701675415039
reaction:1634,AdBrettPhos,4,,0.0,0.2761421203613281,11.591638565063477
reaction:1635,AdBrettPhos,4,,20.36820588,20.10947608947754,10.202462196350098
reaction:1636,AdBrettPhos,0,,37.1376218,35.03401565551758,11.305000305175781
reaction:1637,AdBrettPhos,3,,0.375286042,1.3594379425048828,11.21103286743164
reaction:1638,AdBrettPhos,0,,34.22216946,38.4359245300293,10.863019943237305
reaction:1639,AdBrettPhos,0,,60.33199916,54.431724548339844,10.956314086914062
reaction:1640,AdBrettPhos,4,,28.41978949,34.474979400634766,9.35940933227539
reaction:1641,AdBrettPhos,3,,37.45572206,43.626258850097656,9.641204833984375
reaction:1642,AdBrettPhos,4,,46.33728613,53.533607482910156,9.96972942352295
reaction:1643,AdBrettPhos,4,,3.063860217,2.399120330810547,11.043320655822754
reaction:1644,AdBrettPhos,4,,43.8122723,49.213558197021484,10.528337478637695
reaction:1645,AdBrettPhos,4,,54.92415457,59.955955505371094,10.240405082702637
reaction:1646,AdBrettPhos,1,,7.259820865,5.878143310546875,11.194007873535156
reaction:1647,AdBrettPhos,2,,29.47262424,31.999330520629883,10.707735061645508
reaction:1648,AdBrettPhos,3,,47.11942721,45.36039733886719,10.305654525756836
reaction:1649,AdBrettPhos,2,,0.382305168,0.7623939514160156,11.155228614807129
reaction:1650,AdBrettPhos,2,,42.90896956,35.13114929199219,10.528619766235352
reaction:1651,AdBrettPhos,4,,50.10463357,47.48155975341797,10.014375686645508
reaction:1652,AdBrettPhos,1,,1.379250532,2.868257522583008,11.485828399658203
reaction:1653,AdBrettPhos,4,,66.71317285,56.86890411376953,9.103377342224121
reaction:1654,AdBrettPhos,2,,76.22505116,74.335205078125,10.524296760559082
reaction:1655,AdBrettPhos,1,,70.04834525,65.32640075683594,10.251725196838379
reaction:1656,AdBrettPhos,4,,82.57086092,76.18028259277344,9.408556938171387
reaction:1657,AdBrettPhos,2,,90.31730943,85.76861572265625,10.382669448852539
reaction:1658,AdBrettPhos,0,,11.31144666,8.199304580688477,11.03106689453125
reaction:1659,AdBrettPhos,3,,79.68761126,66.63317108154297,10.748421669006348
reaction:1660,AdBrettPhos,3,,91.69839995,84.368896484375,10.414715766906738
reaction:1661,AdBrettPhos,4,,1.069060713,1.2093067169189453,14.758056640625
reaction:1662,AdBrettPhos,0,,5.105134806000001,6.522665023803711,13.390495300292969
reaction:1663,AdBrettPhos,4,,3.280980517,8.979307174682617,13.32934856414795
reaction:1664,AdBrettPhos,3,,0.0,0.6764984130859375,15.447300910949707
reaction:1665,AdBrettPhos,4,,3.302452152,6.364540100097656,13.184556007385254
reaction:1666,AdBrettPhos,0,,11.0075153,13.571914672851562,12.568880081176758
reaction:1667,AdBrettPhos,1,,0.8366448879999999,0.5529022216796875,14.676823616027832
reaction:1668,AdBrettPhos,3,,7.242678118,8.722448348999023,12.423897743225098
reaction:1669,AdBrettPhos,0,,7.957289224,16.41000747680664,12.116656303405762
reaction:1670,AdBrettPhos,0,,5.427048525,11.23707389831543,12.355436325073242
reaction:1671,AdBrettPhos,2,,4.952408524,12.350141525268555,10.437088966369629
reaction:1672,AdBrettPhos,3,,6.244420827999999,14.619453430175781,12.607396125793457
reaction:1673,AdBrettPhos,1,,0.750246803,4.110265731811523,14.612090110778809
reaction:1674,AdBrettPhos,1,,5.82300352,8.434940338134766,13.83122730255127
reaction:1675,AdBrettPhos,3,,6.214566797000001,5.208595275878906,13.91147518157959
reaction:1676,AdBrettPhos,3,,0.0,-2.1241455078125,14.606537818908691
reaction:1677,AdBrettPhos,1,,3.160193721,1.529977798461914,13.094371795654297
reaction:1678,AdBrettPhos,3,,8.104754995,17.6438045501709,13.268657684326172
reaction:1679,AdBrettPhos,0,,0.0,0.17906570434570312,14.618468284606934
reaction:1680,AdBrettPhos,3,,2.004686227,-3.0718917846679688,12.636771202087402
reaction:1681,AdBrettPhos,4,,6.894237827,15.475332260131836,12.592367172241211
reaction:1682,AdBrettPhos,2,,0.0,0.0094451904296875,15.211898803710938
reaction:1683,AdBrettPhos,3,,4.677881799,-2.110767364501953,11.053783416748047
reaction:1684,AdBrettPhos,0,,16.33859929,37.828041076660156,11.310447692871094
reaction:1685,AdBrettPhos,3,,3.547951578,-3.562091827392578,11.476006507873535
reaction:1686,AdBrettPhos,2,,7.467378263,12.426965713500977,10.372427940368652
reaction:1687,AdBrettPhos,2,,15.10235685,38.293006896972656,11.616477966308594
reaction:1688,AdBrettPhos,3,,0.0,-2.321697235107422,15.045615196228027
reaction:1689,AdBrettPhos,3,,6.275458681,5.060649871826172,13.31379222869873
reaction:1690,AdBrettPhos,1,,6.702513015,14.791524887084961,12.580862045288086
reaction:1691,AdBrettPhos,0,,0.299153601,0.255218505859375,12.508612632751465
reaction:1692,AdBrettPhos,1,,6.9479336,11.021800994873047,13.242036819458008
reaction:1693,AdBrettPhos,0,,39.56647024,23.372081756591797,13.083823204040527
reaction:1694,AdBrettPhos,2,,0.0,1.579244613647461,15.63233470916748
reaction:1695,AdBrettPhos,1,,4.988380083,10.349283218383789,12.319168090820312
reaction:1696,AdBrettPhos,0,,39.27719826,28.56368637084961,12.411887168884277
reaction:1697,AdBrettPhos,0,,0.0,2.222074508666992,14.987787246704102
reaction:1698,AdBrettPhos,1,,10.46965924,19.183656692504883,10.493696212768555
reaction:1699,AdBrettPhos,1,,70.2716235,54.68760681152344,11.153059005737305
reaction:1700,AdBrettPhos,0,,13.55922704,20.846858978271484,11.10871410369873
reaction:1701,AdBrettPhos,0,,36.35900481,40.32670211791992,10.800931930541992
reaction:1702,AdBrettPhos,2,,79.01720716,68.3130874633789,11.60893726348877
reaction:1703,AdBrettPhos,1,,0.0,-0.8675117492675781,14.522041320800781
reaction:1704,AdBrettPhos,3,,14.39054676,18.215330123901367,13.22227668762207
reaction:1705,AdBrettPhos,4,,47.30915738,28.50182342529297,13.249507904052734
reaction:1706,AdBrettPhos,2,,1.831351486,7.52385139465332,11.448731422424316
reaction:1707,AdBrettPhos,1,,9.025273637,19.953548431396484,11.00595760345459
reaction:1708,AdBrettPhos,1,,31.74709006,36.87407684326172,11.246809959411621
reaction:1709,AdBrettPhos,1,,0.0,0.7382240295410156,11.39770221710205
reaction:1710,AdBrettPhos,4,,45.98289688,44.68110656738281,10.892143249511719
reaction:1711,AdBrettPhos,1,,46.93920076,48.436065673828125,10.987363815307617
reaction:1712,AdBrettPhos,0,,0.66547915,2.515745162963867,11.343573570251465
reaction:1713,AdBrettPhos,1,,61.80395318,68.09278106689453,11.55245304107666
reaction:1714,AdBrettPhos,1,,68.3339655,70.70803833007812,11.130053520202637
reaction:1715,AdBrettPhos,0,,70.41045785,61.34285354614258,11.718660354614258
reaction:1716,AdBrettPhos,0,,77.6347291,70.0682373046875,11.832200050354004
reaction:1717,AdBrettPhos,4,,79.76966371,72.97152709960938,11.154980659484863
reaction:1718,AdBrettPhos,4,,1.779970363,14.568904876708984,11.324616432189941
reaction:1719,AdBrettPhos,1,,31.49662818,46.56669616699219,11.114834785461426
reaction:1720,AdBrettPhos,0,,70.31871872,65.23429870605469,10.816227912902832
reaction:1721,AdBrettPhos,2,,9.550418032,10.721794128417969,11.319610595703125
reaction:1722,AdBrettPhos,0,,33.30841773,26.918655395507812,10.879708290100098
reaction:1723,AdBrettPhos,4,,34.84480888,34.534793853759766,10.6583890914917
reaction:1724,AdBrettPhos,3,,0.319224301,0.2784156799316406,11.49893856048584
reaction:1725,AdBrettPhos,1,,31.39385907,32.66398239135742,10.830705642700195
reaction:1726,AdBrettPhos,4,,35.25588385,38.28717803955078,10.336827278137207
reaction:1727,AdBrettPhos,0,,1.279456438,0.4408226013183594,11.19504451751709
reaction:1728,AdBrettPhos,3,,50.41927701,47.18964385986328,9.199645042419434
reaction:1729,AdBrettPhos,1,,57.65452227,63.103904724121094,10.42992115020752
reaction:1730,AdBrettPhos,2,,33.09635306,40.238311767578125,9.599961280822754
reaction:1731,AdBrettPhos,4,,40.91072057,50.553077697753906,9.893389701843262
reaction:1732,AdBrettPhos,1,,46.38749412,57.930999755859375,10.377174377441406
reaction:1733,AdBrettPhos,2,,13.31813914,14.86758041381836,11.118803977966309
reaction:1734,AdBrettPhos,3,,53.12382569,56.39720916748047,10.475735664367676
reaction:1735,AdBrettPhos,2,,57.26273694,68.23785400390625,10.640116691589355
reaction:1736,AdBrettPhos,1,,10.68115857,12.486528396606445,11.339670181274414
reaction:1737,AdBrettPhos,1,,33.95037625,34.482078552246094,10.829124450683594
reaction:1738,AdBrettPhos,1,,47.09445645,46.70097351074219,11.306578636169434
reaction:1739,AdBrettPhos,0,,0.492662711,0.49602508544921875,11.179726600646973
reaction:1740,AdBrettPhos,4,,48.41843845,46.50251388549805,10.320330619812012
reaction:1741,AdBrettPhos,3,,50.21013597,51.85643005371094,10.329483032226562
reaction:1742,AdBrettPhos,2,,1.542228309,3.5971126556396484,11.434905052185059
reaction:1743,AdBrettPhos,1,,74.39518038,67.8448486328125,10.238741874694824
reaction:1744,AdBrettPhos,0,,76.98654081,79.20341491699219,10.708634376525879
reaction:1745,AdBrettPhos,0,,75.55480498,70.40927124023438,10.720113754272461
reaction:1746,AdBrettPhos,0,,87.36384149,78.85086822509766,10.548783302307129
reaction:1747,AdBrettPhos,0,,86.76065944,87.16807556152344,10.614982604980469
reaction:1748,AdBrettPhos,0,,11.83956232,16.561058044433594,11.18518352508545
reaction:1749,AdBrettPhos,0,,83.80386815,74.21867370605469,11.222208976745605
reaction:1750,AdBrettPhos,3,,92.12702212,87.81939697265625,10.394786834716797
reaction:1751,AdBrettPhos,2,,3.449624718,3.099863052368164,12.88217544555664
reaction:1752,AdBrettPhos,2,,3.932288397,2.574840545654297,12.3602933883667
reaction:1753,AdBrettPhos,0,,5.419599738,8.315824508666992,11.209163665771484
reaction:1754,AdBrettPhos,1,,0.0,0.5486640930175781,12.744698524475098
reaction:1755,AdBrettPhos,0,,4.7783658,5.889307022094727,10.993590354919434
reaction:1756,AdBrettPhos,4,,8.071196301,11.466985702514648,12.37158489227295
reaction:1757,AdBrettPhos,3,,0.526967727,1.4916496276855469,12.733598709106445
reaction:1758,AdBrettPhos,1,,9.746425367,10.250417709350586,11.069784164428711
reaction:1759,AdBrettPhos,1,,14.43785417,18.852983474731445,11.416681289672852
reaction:1760,AdBrettPhos,3,,8.586375019,13.955488204956055,10.879143714904785
reaction:1761,AdBrettPhos,0,,11.06445724,17.645904541015625,11.086877822875977
reaction:1762,AdBrettPhos,0,,15.42196799,25.38947868347168,10.723528861999512
reaction:1763,AdBrettPhos,0,,2.238996806,2.740375518798828,12.487336158752441
reaction:1764,AdBrettPhos,0,,8.862814973999999,4.381319046020508,11.481881141662598
reaction:1765,AdBrettPhos,1,,10.829637599999998,11.870603561401367,11.636078834533691
reaction:1766,AdBrettPhos,4,,0.432282788,-1.4953269958496094,12.36522388458252
reaction:1767,AdBrettPhos,0,,4.469322068,7.63739013671875,11.490217208862305
reaction:1768,AdBrettPhos,0,,18.53801466,25.323646545410156,11.142573356628418
reaction:1769,AdBrettPhos,0,,0.0,-0.23511123657226562,12.226183891296387
reaction:1770,AdBrettPhos,3,,3.046255894,0.08907699584960938,10.768105506896973
reaction:1771,AdBrettPhos,3,,24.02218457,24.969738006591797,10.766341209411621
reaction:1772,AdBrettPhos,3,,0.0,0.6180953979492188,12.710658073425293
reaction:1773,AdBrettPhos,2,,5.605744575,7.249519348144531,9.67633056640625
reaction:1774,AdBrettPhos,3,,39.2434395,43.67520523071289,10.350741386413574
reaction:1775,AdBrettPhos,3,,3.747141461000001,2.859678268432617,9.862841606140137
reaction:1776,AdBrettPhos,0,,6.703331473,14.192140579223633,9.816826820373535
reaction:1777,AdBrettPhos,1,,17.35228888,39.89943313598633,10.198887825012207
reaction:1778,AdBrettPhos,3,,0.0,0.0757904052734375,13.0799560546875
reaction:1779,AdBrettPhos,4,,12.57405954,19.125585556030273,11.98364543914795
reaction:1780,AdBrettPhos,4,,29.29764197,37.38367462158203,11.840902328491211
reaction:1781,AdBrettPhos,1,,6.92498784,4.763879776000977,12.526387214660645
reaction:1782,AdBrettPhos,0,,19.60222309,18.97346305847168,11.59077262878418
reaction:1783,AdBrettPhos,4,,43.94123378,37.274471282958984,11.612000465393066
reaction:1784,AdBrettPhos,2,,1.061200258,1.4730587005615234,12.790509223937988
reaction:1785,AdBrettPhos,2,,17.8480573,16.728443145751953,11.043390274047852
reaction:1786,AdBrettPhos,4,,39.0058585,38.0826301574707,11.025720596313477
reaction:1787,AdBrettPhos,0,,2.373221649,7.472896575927734,12.664786338806152
reaction:1788,AdBrettPhos,2,,29.36083658,30.29352569580078,9.797449111938477
reaction:1789,AdBrettPhos,2,,68.1907703,60.369712829589844,10.584176063537598
reaction:1790,AdBrettPhos,1,,29.35743486,35.3257942199707,9.572561264038086
reaction:1791,AdBrettPhos,0,,35.64598437,46.28076171875,9.83283519744873
reaction:1792,AdBrettPhos,1,,77.54677515,74.13076782226562,10.267374038696289
reaction:1793,AdBrettPhos,3,,7.732563505,7.53785514831543,12.955216407775879
reaction:1794,AdBrettPhos,1,,36.03481726,40.96443176269531,11.342216491699219
reaction:1795,AdBrettPhos,0,,63.99072189,62.1268310546875,11.363512992858887
reaction:1796,XPhos,3,,0.0,6.950874328613281,14.488832473754883
reaction:1797,XPhos,4,,0.296524645,0.6421699523925781,13.175041198730469
reaction:1798,XPhos,1,,0.0,11.998022079467773,13.735258102416992
reaction:1799,XPhos,0,,0.0,0.7577133178710938,13.289568901062012
reaction:1800,XPhos,0,,0.0,-5.916286468505859,12.930486679077148
reaction:1801,XPhos,2,,0.0,-0.7890357971191406,13.640022277832031
reaction:1802,XPhos,4,,0.0,7.05598258972168,14.979947090148926
reaction:1803,XPhos,2,,0.0,6.201282501220703,12.309004783630371
reaction:1804,XPhos,0,,0.0,11.990741729736328,12.128141403198242
reaction:1805,XPhos,4,,0.0,-11.78084945678711,13.110325813293457
reaction:1806,XPhos,0,,0.0,-5.614620208740234,12.071166038513184
reaction:1807,XPhos,1,,0.0,-1.0009994506835938,13.033366203308105
reaction:1808,XPhos,4,,0.0,7.166238784790039,14.600091934204102
reaction:1809,XPhos,4,,0.0,-6.208400726318359,13.779364585876465
reaction:1810,XPhos,4,,0.0,9.24380111694336,14.052284240722656
reaction:1811,XPhos,3,,17.36491347,17.740468978881836,13.588276863098145
reaction:1812,XPhos,2,,27.46647446,30.493051528930664,12.914849281311035
reaction:1813,XPhos,3,,34.89767991,37.54372787475586,12.717192649841309
reaction:1814,XPhos,0,,0.426836265,1.1179008483886719,12.85782241821289
reaction:1815,XPhos,0,,9.912732719,12.303836822509766,12.672625541687012
reaction:1816,XPhos,2,,21.7977125,16.789472579956055,12.527515411376953
reaction:1817,XPhos,2,,2.86790041,2.88177490234375,13.991416931152344
reaction:1818,XPhos,0,,34.68012306,26.689373016357422,11.172606468200684
reaction:1819,XPhos,0,,42.17741181,28.987789154052734,12.157032012939453
reaction:1820,XPhos,1,,26.14998957,33.29942321777344,12.009864807128906
reaction:1821,XPhos,0,,49.4018977,42.20331573486328,11.3738374710083
reaction:1822,XPhos,4,,40.9724255,46.667457580566406,12.55645751953125
reaction:1823,XPhos,4,,11.67138777,12.525131225585938,13.756447792053223
reaction:1824,XPhos,2,,26.55730378,22.298519134521484,12.839295387268066
reaction:1825,XPhos,4,,38.4179882,28.922344207763672,12.66384220123291
reaction:1826,XPhos,0,,18.14790513,15.137639999389648,12.707672119140625
reaction:1827,XPhos,2,,31.22142105,27.80599021911621,13.257070541381836
reaction:1828,XPhos,0,,45.90521481,36.68635177612305,12.65676212310791
reaction:1829,XPhos,2,,0.344428756,0.7932929992675781,13.332284927368164
reaction:1830,XPhos,2,,6.408110436,12.314477920532227,12.383452415466309
reaction:1831,XPhos,4,,15.48048004,21.343603134155273,12.651625633239746
reaction:1832,XPhos,4,,2.68757234,3.177206039428711,13.372051239013672
reaction:1833,XPhos,3,,23.14452899,33.46688461303711,12.067651748657227
reaction:1834,XPhos,0,,50.86354716,40.45435333251953,12.061649322509766
reaction:1835,XPhos,1,,28.88381703,37.161441802978516,12.098702430725098
reaction:1836,XPhos,3,,51.52656955,53.979942321777344,12.181023597717285
reaction:1837,XPhos,3,,59.0740653,51.53119659423828,12.39960765838623
reaction:1838,XPhos,4,,8.431077782000001,9.449844360351562,13.709364891052246
reaction:1839,XPhos,3,,22.07470925,31.850181579589844,13.189308166503906
reaction:1840,XPhos,1,,34.74690376,40.23490905761719,13.11764144897461
reaction:1841,XPhos,4,,11.13292009,11.99813461303711,13.760993003845215
reaction:1842,XPhos,3,,15.0324858,10.477075576782227,13.778740882873535
reaction:1843,XPhos,1,,14.02259716,18.037799835205078,13.332209587097168
reaction:1844,XPhos,2,,3.02090007,2.667390823364258,14.469751358032227
reaction:1845,XPhos,1,,9.070205476,8.693553924560547,13.502894401550293
reaction:1846,XPhos,3,,6.9996798810000005,10.385198593139648,13.114608764648438
reaction:1847,XPhos,0,,14.86219247,6.131061553955078,14.150141716003418
reaction:1848,XPhos,0,,19.33424545,21.670841217041016,12.461241722106934
reaction:1849,XPhos,4,,12.44362591,28.37505340576172,13.224560737609863
reaction:1850,XPhos,1,,12.438351,6.2733154296875,12.661519050598145
reaction:1851,XPhos,3,,18.58444117,7.287813186645508,12.771978378295898
reaction:1852,XPhos,1,,17.39978172,9.335317611694336,12.833367347717285
reaction:1853,XPhos,2,,17.22825534,17.62216567993164,14.357104301452637
reaction:1854,XPhos,3,,8.798104801000001,10.261104583740234,13.630102157592773
reaction:1855,XPhos,4,,11.59336493,24.41102409362793,13.888145446777344
reaction:1856,XPhos,1,,2.550915003,5.151346206665039,13.177816390991211
reaction:1857,XPhos,1,,9.795326165,16.144926071166992,13.181519508361816
reaction:1858,XPhos,1,,19.55154349,16.761978149414062,13.38272762298584
reaction:1859,XPhos,0,,0.0,0.3185005187988281,13.32171630859375
reaction:1860,XPhos,4,,0.602239969,-2.0049514770507812,13.024482727050781
reaction:1861,XPhos,0,,2.613234135,4.322549819946289,12.840582847595215
reaction:1862,XPhos,1,,0.0,1.2204055786132812,13.302536010742188
reaction:1863,XPhos,4,,3.339136515,4.739625930786133,12.017399787902832
reaction:1864,XPhos,4,,3.546985039,15.026082992553711,12.633112907409668
reaction:1865,XPhos,1,,10.00194934,1.5766410827636719,11.812774658203125
reaction:1866,XPhos,2,,18.5257144,17.85280990600586,11.8016996383667
reaction:1867,XPhos,2,,21.49059564,19.27088165283203,12.335030555725098
reaction:1868,XPhos,4,,1.445871909,3.495769500732422,13.446782112121582
reaction:1869,XPhos,1,,0.929191796,0.7540740966796875,13.734763145446777
reaction:1870,XPhos,3,,3.66151941,13.209968566894531,12.53700065612793
reaction:1871,XPhos,0,,10.78337463,8.961849212646484,13.125986099243164
reaction:1872,XPhos,2,,27.09846988,19.19022560119629,12.966512680053711
reaction:1873,XPhos,0,,23.3532112,30.839130401611328,13.035416603088379
reaction:1874,XPhos,3,,0.0,1.6399879455566406,13.602702140808105
reaction:1875,XPhos,1,,5.298016227,4.127021789550781,12.65987491607666
reaction:1876,XPhos,4,,10.26938874,8.55508041381836,12.767101287841797
reaction:1877,XPhos,2,,1.52899949,5.52778434753418,13.898435592651367
reaction:1878,XPhos,0,,19.26994536,14.79062271118164,11.730691909790039
reaction:1879,XPhos,0,,30.9794262,28.456579208374023,12.251410484313965
reaction:1880,XPhos,4,,18.83260332,18.41461944580078,12.088937759399414
reaction:1881,XPhos,2,,28.69582004,32.96692657470703,11.784647941589355
reaction:1882,XPhos,0,,28.02951353,42.3983268737793,12.210129737854004
reaction:1883,XPhos,1,,4.247160433,7.755138397216797,13.213387489318848
reaction:1884,XPhos,1,,18.76658525,10.448305130004883,13.621819496154785
reaction:1885,XPhos,2,,26.7561311,17.318862915039062,13.294087409973145
reaction:1886,XPhos,0,,0.522267307,6.579729080200195,15.993858337402344
reaction:1887,XPhos,4,,0.0,2.4879894256591797,14.780735969543457
reaction:1888,XPhos,2,,0.0,8.296150207519531,15.59278678894043
reaction:1889,XPhos,2,,0.0,4.248590469360352,16.416677474975586
reaction:1890,XPhos,2,,0.0,1.397958755493164,15.455778121948242
reaction:1891,XPhos,0,,0.0,1.290060043334961,14.525407791137695
reaction:1892,XPhos,0,,0.0,4.603874206542969,16.099468231201172
reaction:1893,XPhos,2,,0.0,7.666584014892578,14.74983024597168
reaction:1894,XPhos,3,,0.0,8.858980178833008,14.020804405212402
reaction:1895,XPhos,0,,0.0,-5.707401275634766,14.107415199279785
reaction:1896,XPhos,3,,0.0,-8.107711791992188,13.21983528137207
reaction:1897,XPhos,4,,0.0,-4.864376068115234,13.759448051452637
reaction:1898,XPhos,1,,0.0,6.054828643798828,16.240066528320312
reaction:1899,XPhos,1,,0.0,0.7676582336425781,15.221076965332031
reaction:1900,XPhos,0,,0.0,6.531715393066406,14.751801490783691
reaction:1901,XPhos,1,,0.7575191240000001,5.709478378295898,15.773982048034668
reaction:1902,XPhos,0,,0.5467913839999999,11.669021606445312,14.875391006469727
reaction:1903,XPhos,4,,0.70766924,8.745914459228516,14.183774948120117
reaction:1904,XPhos,4,,0.0,1.195852279663086,15.95909595489502
reaction:1905,XPhos,4,,0.0,-2.6421775817871094,13.758934020996094
reaction:1906,XPhos,1,,1.933202382,-1.0986366271972656,14.698180198669434
reaction:1907,XPhos,2,,0.0,0.4830169677734375,16.053083419799805
reaction:1908,XPhos,3,,1.204026973,-0.6550178527832031,12.827948570251465
reaction:1909,XPhos,1,,0.602410789,-0.964599609375,13.993242263793945
reaction:1910,XPhos,1,,0.0,-5.227245330810547,13.581314086914062
reaction:1911,XPhos,4,,1.437346554,9.322633743286133,12.34586238861084
reaction:1912,XPhos,0,,1.530768374,3.1216659545898438,13.872110366821289
reaction:1913,XPhos,0,,0.0,1.0017433166503906,15.477808952331543
reaction:1914,XPhos,3,,0.0,-6.169589996337891,14.534712791442871
reaction:1915,XPhos,0,,0.027450906,-0.9974555969238281,14.721722602844238
reaction:1916,XPhos,1,,16.82018282,14.550348281860352,15.803047180175781
reaction:1917,XPhos,4,,21.42393699,13.292915344238281,14.375955581665039
reaction:1918,XPhos,0,,19.15166059,13.375240325927734,14.81058406829834
reaction:1919,XPhos,2,,0.423167396,3.005645751953125,15.910938262939453
reaction:1920,XPhos,2,,4.73013199,5.701148986816406,14.367559432983398
reaction:1921,XPhos,3,,9.35930625,7.365823745727539,13.81358814239502
reaction:1922,XPhos,1,,3.525705852,6.934288024902344,15.960699081420898
reaction:1923,XPhos,0,,17.85871647,7.380216598510742,13.32868480682373
reaction:1924,XPhos,4,,21.48672588,17.460338592529297,12.864501953125
reaction:1925,XPhos,4,,7.156167612999999,15.033437728881836,12.33053970336914
reaction:1926,XPhos,4,,11.85200713,25.92357063293457,12.463621139526367
reaction:1927,XPhos,2,,13.49999802,24.498632431030273,13.845189094543457
reaction:1928,XPhos,2,,4.333466821,9.483415603637695,15.411676406860352
reaction:1929,XPhos,3,,12.51722888,6.039773941040039,14.644895553588867
reaction:1930,XPhos,0,,18.54827099,11.458913803100586,14.74403190612793
reaction:1931,XPhos,0,,16.76617673,16.84025001525879,13.662109375
reaction:1932,XPhos,1,,27.47304315,18.707134246826172,13.156566619873047
reaction:1933,XPhos,4,,35.89724622,31.803977966308594,13.101906776428223
reaction:1934,XPhos,3,,0.8503584259999999,1.7304401397705078,14.461655616760254
reaction:1935,XPhos,3,,9.607508599,8.865493774414062,12.714632987976074
reaction:1936,XPhos,4,,11.82938133,16.66360092163086,12.647619247436523
reaction:1937,XPhos,0,,8.822068949,5.965862274169922,13.919440269470215
reaction:1938,XPhos,1,,25.87549138,31.608896255493164,12.07658863067627
reaction:1939,XPhos,3,,34.29689514,36.522865295410156,12.766851425170898
reaction:1940,XPhos,2,,17.200701000000002,11.894121170043945,12.07376480102539
reaction:1941,XPhos,3,,24.04057337,18.309104919433594,11.984392166137695
reaction:1942,XPhos,0,,23.94536549,22.12706756591797,12.650274276733398
reaction:1943,XPhos,0,,15.22072074,22.544429779052734,13.920442581176758
reaction:1944,XPhos,1,,20.45508721,26.953901290893555,13.569082260131836
reaction:1945,XPhos,1,,28.5480245,41.318763732910156,13.277043342590332
reaction:1946,XPhos,3,,13.87079949,13.52425765991211,12.75864315032959
reaction:1947,XPhos,4,,22.22290277,22.035829544067383,11.938880920410156
reaction:1948,XPhos,0,,26.64038865,28.411727905273438,12.253036499023438
reaction:1949,XPhos,0,,0.0,0.4935951232910156,13.285489082336426
reaction:1950,XPhos,3,,1.629425083,-3.7151832580566406,12.185443878173828
reaction:1951,XPhos,0,,2.128691227,-3.2390060424804688,12.687935829162598
reaction:1952,XPhos,1,,2.570236026,3.7740631103515625,12.80510139465332
reaction:1953,XPhos,3,,8.384736601,6.247259140014648,11.774173736572266
reaction:1954,XPhos,3,,11.20904607,10.196596145629883,12.345182418823242
reaction:1955,XPhos,3,,6.819997972,6.4020233154296875,12.011188507080078
reaction:1956,XPhos,3,,13.1450619,23.07635498046875,11.922067642211914
reaction:1957,XPhos,3,,12.68763797,22.75986099243164,12.06059455871582
reaction:1958,XPhos,2,,3.235819119,7.345495223999023,12.442718505859375
reaction:1959,XPhos,4,,5.972926182,7.426290512084961,12.637185096740723
reaction:1960,XPhos,0,,8.041639597,9.498855590820312,12.519573211669922
reaction:1961,XPhos,4,,18.97711675,15.334503173828125,12.454944610595703
reaction:1962,XPhos,0,,28.60232004,22.302946090698242,12.25151252746582
reaction:1963,XPhos,3,,40.27113975,31.662031173706055,12.115262985229492
reaction:1964,XPhos,0,,0.0,0.42780303955078125,12.834522247314453
reaction:1965,XPhos,0,,1.79441071,-0.2746124267578125,12.659530639648438
reaction:1966,XPhos,2,,2.066222749,6.011943817138672,11.478344917297363
reaction:1967,XPhos,0,,5.163801227,4.301916122436523,12.974940299987793
reaction:1968,XPhos,4,,11.8907701,12.785385131835938,11.185141563415527
reaction:1969,XPhos,4,,29.83775681,24.70469856262207,12.062321662902832
reaction:1970,XPhos,2,,16.58042552,16.00286865234375,11.115431785583496
reaction:1971,XPhos,3,,26.94242513,36.749385833740234,11.77375316619873
reaction:1972,XPhos,2,,27.31009438,37.35557174682617,11.74492073059082
reaction:1973,XPhos,1,,5.543745956,7.721445083618164,12.81493091583252
reaction:1974,XPhos,3,,10.25341715,12.681329727172852,12.336967468261719
reaction:1975,XPhos,3,,14.86685885,20.05612564086914,12.377138137817383
reaction:1976,t-BuXPhos,0,,0.0,9.558794021606445,13.123744010925293
reaction:1977,t-BuXPhos,2,,0.0,3.257291793823242,13.599040985107422
reaction:1978,t-BuXPhos,3,,0.0,2.8716697692871094,13.177779197692871
reaction:1979,t-BuXPhos,1,,0.0,0.2381591796875,14.23547077178955
reaction:1980,t-BuXPhos,4,,0.8010865229999999,0.5951461791992188,13.073628425598145
reaction:1981,t-BuXPhos,3,,2.97427716,0.08967208862304688,13.059463500976562
reaction:1982,t-BuXPhos,4,,0.0,5.627193450927734,14.119485855102539
reaction:1983,t-BuXPhos,3,,1.599458738,3.797487258911133,12.204618453979492
reaction:1984,t-BuXPhos,2,,2.601590615,3.343801498413086,13.023446083068848
reaction:1985,t-BuXPhos,0,,3.510094374,5.464391708374023,11.562005043029785
reaction:1986,t-BuXPhos,4,,8.008432112000001,5.181089401245117,12.78390884399414
reaction:1987,t-BuXPhos,0,,9.011992674,16.483642578125,11.730192184448242
reaction:1988,t-BuXPhos,3,,0.0,14.281644821166992,14.652231216430664
reaction:1989,t-BuXPhos,0,,0.0,21.0650634765625,12.349425315856934
reaction:1990,t-BuXPhos,1,,1.171055965,14.233064651489258,13.117348670959473
reaction:1991,t-BuXPhos,1,,24.21309665,20.749174118041992,13.450566291809082
reaction:1992,t-BuXPhos,3,,35.9238924,33.28095626831055,12.611418724060059
reaction:1993,t-BuXPhos,4,,35.32665147,36.154510498046875,12.513172149658203
reaction:1994,t-BuXPhos,2,,0.5535074839999999,0.6915550231933594,13.099943161010742
reaction:1995,t-BuXPhos,1,,36.52871122,36.23118591308594,12.68811321258545
reaction:1996,t-BuXPhos,1,,40.65115531,40.2756233215332,12.832998275756836
reaction:1997,t-BuXPhos,3,,2.408749938,1.9508209228515625,13.623592376708984
reaction:1998,t-BuXPhos,2,,56.843372200000005,58.50718688964844,11.091137886047363
reaction:1999,t-BuXPhos,2,,58.99233401,61.411231994628906,12.106583595275879
reaction:2000,t-BuXPhos,1,,60.26102193,61.3033447265625,11.651241302490234
reaction:2001,t-BuXPhos,0,,60.25206697,66.39567565917969,10.724570274353027
reaction:2002,t-BuXPhos,4,,63.42879895,63.10059356689453,11.854879379272461
reaction:2003,t-BuXPhos,1,,25.82773903,20.588476181030273,13.514006614685059
reaction:2004,t-BuXPhos,2,,60.28357539,61.384063720703125,12.940879821777344
reaction:2005,t-BuXPhos,2,,61.92858478,63.211509704589844,12.80872631072998
reaction:2006,t-BuXPhos,3,,28.132793300000003,27.568052291870117,13.425479888916016
reaction:2007,t-BuXPhos,4,,40.09723237,42.37947082519531,12.429707527160645
reaction:2008,t-BuXPhos,2,,48.69500261,48.33047866821289,12.673840522766113
reaction:2009,t-BuXPhos,4,,0.723968187,2.643400192260742,13.466620445251465
reaction:2010,t-BuXPhos,2,,51.38895599,48.14611053466797,12.599271774291992
reaction:2011,t-BuXPhos,3,,56.62080434,48.203495025634766,12.414438247680664
reaction:2012,t-BuXPhos,2,,2.853941347,7.11522102355957,14.562762260437012
reaction:2013,t-BuXPhos,1,,73.31932313,74.74397277832031,11.377974510192871
reaction:2014,t-BuXPhos,3,,74.44046437,72.88340759277344,12.115129470825195
reaction:2015,t-BuXPhos,1,,81.53694628,85.36753845214844,11.722530364990234
reaction:2016,t-BuXPhos,1,,85.40177854,87.21908569335938,11.598721504211426
reaction:2017,t-BuXPhos,1,,88.51390693,86.40701293945312,12.168656349182129
reaction:2018,t-BuXPhos,2,,31.87466664,31.00648307800293,13.511439323425293
reaction:2019,t-BuXPhos,3,,85.8122803,80.50543975830078,12.939516067504883
reaction:2020,t-BuXPhos,0,,83.31333267,80.52940368652344,12.362444877624512
reaction:2021,t-BuXPhos,2,,13.02655322,19.207927703857422,14.042572021484375
reaction:2022,t-BuXPhos,1,,16.09836574,16.526554107666016,12.826692581176758
reaction:2023,t-BuXPhos,4,,15.87410565,14.910249710083008,13.30294132232666
reaction:2024,t-BuXPhos,1,,1.879419954,2.4111061096191406,14.01181697845459
reaction:2025,t-BuXPhos,3,,14.85699263,15.595657348632812,12.999028205871582
reaction:2026,t-BuXPhos,2,,19.37897224,15.726581573486328,13.263895988464355
reaction:2027,t-BuXPhos,2,,4.57865157,8.435356140136719,14.136662483215332
reaction:2028,t-BuXPhos,2,,22.0084522,22.59296417236328,12.755072593688965
reaction:2029,t-BuXPhos,3,,22.22340072,27.77849578857422,13.141611099243164
reaction:2030,t-BuXPhos,3,,21.68221926,26.639583587646484,12.644121170043945
reaction:2031,t-BuXPhos,2,,35.06478929,27.78013801574707,12.356226921081543
reaction:2032,t-BuXPhos,2,,30.72459608,32.80734634399414,12.955012321472168
reaction:2033,t-BuXPhos,2,,10.88472418,26.483577728271484,14.068886756896973
reaction:2034,t-BuXPhos,3,,21.37540077,33.60660171508789,13.300796508789062
reaction:2035,t-BuXPhos,3,,23.67114189,28.633169174194336,13.221928596496582
reaction:2036,t-BuXPhos,2,,0.7474117720000001,12.116159439086914,13.871917724609375
reaction:2037,t-BuXPhos,4,,9.794715203,15.078027725219727,12.60389518737793
reaction:2038,t-BuXPhos,4,,23.9717282,21.879507064819336,12.450155258178711
reaction:2039,t-BuXPhos,2,,0.0,0.9164886474609375,13.171177864074707
reaction:2040,t-BuXPhos,4,,6.683677134,11.173158645629883,12.548554420471191
reaction:2041,t-BuXPhos,4,,25.46788478,17.747272491455078,12.39552116394043
reaction:2042,t-BuXPhos,0,,0.0,4.847272872924805,13.171067237854004
reaction:2043,t-BuXPhos,0,,14.43583555,23.022235870361328,11.223650932312012
reaction:2044,t-BuXPhos,2,,41.96736477,36.181190490722656,11.890324592590332
reaction:2045,t-BuXPhos,3,,12.36409536,32.21915817260742,11.389946937561035
reaction:2046,t-BuXPhos,0,,33.74087377,34.02095031738281,11.345084190368652
reaction:2047,t-BuXPhos,0,,44.53583158,35.37416458129883,11.959063529968262
reaction:2048,t-BuXPhos,4,,0.0,18.871051788330078,13.334153175354004
reaction:2049,t-BuXPhos,1,,30.43973822,31.523958206176758,13.076197624206543
reaction:2050,t-BuXPhos,2,,39.10680932,33.69594192504883,12.76992416381836
reaction:2051,t-BuXPhos,3,,22.894141,16.55364990234375,13.042454719543457
reaction:2052,t-BuXPhos,4,,27.11496768,31.06905746459961,12.760777473449707
reaction:2053,t-BuXPhos,1,,41.66866973,33.96169662475586,12.884514808654785
reaction:2054,t-BuXPhos,1,,2.863405084,1.590707778930664,14.449519157409668
reaction:2055,t-BuXPhos,4,,21.62255716,29.69979476928711,12.583539009094238
reaction:2056,t-BuXPhos,2,,35.07362546,35.01538848876953,12.263558387756348
reaction:2057,t-BuXPhos,3,,13.56968075,4.221586227416992,13.016499519348145
reaction:2058,t-BuXPhos,2,,44.17785429999999,45.049339294433594,11.131097793579102
reaction:2059,t-BuXPhos,1,,61.501693200000005,55.3935661315918,11.500907897949219
reaction:2060,t-BuXPhos,3,,48.36115435,60.7214241027832,11.288531303405762
reaction:2061,t-BuXPhos,1,,61.11611165,59.60606384277344,11.032792091369629
reaction:2062,t-BuXPhos,0,,70.86807008,65.90982055664062,11.92251968383789
reaction:2063,t-BuXPhos,3,,39.35843617,15.129316329956055,14.325092315673828
reaction:2064,t-BuXPhos,0,,54.8424453,56.13801193237305,12.473871231079102
reaction:2065,t-BuXPhos,3,,60.06619639,59.4158935546875,12.695920944213867
reaction:2066,t-BuXPhos,4,,1.009269411,6.744192123413086,15.74106502532959
reaction:2067,t-BuXPhos,2,,5.034974824,6.509635925292969,15.480871200561523
reaction:2068,t-BuXPhos,3,,4.765281768,3.11376953125,14.112483024597168
reaction:2069,t-BuXPhos,4,,0.359225753,2.923337936401367,16.32478141784668
reaction:2070,t-BuXPhos,2,,4.621114909,2.6376075744628906,15.227783203125
reaction:2071,t-BuXPhos,3,,3.876829723,3.717287063598633,13.716514587402344
reaction:2072,t-BuXPhos,1,,0.400015161,4.851839065551758,16.37663459777832
reaction:2073,t-BuXPhos,1,,5.425616594,5.875299453735352,12.691234588623047
reaction:2074,t-BuXPhos,2,,8.36792795,4.263702392578125,14.972994804382324
reaction:2075,t-BuXPhos,0,,3.451949517,6.563776016235352,13.342117309570312
reaction:2076,t-BuXPhos,1,,4.84059533,7.072059631347656,12.760788917541504
reaction:2077,t-BuXPhos,4,,10.03634536,11.806539535522461,13.313508033752441
reaction:2078,t-BuXPhos,3,,1.309393322,11.351566314697266,16.25439453125
reaction:2079,t-BuXPhos,0,,2.689766175,14.235275268554688,14.36690902709961
reaction:2080,t-BuXPhos,2,,4.416019864,11.186393737792969,15.263688087463379
reaction:2081,t-BuXPhos,3,,0.0,6.481777191162109,15.637555122375488
reaction:2082,t-BuXPhos,2,,1.785587557,2.7243900299072266,14.757508277893066
reaction:2083,t-BuXPhos,0,,3.141934656,2.1968345642089844,14.531246185302734
reaction:2084,t-BuXPhos,1,,0.0,1.4452438354492188,16.51314926147461
reaction:2085,t-BuXPhos,2,,0.74784749,-0.8435096740722656,14.081696510314941
reaction:2086,t-BuXPhos,0,,2.732925094,0.9825172424316406,14.086784362792969
reaction:2087,t-BuXPhos,4,,0.518126221,5.115316390991211,16.055368423461914
reaction:2088,t-BuXPhos,3,,2.39251025,2.307689666748047,12.202780723571777
reaction:2089,t-BuXPhos,4,,6.363967977000001,6.707038879394531,12.796552658081055
reaction:2090,t-BuXPhos,0,,1.986478634,7.753910064697266,12.874571800231934
reaction:2091,t-BuXPhos,4,,6.315944702,12.257328033447266,12.04348087310791
reaction:2092,t-BuXPhos,2,,8.140819585,13.006771087646484,13.166769981384277
reaction:2093,t-BuXPhos,0,,0.0,11.538368225097656,15.406844139099121
reaction:2094,t-BuXPhos,4,,2.39840777,8.690290451049805,14.094633102416992
reaction:2095,t-BuXPhos,3,,3.973986769,9.458452224731445,14.186929702758789
reaction:2096,t-BuXPhos,4,,21.36830036,18.036149978637695,15.327383995056152
reaction:2097,t-BuXPhos,0,,21.54675104,22.068653106689453,14.922257423400879
reaction:2098,t-BuXPhos,1,,23.06691402,22.045570373535156,14.160771369934082
reaction:2099,t-BuXPhos,3,,2.7209239710000004,3.075244903564453,16.278385162353516
reaction:2100,t-BuXPhos,3,,15.47495789,20.48631477355957,13.688878059387207
reaction:2101,t-BuXPhos,0,,19.40320705,20.030012130737305,14.029011726379395
reaction:2102,t-BuXPhos,3,,14.32160153,8.851781845092773,15.694284439086914
reaction:2103,t-BuXPhos,2,,28.13311375,31.994586944580078,12.410154342651367
reaction:2104,t-BuXPhos,0,,30.76250124,32.88579559326172,13.242989540100098
reaction:2105,t-BuXPhos,4,,40.21576406,35.61751174926758,11.914843559265137
reaction:2106,t-BuXPhos,2,,46.05681806,37.55036926269531,12.422210693359375
reaction:2107,t-BuXPhos,1,,51.15306518,36.261295318603516,13.483739852905273
reaction:2108,t-BuXPhos,2,,30.05876834,22.23945426940918,15.134015083312988
reaction:2109,t-BuXPhos,3,,30.11566658,31.657283782958984,14.279749870300293
reaction:2110,t-BuXPhos,3,,33.8132368,37.5848388671875,14.215496063232422
reaction:2111,t-BuXPhos,2,,20.05913492,26.620145797729492,13.02988338470459
reaction:2112,t-BuXPhos,3,,34.2208852,37.158939361572266,12.481501579284668
reaction:2113,t-BuXPhos,3,,40.30244069,39.26573181152344,12.256284713745117
reaction:2114,t-BuXPhos,4,,1.194006928,3.2638397216796875,13.651277542114258
reaction:2115,t-BuXPhos,1,,27.35092133,29.88421058654785,12.560097694396973
reaction:2116,t-BuXPhos,4,,26.91242644,36.699764251708984,12.200366973876953
reaction:2117,t-BuXPhos,2,,5.628261366,8.884279251098633,12.828534126281738
reaction:2118,t-BuXPhos,3,,51.85571731,54.481048583984375,11.227849960327148
reaction:2119,t-BuXPhos,0,,49.62220517,50.985923767089844,12.118208885192871
reaction:2120,t-BuXPhos,1,,53.94447324,49.81813049316406,12.032546043395996
reaction:2121,t-BuXPhos,1,,65.48767084,57.7265739440918,11.606791496276855
reaction:2122,t-BuXPhos,0,,66.1445595,62.31368637084961,12.37565803527832
reaction:2123,t-BuXPhos,3,,38.1181996,37.698177337646484,14.061676025390625
reaction:2124,t-BuXPhos,2,,64.2716813,60.294921875,12.562897682189941
reaction:2125,t-BuXPhos,4,,65.73471929,62.79930877685547,12.713768005371094
reaction:2126,t-BuXPhos,4,,18.75584418,17.88311004638672,12.541366577148438
reaction:2127,t-BuXPhos,0,,28.59018557,26.94747543334961,13.035024642944336
reaction:2128,t-BuXPhos,3,,31.83731475,28.224365234375,12.519190788269043
reaction:2129,t-BuXPhos,3,,0.7070455170000001,0.23973846435546875,13.879173278808594
reaction:2130,t-BuXPhos,4,,13.25145725,19.609073638916016,12.193097114562988
reaction:2131,t-BuXPhos,4,,15.92909866,20.457284927368164,12.118402481079102
reaction:2132,t-BuXPhos,4,,4.0644436960000005,6.107927322387695,12.926135063171387
reaction:2133,t-BuXPhos,2,,32.63137063,40.56025314331055,10.980977058410645
reaction:2134,t-BuXPhos,2,,32.03830806,43.058921813964844,11.789203643798828
reaction:2135,t-BuXPhos,3,,38.03832948,43.129520416259766,10.903308868408203
reaction:2136,t-BuXPhos,2,,50.50908656,50.6036376953125,10.941905975341797
reaction:2137,t-BuXPhos,2,,46.64490818,50.051517486572266,11.553485870361328
reaction:2138,t-BuXPhos,1,,27.15209242,27.350685119628906,12.82043170928955
reaction:2139,t-BuXPhos,4,,46.97084661,55.28033447265625,12.078027725219727
reaction:2140,t-BuXPhos,4,,47.28268345,52.89067459106445,12.848685264587402
reaction:2141,t-BuXPhos,1,,29.17558441,28.133167266845703,12.868687629699707
reaction:2142,t-BuXPhos,0,,36.5598853,39.08100891113281,13.098258018493652
reaction:2143,t-BuXPhos,3,,49.46796695,43.99847412109375,12.481678009033203
reaction:2144,t-BuXPhos,3,,1.858400826,2.2180213928222656,14.142834663391113
reaction:2145,t-BuXPhos,4,,31.25713511,36.30687713623047,12.203666687011719
reaction:2146,t-BuXPhos,4,,34.0355551,36.8795051574707,12.122331619262695
reaction:2147,t-BuXPhos,0,,11.31698923,9.88791275024414,12.631193161010742
reaction:2148,t-BuXPhos,0,,62.64758393,61.88277816772461,11.044601440429688
reaction:2149,t-BuXPhos,0,,60.28741502,60.71775817871094,11.633625984191895
reaction:2150,t-BuXPhos,0,,77.39811795,73.25315856933594,11.300276756286621
reaction:2151,t-BuXPhos,4,,83.68183531,76.82179260253906,10.87421703338623
reaction:2152,t-BuXPhos,4,,84.53852223,76.2995834350586,11.343067169189453
reaction:2153,t-BuXPhos,3,,49.15752148,36.12592697143555,13.997795104980469
reaction:2154,t-BuXPhos,0,,76.23035085,72.2572250366211,12.138982772827148
reaction:2155,t-BuXPhos,3,,75.20935081,73.99957275390625,12.39441204071045
reaction:2156,t-BuBrettPhos,4,,0.0,-1.8433151245117188,12.94822883605957
reaction:2157,t-BuBrettPhos,2,,0.0,-0.10687637329101562,12.622196197509766
reaction:2158,t-BuBrettPhos,2,,10.5253011,6.479854583740234,12.269720077514648
reaction:2159,t-BuBrettPhos,4,,0.0,-0.5295639038085938,13.244386672973633
reaction:2160,t-BuBrettPhos,0,,0.0,1.7554874420166016,10.772805213928223
reaction:2161,t-BuBrettPhos,2,,2.458138496,6.847141265869141,12.123424530029297
reaction:2162,t-BuBrettPhos,3,,9.08121194,0.7696075439453125,13.460577964782715
reaction:2163,t-BuBrettPhos,2,,9.636653904,5.607484817504883,11.210200309753418
reaction:2164,t-BuBrettPhos,1,,10.37235966,12.31907844543457,11.596149444580078
reaction:2165,t-BuBrettPhos,0,,1.660025621,11.015707015991211,10.25052261352539
reaction:2166,t-BuBrettPhos,2,,2.145304957,10.479545593261719,12.223312377929688
reaction:2167,t-BuBrettPhos,3,,27.04583578,18.059852600097656,11.915228843688965
reaction:2168,t-BuBrettPhos,1,,0.0,-1.8375396728515625,13.183873176574707
reaction:2169,t-BuBrettPhos,0,,0.0,6.423917770385742,11.25153923034668
reaction:2170,t-BuBrettPhos,4,,0.0,8.743843078613281,12.75123119354248
reaction:2171,t-BuBrettPhos,1,,15.09367159,13.586174011230469,13.12319564819336
reaction:2172,t-BuBrettPhos,2,,34.51239146,35.48365783691406,11.893386840820312
reaction:2173,t-BuBrettPhos,3,,35.6149447,40.732643127441406,11.69269847869873
reaction:2174,t-BuBrettPhos,1,,0.438548426,0.6201248168945312,13.403400421142578
reaction:2175,t-BuBrettPhos,0,,31.2588772,35.986358642578125,10.775860786437988
reaction:2176,t-BuBrettPhos,2,,34.24307349,42.245826721191406,11.152262687683105
reaction:2177,t-BuBrettPhos,2,,6.866213056,3.482595443725586,13.162773132324219
reaction:2178,t-BuBrettPhos,3,,62.44858365,55.14849853515625,9.81745719909668
reaction:2179,t-BuBrettPhos,1,,65.94190973,65.0426254272461,10.615474700927734
reaction:2180,t-BuBrettPhos,2,,58.32558385,52.05835723876953,9.969959259033203
reaction:2181,t-BuBrettPhos,1,,60.47798465,58.637977600097656,10.213557243347168
reaction:2182,t-BuBrettPhos,3,,63.18914382,63.53313446044922,10.734880447387695
reaction:2183,t-BuBrettPhos,1,,18.36789148,15.17161750793457,13.085451126098633
reaction:2184,t-BuBrettPhos,0,,59.7949718,61.93052673339844,11.236945152282715
reaction:2185,t-BuBrettPhos,4,,64.64035682,62.10786437988281,11.537247657775879
reaction:2186,t-BuBrettPhos,4,,17.38451108,18.905536651611328,12.493451118469238
reaction:2187,t-BuBrettPhos,1,,38.46400948,43.07792663574219,11.892084121704102
reaction:2188,t-BuBrettPhos,3,,51.11682644,54.850608825683594,11.643653869628906
reaction:2189,t-BuBrettPhos,0,,0.578158424,1.1450042724609375,12.045166015625
reaction:2190,t-BuBrettPhos,3,,45.97256872,49.486114501953125,11.472090721130371
reaction:2191,t-BuBrettPhos,2,,47.70226953,55.18016052246094,11.263265609741211
reaction:2192,t-BuBrettPhos,0,,7.228003442999999,5.78961181640625,12.275629997253418
reaction:2193,t-BuBrettPhos,2,,79.8902752,76.99130249023438,9.61345100402832
reaction:2194,t-BuBrettPhos,4,,80.5818059,83.44049072265625,10.625358581542969
reaction:2195,t-BuBrettPhos,1,,84.93002270000001,85.85887145996094,10.091672897338867
reaction:2196,t-BuBrettPhos,0,,89.419451,91.35578155517578,9.413003921508789
reaction:2197,t-BuBrettPhos,0,,89.55924552,98.85223388671875,9.908148765563965
reaction:2198,t-BuBrettPhos,3,,13.66378067,17.9611873626709,13.176444053649902
reaction:2199,t-BuBrettPhos,4,,86.89971677,87.92424011230469,11.598306655883789
reaction:2200,t-BuBrettPhos,0,,87.237545,87.61338806152344,11.071342468261719
reaction:2201,t-BuBrettPhos,4,,11.30133212,6.703754425048828,12.972900390625
reaction:2202,t-BuBrettPhos,1,,10.82736056,10.752710342407227,12.0332612991333
reaction:2203,t-BuBrettPhos,2,,12.11048821,11.973455429077148,12.30383586883545
reaction:2204,t-BuBrettPhos,3,,1.03540736,1.0114631652832031,12.904215812683105
reaction:2205,t-BuBrettPhos,3,,15.16491224,12.7315673828125,12.07193660736084
reaction:2206,t-BuBrettPhos,2,,19.46778248,15.403879165649414,12.443968772888184
reaction:2207,t-BuBrettPhos,4,,8.038113026,3.8943119049072266,13.14825439453125
reaction:2208,t-BuBrettPhos,4,,23.73944169,19.21464729309082,12.071621894836426
reaction:2209,t-BuBrettPhos,1,,30.46158728,25.8383731842041,11.29554557800293
reaction:2210,t-BuBrettPhos,1,,24.62070452,27.439712524414062,11.30972957611084
reaction:2211,t-BuBrettPhos,2,,28.5763008,26.28652000427246,11.6326265335083
reaction:2212,t-BuBrettPhos,1,,36.14968182,38.010738372802734,11.514939308166504
reaction:2213,t-BuBrettPhos,0,,13.71916528,6.212848663330078,12.956456184387207
reaction:2214,t-BuBrettPhos,0,,13.98206369,14.418298721313477,12.07573413848877
reaction:2215,t-BuBrettPhos,2,,18.13660134,14.936248779296875,12.470135688781738
reaction:2216,t-BuBrettPhos,1,,0.927604534,2.8108386993408203,12.63694953918457
reaction:2217,t-BuBrettPhos,0,,7.316239252000001,9.001373291015625,11.72053050994873
reaction:2218,t-BuBrettPhos,1,,21.43045359,17.315162658691406,11.458724975585938
reaction:2219,t-BuBrettPhos,4,,0.0,-0.06899642944335938,13.390892028808594
reaction:2220,t-BuBrettPhos,0,,3.292807267,5.914459228515625,11.212288856506348
reaction:2221,t-BuBrettPhos,3,,23.04423411,13.509233474731445,11.188241004943848
reaction:2222,t-BuBrettPhos,3,,0.0,0.9858283996582031,12.947136878967285
reaction:2223,t-BuBrettPhos,0,,7.479579469,14.461193084716797,9.769184112548828
reaction:2224,t-BuBrettPhos,3,,39.99701682,33.053504943847656,10.550450325012207
reaction:2225,t-BuBrettPhos,1,,9.836570629,10.561853408813477,9.782142639160156
reaction:2226,t-BuBrettPhos,3,,16.26033077,15.310443878173828,9.837822914123535
reaction:2227,t-BuBrettPhos,0,,36.05690183,27.883405685424805,10.342764854431152
reaction:2228,t-BuBrettPhos,0,,0.0,2.0309391021728516,12.694633483886719
reaction:2229,t-BuBrettPhos,2,,15.39357697,19.1671085357666,11.649242401123047
reaction:2230,t-BuBrettPhos,2,,27.678997100000004,25.598793029785156,11.575675010681152
reaction:2231,t-BuBrettPhos,0,,20.24596352,9.588871002197266,12.488298416137695
reaction:2232,t-BuBrettPhos,3,,29.08430143,26.42183494567871,11.50275993347168
reaction:2233,t-BuBrettPhos,1,,38.79638342,34.50259780883789,11.46654224395752
reaction:2234,t-BuBrettPhos,3,,0.851812248,1.1148948669433594,12.923351287841797
reaction:2235,t-BuBrettPhos,3,,26.7810647,24.71816635131836,11.072163581848145
reaction:2236,t-BuBrettPhos,3,,29.42310745,30.931570053100586,11.137109756469727
reaction:2237,t-BuBrettPhos,3,,7.689322987000001,3.742767333984375,12.926304817199707
reaction:2238,t-BuBrettPhos,2,,45.3883139,39.385276794433594,9.917386054992676
reaction:2239,t-BuBrettPhos,3,,59.85587044,56.64695358276367,10.617749214172363
reaction:2240,t-BuBrettPhos,3,,49.94868445,51.449180603027344,10.148365020751953
reaction:2241,t-BuBrettPhos,4,,50.70720641,56.431705474853516,10.00118350982666
reaction:2242,t-BuBrettPhos,3,,77.95754061,67.50236511230469,10.223437309265137
reaction:2243,t-BuBrettPhos,1,,15.1222891,10.872922897338867,12.823142051696777
reaction:2244,t-BuBrettPhos,2,,45.50180654,47.93263626098633,11.79789924621582
reaction:2245,t-BuBrettPhos,2,,48.17982197,54.24372482299805,11.739174842834473
reaction:2246,t-BuBrettPhos,0,,1.232632372,0.948455810546875,15.269034385681152
reaction:2247,t-BuBrettPhos,0,,5.992320527,3.4816856384277344,13.821243286132812
reaction:2248,t-BuBrettPhos,2,,4.022257677,3.5427932739257812,14.727715492248535
reaction:2249,t-BuBrettPhos,0,,0.0,0.5189743041992188,14.98962688446045
reaction:2250,t-BuBrettPhos,0,,3.26158183,5.399377822875977,13.33788776397705
reaction:2251,t-BuBrettPhos,2,,6.286120839,5.041097640991211,14.499263763427734
reaction:2252,t-BuBrettPhos,1,,9.606838288,2.646177291870117,15.80431079864502
reaction:2253,t-BuBrettPhos,4,,13.59760256,3.492351531982422,11.071222305297852
reaction:2254,t-BuBrettPhos,4,,10.04227922,7.073503494262695,12.589895248413086
reaction:2255,t-BuBrettPhos,0,,4.444109893,11.325090408325195,12.720227241516113
reaction:2256,t-BuBrettPhos,3,,2.413308832,6.43928337097168,10.697617530822754
reaction:2257,t-BuBrettPhos,2,,12.05269157,10.705429077148438,14.185615539550781
reaction:2258,t-BuBrettPhos,3,,0.0,1.9368953704833984,15.513871192932129
reaction:2259,t-BuBrettPhos,1,,6.360003901000001,2.6103897094726562,13.570465087890625
reaction:2260,t-BuBrettPhos,3,,6.499222361,5.606304168701172,12.942535400390625
reaction:2261,t-BuBrettPhos,0,,0.7015522279999999,2.4558639526367188,15.109535217285156
reaction:2262,t-BuBrettPhos,0,,2.069098233,4.269235610961914,13.791484832763672
reaction:2263,t-BuBrettPhos,0,,3.566410027,3.513334274291992,13.15671443939209
reaction:2264,t-BuBrettPhos,1,,0.0,0.5483360290527344,15.919281005859375
reaction:2265,t-BuBrettPhos,1,,0.64714493,0.031467437744140625,12.730628967285156
reaction:2266,t-BuBrettPhos,2,,2.042704931,3.0672245025634766,13.006094932556152
reaction:2267,t-BuBrettPhos,1,,0.8551124720000001,5.557046890258789,15.975394248962402
reaction:2268,t-BuBrettPhos,4,,2.370474153,1.8285789489746094,10.473332405090332
reaction:2269,t-BuBrettPhos,3,,6.026719466,7.8758544921875,11.85844898223877
reaction:2270,t-BuBrettPhos,3,,0.0,2.4370193481445312,11.22874641418457
reaction:2271,t-BuBrettPhos,2,,1.592422994,3.124378204345703,10.96928596496582
reaction:2272,t-BuBrettPhos,3,,2.633148758,5.631258010864258,11.57447624206543
reaction:2273,t-BuBrettPhos,3,,0.0,9.53822135925293,15.642321586608887
reaction:2274,t-BuBrettPhos,2,,1.73070141,4.951160430908203,13.48266887664795
reaction:2275,t-BuBrettPhos,0,,2.661542727,6.32172966003418,12.805464744567871
reaction:2276,t-BuBrettPhos,3,,20.0833829,16.978290557861328,15.367074966430664
reaction:2277,t-BuBrettPhos,0,,22.43503561,23.84883689880371,13.829676628112793
reaction:2278,t-BuBrettPhos,2,,22.47082227,24.28518295288086,13.350897789001465
reaction:2279,t-BuBrettPhos,4,,0.788355769,2.427762985229492,15.678013801574707
reaction:2280,t-BuBrettPhos,0,,15.37805239,19.908288955688477,12.811821937561035
reaction:2281,t-BuBrettPhos,2,,15.73387398,21.615612030029297,13.010335922241211
reaction:2282,t-BuBrettPhos,0,,13.65409275,9.319299697875977,15.56046199798584
reaction:2283,t-BuBrettPhos,4,,30.87951231,31.466299057006836,10.688811302185059
reaction:2284,t-BuBrettPhos,1,,33.69627508,34.08999252319336,12.024185180664062
reaction:2285,t-BuBrettPhos,4,,40.01187418,35.47823715209961,10.90898323059082
reaction:2286,t-BuBrettPhos,4,,40.89777506,39.29853820800781,11.057879447937012
reaction:2287,t-BuBrettPhos,1,,44.9389876,38.104644775390625,12.220696449279785
reaction:2288,t-BuBrettPhos,0,,28.90716664,17.685016632080078,14.935993194580078
reaction:2289,t-BuBrettPhos,1,,32.16902238,29.814315795898438,13.621589660644531
reaction:2290,t-BuBrettPhos,4,,33.39106531,33.515724182128906,13.646838188171387
reaction:2291,t-BuBrettPhos,4,,16.27214516,9.922122955322266,12.111778259277344
reaction:2292,t-BuBrettPhos,3,,30.61272696,21.32396697998047,11.351808547973633
reaction:2293,t-BuBrettPhos,3,,42.70251629,31.931833267211914,11.110918045043945
reaction:2294,t-BuBrettPhos,1,,0.593797719,1.1045894622802734,12.808950424194336
reaction:2295,t-BuBrettPhos,3,,23.1010236,21.865985870361328,10.749625205993652
reaction:2296,t-BuBrettPhos,2,,29.85245303,30.16067886352539,10.856263160705566
reaction:2297,t-BuBrettPhos,0,,9.228754169,7.138357162475586,12.938234329223633
reaction:2298,t-BuBrettPhos,3,,54.9141799,48.094539642333984,10.183083534240723
reaction:2299,t-BuBrettPhos,0,,59.29246641,53.647918701171875,11.196170806884766
reaction:2300,t-BuBrettPhos,2,,56.49708288,41.2261962890625,11.384462356567383
reaction:2301,t-BuBrettPhos,4,,63.56506276,47.711585998535156,11.37047290802002
reaction:2302,t-BuBrettPhos,4,,68.44214129,53.62688446044922,11.022674560546875
reaction:2303,t-BuBrettPhos,2,,36.10795647,13.233901977539062,11.809713363647461
reaction:2304,t-BuBrettPhos,4,,70.74157393,37.08345413208008,11.848943710327148
reaction:2305,t-BuBrettPhos,2,,73.24639173,42.07796096801758,11.371600151062012
reaction:2306,t-BuBrettPhos,4,,16.10027076,10.864767074584961,11.86264419555664
reaction:2307,t-BuBrettPhos,2,,29.89972719,25.354982376098633,11.172901153564453
reaction:2308,t-BuBrettPhos,2,,33.0062022,33.66657257080078,10.930651664733887
reaction:2309,t-BuBrettPhos,2,,0.0,0.3818931579589844,11.499432563781738
reaction:2310,t-BuBrettPhos,4,,11.92095297,16.67068099975586,10.501729965209961
reaction:2311,t-BuBrettPhos,2,,18.20662132,27.92295265197754,10.5861177444458
reaction:2312,t-BuBrettPhos,2,,9.58087319,4.108945846557617,11.583427429199219
reaction:2313,t-BuBrettPhos,3,,38.52322666,35.46775817871094,9.395231246948242
reaction:2314,t-BuBrettPhos,3,,44.01604328,48.553367614746094,10.186692237854004
reaction:2315,t-BuBrettPhos,1,,36.66758858,29.22649383544922,9.584426879882812
reaction:2316,t-BuBrettPhos,1,,43.48269562,34.44705581665039,9.547229766845703
reaction:2317,t-BuBrettPhos,3,,47.63381676,50.99041748046875,10.27347469329834
reaction:2318,t-BuBrettPhos,1,,24.80297238,17.807376861572266,12.589630126953125
reaction:2319,t-BuBrettPhos,3,,53.55291415,48.05690383911133,10.951275825500488
reaction:2320,t-BuBrettPhos,0,,58.6831586,55.92247009277344,11.018457412719727
reaction:2321,t-BuBrettPhos,1,,22.90680768,18.995677947998047,12.33997631072998
reaction:2322,t-BuBrettPhos,4,,36.5499256,38.02434539794922,10.975565910339355
reaction:2323,t-BuBrettPhos,1,,49.30223849,50.76428985595703,10.991253852844238
reaction:2324,t-BuBrettPhos,2,,0.710304987,1.4841976165771484,11.662055015563965
reaction:2325,t-BuBrettPhos,2,,29.57593303,35.93907165527344,10.636430740356445
reaction:2326,t-BuBrettPhos,2,,35.50826326,45.403961181640625,10.68235969543457
reaction:2327,t-BuBrettPhos,4,,13.45243807,7.360240936279297,12.515955924987793
reaction:2328,t-BuBrettPhos,0,,65.066599,61.35114288330078,9.400689125061035
reaction:2329,t-BuBrettPhos,2,,69.13479769,72.3912353515625,10.812548637390137
reaction:2330,t-BuBrettPhos,3,,80.10225068,67.5655517578125,9.791848182678223
reaction:2331,t-BuBrettPhos,1,,85.13318487,73.54926300048828,9.510822296142578
reaction:2332,t-BuBrettPhos,4,,89.59877790000002,82.66339111328125,10.139408111572266
reaction:2333,t-BuBrettPhos,4,,40.91094026,26.54167938232422,12.490776062011719
reaction:2334,t-BuBrettPhos,4,,80.00019125,66.21502685546875,11.246952056884766
reaction:2335,t-BuBrettPhos,2,,83.40919805,82.44090270996094,10.873320579528809
reaction:2336,AdBrettPhos,1,,0.0,-3.035888671875,12.944676399230957
reaction:2337,AdBrettPhos,0,,0.0,-3.891735076904297,11.39117431640625
reaction:2338,AdBrettPhos,1,,12.15190247,5.35466194152832,12.190385818481445
reaction:2339,AdBrettPhos,2,,0.0,-0.22626113891601562,13.199189186096191
reaction:2340,AdBrettPhos,3,,0.0,0.7137222290039062,12.042729377746582
reaction:2341,AdBrettPhos,3,,7.843927615,2.4981021881103516,12.225513458251953
reaction:2342,AdBrettPhos,4,,0.0,6.422386169433594,13.33187484741211
reaction:2343,AdBrettPhos,4,,1.023181291,7.041791915893555,12.133279800415039
reaction:2344,AdBrettPhos,2,,14.17510686,9.451522827148438,12.104153633117676
reaction:2345,AdBrettPhos,4,,0.0,5.769601821899414,12.170478820800781
reaction:2346,AdBrettPhos,0,,0.0,8.53277587890625,10.425602912902832
reaction:2347,AdBrettPhos,3,,17.5357483,16.042905807495117,11.958050727844238
reaction:2348,AdBrettPhos,2,,0.0,-3.715587615966797,13.252581596374512
reaction:2349,AdBrettPhos,4,,0.0,-0.9965934753417969,12.558756828308105
reaction:2350,AdBrettPhos,4,,16.7720232,9.042093276977539,12.8018798828125
reaction:2351,AdBrettPhos,1,,12.19056007,11.160215377807617,13.12299633026123
reaction:2352,AdBrettPhos,1,,34.43934364,31.09823226928711,11.82483959197998
reaction:2353,AdBrettPhos,1,,36.629676,36.08176803588867,11.85517406463623
reaction:2354,AdBrettPhos,3,,0.4065857229999999,0.8111839294433594,13.660859107971191
reaction:2355,AdBrettPhos,4,,33.21564888,28.078794479370117,11.157252311706543
reaction:2356,AdBrettPhos,1,,37.49278178,34.861759185791016,11.446317672729492
reaction:2357,AdBrettPhos,0,,1.161532817,3.1750431060791016,12.162096977233887
reaction:2358,AdBrettPhos,0,,50.13324447,49.51846694946289,9.44332218170166
reaction:2359,AdBrettPhos,4,,58.15311301,61.68818664550781,10.741459846496582
reaction:2360,AdBrettPhos,1,,43.94688122,46.8907585144043,10.328161239624023
reaction:2361,AdBrettPhos,1,,46.59177534,52.4849967956543,10.259448051452637
reaction:2362,AdBrettPhos,3,,51.25885662,57.62751007080078,10.810773849487305
reaction:2363,AdBrettPhos,4,,14.93339955,12.817934036254883,13.101716041564941
reaction:2364,AdBrettPhos,3,,55.59012858,58.36772918701172,11.778115272521973
reaction:2365,AdBrettPhos,3,,55.78951841,62.00168991088867,11.63016414642334
reaction:2366,AdBrettPhos,0,,14.51047679,15.533855438232422,12.063044548034668
reaction:2367,AdBrettPhos,0,,38.37909694,38.96786880493164,11.362975120544434
reaction:2368,AdBrettPhos,1,,52.49415636,52.15861511230469,11.833589553833008
reaction:2369,AdBrettPhos,1,,0.7862553109999999,1.2197513580322266,13.534400939941406
reaction:2370,AdBrettPhos,3,,47.61178197,46.93144226074219,11.521316528320312
reaction:2371,AdBrettPhos,1,,50.83768511,49.04061508178711,11.468841552734375
reaction:2372,AdBrettPhos,4,,1.226267555,5.390737533569336,12.847743034362793
reaction:2373,AdBrettPhos,0,,75.29152855,70.25968933105469,9.476202964782715
reaction:2374,AdBrettPhos,3,,79.19714754,79.26670837402344,10.941805839538574
reaction:2375,AdBrettPhos,3,,83.03295526,76.25341796875,10.289352416992188
reaction:2376,AdBrettPhos,2,,93.56409267,81.62101745605469,9.772916793823242
reaction:2377,AdBrettPhos,4,,96.13228316,87.88518524169922,10.65099811553955
reaction:2378,AdBrettPhos,0,,11.53765302,14.038887023925781,12.221341133117676
reaction:2379,AdBrettPhos,0,,89.97416157,77.10331726074219,11.301634788513184
reaction:2380,AdBrettPhos,2,,86.79260178,83.33619689941406,11.620662689208984
reaction:2381,AdBrettPhos,0,,7.257395781,7.15864372253418,12.738327026367188
reaction:2382,AdBrettPhos,3,,9.576264128,5.5898895263671875,12.368170738220215
reaction:2383,AdBrettPhos,3,,10.75553549,9.433233261108398,12.063963890075684
reaction:2384,AdBrettPhos,4,,0.6131578329999999,0.8484992980957031,13.259505271911621
reaction:2385,AdBrettPhos,1,,10.63604029,12.859882354736328,11.606512069702148
reaction:2386,AdBrettPhos,2,,14.35852859,14.020191192626953,12.471160888671875
reaction:2387,AdBrettPhos,0,,1.582170389,4.968816757202148,13.022368431091309
reaction:2388,AdBrettPhos,1,,13.89350209,21.244159698486328,11.471905708312988
reaction:2389,AdBrettPhos,3,,23.26106265,25.81407356262207,12.428791046142578
reaction:2390,AdBrettPhos,1,,15.64688259,23.554519653320312,11.384749412536621
reaction:2391,AdBrettPhos,0,,16.4099085,26.98271942138672,11.717724800109863
reaction:2392,AdBrettPhos,1,,23.02454867,34.47834396362305,11.586631774902344
reaction:2393,AdBrettPhos,2,,7.488530825,9.458560943603516,13.194122314453125
reaction:2394,AdBrettPhos,2,,12.60415393,9.963520050048828,12.437644958496094
reaction:2395,AdBrettPhos,4,,14.36942688,17.18850326538086,12.410292625427246
reaction:2396,AdBrettPhos,2,,0.0,0.3915596008300781,12.793486595153809
reaction:2397,AdBrettPhos,2,,3.835722246,6.754240036010742,11.75217056274414
reaction:2398,AdBrettPhos,0,,13.98397961,17.28827476501465,11.397746086120605
reaction:2399,AdBrettPhos,2,,0.0,-0.13854598999023438,12.920127868652344
reaction:2400,AdBrettPhos,3,,1.520182439,-0.7536354064941406,10.99496841430664
reaction:2401,AdBrettPhos,3,,16.00671459,9.590089797973633,11.240137100219727
reaction:2402,AdBrettPhos,4,,0.0,-1.4837837219238281,12.95104694366455
reaction:2403,AdBrettPhos,4,,3.744544243,5.439170837402344,9.849620819091797
reaction:2404,AdBrettPhos,1,,27.85496925,31.97722816467285,10.27942180633545
reaction:2405,AdBrettPhos,0,,3.964447459,0.7533493041992188,10.071601867675781
reaction:2406,AdBrettPhos,4,,6.168096918,9.649934768676758,10.03005599975586
reaction:2407,AdBrettPhos,1,,14.42398425,29.718082427978516,10.385795593261719
reaction:2408,AdBrettPhos,2,,0.0,-2.531871795654297,12.268058776855469
reaction:2409,AdBrettPhos,1,,7.466671245,14.003822326660156,11.804824829101562
reaction:2410,AdBrettPhos,3,,17.36013023,23.074634552001953,11.376133918762207
reaction:2411,AdBrettPhos,4,,5.889073661,14.43032455444336,12.655472755432129
reaction:2412,AdBrettPhos,0,,27.06341711,23.877334594726562,11.870311737060547
reaction:2413,AdBrettPhos,2,,34.65614692,34.9764404296875,11.328861236572266
reaction:2414,AdBrettPhos,2,,0.0,1.2391109466552734,13.017132759094238
reaction:2415,AdBrettPhos,4,,24.41645938,23.175247192382812,11.243895530700684
reaction:2416,AdBrettPhos,4,,25.12838943,32.533164978027344,11.17320442199707
reaction:2417,AdBrettPhos,2,,0.954745242,4.88871955871582,13.069819450378418
reaction:2418,AdBrettPhos,2,,43.35191306,33.25516128540039,9.978903770446777
reaction:2419,AdBrettPhos,0,,51.5902696,55.97535705566406,10.472763061523438
reaction:2420,AdBrettPhos,0,,48.18783868,40.51496124267578,10.027741432189941
reaction:2421,AdBrettPhos,2,,49.14544471,46.57835006713867,9.735176086425781
reaction:2422,AdBrettPhos,4,,63.351286,65.69992065429688,10.679642677307129
reaction:2423,AdBrettPhos,0,,3.647451971,11.562334060668945,12.845073699951172
reaction:2424,AdBrettPhos,2,,43.17813797,42.096710205078125,11.858933448791504
reaction:2425,AdBrettPhos,1,,47.34357171,50.48124694824219,11.114845275878906
reaction:2426,AdBrettPhos,4,,0.698318685,0.6288871765136719,15.314301490783691
reaction:2427,AdBrettPhos,4,,2.97486192,3.3689212799072266,13.814453125
reaction:2428,AdBrettPhos,4,,3.10979023,2.2532215118408203,13.447903633117676
reaction:2429,AdBrettPhos,1,,0.0,0.8004798889160156,15.938274383544922
reaction:2430,AdBrettPhos,0,,0.489044772,4.213495254516602,13.401653289794922
reaction:2431,AdBrettPhos,4,,4.88514688,4.84269905090332,12.982351303100586
reaction:2432,AdBrettPhos,2,,0.0,6.770626068115234,15.824273109436035
reaction:2433,AdBrettPhos,0,,1.305562617,8.217239379882812,11.708550453186035
reaction:2434,AdBrettPhos,4,,6.931862367000001,5.920042037963867,12.673202514648438
reaction:2435,AdBrettPhos,0,,0.0,8.803655624389648,12.78293228149414
reaction:2436,AdBrettPhos,2,,0.0,3.854541778564453,13.80724048614502
reaction:2437,AdBrettPhos,4,,6.151237345,10.043342590332031,12.535780906677246
reaction:2438,AdBrettPhos,0,,0.0,-1.1155509948730469,15.081363677978516
reaction:2439,AdBrettPhos,0,,2.42482932,3.7184886932373047,13.87195873260498
reaction:2440,AdBrettPhos,4,,7.121202502999999,5.065116882324219,13.818354606628418
reaction:2441,AdBrettPhos,3,,0.0,1.2204971313476562,15.416544914245605
reaction:2442,AdBrettPhos,2,,1.12036933,1.7065753936767578,13.807641983032227
reaction:2443,AdBrettPhos,4,,1.896181594,2.9684276580810547,13.030901908874512
reaction:2444,AdBrettPhos,0,,0.0,0.3584747314453125,15.278057098388672
reaction:2445,AdBrettPhos,3,,0.0,-3.336315155029297,12.565624237060547
reaction:2446,AdBrettPhos,4,,0.974444275,0.37306976318359375,12.618147850036621
reaction:2447,AdBrettPhos,1,,0.0,4.324127197265625,15.988122940063477
reaction:2448,AdBrettPhos,3,,0.9560868,-2.088367462158203,10.711565971374512
reaction:2449,AdBrettPhos,2,,2.600006823,6.510576248168945,12.211524963378906
reaction:2450,AdBrettPhos,4,,0.0,-4.617137908935547,10.7772798538208
reaction:2451,AdBrettPhos,1,,0.0,-1.6027641296386719,11.006033897399902
reaction:2452,AdBrettPhos,4,,0.0,1.984029769897461,11.807804107666016
reaction:2453,AdBrettPhos,3,,0.0,7.448726654052734,15.67540168762207
reaction:2454,AdBrettPhos,4,,0.0,1.8212299346923828,13.370088577270508
reaction:2455,AdBrettPhos,1,,1.40959558,4.399219512939453,13.147831916809082
reaction:2456,AdBrettPhos,1,,17.87933698,16.188608169555664,15.099333763122559
reaction:2457,AdBrettPhos,1,,24.40165539,21.124774932861328,13.264424324035645
reaction:2458,AdBrettPhos,2,,24.45376754,23.361736297607422,13.395609855651855
reaction:2459,AdBrettPhos,3,,1.682541771,1.9721622467041016,15.73287296295166
reaction:2460,AdBrettPhos,0,,18.44134196,18.10724639892578,12.86940860748291
reaction:2461,AdBrettPhos,1,,18.87491239,18.431028366088867,13.053935050964355
reaction:2462,AdBrettPhos,1,,6.9499718360000005,11.761968612670898,15.92944049835205
reaction:2463,AdBrettPhos,1,,30.37188127,28.94678497314453,10.947866439819336
reaction:2464,AdBrettPhos,4,,33.47151562,31.52665138244629,11.791823387145996
reaction:2465,AdBrettPhos,3,,34.48220577,33.2010498046875,11.153889656066895
reaction:2466,AdBrettPhos,4,,35.36016156,35.9571647644043,11.163764953613281
reaction:2467,AdBrettPhos,4,,35.68280094,40.21271896362305,11.9197416305542
reaction:2468,AdBrettPhos,4,,18.37316337,21.410486221313477,15.72510814666748
reaction:2469,AdBrettPhos,3,,27.82910373,27.702545166015625,13.12868595123291
reaction:2470,AdBrettPhos,4,,37.08543096,32.50490188598633,13.71960735321045
reaction:2471,AdBrettPhos,0,,8.62455294,12.356725692749023,12.441960334777832
reaction:2472,AdBrettPhos,2,,14.26125924,22.145954132080078,11.317378997802734
reaction:2473,AdBrettPhos,4,,28.49871025,34.742610931396484,11.458025932312012
reaction:2474,AdBrettPhos,1,,0.538585368,0.8466949462890625,12.85560131072998
reaction:2475,AdBrettPhos,4,,13.34881918,20.244430541992188,11.319320678710938
reaction:2476,AdBrettPhos,1,,28.28230111,26.410114288330078,11.496071815490723
reaction:2477,AdBrettPhos,0,,1.999177844,5.181400299072266,12.972796440124512
reaction:2478,AdBrettPhos,3,,27.16016891,42.519248962402344,10.207385063171387
reaction:2479,AdBrettPhos,1,,50.52138402,50.381072998046875,11.195760726928711
reaction:2480,AdBrettPhos,4,,20.00288675,47.40853500366211,11.441731452941895
reaction:2481,AdBrettPhos,0,,25.99050807,55.694889068603516,11.598743438720703
reaction:2482,AdBrettPhos,0,,40.32898976,59.45960998535156,11.050285339355469
reaction:2483,AdBrettPhos,2,,13.34689497,9.81146240234375,11.906110763549805
reaction:2484,AdBrettPhos,4,,40.63647217,32.190128326416016,11.918069839477539
reaction:2485,AdBrettPhos,2,,74.04736649,38.125892639160156,11.44335651397705
reaction:2486,AdBrettPhos,2,,5.195732957,11.062257766723633,11.373854637145996
reaction:2487,AdBrettPhos,3,,19.31180946,23.529319763183594,11.2764253616333
reaction:2488,AdBrettPhos,3,,30.77223842,29.8444881439209,11.09402084350586
reaction:2489,AdBrettPhos,4,,0.0,-0.14063262939453125,12.3638334274292
reaction:2490,AdBrettPhos,3,,11.75749506,8.887809753417969,10.606776237487793
reaction:2491,AdBrettPhos,0,,23.34747951,17.15203094482422,10.906919479370117
reaction:2492,AdBrettPhos,4,,1.039903259,4.535003662109375,12.549896240234375
reaction:2493,AdBrettPhos,2,,28.39783953,26.83466339111328,10.041496276855469
reaction:2494,AdBrettPhos,1,,39.89470015,40.648895263671875,10.178321838378906
reaction:2495,AdBrettPhos,0,,13.79100096,23.540246963500977,9.692842483520508
reaction:2496,AdBrettPhos,3,,19.53099508,34.48440170288086,9.85865306854248
reaction:2497,AdBrettPhos,3,,26.870862899999995,42.706024169921875,10.381601333618164
reaction:2498,AdBrettPhos,1,,9.396462800000002,13.37164306640625,12.587679862976074
reaction:2499,AdBrettPhos,4,,40.58293806,38.38665008544922,11.36448860168457
reaction:2500,AdBrettPhos,3,,52.66349061,52.147430419921875,11.0553617477417
reaction:2501,AdBrettPhos,4,,15.85078385,17.230377197265625,11.87421989440918
reaction:2502,AdBrettPhos,2,,32.88980878,34.373321533203125,11.2687406539917
reaction:2503,AdBrettPhos,3,,47.13760632,46.45426559448242,11.063641548156738
reaction:2504,AdBrettPhos,3,,0.7072545920000001,1.2749919891357422,12.500638008117676
reaction:2505,AdBrettPhos,0,,32.71728338,26.607637405395508,10.9660062789917
reaction:2506,AdBrettPhos,4,,41.68551837,36.2916374206543,10.56609058380127
reaction:2507,AdBrettPhos,0,,1.753987647,9.126319885253906,12.650474548339844
reaction:2508,AdBrettPhos,4,,54.56471519,55.43895721435547,9.358834266662598
reaction:2509,AdBrettPhos,2,,68.58213231,67.07571411132812,10.855586051940918
reaction:2510,AdBrettPhos,3,,60.52865164,58.55068588256836,9.897727966308594
reaction:2511,AdBrettPhos,3,,67.75052852,72.95736694335938,9.625732421875
reaction:2512,AdBrettPhos,1,,80.80959568,77.19252014160156,10.219680786132812
reaction:2513,AdBrettPhos,4,,6.777260235,21.902212142944336,12.514023780822754
reaction:2514,AdBrettPhos,2,,48.77228165,71.0748291015625,11.032044410705566
reaction:2515,AdBrettPhos,4,,74.51133845,79.38920593261719,11.163838386535645
reaction:2516,XPhos,1,,24.10905766,16.908092498779297,12.29790210723877
reaction:2517,XPhos,0,,32.87780619,26.745256423950195,11.573790550231934
reaction:2518,XPhos,3,,43.39942952,42.125274658203125,11.65646743774414
reaction:2519,XPhos,2,,1.221284135,1.5734195709228516,12.841536521911621
reaction:2520,XPhos,4,,25.1779767,30.545955657958984,11.574294090270996
reaction:2521,XPhos,1,,32.37253744,35.191978454589844,11.62105655670166
reaction:2522,XPhos,1,,7.676008537,7.540584564208984,13.360984802246094
reaction:2523,XPhos,0,,60.41732712,55.159446716308594,10.769984245300293
reaction:2524,XPhos,4,,64.50667156,58.972450256347656,11.382080078125
reaction:2525,XPhos,1,,36.55522639,38.60071563720703,11.081255912780762
reaction:2526,XPhos,2,,46.64960106,44.405574798583984,10.837911605834961
reaction:2527,XPhos,4,,47.85301388,40.55966567993164,11.411005973815918
reaction:2528,XPhos,4,,21.44960942,20.034107208251953,12.585735321044922
reaction:2529,XPhos,3,,27.71714775,33.796531677246094,11.66110897064209
reaction:2530,XPhos,4,,52.2237426,51.357322692871094,12.12821102142334
reaction:2531,XPhos,0,,15.42545497,11.267087936401367,10.209307670593262
reaction:2532,XPhos,4,,30.08596307,27.27157974243164,10.472302436828613
reaction:2533,XPhos,4,,35.8368136,35.659603118896484,11.733870506286621
reaction:2534,XPhos,2,,0.0,0.1137237548828125,10.823285102844238
reaction:2535,XPhos,4,,11.6535106,10.369457244873047,11.32532787322998
reaction:2536,XPhos,4,,17.02843498,14.918367385864258,11.30604076385498
reaction:2537,XPhos,2,,1.188847918,1.8455619812011719,11.644495964050293
reaction:2538,XPhos,4,,32.40012299,25.844985961914062,10.81679630279541
reaction:2539,XPhos,0,,27.27757284,31.04150390625,11.25410270690918
reaction:2540,XPhos,3,,24.95662893,23.515457153320312,10.482673645019531
reaction:2541,XPhos,0,,45.54864618,44.17170715332031,10.630331039428711
reaction:2542,XPhos,3,,42.79858664,49.134544372558594,10.557397842407227
reaction:2543,XPhos,3,,8.905135224,6.3594512939453125,11.016098976135254
reaction:2544,XPhos,4,,18.1199602,18.601451873779297,11.508479118347168
reaction:2545,XPhos,0,,27.22195897,33.52519607543945,11.237237930297852
reaction:2546,XPhos,1,,8.286467695,13.249507904052734,10.951086044311523
reaction:2547,XPhos,3,,22.46669781,28.0963077545166,11.845978736877441
reaction:2548,XPhos,0,,37.70168941,38.375675201416016,11.651628494262695
reaction:2549,XPhos,2,,0.0,-0.14654541015625,10.856673240661621
reaction:2550,XPhos,2,,8.034140762,8.654586791992188,10.792350769042969
reaction:2551,XPhos,4,,20.18480169,15.755510330200195,11.005281448364258
reaction:2552,XPhos,2,,0.662349524,1.6981048583984375,11.855384826660156
reaction:2553,XPhos,4,,21.77773542,26.17236328125,10.845876693725586
reaction:2554,XPhos,0,,53.28001638,42.20317840576172,11.254631996154785
reaction:2555,XPhos,0,,23.90935743,27.35441017150879,10.696916580200195
reaction:2556,XPhos,0,,47.15771685,48.89812469482422,10.545248031616211
reaction:2557,XPhos,2,,62.53548833,54.51251220703125,11.320389747619629
reaction:2558,XPhos,4,,4.577603745,4.176763534545898,10.82564926147461
reaction:2559,XPhos,1,,21.19444726,20.464073181152344,12.006379127502441
reaction:2560,XPhos,3,,42.00065126,34.66227340698242,10.938873291015625
reaction:2561,XPhos,4,,18.40035471,17.775686264038086,11.87006950378418
reaction:2562,XPhos,3,,16.25238798,27.155723571777344,12.561598777770996
reaction:2563,XPhos,0,,42.71521565,37.734230041503906,11.762296676635742
reaction:2564,XPhos,4,,0.0,1.9930763244628906,12.930474281311035
reaction:2565,XPhos,0,,39.12148383,29.120094299316406,12.127735137939453
reaction:2566,XPhos,2,,47.59873076,33.2724494934082,12.368779182434082
reaction:2567,XPhos,3,,3.5977898880000003,9.59405517578125,13.079619407653809
reaction:2568,XPhos,1,,69.98737297,45.24482727050781,11.11237621307373
reaction:2569,XPhos,1,,70.05483344,51.50310134887695,11.32414436340332
reaction:2570,XPhos,4,,20.97581455,37.90161895751953,11.711148262023926
reaction:2571,XPhos,2,,23.18775097,41.431495666503906,11.33541488647461
reaction:2572,XPhos,3,,22.00500964,45.287086486816406,11.989898681640625
reaction:2573,XPhos,3,,18.04784884,21.626134872436523,13.212141990661621
reaction:2574,XPhos,3,,23.57347354,30.903682708740234,12.317858695983887
reaction:2575,XPhos,1,,81.35759178,44.84230041503906,12.216471672058105
reaction:2576,XPhos,3,,14.75153907,15.088224411010742,11.800539016723633
reaction:2577,XPhos,1,,31.62416369,29.17275619506836,11.81869125366211
reaction:2578,XPhos,2,,37.39576088,33.52189254760742,11.741507530212402
reaction:2579,XPhos,0,,0.448085745,0.002532958984375,11.389069557189941
reaction:2580,XPhos,3,,13.27473408,12.806913375854492,11.14226245880127
reaction:2581,XPhos,3,,17.72318391,18.466405868530273,11.242949485778809
reaction:2582,XPhos,4,,3.418730848,1.2362918853759766,11.823893547058105
reaction:2583,XPhos,2,,25.1224442,27.1859073638916,11.156455993652344
reaction:2584,XPhos,3,,30.07190595,33.79024887084961,11.888052940368652
reaction:2585,XPhos,2,,22.54874195,22.740413665771484,11.30762004852295
reaction:2586,XPhos,0,,36.80117668,40.050743103027344,11.20423698425293
reaction:2587,XPhos,0,,42.20791273,44.09204864501953,11.423384666442871
reaction:2588,XPhos,3,,8.748271212999999,8.524768829345703,11.764850616455078
reaction:2589,XPhos,4,,19.13281286,20.63910675048828,12.402862548828125
reaction:2590,XPhos,3,,27.47497093,35.44713592529297,11.946489334106445
reaction:2591,XPhos,3,,9.361658454,14.680830001831055,11.408332824707031
reaction:2592,XPhos,1,,22.12521071,28.956920623779297,11.449579238891602
reaction:2593,XPhos,2,,38.83428513,37.547019958496094,11.504618644714355
reaction:2594,XPhos,1,,0.0,0.4064788818359375,11.441563606262207
reaction:2595,XPhos,0,,9.540244592,11.520097732543945,12.020880699157715
reaction:2596,XPhos,0,,21.41511712,18.1767578125,12.09981632232666
reaction:2597,XPhos,4,,2.217163117,1.3322315216064453,11.646833419799805
reaction:2598,XPhos,3,,25.83582864,28.774274826049805,11.021803855895996
reaction:2599,XPhos,0,,53.84533811,42.99626541137695,11.446821212768555
reaction:2600,XPhos,4,,25.36847762,32.70878601074219,11.122376441955566
reaction:2601,XPhos,0,,50.91041247,47.2588005065918,11.086189270019531
reaction:2602,XPhos,3,,62.69909879,52.8079719543457,11.208077430725098
reaction:2603,XPhos,1,,5.005508734,6.660463333129883,11.010896682739258
reaction:2604,XPhos,1,,24.92895829,22.854331970214844,12.268561363220215
reaction:2605,XPhos,2,,43.08223061,36.9084358215332,12.087034225463867
reaction:2606,XPhos,0,,26.47105008,16.106033325195312,14.663285255432129
reaction:2607,XPhos,0,,15.00790512,21.748659133911133,13.875650405883789
reaction:2608,XPhos,1,,40.67066673,33.45392990112305,14.02918815612793
reaction:2609,XPhos,2,,10.03471889,11.52202033996582,14.73861026763916
reaction:2610,XPhos,1,,44.50757189,39.36200714111328,14.086210250854492
reaction:2611,XPhos,2,,50.81226991,38.88376998901367,14.207721710205078
reaction:2612,XPhos,4,,13.26153778,9.782958984375,14.987174987792969
reaction:2613,XPhos,3,,66.43295508,43.27048873901367,12.828642845153809
reaction:2614,XPhos,3,,69.21564786,46.42913818359375,13.613884925842285
reaction:2615,XPhos,4,,16.47592229,36.21028518676758,13.089820861816406
reaction:2616,XPhos,0,,19.59466142,40.533512115478516,12.931313514709473
reaction:2617,XPhos,3,,19.12358264,33.27824401855469,13.450773239135742
reaction:2618,XPhos,2,,37.0158274,25.628225326538086,14.889366149902344
reaction:2619,XPhos,4,,10.02539168,28.49872589111328,13.915806770324707
reaction:2620,XPhos,3,,41.01536377,45.077476501464844,13.68343448638916
reaction:2621,XPhos,4,,17.88950545,16.81538963317871,13.242507934570312
reaction:2622,XPhos,1,,30.84474943,28.12230682373047,13.801593780517578
reaction:2623,XPhos,3,,42.94679968,36.2393798828125,12.299043655395508
reaction:2624,XPhos,4,,39.22831543,32.74568176269531,13.671501159667969
reaction:2625,XPhos,4,,47.13740479,36.6187744140625,13.006291389465332
reaction:2626,XPhos,4,,49.46765787,29.53242301940918,13.100215911865234
reaction:2627,XPhos,4,,6.2629300720000005,6.087224960327148,13.800814628601074
reaction:2628,XPhos,3,,24.92429214,34.30680465698242,11.74781322479248
reaction:2629,XPhos,4,,29.29928272,38.643856048583984,12.661046028137207
reaction:2630,XPhos,3,,26.0695387,26.903718948364258,11.871713638305664
reaction:2631,XPhos,1,,40.32928262,44.76640319824219,12.239553451538086
reaction:2632,XPhos,4,,46.57912629,46.018959045410156,12.720206260681152
reaction:2633,XPhos,2,,10.87603871,13.69287109375,14.08950424194336
reaction:2634,XPhos,1,,19.12422917,22.915294647216797,13.961458206176758
reaction:2635,XPhos,4,,30.41179661,33.07451629638672,12.799430847167969
reaction:2636,XPhos,2,,12.69227905,21.783451080322266,13.915349006652832
reaction:2637,XPhos,2,,24.01338043,30.715465545654297,13.438027381896973
reaction:2638,XPhos,0,,38.95047983,43.69145202636719,13.394064903259277
reaction:2639,XPhos,3,,38.99137319,35.04970932006836,14.003606796264648
reaction:2640,XPhos,1,,45.82883908,36.55373001098633,13.271126747131348
reaction:2641,XPhos,4,,50.09626002,32.52280807495117,12.982930183410645
reaction:2642,XPhos,3,,5.967393026,8.580171585083008,13.677063941955566
reaction:2643,XPhos,3,,28.83921229,38.53904724121094,11.671001434326172
reaction:2644,XPhos,1,,55.76912496,43.08236312866211,12.766517639160156
reaction:2645,XPhos,4,,27.19452945,39.43379592895508,12.047565460205078
reaction:2646,XPhos,4,,55.41075316,50.788177490234375,12.080512046813965
reaction:2647,XPhos,1,,64.88423444,54.06623077392578,12.810639381408691
reaction:2648,XPhos,3,,7.65708472,16.635414123535156,13.770851135253906
reaction:2649,XPhos,3,,24.91728565,26.505083084106445,12.759653091430664
reaction:2650,XPhos,1,,43.47281583,36.94593048095703,13.612723350524902
reaction:2651,XPhos,3,,6.618305452,11.24193000793457,12.216527938842773
reaction:2652,XPhos,2,,19.22189421,17.29983901977539,12.071563720703125
reaction:2653,XPhos,4,,38.88169758,28.389070510864258,12.293166160583496
reaction:2654,XPhos,3,,0.0,-0.14225006103515625,13.238275527954102
reaction:2655,XPhos,1,,8.123761297,14.171045303344727,12.209303855895996
reaction:2656,XPhos,1,,9.226197008,22.224973678588867,11.757905960083008
reaction:2657,XPhos,3,,0.340410651,3.7095508575439453,12.514997482299805
reaction:2658,XPhos,3,,32.95642094,38.53691864013672,11.10594367980957
reaction:2659,XPhos,3,,47.36333704,44.20600891113281,11.74815559387207
reaction:2660,XPhos,1,,24.01631717,24.66462516784668,11.180473327636719
reaction:2661,XPhos,1,,30.07960625,26.93529510498047,11.124358177185059
reaction:2662,XPhos,1,,29.79340439,28.053253173828125,11.438431739807129
reaction:2663,XPhos,1,,3.1690993310000004,11.291379928588867,12.551158905029297
reaction:2664,XPhos,4,,18.20970217,24.88791275024414,12.049022674560547
reaction:2665,XPhos,4,,28.27747642,41.15296936035156,12.374398231506348
reaction:2666,XPhos,2,,9.330486935,7.249433517456055,11.43822956085205
reaction:2667,XPhos,1,,24.08891574,24.078399658203125,11.860499382019043
reaction:2668,XPhos,2,,26.99117029,30.833105087280273,11.297896385192871
reaction:2669,XPhos,3,,0.0,-0.2923927307128906,10.922157287597656
reaction:2670,XPhos,4,,7.405890222999999,6.70191764831543,11.466511726379395
reaction:2671,XPhos,4,,8.430071853,8.378252029418945,11.500458717346191
reaction:2672,XPhos,4,,0.72962294,0.3624000549316406,11.44421100616455
reaction:2673,XPhos,3,,20.3250042,19.177749633789062,10.655340194702148
reaction:2674,XPhos,4,,20.51920273,24.74585723876953,11.544367790222168
reaction:2675,XPhos,3,,21.60400316,17.91196060180664,10.780925750732422
reaction:2676,XPhos,4,,30.2871506,37.34105682373047,10.908112525939941
reaction:2677,XPhos,2,,38.85520908,39.97138214111328,11.34571361541748
reaction:2678,XPhos,4,,4.143900161,1.532308578491211,11.28858470916748
reaction:2679,XPhos,2,,16.01570816,10.129514694213867,11.313949584960938
reaction:2680,XPhos,0,,19.48013153,24.7906551361084,11.297086715698242
reaction:2681,XPhos,1,,5.982836529,7.779170989990234,11.069451332092285
reaction:2682,XPhos,3,,19.02499104,24.151222229003906,11.780416488647461
reaction:2683,XPhos,0,,34.0336157,33.43921661376953,11.661998748779297
reaction:2684,XPhos,2,,0.0,-0.2613716125488281,11.001837730407715
reaction:2685,XPhos,0,,4.698019536,4.813770294189453,11.60401439666748
reaction:2686,XPhos,2,,8.109204436,11.126583099365234,10.866765975952148
reaction:2687,XPhos,0,,0.94272788,-0.28105926513671875,10.754250526428223
reaction:2688,XPhos,3,,17.29489164,21.07347869873047,10.574701309204102
reaction:2689,XPhos,4,,38.16631108,33.51210021972656,11.67680835723877
reaction:2690,XPhos,4,,25.48313253,22.348644256591797,11.070792198181152
reaction:2691,XPhos,4,,49.96376516,42.39582443237305,11.07776927947998
reaction:2692,XPhos,4,,54.07334238,48.260765075683594,11.215219497680664
reaction:2693,XPhos,3,,3.609434473,-1.3249893188476562,11.020223617553711
reaction:2694,XPhos,0,,16.57162393,17.527565002441406,11.532429695129395
reaction:2695,XPhos,2,,32.51941474,28.300182342529297,12.019074440002441
reaction:2696,t-BuXPhos,3,,24.17024028,24.49921417236328,10.823945999145508
reaction:2697,t-BuXPhos,0,,35.80552258,38.68275451660156,11.604961395263672
reaction:2698,t-BuXPhos,4,,40.2947746,40.01950454711914,11.37977409362793
reaction:2699,t-BuXPhos,2,,3.120933892,1.02508544921875,11.56990909576416
reaction:2700,t-BuXPhos,0,,42.30149711,45.30178451538086,11.320966720581055
reaction:2701,t-BuXPhos,2,,40.31193463,43.92317199707031,11.212154388427734
reaction:2702,t-BuXPhos,1,,10.90397812,7.162199020385742,12.534093856811523
reaction:2703,t-BuXPhos,1,,61.05645885,67.48017120361328,10.977357864379883
reaction:2704,t-BuXPhos,1,,64.44051661,63.78272247314453,10.606449127197266
reaction:2705,t-BuXPhos,1,,70.14701034,65.32960510253906,10.861883163452148
reaction:2706,t-BuXPhos,1,,70.25926715,73.30938720703125,10.646961212158203
reaction:2707,t-BuXPhos,1,,73.95050649,70.70993041992188,10.922030448913574
reaction:2708,t-BuXPhos,2,,27.32089436,29.78497886657715,11.99166488647461
reaction:2709,t-BuXPhos,2,,72.8784855,56.98849868774414,11.825854301452637
reaction:2710,t-BuXPhos,4,,74.62339174,59.65898132324219,11.692599296569824
reaction:2711,t-BuXPhos,1,,21.83853262,17.857711791992188,10.710041999816895
reaction:2712,t-BuXPhos,0,,34.89766998,36.26651382446289,11.765877723693848
reaction:2713,t-BuXPhos,0,,40.40712226,38.7131233215332,11.617622375488281
reaction:2714,t-BuXPhos,0,,0.3399420529999999,0.17647552490234375,10.586254119873047
reaction:2715,t-BuXPhos,3,,37.12675544,31.16427230834961,10.443333625793457
reaction:2716,t-BuXPhos,0,,34.27058432,38.4779167175293,11.177918434143066
reaction:2717,t-BuXPhos,3,,1.3589469669999998,0.2621307373046875,10.603714942932129
reaction:2718,t-BuXPhos,1,,57.33300234,56.08714294433594,10.096431732177734
reaction:2719,t-BuXPhos,1,,64.45105489,60.302433013916016,10.418158531188965
reaction:2720,t-BuXPhos,2,,61.13755675,60.22857666015625,10.516857147216797
reaction:2721,t-BuXPhos,3,,70.67829218,66.73965454101562,10.108245849609375
reaction:2722,t-BuXPhos,0,,58.46064001,67.38142395019531,10.773124694824219
reaction:2723,t-BuXPhos,1,,21.26152094,14.09836196899414,10.650253295898438
reaction:2724,t-BuXPhos,1,,61.01774399,64.78600311279297,11.67683219909668
reaction:2725,t-BuXPhos,4,,68.67316565,66.68399047851562,11.949668884277344
reaction:2726,t-BuXPhos,2,,24.48223218,21.92310333251953,12.008963584899902
reaction:2727,t-BuXPhos,4,,38.35488356,38.226524353027344,10.748082160949707
reaction:2728,t-BuXPhos,0,,42.68462411,44.877254486083984,11.774569511413574
reaction:2729,t-BuXPhos,2,,0.399824711,0.3108940124511719,10.673011779785156
reaction:2730,t-BuXPhos,3,,47.37471195,38.35773849487305,10.411722183227539
reaction:2731,t-BuXPhos,2,,42.52654707,44.55729675292969,11.05202579498291
reaction:2732,t-BuXPhos,2,,1.442502721,5.664142608642578,12.687760353088379
reaction:2733,t-BuXPhos,0,,67.97015702,67.11297607421875,10.390961647033691
reaction:2734,t-BuXPhos,3,,67.99152053,73.13182067871094,10.904446601867676
reaction:2735,t-BuXPhos,2,,83.17489955,78.35403442382812,10.678818702697754
reaction:2736,t-BuXPhos,1,,81.27460019,85.64302825927734,10.336333274841309
reaction:2737,t-BuXPhos,3,,84.68245385,86.62619018554688,10.507295608520508
reaction:2738,t-BuXPhos,0,,23.79770547,29.235109329223633,10.543789863586426
reaction:2739,t-BuXPhos,0,,79.51166554,80.30975341796875,10.845173835754395
reaction:2740,t-BuXPhos,0,,79.64252926,86.19717407226562,11.48304271697998
reaction:2741,t-BuXPhos,1,,31.73318055,22.094985961914062,11.782028198242188
reaction:2742,t-BuXPhos,0,,33.92093167,33.89070510864258,12.081725120544434
reaction:2743,t-BuXPhos,3,,38.41251828,37.588043212890625,11.920553207397461
reaction:2744,t-BuXPhos,3,,1.277604509,1.1173362731933594,13.069097518920898
reaction:2745,t-BuXPhos,4,,46.04956103,45.856998443603516,11.633367538452148
reaction:2746,t-BuXPhos,4,,43.335395,46.719417572021484,11.68386459350586
reaction:2747,t-BuXPhos,2,,9.850315112,4.98137092590332,12.509814262390137
reaction:2748,t-BuXPhos,2,,63.8388463,64.39328002929688,11.06356430053711
reaction:2749,t-BuXPhos,0,,64.60187181,61.75717544555664,11.299027442932129
reaction:2750,t-BuXPhos,1,,54.53336611,63.88292694091797,10.937579154968262
reaction:2751,t-BuXPhos,4,,55.70352222,67.92544555664062,11.448701858520508
reaction:2752,t-BuXPhos,0,,57.7580975,67.43745422363281,11.48536205291748
reaction:2753,t-BuXPhos,0,,51.955783200000006,21.58843994140625,12.126558303833008
reaction:2754,t-BuXPhos,4,,71.32414041,47.79566192626953,11.832304954528809
reaction:2755,t-BuXPhos,3,,78.36249844,65.37425994873047,11.909619331359863
reaction:2756,t-BuXPhos,4,,31.26129694,24.477672576904297,11.55632209777832
reaction:2757,t-BuXPhos,3,,38.72175402,36.13312911987305,11.413759231567383
reaction:2758,t-BuXPhos,4,,36.57290373,36.66252517700195,11.51008129119873
reaction:2759,t-BuXPhos,4,,0.719285108,-0.0414276123046875,11.246381759643555
reaction:2760,t-BuXPhos,4,,36.22635154,36.40061950683594,11.503942489624023
reaction:2761,t-BuXPhos,1,,33.94655387,39.141204833984375,11.447093963623047
reaction:2762,t-BuXPhos,0,,3.373624056,2.911397933959961,11.533632278442383
reaction:2763,t-BuXPhos,1,,54.46826622,57.47315979003906,10.384586334228516
reaction:2764,t-BuXPhos,2,,62.7905956,61.61720657348633,11.344598770141602
reaction:2765,t-BuXPhos,3,,66.11270607,60.597679138183594,11.181220054626465
reaction:2766,t-BuXPhos,0,,66.35401825,68.2657470703125,11.031126022338867
reaction:2767,t-BuXPhos,4,,65.50261834,63.82238006591797,11.258584976196289
reaction:2768,t-BuXPhos,4,,33.03335054,23.072471618652344,11.265677452087402
reaction:2769,t-BuXPhos,0,,65.91039362,63.47154998779297,11.373034477233887
reaction:2770,t-BuXPhos,3,,67.31022474,65.04505920410156,12.007165908813477
reaction:2771,t-BuXPhos,3,,33.931236600000005,29.989850997924805,11.706174850463867
reaction:2772,t-BuXPhos,0,,40.60161129,41.13346862792969,12.242124557495117
reaction:2773,t-BuXPhos,1,,42.25144884,43.24944305419922,11.979033470153809
reaction:2774,t-BuXPhos,0,,1.152603634,0.9643821716308594,10.816746711730957
reaction:2775,t-BuXPhos,2,,46.21141257,45.94831848144531,11.723698616027832
reaction:2776,t-BuXPhos,3,,44.40779423,45.25569152832031,11.517264366149902
reaction:2777,t-BuXPhos,0,,3.864236463,5.202667236328125,10.939347267150879
reaction:2778,t-BuXPhos,1,,69.25619095,69.70379638671875,10.188657760620117
reaction:2779,t-BuXPhos,3,,68.71737558,72.10491180419922,11.456636428833008
reaction:2780,t-BuXPhos,3,,82.51131881,80.6666030883789,11.023821830749512
reaction:2781,t-BuXPhos,1,,84.42429873,85.49913024902344,10.197776794433594
reaction:2782,t-BuXPhos,0,,83.82528245,86.55764770507812,11.2076416015625
reaction:2783,t-BuXPhos,0,,33.61928283,35.1800537109375,11.146800994873047
reaction:2784,t-BuXPhos,2,,76.73725946,84.56556701660156,11.778976440429688
reaction:2785,t-BuXPhos,0,,78.2529931,85.24986267089844,11.89893913269043
reaction:2786,t-BuXPhos,0,,33.44709826,25.502330780029297,14.302376747131348
reaction:2787,t-BuXPhos,3,,36.56526068,35.88699722290039,13.347636222839355
reaction:2788,t-BuXPhos,2,,39.55792883,43.022972106933594,13.611961364746094
reaction:2789,t-BuXPhos,0,,8.38964842,12.979448318481445,14.675660133361816
reaction:2790,t-BuXPhos,0,,65.92742304,56.780845642089844,13.025087356567383
reaction:2791,t-BuXPhos,2,,63.53284655,56.3000373840332,13.799574851989746
reaction:2792,t-BuXPhos,0,,9.771808987,9.322717666625977,13.958294868469238
reaction:2793,t-BuXPhos,1,,64.80559966,72.20649719238281,12.90392017364502
reaction:2794,t-BuXPhos,2,,63.41514905,68.49363708496094,13.430929183959961
reaction:2795,t-BuXPhos,2,,62.46560879,68.13526916503906,13.149299621582031
reaction:2796,t-BuXPhos,1,,64.57811697,72.50543212890625,12.882002830505371
reaction:2797,t-BuXPhos,4,,63.222267,67.65740966796875,12.95009708404541
reaction:2798,t-BuXPhos,3,,65.33671460000001,31.93448829650879,14.745118141174316
reaction:2799,t-BuXPhos,0,,72.70586315,49.69478225708008,13.424118041992188
reaction:2800,t-BuXPhos,4,,76.79526891,57.225486755371094,13.658890724182129
reaction:2801,t-BuXPhos,3,,33.27025402,32.18086242675781,13.483859062194824
reaction:2802,t-BuXPhos,2,,39.35320613,37.45610809326172,13.387840270996094
reaction:2803,t-BuXPhos,1,,39.02512557,38.0143928527832,13.290093421936035
reaction:2804,t-BuXPhos,4,,41.03794598,35.07841491699219,13.514351844787598
reaction:2805,t-BuXPhos,3,,57.95486785,55.70977020263672,12.402854919433594
reaction:2806,t-BuXPhos,1,,52.14546944,53.0234375,13.101795196533203
reaction:2807,t-BuXPhos,2,,5.06261629,3.976940155029297,14.778504371643066
reaction:2808,t-BuXPhos,1,,57.19204969,58.46730041503906,11.485953330993652
reaction:2809,t-BuXPhos,3,,59.81582481,58.869903564453125,11.81523323059082
reaction:2810,t-BuXPhos,3,,62.39976577,63.22075653076172,11.586128234863281
reaction:2811,t-BuXPhos,2,,66.50686069,64.7464599609375,11.253914833068848
reaction:2812,t-BuXPhos,1,,62.22086343,62.976139068603516,12.263030052185059
reaction:2813,t-BuXPhos,3,,37.522573,28.444263458251953,14.610803604125977
reaction:2814,t-BuXPhos,0,,60.65973957,62.02117156982422,13.166898727416992
reaction:2815,t-BuXPhos,3,,65.9488999,65.04486083984375,12.82896900177002
reaction:2816,t-BuXPhos,1,,37.07516302,33.90971755981445,14.009429931640625
reaction:2817,t-BuXPhos,0,,39.89366621,40.83989715576172,13.908449172973633
reaction:2818,t-BuXPhos,0,,41.55598689,45.32640075683594,13.506587982177734
reaction:2819,t-BuXPhos,2,,42.05804129999999,37.58744812011719,12.996933937072754
reaction:2820,t-BuXPhos,0,,66.26538653,64.06565856933594,12.955659866333008
reaction:2821,t-BuXPhos,3,,56.80622374,61.320213317871094,12.143510818481445
reaction:2822,t-BuXPhos,3,,5.460903942000001,10.075353622436523,13.431619644165039
reaction:2823,t-BuXPhos,0,,69.07936453,70.10652160644531,11.877188682556152
reaction:2824,t-BuXPhos,1,,67.52036403,68.81640625,12.026043891906738
reaction:2825,t-BuXPhos,0,,84.81458604,81.57892608642578,12.07555103302002
reaction:2826,t-BuXPhos,0,,83.82537223,83.58423614501953,11.930628776550293
reaction:2827,t-BuXPhos,2,,85.99469652,84.29446411132812,11.961170196533203
reaction:2828,t-BuXPhos,3,,45.19876304,36.544677734375,14.56630802154541
reaction:2829,t-BuXPhos,0,,78.63353277,77.99891662597656,13.270849227905273
reaction:2830,t-BuXPhos,0,,81.63071985,82.48945617675781,13.38978385925293
reaction:2831,t-BuXPhos,3,,17.50108516,20.192401885986328,10.92149543762207
reaction:2832,t-BuXPhos,4,,38.94339394,38.16050338745117,11.727059364318848
reaction:2833,t-BuXPhos,4,,40.11142329,40.212242126464844,11.689696311950684
reaction:2834,t-BuXPhos,3,,0.0,1.425516128540039,12.490612030029297
reaction:2835,t-BuXPhos,3,,42.74477554,43.357261657714844,11.00292682647705
reaction:2836,t-BuXPhos,2,,44.8781348,41.398887634277344,11.3548583984375
reaction:2837,t-BuXPhos,1,,0.6491105420000001,6.061908721923828,12.566095352172852
reaction:2838,t-BuXPhos,2,,65.57301901,64.2717056274414,10.98312759399414
reaction:2839,t-BuXPhos,2,,66.67600965,62.12567138671875,11.395491600036621
reaction:2840,t-BuXPhos,4,,70.24905586,65.94979858398438,11.362030982971191
reaction:2841,t-BuXPhos,1,,69.97972982,72.69137573242188,10.904012680053711
reaction:2842,t-BuXPhos,0,,75.73582011,72.9301528930664,11.178825378417969
reaction:2843,t-BuXPhos,3,,8.776630532999999,20.803194046020508,12.617082595825195
reaction:2844,t-BuXPhos,2,,74.07785582,58.144203186035156,11.908616065979004
reaction:2845,t-BuXPhos,1,,75.28558302,63.75474548339844,11.329225540161133
reaction:2846,t-BuXPhos,4,,12.26279814,12.702556610107422,11.356731414794922
reaction:2847,t-BuXPhos,3,,37.31441052,35.53557586669922,10.839004516601562
reaction:2848,t-BuXPhos,0,,36.58867026,36.66568374633789,11.88614559173584
reaction:2849,t-BuXPhos,1,,0.0,-0.37474822998046875,12.951395034790039
reaction:2850,t-BuXPhos,2,,38.66523027,36.233970642089844,11.617645263671875
reaction:2851,t-BuXPhos,1,,31.57364304,38.70048141479492,11.714454650878906
reaction:2852,t-BuXPhos,4,,0.638545637,1.1346187591552734,11.637940406799316
reaction:2853,t-BuXPhos,1,,57.71086681,54.992271423339844,10.817688941955566
reaction:2854,t-BuXPhos,2,,59.93143231,61.32905578613281,11.180908203125
reaction:2855,t-BuXPhos,3,,61.82340519,61.874908447265625,10.46231460571289
reaction:2856,t-BuXPhos,1,,71.09717455,67.05162048339844,10.794422149658203
reaction:2857,t-BuXPhos,2,,59.66718586,69.07091522216797,10.94531536102295
reaction:2858,t-BuXPhos,0,,6.7680647810000005,16.763444900512695,10.921095848083496
reaction:2859,t-BuXPhos,0,,63.07769687,59.17552185058594,11.05128288269043
reaction:2860,t-BuXPhos,4,,68.10761052,68.91691589355469,12.127662658691406
reaction:2861,t-BuXPhos,3,,12.21708819,19.031015396118164,10.998178482055664
reaction:2862,t-BuXPhos,4,,40.36775448,39.62151336669922,11.2213773727417
reaction:2863,t-BuXPhos,2,,42.68363634,44.15184783935547,11.347372055053711
reaction:2864,t-BuXPhos,4,,0.0,1.3282032012939453,11.287853240966797
reaction:2865,t-BuXPhos,3,,47.71503964,40.585044860839844,10.616090774536133
reaction:2866,t-BuXPhos,2,,44.37252425,43.719905853271484,11.26115608215332
reaction:2867,t-BuXPhos,4,,0.609947969,4.465305328369141,12.055036544799805
reaction:2868,t-BuXPhos,3,,70.19925962,68.34082794189453,10.018372535705566
reaction:2869,t-BuXPhos,1,,65.42133393,71.64612579345703,10.508054733276367
reaction:2870,t-BuXPhos,4,,84.64975432,78.20221710205078,10.310257911682129
reaction:2871,t-BuXPhos,2,,83.38501147,87.5880355834961,10.273274421691895
reaction:2872,t-BuXPhos,0,,86.49714531,86.3961181640625,10.804348945617676
reaction:2873,t-BuXPhos,0,,0.0,27.28864288330078,10.871665000915527
reaction:2874,t-BuXPhos,1,,78.00288409,82.20726013183594,11.67779541015625
reaction:2875,t-BuXPhos,4,,79.34654649,86.33219146728516,12.265787124633789
reaction:2876,t-BuBrettPhos,2,,7.147036957999999,8.943780899047852,10.286910057067871
reaction:2877,t-BuBrettPhos,2,,28.25277351,28.569799423217773,10.162505149841309
reaction:2878,t-BuBrettPhos,2,,34.79607292,38.92881393432617,10.151700973510742
reaction:2879,t-BuBrettPhos,1,,0.4713272579999999,0.9712734222412109,10.293771743774414
reaction:2880,t-BuBrettPhos,0,,38.40946204,43.61831283569336,9.707887649536133
reaction:2881,t-BuBrettPhos,2,,42.82874785,48.27790832519531,10.125601768493652
reaction:2882,t-BuBrettPhos,1,,6.975926865,5.795454025268555,10.498739242553711
reaction:2883,t-BuBrettPhos,1,,54.39040243,67.05184936523438,10.646249771118164
reaction:2884,t-BuBrettPhos,4,,68.43167679,68.4942626953125,10.190733909606934
reaction:2885,t-BuBrettPhos,4,,70.51359377,72.38333129882812,10.85522174835205
reaction:2886,t-BuBrettPhos,0,,72.16100406,76.79336547851562,10.751047134399414
reaction:2887,t-BuBrettPhos,1,,78.28452045,77.98342895507812,9.974842071533203
reaction:2888,t-BuBrettPhos,1,,6.877576478,8.481121063232422,10.453636169433594
reaction:2889,t-BuBrettPhos,0,,47.63735715,50.08637237548828,9.929627418518066
reaction:2890,t-BuBrettPhos,4,,52.16406686,57.86951446533203,10.014012336730957
reaction:2891,t-BuBrettPhos,0,,3.849200649,6.213207244873047,9.996953010559082
reaction:2892,t-BuBrettPhos,2,,35.33279168,31.327550888061523,10.268377304077148
reaction:2893,t-BuBrettPhos,1,,37.62624076,39.0167236328125,10.045280456542969
reaction:2894,t-BuBrettPhos,0,,0.0,-0.23207473754882812,9.966700553894043
reaction:2895,t-BuBrettPhos,4,,25.94389985,27.78287124633789,9.855389595031738
reaction:2896,t-BuBrettPhos,3,,42.12607272,38.49333190917969,9.785056114196777
reaction:2897,t-BuBrettPhos,4,,3.554195282,2.5766963958740234,10.486516952514648
reaction:2898,t-BuBrettPhos,4,,50.4472159,46.655433654785156,9.644375801086426
reaction:2899,t-BuBrettPhos,4,,62.03548199,66.3990249633789,9.788941383361816
reaction:2900,t-BuBrettPhos,3,,55.58164705,43.32966232299805,9.60659122467041
reaction:2901,t-BuBrettPhos,2,,56.60877307,53.51820373535156,9.818830490112305
reaction:2902,t-BuBrettPhos,0,,69.52780108,62.08753967285156,9.750069618225098
reaction:2903,t-BuBrettPhos,3,,2.7908224180000003,7.828927993774414,10.367227554321289
reaction:2904,t-BuBrettPhos,3,,55.60412419,57.488529205322266,9.879704475402832
reaction:2905,t-BuBrettPhos,0,,65.50667277,67.30461120605469,9.942691802978516
reaction:2906,t-BuBrettPhos,1,,3.638207936,7.971858978271484,10.335927963256836
reaction:2907,t-BuBrettPhos,4,,35.20060583,34.798370361328125,9.783586502075195
reaction:2908,t-BuBrettPhos,3,,40.48594286,46.23395919799805,9.738340377807617
reaction:2909,t-BuBrettPhos,3,,0.0,-0.22165298461914062,10.372386932373047
reaction:2910,t-BuBrettPhos,1,,31.9378098,36.66703796386719,9.663419723510742
reaction:2911,t-BuBrettPhos,3,,49.97942971,45.850311279296875,9.860390663146973
reaction:2912,t-BuBrettPhos,4,,4.04132523,2.7017383575439453,10.4973726272583
reaction:2913,t-BuBrettPhos,4,,55.23935567,60.32244110107422,9.575493812561035
reaction:2914,t-BuBrettPhos,3,,71.83207772,76.6969985961914,9.689732551574707
reaction:2915,t-BuBrettPhos,4,,71.00136701,69.51667022705078,9.094100952148438
reaction:2916,t-BuBrettPhos,1,,80.78104004,78.259765625,9.414528846740723
reaction:2917,t-BuBrettPhos,1,,91.13914928,89.873779296875,9.531527519226074
reaction:2918,t-BuBrettPhos,3,,2.354282195,8.669151306152344,9.930543899536133
reaction:2919,t-BuBrettPhos,3,,72.70181754,72.03160095214844,9.93587875366211
reaction:2920,t-BuBrettPhos,3,,81.99763098,86.0739517211914,9.638996124267578
reaction:2921,t-BuBrettPhos,1,,1.2229069259999998,6.911001205444336,10.38657283782959
reaction:2922,t-BuBrettPhos,2,,24.60563466,23.32734489440918,10.759552001953125
reaction:2923,t-BuBrettPhos,3,,33.55651029,36.98370361328125,10.759936332702637
reaction:2924,t-BuBrettPhos,3,,0.0,0.3512687683105469,11.071786880493164
reaction:2925,t-BuBrettPhos,3,,46.67086698,45.61635208129883,10.563223838806152
reaction:2926,t-BuBrettPhos,1,,49.72808893,50.126495361328125,10.273088455200195
reaction:2927,t-BuBrettPhos,1,,7.810317962999999,4.677026748657227,10.659036636352539
reaction:2928,t-BuBrettPhos,2,,64.56169067,68.35958099365234,10.626117706298828
reaction:2929,t-BuBrettPhos,2,,69.13688603,70.61601257324219,10.473484992980957
reaction:2930,t-BuBrettPhos,0,,80.28534176,70.72112274169922,11.171228408813477
reaction:2931,t-BuBrettPhos,2,,77.62777181,74.56599426269531,10.505192756652832
reaction:2932,t-BuBrettPhos,3,,82.33244396,77.22747802734375,11.302937507629395
reaction:2933,t-BuBrettPhos,2,,0.0,9.679471969604492,11.153295516967773
reaction:2934,t-BuBrettPhos,0,,35.33291059,38.867374420166016,10.508463859558105
reaction:2935,t-BuBrettPhos,4,,55.96628365,64.99471282958984,10.596046447753906
reaction:2936,t-BuBrettPhos,2,,13.70204119,11.445661544799805,11.17227840423584
reaction:2937,t-BuBrettPhos,4,,37.08529427,34.533897399902344,10.654970169067383
reaction:2938,t-BuBrettPhos,2,,36.0162633,37.232643127441406,10.785042762756348
reaction:2939,t-BuBrettPhos,3,,0.0,0.3776702880859375,11.238558769226074
reaction:2940,t-BuBrettPhos,3,,34.74723042,34.1373176574707,10.453819274902344
reaction:2941,t-BuBrettPhos,3,,40.08752213,43.688751220703125,10.818408966064453
reaction:2942,t-BuBrettPhos,3,,4.7108856,3.3590450286865234,10.998907089233398
reaction:2943,t-BuBrettPhos,1,,59.00727735,52.16752624511719,9.285762786865234
reaction:2944,t-BuBrettPhos,3,,60.61766338,67.60920715332031,10.399307250976562
reaction:2945,t-BuBrettPhos,2,,56.33395035,51.00310516357422,10.388426780700684
reaction:2946,t-BuBrettPhos,2,,60.94658978,55.287757873535156,9.967358589172363
reaction:2947,t-BuBrettPhos,4,,63.37225968,62.45061492919922,10.446366310119629
reaction:2948,t-BuBrettPhos,2,,8.39178019,10.326240539550781,11.066214561462402
reaction:2949,t-BuBrettPhos,4,,56.79309437,60.47193145751953,10.604989051818848
reaction:2950,t-BuBrettPhos,2,,61.57150807,66.84850311279297,10.953909873962402
reaction:2951,t-BuBrettPhos,3,,11.32681683,12.68353271484375,11.040806770324707
reaction:2952,t-BuBrettPhos,0,,38.5374711,40.552188873291016,10.580065727233887
reaction:2953,t-BuBrettPhos,1,,41.728023,47.28343200683594,10.23348617553711
reaction:2954,t-BuBrettPhos,0,,0.0,0.058498382568359375,10.761270523071289
reaction:2955,t-BuBrettPhos,0,,46.19860459,44.467098236083984,10.79698657989502
reaction:2956,t-BuBrettPhos,3,,49.53018855,52.236106872558594,10.97004508972168
reaction:2957,t-BuBrettPhos,2,,4.961974313,3.932819366455078,11.115002632141113
reaction:2958,t-BuBrettPhos,3,,70.71411309999999,69.96327209472656,10.145126342773438
reaction:2959,t-BuBrettPhos,0,,71.82751675,79.60000610351562,10.420889854431152
reaction:2960,t-BuBrettPhos,2,,86.6996801,78.06930541992188,10.22465991973877
reaction:2961,t-BuBrettPhos,4,,84.33974431,86.35105895996094,10.307870864868164
reaction:2962,t-BuBrettPhos,4,,89.12987666,93.95753479003906,10.573052406311035
reaction:2963,t-BuBrettPhos,0,,6.458217991000001,11.521492004394531,10.654818534851074
reaction:2964,t-BuBrettPhos,0,,76.47373216,76.73068237304688,10.737273216247559
reaction:2965,t-BuBrettPhos,2,,83.59935968,86.5044174194336,11.073102951049805
reaction:2966,t-BuBrettPhos,3,,14.29478531,11.668069839477539,13.245562553405762
reaction:2967,t-BuBrettPhos,3,,28.32846401,23.149147033691406,12.628801345825195
reaction:2968,t-BuBrettPhos,3,,36.31466019,35.510677337646484,12.307422637939453
reaction:2969,t-BuBrettPhos,1,,7.206982067,8.993019104003906,13.895583152770996
reaction:2970,t-BuBrettPhos,4,,57.87284649,60.72559356689453,12.68960952758789
reaction:2971,t-BuBrettPhos,2,,60.98476598,63.71318054199219,12.736087799072266
reaction:2972,t-BuBrettPhos,0,,9.444894792,6.122720718383789,13.69014835357666
reaction:2973,t-BuBrettPhos,4,,65.10791868,73.02822875976562,12.498491287231445
reaction:2974,t-BuBrettPhos,3,,72.37220718,68.80848693847656,12.667548179626465
reaction:2975,t-BuBrettPhos,1,,78.76794462,73.47356414794922,11.968213081359863
reaction:2976,t-BuBrettPhos,0,,77.82985513,76.1430435180664,11.465022087097168
reaction:2977,t-BuBrettPhos,3,,79.30639259,70.88441467285156,12.6885404586792
reaction:2978,t-BuBrettPhos,2,,6.010382761,16.46510887145996,13.73301887512207
reaction:2979,t-BuBrettPhos,1,,37.26514805,37.419822692871094,12.815997123718262
reaction:2980,t-BuBrettPhos,3,,54.37431586,62.89521026611328,12.448562622070312
reaction:2981,t-BuBrettPhos,1,,27.94500953,21.382946014404297,13.54726791381836
reaction:2982,t-BuBrettPhos,0,,36.81475234,36.53120422363281,12.225482940673828
reaction:2983,t-BuBrettPhos,1,,36.76661903,37.51454162597656,12.118782997131348
reaction:2984,t-BuBrettPhos,2,,39.97323526,40.32356262207031,12.240495681762695
reaction:2985,t-BuBrettPhos,0,,57.13220837,58.70161437988281,11.65722370147705
reaction:2986,t-BuBrettPhos,0,,60.30536067,59.00447082519531,11.66075611114502
reaction:2987,t-BuBrettPhos,1,,7.74850436,5.893451690673828,13.70925521850586
reaction:2988,t-BuBrettPhos,2,,57.9781308,57.899505615234375,9.991301536560059
reaction:2989,t-BuBrettPhos,1,,66.51493362,65.2479248046875,10.911202430725098
reaction:2990,t-BuBrettPhos,1,,58.92871095,52.90013122558594,10.275642395019531
reaction:2991,t-BuBrettPhos,2,,59.21092574,56.10548782348633,10.05177116394043
reaction:2992,t-BuBrettPhos,4,,60.412252,66.39937591552734,10.866297721862793
reaction:2993,t-BuBrettPhos,4,,32.73462184,24.023757934570312,12.779853820800781
reaction:2994,t-BuBrettPhos,2,,59.47851607,58.55508804321289,12.188047409057617
reaction:2995,t-BuBrettPhos,0,,64.00575958,66.01748657226562,11.820831298828125
reaction:2996,t-BuBrettPhos,1,,29.60669897,23.46320343017578,13.663341522216797
reaction:2997,t-BuBrettPhos,1,,38.03109863,42.175445556640625,12.133915901184082
reaction:2998,t-BuBrettPhos,2,,41.71330917,49.81789016723633,11.879084587097168
reaction:2999,t-BuBrettPhos,1,,41.98383636,41.235862731933594,13.997462272644043
reaction:3000,t-BuBrettPhos,4,,67.81431274,69.4027099609375,11.26224136352539
reaction:3001,t-BuBrettPhos,0,,65.94429183,69.15902709960938,11.6434907913208
reaction:3002,t-BuBrettPhos,4,,12.64243358,6.170339584350586,13.508749008178711
reaction:3003,t-BuBrettPhos,4,,74.21032846,77.30902099609375,9.784144401550293
reaction:3004,t-BuBrettPhos,0,,75.06056887,84.31956481933594,11.076179504394531
reaction:3005,t-BuBrettPhos,3,,90.99050642,81.58231353759766,10.353667259216309
reaction:3006,t-BuBrettPhos,3,,84.34096533,86.47285461425781,9.850813865661621
reaction:3007,t-BuBrettPhos,2,,88.72522624,95.35208129882812,10.849011421203613
reaction:3008,t-BuBrettPhos,0,,36.05104123,28.13155174255371,13.53745174407959
reaction:3009,t-BuBrettPhos,0,,77.28415340000001,81.99208068847656,12.315177917480469
reaction:3010,t-BuBrettPhos,4,,85.60572483,87.79419708251953,11.754799842834473
reaction:3011,t-BuBrettPhos,4,,1.637827855,4.147825241088867,10.635907173156738
reaction:3012,t-BuBrettPhos,4,,27.00233561,23.530792236328125,10.030919075012207
reaction:3013,t-BuBrettPhos,3,,31.38632484,34.12983703613281,9.812210083007812
reaction:3014,t-BuBrettPhos,4,,0.0,-0.5937423706054688,11.066734313964844
reaction:3015,t-BuBrettPhos,2,,38.20230031,22.082475662231445,10.159661293029785
reaction:3016,t-BuBrettPhos,4,,39.32745332,42.96021270751953,10.09067440032959
reaction:3017,t-BuBrettPhos,2,,4.950264204,1.9385395050048828,10.580911636352539
reaction:3018,t-BuBrettPhos,1,,63.52683766,60.0450553894043,10.88427448272705
reaction:3019,t-BuBrettPhos,4,,64.23525691,65.20643615722656,10.145036697387695
reaction:3020,t-BuBrettPhos,2,,75.99606764,62.12456512451172,10.423114776611328
reaction:3021,t-BuBrettPhos,0,,73.60085469,69.25396728515625,11.1163969039917
reaction:3022,t-BuBrettPhos,4,,77.54678733,74.21617889404297,10.206841468811035
reaction:3023,t-BuBrettPhos,0,,0.970209889,0.6030006408691406,10.45621395111084
reaction:3024,t-BuBrettPhos,3,,45.30338681,42.703514099121094,9.971155166625977
reaction:3025,t-BuBrettPhos,2,,49.87050942,49.62346649169922,10.695940017700195
reaction:3026,t-BuBrettPhos,0,,5.265059572,4.372961044311523,10.23048210144043
reaction:3027,t-BuBrettPhos,0,,36.39098731,31.77081298828125,9.989062309265137
reaction:3028,t-BuBrettPhos,4,,36.44138063,37.056461334228516,10.187172889709473
reaction:3029,t-BuBrettPhos,3,,0.0,0.06908035278320312,10.423583984375
reaction:3030,t-BuBrettPhos,2,,35.28694368,24.43832778930664,10.200583457946777
reaction:3031,t-BuBrettPhos,0,,42.09555031,37.76914978027344,10.371435165405273
reaction:3032,t-BuBrettPhos,4,,3.678633066,2.9471664428710938,10.907440185546875
reaction:3033,t-BuBrettPhos,1,,50.63065751,42.78963088989258,9.634570121765137
reaction:3034,t-BuBrettPhos,2,,61.65083258,63.70137405395508,10.165628433227539
reaction:3035,t-BuBrettPhos,1,,52.72286451,40.0339469909668,9.6837739944458
reaction:3036,t-BuBrettPhos,1,,62.07451283,49.73512268066406,9.807782173156738
reaction:3037,t-BuBrettPhos,0,,61.80067802,60.32453155517578,9.656501770019531
reaction:3038,t-BuBrettPhos,3,,3.0359005960000003,4.231260299682617,10.149073600769043
reaction:3039,t-BuBrettPhos,3,,58.2347243,57.498260498046875,9.983009338378906
reaction:3040,t-BuBrettPhos,1,,66.48281999,62.47015380859375,9.915189743041992
reaction:3041,t-BuBrettPhos,4,,4.477162725,6.683475494384766,10.438145637512207
reaction:3042,t-BuBrettPhos,4,,37.34827699,35.136905670166016,9.929733276367188
reaction:3043,t-BuBrettPhos,4,,41.73289196,43.094993591308594,10.265474319458008
reaction:3044,t-BuBrettPhos,4,,0.0,0.22728347778320312,10.727473258972168
reaction:3045,t-BuBrettPhos,3,,37.72387007,35.979522705078125,9.77711009979248
reaction:3046,t-BuBrettPhos,0,,49.04564688,45.3661003112793,10.20715618133545
reaction:3047,t-BuBrettPhos,1,,4.390150349,2.866962432861328,10.699288368225098
reaction:3048,t-BuBrettPhos,3,,57.96795904,63.57035446166992,9.501558303833008
reaction:3049,t-BuBrettPhos,4,,73.57415684,73.50398254394531,9.457111358642578
reaction:3050,t-BuBrettPhos,2,,74.69880742,69.37816619873047,9.893342018127441
reaction:3051,t-BuBrettPhos,1,,87.52908706,77.07009887695312,9.878360748291016
reaction:3052,t-BuBrettPhos,4,,89.61417594,87.84827423095703,9.856832504272461
reaction:3053,t-BuBrettPhos,0,,2.405254053,7.508758544921875,10.31110954284668
reaction:3054,t-BuBrettPhos,0,,77.09161451,64.60256958007812,10.29256534576416
reaction:3055,t-BuBrettPhos,3,,83.01646677,85.38131713867188,9.738688468933105
reaction:3056,AdBrettPhos,4,,6.891124522,7.608856201171875,10.242955207824707
reaction:3057,AdBrettPhos,0,,24.99527669,25.757122039794922,10.001110076904297
reaction:3058,AdBrettPhos,4,,37.54624547,35.669647216796875,10.057562828063965
reaction:3059,AdBrettPhos,2,,0.7063810420000001,0.3721122741699219,10.497401237487793
reaction:3060,AdBrettPhos,2,,42.52691913,36.945133209228516,10.035938262939453
reaction:3061,AdBrettPhos,2,,47.95299992,47.41595458984375,10.182754516601562
reaction:3062,AdBrettPhos,1,,2.294941324,3.5582809448242188,10.547117233276367
reaction:3063,AdBrettPhos,1,,62.78571552,63.984886169433594,10.653648376464844
reaction:3064,AdBrettPhos,4,,69.97034068,66.62455749511719,10.227245330810547
reaction:3065,AdBrettPhos,1,,74.06067797,64.88093566894531,10.246668815612793
reaction:3066,AdBrettPhos,3,,77.51023369,69.13497924804688,10.23498249053955
reaction:3067,AdBrettPhos,1,,80.90631241,74.00069427490234,10.021791458129883
reaction:3068,AdBrettPhos,1,,8.332944957,6.79698371887207,10.467111587524414
reaction:3069,AdBrettPhos,3,,47.89881593,42.703433990478516,9.849189758300781
reaction:3070,AdBrettPhos,2,,61.03423565,52.29746627807617,10.443580627441406
reaction:3071,AdBrettPhos,2,,3.42165598,2.522563934326172,10.624266624450684
reaction:3072,AdBrettPhos,0,,26.24845362,27.988794326782227,10.039349555969238
reaction:3073,AdBrettPhos,4,,39.43512545,33.539772033691406,10.126911163330078
reaction:3074,AdBrettPhos,4,,0.0,-0.08108139038085938,10.834440231323242
reaction:3075,AdBrettPhos,0,,23.50114845,22.382537841796875,10.135162353515625
reaction:3076,AdBrettPhos,3,,39.99682926,34.425086975097656,9.804116249084473
reaction:3077,AdBrettPhos,1,,0.695599064,0.643096923828125,10.57821273803711
reaction:3078,AdBrettPhos,3,,39.03126202,37.35676574707031,9.455307960510254
reaction:3079,AdBrettPhos,3,,61.69857953,59.352352142333984,9.682147026062012
reaction:3080,AdBrettPhos,3,,27.69709095,32.76887130737305,9.639392852783203
reaction:3081,AdBrettPhos,0,,36.62142901,45.877838134765625,9.589546203613281
reaction:3082,AdBrettPhos,2,,45.52130306,57.91680908203125,10.207673072814941
reaction:3083,AdBrettPhos,2,,2.782548169,1.447357177734375,10.295722007751465
reaction:3084,AdBrettPhos,1,,53.27735781,47.53588104248047,10.19732666015625
reaction:3085,AdBrettPhos,1,,64.8702395,60.035648345947266,9.681896209716797
reaction:3086,AdBrettPhos,2,,3.382805594,4.077075958251953,10.65714168548584
reaction:3087,AdBrettPhos,3,,31.53029931,31.620407104492188,10.055566787719727
reaction:3088,AdBrettPhos,4,,45.77926691,40.42255783081055,10.211153984069824
reaction:3089,AdBrettPhos,3,,0.0,-0.21356582641601562,10.470483779907227
reaction:3090,AdBrettPhos,2,,32.33228249,32.24671936035156,9.963847160339355
reaction:3091,AdBrettPhos,3,,49.75811265,43.56690216064453,9.872123718261719
reaction:3092,AdBrettPhos,1,,0.665471445,0.7956504821777344,10.539738655090332
reaction:3093,AdBrettPhos,1,,50.28049867,54.28630065917969,9.166693687438965
reaction:3094,AdBrettPhos,0,,75.02467082,70.803466796875,9.737176895141602
reaction:3095,AdBrettPhos,2,,52.59936901,63.26957702636719,10.00848388671875
reaction:3096,AdBrettPhos,1,,74.31911492,71.5145263671875,9.441691398620605
reaction:3097,AdBrettPhos,1,,92.11972779,84.41523742675781,9.59145736694336
reaction:3098,AdBrettPhos,4,,2.135901423,2.365072250366211,10.45862102508545
reaction:3099,AdBrettPhos,0,,64.185973,65.95016479492188,10.1486177444458
reaction:3100,AdBrettPhos,2,,85.22067267,81.29743194580078,10.473899841308594
reaction:3101,AdBrettPhos,4,,0.552049908,5.10089111328125,11.000420570373535
reaction:3102,AdBrettPhos,0,,15.46929664,23.068679809570312,10.581818580627441
reaction:3103,AdBrettPhos,3,,29.68665622,35.93471908569336,10.822394371032715
reaction:3104,AdBrettPhos,2,,0.0,0.24075698852539062,11.183587074279785
reaction:3105,AdBrettPhos,1,,42.07740888,44.967529296875,9.981504440307617
reaction:3106,AdBrettPhos,2,,50.20384511,48.40977096557617,10.482650756835938
reaction:3107,AdBrettPhos,0,,0.0,5.37849235534668,10.819211959838867
reaction:3108,AdBrettPhos,0,,63.12102891,64.61308288574219,10.877103805541992
reaction:3109,AdBrettPhos,3,,67.79255716,67.8353271484375,11.49439811706543
reaction:3110,AdBrettPhos,2,,74.22961906,64.87547302246094,11.000161170959473
reaction:3111,AdBrettPhos,3,,75.06901133,67.08747863769531,11.150946617126465
reaction:3112,AdBrettPhos,4,,83.08232968,70.59612274169922,10.8211669921875
reaction:3113,AdBrettPhos,1,,0.0,5.548625946044922,10.611812591552734
reaction:3114,AdBrettPhos,2,,22.62644976,38.93397521972656,10.658551216125488
reaction:3115,AdBrettPhos,3,,62.72600186,57.565277099609375,10.612979888916016
reaction:3116,AdBrettPhos,4,,8.178111662000001,7.74327278137207,10.615219116210938
reaction:3117,AdBrettPhos,4,,33.60174029,30.117258071899414,10.73055648803711
reaction:3118,AdBrettPhos,2,,39.12761896,34.1063346862793,10.885059356689453
reaction:3119,AdBrettPhos,4,,0.0,-0.043102264404296875,11.476776123046875
reaction:3120,AdBrettPhos,0,,32.36655355,28.781734466552734,10.89189624786377
reaction:3121,AdBrettPhos,4,,40.59375347,38.06636047363281,10.41872501373291
reaction:3122,AdBrettPhos,2,,0.817066768,1.261922836303711,11.232325553894043
reaction:3123,AdBrettPhos,1,,50.58160419,44.95176315307617,9.3148775100708
reaction:3124,AdBrettPhos,4,,63.72449893,58.19114685058594,10.3208646774292
reaction:3125,AdBrettPhos,2,,33.94683682,41.50095748901367,10.438715934753418
reaction:3126,AdBrettPhos,1,,41.28086675,49.821319580078125,9.165111541748047
reaction:3127,AdBrettPhos,1,,47.58772845,58.595096588134766,9.534728050231934
reaction:3128,AdBrettPhos,4,,5.956665819,3.405649185180664,10.965967178344727
reaction:3129,AdBrettPhos,0,,57.2826498,49.63994598388672,10.682440757751465
reaction:3130,AdBrettPhos,2,,64.80074025,62.149620056152344,10.989054679870605
reaction:3131,AdBrettPhos,2,,7.126598877999999,10.20462417602539,11.25261402130127
reaction:3132,AdBrettPhos,3,,37.93567028,35.61240005493164,10.819689750671387
reaction:3133,AdBrettPhos,1,,45.20399384,46.37879180908203,10.289735794067383
reaction:3134,AdBrettPhos,2,,0.0,0.3873863220214844,11.129728317260742
reaction:3135,AdBrettPhos,4,,41.28466002,41.49559020996094,10.755173683166504
reaction:3136,AdBrettPhos,3,,49.61017751,50.15843963623047,10.997761726379395
reaction:3137,AdBrettPhos,1,,0.789038452,2.2788925170898438,10.790752410888672
reaction:3138,AdBrettPhos,1,,63.68559531,62.80536651611328,9.286153793334961
reaction:3139,AdBrettPhos,1,,73.08177999,74.69217681884766,9.558173179626465
reaction:3140,AdBrettPhos,3,,72.98033012,71.2978515625,10.572484016418457
reaction:3141,AdBrettPhos,2,,82.64502167,75.36200714111328,9.935820579528809
reaction:3142,AdBrettPhos,2,,90.64441503,86.36568450927734,10.323756217956543
reaction:3143,AdBrettPhos,2,,4.936303419,6.028017044067383,11.115180969238281
reaction:3144,AdBrettPhos,2,,73.81395251,71.1972427368164,10.61347484588623
reaction:3145,AdBrettPhos,0,,82.20776042,82.99449157714844,10.615933418273926
reaction:3146,AdBrettPhos,4,,4.618730656,15.80317497253418,13.116718292236328
reaction:3147,AdBrettPhos,4,,15.74680272,27.038856506347656,12.56680965423584
reaction:3148,AdBrettPhos,2,,30.87761179,38.58470916748047,12.966962814331055
reaction:3149,AdBrettPhos,0,,6.9705672320000005,9.471895217895508,13.738716125488281
reaction:3150,AdBrettPhos,4,,65.46891846,58.26128387451172,12.73921012878418
reaction:3151,AdBrettPhos,4,,66.01585424,61.21739196777344,12.40064525604248
reaction:3152,AdBrettPhos,3,,2.350274713,8.598686218261719,13.379990577697754
reaction:3153,AdBrettPhos,1,,70.85918563,68.39134979248047,12.30887508392334
reaction:3154,AdBrettPhos,0,,68.53030279,71.9835433959961,11.129578590393066
reaction:3155,AdBrettPhos,3,,76.3099624,68.37312316894531,12.177850723266602
reaction:3156,AdBrettPhos,3,,75.95426954,68.59413146972656,12.149919509887695
reaction:3157,AdBrettPhos,3,,82.34937004,67.20381164550781,12.729130744934082
reaction:3158,AdBrettPhos,3,,4.974394565,9.71522331237793,13.335047721862793
reaction:3159,AdBrettPhos,2,,25.79072036,39.365936279296875,12.945696830749512
reaction:3160,AdBrettPhos,0,,62.08187356,55.48945236206055,12.191850662231445
reaction:3161,AdBrettPhos,3,,19.16223306,22.385780334472656,13.147584915161133
reaction:3162,AdBrettPhos,4,,35.94447354,32.9732780456543,11.739752769470215
reaction:3163,AdBrettPhos,1,,37.90012178,35.877681732177734,12.15865707397461
reaction:3164,AdBrettPhos,1,,41.26452613,38.797447204589844,13.986202239990234
reaction:3165,AdBrettPhos,3,,59.06928985,51.78419494628906,11.15062141418457
reaction:3166,AdBrettPhos,1,,59.60099255,56.67473220825195,11.743768692016602
reaction:3167,AdBrettPhos,4,,2.42184546,5.057254791259766,13.542882919311523
reaction:3168,AdBrettPhos,0,,58.63301817,48.75215148925781,10.118722915649414
reaction:3169,AdBrettPhos,4,,63.99950596,61.23748779296875,10.790273666381836
reaction:3170,AdBrettPhos,3,,34.05189508,48.486270904541016,10.276874542236328
reaction:3171,AdBrettPhos,1,,41.4297554,53.493019104003906,10.334607124328613
reaction:3172,AdBrettPhos,4,,47.77426479,60.382511138916016,10.945016860961914
reaction:3173,AdBrettPhos,1,,20.34813867,26.617218017578125,13.635308265686035
reaction:3174,AdBrettPhos,2,,60.49224443,52.86681365966797,12.245891571044922
reaction:3175,AdBrettPhos,3,,63.88080478,61.9555549621582,11.540331840515137
reaction:3176,AdBrettPhos,2,,21.60119174,26.36859893798828,13.429889678955078
reaction:3177,AdBrettPhos,0,,38.59563351,37.72743225097656,12.526050567626953
reaction:3178,AdBrettPhos,2,,44.68109157,48.96919250488281,11.948264122009277
reaction:3179,AdBrettPhos,4,,44.14137034,40.49224853515625,13.153288841247559
reaction:3180,AdBrettPhos,3,,66.81498604,64.69976806640625,11.258182525634766
reaction:3181,AdBrettPhos,1,,68.24812709999999,66.7490234375,11.770828247070312
reaction:3182,AdBrettPhos,3,,2.579355469,8.916788101196289,13.311976432800293
reaction:3183,AdBrettPhos,0,,74.10582409999999,68.34548950195312,10.284377098083496
reaction:3184,AdBrettPhos,0,,72.8478499,81.65187072753906,11.114059448242188
reaction:3185,AdBrettPhos,3,,89.07661609,75.0727310180664,10.451041221618652
reaction:3186,AdBrettPhos,1,,85.65923047,82.25241088867188,10.223631858825684
reaction:3187,AdBrettPhos,0,,94.15173815,86.41105651855469,10.903253555297852
reaction:3188,AdBrettPhos,1,,24.93961347,29.289255142211914,13.67262077331543
reaction:3189,AdBrettPhos,3,,80.06524350000001,71.69239807128906,11.56911563873291
reaction:3190,AdBrettPhos,1,,86.19820374,83.56108093261719,11.84506607055664
reaction:3191,AdBrettPhos,2,,1.252505333,0.5301933288574219,10.664741516113281
reaction:3192,AdBrettPhos,3,,16.04849725,22.56412124633789,10.058530807495117
reaction:3193,AdBrettPhos,0,,30.7124479,31.10526466369629,10.001940727233887
reaction:3194,AdBrettPhos,4,,0.0,-0.7741050720214844,11.125256538391113
reaction:3195,AdBrettPhos,3,,0.0,35.201866149902344,9.84042739868164
reaction:3196,AdBrettPhos,3,,43.09475613,39.179710388183594,10.016959190368652
reaction:3197,AdBrettPhos,0,,0.0,1.7637138366699219,10.428595542907715
reaction:3198,AdBrettPhos,1,,47.34816594,55.3875732421875,10.91209602355957
reaction:3199,AdBrettPhos,2,,64.24887053,59.225921630859375,10.332275390625
reaction:3200,AdBrettPhos,1,,57.59970402,61.32843780517578,10.111671447753906
reaction:3201,AdBrettPhos,3,,64.01092118,65.09474182128906,10.237113952636719
reaction:3202,AdBrettPhos,2,,72.26820117,68.17799377441406,10.705233573913574
reaction:3203,AdBrettPhos,2,,0.8684296779999999,-2.141651153564453,10.83010482788086
reaction:3204,AdBrettPhos,3,,42.09636278,37.81907272338867,10.058160781860352
reaction:3205,AdBrettPhos,2,,50.25936964,46.26543426513672,10.773311614990234
reaction:3206,AdBrettPhos,3,,2.443106533,1.192392349243164,10.299409866333008
reaction:3207,AdBrettPhos,2,,28.78693437,27.944072723388672,10.288690567016602
reaction:3208,AdBrettPhos,3,,34.85762141,32.25291061401367,9.881516456604004
reaction:3209,AdBrettPhos,0,,0.0,-0.5207633972167969,10.275350570678711
reaction:3210,AdBrettPhos,2,,20.89901676,18.495376586914062,10.247746467590332
reaction:3211,AdBrettPhos,2,,36.0742325,35.58893585205078,10.071405410766602
reaction:3212,AdBrettPhos,1,,0.489724505,0.2562828063964844,10.799978256225586
reaction:3213,AdBrettPhos,3,,37.99056967,38.50852584838867,9.43423843383789
reaction:3214,AdBrettPhos,2,,56.47944581,56.40517044067383,10.210176467895508
reaction:3215,AdBrettPhos,2,,26.8260429,33.3241081237793,10.033955574035645
reaction:3216,AdBrettPhos,1,,36.10071383,40.29205322265625,9.815282821655273
reaction:3217,AdBrettPhos,1,,46.52870973,53.74720764160156,9.71146011352539
reaction:3218,AdBrettPhos,4,,1.470956156,-1.3249397277832031,10.921875
reaction:3219,AdBrettPhos,3,,0.0,50.02894973754883,10.058612823486328
reaction:3220,AdBrettPhos,0,,57.24624739,58.28401184082031,10.164678573608398
reaction:3221,AdBrettPhos,4,,2.103607287,3.546558380126953,10.47718334197998
reaction:3222,AdBrettPhos,1,,29.62604669,32.62180709838867,10.248618125915527
reaction:3223,AdBrettPhos,3,,40.21154517,41.54512405395508,10.017786979675293
reaction:3224,AdBrettPhos,1,,0.0,-0.259002685546875,10.882623672485352
reaction:3225,AdBrettPhos,2,,23.916357,30.461286544799805,10.107596397399902
reaction:3226,AdBrettPhos,2,,44.44845486,44.15162658691406,10.130210876464844
reaction:3227,AdBrettPhos,2,,0.490842961,0.7833786010742188,10.784810066223145
reaction:3228,AdBrettPhos,3,,39.51845686,57.00138854980469,9.556139945983887
reaction:3229,AdBrettPhos,1,,69.71995068,69.39231872558594,10.056754112243652
reaction:3230,AdBrettPhos,3,,47.18415816,64.31913757324219,9.715668678283691
reaction:3231,AdBrettPhos,1,,65.99016493,69.57960510253906,9.942608833312988
reaction:3232,AdBrettPhos,4,,87.94083651,80.50736236572266,9.896687507629395
reaction:3233,AdBrettPhos,4,,1.573799128,-0.6720352172851562,10.915823936462402
reaction:3234,AdBrettPhos,4,,61.50487524,59.31428527832031,10.0724458694458
reaction:3235,AdBrettPhos,0,,83.95560608,78.32583618164062,10.3193941116333
reaction:3236,XPhos,1,,13.9614152,13.054094314575195,13.234601020812988
reaction:3237,XPhos,3,,15.08609068,10.873815536499023,13.352543830871582
reaction:3238,XPhos,2,,15.9216391,19.442974090576172,12.108892440795898
reaction:3239,XPhos,3,,2.548391087,2.322633743286133,14.504426956176758
reaction:3240,XPhos,2,,8.641168314,7.370716094970703,11.9100341796875
reaction:3241,XPhos,2,,6.654637209,7.384359359741211,12.355816841125488
reaction:3242,XPhos,4,,7.713999512000001,7.259748458862305,14.284314155578613
reaction:3243,XPhos,1,,14.761892499999998,23.452199935913086,11.779436111450195
reaction:3244,XPhos,1,,16.70711364,28.51807403564453,11.97310733795166
reaction:3245,XPhos,4,,12.25099464,4.592838287353516,12.36929988861084
reaction:3246,XPhos,2,,16.43551115,9.02621841430664,11.364456176757812
reaction:3247,XPhos,3,,17.06361217,11.91590690612793,12.771560668945312
reaction:3248,XPhos,4,,12.13886151,17.89427375793457,13.821311950683594
reaction:3249,XPhos,1,,10.08173564,9.653717041015625,13.162879943847656
reaction:3250,XPhos,0,,12.79205877,20.160846710205078,12.105391502380371
reaction:3251,XPhos,3,,11.31960299,9.419004440307617,12.851896286010742
reaction:3252,XPhos,3,,22.30541273,17.374460220336914,13.27197265625
reaction:3253,XPhos,4,,25.45694196,25.060504913330078,12.811572074890137
reaction:3254,XPhos,3,,0.0,0.5892257690429688,12.968908309936523
reaction:3255,XPhos,3,,2.840028013,2.4307174682617188,12.057095527648926
reaction:3256,XPhos,2,,4.296191189,6.012779235839844,11.407596588134766
reaction:3257,XPhos,3,,1.896990139,1.7191905975341797,12.70493221282959
reaction:3258,XPhos,3,,9.250516466,8.848852157592773,11.508344650268555
reaction:3259,XPhos,0,,13.02243467,15.466449737548828,11.493842124938965
reaction:3260,XPhos,4,,15.10135263,8.789609909057617,11.344320297241211
reaction:3261,XPhos,3,,24.44251918,24.005226135253906,11.589162826538086
reaction:3262,XPhos,2,,26.61192771,27.219768524169922,11.901397705078125
reaction:3263,XPhos,2,,2.419663487,1.9342918395996094,12.203269004821777
reaction:3264,XPhos,2,,6.251282484,9.14846420288086,11.997374534606934
reaction:3265,XPhos,0,,12.75397423,16.152076721191406,12.078492164611816
reaction:3266,XPhos,0,,13.18136791,9.434179306030273,11.895598411560059
reaction:3267,XPhos,3,,22.67787637,15.862262725830078,13.120803833007812
reaction:3268,XPhos,4,,24.0555231,27.63062858581543,12.86698055267334
reaction:3269,XPhos,1,,0.0,0.379669189453125,12.191385269165039
reaction:3270,XPhos,0,,2.373234972,-1.2845268249511719,12.375773429870605
reaction:3271,XPhos,0,,5.371995824,4.936492919921875,12.240740776062012
reaction:3272,XPhos,4,,2.067024275,2.8572998046875,12.468168258666992
reaction:3273,XPhos,1,,9.241578451,11.160463333129883,11.37968921661377
reaction:3274,XPhos,2,,20.36311527,28.267488479614258,11.575570106506348
reaction:3275,XPhos,3,,14.60964787,11.077102661132812,11.548272132873535
reaction:3276,XPhos,1,,28.761729100000004,32.681114196777344,11.434112548828125
reaction:3277,XPhos,1,,23.20886991,41.50013732910156,11.82672119140625
reaction:3278,XPhos,2,,3.338911929,0.4818153381347656,11.841075897216797
reaction:3279,XPhos,3,,11.07544016,3.4582996368408203,12.24972915649414
reaction:3280,XPhos,1,,16.38360507,22.171913146972656,11.955665588378906
reaction:3281,XPhos,2,,8.599290827999999,10.380664825439453,14.594380378723145
reaction:3282,XPhos,2,,8.073391293,7.941646575927734,14.129684448242188
reaction:3283,XPhos,0,,8.373801377000001,16.241182327270508,14.30078411102295
reaction:3284,XPhos,0,,2.086409943,3.188051223754883,15.313933372497559
reaction:3285,XPhos,2,,3.898269895,5.689174652099609,13.64704704284668
reaction:3286,XPhos,3,,2.8197473260000003,2.1712722778320312,14.432158470153809
reaction:3287,XPhos,0,,9.734031055,6.101484298706055,15.47475528717041
reaction:3288,XPhos,4,,14.02250347,13.948724746704102,13.167951583862305
reaction:3289,XPhos,2,,13.30215474,21.775936126708984,13.579116821289062
reaction:3290,XPhos,4,,11.84842444,1.1230239868164062,13.266992568969727
reaction:3291,XPhos,4,,12.48722349,6.085790634155273,12.999166488647461
reaction:3292,XPhos,0,,13.26217146,16.382946014404297,13.930291175842285
reaction:3293,XPhos,4,,7.007309831000001,14.275638580322266,14.759415626525879
reaction:3294,XPhos,0,,3.803167764,10.190195083618164,14.546062469482422
reaction:3295,XPhos,0,,9.3396983,25.011390686035156,14.219575881958008
reaction:3296,XPhos,0,,2.8287389710000004,3.3537445068359375,14.114415168762207
reaction:3297,XPhos,2,,11.73173458,13.150951385498047,13.050362586975098
reaction:3298,XPhos,1,,32.01377764,25.243268966674805,13.977667808532715
reaction:3299,XPhos,0,,0.0,1.9516220092773438,15.137123107910156
reaction:3300,XPhos,3,,0.597123544,0.5013580322265625,13.647461891174316
reaction:3301,XPhos,1,,1.6246243130000002,14.399198532104492,13.74019718170166
reaction:3302,XPhos,3,,1.378417368,2.1253490447998047,14.536684036254883
reaction:3303,XPhos,0,,5.748911262999999,9.222391128540039,12.288756370544434
reaction:3304,XPhos,4,,15.88279637,14.281072616577148,12.62353229522705
reaction:3305,XPhos,1,,15.03293541,11.021507263183594,12.639901161193848
reaction:3306,XPhos,3,,36.25474039,20.798721313476562,12.855725288391113
reaction:3307,XPhos,3,,40.83653695,32.060707092285156,13.236149787902832
reaction:3308,XPhos,3,,0.0,2.516763687133789,14.737914085388184
reaction:3309,XPhos,1,,3.383758574,8.695724487304688,14.184195518493652
reaction:3310,XPhos,3,,9.091321628,8.767217636108398,13.845524787902832
reaction:3311,XPhos,1,,1.249008464,4.223550796508789,14.205700874328613
reaction:3312,XPhos,3,,7.593500734,9.394222259521484,14.220020294189453
reaction:3313,XPhos,2,,23.19251783,24.585315704345703,13.008096694946289
reaction:3314,XPhos,2,,0.0,-0.05196380615234375,13.86849594116211
reaction:3315,XPhos,4,,0.0,-10.646289825439453,12.989556312561035
reaction:3316,XPhos,4,,0.0,0.16864395141601562,12.820451736450195
reaction:3317,XPhos,4,,0.0,1.1811504364013672,13.652552604675293
reaction:3318,XPhos,1,,3.304153664,-0.06315231323242188,12.415962219238281
reaction:3319,XPhos,1,,4.972241085,22.838417053222656,12.951118469238281
reaction:3320,XPhos,0,,11.6539798,9.402446746826172,12.697966575622559
reaction:3321,XPhos,2,,23.14100825,26.57353973388672,12.013249397277832
reaction:3322,XPhos,3,,30.73323241,34.024925231933594,13.119714736938477
reaction:3323,XPhos,2,,0.0,-3.617534637451172,13.88596248626709
reaction:3324,XPhos,3,,0.0,-2.3583030700683594,13.74032974243164
reaction:3325,XPhos,2,,0.0,14.803792953491211,13.477307319641113
reaction:3326,XPhos,4,,25.79234273,18.62809944152832,12.58435344696045
reaction:3327,XPhos,3,,21.1852936,25.059282302856445,12.762356758117676
reaction:3328,XPhos,0,,41.0055284,38.84993362426758,12.138507843017578
reaction:3329,XPhos,2,,1.426630798,2.5138988494873047,13.719408988952637
reaction:3330,XPhos,1,,41.22664286,32.999847412109375,12.902681350708008
reaction:3331,XPhos,0,,47.37967992,34.598331451416016,12.39801025390625
reaction:3332,XPhos,4,,11.25218088,9.54560661315918,13.98150634765625
reaction:3333,XPhos,4,,66.85183325,50.66333770751953,11.917701721191406
reaction:3334,XPhos,2,,67.69619533,51.58543395996094,12.257040023803711
reaction:3335,XPhos,0,,18.57739993,38.820865631103516,11.85362720489502
reaction:3336,XPhos,1,,22.20180478,42.78294372558594,11.994792938232422
reaction:3337,XPhos,0,,22.35512226,45.00471878051758,11.979971885681152
reaction:3338,XPhos,3,,38.752824100000005,21.929100036621094,13.46656322479248
reaction:3339,XPhos,2,,24.97274403,17.666873931884766,12.776093482971191
reaction:3340,XPhos,2,,75.11548375,48.159400939941406,12.789010047912598
reaction:3341,XPhos,2,,19.41980511,21.833040237426758,12.34113883972168
reaction:3342,XPhos,1,,32.07542073,32.26974105834961,12.798008918762207
reaction:3343,XPhos,0,,34.52065187,37.036251068115234,11.507899284362793
reaction:3344,XPhos,1,,2.069142775,2.0088443756103516,12.346331596374512
reaction:3345,XPhos,4,,14.42253285,15.492626190185547,12.331283569335938
reaction:3346,XPhos,2,,22.92734992,18.641345977783203,11.415867805480957
reaction:3347,XPhos,1,,5.821778043999999,5.757463455200195,12.084134101867676
reaction:3348,XPhos,3,,33.78601477,33.63214111328125,10.860135078430176
reaction:3349,XPhos,1,,37.39742705,33.600807189941406,11.719659805297852
reaction:3350,XPhos,0,,26.66040937,29.912498474121094,11.203390121459961
reaction:3351,XPhos,1,,44.30153891,46.20390319824219,11.260333061218262
reaction:3352,XPhos,3,,44.76424476,49.5594367980957,11.25124454498291
reaction:3353,XPhos,1,,12.63535619,13.941791534423828,11.908461570739746
reaction:3354,XPhos,1,,32.89151252,23.878154754638672,13.001199722290039
reaction:3355,XPhos,0,,41.00150742,35.96281814575195,11.696022033691406
reaction:3356,XPhos,4,,19.39344332,18.458187103271484,12.033634185791016
reaction:3357,XPhos,4,,31.15934188,29.176881790161133,11.468412399291992
reaction:3358,XPhos,3,,38.74519603,36.63777160644531,11.140658378601074
reaction:3359,XPhos,4,,1.798923194,1.9176177978515625,12.186891555786133
reaction:3360,XPhos,2,,9.508784567,15.732009887695312,11.460102081298828
reaction:3361,XPhos,4,,17.33987768,21.151294708251953,12.016441345214844
reaction:3362,XPhos,2,,5.235495595,4.474790573120117,12.851052284240723
reaction:3363,XPhos,4,,28.74353219,32.85624694824219,11.302743911743164
reaction:3364,XPhos,1,,53.88645108,45.77473449707031,12.17093276977539
reaction:3365,XPhos,2,,27.32636453,32.09484100341797,11.205802917480469
reaction:3366,XPhos,4,,52.36462009,49.81379318237305,11.4861478805542
reaction:3367,XPhos,2,,62.64059826,52.47765350341797,11.770419120788574
reaction:3368,XPhos,3,,7.71156711,12.285051345825195,12.049947738647461
reaction:3369,XPhos,0,,25.62052054,29.968420028686523,12.552691459655762
reaction:3370,XPhos,3,,43.30658798,41.174591064453125,11.518867492675781
reaction:3371,XPhos,3,,6.70191803,9.626424789428711,12.481644630432129
reaction:3372,XPhos,2,,15.721696,15.5042724609375,12.091928482055664
reaction:3373,XPhos,3,,32.03839032,24.63482666015625,11.840179443359375
reaction:3374,XPhos,2,,0.0,-0.3200225830078125,12.906558990478516
reaction:3375,XPhos,0,,5.529906697,13.03854751586914,12.100752830505371
reaction:3376,XPhos,2,,6.840870887,16.106210708618164,11.90452766418457
reaction:3377,XPhos,2,,0.566845941,3.680431365966797,12.805953979492188
reaction:3378,XPhos,4,,22.16483544,35.51476287841797,11.303361892700195
reaction:3379,XPhos,3,,31.41749034,41.58280944824219,11.965012550354004
reaction:3380,XPhos,1,,22.29411196,16.76892852783203,11.350044250488281
reaction:3381,XPhos,0,,31.22952549,23.740947723388672,11.57267951965332
reaction:3382,XPhos,1,,31.17670784,19.923423767089844,11.433384895324707
reaction:3383,XPhos,2,,3.037744154,12.544124603271484,12.635748863220215
reaction:3384,XPhos,0,,13.63572226,18.563344955444336,12.039828300476074
reaction:3385,XPhos,1,,21.33105034,32.66062545776367,12.258742332458496
reaction:3386,XPhos,4,,10.4860128,8.671367645263672,10.555569648742676
reaction:3387,XPhos,0,,26.29886063,29.28150177001953,10.954980850219727
reaction:3388,XPhos,1,,23.69345333,32.75679397583008,12.487724304199219
reaction:3389,XPhos,4,,0.0,0.19687271118164062,11.074801445007324
reaction:3390,XPhos,2,,6.730455291,8.984504699707031,10.952656745910645
reaction:3391,XPhos,2,,13.41857273,10.45307731628418,10.606459617614746
reaction:3392,XPhos,1,,1.036456102,0.8795661926269531,11.123964309692383
reaction:3393,XPhos,3,,22.99620882,22.13304901123047,10.933045387268066
reaction:3394,XPhos,1,,37.021541,23.771251678466797,11.095260620117188
reaction:3395,XPhos,3,,22.69659515,22.73785400390625,10.9282865524292
reaction:3396,XPhos,0,,37.46429839,39.37311935424805,11.012079238891602
reaction:3397,XPhos,3,,39.38981845,44.738250732421875,11.157403945922852
reaction:3398,XPhos,4,,4.58213428,-1.577178955078125,11.329133987426758
reaction:3399,XPhos,0,,22.70660834,16.595457077026367,11.824847221374512
reaction:3400,XPhos,1,,33.31806917,24.670337677001953,11.519573211669922
reaction:3401,XPhos,0,,7.343376414,7.152355194091797,10.98193073272705
reaction:3402,XPhos,2,,26.03173318,23.65639305114746,11.125653266906738
reaction:3403,XPhos,1,,36.25454831,34.537986755371094,11.999610900878906
reaction:3404,XPhos,1,,0.0,-0.2495269775390625,11.399595260620117
reaction:3405,XPhos,2,,4.191040534,4.040187835693359,10.690991401672363
reaction:3406,XPhos,0,,6.114675165,10.288122177124023,11.931037902832031
reaction:3407,XPhos,3,,0.884950948,-0.4465446472167969,10.827991485595703
reaction:3408,XPhos,0,,16.69067663,16.799888610839844,10.763653755187988
reaction:3409,XPhos,3,,31.26628393,45.321834564208984,11.280688285827637
reaction:3410,XPhos,0,,24.66006055,21.22509002685547,11.195005416870117
reaction:3411,XPhos,0,,45.98390905,41.26876449584961,10.965149879455566
reaction:3412,XPhos,1,,52.56128921,48.94957733154297,11.264171600341797
reaction:3413,XPhos,4,,3.35256921,-4.403499603271484,11.26065731048584
reaction:3414,XPhos,2,,15.35819367,16.339841842651367,10.480608940124512
reaction:3415,XPhos,0,,29.91552733,31.84758949279785,11.907614707946777
reaction:3416,t-BuXPhos,3,,13.16893511,16.66485595703125,13.04384994506836
reaction:3417,t-BuXPhos,0,,16.79477369,21.803661346435547,12.475961685180664
reaction:3418,t-BuXPhos,0,,16.24533971,16.258047103881836,12.330392837524414
reaction:3419,t-BuXPhos,4,,2.118660091,1.6226692199707031,13.440555572509766
reaction:3420,t-BuXPhos,0,,15.85894672,18.616012573242188,12.119641304016113
reaction:3421,t-BuXPhos,4,,15.94900479,17.224376678466797,12.420397758483887
reaction:3422,t-BuXPhos,1,,7.108204477,8.13026237487793,13.162086486816406
reaction:3423,t-BuXPhos,2,,24.76005147,27.28395652770996,11.123590469360352
reaction:3424,t-BuXPhos,3,,28.11243479,25.52879524230957,12.412917137145996
reaction:3425,t-BuXPhos,4,,27.24876847,26.089588165283203,12.267012596130371
reaction:3426,t-BuXPhos,4,,31.76624566,34.433284759521484,12.129281044006348
reaction:3427,t-BuXPhos,1,,37.29673945,33.49269104003906,11.834236145019531
reaction:3428,t-BuXPhos,4,,16.87891597,22.4345760345459,13.328857421875
reaction:3429,t-BuXPhos,0,,22.41656552,39.423885345458984,11.932557106018066
reaction:3430,t-BuXPhos,1,,23.46293461,32.97718811035156,12.186505317687988
reaction:3431,t-BuXPhos,2,,9.295516532,14.699682235717773,12.854361534118652
reaction:3432,t-BuXPhos,1,,35.04870846,32.85111999511719,12.043959617614746
reaction:3433,t-BuXPhos,1,,35.39709887,37.92668151855469,12.437661170959473
reaction:3434,t-BuXPhos,1,,0.0,1.6078948974609375,13.541340827941895
reaction:3435,t-BuXPhos,4,,34.88973455,30.572206497192383,11.941962242126465
reaction:3436,t-BuXPhos,4,,35.68810141,37.76521682739258,11.96284008026123
reaction:3437,t-BuXPhos,3,,1.257407502,5.684221267700195,12.715252876281738
reaction:3438,t-BuXPhos,0,,55.96431027,49.96640396118164,10.700700759887695
reaction:3439,t-BuXPhos,4,,59.93053961,60.226165771484375,11.403421401977539
reaction:3440,t-BuXPhos,4,,56.99401844,54.77198791503906,10.804961204528809
reaction:3441,t-BuXPhos,0,,63.00725217,61.994327545166016,10.966866493225098
reaction:3442,t-BuXPhos,3,,59.18255708,64.88317108154297,11.167558670043945
reaction:3443,t-BuXPhos,0,,7.66652575,19.93840789794922,11.845596313476562
reaction:3444,t-BuXPhos,1,,54.77135423,58.01463317871094,12.60597038269043
reaction:3445,t-BuXPhos,4,,62.18465229,62.126991271972656,12.781699180603027
reaction:3446,t-BuXPhos,4,,17.84178388,22.04035186767578,12.033441543579102
reaction:3447,t-BuXPhos,1,,40.13524468,40.967796325683594,11.965778350830078
reaction:3448,t-BuXPhos,3,,46.24961136,44.85043716430664,12.07291316986084
reaction:3449,t-BuXPhos,3,,2.890686767,2.066801071166992,14.064228057861328
reaction:3450,t-BuXPhos,4,,45.52184766,42.59312057495117,12.001904487609863
reaction:3451,t-BuXPhos,4,,47.90925553,48.699893951416016,11.948687553405762
reaction:3452,t-BuXPhos,0,,11.25502625,6.354251861572266,11.657241821289062
reaction:3453,t-BuXPhos,3,,71.70514407,64.42152404785156,10.617749214172363
reaction:3454,t-BuXPhos,4,,72.13959481,71.66380310058594,11.38832950592041
reaction:3455,t-BuXPhos,1,,79.78226496,76.07696533203125,11.231510162353516
reaction:3456,t-BuXPhos,0,,79.62575679,80.24453735351562,10.909676551818848
reaction:3457,t-BuXPhos,4,,82.21280375,82.4319839477539,11.376002311706543
reaction:3458,t-BuXPhos,4,,33.50615076,21.955928802490234,12.36783504486084
reaction:3459,t-BuXPhos,3,,78.67116412,66.35269165039062,12.272051811218262
reaction:3460,t-BuXPhos,4,,79.16863895,80.96894836425781,12.802299499511719
reaction:3461,t-BuXPhos,4,,10.16290719,17.404760360717773,13.768712043762207
reaction:3462,t-BuXPhos,3,,10.72653134,17.941192626953125,14.40689468383789
reaction:3463,t-BuXPhos,1,,11.56918225,20.81442642211914,13.159307479858398
reaction:3464,t-BuXPhos,1,,1.924092177,2.515127182006836,14.860567092895508
reaction:3465,t-BuXPhos,4,,9.627089409,20.814409255981445,13.117085456848145
reaction:3466,t-BuXPhos,0,,11.09901507,29.27474021911621,13.930649757385254
reaction:3467,t-BuXPhos,4,,6.581266652999999,7.450292587280273,14.306736946105957
reaction:3468,t-BuXPhos,0,,16.8324099,34.53617477416992,12.807305335998535
reaction:3469,t-BuXPhos,4,,21.40006849,38.00516891479492,12.852729797363281
reaction:3470,t-BuXPhos,3,,42.78380779,27.11587142944336,13.60461711883545
reaction:3471,t-BuXPhos,2,,53.50463767,25.5290584564209,12.697123527526855
reaction:3472,t-BuXPhos,2,,60.63710952,32.22706604003906,13.152313232421875
reaction:3473,t-BuXPhos,4,,13.25100229,20.56991195678711,14.37760066986084
reaction:3474,t-BuXPhos,3,,18.48421566,42.07539367675781,14.368399620056152
reaction:3475,t-BuXPhos,0,,20.6070389,51.54075622558594,14.043004035949707
reaction:3476,t-BuXPhos,1,,1.71151259,9.668769836425781,14.032793045043945
reaction:3477,t-BuXPhos,4,,7.321293774,22.971820831298828,12.447476387023926
reaction:3478,t-BuXPhos,2,,34.91039433,35.1490592956543,13.118209838867188
reaction:3479,t-BuXPhos,0,,0.0,1.043304443359375,15.005887985229492
reaction:3480,t-BuXPhos,2,,5.935933532999999,26.216236114501953,12.993950843811035
reaction:3481,t-BuXPhos,4,,58.0174464,31.976924896240234,12.63975715637207
reaction:3482,t-BuXPhos,0,,1.7819099669999998,4.784400939941406,15.162343978881836
reaction:3483,t-BuXPhos,2,,22.74107385,39.562644958496094,11.52901554107666
reaction:3484,t-BuXPhos,1,,57.01120739,47.50884246826172,12.239584922790527
reaction:3485,t-BuXPhos,2,,33.66124955,52.30010223388672,11.711217880249023
reaction:3486,t-BuXPhos,1,,51.21151631,52.19822692871094,11.653315544128418
reaction:3487,t-BuXPhos,3,,60.13886073,60.433902740478516,12.400080680847168
reaction:3488,t-BuXPhos,3,,2.249906301,8.294719696044922,15.124775886535645
reaction:3489,t-BuXPhos,0,,41.72955132,40.575286865234375,13.86710262298584
reaction:3490,t-BuXPhos,2,,60.45904469,58.616416931152344,13.063028335571289
reaction:3491,t-BuXPhos,2,,16.47949658,12.116727828979492,14.240620613098145
reaction:3492,t-BuXPhos,2,,27.36893381,21.94817352294922,13.275383949279785
reaction:3493,t-BuXPhos,0,,39.35756061,43.670555114746094,14.062088012695312
reaction:3494,t-BuXPhos,1,,0.712699399,2.106781005859375,15.073005676269531
reaction:3495,t-BuXPhos,2,,8.970204017,35.932193756103516,12.972660064697266
reaction:3496,t-BuXPhos,3,,44.46296659,52.6297607421875,12.967778205871582
reaction:3497,t-BuXPhos,0,,4.28271464,8.426475524902344,14.966967582702637
reaction:3498,t-BuXPhos,0,,39.55034963,52.078392028808594,12.100980758666992
reaction:3499,t-BuXPhos,0,,63.92666602,64.34127807617188,12.823244094848633
reaction:3500,t-BuXPhos,4,,79.04497323,54.308067321777344,11.47232723236084
reaction:3501,t-BuXPhos,4,,78.70773698,66.5562515258789,11.437593460083008
reaction:3502,t-BuXPhos,2,,84.10193793,77.20478820800781,12.112040519714355
reaction:3503,t-BuXPhos,1,,12.67223423,14.754179000854492,14.058212280273438
reaction:3504,t-BuXPhos,0,,55.95219042,50.83507537841797,13.887720108032227
reaction:3505,t-BuXPhos,3,,80.67857489,69.91421508789062,13.603079795837402
reaction:3506,t-BuXPhos,0,,30.59884697,25.00664710998535,12.41511058807373
reaction:3507,t-BuXPhos,2,,33.91258635,32.27455139160156,12.498104095458984
reaction:3508,t-BuXPhos,0,,36.80129147,35.625770568847656,12.126264572143555
reaction:3509,t-BuXPhos,4,,2.495636052,2.2601184844970703,13.326126098632812
reaction:3510,t-BuXPhos,2,,47.27988184,46.413787841796875,12.153844833374023
reaction:3511,t-BuXPhos,3,,44.44212826,46.661964416503906,11.861647605895996
reaction:3512,t-BuXPhos,3,,12.51112995,9.255756378173828,11.928106307983398
reaction:3513,t-BuXPhos,4,,66.1081674,63.87068176269531,11.59542179107666
reaction:3514,t-BuXPhos,2,,63.53604944,58.693511962890625,12.09668254852295
reaction:3515,t-BuXPhos,3,,53.37807808,64.02583312988281,11.369157791137695
reaction:3516,t-BuXPhos,1,,62.99169098,70.38957214355469,11.869307518005371
reaction:3517,t-BuXPhos,4,,63.44404456,67.65402221679688,11.856718063354492
reaction:3518,t-BuXPhos,4,,52.55158103,31.708656311035156,13.07815933227539
reaction:3519,t-BuXPhos,2,,68.74074216,40.34043884277344,12.752803802490234
reaction:3520,t-BuXPhos,0,,77.66689194,69.36395263671875,11.8737154006958
reaction:3521,t-BuXPhos,0,,34.08344524,24.704143524169922,11.674123764038086
reaction:3522,t-BuXPhos,3,,38.11608188,35.14781188964844,11.367853164672852
reaction:3523,t-BuXPhos,3,,39.909465,34.309696197509766,11.675061225891113
reaction:3524,t-BuXPhos,0,,1.029883817,1.3735084533691406,11.823884963989258
reaction:3525,t-BuXPhos,2,,39.21368937,39.191253662109375,11.704858779907227
reaction:3526,t-BuXPhos,2,,35.2237201,35.66279602050781,11.135068893432617
reaction:3527,t-BuXPhos,0,,3.311093961,3.6874752044677734,12.060410499572754
reaction:3528,t-BuXPhos,1,,57.74229286,58.817230224609375,11.246085166931152
reaction:3529,t-BuXPhos,4,,59.48668549,61.7620735168457,11.471489906311035
reaction:3530,t-BuXPhos,0,,64.60204454,61.98480987548828,10.780033111572266
reaction:3531,t-BuXPhos,0,,61.25906652,68.61029052734375,10.700347900390625
reaction:3532,t-BuXPhos,3,,62.35242374,63.70708465576172,10.679378509521484
reaction:3533,t-BuXPhos,1,,36.30128303,31.463165283203125,12.048089981079102
reaction:3534,t-BuXPhos,4,,63.06191521,67.11195373535156,11.728280067443848
reaction:3535,t-BuXPhos,4,,62.65745672,67.9035415649414,12.756189346313477
reaction:3536,t-BuXPhos,1,,33.03637259,35.050689697265625,12.34962272644043
reaction:3537,t-BuXPhos,1,,39.20587876,41.64744567871094,12.081389427185059
reaction:3538,t-BuXPhos,4,,41.26140824,44.988365173339844,11.780876159667969
reaction:3539,t-BuXPhos,3,,1.728296665,2.058633804321289,13.42779541015625
reaction:3540,t-BuXPhos,4,,49.69104828,44.860530853271484,11.943613052368164
reaction:3541,t-BuXPhos,1,,41.80838188,43.94596862792969,12.240506172180176
reaction:3542,t-BuXPhos,4,,3.524318044,8.190895080566406,12.665989875793457
reaction:3543,t-BuXPhos,2,,71.55294754,70.95063781738281,10.44726848602295
reaction:3544,t-BuXPhos,4,,72.58292155,71.08890533447266,11.414168357849121
reaction:3545,t-BuXPhos,4,,83.76441682,79.94656372070312,10.974967956542969
reaction:3546,t-BuXPhos,1,,82.77010873,84.46016693115234,11.322094917297363
reaction:3547,t-BuXPhos,2,,80.16290148,82.01762390136719,11.06624984741211
reaction:3548,t-BuXPhos,2,,44.56568658,41.436439514160156,12.262027740478516
reaction:3549,t-BuXPhos,2,,80.07437026,79.29911804199219,11.908235549926758
reaction:3550,t-BuXPhos,4,,81.27546311,82.98301696777344,12.798582077026367
reaction:3551,t-BuXPhos,0,,15.75654156,18.467601776123047,11.639568328857422
reaction:3552,t-BuXPhos,2,,40.52594956,37.305110931396484,11.672646522521973
reaction:3553,t-BuXPhos,1,,38.16592165,40.37828063964844,11.580724716186523
reaction:3554,t-BuXPhos,4,,0.390715033,1.7172718048095703,12.480616569519043
reaction:3555,t-BuXPhos,1,,45.77689221,41.58670425415039,11.482060432434082
reaction:3556,t-BuXPhos,4,,41.36745101,41.138145446777344,11.31922435760498
reaction:3557,t-BuXPhos,1,,0.8602956559999999,6.202053070068359,12.653275489807129
reaction:3558,t-BuXPhos,1,,63.69608906,64.20626068115234,11.101816177368164
reaction:3559,t-BuXPhos,2,,64.24487271,59.986351013183594,11.122533798217773
reaction:3560,t-BuXPhos,4,,63.65319734,61.98456573486328,11.378053665161133
reaction:3561,t-BuXPhos,0,,73.26731184,70.93624114990234,11.3388090133667
reaction:3562,t-BuXPhos,3,,70.29330199,68.55101013183594,11.090970993041992
reaction:3563,t-BuXPhos,2,,8.47025224,24.949520111083984,12.187444686889648
reaction:3564,t-BuXPhos,4,,70.27327326,55.88436508178711,11.4243745803833
reaction:3565,t-BuXPhos,4,,75.8997955,52.907997131347656,11.899483680725098
reaction:3566,t-BuXPhos,4,,12.88972347,12.551273345947266,11.306260108947754
reaction:3567,t-BuXPhos,3,,36.29421793,35.85396957397461,11.03709888458252
reaction:3568,t-BuXPhos,3,,37.37794419,34.622493743896484,11.730398178100586
reaction:3569,t-BuXPhos,1,,0.252253584,-0.1882476806640625,12.929624557495117
reaction:3570,t-BuXPhos,3,,37.13655068,32.762203216552734,11.097735404968262
reaction:3571,t-BuXPhos,1,,32.814438300000006,38.55119323730469,11.654409408569336
reaction:3572,t-BuXPhos,1,,0.83326199,-0.14739990234375,11.086548805236816
reaction:3573,t-BuXPhos,3,,55.17541483,55.638607025146484,10.475939750671387
reaction:3574,t-BuXPhos,3,,57.50576347,62.67384338378906,10.898015975952148
reaction:3575,t-BuXPhos,0,,66.07394644,59.4326057434082,10.902950286865234
reaction:3576,t-BuXPhos,0,,64.68492451,68.99790954589844,10.862162590026855
reaction:3577,t-BuXPhos,4,,60.93427362,68.84664916992188,10.980195045471191
reaction:3578,t-BuXPhos,0,,6.684386034,8.813772201538086,10.965402603149414
reaction:3579,t-BuXPhos,3,,63.13467167,63.67389678955078,11.409987449645996
reaction:3580,t-BuXPhos,4,,65.07775968,66.86280822753906,12.098657608032227
reaction:3581,t-BuXPhos,1,,11.91198349,19.502153396606445,11.287951469421387
reaction:3582,t-BuXPhos,0,,39.35316158,40.784271240234375,12.209267616271973
reaction:3583,t-BuXPhos,3,,43.82916168,40.956871032714844,11.636520385742188
reaction:3584,t-BuXPhos,4,,0.381599662,1.5078582763671875,11.14734935760498
reaction:3585,t-BuXPhos,3,,49.01650319,39.51525115966797,11.000581741333008
reaction:3586,t-BuXPhos,1,,42.67624543,43.662506103515625,11.632148742675781
reaction:3587,t-BuXPhos,4,,0.7454308609999999,4.2049560546875,11.728943824768066
reaction:3588,t-BuXPhos,4,,69.58481273,65.76522827148438,10.515377044677734
reaction:3589,t-BuXPhos,2,,71.48272249,68.97866821289062,10.691129684448242
reaction:3590,t-BuXPhos,0,,82.32171897,77.1221923828125,11.118499755859375
reaction:3591,t-BuXPhos,4,,81.29892199,83.10488891601562,10.553680419921875
reaction:3592,t-BuXPhos,4,,82.34381979999999,87.9676513671875,11.021441459655762
reaction:3593,t-BuXPhos,2,,7.182520972000001,22.9207706451416,11.18260669708252
reaction:3594,t-BuXPhos,1,,75.98553455,77.6241455078125,12.02771282196045
reaction:3595,t-BuXPhos,3,,82.40046293,81.55490112304688,11.618135452270508
reaction:3596,t-BuBrettPhos,3,,9.973367678,8.834665298461914,12.325980186462402
reaction:3597,t-BuBrettPhos,1,,12.38761085,10.46337890625,11.11319637298584
reaction:3598,t-BuBrettPhos,4,,12.79513925,12.604656219482422,11.333093643188477
reaction:3599,t-BuBrettPhos,1,,0.746156967,0.8035659790039062,11.468230247497559
reaction:3600,t-BuBrettPhos,4,,12.59161714,15.138641357421875,11.24610424041748
reaction:3601,t-BuBrettPhos,3,,14.72607829,17.59374237060547,11.499239921569824
reaction:3602,t-BuBrettPhos,4,,12.28165388,5.868030548095703,12.182659149169922
reaction:3603,t-BuBrettPhos,2,,24.42477517,23.28731918334961,10.678359031677246
reaction:3604,t-BuBrettPhos,2,,26.50151753,31.549419403076172,10.763656616210938
reaction:3605,t-BuBrettPhos,4,,24.72320112,27.231754302978516,11.704740524291992
reaction:3606,t-BuBrettPhos,0,,27.98543221,31.42613410949707,11.401272773742676
reaction:3607,t-BuBrettPhos,3,,32.32915323,36.80709457397461,11.557954788208008
reaction:3608,t-BuBrettPhos,0,,8.50474803,-1.4095039367675781,11.833751678466797
reaction:3609,t-BuBrettPhos,0,,15.43456925,19.398391723632812,11.361796379089355
reaction:3610,t-BuBrettPhos,3,,19.90695412,20.58949089050293,11.541685104370117
reaction:3611,t-BuBrettPhos,3,,2.74121661,5.982282638549805,12.395200729370117
reaction:3612,t-BuBrettPhos,3,,20.07939568,25.355466842651367,11.197924613952637
reaction:3613,t-BuBrettPhos,2,,33.6420654,34.484066009521484,10.812255859375
reaction:3614,t-BuBrettPhos,4,,0.328567973,0.8618965148925781,12.269853591918945
reaction:3615,t-BuBrettPhos,1,,12.21281347,21.97883415222168,11.170723915100098
reaction:3616,t-BuBrettPhos,3,,33.66516566,35.86770248413086,10.770782470703125
reaction:3617,t-BuBrettPhos,1,,1.993041801,3.5867881774902344,11.609563827514648
reaction:3618,t-BuBrettPhos,1,,24.96800216,36.588470458984375,10.480643272399902
reaction:3619,t-BuBrettPhos,1,,59.5664451,58.99140167236328,10.83335018157959
reaction:3620,t-BuBrettPhos,2,,32.57727167,31.34522819519043,10.217411041259766
reaction:3621,t-BuBrettPhos,3,,44.24461772,38.92485427856445,9.6749906539917
reaction:3622,t-BuBrettPhos,2,,61.37532466,56.776397705078125,10.57987117767334
reaction:3623,t-BuBrettPhos,2,,1.607816561,3.5828170776367188,11.190108299255371
reaction:3624,t-BuBrettPhos,0,,42.1300284,39.42353057861328,11.341919898986816
reaction:3625,t-BuBrettPhos,3,,55.13286563,58.779571533203125,11.054576873779297
reaction:3626,t-BuBrettPhos,3,,13.51164782,10.027017593383789,12.341960906982422
reaction:3627,t-BuBrettPhos,2,,36.28377215,30.9096736907959,10.693109512329102
reaction:3628,t-BuBrettPhos,0,,43.31119655,44.21641540527344,10.479629516601562
reaction:3629,t-BuBrettPhos,1,,0.568210949,0.71929931640625,11.653349876403809
reaction:3630,t-BuBrettPhos,3,,31.09780796,30.309803009033203,10.80408763885498
reaction:3631,t-BuBrettPhos,1,,44.42036094,46.784908294677734,10.816932678222656
reaction:3632,t-BuBrettPhos,2,,6.604799576,4.477426528930664,11.31701374053955
reaction:3633,t-BuBrettPhos,0,,53.30648897,47.849430084228516,9.49663257598877
reaction:3634,t-BuBrettPhos,2,,73.95398123,73.5325927734375,10.549808502197266
reaction:3635,t-BuBrettPhos,4,,64.98015189,52.28303527832031,9.342412948608398
reaction:3636,t-BuBrettPhos,4,,71.05445565,61.16270446777344,9.468720436096191
reaction:3637,t-BuBrettPhos,3,,83.94468409,85.03742218017578,10.001497268676758
reaction:3638,t-BuBrettPhos,3,,2.019729051,8.09023666381836,12.1461820602417
reaction:3639,t-BuBrettPhos,0,,55.99062735,51.82510757446289,11.309412002563477
reaction:3640,t-BuBrettPhos,3,,83.04189522,77.80686950683594,10.933696746826172
reaction:3641,t-BuBrettPhos,4,,17.35437544,15.18893814086914,13.207262992858887
reaction:3642,t-BuBrettPhos,2,,28.92940614,25.254806518554688,12.866942405700684
reaction:3643,t-BuBrettPhos,2,,34.70800352,29.259700775146484,12.636041641235352
reaction:3644,t-BuBrettPhos,3,,0.572188732,2.141613006591797,14.405817031860352
reaction:3645,t-BuBrettPhos,1,,38.02062933,28.317920684814453,11.990527153015137
reaction:3646,t-BuBrettPhos,3,,38.77000873,35.580230712890625,13.411833763122559
reaction:3647,t-BuBrettPhos,4,,13.95905877,6.870542526245117,13.536385536193848
reaction:3648,t-BuBrettPhos,0,,60.55316321,48.158226013183594,11.317174911499023
reaction:3649,t-BuBrettPhos,1,,63.14360639,49.37261962890625,11.113642692565918
reaction:3650,t-BuBrettPhos,0,,41.14460565,44.65088653564453,11.40068531036377
reaction:3651,t-BuBrettPhos,3,,47.20893463,61.64989471435547,13.038090705871582
reaction:3652,t-BuBrettPhos,4,,58.17261114,56.62506103515625,12.083476066589355
reaction:3653,t-BuBrettPhos,0,,13.53376242,15.296215057373047,14.64847469329834
reaction:3654,t-BuBrettPhos,4,,53.60304102,43.064109802246094,12.50901985168457
reaction:3655,t-BuBrettPhos,4,,58.45828833,48.66838073730469,12.536396980285645
reaction:3656,t-BuBrettPhos,4,,5.492602222,6.125324249267578,12.661016464233398
reaction:3657,t-BuBrettPhos,1,,30.47937114,27.776702880859375,12.08604621887207
reaction:3658,t-BuBrettPhos,4,,38.18576353,38.87568283081055,11.643961906433105
reaction:3659,t-BuBrettPhos,2,,0.0,0.4545860290527344,13.564815521240234
reaction:3660,t-BuBrettPhos,3,,21.09483753,21.125656127929688,11.972868919372559
reaction:3661,t-BuBrettPhos,4,,57.7087314,45.84221649169922,11.486580848693848
reaction:3662,t-BuBrettPhos,3,,6.312401384,5.06439208984375,14.252047538757324
reaction:3663,t-BuBrettPhos,2,,40.61436819,39.749107360839844,9.906877517700195
reaction:3664,t-BuBrettPhos,0,,62.94407370000001,64.70050048828125,11.5062837600708
reaction:3665,t-BuBrettPhos,0,,29.74076309,33.92544937133789,10.70258903503418
reaction:3666,t-BuBrettPhos,2,,38.06656269,43.05614471435547,9.868122100830078
reaction:3667,t-BuBrettPhos,4,,64.15465798,62.650779724121094,10.735174179077148
reaction:3668,t-BuBrettPhos,1,,4.069080612,3.5105819702148438,13.862679481506348
reaction:3669,t-BuBrettPhos,4,,49.17268474,40.92356491088867,12.28408432006836
reaction:3670,t-BuBrettPhos,1,,57.52960259,62.88180923461914,11.691752433776855
reaction:3671,t-BuBrettPhos,0,,12.78962475,8.789255142211914,13.281192779541016
reaction:3672,t-BuBrettPhos,4,,31.88542104,33.717037200927734,11.856181144714355
reaction:3673,t-BuBrettPhos,0,,41.17290032,44.05576705932617,12.648798942565918
reaction:3674,t-BuBrettPhos,0,,0.0,0.35687255859375,14.745101928710938
reaction:3675,t-BuBrettPhos,4,,36.44526769,24.345949172973633,11.349600791931152
reaction:3676,t-BuBrettPhos,2,,47.11829387,52.784210205078125,11.209063529968262
reaction:3677,t-BuBrettPhos,1,,6.880494812999999,4.430131912231445,13.608451843261719
reaction:3678,t-BuBrettPhos,1,,62.86856054,48.350215911865234,10.040558815002441
reaction:3679,t-BuBrettPhos,3,,72.345187,66.95378875732422,11.483154296875
reaction:3680,t-BuBrettPhos,4,,72.24358198,49.17742156982422,10.159725189208984
reaction:3681,t-BuBrettPhos,0,,73.49750543,57.398502349853516,10.631962776184082
reaction:3682,t-BuBrettPhos,1,,86.32465757,84.81700897216797,10.89207935333252
reaction:3683,t-BuBrettPhos,0,,2.394294255,5.367509841918945,14.527495384216309
reaction:3684,t-BuBrettPhos,1,,47.68791361,47.30760955810547,11.962908744812012
reaction:3685,t-BuBrettPhos,4,,81.55614964,74.18167877197266,11.937150001525879
reaction:3686,t-BuBrettPhos,3,,11.04036087,11.3653564453125,11.359219551086426
reaction:3687,t-BuBrettPhos,1,,24.23482722,25.487733840942383,11.335665702819824
reaction:3688,t-BuBrettPhos,1,,31.2993075,33.75529479980469,11.312272071838379
reaction:3689,t-BuBrettPhos,4,,0.337596865,0.6303253173828125,11.93612289428711
reaction:3690,t-BuBrettPhos,3,,46.64890669,49.51615905761719,10.639775276184082
reaction:3691,t-BuBrettPhos,1,,45.17206702,49.627689361572266,11.326529502868652
reaction:3692,t-BuBrettPhos,0,,9.993569506,6.334461212158203,11.544865608215332
reaction:3693,t-BuBrettPhos,4,,68.91825786,68.4693603515625,11.16014289855957
reaction:3694,t-BuBrettPhos,1,,69.27632316,70.1124267578125,11.502876281738281
reaction:3695,t-BuBrettPhos,2,,78.77070783,69.651611328125,11.213510513305664
reaction:3696,t-BuBrettPhos,0,,76.11415284,73.09711456298828,11.148131370544434
reaction:3697,t-BuBrettPhos,2,,81.78695125,78.76224517822266,11.231934547424316
reaction:3698,t-BuBrettPhos,2,,3.724806832,13.603429794311523,11.826539039611816
reaction:3699,t-BuBrettPhos,0,,17.80357266,34.70627212524414,10.598584175109863
reaction:3700,t-BuBrettPhos,1,,61.99734129,65.46756744384766,11.276115417480469
reaction:3701,t-BuBrettPhos,0,,27.20831726,18.303428649902344,11.390228271484375
reaction:3702,t-BuBrettPhos,0,,38.14083048,37.59022521972656,10.584850311279297
reaction:3703,t-BuBrettPhos,4,,36.4250561,40.94791030883789,11.007926940917969
reaction:3704,t-BuBrettPhos,1,,1.088494579,1.1460285186767578,11.838808059692383
reaction:3705,t-BuBrettPhos,1,,37.85579692,39.936500549316406,11.27964973449707
reaction:3706,t-BuBrettPhos,0,,41.07404232,43.18610382080078,10.488579750061035
reaction:3707,t-BuBrettPhos,4,,8.955312407000001,5.520549774169922,11.786177635192871
reaction:3708,t-BuBrettPhos,4,,59.10146589,60.18646240234375,9.742976188659668
reaction:3709,t-BuBrettPhos,1,,65.48133698,68.86357116699219,10.945666313171387
reaction:3710,t-BuBrettPhos,1,,62.79572595,56.18938446044922,10.841300964355469
reaction:3711,t-BuBrettPhos,3,,65.86005497,59.75755310058594,9.084329605102539
reaction:3712,t-BuBrettPhos,4,,64.68104609,65.41317749023438,10.21800422668457
reaction:3713,t-BuBrettPhos,2,,25.61137798,19.322296142578125,11.605975151062012
reaction:3714,t-BuBrettPhos,0,,56.47869884,62.88897705078125,10.32373046875
reaction:3715,t-BuBrettPhos,1,,60.5253289,66.58133697509766,11.46533203125
reaction:3716,t-BuBrettPhos,3,,28.57251929,20.342811584472656,11.247754096984863
reaction:3717,t-BuBrettPhos,0,,38.20471013,39.988983154296875,10.68264102935791
reaction:3718,t-BuBrettPhos,4,,41.63261266,47.40663146972656,11.273124694824219
reaction:3719,t-BuBrettPhos,0,,1.226874544,0.9873085021972656,11.515021324157715
reaction:3720,t-BuBrettPhos,3,,47.15627467,46.8349723815918,9.911526679992676
reaction:3721,t-BuBrettPhos,2,,49.15467449,49.51692581176758,10.13988208770752
reaction:3722,t-BuBrettPhos,1,,9.293896224,5.425615310668945,11.787117958068848
reaction:3723,t-BuBrettPhos,0,,74.97052076,71.0708236694336,9.469386100769043
reaction:3724,t-BuBrettPhos,0,,75.97219172,79.49565124511719,10.06772518157959
reaction:3725,t-BuBrettPhos,0,,85.53405964,81.51132202148438,9.695337295532227
reaction:3726,t-BuBrettPhos,4,,80.79670421,87.04733276367188,10.157353401184082
reaction:3727,t-BuBrettPhos,1,,85.64532689,92.14094543457031,10.590357780456543
reaction:3728,t-BuBrettPhos,0,,21.70039266,17.887943267822266,11.295289993286133
reaction:3729,t-BuBrettPhos,1,,76.95155975,71.53253173828125,11.108670234680176
reaction:3730,t-BuBrettPhos,2,,80.79774090000001,82.10614776611328,10.814559936523438
reaction:3731,t-BuBrettPhos,3,,2.008708666,3.924793243408203,10.319632530212402
reaction:3732,t-BuBrettPhos,1,,25.56755062,25.739110946655273,10.268671035766602
reaction:3733,t-BuBrettPhos,4,,32.35958784,35.20179748535156,10.521305084228516
reaction:3734,t-BuBrettPhos,4,,0.0,0.12428665161132812,10.77874755859375
reaction:3735,t-BuBrettPhos,1,,41.6263458,34.5510368347168,10.190682411193848
reaction:3736,t-BuBrettPhos,3,,41.53702825,44.261436462402344,10.314212799072266
reaction:3737,t-BuBrettPhos,4,,5.761815995,2.2865982055664062,10.679478645324707
reaction:3738,t-BuBrettPhos,3,,63.22828466,59.796077728271484,10.443321228027344
reaction:3739,t-BuBrettPhos,1,,66.89026205,62.080223083496094,10.5799560546875
reaction:3740,t-BuBrettPhos,0,,72.60987428,63.73195266723633,11.054059982299805
reaction:3741,t-BuBrettPhos,4,,78.22401013,69.85014343261719,11.133886337280273
reaction:3742,t-BuBrettPhos,2,,70.14060434,75.65495300292969,10.397713661193848
reaction:3743,t-BuBrettPhos,3,,0.810171959,0.49753570556640625,10.280302047729492
reaction:3744,t-BuBrettPhos,2,,48.96975625,46.083892822265625,10.038074493408203
reaction:3745,t-BuBrettPhos,1,,50.40479784,50.92763137817383,10.22443675994873
reaction:3746,t-BuBrettPhos,0,,6.090802245,5.626880645751953,10.37160873413086
reaction:3747,t-BuBrettPhos,1,,38.90083473,31.821269989013672,10.225253105163574
reaction:3748,t-BuBrettPhos,3,,37.47062049,37.044044494628906,9.987159729003906
reaction:3749,t-BuBrettPhos,4,,0.0,0.6724967956542969,11.207683563232422
reaction:3750,t-BuBrettPhos,0,,35.15329281,28.523529052734375,10.575492858886719
reaction:3751,t-BuBrettPhos,0,,41.08459601,39.960147857666016,10.492164611816406
reaction:3752,t-BuBrettPhos,1,,4.12761042,3.1459217071533203,10.854488372802734
reaction:3753,t-BuBrettPhos,4,,56.83415199,45.80912780761719,9.789000511169434
reaction:3754,t-BuBrettPhos,2,,65.44832937,67.18695068359375,9.075047492980957
reaction:3755,t-BuBrettPhos,1,,58.01064055,43.19343185424805,9.86327075958252
reaction:3756,t-BuBrettPhos,2,,63.16520406,53.72130584716797,8.6411714553833
reaction:3757,t-BuBrettPhos,3,,66.65248144,63.64421081542969,10.00304889678955
reaction:3758,t-BuBrettPhos,3,,2.68455705,4.456483840942383,10.476712226867676
reaction:3759,t-BuBrettPhos,1,,58.35068095,53.730735778808594,10.605950355529785
reaction:3760,t-BuBrettPhos,0,,61.04278074,63.48164749145508,10.320502281188965
reaction:3761,t-BuBrettPhos,1,,6.03417912,6.313386917114258,10.746726036071777
reaction:3762,t-BuBrettPhos,1,,38.15565558,31.861217498779297,10.264616012573242
reaction:3763,t-BuBrettPhos,4,,45.15638688,40.696861267089844,10.677177429199219
reaction:3764,t-BuBrettPhos,4,,0.0,0.03411102294921875,10.620383262634277
reaction:3765,t-BuBrettPhos,3,,36.98776703,37.412384033203125,10.187591552734375
reaction:3766,t-BuBrettPhos,3,,44.33872807,46.68649673461914,10.188008308410645
reaction:3767,t-BuBrettPhos,4,,4.225486824,2.942686080932617,10.86942195892334
reaction:3768,t-BuBrettPhos,2,,59.21946541,54.26589584350586,8.544511795043945
reaction:3769,t-BuBrettPhos,1,,74.59845802,71.56915283203125,10.042584419250488
reaction:3770,t-BuBrettPhos,3,,78.02488381,72.95437622070312,10.010395050048828
reaction:3771,t-BuBrettPhos,3,,80.73687357,81.35160827636719,9.852523803710938
reaction:3772,t-BuBrettPhos,0,,88.24637541,87.99220275878906,10.247859954833984
reaction:3773,t-BuBrettPhos,1,,1.957264533,3.023904800415039,10.739702224731445
reaction:3774,t-BuBrettPhos,1,,65.74098646,63.28998565673828,10.501347541809082
reaction:3775,t-BuBrettPhos,1,,83.83843021,78.93255615234375,10.269815444946289
reaction:3776,AdBrettPhos,4,,10.47269891,6.020750045776367,11.92343807220459
reaction:3777,AdBrettPhos,2,,12.16304801,7.080259323120117,10.75266170501709
reaction:3778,AdBrettPhos,2,,10.78771766,11.360050201416016,10.892806053161621
reaction:3779,AdBrettPhos,2,,1.152131483,0.3739662170410156,11.259281158447266
reaction:3780,AdBrettPhos,0,,14.89842021,10.55244255065918,10.893732070922852
reaction:3781,AdBrettPhos,4,,16.26779165,16.49957847595215,11.33253288269043
reaction:3782,AdBrettPhos,3,,4.656693452,7.564489364624023,12.41953182220459
reaction:3783,AdBrettPhos,0,,21.20587604,18.979930877685547,10.936134338378906
reaction:3784,AdBrettPhos,0,,27.685942800000003,27.029260635375977,10.88481616973877
reaction:3785,AdBrettPhos,3,,21.50066765,24.155296325683594,11.372912406921387
reaction:3786,AdBrettPhos,1,,25.90827653,28.231204986572266,10.72714614868164
reaction:3787,AdBrettPhos,4,,28.29509241,34.447044372558594,11.347044944763184
reaction:3788,AdBrettPhos,0,,14.747497199999998,-2.756420135498047,11.886302947998047
reaction:3789,AdBrettPhos,4,,17.65611496,11.179399490356445,11.530508995056152
reaction:3790,AdBrettPhos,1,,19.96336659,20.35149574279785,11.041255950927734
reaction:3791,AdBrettPhos,2,,2.505489323,3.3493099212646484,11.391057968139648
reaction:3792,AdBrettPhos,4,,15.19101144,21.71703338623047,10.843344688415527
reaction:3793,AdBrettPhos,1,,34.181383399999994,30.774002075195312,11.282734870910645
reaction:3794,AdBrettPhos,3,,0.4677335079999999,0.3340950012207031,12.700533866882324
reaction:3795,AdBrettPhos,1,,14.98944103,16.68572425842285,11.227828025817871
reaction:3796,AdBrettPhos,3,,40.85999304,31.409372329711914,10.836739540100098
reaction:3797,AdBrettPhos,3,,0.648980669,0.3136863708496094,12.385430335998535
reaction:3798,AdBrettPhos,3,,24.05265274,23.829853057861328,9.511460304260254
reaction:3799,AdBrettPhos,1,,60.8676331,52.611976623535156,10.8755521774292
reaction:3800,AdBrettPhos,3,,20.28381752,21.79733657836914,9.801145553588867
reaction:3801,AdBrettPhos,0,,30.24326754,30.737445831298828,9.66123104095459
reaction:3802,AdBrettPhos,1,,53.5695113,49.33776092529297,10.691861152648926
reaction:3803,AdBrettPhos,0,,1.726024029,-1.7429046630859375,11.310728073120117
reaction:3804,AdBrettPhos,1,,36.92601799,30.657482147216797,11.285552978515625
reaction:3805,AdBrettPhos,1,,56.57387493,50.9496955871582,11.186779975891113
reaction:3806,AdBrettPhos,4,,7.949590253999999,8.599624633789062,11.469137191772461
reaction:3807,AdBrettPhos,0,,30.30978378,28.075408935546875,11.009977340698242
reaction:3808,AdBrettPhos,2,,47.10591975,39.3803596496582,10.782570838928223
reaction:3809,AdBrettPhos,3,,0.256451547,0.7916412353515625,12.657405853271484
reaction:3810,AdBrettPhos,3,,26.95590806,26.271202087402344,10.863446235656738
reaction:3811,AdBrettPhos,2,,49.01475041,41.06880569458008,10.711281776428223
reaction:3812,AdBrettPhos,0,,0.727174946,3.238889694213867,11.739326477050781
reaction:3813,AdBrettPhos,1,,34.67021781,46.97367477416992,10.640778541564941
reaction:3814,AdBrettPhos,4,,73.39202626,64.86555480957031,10.038037300109863
reaction:3815,AdBrettPhos,0,,29.55686861,52.6049919128418,9.749955177307129
reaction:3816,AdBrettPhos,1,,41.06227561,62.54436492919922,10.645874977111816
reaction:3817,AdBrettPhos,4,,86.42573792,74.17086029052734,10.142595291137695
reaction:3818,AdBrettPhos,4,,0.0,1.956308364868164,12.032327651977539
reaction:3819,AdBrettPhos,2,,27.34305282,54.1226806640625,10.708687782287598
reaction:3820,AdBrettPhos,4,,76.73986616,73.6200180053711,10.984946250915527
reaction:3821,AdBrettPhos,1,,15.5615648,13.58502197265625,13.66270637512207
reaction:3822,AdBrettPhos,3,,24.35604753,25.478919982910156,13.822395324707031
reaction:3823,AdBrettPhos,3,,28.85136629,30.19046974182129,13.562971115112305
reaction:3824,AdBrettPhos,2,,0.979807222,1.4676704406738281,13.692014694213867
reaction:3825,AdBrettPhos,1,,29.01476311,26.30622673034668,12.07371997833252
reaction:3826,AdBrettPhos,2,,33.20741805,36.961708068847656,12.456786155700684
reaction:3827,AdBrettPhos,1,,4.08442672,11.358518600463867,13.89053726196289
reaction:3828,AdBrettPhos,1,,46.70548466,47.4127311706543,10.890710830688477
reaction:3829,AdBrettPhos,2,,49.28704587,55.806724548339844,12.332900047302246
reaction:3830,AdBrettPhos,1,,31.37415917,43.51790237426758,10.776061058044434
reaction:3831,AdBrettPhos,3,,37.12306374,56.18083190917969,13.073376655578613
reaction:3832,AdBrettPhos,2,,42.69698784,56.16938400268555,12.516085624694824
reaction:3833,AdBrettPhos,4,,16.74814495,10.87053108215332,13.408892631530762
reaction:3834,AdBrettPhos,1,,52.20286143,40.724578857421875,12.375414848327637
reaction:3835,AdBrettPhos,1,,56.41870071,48.453880310058594,12.052133560180664
reaction:3836,AdBrettPhos,2,,3.434831672,3.4381542205810547,13.269638061523438
reaction:3837,AdBrettPhos,4,,26.32369704,26.503337860107422,11.886601448059082
reaction:3838,AdBrettPhos,3,,36.14852387,34.42194747924805,12.401269912719727
reaction:3839,AdBrettPhos,4,,0.0,0.23826980590820312,13.642257690429688
reaction:3840,AdBrettPhos,3,,16.7341519,16.91607666015625,12.04697036743164
reaction:3841,AdBrettPhos,1,,49.985461,48.01643371582031,11.698511123657227
reaction:3842,AdBrettPhos,3,,0.995077613,2.7465038299560547,14.276658058166504
reaction:3843,AdBrettPhos,4,,30.16614104,32.188777923583984,10.035123825073242
reaction:3844,AdBrettPhos,0,,59.31991617,58.57592010498047,11.566370010375977
reaction:3845,AdBrettPhos,1,,20.49711258,24.86461639404297,10.2521390914917
reaction:3846,AdBrettPhos,0,,31.02334366,32.121482849121094,10.657125473022461
reaction:3847,AdBrettPhos,2,,56.03747384,56.01707458496094,10.745004653930664
reaction:3848,AdBrettPhos,4,,2.039001868,0.18860244750976562,13.364072799682617
reaction:3849,AdBrettPhos,4,,47.55321922,34.66242599487305,12.353096961975098
reaction:3850,AdBrettPhos,3,,59.16216512,54.582115173339844,12.39694595336914
reaction:3851,AdBrettPhos,1,,5.071740985,8.567689895629883,13.682454109191895
reaction:3852,AdBrettPhos,2,,31.60555467,28.911712646484375,12.116913795471191
reaction:3853,AdBrettPhos,3,,41.60266431,38.17937469482422,12.413835525512695
reaction:3854,AdBrettPhos,2,,0.0,0.371337890625,13.701047897338867
reaction:3855,AdBrettPhos,0,,20.44948228,27.029666900634766,12.171832084655762
reaction:3856,AdBrettPhos,4,,46.3015164,46.94972229003906,11.516837120056152
reaction:3857,AdBrettPhos,0,,1.005881291,4.319488525390625,14.647120475769043
reaction:3858,AdBrettPhos,1,,34.47263315,41.865699768066406,10.14234447479248
reaction:3859,AdBrettPhos,3,,72.29221067,60.976898193359375,11.55107593536377
reaction:3860,AdBrettPhos,2,,31.19527434,53.86685562133789,10.093850135803223
reaction:3861,AdBrettPhos,4,,39.71442231,59.546913146972656,10.254389762878418
reaction:3862,AdBrettPhos,0,,83.49602396,75.26423645019531,11.413300514221191
reaction:3863,AdBrettPhos,2,,0.0,1.8678722381591797,13.45197868347168
reaction:3864,AdBrettPhos,4,,27.15696835,47.384727478027344,12.17330551147461
reaction:3865,AdBrettPhos,0,,67.35182955,71.57907104492188,12.547229766845703
reaction:3866,AdBrettPhos,4,,6.112603375,11.806650161743164,11.681471824645996
reaction:3867,AdBrettPhos,4,,19.11941212,24.190532684326172,10.798971176147461
reaction:3868,AdBrettPhos,2,,29.76126623,33.738059997558594,11.22758960723877
reaction:3869,AdBrettPhos,3,,0.0,1.0700874328613281,11.50600814819336
reaction:3870,AdBrettPhos,2,,49.20462645,45.24922180175781,11.155410766601562
reaction:3871,AdBrettPhos,3,,49.50904012,47.08390426635742,10.976573944091797
reaction:3872,AdBrettPhos,3,,1.743650282,7.55262565612793,11.357502937316895
reaction:3873,AdBrettPhos,1,,67.14890203,67.514404296875,11.814525604248047
reaction:3874,AdBrettPhos,1,,68.20094264,68.81198120117188,11.529508590698242
reaction:3875,AdBrettPhos,4,,74.20453315,66.90330505371094,11.307934761047363
reaction:3876,AdBrettPhos,3,,74.49984474,67.22738647460938,10.898040771484375
reaction:3877,AdBrettPhos,3,,83.44233536,70.19645690917969,11.304874420166016
reaction:3878,AdBrettPhos,4,,2.899493403,7.48356819152832,11.692625999450684
reaction:3879,AdBrettPhos,3,,16.85617983,27.303451538085938,10.801036834716797
reaction:3880,AdBrettPhos,2,,65.67896113,57.80570602416992,11.401890754699707
reaction:3881,AdBrettPhos,0,,17.43734901,15.442071914672852,11.37104606628418
reaction:3882,AdBrettPhos,1,,35.28597628,33.24031066894531,11.02385425567627
reaction:3883,AdBrettPhos,2,,36.96535355,35.383201599121094,10.572558403015137
reaction:3884,AdBrettPhos,0,,0.926720681,1.0082778930664062,11.397211074829102
reaction:3885,AdBrettPhos,4,,38.563334600000005,33.20793151855469,10.685124397277832
reaction:3886,AdBrettPhos,3,,39.70763397,39.751800537109375,9.957808494567871
reaction:3887,AdBrettPhos,1,,1.666950752,4.753866195678711,11.900527954101562
reaction:3888,AdBrettPhos,1,,57.55922845,52.092037200927734,10.65739917755127
reaction:3889,AdBrettPhos,4,,61.437310200000006,63.21913528442383,10.504830360412598
reaction:3890,AdBrettPhos,1,,44.04139335,47.22797775268555,10.867944717407227
reaction:3891,AdBrettPhos,4,,53.66497703,54.110252380371094,10.052626609802246
reaction:3892,AdBrettPhos,3,,58.26903703,58.78981018066406,9.590102195739746
reaction:3893,AdBrettPhos,1,,15.287626800000002,16.792831420898438,11.645442008972168
reaction:3894,AdBrettPhos,4,,59.26239712,49.958099365234375,11.359280586242676
reaction:3895,AdBrettPhos,2,,62.55956501,60.087547302246094,10.729995727539062
reaction:3896,AdBrettPhos,2,,15.21649465,22.753692626953125,11.70421028137207
reaction:3897,AdBrettPhos,4,,37.4061745,37.379730224609375,10.850055694580078
reaction:3898,AdBrettPhos,4,,43.02832469,45.73739242553711,11.292410850524902
reaction:3899,AdBrettPhos,1,,1.126878627,1.2270965576171875,12.02035903930664
reaction:3900,AdBrettPhos,0,,43.83894822,42.256046295166016,10.65941333770752
reaction:3901,AdBrettPhos,1,,48.45171074,47.45518112182617,10.906954765319824
reaction:3902,AdBrettPhos,4,,1.342248202,5.483798980712891,11.795772552490234
reaction:3903,AdBrettPhos,2,,69.84952946,65.5000228881836,9.1912202835083
reaction:3904,AdBrettPhos,4,,74.90352783,75.61335754394531,10.506309509277344
reaction:3905,AdBrettPhos,2,,78.41262052,73.649169921875,9.4486083984375
reaction:3906,AdBrettPhos,0,,80.77035612,77.03490447998047,9.678576469421387
reaction:3907,AdBrettPhos,3,,84.70172213,86.12821960449219,9.463016510009766
reaction:3908,AdBrettPhos,2,,9.540861126,16.43844223022461,11.753175735473633
reaction:3909,AdBrettPhos,0,,61.6695561,70.05485534667969,10.623392105102539
reaction:3910,AdBrettPhos,1,,74.59231799,81.7666015625,11.279138565063477
reaction:3911,AdBrettPhos,2,,1.159391266,1.093423843383789,10.569032669067383
reaction:3912,AdBrettPhos,2,,19.7798759,22.530750274658203,10.355914115905762
reaction:3913,AdBrettPhos,4,,27.25583167,32.808990478515625,10.578139305114746
reaction:3914,AdBrettPhos,0,,0.0,-0.026569366455078125,10.273027420043945
reaction:3915,AdBrettPhos,2,,27.61595801,35.35828399658203,9.989563941955566
reaction:3916,AdBrettPhos,1,,44.94211074,37.996665954589844,10.505963325500488
reaction:3917,AdBrettPhos,2,,0.0,2.0362071990966797,10.636160850524902
reaction:3918,AdBrettPhos,3,,49.88008869,55.19453048706055,10.466700553894043
reaction:3919,AdBrettPhos,1,,61.83593039,58.798606872558594,10.621833801269531
reaction:3920,AdBrettPhos,3,,54.69797468,62.489402770996094,10.748802185058594
reaction:3921,AdBrettPhos,4,,66.42814295,63.64994812011719,11.147730827331543
reaction:3922,AdBrettPhos,2,,66.04767415,69.80642700195312,10.44081974029541
reaction:3923,AdBrettPhos,0,,0.899554125,-1.4058952331542969,10.733016967773438
reaction:3924,AdBrettPhos,1,,41.91155944,39.31114196777344,10.442846298217773
reaction:3925,AdBrettPhos,3,,45.77046106,48.198577880859375,10.0610933303833
reaction:3926,AdBrettPhos,3,,2.749074467,2.497629165649414,10.548858642578125
reaction:3927,AdBrettPhos,2,,28.74221631,29.96759605407715,9.997003555297852
reaction:3928,AdBrettPhos,3,,33.74215602,33.10847854614258,10.034273147583008
reaction:3929,AdBrettPhos,3,,0.0,-0.002040863037109375,10.726226806640625
reaction:3930,AdBrettPhos,1,,20.54633014,24.32425880432129,10.427931785583496
reaction:3931,AdBrettPhos,2,,34.2854552,37.137691497802734,9.399526596069336
reaction:3932,AdBrettPhos,0,,0.52608193,0.5390472412109375,10.601279258728027
reaction:3933,AdBrettPhos,0,,35.20097749,39.3272819519043,10.169937133789062
reaction:3934,AdBrettPhos,4,,57.87416713,60.21746826171875,10.17050552368164
reaction:3935,AdBrettPhos,4,,28.17135486,37.05956268310547,9.933191299438477
reaction:3936,AdBrettPhos,1,,42.18931962,45.51412582397461,9.983180046081543
reaction:3937,AdBrettPhos,3,,54.86277738,55.174678802490234,10.052839279174805
reaction:3938,AdBrettPhos,4,,1.7201850419999998,-1.1750526428222656,10.753812789916992
reaction:3939,AdBrettPhos,0,,52.96278289,45.23583984375,10.425172805786133
reaction:3940,AdBrettPhos,2,,55.26466335,58.330711364746094,9.81035327911377
reaction:3941,AdBrettPhos,4,,2.565604497,2.83306884765625,10.162591934204102
reaction:3942,AdBrettPhos,0,,25.67305216,31.6893367767334,10.54073429107666
reaction:3943,AdBrettPhos,4,,40.24019595,37.85529327392578,10.703513145446777
reaction:3944,AdBrettPhos,0,,0.0,-0.6270256042480469,10.58337688446045
reaction:3945,AdBrettPhos,3,,20.84643886,33.6998405456543,10.223922729492188
reaction:3946,AdBrettPhos,1,,46.31398784,39.171573638916016,10.339249610900879
reaction:3947,AdBrettPhos,4,,0.553317014,0.4555702209472656,10.87820816040039
reaction:3948,AdBrettPhos,3,,32.70750682,55.503143310546875,10.002335548400879
reaction:3949,AdBrettPhos,3,,69.61841713,71.71034240722656,10.173983573913574
reaction:3950,AdBrettPhos,3,,38.40380593,63.93511962890625,10.06242847442627
reaction:3951,AdBrettPhos,3,,57.42667045,73.71725463867188,9.895477294921875
reaction:3952,AdBrettPhos,0,,86.23315653,80.0102310180664,10.286832809448242
reaction:3953,AdBrettPhos,1,,1.44008073,-0.36740875244140625,10.762018203735352
reaction:3954,AdBrettPhos,3,,43.53836522,63.699607849121094,10.270779609680176
reaction:3955,AdBrettPhos,1,,69.79590237,74.37356567382812,10.284478187561035
